g combined_scrappile_02-mesh
v -6.3657074 4.8331456 2.635356
v -6.27491 4.838735 2.6771505
v -6.2749104 5.026476 2.6520429
v -6.3657074 5.0208864 2.6102483
v -6.4201856 4.8457785 2.729815
v -6.378019 4.8337426 2.6398191
v -6.377178 5.0215354 2.6150982
v -6.419345 5.033571 2.7050943
v -6.4152923 5.0350394 2.7160769
v -6.4152923 5.0350394 2.7160769
v -6.4152923 4.8472986 2.7411847
v -6.4201856 4.8457785 2.729815
v -6.3244953 4.852888 2.7829792
v -6.4152923 4.8472986 2.7411847
v -6.4152923 5.0350394 2.7160769
v -6.3244953 5.040629 2.7578714
v -6.3340054 5.089467 2.6654246
v -6.345325 5.088906 2.661227
v -6.3444843 5.053373 2.666373
v -6.3340054 5.053882 2.6701837
v -6.355174 5.089383 2.6647975
v -6.355174 5.053798 2.6695566
v -6.3444843 5.053373 2.666373
v -6.345325 5.088906 2.661227
v -6.36025 5.090832 2.6756303
v -6.36025 5.0552473 2.6803894
v -6.355174 5.053798 2.6695566
v -6.355174 5.089383 2.6647975
v -6.3561974 5.092301 2.686613
v -6.3561974 5.056716 2.691372
v -6.346109 5.0929217 2.6912568
v -6.345268 5.057389 2.6964028
v -6.3561974 5.056716 2.691372
v -6.3561974 5.092301 2.686613
v -6.335028 5.092385 2.6872401
v -6.335028 5.0568 2.691999
v -6.345268 5.057389 2.6964028
v -6.346109 5.0929217 2.6912568
v -6.3299527 5.0909357 2.676407
v -6.3299527 5.0553513 2.6811662
v -6.335028 5.0568 2.691999
v -6.335028 5.092385 2.6872401
v -6.3340054 5.089467 2.6654246
v -6.3340054 5.053882 2.6701837
v -6.3299527 5.0553513 2.6811662
v -6.3299527 5.0909357 2.676407
v -6.345325 5.088906 2.661227
v -6.3340054 5.089467 2.6654246
v -6.3299527 5.0909357 2.676407
v -6.355174 5.089383 2.6647975
v -6.335028 5.092385 2.6872401
v -6.36025 5.090832 2.6756303
v -6.3561974 5.092301 2.686613
v -6.346109 5.0929217 2.6912568
v -6.312574 5.0401435 2.7542417
v -6.2712483 5.028056 2.6638587
v -6.2712483 4.8403153 2.6889665
v -6.3134146 4.852351 2.7789624
v -6.2749104 5.026476 2.6520429
v -6.27491 4.838735 2.6771505
v -6.377178 5.0215354 2.6150982
v -6.378019 4.8337426 2.6398191
v -6.3657074 4.8331456 2.635356
v -6.3657074 5.0208864 2.6102483
v -6.312574 5.0401435 2.7542417
v -6.3134146 4.852351 2.7789624
v -6.3244953 4.852888 2.7829792
v -6.3244953 5.040629 2.7578714
v -6.345268 5.057389 2.6964028
v -6.3244953 5.040629 2.7578714
v -6.4152923 5.0350394 2.7160769
v -6.3561974 5.056716 2.691372
v -6.312574 5.0401435 2.7542417
v -6.335028 5.0568 2.691999
v -6.2712483 5.028056 2.6638587
v -6.3299527 5.0553513 2.6811662
v -6.2749104 5.026476 2.6520429
v -6.3340054 5.053882 2.6701837
v -6.3340054 5.053882 2.6701837
v -6.3657074 5.0208864 2.6102483
v -6.2749104 5.026476 2.6520429
v -6.3444843 5.053373 2.666373
v -6.377178 5.0215354 2.6150982
v -6.355174 5.053798 2.6695566
v -6.419345 5.033571 2.7050943
v -6.36025 5.0552473 2.6803894
v -6.4152923 5.0350394 2.7160769
v -6.3561974 5.056716 2.691372
v -6.294597 5.002442 2.547044
v -6.290542 4.947354 2.53672
v -6.310608 4.9261365 2.6208954
v -6.3146033 4.985181 2.6327808
v -6.33117 5.0131307 2.5429149
v -6.294597 5.002442 2.547044
v -6.3146033 4.985181 2.6327808
v -6.3454103 4.990774 2.6279097
v -6.363687 4.971185 2.5281332
v -6.33117 5.0131307 2.5429149
v -6.3454103 4.990774 2.6279097
v -6.3762465 4.951387 2.6135738
v -6.3684945 4.808886 2.5847065
v -6.3519115 4.8121676 2.4971735
v -6.363687 4.971185 2.5281332
v -6.3762465 4.951387 2.6135738
v -6.20563 5.016388 2.5672722
v -6.2240143 4.9940476 2.652386
v -6.25371 4.9867616 2.6446023
v -6.2407603 5.003995 2.5586565
v -6.20563 5.016388 2.5672722
v -6.2407603 5.003995 2.5586565
v -6.237155 4.9487433 2.547112
v -6.1680655 4.9763184 2.5665152
v -6.1592026 4.817257 2.535228
v -6.3519115 4.8121676 2.4971735
v -6.290542 4.947354 2.53672
v -6.363687 4.971185 2.5281332
v -6.294597 5.002442 2.547044
v -6.33117 5.0131307 2.5429149
v -6.1680655 4.9763184 2.5665152
v -6.1872907 4.9563804 2.6509137
v -6.2240143 4.9940476 2.652386
v -6.20563 5.016388 2.5672722
v -6.2497144 4.9277177 2.632717
v -6.310608 4.9261365 2.6208954
v -6.290542 4.947354 2.53672
v -6.237155 4.9487433 2.547112
v -6.2407603 5.003995 2.5586565
v -6.25371 4.9867616 2.6446023
v -6.2497144 4.9277177 2.632717
v -6.237155 4.9487433 2.547112
v -6.1592026 4.817257 2.535228
v -6.1766267 4.8139234 2.622374
v -6.1872907 4.9563804 2.6509137
v -6.1680655 4.9763184 2.5665152
v -6.2240143 4.9940476 2.652386
v -6.1872907 4.9563804 2.6509137
v -6.2497144 4.9277177 2.632717
v -6.25371 4.9867616 2.6446023
v -6.1766267 4.8139234 2.622374
v -6.310608 4.9261365 2.6208954
v -6.3684945 4.808886 2.5847065
v -6.3762465 4.951387 2.6135738
v -6.3146033 4.985181 2.6327808
v -6.3454103 4.990774 2.6279097
v -5.957562 5.119164 2.700691
v -5.953207 5.0924444 2.6970246
v -5.978041 5.087211 2.7139294
v -5.9823956 5.1139307 2.7175958
v -5.983715 5.081005 2.7048829
v -5.9588814 5.0862384 2.687978
v -5.978366 5.0873733 2.6591053
v -6.0032 5.08214 2.6760101
v -5.985602 5.0938835 2.651751
v -6.0104356 5.08865 2.6686559
v -5.978041 5.087211 2.7139294
v -5.953207 5.0924444 2.6970246
v -5.9879503 5.1205444 2.7110155
v -6.009957 5.122751 2.6808178
v -5.9847326 5.127873 2.6630797
v -5.963116 5.127005 2.6939466
v -5.9847326 5.127873 2.6630797
v -6.009957 5.122751 2.6808178
v -6.0139494 5.115422 2.6727095
v -5.988725 5.1217704 2.654807
v -5.985602 5.0938835 2.651751
v -5.988725 5.1217704 2.654807
v -6.0139494 5.115422 2.6727095
v -6.0104356 5.08865 2.6686559
v -6.0104356 5.08865 2.6686559
v -5.978041 5.087211 2.7139294
v -5.983715 5.081005 2.7048829
v -6.0032 5.08214 2.6760101
v -5.9823956 5.1139307 2.7175958
v -6.0139494 5.115422 2.6727095
v -6.009957 5.122751 2.6808178
v -5.9879503 5.1205444 2.7110155
v -5.957562 5.119164 2.700691
v -5.9823956 5.1139307 2.7175958
v -5.9879503 5.1205444 2.7110155
v -5.963116 5.127005 2.6939466
v -5.9847326 5.127873 2.6630797
v -5.988725 5.1217704 2.654807
v -5.957562 5.119164 2.700691
v -5.963116 5.127005 2.6939466
v -5.985602 5.0938835 2.651751
v -5.953207 5.0924444 2.6970246
v -5.9588814 5.0862384 2.687978
v -5.978366 5.0873733 2.6591053
v -5.931414 5.009072 2.7740667
v -5.9358573 4.994217 2.7657225
v -5.9394593 4.9941382 2.7557962
v -5.924238 4.9814267 2.7821572
v -5.9171534 4.990851 2.7965899
v -5.9041805 4.960032 2.7902915
v -5.9094644 4.957396 2.7799194
v -5.9394593 4.9941382 2.7557962
v -5.9358573 4.994217 2.7657225
v -5.891895 5.0039177 2.7355287
v -5.8999715 5.003014 2.728772
v -5.924238 4.9814267 2.7821572
v -5.891895 5.0039177 2.7355287
v -5.9358573 4.994217 2.7657225
v -5.8774233 4.992124 2.7500734
v -5.9094644 4.957396 2.7799194
v -5.9041805 4.960032 2.7902915
v -5.870398 4.9681425 2.7668834
v -5.876913 4.9643393 2.7571216
v -5.8687167 5.001377 2.7632265
v -5.870398 4.9681425 2.7668834
v -5.9041805 4.960032 2.7902915
v -5.9171534 4.990851 2.7965899
v -5.8903046 5.0177765 2.7457628
v -5.8687167 5.001377 2.7632265
v -5.9171534 4.990851 2.7965899
v -5.931414 5.009072 2.7740667
v -5.924238 4.9814267 2.7821572
v -5.9094644 4.957396 2.7799194
v -5.876913 4.9643393 2.7571216
v -5.8774233 4.992124 2.7500734
v -5.8903046 5.0177765 2.7457628
v -5.8999715 5.003014 2.728772
v -5.891895 5.0039177 2.7355287
v -5.8774233 4.992124 2.7500734
v -5.8687167 5.001377 2.7632265
v -5.876913 4.9643393 2.7571216
v -5.870398 4.9681425 2.7668834
v -5.9681635 4.9930563 2.7383673
v -5.9643216 5.0175476 2.75339
v -5.9588556 4.9767213 2.7469752
v -5.9397926 5.0093613 2.7855692
v -5.9491005 5.025696 2.7769613
v -5.9491005 5.025696 2.7769613
v -5.887241 5.0399246 2.7339249
v -5.8779335 5.0235896 2.7425327
v -5.9397926 5.0093613 2.7855692
v -5.9643216 5.0175476 2.75339
v -5.9681635 4.9930563 2.7383673
v -5.906304 5.007285 2.6953309
v -5.902072 5.031665 2.7095203
v -5.9491005 5.025696 2.7769613
v -5.887241 5.0399246 2.7339249
v -5.9588556 4.9767213 2.7469752
v -5.8961554 4.9910016 2.704326
v -5.906304 5.007285 2.6953309
v -5.9681635 4.9930563 2.7383673
v -5.9397926 5.0093613 2.7855692
v -5.8779335 5.0235896 2.7425327
v -5.8961554 4.9910016 2.704326
v -5.9588556 4.9767213 2.7469752
v -5.906304 5.007285 2.6953309
v -5.8961554 4.9910016 2.704326
v -5.902072 5.031665 2.7095203
v -5.8779335 5.0235896 2.7425327
v -5.887241 5.0399246 2.7339249
v -5.9352245 5.022087 2.7406378
v -5.970714 5.084124 2.709526
v -5.959183 5.0886583 2.7060733
v -5.9236937 5.0266213 2.7371848
v -5.9236937 5.0266213 2.7371848
v -5.959183 5.0886583 2.7060733
v -5.9620047 5.0822215 2.6953008
v -5.926515 5.020185 2.7264125
v -5.926515 5.020185 2.7264125
v -5.9620047 5.0822215 2.6953008
v -5.9735355 5.0776873 2.6987538
v -5.9372053 5.0157022 2.7302523
v -5.9372053 5.0157022 2.7302523
v -5.9735355 5.0776873 2.6987538
v -5.970714 5.084124 2.709526
v -5.9352245 5.022087 2.7406378
v -5.970714 5.084124 2.709526
v -5.9658494 5.084838 2.7055233
v -5.959183 5.0886583 2.7060733
v -5.963567 5.0826674 2.698634
v -5.9620047 5.0822215 2.6953008
v -5.970563 5.0792327 2.700971
v -5.9735355 5.0776873 2.6987538
v -5.9735355 5.0776873 2.6987538
v -5.970563 5.0792327 2.700971
v -5.9658494 5.084838 2.7055233
v -5.9658494 5.084838 2.7055233
v -5.9700527 5.0931683 2.7024395
v -5.969061 5.090783 2.693943
v -5.963567 5.0826674 2.698634
v -5.963567 5.0826674 2.698634
v -5.969061 5.090783 2.693943
v -5.9760575 5.088576 2.6961157
v -5.970563 5.0792327 2.700971
v -5.970563 5.0792327 2.700971
v -5.9760575 5.088576 2.6961157
v -5.9700527 5.0931683 2.7024395
v -5.9658494 5.084838 2.7055233
v -5.9835896 4.99789 2.6624382
v -5.9920597 5.073288 2.6751957
v -5.980529 5.075368 2.672071
v -5.9720592 4.998743 2.6594775
v -5.9720592 4.998743 2.6594775
v -5.980529 5.075368 2.672071
v -5.985422 5.0775285 2.6602092
v -5.9769526 5.0009036 2.6476157
v -5.9769526 5.0009036 2.6476157
v -5.985422 5.0775285 2.6602092
v -5.998184 5.075508 2.6637802
v -5.9893236 4.997545 2.6505175
v -5.9893236 4.997545 2.6505175
v -5.998184 5.075508 2.6637802
v -5.9920597 5.073288 2.6751957
v -5.9835896 4.99789 2.6624382
v -5.9920597 5.073288 2.6751957
v -5.987195 5.0752287 2.6710286
v -5.980529 5.075368 2.672071
v -5.9865937 5.076636 2.6628733
v -5.985422 5.0775285 2.6602092
v -5.9939804 5.075767 2.6657152
v -5.998184 5.075508 2.6637802
v -5.987195 5.0752287 2.6710286
v -5.988366 5.084152 2.67238
v -5.9881554 5.0868983 2.6648936
v -5.9865937 5.076636 2.6628733
v -5.9865937 5.076636 2.6628733
v -5.9881554 5.0868983 2.6648936
v -5.995542 5.0872564 2.6675713
v -5.9939804 5.075767 2.6657152
v -5.9939804 5.075767 2.6657152
v -5.995542 5.0872564 2.6675713
v -5.988366 5.084152 2.67238
v -5.987195 5.0752287 2.6710286
v -6.026167 4.9868073 2.6542826
v -6.012177 4.9974694 2.6779718
v -6.023434 4.966394 2.6510751
v -5.9923306 4.96474 2.6947412
v -5.9950633 4.9851527 2.6979487
v -5.9950633 4.9851527 2.6979487
v -5.9328136 4.99927 2.6540792
v -5.930471 4.9789686 2.651705
v -5.9923306 4.96474 2.6947412
v -6.012177 4.9974694 2.6779718
v -6.026167 4.9868073 2.6542826
v -5.9639173 5.0009246 2.6104128
v -5.9499273 5.0115867 2.6341023
v -5.9950633 4.9851527 2.6979487
v -5.9328136 4.99927 2.6540792
v -6.023434 4.966394 2.6510751
v -5.9615746 4.980623 2.6080387
v -5.9639173 5.0009246 2.6104128
v -6.026167 4.9868073 2.6542826
v -5.9923306 4.96474 2.6947412
v -5.930471 4.9789686 2.651705
v -5.9615746 4.980623 2.6080387
v -6.023434 4.966394 2.6510751
v -5.9639173 5.0009246 2.6104128
v -5.9615746 4.980623 2.6080387
v -5.9499273 5.0115867 2.6341023
v -5.930471 4.9789686 2.651705
v -5.9328136 4.99927 2.6540792
v -6.2321334 5.0211196 2.7707593
v -6.213877 5.0665607 2.764987
v -6.21388 5.070354 2.7933502
v -6.232527 5.025024 2.7999558
v -6.232527 5.025024 2.7999558
v -6.21388 5.070354 2.7933502
v -6.1902204 5.062536 2.8096058
v -6.2005796 5.0380344 2.8131845
v -6.2005796 5.0380344 2.8131845
v -6.1902204 5.062536 2.8096058
v -6.167008 5.0507617 2.796278
v -6.16908 5.047088 2.7968297
v -6.16908 5.047088 2.7968297
v -6.167008 5.0507617 2.796278
v -6.167005 5.0469685 2.7679148
v -6.1686864 5.043184 2.7676332
v -6.1686864 5.043184 2.7676332
v -6.167005 5.0469685 2.7679148
v -6.190665 5.0547867 2.7516592
v -6.201024 5.030285 2.7552378
v -6.201024 5.030285 2.7552378
v -6.190665 5.0547867 2.7516592
v -6.213877 5.0665607 2.764987
v -6.2321334 5.0211196 2.7707593
v -6.1902204 5.062536 2.8096058
v -6.190665 5.0547867 2.7516592
v -6.167005 5.0469685 2.7679148
v -6.167008 5.0507617 2.796278
v -6.213877 5.0665607 2.764987
v -6.21388 5.070354 2.7933502
v -6.120338 5.092594 3.0156834
v -6.098927 5.097346 2.995177
v -6.093552 5.114449 2.9923146
v -6.110369 5.122115 3.0122817
v -6.098927 5.097346 2.995177
v -6.07845 5.1060963 3.0139122
v -6.0763783 5.1109967 3.0131962
v -6.093552 5.114449 2.9923146
v -6.07845 5.1060963 3.0139122
v -6.0994115 5.102735 3.0354745
v -6.0931954 5.11989 3.0329993
v -6.0763783 5.1109967 3.0131962
v -6.0994115 5.102735 3.0354745
v -6.120338 5.092594 3.0156834
v -6.110369 5.122115 3.0122817
v -6.0931954 5.11989 3.0329993
v -6.110369 5.122115 3.0122817
v -6.093552 5.114449 2.9923146
v -6.0933127 5.1155477 3.000529
v -6.103313 5.119689 3.0128188
v -6.083435 5.113423 3.012659
v -6.0763783 5.1109967 3.0131962
v -6.0934353 5.1187916 3.0247848
v -6.0931954 5.11989 3.0329993
v -6.103313 5.119689 3.0128188
v -6.0933127 5.1155477 3.000529
v -6.072984 5.175706 2.992728
v -6.0825944 5.180963 3.0040205
v -6.0933127 5.1155477 3.000529
v -6.083435 5.113423 3.012659
v -6.0631065 5.173581 3.0048583
v -6.072984 5.175706 2.992728
v -6.083435 5.113423 3.012659
v -6.0934353 5.1187916 3.0247848
v -6.073107 5.17895 3.016984
v -6.0631065 5.173581 3.0048583
v -6.0934353 5.1187916 3.0247848
v -6.103313 5.119689 3.0128188
v -6.0825944 5.180963 3.0040205
v -6.073107 5.17895 3.016984
v -6.23231 5.056468 3.0350752
v -6.232307 5.052675 3.006712
v -6.2136602 5.098005 3.0001063
v -6.214053 5.1019096 3.0293028
v -6.232307 5.052675 3.006712
v -6.200807 5.061729 2.9903572
v -6.1908383 5.086342 2.9876118
v -6.2136602 5.098005 3.0001063
v -6.200807 5.061729 2.9903572
v -6.16886 5.074739 3.0035858
v -6.166788 5.078412 3.003034
v -6.1908383 5.086342 2.9876118
v -6.16886 5.074739 3.0035858
v -6.168863 5.078532 3.031949
v -6.1671815 5.082317 3.0322306
v -6.166788 5.078412 3.003034
v -6.168863 5.078532 3.031949
v -6.2003627 5.0694785 3.0483038
v -6.1903934 5.0940914 3.0455585
v -6.1671815 5.082317 3.0322306
v -6.2003627 5.0694785 3.0483038
v -6.23231 5.056468 3.0350752
v -6.214053 5.1019096 3.0293028
v -6.1903934 5.0940914 3.0455585
v -6.1908383 5.086342 2.9876118
v -6.166788 5.078412 3.003034
v -6.1671815 5.082317 3.0322306
v -6.1903934 5.0940914 3.0455585
v -6.214053 5.1019096 3.0293028
v -6.2136602 5.098005 3.0001063
v -6.0245223 5.205557 3.0011308
v -6.029145 5.189878 2.9866261
v -5.9598727 5.1666284 2.990227
v -5.9557004 5.182144 3.0035114
v -6.029145 5.189878 2.9866261
v -6.0336504 5.178541 3.0045915
v -5.9643784 5.1552916 3.0081923
v -5.9598727 5.1666284 2.990227
v -6.0336504 5.178541 3.0045915
v -6.029028 5.1942205 3.0190964
v -5.960206 5.1708074 3.021477
v -5.9643784 5.1552916 3.0081923
v -6.029028 5.1942205 3.0190964
v -6.0245223 5.205557 3.0011308
v -5.9557004 5.182144 3.0035114
v -5.960206 5.1708074 3.021477
v -5.9557004 5.182144 3.0035114
v -5.9598727 5.1666284 2.990227
v -5.959693 5.1674523 2.9963877
v -5.9569316 5.1760683 3.0047784
v -5.961346 5.1657014 3.0113144
v -5.9643784 5.1552916 3.0081923
v -5.960206 5.1708074 3.021477
v -5.9569316 5.1760683 3.0047784
v -5.959693 5.1674523 2.9963877
v -5.9493337 5.163731 2.9965835
v -5.9465723 5.1723475 3.0049741
v -5.959693 5.1674523 2.9963877
v -5.961346 5.1657014 3.0113144
v -5.950987 5.1619806 3.0115101
v -5.9493337 5.163731 2.9965835
v -5.961346 5.1657014 3.0113144
v -5.9569316 5.1760683 3.0047784
v -5.9465723 5.1723475 3.0049741
v -5.950987 5.1619806 3.0115101
v -5.951976 5.1335773 2.9952538
v -5.9519186 5.1376452 3.0256705
v -5.925375 5.130291 3.0267172
v -5.9254317 5.126223 2.9963005
v -5.955672 5.148593 3.0234787
v -5.9561195 5.1446366 2.9938955
v -5.944529 5.1801224 2.9883935
v -5.944472 5.18419 3.0188103
v -5.9353437 5.1903453 3.0181394
v -5.935401 5.1862774 2.9877226
v -5.908857 5.177696 2.9889336
v -5.9088 5.181764 3.0193503
v -5.9353437 5.1903453 3.0181394
v -5.935401 5.1862774 2.9877226
v -5.951976 5.1335773 2.9952538
v -5.9561195 5.1446366 2.9938955
v -5.955672 5.148593 3.0234787
v -5.9519186 5.1376452 3.0256705
v -5.908857 5.177696 2.9889336
v -5.9059443 5.1666965 2.9907382
v -5.9058876 5.1707644 3.0211549
v -5.9088 5.181764 3.0193503
v -5.9163036 5.1336055 2.9954655
v -5.9158564 5.137562 3.025049
v -5.925375 5.130291 3.0267172
v -5.9254317 5.126223 2.9963005
v -5.944472 5.18419 3.0188103
v -5.9353437 5.1903453 3.0181394
v -5.9519186 5.1376452 3.0256705
v -5.955672 5.148593 3.0234787
v -5.9088 5.181764 3.0193503
v -5.925375 5.130291 3.0267172
v -5.9158564 5.137562 3.025049
v -5.9058876 5.1707644 3.0211549
v -5.908857 5.177696 2.9889336
v -5.9254317 5.126223 2.9963005
v -5.9163036 5.1336055 2.9954655
v -5.9059443 5.1666965 2.9907382
v -5.951976 5.1335773 2.9952538
v -5.935401 5.1862774 2.9877226
v -5.944529 5.1801224 2.9883935
v -5.9561195 5.1446366 2.9938955
v -6.053736 5.162317 2.9860077
v -6.0325675 5.1758986 2.9848297
v -6.02428 5.2028623 2.980982
v -6.04668 5.220017 2.978504
v -6.0918703 5.174679 2.9850476
v -6.0761366 5.222419 2.977786
v -6.02428 5.2028623 2.980982
v -6.0325675 5.1758986 2.9848297
v -6.0326614 5.181176 3.024294
v -6.0235333 5.208192 3.0208335
v -6.053736 5.162317 2.9860077
v -6.0542207 5.167706 3.0263054
v -6.0542207 5.167706 3.0263054
v -6.0471644 5.225406 3.0188015
v -6.0235333 5.208192 3.0208335
v -6.0326614 5.181176 3.024294
v -6.0919647 5.1799564 3.0245118
v -6.07578 5.22786 3.0184705
v -6.07578 5.22786 3.0184705
v -6.0919647 5.1799564 3.0245118
v -6.0918703 5.174679 2.9850476
v -6.0761366 5.222419 2.977786
v -6.0471644 5.225406 3.0188015
v -6.04668 5.220017 2.978504
v -6.02428 5.2028623 2.980982
v -6.0235333 5.208192 3.0208335
v -6.07578 5.22786 3.0184705
v -6.0761366 5.222419 2.977786
v -6.0918703 5.174679 2.9850476
v -6.0919647 5.1799564 3.0245118
v -6.0542207 5.167706 3.0263054
v -6.053736 5.162317 2.9860077
v -5.8023257 5.1193633 3.0384
v -5.795329 5.142431 3.0334375
v -5.7919064 5.133096 3.0383518
v -5.77359 5.119913 3.0425098
v -5.776893 5.1015744 3.045477
v -5.746505 5.122281 3.0321987
v -5.7460546 5.1101737 3.03506
v -5.795329 5.142431 3.0334375
v -5.7954745 5.1360545 2.9857588
v -5.7922316 5.1258955 2.9845123
v -5.7919064 5.133096 3.0383518
v -5.77359 5.119913 3.0425098
v -5.7736444 5.112052 2.98373
v -5.746411 5.1170034 2.9927344
v -5.746505 5.122281 3.0321987
v -5.746505 5.122281 3.0321987
v -5.746411 5.1170034 2.9927344
v -5.746021 5.104621 2.9935422
v -5.7460546 5.1101737 3.03506
v -5.776557 5.093602 2.985864
v -5.802981 5.1125493 2.9874475
v -5.8023257 5.1193633 3.0384
v -5.776893 5.1015744 3.045477
v -5.746021 5.104621 2.9935422
v -5.7460546 5.1101737 3.03506
v -5.802981 5.1125493 2.9874475
v -5.7922316 5.1258955 2.9845123
v -5.7954745 5.1360545 2.9857588
v -5.7736444 5.112052 2.98373
v -5.776557 5.093602 2.985864
v -5.746021 5.104621 2.9935422
v -5.746411 5.1170034 2.9927344
v -5.8231926 5.141401 3.0163956
v -5.823942 5.134956 3.0055637
v -5.89943 5.1557755 3.002469
v -5.8982296 5.161156 3.0146852
v -5.823942 5.134956 3.0055637
v -5.8206987 5.1468844 3.0013635
v -5.8961864 5.1677036 2.9982688
v -5.89943 5.1557755 3.002469
v -5.8206987 5.1468844 3.0013635
v -5.8191085 5.152154 3.0127463
v -5.8949866 5.1730847 3.010485
v -5.8961864 5.1677036 2.9982688
v -5.8191085 5.152154 3.0127463
v -5.8231926 5.141401 3.0163956
v -5.8982296 5.161156 3.0146852
v -5.8949866 5.1730847 3.010485
v -5.8982296 5.161156 3.0146852
v -5.89943 5.1557755 3.002469
v -5.898019 5.1602206 3.0076911
v -5.896517 5.1656356 3.001484
v -5.8961864 5.1677036 2.9982688
v -5.8958874 5.169077 3.0085368
v -5.8949866 5.1730847 3.010485
v -5.898019 5.1602206 3.0076911
v -5.896517 5.1656356 3.001484
v -5.906876 5.169357 3.0012882
v -5.907147 5.162655 3.0072134
v -5.896517 5.1656356 3.001484
v -5.8958874 5.169077 3.0085368
v -5.9070873 5.172746 3.0079541
v -5.906876 5.169357 3.0012882
v -5.8958874 5.169077 3.0085368
v -5.898019 5.1602206 3.0076911
v -5.907147 5.162655 3.0072134
v -5.9070873 5.172746 3.0079541
v -5.8081822 5.1725717 3.044007
v -5.7878537 5.1664686 3.0450675
v -5.8276696 5.150504 3.0471077
v -5.8040385 5.116111 3.0514371
v -5.823526 5.122266 3.0507636
v -5.823526 5.122266 3.0507636
v -5.8040385 5.116111 3.0514371
v -5.804181 5.1059413 2.9753954
v -5.8236685 5.1120963 2.9747217
v -5.8276696 5.150504 3.0471077
v -5.8274217 5.140223 2.9702327
v -5.808325 5.162402 2.9679654
v -5.8081822 5.1725717 3.044007
v -5.7878537 5.1664686 3.0450675
v -5.8081822 5.1725717 3.044007
v -5.808325 5.162402 2.9679654
v -5.7879963 5.1562986 2.9690259
v -5.823526 5.122266 3.0507636
v -5.8236685 5.1120963 2.9747217
v -5.8274217 5.140223 2.9702327
v -5.8276696 5.150504 3.0471077
v -5.8040385 5.116111 3.0514371
v -5.7878537 5.1664686 3.0450675
v -5.7879963 5.1562986 2.9690259
v -5.804181 5.1059413 2.9753954
v -5.808325 5.162402 2.9679654
v -5.8274217 5.140223 2.9702327
v -5.7879963 5.1562986 2.9690259
v -5.804181 5.1059413 2.9753954
v -5.8236685 5.1120963 2.9747217
v -6.063574 5.0023007 3.199745
v -6.0439925 5.0117283 3.1581645
v -6.024895 4.954148 3.1665635
v -6.049071 4.959298 3.205073
v -6.0419207 4.9037385 3.1725461
v -6.061502 4.9225335 3.2103522
v -6.024895 4.954148 3.1665635
v -6.089183 4.875587 3.1768515
v -6.0971737 4.896737 3.2135866
v -6.0419207 4.9037385 3.1725461
v -6.149327 4.8755426 3.1765184
v -6.1411333 4.8967404 3.213612
v -6.089183 4.875587 3.1768515
v -6.0439925 5.0117283 3.1581645
v -6.063574 5.0023007 3.199745
v -6.095102 5.024344 3.1964605
v -6.087111 5.0412326 3.1546385
v -6.087111 5.0412326 3.1546385
v -6.1390615 5.0243473 3.196486
v -6.1464143 5.0412397 3.1546922
v -6.1464143 5.0412397 3.1546922
v -6.174733 4.9985504 3.1997204
v -6.195358 5.00685 3.1590443
v -6.195358 5.00685 3.1590443
v -6.1871643 4.9617863 3.2049994
v -6.2115426 4.956492 3.1654136
v -6.2115426 4.956492 3.1654136
v -6.1871643 4.9617863 3.2049994
v -6.173052 4.918895 3.2111611
v -6.1924453 4.898912 3.1738129
v -6.1924453 4.898912 3.1738129
v -6.1411333 4.8967404 3.213612
v -6.149327 4.8755426 3.1765184
v -6.1186447 4.9628806 3.2225213
v -6.1063023 4.994882 3.2003086
v -6.085133 4.9716516 3.2040536
v -6.1299334 4.9949174 3.2005742
v -6.0880456 4.9409313 3.2078285
v -6.107533 4.9274535 3.2097807
v -6.1481895 4.9801526 3.202244
v -6.1514926 4.949544 3.2068522
v -6.1299334 4.927429 3.2096
v -6.063574 5.0023007 3.199745
v -6.049071 4.959298 3.205073
v -6.095102 5.024344 3.1964605
v -6.1390615 5.0243473 3.196486
v -6.174733 4.9985504 3.1997204
v -6.1871643 4.9617863 3.2049994
v -6.173052 4.918895 3.2111611
v -6.1411333 4.8967404 3.213612
v -6.0971737 4.896737 3.2135866
v -6.061502 4.9225335 3.2103522
v -6.023664 5.047345 3.1536455
v -5.989819 5.066662 3.1019585
v -5.945019 4.930506 3.1205354
v -6.023664 5.047345 3.1536455
v -5.945019 4.930506 3.1205354
v -5.986761 4.9368777 3.1681802
v -6.027774 4.8700194 3.1352205
v -6.0419207 4.9037385 3.1725461
v -6.089183 4.875587 3.1768515
v -5.945019 4.930506 3.1205354
v -5.977924 4.862792 3.0811777
v -6.0439925 5.0117283 3.1581645
v -6.023664 5.047345 3.1536455
v -5.986761 4.9368777 3.1681802
v -6.024895 4.954148 3.1665635
v -6.087111 5.0412326 3.1546385
v -6.0419207 4.9037385 3.1725461
v -6.1156926 5.0994873 3.1045845
v -6.1464143 5.0412397 3.1546922
v -6.2085958 5.068782 3.1084695
v -6.195358 5.00685 3.1590443
v -6.2496767 4.973762 3.1637971
v -6.2115426 4.956492 3.1654136
v -6.1924453 4.898912 3.1738129
v -6.212774 4.8755655 3.1766908
v -6.149327 4.8755426 3.1765184
v -6.2913194 4.968497 3.1150873
v -6.258255 5.053071 3.0563693
v -5.989819 5.066662 3.1019585
v -6.072058 5.113144 3.0479298
v -6.2913194 4.968497 3.1150873
v -6.2496767 4.973762 3.1637971
v -6.212774 4.8755655 3.1766908
v -6.246519 4.869153 3.128741
v -6.2085958 5.068782 3.1084695
v -6.258255 5.053071 3.0563693
v -6.072058 5.113144 3.0479298
v -6.2588253 5.0123925 2.7522023
v -6.071788 5.0725174 2.7441497
v -6.2081347 5.0138063 2.6973977
v -6.116072 5.0444603 2.6931255
v -6.2913194 4.968497 3.1150873
v -6.29173 4.9152293 2.7167833
v -6.2085958 5.068782 3.1084695
v -6.072058 5.113144 3.0479298
v -6.1156926 5.0994873 3.1045845
v -5.99023 5.0133944 2.7036545
v -6.072058 5.113144 3.0479298
v -6.071788 5.0725174 2.7441497
v -5.989819 5.066662 3.1019585
v -5.94543 4.8772383 2.7222314
v -5.945019 4.930506 3.1205354
v -6.0636973 4.9256134 2.6263216
v -6.0495844 4.882722 2.6324832
v -6.024816 4.8879046 2.6712358
v -6.041391 4.8376584 2.6784384
v -6.024816 4.8879046 2.6712358
v -6.0620155 4.8459578 2.6377623
v -6.089494 4.8094554 2.682357
v -6.041391 4.8376584 2.6784384
v -6.0976877 4.820161 2.6409967
v -6.0636973 4.9256134 2.6263216
v -6.024816 4.8879046 2.6712358
v -6.044304 4.945596 2.6636698
v -6.044304 4.945596 2.6636698
v -6.095616 4.9477677 2.6238706
v -6.0874224 4.975101 2.6601439
v -6.0874224 4.975101 2.6601439
v -6.139575 4.947771 2.6238961
v -6.1467257 4.975108 2.6601975
v -6.1467257 4.975108 2.6601975
v -6.1744065 4.922026 2.6275175
v -6.139575 4.947771 2.6238961
v -6.1948285 4.9407697 2.6649365
v -6.1948285 4.9407697 2.6649365
v -6.187288 4.885099 2.6315763
v -6.211854 4.8903604 2.6709192
v -6.211854 4.8903604 2.6709192
v -6.1731753 4.8422074 2.6377378
v -6.187288 4.885099 2.6315763
v -6.1927567 4.83278 2.6793184
v -6.1927567 4.83278 2.6793184
v -6.141647 4.820164 2.6410222
v -6.149638 4.8094106 2.6820238
v -6.149638 4.8094106 2.6820238
v -6.0976877 4.820161 2.6409967
v -6.089494 4.8094554 2.682357
v -6.0852566 4.894964 2.6306305
v -6.0495844 4.882722 2.6324832
v -6.0636973 4.9256134 2.6263216
v -6.105975 4.918358 2.6281056
v -6.095616 4.9477677 2.6238706
v -6.1292157 4.918282 2.627538
v -6.139575 4.947771 2.6238961
v -6.0620155 4.8459578 2.6377623
v -6.0885596 4.8643556 2.6352386
v -6.0976877 4.820161 2.6409967
v -6.106816 4.8508177 2.6367445
v -6.1487036 4.903577 2.6296542
v -6.1744065 4.922026 2.6275175
v -6.1507754 4.872908 2.633816
v -6.187288 4.885099 2.6315763
v -6.1731753 4.8422074 2.6377378
v -6.130447 4.850853 2.6370099
v -6.141647 4.820164 2.6410222
v -6.1181045 4.8816276 2.6149614
v -6.0239754 4.981213 2.6591508
v -5.9870725 4.870746 2.6736856
v -5.94543 4.8772383 2.7222314
v -5.99023 5.0133944 2.7036545
v -6.044304 4.945596 2.6636698
v -5.9870725 4.870746 2.6736856
v -6.0239754 4.981213 2.6591508
v -6.024816 4.8879046 2.6712358
v -6.0874224 4.975101 2.6601439
v -6.041391 4.8376584 2.6784384
v -6.248757 4.9075704 2.6688561
v -6.211854 4.8903604 2.6709192
v -6.1948285 4.9407697 2.6649365
v -6.1927567 4.83278 2.6793184
v -6.212244 4.8094854 2.682583
v -6.149638 4.8094106 2.6820238
v -6.2081347 5.0138063 2.6973977
v -6.1467257 4.975108 2.6601975
v -6.2081347 5.0138063 2.6973977
v -6.2588253 5.0123925 2.7522023
v -6.29173 4.9152293 2.7167833
v -6.248757 4.9075704 2.6688561
v -6.1467257 4.975108 2.6601975
v -6.116072 5.0444603 2.6931255
v -6.0874224 4.975101 2.6601439
v -6.0239754 4.981213 2.6591508
v -5.99023 5.0133944 2.7036545
v -6.071788 5.0725174 2.7441497
v -5.978494 4.822114 2.7770107
v -5.945019 4.930506 3.1205354
v -5.94543 4.8772383 2.7222314
v -5.977924 4.862792 3.0811777
v -5.9870725 4.870746 2.6736856
v -6.041391 4.8376584 2.6784384
v -6.0273128 4.8150444 2.7241488
v -6.089494 4.8094554 2.682357
v -5.94543 4.8772383 2.7222314
v -5.978494 4.822114 2.7770107
v -6.29173 4.9152293 2.7167833
v -6.2913194 4.968497 3.1150873
v -6.246519 4.869153 3.128741
v -6.2460895 4.815937 2.730824
v -6.29173 4.9152293 2.7167833
v -6.2460895 4.815937 2.730824
v -6.212244 4.8094854 2.682583
v -6.248757 4.9075704 2.6688561
v -6.3539395 4.9151406 3.2671444
v -6.3539395 5.0280304 3.2520468
v -6.3400717 5.0345745 3.3009768
v -6.3400717 4.9216843 3.3160744
v -6.3404226 5.021547 3.203566
v -6.3404226 4.908657 3.2186635
v -6.3400717 5.0345745 3.3009768
v -6.302992 4.92627 3.3503637
v -6.3400717 4.9216843 3.3160744
v -6.3046136 5.039331 3.3365457
v -6.2548604 5.041175 3.3503304
v -6.2548604 4.9282846 3.365428
v -6.2548604 5.041175 3.3503304
v -6.205495 4.9264464 3.3516827
v -6.2548604 4.9282846 3.365428
v -6.205495 5.039336 3.3365853
v -6.169609 5.034636 3.3014398
v -6.169609 4.9217463 3.3165374
v -6.3253236 4.9090056 3.2679677
v -6.316019 4.913643 3.3026412
v -6.316019 4.9835854 3.2932873
v -6.3253236 4.9789486 3.2586138
v -6.3163724 4.9743514 3.2242396
v -6.3163724 4.905636 3.2334294
v -6.316019 4.913643 3.3026412
v -6.2903786 4.9870605 3.319272
v -6.316019 4.9835854 3.2932873
v -6.2903786 4.917118 3.328626
v -6.2548575 4.988299 3.3285313
v -6.2548575 4.9183564 3.3378851
v -6.2548575 4.9183564 3.3378851
v -6.2198753 4.9870653 3.3193085
v -6.2548575 4.988299 3.3285313
v -6.2198753 4.917123 3.3286624
v -6.1945 4.983615 3.2935073
v -6.1945 4.9148993 3.3026972
v -6.1945 4.9148993 3.3026972
v -6.1851583 4.910191 3.2674897
v -6.1851583 4.9789066 3.2583
v -6.1945 4.983615 3.2935073
v -6.1944633 4.905554 3.2328162
v -6.1851583 4.9789066 3.2583
v -6.1851583 4.910191 3.2674897
v -6.1944633 4.9742694 3.2236264
v -6.219653 4.9022417 3.2080517
v -6.219653 4.9709573 3.198862
v -6.255174 4.9010034 3.1987925
v -6.255174 4.969719 3.1896026
v -6.3468833 4.9838843 3.2581637
v -6.3253236 4.9789486 3.2586138
v -6.316019 4.9835854 3.2932873
v -6.334757 4.99005 3.304266
v -6.2903786 4.9870605 3.319272
v -6.3010397 4.9944286 3.3370073
v -6.2548575 4.988299 3.3285313
v -6.2550397 4.9961762 3.3500774
v -6.2198753 4.9870653 3.3193085
v -6.2093678 4.9945173 3.337671
v -6.1945 4.983615 3.2935073
v -6.1751037 4.9899883 3.3038054
v -6.3163724 4.9743514 3.2242396
v -6.3345375 4.977735 3.2121825
v -6.1751037 4.9899883 3.3038054
v -6.1945 4.983615 3.2935073
v -6.1851583 4.9789066 3.2583
v -6.162758 4.983839 3.2578244
v -6.175275 4.9777846 3.2125552
v -6.1944633 4.9742694 3.2236264
v -6.2086015 4.9732947 3.1789806
v -6.219653 4.9709573 3.198862
v -6.2549915 4.971658 3.1667438
v -6.255174 4.969719 3.1896026
v -6.3015046 4.9732656 3.1787632
v -6.2901564 4.9709525 3.1988254
v -6.3345375 4.977735 3.2121825
v -6.3163724 4.9743514 3.2242396
v -6.334757 5.034224 3.2983582
v -6.3400717 5.0345745 3.3009768
v -6.3539395 5.0280304 3.2520468
v -6.3468833 5.0280585 3.252256
v -6.3046136 5.039331 3.3365457
v -6.3010397 5.038603 3.3310997
v -6.2550397 5.040351 3.3441696
v -6.2548604 5.041175 3.3503304
v -6.3345375 5.021909 3.206275
v -6.3404226 5.021547 3.203566
v -6.205495 5.039336 3.3365853
v -6.2093678 5.0386915 3.3317633
v -6.1751037 5.0341625 3.2978976
v -6.169609 5.034636 3.3014398
v -6.3468833 4.9838843 3.2581637
v -6.334757 4.99005 3.304266
v -6.334757 5.034224 3.2983582
v -6.3468833 5.0280585 3.252256
v -6.3345375 5.021909 3.206275
v -6.3345375 4.977735 3.2121825
v -6.334757 4.99005 3.304266
v -6.3010397 5.038603 3.3310997
v -6.334757 5.034224 3.2983582
v -6.3010397 4.9944286 3.3370073
v -6.2550397 5.040351 3.3441696
v -6.2550397 4.9961762 3.3500774
v -6.2093678 5.0386915 3.3317633
v -6.2093678 4.9945173 3.337671
v -6.2093678 4.9945173 3.337671
v -6.1751037 4.9899883 3.3038054
v -6.1751037 5.0341625 3.2978976
v -6.2093678 5.0386915 3.3317633
v -6.1751037 4.9899883 3.3038054
v -6.162758 4.983839 3.2578244
v -6.162758 5.028013 3.2519166
v -6.1751037 5.0341625 3.2978976
v -6.175275 4.9777846 3.2125552
v -6.175275 5.021959 3.2066474
v -6.2086015 4.9732947 3.1789806
v -6.2086015 5.017469 3.1730728
v -6.3163724 4.905636 3.2334294
v -6.3163724 4.9743514 3.2242396
v -6.2901564 4.9709525 3.1988254
v -6.2901564 4.902237 3.2080152
v -6.2901564 4.902237 3.2080152
v -6.2901564 4.9709525 3.1988254
v -6.255174 4.969719 3.1896026
v -6.255174 4.9010034 3.1987925
v -6.1695695 5.0214972 3.2031956
v -6.1695695 4.9086075 3.2182932
v -6.156933 4.9152107 3.2676694
v -6.156933 5.028101 3.2525718
v -6.2058682 4.903799 3.1823373
v -6.2058682 5.016689 3.1672397
v -6.2551713 4.9021187 3.1697729
v -6.2058682 4.903799 3.1823373
v -6.2058682 5.016689 3.1672397
v -6.2551713 5.0150084 3.1546755
v -6.3041463 5.016735 3.1675873
v -6.3041463 4.9038453 3.1826847
v -6.3404226 5.021547 3.203566
v -6.3404226 4.908657 3.2186635
v -6.162758 5.028013 3.2519166
v -6.175275 5.021959 3.2066474
v -6.1695695 5.0214972 3.2031956
v -6.156933 5.028101 3.2525718
v -6.2086015 5.017469 3.1730728
v -6.2058682 5.016689 3.1672397
v -6.2551713 5.0150084 3.1546755
v -6.2549915 5.0158324 3.1608362
v -6.3041463 5.016735 3.1675873
v -6.3015046 5.01744 3.1728554
v -6.3345375 5.021909 3.206275
v -6.3404226 5.021547 3.203566
v -6.1751037 5.0341625 3.2978976
v -6.169609 5.034636 3.3014398
v -6.3345375 4.977735 3.2121825
v -6.3345375 5.021909 3.206275
v -6.3015046 5.01744 3.1728554
v -6.3015046 4.9732656 3.1787632
v -6.2549915 5.0158324 3.1608362
v -6.2549915 4.971658 3.1667438
v -6.2086015 5.017469 3.1730728
v -6.2086015 4.9732947 3.1789806
v -6.169609 5.034636 3.3014398
v -6.156933 5.028101 3.2525718
v -6.156933 4.9152107 3.2676694
v -6.169609 4.9217463 3.3165374
v -6.260221 4.9744287 3.2154799
v -6.2552967 4.9790983 3.213038
v -6.2498617 4.974389 3.215183
v -6.2547865 4.96972 3.2176247
v -6.2552967 4.9790983 3.213038
v -6.255234 4.9682174 3.1877131
v -6.2461057 4.959648 3.1890116
v -6.2498617 4.974389 3.215183
v -6.2647524 4.959719 3.1895454
v -6.260221 4.9744287 3.2154799
v -6.2547865 4.96972 3.2176247
v -6.255234 4.9510384 3.1900105
v -6.2547865 4.96972 3.2176247
v -6.2498617 4.974389 3.215183
v -6.2461057 4.959648 3.1890116
v -6.255234 4.9510384 3.1900105
v -6.2647524 4.959719 3.1895454
v -6.255234 4.9682174 3.1877131
v -6.2552967 4.9790983 3.213038
v -6.260221 4.9744287 3.2154799
v -6.29821 4.980896 3.2638392
v -6.300852 4.9851 3.2579145
v -6.298509 4.979523 3.2535713
v -6.296708 4.9752674 3.2591088
v -6.300852 4.9851 3.2579145
v -6.326555 4.977781 3.2592242
v -6.3264036 4.9679813 3.2513254
v -6.298509 4.979523 3.2535713
v -6.326706 4.970402 3.2694206
v -6.29821 4.980896 3.2638392
v -6.296708 4.9752674 3.2591088
v -6.326555 4.9606023 3.2615216
v -6.296708 4.9752674 3.2591088
v -6.298509 4.979523 3.2535713
v -6.3264036 4.9679813 3.2513254
v -6.326555 4.9606023 3.2615216
v -6.326706 4.970402 3.2694206
v -6.326555 4.977781 3.2592242
v -6.300852 4.9851 3.2579145
v -6.29821 4.980896 3.2638392
v -6.24981 4.9860435 3.302326
v -6.254735 4.9911904 3.3034549
v -6.2610106 4.986031 3.3022356
v -6.2548547 4.9808245 3.3006606
v -6.254735 4.9911904 3.3034549
v -6.255248 4.987183 3.3295288
v -6.264376 4.978574 3.3305278
v -6.2610106 4.986031 3.3022356
v -6.24612 4.978614 3.3308272
v -6.24981 4.9860435 3.302326
v -6.2548547 4.9808245 3.3006606
v -6.255248 4.9700046 3.3318262
v -6.2548547 4.9808245 3.3006606
v -6.2610106 4.986031 3.3022356
v -6.264376 4.978574 3.3305278
v -6.255248 4.9700046 3.3318262
v -6.24612 4.978614 3.3308272
v -6.255248 4.987183 3.3295288
v -6.254735 4.9911904 3.3034549
v -6.24981 4.9860435 3.302326
v -6.211431 4.9794645 3.2531333
v -6.20918 4.9851885 3.2585783
v -6.2115226 4.980949 3.2642345
v -6.212933 4.9752765 3.2591765
v -6.20918 4.9851885 3.2585783
v -6.183477 4.9777827 3.259238
v -6.1836276 4.9704037 3.2694345
v -6.2115226 4.980949 3.2642345
v -6.183326 4.9679832 3.2513392
v -6.211431 4.9794645 3.2531333
v -6.212933 4.9752765 3.2591765
v -6.1834764 4.960604 3.2615354
v -6.212933 4.9752765 3.2591765
v -6.2115226 4.980949 3.2642345
v -6.1836276 4.9704037 3.2694345
v -6.1834764 4.960604 3.2615354
v -6.183326 4.9679832 3.2513392
v -6.183477 4.9777827 3.259238
v -6.20918 4.9851885 3.2585783
v -6.211431 4.9794645 3.2531333
v -6.1613474 4.926931 3.2712517
v -6.1613474 5.0165067 3.259272
v -6.016197 5.0165005 3.2592266
v -6.1613474 4.926931 3.2712517
v -6.016197 5.0165005 3.2592266
v -6.016197 4.926925 3.2712061
v -6.1613474 5.0165067 3.259272
v -6.1612563 5.0150223 3.2481709
v -6.0164967 5.0151277 3.2489588
v -6.1613474 5.0165067 3.259272
v -6.0164967 5.0151277 3.2489588
v -6.016197 5.0165005 3.2592266
v -6.1612563 5.0150223 3.2481709
v -6.1612563 4.9254465 3.2601504
v -6.0164967 4.925552 3.2609382
v -6.1612563 5.0150223 3.2481709
v -6.0164967 4.925552 3.2609382
v -6.0164967 5.0151277 3.2489588
v -6.016197 4.926925 3.2712061
v -6.016197 5.0165005 3.2592266
v -6.0164967 5.0151277 3.2489588
v -6.016197 4.926925 3.2712061
v -6.0164967 5.0151277 3.2489588
v -6.0164967 4.925552 3.2609382
v -6.2974806 4.9150286 3.1822503
v -6.2974806 5.004604 3.1702707
v -6.369503 4.988113 3.0469599
v -6.369503 4.898537 3.0589395
v -6.2974806 5.004604 3.1702707
v -6.3064294 5.005408 3.1762817
v -6.378902 4.988754 3.0517507
v -6.369503 4.988113 3.0469599
v -6.3064294 5.005408 3.1762817
v -6.306429 4.915832 3.1882613
v -6.378902 4.899178 3.0637302
v -6.378902 4.988754 3.0517507
v -6.369503 4.898537 3.0589395
v -6.369503 4.988113 3.0469599
v -6.378902 4.988754 3.0517507
v -6.378902 4.899178 3.0637302
v -6.3068647 4.936669 3.344065
v -6.3068647 5.0262446 3.3320854
v -6.379152 5.0427933 3.4558284
v -6.379152 4.953218 3.467808
v -6.3068647 5.0262446 3.3320854
v -6.297167 5.026977 3.3375626
v -6.369454 5.043526 3.4613056
v -6.379152 5.0427933 3.4558284
v -6.379152 4.953218 3.467808
v -6.379152 5.0427933 3.4558284
v -6.369454 5.043526 3.4613056
v -6.369454 4.9539504 3.4732852
v -6.1613474 4.926931 3.2712517
v -6.1613474 5.0165067 3.259272
v -6.016197 5.0165005 3.2592266
v -6.1613474 4.926931 3.2712517
v -6.016197 5.0165005 3.2592266
v -6.016197 4.926925 3.2712061
v -6.1613474 5.0165067 3.259272
v -6.1612563 5.0150223 3.2481709
v -6.0164967 5.0151277 3.2489588
v -6.1613474 5.0165067 3.259272
v -6.0164967 5.0151277 3.2489588
v -6.016197 5.0165005 3.2592266
v -6.1612563 5.0150223 3.2481709
v -6.1612563 4.9254465 3.2601504
v -6.0164967 4.925552 3.2609382
v -6.1612563 5.0150223 3.2481709
v -6.0164967 4.925552 3.2609382
v -6.0164967 5.0151277 3.2489588
v -6.1612563 4.9254465 3.2601504
v -6.1613474 4.926931 3.2712517
v -6.016197 4.926925 3.2712061
v -6.0164967 4.925552 3.2609382
v -6.016197 4.926925 3.2712061
v -6.016197 5.0165005 3.2592266
v -6.0164967 5.0151277 3.2489588
v -6.016197 4.926925 3.2712061
v -6.0164967 5.0151277 3.2489588
v -6.0164967 4.925552 3.2609382
v -6.297167 5.026977 3.3375626
v -6.297167 4.9398556 3.3492138
v -6.369454 4.9539504 3.4732852
v -6.369454 5.043526 3.4613056
v -6.5144844 4.9059505 3.1797469
v -6.5025296 4.899913 3.1345992
v -6.500007 4.9454694 3.1296883
v -6.511182 4.9512844 3.1731694
v -6.468146 4.9413342 3.0987687
v -6.469887 4.8955545 3.102013
v -6.4801607 5.0231752 3.1316886
v -6.4887815 5.027386 3.1631758
v -6.455957 5.020059 3.1083872
v -6.463737 5.0574527 3.1358306
v -6.469294 5.0604973 3.1585982
v -6.4471903 5.055355 3.1201477
v -6.4999557 4.9571233 3.2168312
v -6.4799867 5.0315857 3.1945755
v -6.463651 5.0635543 3.1814559
v -6.502418 4.9118414 3.2237957
v -6.469887 4.8955545 3.102013
v -6.424936 4.9397945 3.087255
v -6.468146 4.9413342 3.0987687
v -6.4246054 4.8940067 3.09044
v -6.4242773 5.0188932 3.0996702
v -6.455957 5.020059 3.1083872
v -6.42497 5.0545554 3.114168
v -6.4471903 5.055355 3.1201477
v -6.3810678 4.9412756 3.0983307
v -6.379896 4.8955398 3.1019027
v -6.39251 5.020036 3.1082149
v -6.402 5.055292 3.119676
v -6.349032 4.945551 3.1302981
v -6.3810678 4.9412756 3.0983307
v -6.3694515 5.0230813 3.130985
v -6.385337 5.057537 3.1364634
v -6.402 5.055292 3.119676
v -6.349032 4.945551 3.1302981
v -6.3610473 5.027392 3.163218
v -6.3694515 5.0230813 3.130985
v -6.3374157 4.9512787 3.1731267
v -6.334503 4.905921 3.1795263
v -6.3793035 5.0604825 3.1584878
v -6.385337 5.057537 3.1364634
v -6.369668 5.031603 3.1947052
v -6.385701 5.0634756 3.1808681
v -6.3926406 5.0346594 3.2175603
v -6.4017973 5.0657363 3.1977713
v -6.346068 4.9118476 3.2238407
v -6.349431 4.9570417 3.2162209
v -6.3799415 4.916265 3.2568731
v -6.380842 4.96134 3.2483606
v -6.469294 5.0604973 3.1585982
v -6.463737 5.0574527 3.1358306
v -6.424494 5.077725 3.1566622
v -6.4471903 5.055355 3.1201477
v -6.42497 5.0545554 3.114168
v -6.402 5.055292 3.119676
v -6.463651 5.0635543 3.1814559
v -6.4465976 5.065688 3.1974099
v -6.4248586 5.0664845 3.2033644
v -6.4017973 5.0657363 3.1977713
v -6.385701 5.0634756 3.1808681
v -6.3793035 5.0604825 3.1584878
v -6.385337 5.057537 3.1364634
v -6.402 5.055292 3.119676
v -6.4799867 5.0315857 3.1945755
v -6.463651 5.0635543 3.1814559
v -6.4465976 5.065688 3.1974099
v -6.4560876 5.0346828 3.2177327
v -6.4248586 5.0664845 3.2033644
v -6.42432 5.0358253 3.2262774
v -6.4017973 5.0657363 3.1977713
v -6.3926406 5.0346594 3.2175603
v -6.4999557 4.9571233 3.2168312
v -6.4683704 4.9612355 3.2475784
v -6.502418 4.9118414 3.2237957
v -6.4699326 4.91628 3.2569833
v -6.424893 4.962828 3.2594874
v -6.4699326 4.91628 3.2569833
v -6.4243827 4.9178643 3.2688332
v -6.380842 4.96134 3.2483606
v -6.3799415 4.916265 3.2568731
v -6.3549685 4.8783164 3.047831
v -6.435444 4.8494296 2.7757967
v -6.5219517 4.895602 2.7754903
v -6.435563 4.926885 3.0654418
v -6.435444 4.8494296 2.7757967
v -6.3691726 4.947761 2.7452335
v -6.445381 5.008344 2.7406077
v -6.5219517 4.895602 2.7754903
v -6.399111 4.854821 2.7694142
v -6.361216 4.912531 2.7526422
v -6.5400286 4.8730717 2.7844696
v -6.43301 5.035017 2.734588
v -6.435563 4.926885 3.0654418
v -6.360224 5.0409136 3.0308416
v -6.2886972 4.977875 3.0171037
v -6.3549685 4.8783164 3.047831
v -6.282151 4.94188 3.0187979
v -6.3204365 4.884282 3.0364032
v -6.3676105 5.0461802 3.032863
v -6.44295 4.9321513 3.0674634
v -6.361216 4.912531 2.7526422
v -6.282151 4.94188 3.0187979
v -6.2886972 4.977875 3.0171037
v -6.3691726 4.947761 2.7452335
v -6.445381 5.008344 2.7406077
v -6.360224 5.0409136 3.0308416
v -6.5774446 4.8568254 2.812419
v -6.4928455 4.8882346 2.9819036
v -6.5400286 4.8730717 2.7844696
v -6.435563 4.926885 3.0654418
v -6.5219517 4.895602 2.7754903
v -6.5774446 4.8568254 2.812419
v -6.584441 4.8632073 2.813443
v -6.499842 4.8946166 2.9829276
v -6.4928455 4.8882346 2.9819036
v -6.44295 4.9321513 3.0674634
v -6.435563 4.926885 3.0654418
v -6.5482564 4.8782864 2.786104
v -6.584441 4.8632073 2.813443
v -6.5774446 4.8568254 2.812419
v -6.5400286 4.8730717 2.7844696
v -6.3676105 5.0461802 3.032863
v -6.381293 5.073367 2.927952
v -6.373456 5.068264 2.927151
v -6.360224 5.0409136 3.0308416
v -6.410373 5.0742908 2.7667513
v -6.41737 5.079446 2.7679393
v -6.410373 5.0742908 2.7667513
v -6.41737 5.079446 2.7679393
v -6.440397 5.0415106 2.7364452
v -6.43301 5.035017 2.734588
v -6.3676105 5.0461802 3.032863
v -6.44295 4.9321513 3.0674634
v -6.499842 4.8946166 2.9829276
v -6.381293 5.073367 2.927952
v -6.41737 5.079446 2.7679393
v -6.584441 4.8632073 2.813443
v -6.5482564 4.8782864 2.786104
v -6.440397 5.0415106 2.7364452
v -6.410373 5.0742908 2.7667513
v -6.43301 5.035017 2.734588
v -6.373456 5.068264 2.927151
v -6.445381 5.008344 2.7406077
v -6.360224 5.0409136 3.0308416
v -6.5400286 4.8730717 2.7844696
v -6.43301 5.035017 2.734588
v -6.440397 5.0415106 2.7364452
v -6.5482564 4.8782864 2.786104
v -6.0519695 5.16046 2.7293005
v -6.004913 5.130424 2.6821551
v -5.988819 5.138092 2.6927946
v -6.0350356 5.16818 2.740327
v -6.0350356 5.16818 2.740327
v -5.988819 5.138092 2.6927946
v -5.9902616 5.119454 2.7028606
v -6.0364776 5.149542 2.750393
v -6.0364776 5.149542 2.750393
v -5.9902616 5.119454 2.7028606
v -6.006355 5.111786 2.6922212
v -6.053412 5.1418223 2.7393665
v -6.053412 5.1418223 2.7393665
v -6.006355 5.111786 2.6922212
v -6.004913 5.130424 2.6821551
v -6.0519695 5.16046 2.7293005
v -6.004913 5.130424 2.6821551
v -6.00149 5.1284513 2.6860847
v -5.992573 5.133088 2.6927364
v -5.988819 5.138092 2.6927946
v -5.9979477 5.119666 2.6951063
v -5.9902616 5.119454 2.7028606
v -6.006355 5.111786 2.6922212
v -6.00149 5.1284513 2.6860847
v -5.994673 5.1236997 2.678572
v -5.984915 5.128388 2.6856103
v -5.992573 5.133088 2.6927364
v -5.992573 5.133088 2.6927364
v -5.984915 5.128388 2.6856103
v -5.9902897 5.114966 2.6879804
v -5.9979477 5.119666 2.6951063
v -5.9979477 5.119666 2.6951063
v -5.9902897 5.114966 2.6879804
v -5.994673 5.1236997 2.678572
v -6.00149 5.1284513 2.6860847
v -6.046629 5.1315794 2.7748485
v -6.0413737 5.1898537 2.7622993
v -6.0261183 5.1703625 2.7473066
v -6.031314 5.1442666 2.7576425
v -6.071944 5.147575 2.801062
v -6.0611033 5.195022 2.7822669
v -6.0261183 5.1703625 2.7473066
v -6.055512 5.1667914 2.7206073
v -6.061548 5.140644 2.7305562
v -6.031314 5.1442666 2.7576425
v -6.046629 5.1315794 2.7748485
v -6.0760226 5.128009 2.748149
v -6.0760226 5.128009 2.748149
v -6.061548 5.140644 2.7305562
v -6.055512 5.1667914 2.7206073
v -6.071218 5.1861196 2.7343798
v -6.102179 5.143953 2.7739758
v -6.090497 5.191451 2.7555676
v -6.090497 5.191451 2.7555676
v -6.0611033 5.195022 2.7822669
v -6.071944 5.147575 2.801062
v -6.102179 5.143953 2.7739758
v -6.071218 5.1861196 2.7343798
v -6.055512 5.1667914 2.7206073
v -6.0261183 5.1703625 2.7473066
v -6.0413737 5.1898537 2.7622993
v -6.090497 5.191451 2.7555676
v -6.0611033 5.195022 2.7822669
v -6.071944 5.147575 2.801062
v -6.046629 5.1315794 2.7748485
v -6.0760226 5.128009 2.748149
v -6.102179 5.143953 2.7739758
v -6.1201644 5.0610385 2.7797308
v -6.1101956 5.09056 2.776329
v -6.0930223 5.0883346 2.7970467
v -6.099238 5.0711794 2.799522
v -6.099238 5.0711794 2.799522
v -6.0930223 5.0883346 2.7970467
v -6.0765953 5.0795527 2.7780771
v -6.078277 5.074541 2.7779596
v -6.078277 5.074541 2.7779596
v -6.0765953 5.0795527 2.7780771
v -6.0933785 5.082894 2.756362
v -6.0987535 5.06579 2.7592244
v -6.0987535 5.06579 2.7592244
v -6.0933785 5.082894 2.756362
v -6.1101956 5.09056 2.776329
v -6.1201644 5.0610385 2.7797308
v -6.1101956 5.09056 2.776329
v -6.1031394 5.088134 2.7768662
v -6.0932617 5.087236 2.7888322
v -6.0930223 5.0883346 2.7970467
v -6.083652 5.081979 2.7775397
v -6.0765953 5.0795527 2.7780771
v -6.093139 5.083992 2.7645764
v -6.0933785 5.082894 2.756362
v -6.1031394 5.088134 2.7768662
v -6.082811 5.149519 2.768901
v -6.072933 5.147394 2.7810314
v -6.0932617 5.087236 2.7888322
v -6.0932617 5.087236 2.7888322
v -6.072933 5.147394 2.7810314
v -6.062933 5.1420255 2.7689056
v -6.083652 5.081979 2.7775397
v -6.083652 5.081979 2.7775397
v -6.062933 5.1420255 2.7689056
v -6.072811 5.1441503 2.7567754
v -6.093139 5.083992 2.7645764
v -6.093139 5.083992 2.7645764
v -6.072811 5.1441503 2.7567754
v -6.082811 5.149519 2.768901
v -6.1031394 5.088134 2.7768662
v 3.871026 4.804055 1.2501279
v 3.8126783 4.7767677 1.2672828
v 3.7785504 4.884702 1.3228911
v 3.836898 4.911989 1.3057363
v 3.847243 4.829618 1.1859151
v 3.8739552 4.8085337 1.2432324
v 3.839287 4.9162154 1.2989995
v 3.8125749 4.9372993 1.2416823
v 3.8054864 4.9367824 1.2383355
v 3.8054864 4.9367824 1.2383355
v 3.8396144 4.8288484 1.1827271
v 3.847243 4.829618 1.1859151
v 3.7812667 4.801561 1.199882
v 3.8396144 4.8288484 1.1827271
v 3.8054864 4.9367824 1.2383355
v 3.7471387 4.9094954 1.2554903
v 3.7816808 4.940768 1.3076017
v 3.7884567 4.9442472 1.305006
v 3.7943852 4.923537 1.2946247
v 3.7881494 4.9203095 1.2970616
v 3.7908 4.9478307 1.2994895
v 3.7972689 4.9273725 1.2889494
v 3.7943852 4.923537 1.2946247
v 3.7884567 4.9442472 1.305006
v 3.7875848 4.9503684 1.2925903
v 3.7940536 4.92991 1.2820501
v 3.7972689 4.9273725 1.2889494
v 3.7908 4.9478307 1.2994895
v 3.7804964 4.9498515 1.2892433
v 3.7869651 4.9293933 1.2787032
v 3.7740133 4.9468193 1.2911495
v 3.7799418 4.926109 1.2807682
v 3.7869651 4.9293933 1.2787032
v 3.7804964 4.9498515 1.2892433
v 3.771377 4.9427886 1.2973555
v 3.7778459 4.9223304 1.2868154
v 3.7799418 4.926109 1.2807682
v 3.7740133 4.9468193 1.2911495
v 3.7745924 4.940251 1.3042548
v 3.7810612 4.9197927 1.2937146
v 3.7778459 4.9223304 1.2868154
v 3.771377 4.9427886 1.2973555
v 3.7816808 4.940768 1.3076017
v 3.7881494 4.9203095 1.2970616
v 3.7810612 4.9197927 1.2937146
v 3.7745924 4.940251 1.3042548
v 3.7884567 4.9442472 1.305006
v 3.7816808 4.940768 1.3076017
v 3.7745924 4.940251 1.3042548
v 3.7908 4.9478307 1.2994895
v 3.771377 4.9427886 1.2973555
v 3.7875848 4.9503684 1.2925903
v 3.7804964 4.9498515 1.2892433
v 3.7740133 4.9468193 1.2911495
v 3.7439623 4.9052114 1.2618552
v 3.7712147 4.8843803 1.3190136
v 3.8053427 4.776446 1.2634052
v 3.7786305 4.7975297 1.2060881
v 3.7785504 4.884702 1.3228911
v 3.8126783 4.7767677 1.2672828
v 3.839287 4.9162154 1.2989995
v 3.8739552 4.8085337 1.2432324
v 3.871026 4.804055 1.2501279
v 3.836898 4.911989 1.3057363
v 3.7439623 4.9052114 1.2618552
v 3.7786305 4.7975297 1.2060881
v 3.7812667 4.801561 1.199882
v 3.7471387 4.9094954 1.2554903
v 3.7799418 4.926109 1.2807682
v 3.7471387 4.9094954 1.2554903
v 3.8054864 4.9367824 1.2383355
v 3.7869651 4.9293933 1.2787032
v 3.7439623 4.9052114 1.2618552
v 3.7778459 4.9223304 1.2868154
v 3.7712147 4.8843803 1.3190136
v 3.7810612 4.9197927 1.2937146
v 3.7785504 4.884702 1.3228911
v 3.7881494 4.9203095 1.2970616
v 3.7881494 4.9203095 1.2970616
v 3.836898 4.911989 1.3057363
v 3.7785504 4.884702 1.3228911
v 3.7943852 4.923537 1.2946247
v 3.839287 4.9162154 1.2989995
v 3.7972689 4.9273725 1.2889494
v 3.8125749 4.9372993 1.2416823
v 3.7940536 4.92991 1.2820501
v 3.8054864 4.9367824 1.2383355
v 3.7869651 4.9293933 1.2787032
v 3.8408165 4.877498 1.3601309
v 3.8572683 4.844465 1.3539506
v 3.832118 4.8390074 1.3004982
v 3.813962 4.8742948 1.3068663
v 3.8553357 4.895929 1.3500949
v 3.8408165 4.877498 1.3601309
v 3.813962 4.8742948 1.3068663
v 3.8276615 4.8878593 1.2982935
v 3.8858607 4.882737 1.3346055
v 3.8553357 4.895929 1.3500949
v 3.8276615 4.8878593 1.2982935
v 3.8566601 4.875573 1.2838486
v 3.9013498 4.791044 1.2678174
v 3.9338539 4.7873607 1.3173512
v 3.8858607 4.882737 1.3346055
v 3.8566601 4.875573 1.2838486
v 3.7911036 4.85563 1.3888932
v 3.7650957 4.8489614 1.3353951
v 3.7828028 4.8547482 1.3256824
v 3.812697 4.860306 1.3762431
v 3.7911036 4.85563 1.3888932
v 3.812697 4.860306 1.3762431
v 3.8299365 4.82733 1.3704346
v 3.7855613 4.819975 1.3948698
v 3.8349278 4.725551 1.3766083
v 3.9338539 4.7873607 1.3173512
v 3.8572683 4.844465 1.3539506
v 3.8858607 4.882737 1.3346055
v 3.8408165 4.877498 1.3601309
v 3.8553357 4.895929 1.3500949
v 3.7855613 4.819975 1.3948698
v 3.7596476 4.81497 1.3419397
v 3.7650957 4.8489614 1.3353951
v 3.7911036 4.85563 1.3888932
v 3.8009589 4.819461 1.3193145
v 3.832118 4.8390074 1.3004982
v 3.8572683 4.844465 1.3539506
v 3.8299365 4.82733 1.3704346
v 3.812697 4.860306 1.3762431
v 3.7828028 4.8547482 1.3256824
v 3.8009589 4.819461 1.3193145
v 3.8299365 4.82733 1.3704346
v 3.8349278 4.725551 1.3766083
v 3.8029642 4.729488 1.3269156
v 3.7596476 4.81497 1.3419397
v 3.7855613 4.819975 1.3948698
v 3.7650957 4.8489614 1.3353951
v 3.7596476 4.81497 1.3419397
v 3.8009589 4.819461 1.3193145
v 3.7828028 4.8547482 1.3256824
v 3.8029642 4.729488 1.3269156
v 3.832118 4.8390074 1.3004982
v 3.9013498 4.791044 1.2678174
v 3.8566601 4.875573 1.2838486
v 3.813962 4.8742948 1.3068663
v 3.8276615 4.8878593 1.2982935
v 3.6015763 4.831385 1.4467686
v 3.6079464 4.814561 1.4440714
v 3.611791 4.819895 1.4248611
v 3.605421 4.8367186 1.4275583
v 3.619817 4.818233 1.4255339
v 3.6159725 4.812899 1.4447442
v 3.6370678 4.820097 1.4511987
v 3.6409125 4.8254304 1.4319884
v 3.641874 4.8262706 1.4533831
v 3.6457186 4.831604 1.4341727
v 3.611791 4.819895 1.4248611
v 3.6079464 4.814561 1.4440714
v 3.6091466 4.842387 1.4300605
v 3.6316397 4.8510485 1.4364018
v 3.6280425 4.8455195 1.4561429
v 3.605079 4.837759 1.4496342
v 3.6280425 4.8455195 1.4561429
v 3.6316397 4.8510485 1.4364018
v 3.6388085 4.8481755 1.4370289
v 3.634988 4.8433523 1.4571334
v 3.641874 4.8262706 1.4533831
v 3.634988 4.8433523 1.4571334
v 3.6388085 4.8481755 1.4370289
v 3.6457186 4.831604 1.4341727
v 3.6457186 4.831604 1.4341727
v 3.611791 4.819895 1.4248611
v 3.619817 4.818233 1.4255339
v 3.6409125 4.8254304 1.4319884
v 3.605421 4.8367186 1.4275583
v 3.6388085 4.8481755 1.4370289
v 3.6316397 4.8510485 1.4364018
v 3.6091466 4.842387 1.4300605
v 3.6015763 4.831385 1.4467686
v 3.605421 4.8367186 1.4275583
v 3.6091466 4.842387 1.4300605
v 3.605079 4.837759 1.4496342
v 3.6280425 4.8455195 1.4561429
v 3.634988 4.8433523 1.4571334
v 3.6015763 4.831385 1.4467686
v 3.605079 4.837759 1.4496342
v 3.641874 4.8262706 1.4533831
v 3.6079464 4.814561 1.4440714
v 3.6159725 4.812899 1.4447442
v 3.6370678 4.820097 1.4511987
v 3.5837665 4.7593083 1.3962548
v 3.5930612 4.7522607 1.3950729
v 3.5991387 4.7534256 1.3984114
v 3.5837872 4.741004 1.3887942
v 3.5719173 4.7440424 1.3868301
v 3.576906 4.7219667 1.3878694
v 3.5845103 4.722226 1.3901633
v 3.5991387 4.7534256 1.3984114
v 3.5930612 4.7522607 1.3950729
v 3.586272 4.74307 1.4293104
v 3.5929568 4.7452636 1.4291553
v 3.5837872 4.741004 1.3887942
v 3.586272 4.74307 1.4293104
v 3.5930612 4.7522607 1.3950729
v 3.5764365 4.731428 1.425305
v 3.5845103 4.722226 1.3901633
v 3.576906 4.7219667 1.3878694
v 3.571624 4.7152815 1.4144303
v 3.5797443 4.715283 1.4156711
v 3.5645208 4.7338233 1.4245613
v 3.571624 4.7152815 1.4144303
v 3.576906 4.7219667 1.3878694
v 3.5719173 4.7440424 1.3868301
v 3.5775387 4.7505035 1.428219
v 3.5645208 4.7338233 1.4245613
v 3.5719173 4.7440424 1.3868301
v 3.5837665 4.7593083 1.3962548
v 3.5837872 4.741004 1.3887942
v 3.5845103 4.722226 1.3901633
v 3.5797443 4.715283 1.4156711
v 3.5764365 4.731428 1.425305
v 3.5775387 4.7505035 1.428219
v 3.5929568 4.7452636 1.4291553
v 3.586272 4.74307 1.4293104
v 3.5764365 4.731428 1.425305
v 3.5645208 4.7338233 1.4245613
v 3.5797443 4.715283 1.4156711
v 3.571624 4.7152815 1.4144303
v 3.6193542 4.762446 1.3951794
v 3.604899 4.7752357 1.3951362
v 3.6154995 4.749928 1.3909357
v 3.5819004 4.762289 1.387454
v 3.5857553 4.774807 1.3916978
v 3.5857553 4.774807 1.3916978
v 3.5763144 4.7622075 1.4402729
v 3.5724595 4.7496896 1.4360293
v 3.5819004 4.762289 1.387454
v 3.604899 4.7752357 1.3951362
v 3.6193542 4.762446 1.3951794
v 3.6099133 4.7498465 1.4437546
v 3.5957053 4.7624407 1.4442421
v 3.5857553 4.774807 1.3916978
v 3.5763144 4.7622075 1.4402729
v 3.6154995 4.749928 1.3909357
v 3.6055183 4.737076 1.4396697
v 3.6099133 4.7498465 1.4437546
v 3.6193542 4.762446 1.3951794
v 3.5819004 4.762289 1.387454
v 3.5724595 4.7496896 1.4360293
v 3.6055183 4.737076 1.4396697
v 3.6154995 4.749928 1.3909357
v 3.6099133 4.7498465 1.4437546
v 3.6055183 4.737076 1.4396697
v 3.5957053 4.7624407 1.4442421
v 3.5724595 4.7496896 1.4360293
v 3.5763144 4.7622075 1.4402729
v 3.597541 4.768071 1.4138746
v 3.6115146 4.8156586 1.4291741
v 3.6071985 4.814392 1.436462
v 3.593225 4.7668047 1.4211626
v 3.593225 4.7668047 1.4211626
v 3.6071985 4.814392 1.436462
v 3.614886 4.8116393 1.4390447
v 3.6009126 4.764052 1.4237453
v 3.6009126 4.764052 1.4237453
v 3.614886 4.8116393 1.4390447
v 3.6192021 4.812906 1.4317567
v 3.6046884 4.7650657 1.4166161
v 3.6046884 4.7650657 1.4166161
v 3.6192021 4.812906 1.4317567
v 3.6115146 4.8156586 1.4291741
v 3.597541 4.768071 1.4138746
v 3.6115146 4.8156586 1.4291741
v 3.6111546 4.8144345 1.4331983
v 3.6071985 4.814392 1.436462
v 3.6138966 4.8124204 1.4369218
v 3.614886 4.8116393 1.4390447
v 3.6165707 4.8127956 1.4322249
v 3.6192021 4.812906 1.4317567
v 3.6192021 4.812906 1.4317567
v 3.6165707 4.8127956 1.4322249
v 3.6111546 4.8144345 1.4331983
v 3.6111546 4.8144345 1.4331983
v 3.6122944 4.8206363 1.4349483
v 3.6163645 4.8189316 1.4388849
v 3.6138966 4.8124204 1.4369218
v 3.6138966 4.8124204 1.4369218
v 3.6163645 4.8189316 1.4388849
v 3.6188154 4.820013 1.4345512
v 3.6165707 4.8127956 1.4322249
v 3.6165707 4.8127956 1.4322249
v 3.6188154 4.820013 1.4345512
v 3.6122944 4.8206363 1.4349483
v 3.6111546 4.8144345 1.4331983
v 3.6594744 4.770407 1.4267848
v 3.6388025 4.8165994 1.4347476
v 3.6349325 4.813922 1.4413086
v 3.6558273 4.767024 1.4329823
v 3.6558273 4.767024 1.4329823
v 3.6349325 4.813922 1.4413086
v 3.641892 4.8168077 1.445587
v 3.6627867 4.76991 1.4372607
v 3.6627867 4.76991 1.4372607
v 3.641892 4.8168077 1.445587
v 3.646055 4.819933 1.4383364
v 3.6674201 4.772135 1.4301773
v 3.6674201 4.772135 1.4301773
v 3.646055 4.819933 1.4383364
v 3.6388025 4.8165994 1.4347476
v 3.6594744 4.770407 1.4267848
v 3.6388025 4.8165994 1.4347476
v 3.6382198 4.8160806 1.4391353
v 3.6349325 4.813922 1.4413086
v 3.6413732 4.816688 1.4436314
v 3.641892 4.8168077 1.445587
v 3.6433537 4.81867 1.4391307
v 3.646055 4.819933 1.4383364
v 3.6382198 4.8160806 1.4391353
v 3.6359162 4.8216047 1.4400873
v 3.6385992 4.8231125 1.4444162
v 3.6413732 4.816688 1.4436314
v 3.6413732 4.816688 1.4436314
v 3.6385992 4.8231125 1.4444162
v 3.6403568 4.8258 1.4402789
v 3.6433537 4.81867 1.4391307
v 3.6433537 4.81867 1.4391307
v 3.6403568 4.8258 1.4402789
v 3.6359162 4.8216047 1.4400873
v 3.6382198 4.8160806 1.4391353
v 3.6836371 4.778338 1.4112632
v 3.6643405 4.779768 1.4078622
v 3.6889374 4.765684 1.409163
v 3.6563377 4.754285 1.4000643
v 3.6510375 4.7669387 1.4021646
v 3.6510375 4.7669387 1.4021646
v 3.6418438 4.7541437 1.4512706
v 3.6468968 4.741685 1.4486396
v 3.6563377 4.754285 1.4000643
v 3.6643405 4.779768 1.4078622
v 3.6836371 4.778338 1.4112632
v 3.6744437 4.765543 1.4603692
v 3.6551468 4.7669735 1.4569681
v 3.6510375 4.7669387 1.4021646
v 3.6418438 4.7541437 1.4512706
v 3.6889374 4.765684 1.409163
v 3.6794965 4.7530847 1.4577383
v 3.6744437 4.765543 1.4603692
v 3.6836371 4.778338 1.4112632
v 3.6563377 4.754285 1.4000643
v 3.6468968 4.741685 1.4486396
v 3.6794965 4.7530847 1.4577383
v 3.6889374 4.765684 1.409163
v 3.6744437 4.765543 1.4603692
v 3.6794965 4.7530847 1.4577383
v 3.6551468 4.7669735 1.4569681
v 3.6468968 4.741685 1.4486396
v 3.6418438 4.7541437 1.4512706
v 3.7075212 4.867253 1.2813845
v 3.6915221 4.8872447 1.3019371
v 3.6775734 4.889426 1.289142
v 3.693325 4.8696294 1.2680587
v 3.693325 4.8696294 1.2680587
v 3.6775734 4.889426 1.289142
v 3.6621609 4.8769836 1.2888768
v 3.6707878 4.8663774 1.2773658
v 3.6707878 4.8663774 1.2773658
v 3.6621609 4.8769836 1.2888768
v 3.6614847 4.862417 1.3017786
v 3.662987 4.8610015 1.2998397
v 3.662987 4.8610015 1.2998397
v 3.6614847 4.862417 1.3017786
v 3.6754334 4.8602357 1.3145736
v 3.677183 4.8586245 1.3131655
v 3.677183 4.8586245 1.3131655
v 3.6754334 4.8602357 1.3145736
v 3.690846 4.872678 1.3148389
v 3.699473 4.8620715 1.3033278
v 3.699473 4.8620715 1.3033278
v 3.690846 4.872678 1.3148389
v 3.6915221 4.8872447 1.3019371
v 3.7075212 4.867253 1.2813845
v 3.6621609 4.8769836 1.2888768
v 3.690846 4.872678 1.3148389
v 3.6754334 4.8602357 1.3145736
v 3.6614847 4.862417 1.3017786
v 3.6915221 4.8872447 1.3019371
v 3.6775734 4.889426 1.289142
v 3.5311112 4.870789 1.2242119
v 3.5304625 4.8663287 1.2436894
v 3.5253806 4.874356 1.2511642
v 3.5213447 4.884413 1.236646
v 3.5304625 4.8663287 1.2436894
v 3.5112066 4.864481 1.2448059
v 3.5094812 4.8666024 1.2471082
v 3.5253806 4.874356 1.2511642
v 3.5112066 4.864481 1.2448059
v 3.5108447 4.86959 1.22532
v 3.5052223 4.877364 1.2329535
v 3.5094812 4.8666024 1.2471082
v 3.5108447 4.86959 1.22532
v 3.5311112 4.870789 1.2242119
v 3.5213447 4.884413 1.236646
v 3.5052223 4.877364 1.2329535
v 3.5213447 4.884413 1.236646
v 3.5253806 4.874356 1.2511642
v 3.5212407 4.874907 1.2475538
v 3.518751 4.8806477 1.2386231
v 3.5120747 4.8703675 1.245131
v 3.5094812 4.8666024 1.2471082
v 3.509362 4.876813 1.2365639
v 3.5052223 4.877364 1.2329535
v 3.518751 4.8806477 1.2386231
v 3.5212407 4.874907 1.2475538
v 3.5017319 4.902664 1.2733163
v 3.4992664 4.9089146 1.2652799
v 3.5212407 4.874907 1.2475538
v 3.5120747 4.8703675 1.245131
v 3.4925659 4.898124 1.2708936
v 3.5017319 4.902664 1.2733163
v 3.5120747 4.8703675 1.245131
v 3.509362 4.876813 1.2365639
v 3.489853 4.90457 1.2623264
v 3.4925659 4.898124 1.2708936
v 3.509362 4.876813 1.2365639
v 3.518751 4.8806477 1.2386231
v 3.4992664 4.9089146 1.2652799
v 3.489853 4.90457 1.2623264
v 3.5775957 4.887634 1.1620877
v 3.5915444 4.885452 1.1748828
v 3.5757928 4.905249 1.1959661
v 3.5615966 4.9076257 1.1826403
v 3.5915444 4.885452 1.1748828
v 3.5837436 4.880076 1.1973568
v 3.5748692 4.8908772 1.2083372
v 3.5757928 4.905249 1.1959661
v 3.5837436 4.880076 1.1973568
v 3.561206 4.876824 1.2066638
v 3.5597038 4.8782396 1.2086025
v 3.5748692 4.8908772 1.2083372
v 3.561206 4.876824 1.2066638
v 3.5472574 4.8790054 1.1938688
v 3.545508 4.8806167 1.1952769
v 3.5597038 4.8782396 1.2086025
v 3.5472574 4.8790054 1.1938688
v 3.5550585 4.884382 1.1713947
v 3.546184 4.895183 1.1823751
v 3.545508 4.8806167 1.1952769
v 3.5550585 4.884382 1.1713947
v 3.5775957 4.887634 1.1620877
v 3.5615966 4.9076257 1.1826403
v 3.546184 4.895183 1.1823751
v 3.5748692 4.8908772 1.2083372
v 3.5597038 4.8782396 1.2086025
v 3.545508 4.8806167 1.1952769
v 3.546184 4.895183 1.1823751
v 3.5615966 4.9076257 1.1826403
v 3.5757928 4.905249 1.1959661
v 3.4704413 4.9035463 1.2954015
v 3.4828408 4.8960853 1.2969273
v 3.4580088 4.859449 1.3172752
v 3.446397 4.866967 1.3161211
v 3.4828408 4.8960853 1.2969273
v 3.4792216 4.8910813 1.283853
v 3.4543896 4.854445 1.3042009
v 3.4580088 4.859449 1.3172752
v 3.4792216 4.8910813 1.283853
v 3.4668221 4.8985424 1.2823272
v 3.4427779 4.8619633 1.3030468
v 3.4543896 4.854445 1.3042009
v 3.4668221 4.8985424 1.2823272
v 3.4704413 4.9035463 1.2954015
v 3.446397 4.866967 1.3161211
v 3.4427779 4.8619633 1.3030468
v 3.446397 4.866967 1.3161211
v 3.4580088 4.859449 1.3172752
v 3.454904 4.8598623 1.3145674
v 3.4478052 4.863888 1.3136142
v 3.4491618 4.859411 1.3063105
v 3.4543896 4.854445 1.3042009
v 3.4427779 4.8619633 1.3030468
v 3.4478052 4.863888 1.3136142
v 3.454904 4.8598623 1.3145674
v 3.4514072 4.854243 1.317719
v 3.4443085 4.8582687 1.3167659
v 3.454904 4.8598623 1.3145674
v 3.4491618 4.859411 1.3063105
v 3.4456651 4.8537917 1.3094622
v 3.4514072 4.854243 1.317719
v 3.4491618 4.859411 1.3063105
v 3.4478052 4.863888 1.3136142
v 3.4443085 4.8582687 1.3167659
v 3.4456651 4.8537917 1.3094622
v 3.4604514 4.837795 1.3103248
v 3.4454677 4.840114 1.2966272
v 3.4357274 4.8269696 1.3049449
v 3.450711 4.82465 1.3186425
v 3.4453738 4.847669 1.2987322
v 3.4601102 4.845545 1.3118991
v 3.4491827 4.8620524 1.3273708
v 3.434199 4.864372 1.3136731
v 3.4292107 4.8648443 1.3190428
v 3.4441943 4.8625245 1.3327404
v 3.4346771 4.848675 1.3406948
v 3.4196935 4.850994 1.326997
v 3.4292107 4.8648443 1.3190428
v 3.4441943 4.8625245 1.3327404
v 3.4604514 4.837795 1.3103248
v 3.4601102 4.845545 1.3118991
v 3.4453738 4.847669 1.2987322
v 3.4454677 4.840114 1.2966272
v 3.4346771 4.848675 1.3406948
v 3.4353113 4.8413725 1.3384309
v 3.4203277 4.843692 1.3247333
v 3.4196935 4.850994 1.326997
v 3.4454997 4.825828 1.3243757
v 3.4307635 4.827952 1.3112087
v 3.4357274 4.8269696 1.3049449
v 3.450711 4.82465 1.3186425
v 3.434199 4.864372 1.3136731
v 3.4292107 4.8648443 1.3190428
v 3.4454677 4.840114 1.2966272
v 3.4453738 4.847669 1.2987322
v 3.4196935 4.850994 1.326997
v 3.4357274 4.8269696 1.3049449
v 3.4307635 4.827952 1.3112087
v 3.4203277 4.843692 1.3247333
v 3.4346771 4.848675 1.3406948
v 3.450711 4.82465 1.3186425
v 3.4454997 4.825828 1.3243757
v 3.4353113 4.8413725 1.3384309
v 3.4604514 4.837795 1.3103248
v 3.4441943 4.8625245 1.3327404
v 3.4491827 4.8620524 1.3273708
v 3.4601102 4.845545 1.3118991
v 3.5000632 4.8885007 1.2810866
v 3.4884903 4.889198 1.2931967
v 3.4802504 4.901916 1.3045862
v 3.4865398 4.919303 1.3008728
v 3.51337 4.9084177 1.269291
v 3.4985456 4.9305787 1.290094
v 3.4802504 4.901916 1.3045862
v 3.4884903 4.889198 1.2931967
v 3.4691195 4.892264 1.2753578
v 3.4603393 4.904729 1.2869062
v 3.5000632 4.8885007 1.2810866
v 3.4804451 4.891762 1.2627171
v 3.4804451 4.891762 1.2627171
v 3.4669218 4.922564 1.2825034
v 3.4603393 4.904729 1.2869062
v 3.4691195 4.892264 1.2753578
v 3.4939995 4.911484 1.2514523
v 3.4783874 4.933587 1.2718835
v 3.4783874 4.933587 1.2718835
v 3.4939995 4.911484 1.2514523
v 3.51337 4.9084177 1.269291
v 3.4985456 4.9305787 1.290094
v 3.4669218 4.922564 1.2825034
v 3.4865398 4.919303 1.3008728
v 3.4802504 4.901916 1.3045862
v 3.4603393 4.904729 1.2869062
v 3.4783874 4.933587 1.2718835
v 3.4985456 4.9305787 1.290094
v 3.51337 4.9084177 1.269291
v 3.4939995 4.911484 1.2514523
v 3.4804451 4.891762 1.2627171
v 3.5000632 4.8885007 1.2810866
v 3.3818033 4.779352 1.3455784
v 3.3755605 4.7902637 1.3560907
v 3.3741488 4.783747 1.3529159
v 3.3678217 4.7700152 1.3551201
v 3.3722937 4.760582 1.3481303
v 3.3607082 4.762278 1.3713807
v 3.3621514 4.7551665 1.3673743
v 3.3755605 4.7902637 1.3560907
v 3.3990707 4.786647 1.3775398
v 3.400764 4.779717 1.3770727
v 3.3741488 4.783747 1.3529159
v 3.3678217 4.7700152 1.3551201
v 3.396754 4.7655144 1.3816129
v 3.380079 4.7592125 1.3892194
v 3.3607082 4.762278 1.3713807
v 3.3607082 4.762278 1.3713807
v 3.380079 4.7592125 1.3892194
v 3.382557 4.7519627 1.3861157
v 3.3621514 4.7551665 1.3673743
v 3.4014733 4.7558856 1.3751538
v 3.4071362 4.775655 1.368302
v 3.3818033 4.779352 1.3455784
v 3.3722937 4.760582 1.3481303
v 3.382557 4.7519627 1.3861157
v 3.3621514 4.7551665 1.3673743
v 3.4071362 4.775655 1.368302
v 3.400764 4.779717 1.3770727
v 3.3990707 4.786647 1.3775398
v 3.396754 4.7655144 1.3816129
v 3.4014733 4.7558856 1.3751538
v 3.382557 4.7519627 1.3861157
v 3.380079 4.7592125 1.3892194
v 3.3952355 4.7990313 1.3530176
v 3.40209 4.795578 1.3564485
v 3.4298677 4.8329053 1.3328286
v 3.4224486 4.8355956 1.3286623
v 3.40209 4.795578 1.3564485
v 3.3997684 4.8013463 1.3625236
v 3.427546 4.8386736 1.3389038
v 3.4298677 4.8329053 1.3328286
v 3.3997684 4.8013463 1.3625236
v 3.3925967 4.8038416 1.358888
v 3.420127 4.841364 1.3347374
v 3.427546 4.8386736 1.3389038
v 3.3925967 4.8038416 1.358888
v 3.3952355 4.7990313 1.3530176
v 3.4224486 4.8355956 1.3286623
v 3.420127 4.841364 1.3347374
v 3.4224486 4.8355956 1.3286623
v 3.4298677 4.8329053 1.3328286
v 3.4258008 4.834987 1.3319008
v 3.42671 4.8375955 1.3367435
v 3.427546 4.8386736 1.3389038
v 3.4223714 4.8393626 1.3343908
v 3.420127 4.841364 1.3347374
v 3.4258008 4.834987 1.3319008
v 3.42671 4.8375955 1.3367435
v 3.4302065 4.8432145 1.3335919
v 3.4292276 4.8394527 1.3290752
v 3.42671 4.8375955 1.3367435
v 3.4223714 4.8393626 1.3343908
v 3.4264083 4.8452344 1.3310803
v 3.4302065 4.8432145 1.3335919
v 3.4223714 4.8393626 1.3343908
v 3.4258008 4.834987 1.3319008
v 3.4292276 4.8394527 1.3290752
v 3.4264083 4.8452344 1.3310803
v 3.3687248 4.8119097 1.3528827
v 3.3612611 4.801572 1.3590188
v 3.3807788 4.805769 1.3385462
v 3.3773193 4.7780576 1.3378607
v 3.3842428 4.788142 1.3318835
v 3.3842428 4.788142 1.3318835
v 3.3773193 4.7780576 1.3378607
v 3.4147782 4.772259 1.3721049
v 3.421702 4.782344 1.3661277
v 3.3807788 4.805769 1.3385462
v 3.4184852 4.799775 1.373321
v 3.406184 4.806111 1.3871269
v 3.3687248 4.8119097 1.3528827
v 3.3612611 4.801572 1.3590188
v 3.3687248 4.8119097 1.3528827
v 3.406184 4.806111 1.3871269
v 3.3987203 4.7957735 1.3932629
v 3.3842428 4.788142 1.3318835
v 3.421702 4.782344 1.3661277
v 3.4184852 4.799775 1.373321
v 3.3807788 4.805769 1.3385462
v 3.3773193 4.7780576 1.3378607
v 3.3612611 4.801572 1.3590188
v 3.3987203 4.7957735 1.3932629
v 3.4147782 4.772259 1.3721049
v 3.406184 4.806111 1.3871269
v 3.4184852 4.799775 1.373321
v 3.3987203 4.7957735 1.3932629
v 3.4147782 4.772259 1.3721049
v 3.421702 4.782344 1.3661277
v 3.4449043 4.79981 1.1370693
v 3.4535594 4.798652 1.167064
v 3.4557571 4.7591333 1.1572453
v 3.4468791 4.7702155 1.1302873
v 3.4723554 4.735872 1.1359284
v 3.45857 4.753255 1.1142932
v 3.4557571 4.7591333 1.1572453
v 3.4968963 4.7355633 1.1085865
v 3.4782057 4.750407 1.0926099
v 3.4723554 4.735872 1.1359284
v 3.5220933 4.7557416 1.0848856
v 3.49649 4.765176 1.0751654
v 3.4968963 4.7355633 1.1085865
v 3.4535594 4.798652 1.167064
v 3.4449043 4.79981 1.1370693
v 3.4541745 4.823074 1.1312574
v 3.46595 4.830099 1.1585011
v 3.46595 4.830099 1.1585011
v 3.4724588 4.8378425 1.1138129
v 3.490607 4.850024 1.134959
v 3.490607 4.850024 1.134959
v 3.4920948 4.834995 1.0921295
v 3.5173435 4.8466945 1.1054822
v 3.5173435 4.8466945 1.1054822
v 3.5037854 4.818034 1.0761355
v 3.5334017 4.8231797 1.0843241
v 3.5334017 4.8231797 1.0843241
v 3.5037854 4.818034 1.0761355
v 3.505513 4.788635 1.0688227
v 3.5355992 4.7836614 1.0745056
v 3.5355992 4.7836614 1.0745056
v 3.49649 4.765176 1.0751654
v 3.5220933 4.7557416 1.0848856
v 3.466952 4.795646 1.0951152
v 3.464234 4.8098984 1.1181337
v 3.4593527 4.7894316 1.1193402
v 3.4739392 4.817857 1.1086425
v 3.4663026 4.7727485 1.1092466
v 3.4767952 4.7715464 1.0974542
v 3.484362 4.815501 1.0971762
v 3.4910645 4.799013 1.0865519
v 3.4862075 4.779057 1.0886525
v 3.4449043 4.79981 1.1370693
v 3.4468791 4.7702155 1.1302873
v 3.4541745 4.823074 1.1312574
v 3.4724588 4.8378425 1.1138129
v 3.4920948 4.834995 1.0921295
v 3.5037854 4.818034 1.0761355
v 3.505513 4.788635 1.0688227
v 3.49649 4.765176 1.0751654
v 3.4782057 4.750407 1.0926099
v 3.45857 4.753255 1.1142932
v 3.4385116 4.8123 1.1855574
v 3.4434667 4.8120365 1.2283721
v 3.4494016 4.7187095 1.2056322
v 3.4434667 4.8120365 1.2283721
v 3.4866686 4.8731914 1.1847951
v 3.4912074 4.866385 1.2325752
v 3.4385116 4.8123 1.1855574
v 3.4494016 4.7187095 1.2056322
v 3.4433424 4.736395 1.167587
v 3.4918118 4.7117343 1.1517184
v 3.4723554 4.735872 1.1359284
v 3.4968963 4.7355633 1.1085865
v 3.4494016 4.7187095 1.2056322
v 3.4976432 4.6908336 1.1958649
v 3.4535594 4.798652 1.167064
v 3.4385116 4.8123 1.1855574
v 3.4433424 4.736395 1.167587
v 3.4557571 4.7591333 1.1572453
v 3.46595 4.830099 1.1585011
v 3.4723554 4.735872 1.1359284
v 3.4866686 4.8731914 1.1847951
v 3.490607 4.850024 1.134959
v 3.5310202 4.8867464 1.1389643
v 3.5173435 4.8466945 1.1054822
v 3.5458162 4.8459187 1.0739825
v 3.5334017 4.8231797 1.0843241
v 3.5355992 4.7836614 1.0745056
v 3.5484164 4.7770677 1.0596467
v 3.5220933 4.7557416 1.0848856
v 3.586802 4.85688 1.0797297
v 3.5794404 4.894396 1.1407461
v 3.586802 4.85688 1.0797297
v 3.5458162 4.8459187 1.0739825
v 3.5484164 4.7770677 1.0596467
v 3.5860453 4.784717 1.0678933
v 3.5310202 4.8867464 1.1389643
v 3.5794404 4.894396 1.1407461
v 3.4912074 4.866385 1.2325752
v 3.4866686 4.8731914 1.1847951
v 3.729277 4.871202 1.2777227
v 3.6405036 4.8429384 1.3697108
v 3.7330065 4.8549867 1.3245723
v 3.6891952 4.8416843 1.3702444
v 3.6395364 4.781551 1.4078752
v 3.586802 4.85688 1.0797297
v 3.7828717 4.826395 1.2592326
v 3.6395364 4.781551 1.4078752
v 3.4434667 4.8120365 1.2283721
v 3.4912074 4.866385 1.2325752
v 3.6454713 4.6882243 1.3851352
v 3.4494016 4.7187095 1.2056322
v 3.7269835 4.755764 1.3956786
v 3.728711 4.7263646 1.3883659
v 3.6993423 4.721024 1.380708
v 3.715153 4.697705 1.3590192
v 3.6993423 4.721024 1.380708
v 3.7404017 4.7094045 1.3723719
v 3.740234 4.697649 1.3315184
v 3.715153 4.697705 1.3590192
v 3.7600377 4.7065563 1.3506885
v 3.7269835 4.755764 1.3956786
v 3.6993423 4.721024 1.380708
v 3.6968973 4.760738 1.3899958
v 3.6968973 4.760738 1.3899958
v 3.7360063 4.779223 1.389336
v 3.709288 4.792185 1.381433
v 3.709288 4.792185 1.381433
v 3.7542906 4.793992 1.3718915
v 3.7339447 4.81211 1.357891
v 3.7339447 4.81211 1.357891
v 3.7733862 4.7908916 1.350367
v 3.7542906 4.793992 1.3718915
v 3.760141 4.8085275 1.328573
v 3.760141 4.8085275 1.328573
v 3.7858646 4.7739887 1.3347448
v 3.7767394 4.7852654 1.3072561
v 3.7767394 4.7852654 1.3072561
v 3.7875922 4.744589 1.327432
v 3.7858646 4.7739887 1.3347448
v 3.7789369 4.745747 1.2974374
v 3.7789369 4.745747 1.2974374
v 3.778322 4.7213254 1.333244
v 3.765431 4.7178273 1.3078175
v 3.765431 4.7178273 1.3078175
v 3.7600377 4.7065563 1.3506885
v 3.740234 4.697649 1.3315184
v 3.741432 4.745386 1.3779495
v 3.728711 4.7263646 1.3883659
v 3.7269835 4.755764 1.3956786
v 3.7455256 4.7657948 1.3763711
v 3.7360063 4.779223 1.389336
v 3.7554781 4.773558 1.3674107
v 3.7542906 4.793992 1.3718915
v 3.7404017 4.7094045 1.3723719
v 3.7481346 4.728898 1.3673253
v 3.7600377 4.7065563 1.3506885
v 3.7583342 4.7272477 1.3562224
v 3.7661936 4.7716503 1.3552548
v 3.7733862 4.7908916 1.350367
v 3.7726033 4.7547145 1.3453201
v 3.7858646 4.7739887 1.3347448
v 3.7875922 4.744589 1.327432
v 3.7680392 4.735206 1.3467312
v 3.778322 4.7213254 1.333244
v 3.7655444 4.7487526 1.3693862
v 3.6818495 4.774386 1.4084892
v 3.68668 4.6984806 1.3905189
v 3.6454713 4.6882243 1.3851352
v 3.6395364 4.781551 1.4078752
v 3.6968973 4.760738 1.3899958
v 3.68668 4.6984806 1.3905189
v 3.6818495 4.774386 1.4084892
v 3.6993423 4.721024 1.380708
v 3.709288 4.792185 1.381433
v 3.715153 4.697705 1.3590192
v 3.788861 4.8075566 1.297604
v 3.7767394 4.7852654 1.3072561
v 3.760141 4.8085275 1.328573
v 3.7789369 4.745747 1.2974374
v 3.791214 4.7389007 1.2827374
v 3.765431 4.7178273 1.3078175
v 3.7330065 4.8549867 1.3245723
v 3.7339447 4.81211 1.357891
v 3.7330065 4.8549867 1.3245723
v 3.729277 4.871202 1.2777227
v 3.7828717 4.826395 1.2592326
v 3.788861 4.8075566 1.297604
v 3.7339447 4.81211 1.357891
v 3.6891952 4.8416843 1.3702444
v 3.709288 4.792185 1.381433
v 3.6818495 4.774386 1.4084892
v 3.6395364 4.781551 1.4078752
v 3.6405036 4.8429384 1.3697108
v 3.6474795 4.6676393 1.3328416
v 3.4494016 4.7187095 1.2056322
v 3.6454713 4.6882243 1.3851352
v 3.4976432 4.6908336 1.1958649
v 3.68668 4.6984806 1.3905189
v 3.715153 4.697705 1.3590192
v 3.693798 4.679974 1.3373265
v 3.740234 4.697649 1.3315184
v 3.6454713 4.6882243 1.3851352
v 3.6474795 4.6676393 1.3328416
v 3.7828717 4.826395 1.2592326
v 3.586802 4.85688 1.0797297
v 3.5860453 4.784717 1.0678933
v 3.7815747 4.753979 1.2475551
v 3.7828717 4.826395 1.2592326
v 3.7815747 4.753979 1.2475551
v 3.791214 4.7389007 1.2827374
v 3.788861 4.8075566 1.297604
v 3.556002 4.8472404 0.9692305
v 3.5354805 4.9121423 1.0026681
v 3.5056431 4.911246 0.98609644
v 3.5261645 4.846344 0.9526587
v 3.5536988 4.903874 1.0298972
v 3.5742202 4.838972 0.9964595
v 3.5056431 4.911246 0.98609644
v 3.4938664 4.8365245 0.9518963
v 3.5261645 4.846344 0.9526587
v 3.4733906 4.902069 0.98411375
v 3.4459026 4.886416 0.9976265
v 3.466424 4.821514 0.96418875
v 3.4526372 4.8038745 0.98996586
v 3.432116 4.8687763 1.0234035
v 3.5452054 4.8341007 0.97876006
v 3.5242789 4.833641 0.96680963
v 3.5115645 4.873852 0.9875265
v 3.532491 4.8743114 0.9994769
v 3.4881122 4.867236 0.9859736
v 3.5008266 4.8270254 0.96525675
v 3.5008266 4.8270254 0.96525675
v 3.4687736 4.856016 0.99588346
v 3.4881122 4.867236 0.9859736
v 3.481488 4.8158054 0.9751666
v 3.4587493 4.843556 1.0139165
v 3.4714637 4.8033447 0.9931997
v 3.4608774 4.833048 1.035618
v 3.4733686 4.7935424 1.0152646
v 3.4733686 4.7935424 1.0152646
v 3.4867966 4.7876973 1.0348506
v 3.4743054 4.827203 1.0552039
v 3.4608774 4.833048 1.035618
v 3.507723 4.7881575 1.046801
v 3.4952319 4.827663 1.0671544
v 3.5303876 4.7947154 1.047982
v 3.5178964 4.8342204 1.0683354
v 3.5404708 4.8843913 0.9922879
v 3.532491 4.8743114 0.9994769
v 3.5115645 4.873852 0.9875265
v 3.512749 4.8838625 0.9763011
v 3.4881122 4.867236 0.9859736
v 3.482612 4.8750534 0.9749033
v 3.4687736 4.856016 0.99588346
v 3.4570374 4.860606 0.9872499
v 3.4587493 4.843556 1.0139165
v 3.4441295 4.8443103 1.0109583
v 3.4608774 4.833048 1.035618
v 3.4465244 4.8301964 1.0398226
v 3.5456715 4.868662 1.0185322
v 3.5579472 4.876709 1.0179248
v 3.4465244 4.8301964 1.0398226
v 3.4608774 4.833048 1.035618
v 3.4743054 4.827203 1.0552039
v 3.4640007 4.822514 1.0654594
v 3.4914753 4.823238 1.0809156
v 3.4952319 4.827663 1.0671544
v 3.5218596 4.831852 1.082844
v 3.5178964 4.8342204 1.0683354
v 3.5471866 4.8464947 1.0699667
v 3.537235 4.845441 1.0584255
v 3.5606349 4.8630433 1.0460994
v 3.5472593 4.857901 1.0403924
v 3.5579472 4.876709 1.0179248
v 3.5456715 4.868662 1.0185322
v 3.5047188 4.909259 0.98938537
v 3.5056431 4.911246 0.98609644
v 3.5354805 4.9121423 1.0026681
v 3.5324407 4.9097877 1.0053722
v 3.4733906 4.902069 0.98411375
v 3.4745817 4.9004498 0.9879876
v 3.4490075 4.8860025 1.0003343
v 3.4459026 4.886416 0.9976265
v 3.549917 4.9021053 1.0310091
v 3.5536988 4.903874 1.0298972
v 3.432116 4.8687763 1.0234035
v 3.4360995 4.869706 1.0240426
v 3.4384942 4.8555927 1.0529069
v 3.4344652 4.854019 1.053488
v 3.5404708 4.8843913 0.9922879
v 3.512749 4.8838625 0.9763011
v 3.5047188 4.909259 0.98938537
v 3.5324407 4.9097877 1.0053722
v 3.4745817 4.9004498 0.9879876
v 3.549917 4.9021053 1.0310091
v 3.5579472 4.876709 1.0179248
v 3.512749 4.8838625 0.9763011
v 3.482612 4.8750534 0.9749033
v 3.4745817 4.9004498 0.9879876
v 3.4490075 4.8860025 1.0003343
v 3.4570374 4.860606 0.9872499
v 3.4360995 4.869706 1.0240426
v 3.4441295 4.8443103 1.0109583
v 3.4441295 4.8443103 1.0109583
v 3.4465244 4.8301964 1.0398226
v 3.4384942 4.8555927 1.0529069
v 3.4360995 4.869706 1.0240426
v 3.4465244 4.8301964 1.0398226
v 3.4640007 4.822514 1.0654594
v 3.4559708 4.8479104 1.0785438
v 3.4384942 4.8555927 1.0529069
v 3.4914753 4.823238 1.0809156
v 3.4834452 4.8486342 1.0939999
v 3.5452054 4.8341007 0.97876006
v 3.532491 4.8743114 0.9994769
v 3.5456715 4.868662 1.0185322
v 3.5581627 4.8291564 0.9981788
v 3.5581627 4.8291564 0.9981788
v 3.5456715 4.868662 1.0185322
v 3.5472593 4.857901 1.0403924
v 3.5597506 4.818396 1.0200391
v 3.537235 4.845441 1.0584255
v 3.5497262 4.8059354 1.0380721
v 3.5497262 4.8059354 1.0380721
v 3.537235 4.845441 1.0584255
v 3.5178964 4.8342204 1.0683354
v 3.5303876 4.7947154 1.047982
v 3.4827683 4.846452 1.0978196
v 3.5032897 4.781551 1.0643818
v 3.473745 4.781102 1.0471206
v 3.453224 4.846004 1.0805582
v 3.4344652 4.854019 1.053488
v 3.4549866 4.7891173 1.0200503
v 3.4827683 4.846452 1.0978196
v 3.5360823 4.79098 1.0662056
v 3.5032897 4.781551 1.0643818
v 3.5155609 4.8558817 1.0996433
v 3.5627828 4.806576 1.0523211
v 3.5422614 4.8714776 1.0857587
v 3.5562954 4.8889217 1.0605124
v 3.5768168 4.8240204 1.0270747
v 3.4559708 4.8479104 1.0785438
v 3.4834452 4.8486342 1.0939999
v 3.4827683 4.846452 1.0978196
v 3.453224 4.846004 1.0805582
v 3.5138295 4.8572483 1.0959283
v 3.5155609 4.8558817 1.0996433
v 3.5422614 4.8714776 1.0857587
v 3.5391567 4.871891 1.083051
v 3.5562954 4.8889217 1.0605124
v 3.5526047 4.8884397 1.0591837
v 3.549917 4.9021053 1.0310091
v 3.5536988 4.903874 1.0298972
v 3.4384942 4.8555927 1.0529069
v 3.4344652 4.854019 1.053488
v 3.5579472 4.876709 1.0179248
v 3.549917 4.9021053 1.0310091
v 3.5526047 4.8884397 1.0591837
v 3.5606349 4.8630433 1.0460994
v 3.5391567 4.871891 1.083051
v 3.5471866 4.8464947 1.0699667
v 3.5471866 4.8464947 1.0699667
v 3.5391567 4.871891 1.083051
v 3.5138295 4.8572483 1.0959283
v 3.5218596 4.831852 1.082844
v 3.4834452 4.8486342 1.0939999
v 3.4914753 4.823238 1.0809156
v 3.5768168 4.8240204 1.0270747
v 3.5562954 4.8889217 1.0605124
v 3.5536988 4.903874 1.0298972
v 3.5742202 4.838972 0.9964595
v 3.4549866 4.7891173 1.0200503
v 3.4526372 4.8038745 0.98996586
v 3.4344652 4.854019 1.053488
v 3.432116 4.8687763 1.0234035
v 3.5263047 4.849844 1.0450408
v 3.524241 4.8508744 1.0492529
v 3.5221388 4.846341 1.0492828
v 3.5242028 4.845311 1.0450708
v 3.524241 4.8508744 1.0492529
v 3.538493 4.844598 1.0589646
v 3.5361814 4.8366046 1.0599729
v 3.5221388 4.846341 1.0492828
v 3.54368 4.84291 1.0523373
v 3.5263047 4.849844 1.0450408
v 3.5242028 4.845311 1.0450708
v 3.5416157 4.8347216 1.0538763
v 3.5242028 4.845311 1.0450708
v 3.5221388 4.846341 1.0492828
v 3.5361814 4.8366046 1.0599729
v 3.5416157 4.8347216 1.0538763
v 3.54368 4.84291 1.0523373
v 3.538493 4.844598 1.0589646
v 3.524241 4.8508744 1.0492529
v 3.5263047 4.849844 1.0450408
v 3.5183318 4.8663235 1.0081618
v 3.5211303 4.8696275 1.0109442
v 3.5235064 4.8656344 1.0126747
v 3.5212483 4.8625827 1.0097334
v 3.5211303 4.8696275 1.0109442
v 3.533007 4.874054 0.9984239
v 3.5389555 4.8683696 1.0000207
v 3.5235064 4.8656344 1.0126747
v 3.5301814 4.869862 0.9917386
v 3.5183318 4.8663235 1.0081618
v 3.5212483 4.8625827 1.0097334
v 3.5361297 4.8641777 0.99333555
v 3.5212483 4.8625827 1.0097334
v 3.5235064 4.8656344 1.0126747
v 3.5389555 4.8683696 1.0000207
v 3.5361297 4.8641777 0.99333555
v 3.5301814 4.869862 0.9917386
v 3.533007 4.874054 0.9984239
v 3.5211303 4.8696275 1.0109442
v 3.5183318 4.8663235 1.0081618
v 3.4792578 4.853024 1.009995
v 3.4795372 4.8576374 1.0086906
v 3.483964 4.856779 1.0055941
v 3.4833915 4.851718 1.0075881
v 3.4795372 4.8576374 1.0086906
v 3.4687493 4.855506 0.9949893
v 3.4741838 4.8536224 0.9888927
v 3.483964 4.856779 1.0055941
v 3.4664378 4.8475127 0.99599755
v 3.4792578 4.853024 1.009995
v 3.4833915 4.851718 1.0075881
v 3.4718723 4.8456297 0.98990095
v 3.4833915 4.851718 1.0075881
v 3.483964 4.856779 1.0055941
v 3.4741838 4.8536224 0.9888927
v 3.4718723 4.8456297 0.98990095
v 3.4664378 4.8475127 0.99599755
v 3.4687493 4.855506 0.9949893
v 3.4795372 4.8576374 1.0086906
v 3.4792578 4.853024 1.009995
v 3.487478 4.8363495 1.0474049
v 3.482648 4.838884 1.0469993
v 3.4820561 4.8372335 1.0423611
v 3.486346 4.8344464 1.0429256
v 3.482648 4.838884 1.0469993
v 3.4734478 4.825992 1.0551581
v 3.4706223 4.8218 1.0484729
v 3.4820561 4.8372335 1.0423611
v 3.4793963 4.8203077 1.0567551
v 3.487478 4.8363495 1.0474049
v 3.486346 4.8344464 1.0429256
v 3.4765706 4.816116 1.0500698
v 3.486346 4.8344464 1.0429256
v 3.4820561 4.8372335 1.0423611
v 3.4706223 4.8218 1.0484729
v 3.4765706 4.816116 1.0500698
v 3.4793963 4.8203077 1.0567551
v 3.4734478 4.825992 1.0551581
v 3.482648 4.838884 1.0469993
v 3.487478 4.8363495 1.0474049
v 3.4710867 4.7893233 1.046359
v 3.4548037 4.8408213 1.072891
v 3.3944113 4.792059 1.1304737
v 3.4710867 4.7893233 1.046359
v 3.3944113 4.792059 1.1304737
v 3.4106946 4.7405605 1.1039416
v 3.4548037 4.8408213 1.072891
v 3.4602256 4.839937 1.0779346
v 3.399586 4.79137 1.1349866
v 3.4548037 4.8408213 1.072891
v 3.399586 4.79137 1.1349866
v 3.3944113 4.792059 1.1304737
v 3.4602256 4.839937 1.0779346
v 3.4765089 4.788439 1.0514026
v 3.4158692 4.739872 1.1084546
v 3.4602256 4.839937 1.0779346
v 3.4158692 4.739872 1.1084546
v 3.399586 4.79137 1.1349866
v 3.4106946 4.7405605 1.1039416
v 3.3944113 4.792059 1.1304737
v 3.399586 4.79137 1.1349866
v 3.4106946 4.7405605 1.1039416
v 3.399586 4.79137 1.1349866
v 3.4158692 4.739872 1.1084546
v 3.5715222 4.8282104 1.0325191
v 3.555239 4.8797083 1.0590512
v 3.6458642 4.8944216 1.0861119
v 3.6621475 4.842923 1.0595798
v 3.555239 4.8797083 1.0590512
v 3.5560071 4.8831763 1.052791
v 3.64742 4.8979473 1.0802236
v 3.6458642 4.8944216 1.0861119
v 3.5560071 4.8831763 1.052791
v 3.5722904 4.8316784 1.0262588
v 3.6637032 4.846449 1.0536915
v 3.64742 4.8979473 1.0802236
v 3.6621475 4.842923 1.0595798
v 3.6458642 4.8944216 1.0861119
v 3.64742 4.8979473 1.0802236
v 3.6637032 4.846449 1.0536915
v 3.4958425 4.843804 0.9558065
v 3.4795592 4.895302 0.9823386
v 3.4487858 4.9290986 0.897854
v 3.465069 4.8776 0.8713219
v 3.4795592 4.895302 0.9823386
v 3.4728289 4.892465 0.983714
v 3.4420555 4.926262 0.89922935
v 3.4487858 4.9290986 0.897854
v 3.465069 4.8776 0.8713219
v 3.4487858 4.9290986 0.897854
v 3.4420555 4.926262 0.89922935
v 3.4583387 4.8747635 0.8726973
v 3.4710867 4.7893233 1.046359
v 3.4548037 4.8408213 1.072891
v 3.3944113 4.792059 1.1304737
v 3.4710867 4.7893233 1.046359
v 3.3944113 4.792059 1.1304737
v 3.4106946 4.7405605 1.1039416
v 3.4548037 4.8408213 1.072891
v 3.4602256 4.839937 1.0779346
v 3.399586 4.79137 1.1349866
v 3.4548037 4.8408213 1.072891
v 3.399586 4.79137 1.1349866
v 3.3944113 4.792059 1.1304737
v 3.4602256 4.839937 1.0779346
v 3.4765089 4.788439 1.0514026
v 3.4158692 4.739872 1.1084546
v 3.4602256 4.839937 1.0779346
v 3.4158692 4.739872 1.1084546
v 3.399586 4.79137 1.1349866
v 3.4765089 4.788439 1.0514026
v 3.4710867 4.7893233 1.046359
v 3.4106946 4.7405605 1.1039416
v 3.4158692 4.739872 1.1084546
v 3.4106946 4.7405605 1.1039416
v 3.3944113 4.792059 1.1304737
v 3.399586 4.79137 1.1349866
v 3.4106946 4.7405605 1.1039416
v 3.399586 4.79137 1.1349866
v 3.4158692 4.739872 1.1084546
v 3.4728289 4.892465 0.983714
v 3.488666 4.8423777 0.9579088
v 3.4583387 4.8747635 0.8726973
v 3.4420555 4.926262 0.89922935
v 3.6652014 4.8958874 0.94556487
v 3.6824305 4.8884006 0.97067106
v 3.6725566 4.913744 0.98459536
v 3.6558223 4.9208407 0.9605506
v 3.6745024 4.900664 1.0111778
v 3.684871 4.87493 0.998315
v 3.6444786 4.951751 1.0095084
v 3.6325803 4.957068 0.9918864
v 3.6458647 4.941829 1.0296175
v 3.6274035 4.9659405 1.0219676
v 3.6185188 4.969558 1.0094941
v 3.62823 4.9591765 1.0356038
v 3.6296756 4.920427 0.9453075
v 3.6134765 4.956528 0.9812104
v 3.604928 4.96942 1.0014212
v 3.6385145 4.8952208 0.93048066
v 3.684871 4.87493 0.998315
v 3.6621802 4.8852634 1.0335071
v 3.6745024 4.900664 1.0111778
v 3.6717157 4.858829 1.0214926
v 3.6369665 4.930517 1.0461128
v 3.6458647 4.941829 1.0296175
v 3.6219225 4.9512525 1.0471132
v 3.62823 4.9591765 1.0356038
v 3.638474 4.871379 1.045908
v 3.6474693 4.8446913 1.0340524
v 3.6195416 4.9205027 1.0548565
v 3.6096528 4.9439597 1.0537378
v 3.6094174 4.8630753 1.0441926
v 3.638474 4.871379 1.045908
v 3.598745 4.914508 1.0537297
v 3.5944605 4.939653 1.0527735
v 3.6096528 4.9439597 1.0537378
v 3.6094174 4.8630753 1.0441926
v 3.5793939 4.9141626 1.042523
v 3.598745 4.914508 1.0537297
v 3.5835183 4.862466 1.0294801
v 3.5903978 4.835411 1.0170397
v 3.5811172 4.9393196 1.0452313
v 3.5944605 4.939653 1.0527735
v 3.5674956 4.9194794 1.024901
v 3.5727727 4.9431896 1.0325989
v 3.5658164 4.9289536 1.0054814
v 3.5711586 4.9498963 1.018591
v 3.5734162 4.842703 0.9924642
v 3.5673242 4.8698153 1.0052766
v 3.5712688 4.8566217 0.9641307
v 3.5645907 4.8828382 0.9783222
v 3.6185188 4.969558 1.0094941
v 3.6274035 4.9659405 1.0219676
v 3.5965714 4.9644127 1.0321857
v 3.62823 4.9591765 1.0356038
v 3.6219225 4.9512525 1.0471132
v 3.6096528 4.9439597 1.0537378
v 3.604928 4.96942 1.0014212
v 3.5899832 4.9649177 1.0009876
v 3.5780065 4.958073 1.0069227
v 3.5711586 4.9498963 1.018591
v 3.5727727 4.9431896 1.0325989
v 3.5811172 4.9393196 1.0452313
v 3.5944605 4.939653 1.0527735
v 3.6096528 4.9439597 1.0537378
v 3.6134765 4.956528 0.9812104
v 3.604928 4.96942 1.0014212
v 3.5899832 4.9649177 1.0009876
v 3.5921397 4.95028 0.98024243
v 3.5780065 4.958073 1.0069227
v 3.5747147 4.9402657 0.9889862
v 3.5711586 4.9498963 1.018591
v 3.5658164 4.9289536 1.0054814
v 3.6296756 4.920427 0.9453075
v 3.6014066 4.9121804 0.94396394
v 3.6385145 4.8952208 0.93048066
v 3.6086705 4.88686 0.9283933
v 3.5774531 4.898491 0.95583403
v 3.6086705 4.88686 0.9283933
v 3.5838838 4.87247 0.9411118
v 3.5645907 4.8828382 0.9783222
v 3.5712688 4.8566217 0.9641307
v 3.6661181 4.826416 1.0660131
v 3.8315861 4.8368425 1.1585441
v 3.856504 4.8924475 1.1350846
v 3.6797621 4.881412 1.0368167
v 3.8315861 4.8368425 1.1585441
v 3.7941256 4.8711123 1.2223449
v 3.8132355 4.9315424 1.2083914
v 3.856504 4.8924475 1.1350846
v 3.8180838 4.827737 1.1772789
v 3.7959793 4.848185 1.213765
v 3.8653831 4.8855667 1.1183665
v 3.8043642 4.9427214 1.2223804
v 3.6797621 4.881412 1.0368167
v 3.6365638 4.9216604 1.1097974
v 3.6284344 4.8613915 1.1301773
v 3.6661181 4.826416 1.0660131
v 3.6336858 4.8384986 1.1236156
v 3.655543 4.818246 1.0865988
v 3.637429 4.9271693 1.1071138
v 3.6806273 4.886921 1.0341332
v 3.7959793 4.848185 1.213765
v 3.6336858 4.8384986 1.1236156
v 3.6284344 4.8613915 1.1301773
v 3.7941256 4.8711123 1.2223449
v 3.8132355 4.9315424 1.2083914
v 3.6365638 4.9216604 1.1097974
v 3.8720703 4.8887954 1.0862901
v 3.7513742 4.878434 1.0454148
v 3.8653831 4.8855667 1.1183665
v 3.6797621 4.881412 1.0368167
v 3.856504 4.8924475 1.1350846
v 3.8720703 4.8887954 1.0862901
v 3.8729599 4.8948145 1.0845008
v 3.7522638 4.8844533 1.0436255
v 3.7513742 4.878434 1.0454148
v 3.6806273 4.886921 1.0341332
v 3.6797621 4.881412 1.0368167
v 3.8667886 4.8913283 1.115524
v 3.8729599 4.8948145 1.0845008
v 3.8720703 4.8887954 1.0862901
v 3.8653831 4.8855667 1.1183665
v 3.637429 4.9271693 1.1071138
v 3.684698 4.947396 1.158562
v 3.6830451 4.941829 1.1608735
v 3.6365638 4.9216604 1.1097974
v 3.770618 4.957696 1.2249533
v 3.7717304 4.96301 1.2228005
v 3.770618 4.957696 1.2249533
v 3.7717304 4.96301 1.2228005
v 3.8050065 4.948936 1.2200603
v 3.8043642 4.9427214 1.2223804
v 3.637429 4.9271693 1.1071138
v 3.6806273 4.886921 1.0341332
v 3.7522638 4.8844533 1.0436255
v 3.684698 4.947396 1.158562
v 3.7717304 4.96301 1.2228005
v 3.8729599 4.8948145 1.0845008
v 3.8667886 4.8913283 1.115524
v 3.8050065 4.948936 1.2200603
v 3.770618 4.957696 1.2249533
v 3.8043642 4.9427214 1.2223804
v 3.6830451 4.941829 1.1608735
v 3.8132355 4.9315424 1.2083914
v 3.6365638 4.9216604 1.1097974
v 3.8653831 4.8855667 1.1183665
v 3.8043642 4.9427214 1.2223804
v 3.8050065 4.948936 1.2200603
v 3.8667886 4.8913283 1.115524
v 3.6176867 4.8868403 1.4051071
v 3.62706 4.853765 1.4395356
v 3.6136098 4.8527675 1.4425657
v 3.6036966 4.88559 1.408296
v 3.6036966 4.88559 1.408296
v 3.6136098 4.8527675 1.4425657
v 3.6141195 4.8425364 1.4328225
v 3.6042063 4.8753595 1.3985528
v 3.6042063 4.8753595 1.3985528
v 3.6141195 4.8425364 1.4328225
v 3.6275697 4.843534 1.4297923
v 3.6181965 4.87661 1.3953638
v 3.6181965 4.87661 1.3953638
v 3.6275697 4.843534 1.4297923
v 3.62706 4.853765 1.4395356
v 3.6176867 4.8868403 1.4051071
v 3.62706 4.853765 1.4395356
v 3.62431 4.8514814 1.4385415
v 3.6164157 4.8511515 1.4399458
v 3.6136098 4.8527675 1.4425657
v 3.6208286 4.84524 1.4335614
v 3.6141195 4.8425364 1.4328225
v 3.6275697 4.843534 1.4297923
v 3.62431 4.8514814 1.4385415
v 3.626079 4.8464594 1.4437655
v 3.6176445 4.8458767 1.4453287
v 3.6164157 4.8511515 1.4399458
v 3.6164157 4.8511515 1.4399458
v 3.6176445 4.8458767 1.4453287
v 3.6220574 4.839966 1.4389443
v 3.6208286 4.84524 1.4335614
v 3.6208286 4.84524 1.4335614
v 3.6220574 4.839966 1.4389443
v 3.626079 4.8464594 1.4437655
v 3.62431 4.8514814 1.4385415
v 3.6015675 4.8684425 1.3785754
v 3.5909712 4.90018 1.4002128
v 3.5962484 4.883849 1.4089735
v 3.6000102 4.8705916 1.3958833
v 3.596174 4.8861427 1.359606
v 3.5887551 4.9097786 1.3839605
v 3.5962484 4.883849 1.4089735
v 3.6216142 4.8916707 1.4093603
v 3.6259162 4.8786654 1.3961112
v 3.6000102 4.8705916 1.3958833
v 3.6015675 4.8684425 1.3785754
v 3.6269333 4.8762636 1.3789623
v 3.6269333 4.8762636 1.3789623
v 3.6259162 4.8786654 1.3961112
v 3.6216142 4.8916707 1.4093603
v 3.6171248 4.908058 1.4009714
v 3.62208 4.8942165 1.359834
v 3.614121 4.9175997 1.3843473
v 3.614121 4.9175997 1.3843473
v 3.5887551 4.9097786 1.3839605
v 3.596174 4.8861427 1.359606
v 3.62208 4.8942165 1.359834
v 3.6171248 4.908058 1.4009714
v 3.6216142 4.8916707 1.4093603
v 3.5962484 4.883849 1.4089735
v 3.5909712 4.90018 1.4002128
v 3.614121 4.9175997 1.3843473
v 3.5887551 4.9097786 1.3839605
v 3.596174 4.8861427 1.359606
v 3.6015675 4.8684425 1.3785754
v 3.6269333 4.8762636 1.3789623
v 3.62208 4.8942165 1.359834
v 3.647088 4.85259 1.3307136
v 3.6373215 4.8662133 1.3431478
v 3.6211991 4.859165 1.3394552
v 3.6268213 4.8513904 1.3318217
v 3.6268213 4.8513904 1.3318217
v 3.6211991 4.859165 1.3394552
v 3.6252105 4.848598 1.3530792
v 3.6271834 4.8462815 1.3513076
v 3.6271834 4.8462815 1.3513076
v 3.6252105 4.848598 1.3530792
v 3.6413574 4.856157 1.3576659
v 3.6464393 4.8481293 1.3501911
v 3.6464393 4.8481293 1.3501911
v 3.6413574 4.856157 1.3576659
v 3.6373215 4.8662133 1.3431478
v 3.647088 4.85259 1.3307136
v 3.6373215 4.8662133 1.3431478
v 3.6347277 4.862448 1.345125
v 3.6253388 4.858614 1.3430656
v 3.6211991 4.859165 1.3394552
v 3.6278043 4.852363 1.351102
v 3.6252105 4.848598 1.3530792
v 3.6372175 4.8567076 1.3540555
v 3.6413574 4.856157 1.3576659
v 3.6347277 4.862448 1.345125
v 3.6149957 4.8909106 1.3712509
v 3.6058297 4.8863707 1.368828
v 3.6253388 4.858614 1.3430656
v 3.6253388 4.858614 1.3430656
v 3.6058297 4.8863707 1.368828
v 3.6085427 4.8799253 1.3773953
v 3.6278043 4.852363 1.351102
v 3.6278043 4.852363 1.351102
v 3.6085427 4.8799253 1.3773953
v 3.6177087 4.8844647 1.379818
v 3.6372175 4.8567076 1.3540555
v 3.6372175 4.8567076 1.3540555
v 3.6177087 4.8844647 1.379818
v 3.6149957 4.8909106 1.3712509
v 3.6347277 4.862448 1.345125
vt 0.9609808 0.50531644
vt 0.8714058 0.50531644
vt 0.8714058 0.5909969
vt 0.9609808 0.5909969
vt 0.7740416 0.50531644
vt 0.86361665 0.50531644
vt 0.86361665 0.5909969
vt 0.7740416 0.5909969
vt 0.76625246 0.5909969
vt 0.76625246 0.5909969
vt 0.76625246 0.50531644
vt 0.7740416 0.50531644
vt 0.9609808 0.50531644
vt 0.8714058 0.50531644
vt 0.8714058 0.5909969
vt 0.9609808 0.5909969
vt 0.98824275 0.46637076
vt 0.98824275 0.4624762
vt 0.9726645 0.4624762
vt 0.9726645 0.46637076
vt 0.98824275 0.45858163
vt 0.9726645 0.45858163
vt 0.9726645 0.4624762
vt 0.98824275 0.4624762
vt 0.98824275 0.4507925
vt 0.9726645 0.4507925
vt 0.9726645 0.45858163
vt 0.98824275 0.45858163
vt 0.98824275 0.44689792
vt 0.9726645 0.44689792
vt 0.98824275 0.4858436
vt 0.9726645 0.4858436
vt 0.9726645 0.48973817
vt 0.98824275 0.48973817
vt 0.98824275 0.47805446
vt 0.9726645 0.47805446
vt 0.9726645 0.4858436
vt 0.98824275 0.4858436
vt 0.98824275 0.4741599
vt 0.9726645 0.4741599
vt 0.9726645 0.47805446
vt 0.98824275 0.47805446
vt 0.98824275 0.46637076
vt 0.9726645 0.46637076
vt 0.9726645 0.4741599
vt 0.98824275 0.4741599
vt 0.97655904 0.4391088
vt 0.9843482 0.4391088
vt 0.9921373 0.43521422
vt 0.9687699 0.43521422
vt 0.9921373 0.4274251
vt 0.9687699 0.4274251
vt 0.97655904 0.42353052
vt 0.9843482 0.42353052
vt 0.7740416 0.5909969
vt 0.86361665 0.5909969
vt 0.86361665 0.50531644
vt 0.7740416 0.50531644
vt 0.8714058 0.5909969
vt 0.8714058 0.50531644
vt 0.86361665 0.5909969
vt 0.86361665 0.50531644
vt 0.8714058 0.50531644
vt 0.8714058 0.5909969
vt 0.7740416 0.5909969
vt 0.7740416 0.50531644
vt 0.76625246 0.50531644
vt 0.76625246 0.5909969
vt 0.797409 0.4507925
vt 0.76625246 0.41963595
vt 0.76625246 0.48973817
vt 0.797409 0.45858163
vt 0.770147 0.41184682
vt 0.80519813 0.44689792
vt 0.8480384 0.41184682
vt 0.81298727 0.44689792
vt 0.8558275 0.41963595
vt 0.8207764 0.4507925
vt 0.8207764 0.4507925
vt 0.8558275 0.48973817
vt 0.8558275 0.41963595
vt 0.8207764 0.45858163
vt 0.8480384 0.49363273
vt 0.81298727 0.4624762
vt 0.770147 0.49363273
vt 0.80519813 0.4624762
vt 0.76625246 0.48973817
vt 0.797409 0.45858163
vt 0.86361665 0.39626855
vt 0.824671 0.39626855
vt 0.824671 0.2950098
vt 0.8558275 0.2950098
vt 0.8791949 0.39626855
vt 0.86361665 0.39626855
vt 0.8558275 0.2950098
vt 0.8791949 0.2950098
vt 0.8363547 0.22490759
vt 0.8363547 0.28722066
vt 0.797409 0.2833261
vt 0.797409 0.22880216
vt 0.797409 0.0691249
vt 0.8363547 0.0691249
vt 0.8363547 0.22490759
vt 0.797409 0.22880216
vt 0.8791949 0.39626855
vt 0.8791949 0.2950098
vt 0.8558275 0.2950098
vt 0.86361665 0.39626855
vt 0.9492971 0.06523033
vt 0.9337188 0.06523033
vt 0.92982423 0.14312167
vt 0.9687699 0.1158597
vt 0.9687699 0.27943152
vt 0.8558275 0.27943152
vt 0.89087856 0.14312167
vt 0.85193294 0.10807057
vt 0.88698405 0.06523033
vt 0.8714058 0.07301947
vt 0.8363547 0.22490759
vt 0.80130357 0.22880216
vt 0.797409 0.2833261
vt 0.8363547 0.28722066
vt 0.824671 0.2950098
vt 0.797409 0.2950098
vt 0.797409 0.39626855
vt 0.824671 0.39626855
vt 0.86361665 0.39626855
vt 0.8558275 0.2950098
vt 0.824671 0.2950098
vt 0.824671 0.39626855
vt 0.8363547 0.0691249
vt 0.797409 0.0691249
vt 0.80130357 0.22880216
vt 0.8363547 0.22490759
vt 0.9492971 0.06523033
vt 0.9687699 0.1158597
vt 0.92982423 0.14312167
vt 0.9337188 0.06523033
vt 0.9687699 0.27943152
vt 0.89087856 0.14312167
vt 0.8558275 0.27943152
vt 0.8558275 0.10807057
vt 0.89087856 0.076914035
vt 0.8714058 0.07301947
vt 0.536473 0.5559458
vt 0.536473 0.52868384
vt 0.509211 0.52868384
vt 0.509211 0.5559458
vt 0.509211 0.5208947
vt 0.536473 0.5208947
vt 0.536473 0.48973817
vt 0.509211 0.48973817
vt 0.536473 0.47805446
vt 0.509211 0.47805446
vt 0.509211 0.52868384
vt 0.536473 0.52868384
vt 0.509211 0.41184682
vt 0.509211 0.44300336
vt 0.536473 0.44300336
vt 0.536473 0.41184682
vt 0.536473 0.44300336
vt 0.509211 0.44300336
vt 0.509211 0.45468706
vt 0.536473 0.45468706
vt 0.536473 0.47805446
vt 0.536473 0.45468706
vt 0.509211 0.45468706
vt 0.509211 0.47805446
vt 0.5832078 0.8441438
vt 0.536473 0.8441438
vt 0.5442621 0.85193294
vt 0.57541865 0.85193294
vt 0.536473 0.824671
vt 0.5832078 0.824671
vt 0.57541865 0.81688184
vt 0.5442621 0.81688184
vt 0.536473 0.5559458
vt 0.509211 0.5559458
vt 0.509211 0.56373495
vt 0.536473 0.56373495
vt 0.5715241 0.81688184
vt 0.5793132 0.824671
vt 0.5325784 0.824671
vt 0.54036754 0.81688184
vt 0.5793132 0.8480384
vt 0.5325784 0.8480384
vt 0.54036754 0.85193294
vt 0.5715241 0.85193294
vt 0.48194903 0.8090927
vt 0.49363273 0.81298727
vt 0.50142187 0.8090927
vt 0.4858436 0.8324601
vt 0.4741599 0.8324601
vt 0.4858436 0.8558275
vt 0.49363273 0.8558275
vt 0.4001631 0.71951765
vt 0.39626855 0.7273068
vt 0.44300336 0.7273068
vt 0.44300336 0.71951765
vt 0.39626855 0.7467796
vt 0.44300336 0.7273068
vt 0.39626855 0.7273068
vt 0.44689792 0.7467796
vt 0.57541865 0.7857253
vt 0.57541865 0.7740416
vt 0.54036754 0.7740416
vt 0.54036754 0.7857253
vt 0.5325784 0.7467796
vt 0.54036754 0.7740416
vt 0.57541865 0.7740416
vt 0.5832078 0.7467796
vt 0.536473 0.71951765
vt 0.5325784 0.7467796
vt 0.5832078 0.7467796
vt 0.5793132 0.71951765
vt 0.39626855 0.7467796
vt 0.40405768 0.770147
vt 0.4391088 0.770147
vt 0.44689792 0.7467796
vt 0.48194903 0.80519813
vt 0.4975273 0.80519813
vt 0.49363273 0.81298727
vt 0.4858436 0.8324601
vt 0.4741599 0.8324601
vt 0.49363273 0.85193294
vt 0.4858436 0.8558275
vt 0.41184682 0.4975273
vt 0.3884794 0.48973817
vt 0.41184682 0.5131056
vt 0.365112 0.5131056
vt 0.365112 0.4975273
vt 0.4274251 0.43131965
vt 0.49363273 0.43131965
vt 0.49363273 0.41184682
vt 0.4274251 0.41184682
vt 0.4274251 0.45468706
vt 0.4274251 0.48194903
vt 0.49363273 0.48194903
vt 0.49363273 0.45468706
vt 0.4274251 0.43131965
vt 0.49363273 0.43131965
vt 0.4274251 0.4975273
vt 0.49363273 0.4975273
vt 0.49363273 0.48194903
vt 0.4274251 0.48194903
vt 0.4274251 0.5442621
vt 0.49363273 0.5442621
vt 0.49363273 0.4975273
vt 0.4274251 0.4975273
vt 0.40795225 0.4975273
vt 0.40795225 0.5131056
vt 0.38458484 0.48973817
vt 0.365112 0.5131056
vt 0.365112 0.4975273
vt 0.37290114 0.47805446
vt 0.37290114 0.41574138
vt 0.36121744 0.41574138
vt 0.36121744 0.47805446
vt 0.40795225 0.47805446
vt 0.40795225 0.41574138
vt 0.39626855 0.41574138
vt 0.39626855 0.47805446
vt 0.39626855 0.47805446
vt 0.39626855 0.41574138
vt 0.38458484 0.41574138
vt 0.38458484 0.47805446
vt 0.38458484 0.47805446
vt 0.38458484 0.41574138
vt 0.37290114 0.41574138
vt 0.37290114 0.47805446
vt 0.41184682 0.5481567
vt 0.40405768 0.5481567
vt 0.4001631 0.55205125
vt 0.4001631 0.54036754
vt 0.39626855 0.54036754
vt 0.40795225 0.54036754
vt 0.40795225 0.536473
vt 0.40795225 0.536473
vt 0.40795225 0.54036754
vt 0.40405768 0.5481567
vt 0.33395547 0.50142187
vt 0.33395547 0.49363273
vt 0.32616633 0.49363273
vt 0.32616633 0.50142187
vt 0.32616633 0.50142187
vt 0.32616633 0.49363273
vt 0.3183772 0.48973817
vt 0.3183772 0.50142187
vt 0.3183772 0.50142187
vt 0.3183772 0.48973817
vt 0.3066935 0.49363273
vt 0.3066935 0.50142187
vt 0.36900657 0.47805446
vt 0.36900657 0.41574138
vt 0.35732287 0.41574138
vt 0.35732287 0.47805446
vt 0.40795225 0.47805446
vt 0.40795225 0.41574138
vt 0.39626855 0.41574138
vt 0.39626855 0.47805446
vt 0.39626855 0.47805446
vt 0.39626855 0.41574138
vt 0.38458484 0.41574138
vt 0.38458484 0.47805446
vt 0.38458484 0.47805446
vt 0.38458484 0.41574138
vt 0.36900657 0.41574138
vt 0.36900657 0.47805446
vt 0.40795225 0.5481567
vt 0.40405768 0.5481567
vt 0.39626855 0.55205125
vt 0.39626855 0.54036754
vt 0.39626855 0.54036754
vt 0.40405768 0.54036754
vt 0.40405768 0.536473
vt 0.3300609 0.50142187
vt 0.3300609 0.49363273
vt 0.32227176 0.49363273
vt 0.32227176 0.50142187
vt 0.32227176 0.50142187
vt 0.32227176 0.49363273
vt 0.31448263 0.48973817
vt 0.31448263 0.50142187
vt 0.31448263 0.50142187
vt 0.31448263 0.48973817
vt 0.30279893 0.49363273
vt 0.30279893 0.50142187
vt 0.40795225 0.4975273
vt 0.38458484 0.4858436
vt 0.40795225 0.5131056
vt 0.365112 0.51700014
vt 0.365112 0.4975273
vt 0.42353052 0.43131965
vt 0.48973817 0.43131965
vt 0.48973817 0.41184682
vt 0.42353052 0.41184682
vt 0.42353052 0.45468706
vt 0.42353052 0.48194903
vt 0.48973817 0.48194903
vt 0.48973817 0.45468706
vt 0.42353052 0.43131965
vt 0.48973817 0.43131965
vt 0.42353052 0.4975273
vt 0.48973817 0.4975273
vt 0.48973817 0.48194903
vt 0.42353052 0.48194903
vt 0.42353052 0.5442621
vt 0.48973817 0.5442621
vt 0.48973817 0.4975273
vt 0.42353052 0.4975273
vt 0.41184682 0.4975273
vt 0.41184682 0.5131056
vt 0.3884794 0.4858436
vt 0.365112 0.5131056
vt 0.365112 0.4975273
vt 0.4001631 0.66109914
vt 0.4001631 0.7039394
vt 0.4274251 0.7039394
vt 0.4274251 0.66109914
vt 0.4274251 0.66109914
vt 0.4274251 0.7039394
vt 0.4507925 0.7039394
vt 0.4507925 0.680572
vt 0.4507925 0.680572
vt 0.4507925 0.7039394
vt 0.4741599 0.7039394
vt 0.4741599 0.7000448
vt 0.32616633 0.7000448
vt 0.32616633 0.7039394
vt 0.3534283 0.7039394
vt 0.3534283 0.7000448
vt 0.3534283 0.7000448
vt 0.3534283 0.7039394
vt 0.3767957 0.7039394
vt 0.3767957 0.680572
vt 0.3767957 0.680572
vt 0.3767957 0.7039394
vt 0.4001631 0.7039394
vt 0.4001631 0.66109914
vt 0.5208947 0.8947731
vt 0.47026533 0.8947731
vt 0.4858436 0.91424596
vt 0.509211 0.91424596
vt 0.4858436 0.87530035
vt 0.509211 0.87530035
vt 0.48194903 0.56373495
vt 0.50531644 0.57541865
vt 0.50531644 0.5909969
vt 0.48194903 0.5909969
vt 0.50531644 0.57541865
vt 0.5208947 0.5832078
vt 0.5208947 0.5909969
vt 0.50531644 0.5909969
vt 0.43131965 0.58710235
vt 0.45858163 0.57541865
vt 0.45858163 0.5909969
vt 0.43131965 0.5909969
vt 0.45858163 0.57541865
vt 0.48194903 0.56373495
vt 0.48194903 0.5909969
vt 0.45858163 0.5909969
vt 0.24438043 0.68446654
vt 0.22880216 0.6688883
vt 0.2365913 0.6688883
vt 0.24438043 0.6766774
vt 0.24438043 0.66109914
vt 0.24438043 0.65331
vt 0.25216955 0.6688883
vt 0.25995868 0.6688883
vt 0.5247893 0.9337188
vt 0.5442621 0.93761337
vt 0.54036754 0.98824275
vt 0.5247893 0.98824275
vt 0.5442621 0.93761337
vt 0.5598404 0.93761337
vt 0.5559458 0.9921373
vt 0.54036754 0.98824275
vt 0.5598404 0.93761337
vt 0.57541865 0.93761337
vt 0.5715241 0.9921373
vt 0.5559458 0.9921373
vt 0.57541865 0.93761337
vt 0.5832078 0.93761337
vt 0.5832078 0.9921373
vt 0.5715241 0.9921373
vt 0.40405768 0.6649937
vt 0.4274251 0.6649937
vt 0.4274251 0.7039394
vt 0.40405768 0.7039394
vt 0.4274251 0.6649937
vt 0.45468706 0.68446654
vt 0.4507925 0.7039394
vt 0.4274251 0.7039394
vt 0.45468706 0.68446654
vt 0.47805446 0.7000448
vt 0.47805446 0.7039394
vt 0.4507925 0.7039394
vt 0.32616633 0.7000448
vt 0.3534283 0.7000448
vt 0.3534283 0.7039394
vt 0.32616633 0.7039394
vt 0.3534283 0.7000448
vt 0.3767957 0.680572
vt 0.3767957 0.7039394
vt 0.3534283 0.7039394
vt 0.3767957 0.680572
vt 0.40405768 0.6649937
vt 0.40405768 0.7039394
vt 0.3767957 0.7039394
vt 0.5208947 0.8947731
vt 0.509211 0.91424596
vt 0.4858436 0.91424596
vt 0.4741599 0.8947731
vt 0.4858436 0.8714058
vt 0.509211 0.8714058
vt 0.2950098 0.41184682
vt 0.3183772 0.41184682
vt 0.3183772 0.4741599
vt 0.2950098 0.4741599
vt 0.3183772 0.41184682
vt 0.33785003 0.41184682
vt 0.33785003 0.4741599
vt 0.3183772 0.4741599
vt 0.26385325 0.41184682
vt 0.27553695 0.41184682
vt 0.27553695 0.4741599
vt 0.26385325 0.4741599
vt 0.27553695 0.41184682
vt 0.2950098 0.41184682
vt 0.2950098 0.4741599
vt 0.27553695 0.4741599
vt 0.48194903 0.68446654
vt 0.46637076 0.67278284
vt 0.47026533 0.67278284
vt 0.48194903 0.6766774
vt 0.4858436 0.6688883
vt 0.48194903 0.66109914
vt 0.49363273 0.67278284
vt 0.5559458 0.7000448
vt 0.5442621 0.7000448
vt 0.5442621 0.6883611
vt 0.5559458 0.6883611
vt 0.5442621 0.7000448
vt 0.536473 0.7000448
vt 0.536473 0.6883611
vt 0.5442621 0.6883611
vt 0.57541865 0.7000448
vt 0.5559458 0.7000448
vt 0.5559458 0.6883611
vt 0.57541865 0.6883611
vt 0.536473 0.5559458
vt 0.509211 0.5559458
vt 0.509211 0.5325784
vt 0.536473 0.5325784
vt 0.509211 0.41574138
vt 0.536473 0.41574138
vt 0.536473 0.44689792
vt 0.509211 0.44689792
vt 0.509211 0.45468706
vt 0.536473 0.45468706
vt 0.536473 0.48194903
vt 0.509211 0.48194903
vt 0.509211 0.45468706
vt 0.536473 0.45468706
vt 0.536473 0.5559458
vt 0.536473 0.56373495
vt 0.509211 0.56373495
vt 0.509211 0.5559458
vt 0.536473 0.48194903
vt 0.536473 0.48973817
vt 0.509211 0.48973817
vt 0.509211 0.48194903
vt 0.536473 0.5208947
vt 0.509211 0.5208947
vt 0.509211 0.5325784
vt 0.536473 0.5325784
vt 0.5715241 0.81688184
vt 0.5793132 0.824671
vt 0.5325784 0.824671
vt 0.54036754 0.81688184
vt 0.5793132 0.8480384
vt 0.5325784 0.8480384
vt 0.54036754 0.85193294
vt 0.5715241 0.85193294
vt 0.57541865 0.8480384
vt 0.536473 0.8480384
vt 0.5442621 0.85193294
vt 0.5676295 0.85193294
vt 0.536473 0.824671
vt 0.57541865 0.824671
vt 0.5676295 0.81688184
vt 0.54036754 0.81688184
vt 0.33395547 0.75456876
vt 0.34953374 0.770147
vt 0.36900657 0.770147
vt 0.3767957 0.7467796
vt 0.33395547 0.7234122
vt 0.37290114 0.7234122
vt 0.58710235 0.509211
vt 0.58710235 0.5325784
vt 0.55205125 0.5325784
vt 0.55205125 0.509211
vt 0.58710235 0.5559458
vt 0.55205125 0.5559458
vt 0.3300609 0.75456876
vt 0.38069028 0.74288505
vt 0.37290114 0.76625246
vt 0.34953374 0.76625246
vt 0.3300609 0.71951765
vt 0.3767957 0.71951765
vt 0.55205125 0.45858163
vt 0.55205125 0.41574138
vt 0.58710235 0.41574138
vt 0.58710235 0.45858163
vt 0.55205125 0.4858436
vt 0.58710235 0.4858436
vt 0.58710235 0.509211
vt 0.55205125 0.509211
vt 0.55205125 0.45858163
vt 0.58710235 0.45858163
vt 0.58710235 0.5909969
vt 0.55205125 0.5909969
vt 0.55205125 0.5559458
vt 0.58710235 0.5559458
vt 0.48194903 0.8090927
vt 0.50142187 0.8090927
vt 0.49363273 0.81298727
vt 0.4858436 0.8324601
vt 0.4741599 0.8324601
vt 0.49363273 0.8558275
vt 0.4858436 0.8558275
vt 0.4001631 0.71951765
vt 0.44300336 0.71951765
vt 0.44300336 0.7273068
vt 0.39626855 0.7273068
vt 0.39626855 0.7467796
vt 0.44689792 0.7467796
vt 0.4391088 0.770147
vt 0.40405768 0.770147
vt 0.57541865 0.7857253
vt 0.54036754 0.7857253
vt 0.54036754 0.7740416
vt 0.57541865 0.7740416
vt 0.5325784 0.7467796
vt 0.536473 0.71951765
vt 0.5793132 0.71951765
vt 0.5832078 0.7467796
vt 0.54036754 0.7740416
vt 0.57541865 0.7740416
vt 0.48194903 0.80519813
vt 0.49363273 0.81298727
vt 0.4975273 0.80519813
vt 0.4858436 0.8324601
vt 0.4741599 0.8324601
vt 0.4858436 0.8558275
vt 0.49363273 0.85193294
vt 0.36900657 0.47805446
vt 0.35732287 0.47805446
vt 0.35732287 0.41574138
vt 0.36900657 0.41574138
vt 0.40795225 0.47805446
vt 0.39626855 0.47805446
vt 0.39626855 0.41574138
vt 0.40795225 0.41574138
vt 0.39626855 0.47805446
vt 0.38458484 0.47805446
vt 0.38458484 0.41574138
vt 0.39626855 0.41574138
vt 0.38458484 0.47805446
vt 0.36900657 0.47805446
vt 0.36900657 0.41574138
vt 0.38458484 0.41574138
vt 0.40795225 0.5481567
vt 0.39626855 0.55205125
vt 0.40405768 0.5481567
vt 0.39626855 0.54036754
vt 0.39626855 0.54036754
vt 0.40405768 0.54036754
vt 0.40405768 0.536473
vt 0.3300609 0.50142187
vt 0.32227176 0.50142187
vt 0.32227176 0.49363273
vt 0.3300609 0.49363273
vt 0.32227176 0.50142187
vt 0.31448263 0.50142187
vt 0.31448263 0.48973817
vt 0.32227176 0.49363273
vt 0.31448263 0.50142187
vt 0.30279893 0.50142187
vt 0.30279893 0.49363273
vt 0.31448263 0.48973817
vt 0.40795225 0.4975273
vt 0.40795225 0.5131056
vt 0.38458484 0.4858436
vt 0.365112 0.51700014
vt 0.365112 0.4975273
vt 0.42353052 0.43131965
vt 0.42353052 0.41184682
vt 0.48973817 0.41184682
vt 0.48973817 0.43131965
vt 0.42353052 0.45468706
vt 0.48973817 0.45468706
vt 0.48973817 0.48194903
vt 0.42353052 0.48194903
vt 0.42353052 0.4975273
vt 0.42353052 0.48194903
vt 0.48973817 0.48194903
vt 0.48973817 0.4975273
vt 0.42353052 0.43131965
vt 0.48973817 0.43131965
vt 0.48973817 0.45468706
vt 0.42353052 0.45468706
vt 0.42353052 0.5442621
vt 0.42353052 0.4975273
vt 0.48973817 0.4975273
vt 0.48973817 0.5442621
vt 0.41184682 0.4975273
vt 0.3884794 0.4858436
vt 0.41184682 0.5131056
vt 0.365112 0.5131056
vt 0.365112 0.4975273
vt 0.2833261 0.57541865
vt 0.25606412 0.5715241
vt 0.25216955 0.61046976
vt 0.2833261 0.6065752
vt 0.27553695 0.64552087
vt 0.29890436 0.626048
vt 0.25606412 0.6182589
vt 0.3183772 0.66109914
vt 0.32227176 0.63383716
vt 0.2833261 0.64941543
vt 0.365112 0.64941543
vt 0.34953374 0.626048
vt 0.32616633 0.66109914
vt 0.25606412 0.56373495
vt 0.2833261 0.57541865
vt 0.29890436 0.5559458
vt 0.27553695 0.536473
vt 0.2833261 0.5325784
vt 0.32227176 0.5481567
vt 0.3183772 0.5208947
vt 0.32616633 0.5208947
vt 0.34953374 0.5559458
vt 0.365112 0.5325784
vt 0.36900657 0.536473
vt 0.365112 0.57541865
vt 0.39237398 0.56373495
vt 0.39237398 0.5715241
vt 0.365112 0.57541865
vt 0.365112 0.6065752
vt 0.39237398 0.61046976
vt 0.39237398 0.6182589
vt 0.34953374 0.626048
vt 0.36900657 0.64552087
vt 0.32227176 0.5909969
vt 0.31058806 0.5715241
vt 0.30279893 0.5909969
vt 0.32227176 0.5676295
vt 0.31058806 0.6065752
vt 0.32227176 0.6143643
vt 0.33785003 0.5715241
vt 0.34563917 0.5909969
vt 0.33785003 0.6065752
vt 0.2833261 0.57541865
vt 0.2833261 0.6065752
vt 0.29890436 0.5559458
vt 0.32227176 0.5481567
vt 0.34953374 0.5559458
vt 0.365112 0.57541865
vt 0.365112 0.6065752
vt 0.34953374 0.626048
vt 0.32227176 0.63383716
vt 0.29890436 0.626048
vt 0.36900657 0.9570862
vt 0.3767957 0.98824275
vt 0.30279893 0.9921373
vt 0.36900657 0.9570862
vt 0.30279893 0.9921373
vt 0.31058806 0.9570862
vt 0.25995868 0.9220351
vt 0.30279893 0.92592967
vt 0.2950098 0.8947731
vt 0.28722066 0.9843482
vt 0.24048586 0.95319164
vt 0.3534283 0.94150794
vt 0.36900657 0.9570862
vt 0.31058806 0.9570862
vt 0.32227176 0.94150794
vt 0.3767957 0.9220351
vt 0.30279893 0.92592967
vt 0.41574138 0.91814053
vt 0.38069028 0.89087856
vt 0.41574138 0.8675112
vt 0.37290114 0.86361665
vt 0.36900657 0.82856554
vt 0.3534283 0.8441438
vt 0.32227176 0.8480384
vt 0.3066935 0.8324601
vt 0.30279893 0.86361665
vt 0.3884794 0.80130357
vt 0.43521422 0.8324601
vt 0.3884794 0.9804536
vt 0.43521422 0.9492971
vt 0.37290114 0.797409
vt 0.36900657 0.82856554
vt 0.3066935 0.8324601
vt 0.30279893 0.797409
vt 0.22880216 0.7000448
vt 0.18206735 0.69615024
vt 0.20154019 0.77793616
vt 0.04965206 0.69615024
vt 0.04965206 0.77793616
vt 0.010706387 0.69615024
vt 0.010706387 0.77793616
vt 0.20543475 0.64552087
vt 0.034073792 0.64552087
vt 0.22880216 0.7000448
vt 0.20154019 0.77793616
vt 0.22490759 0.77793616
vt 0.030179225 0.8324601
vt 0.20154019 0.77793616
vt 0.04965206 0.77793616
vt 0.20543475 0.8324601
vt 0.034073792 0.93761337
vt 0.20543475 0.93761337
vt 0.27943152 0.6065752
vt 0.27943152 0.5793132
vt 0.25216955 0.57541865
vt 0.27553695 0.536473
vt 0.25216955 0.56373495
vt 0.2950098 0.5598404
vt 0.3183772 0.5208947
vt 0.2833261 0.5325784
vt 0.32227176 0.5481567
vt 0.27943152 0.6065752
vt 0.25216955 0.57541865
vt 0.25216955 0.6143643
vt 0.25606412 0.62215346
vt 0.2950098 0.626048
vt 0.27553695 0.64552087
vt 0.2833261 0.65331
vt 0.32227176 0.63383716
vt 0.3183772 0.6649937
vt 0.32616633 0.6649937
vt 0.34953374 0.626048
vt 0.32227176 0.63383716
vt 0.36121744 0.65331
vt 0.36900657 0.64941543
vt 0.36121744 0.6065752
vt 0.3884794 0.62215346
vt 0.39237398 0.61046976
vt 0.36121744 0.5793132
vt 0.36121744 0.6065752
vt 0.39237398 0.5715241
vt 0.3884794 0.56373495
vt 0.34953374 0.5598404
vt 0.36900657 0.536473
vt 0.36121744 0.5325784
vt 0.32227176 0.5481567
vt 0.32616633 0.5208947
vt 0.29890436 0.5948915
vt 0.27943152 0.5793132
vt 0.27943152 0.6065752
vt 0.3066935 0.61046976
vt 0.2950098 0.626048
vt 0.32227176 0.6143643
vt 0.32227176 0.63383716
vt 0.2950098 0.5598404
vt 0.3066935 0.57541865
vt 0.32227176 0.5481567
vt 0.32227176 0.5715241
vt 0.33395547 0.61046976
vt 0.34953374 0.626048
vt 0.3417446 0.5948915
vt 0.36121744 0.6065752
vt 0.36121744 0.5793132
vt 0.33395547 0.57541865
vt 0.34953374 0.5598404
vt 0.32227176 0.5948915
vt 0.36900657 0.95319164
vt 0.3066935 0.9570862
vt 0.30279893 0.98824275
vt 0.3767957 0.98824275
vt 0.3534283 0.93761337
vt 0.3066935 0.9570862
vt 0.36900657 0.95319164
vt 0.32227176 0.94150794
vt 0.3767957 0.9220351
vt 0.30279893 0.9220351
vt 0.36900657 0.82856554
vt 0.3534283 0.8441438
vt 0.37290114 0.86361665
vt 0.32227176 0.8480384
vt 0.3066935 0.8324601
vt 0.29890436 0.86361665
vt 0.41574138 0.8675112
vt 0.38458484 0.89087856
vt 0.41574138 0.8675112
vt 0.43521422 0.8324601
vt 0.3884794 0.80130357
vt 0.36900657 0.82856554
vt 0.38458484 0.89087856
vt 0.41574138 0.91814053
vt 0.3767957 0.9220351
vt 0.36900657 0.95319164
vt 0.39237398 0.9804536
vt 0.4391088 0.9492971
vt 0.04965206 0.98824275
vt 0.20543475 0.93761337
vt 0.034073792 0.93761337
vt 0.18596192 0.98824275
vt 0.3066935 0.9570862
vt 0.30279893 0.9220351
vt 0.25995868 0.9220351
vt 0.29111522 0.8947731
vt 0.28722066 0.9843482
vt 0.2365913 0.95319164
vt 0.034073792 0.64552087
vt 0.20543475 0.64552087
vt 0.20154019 0.54036754
vt 0.034073792 0.54036754
vt 0.37290114 0.797409
vt 0.29890436 0.797409
vt 0.3066935 0.8324601
vt 0.36900657 0.82856554
vt 0.026284657 0.17817278
vt 0.12364884 0.17817278
vt 0.12364884 0.14312167
vt 0.026284657 0.14312167
vt 0.12364884 0.22101302
vt 0.026284657 0.22101302
vt 0.12364884 0.14312167
vt 0.04965206 0.10807057
vt 0.026284657 0.14312167
vt 0.12364884 0.10807057
vt 0.12364884 0.07301947
vt 0.07301947 0.07301947
vt 0.12364884 0.07301947
vt 0.04965206 0.03796836
vt 0.07301947 0.07301947
vt 0.12364884 0.03796836
vt 0.12364884 0.0029172534
vt 0.026284657 0.0029172534
vt 0.41184682 0.13533254
vt 0.41184682 0.10807057
vt 0.39626855 0.10807057
vt 0.39626855 0.13533254
vt 0.39626855 0.16259451
vt 0.41184682 0.16259451
vt 0.41184682 0.10807057
vt 0.39626855 0.080808595
vt 0.39626855 0.10807057
vt 0.41184682 0.080808595
vt 0.39626855 0.057441194
vt 0.41184682 0.057441194
vt 0.41184682 0.057441194
vt 0.39626855 0.030179225
vt 0.39626855 0.057441194
vt 0.41184682 0.030179225
vt 0.39626855 0.0068118204
vt 0.41184682 0.0068118204
vt 0.41574138 0.3767957
vt 0.41574138 0.34953374
vt 0.4001631 0.3534283
vt 0.4001631 0.38069028
vt 0.41574138 0.32227176
vt 0.4001631 0.3534283
vt 0.41574138 0.34953374
vt 0.4001631 0.32616633
vt 0.41574138 0.29890436
vt 0.4001631 0.30279893
vt 0.41574138 0.26774782
vt 0.4001631 0.2716424
vt 0.3767957 0.13533254
vt 0.39626855 0.13533254
vt 0.39626855 0.10807057
vt 0.3767957 0.10807057
vt 0.39626855 0.080808595
vt 0.3767957 0.080808595
vt 0.39626855 0.057441194
vt 0.3767957 0.057441194
vt 0.39626855 0.030179225
vt 0.3767957 0.030179225
vt 0.39626855 0.0068118204
vt 0.3767957 0.0029172534
vt 0.39626855 0.16259451
vt 0.3767957 0.16648908
vt 0.38069028 0.38458484
vt 0.4001631 0.38069028
vt 0.4001631 0.3534283
vt 0.38069028 0.35732287
vt 0.38069028 0.33395547
vt 0.4001631 0.32616633
vt 0.38069028 0.3066935
vt 0.4001631 0.30279893
vt 0.38069028 0.27553695
vt 0.4001631 0.2716424
vt 0.38069028 0.24438043
vt 0.4001631 0.24438043
vt 0.38069028 0.21711846
vt 0.4001631 0.21322389
vt 0.3300609 0.10807057
vt 0.32227176 0.10807057
vt 0.32227176 0.13533254
vt 0.3300609 0.13533254
vt 0.32227176 0.080808595
vt 0.3300609 0.080808595
vt 0.3300609 0.057441194
vt 0.32227176 0.057441194
vt 0.3300609 0.16648908
vt 0.32227176 0.16648908
vt 0.32227176 0.030179225
vt 0.3300609 0.030179225
vt 0.3300609 0.0029172534
vt 0.32227176 0.0029172534
vt 0.3767957 0.13533254
vt 0.3767957 0.10807057
vt 0.3300609 0.10807057
vt 0.3300609 0.13533254
vt 0.3300609 0.16648908
vt 0.3767957 0.16648908
vt 0.3767957 0.10807057
vt 0.3300609 0.080808595
vt 0.3300609 0.10807057
vt 0.3767957 0.080808595
vt 0.3300609 0.057441194
vt 0.3767957 0.057441194
vt 0.3300609 0.030179225
vt 0.3767957 0.030179225
vt 0.3767957 0.030179225
vt 0.3767957 0.0029172534
vt 0.3300609 0.0029172534
vt 0.3300609 0.030179225
vt 0.38069028 0.38458484
vt 0.38069028 0.35732287
vt 0.3300609 0.35732287
vt 0.3300609 0.38458484
vt 0.38069028 0.33395547
vt 0.3300609 0.33395547
vt 0.38069028 0.3066935
vt 0.3300609 0.3066935
vt 0.41574138 0.20932932
vt 0.4001631 0.21322389
vt 0.4001631 0.24438043
vt 0.41574138 0.24048586
vt 0.41574138 0.24048586
vt 0.4001631 0.24438043
vt 0.4001631 0.2716424
vt 0.41574138 0.26774782
vt 0.23269673 0.14701624
vt 0.13533254 0.14701624
vt 0.13533254 0.18206735
vt 0.23269673 0.18206735
vt 0.13533254 0.111965135
vt 0.23269673 0.111965135
vt 0.18206735 0.076914035
vt 0.13533254 0.111965135
vt 0.23269673 0.111965135
vt 0.23269673 0.076914035
vt 0.23269673 0.03796836
vt 0.18206735 0.03796836
vt 0.23269673 0.0029172534
vt 0.13533254 0.0029172534
vt 0.3300609 0.35732287
vt 0.3300609 0.33395547
vt 0.32227176 0.33395547
vt 0.32227176 0.35732287
vt 0.3300609 0.3066935
vt 0.32227176 0.3066935
vt 0.32227176 0.27553695
vt 0.3300609 0.27553695
vt 0.32227176 0.24438043
vt 0.3300609 0.24438043
vt 0.3300609 0.21711846
vt 0.32227176 0.21711846
vt 0.3300609 0.38458484
vt 0.32227176 0.38458484
vt 0.38069028 0.21711846
vt 0.3300609 0.21711846
vt 0.3300609 0.24438043
vt 0.38069028 0.24438043
vt 0.3300609 0.27553695
vt 0.38069028 0.27553695
vt 0.3300609 0.3066935
vt 0.38069028 0.3066935
vt 0.23269673 0.21711846
vt 0.23269673 0.18206735
vt 0.13533254 0.18206735
vt 0.13533254 0.21711846
vt 0.06133576 0.33395547
vt 0.06133576 0.32227176
vt 0.04965206 0.32227176
vt 0.04965206 0.33395547
vt 0.03796836 0.27553695
vt 0.076914035 0.27943152
vt 0.080808595 0.25995868
vt 0.03796836 0.26385325
vt 0.076914035 0.29890436
vt 0.03796836 0.28722066
vt 0.034073792 0.29890436
vt 0.076914035 0.31448263
vt 0.034073792 0.25216955
vt 0.03796836 0.26385325
vt 0.080808595 0.25995868
vt 0.080808595 0.24048586
vt 0.076914035 0.29890436
vt 0.076914035 0.27943152
vt 0.03796836 0.27553695
vt 0.03796836 0.28722066
vt 0.06133576 0.33395547
vt 0.06133576 0.32227176
vt 0.04965206 0.32227176
vt 0.04965206 0.33395547
vt 0.03796836 0.27553695
vt 0.076914035 0.27943152
vt 0.080808595 0.25995868
vt 0.03796836 0.26385325
vt 0.076914035 0.29890436
vt 0.03796836 0.28722066
vt 0.034073792 0.29890436
vt 0.076914035 0.31448263
vt 0.034073792 0.25216955
vt 0.03796836 0.26385325
vt 0.080808595 0.25995868
vt 0.080808595 0.24048586
vt 0.076914035 0.29890436
vt 0.076914035 0.27943152
vt 0.03796836 0.27553695
vt 0.03796836 0.28722066
vt 0.06133576 0.33395547
vt 0.06133576 0.32227176
vt 0.04965206 0.32227176
vt 0.04965206 0.33395547
vt 0.03796836 0.27553695
vt 0.076914035 0.27943152
vt 0.080808595 0.25995868
vt 0.03796836 0.26385325
vt 0.076914035 0.29890436
vt 0.03796836 0.28722066
vt 0.034073792 0.29890436
vt 0.076914035 0.31448263
vt 0.034073792 0.25216955
vt 0.03796836 0.26385325
vt 0.080808595 0.25995868
vt 0.080808595 0.24048586
vt 0.076914035 0.29890436
vt 0.076914035 0.27943152
vt 0.03796836 0.27553695
vt 0.03796836 0.28722066
vt 0.06133576 0.33395547
vt 0.06133576 0.32227176
vt 0.04965206 0.32227176
vt 0.04965206 0.33395547
vt 0.03796836 0.27553695
vt 0.076914035 0.27943152
vt 0.080808595 0.25995868
vt 0.03796836 0.26385325
vt 0.076914035 0.29890436
vt 0.03796836 0.28722066
vt 0.034073792 0.29890436
vt 0.076914035 0.31448263
vt 0.034073792 0.25216955
vt 0.03796836 0.26385325
vt 0.080808595 0.25995868
vt 0.080808595 0.24048586
vt 0.076914035 0.29890436
vt 0.076914035 0.27943152
vt 0.03796836 0.27553695
vt 0.03796836 0.28722066
vt 0.22490759 0.31448263
vt 0.22490759 0.24438043
vt 0.13143797 0.24048586
vt 0.22490759 0.31448263
vt 0.13143797 0.24048586
vt 0.13143797 0.31448263
vt 0.22490759 0.24438043
vt 0.22490759 0.2365913
vt 0.13143797 0.2365913
vt 0.22490759 0.24438043
vt 0.13143797 0.2365913
vt 0.13143797 0.24048586
vt 0.22490759 0.39237398
vt 0.22490759 0.32227176
vt 0.13143797 0.32227176
vt 0.22490759 0.39237398
vt 0.13143797 0.32227176
vt 0.13143797 0.39237398
vt 0.13143797 0.31448263
vt 0.13143797 0.24048586
vt 0.12364884 0.24048586
vt 0.13143797 0.31448263
vt 0.12364884 0.24048586
vt 0.12364884 0.31448263
vt 0.22490759 0.31448263
vt 0.22490759 0.24438043
vt 0.13143797 0.24048586
vt 0.13143797 0.31448263
vt 0.22490759 0.24438043
vt 0.22490759 0.2365913
vt 0.13143797 0.2365913
vt 0.13143797 0.24048586
vt 0.22490759 0.39237398
vt 0.22490759 0.32227176
vt 0.13143797 0.32227176
vt 0.13143797 0.39237398
vt 0.13143797 0.31448263
vt 0.13143797 0.24048586
vt 0.12364884 0.24048586
vt 0.12364884 0.31448263
vt 0.22490759 0.31448263
vt 0.22490759 0.24438043
vt 0.13143797 0.24048586
vt 0.13143797 0.31448263
vt 0.22490759 0.24438043
vt 0.22490759 0.2365913
vt 0.13143797 0.2365913
vt 0.13143797 0.24048586
vt 0.13143797 0.31448263
vt 0.13143797 0.24048586
vt 0.12364884 0.24048586
vt 0.12364884 0.31448263
vt 0.22490759 0.31448263
vt 0.22490759 0.24438043
vt 0.13143797 0.24048586
vt 0.22490759 0.31448263
vt 0.13143797 0.24048586
vt 0.13143797 0.31448263
vt 0.22490759 0.24438043
vt 0.22490759 0.2365913
vt 0.13143797 0.2365913
vt 0.22490759 0.24438043
vt 0.13143797 0.2365913
vt 0.13143797 0.24048586
vt 0.22490759 0.39237398
vt 0.22490759 0.32227176
vt 0.13143797 0.32227176
vt 0.22490759 0.39237398
vt 0.13143797 0.32227176
vt 0.13143797 0.39237398
vt 0.22490759 0.32227176
vt 0.22490759 0.31448263
vt 0.13143797 0.31448263
vt 0.13143797 0.32227176
vt 0.13143797 0.31448263
vt 0.13143797 0.24048586
vt 0.12364884 0.24048586
vt 0.13143797 0.31448263
vt 0.12364884 0.24048586
vt 0.12364884 0.31448263
vt 0.22490759 0.2365913
vt 0.22490759 0.2365913
vt 0.13143797 0.2365913
vt 0.13143797 0.2365913
vt 0.64552087 0.41574138
vt 0.68446654 0.41574138
vt 0.680572 0.4624762
vt 0.64552087 0.4624762
vt 0.7156231 0.4624762
vt 0.7156231 0.41574138
vt 0.680572 0.54036754
vt 0.65331 0.54036754
vt 0.7039394 0.54036754
vt 0.680572 0.5715241
vt 0.66109914 0.5715241
vt 0.69615024 0.5715241
vt 0.6182589 0.4624762
vt 0.63383716 0.54036754
vt 0.64552087 0.5715241
vt 0.6182589 0.41574138
vt 0.7156231 0.41574138
vt 0.7389905 0.4624762
vt 0.7156231 0.4624762
vt 0.74288505 0.41574138
vt 0.7234122 0.54036754
vt 0.7039394 0.54036754
vt 0.70783395 0.5715241
vt 0.69615024 0.5715241
vt 0.7467796 0.4624762
vt 0.7467796 0.41574138
vt 0.7273068 0.54036754
vt 0.7117285 0.5715241
vt 0.73120135 0.4624762
vt 0.74288505 0.4624762
vt 0.7156231 0.54036754
vt 0.7039394 0.57541865
vt 0.7117285 0.57541865
vt 0.73120135 0.4624762
vt 0.69615024 0.54036754
vt 0.7156231 0.54036754
vt 0.7039394 0.4624762
vt 0.7039394 0.41574138
vt 0.6922557 0.57541865
vt 0.7039394 0.57541865
vt 0.67278284 0.54036754
vt 0.67278284 0.57541865
vt 0.64552087 0.54036754
vt 0.65331 0.5715241
vt 0.6688883 0.41574138
vt 0.6688883 0.4624762
vt 0.63383716 0.41574138
vt 0.63383716 0.4624762
vt 0.66109914 0.5715241
vt 0.680572 0.5715241
vt 0.6766774 0.5909969
vt 0.69615024 0.5715241
vt 0.70783395 0.5715241
vt 0.7117285 0.5715241
vt 0.64552087 0.5715241
vt 0.6416263 0.5715241
vt 0.6416263 0.5715241
vt 0.65331 0.5715241
vt 0.67278284 0.57541865
vt 0.6922557 0.57541865
vt 0.7039394 0.57541865
vt 0.7117285 0.57541865
vt 0.63383716 0.54036754
vt 0.64552087 0.5715241
vt 0.6416263 0.5715241
vt 0.626048 0.54036754
vt 0.6416263 0.5715241
vt 0.6299426 0.54036754
vt 0.65331 0.5715241
vt 0.64552087 0.54036754
vt 0.6182589 0.4624762
vt 0.6065752 0.4624762
vt 0.6182589 0.41574138
vt 0.6065752 0.41574138
vt 0.6143643 0.4624762
vt 0.6026806 0.41184682
vt 0.61046976 0.41574138
vt 0.63383716 0.4624762
vt 0.63383716 0.41574138
vt 0.5793132 0.02239009
vt 0.59878606 0.17427821
vt 0.6182589 0.17817278
vt 0.6143643 0.02239009
vt 0.6299426 0.37290114
vt 0.6766774 0.37290114
vt 0.6766774 0.36121744
vt 0.63383716 0.36121744
vt 0.6416263 0.4001631
vt 0.6649937 0.4001631
vt 0.62215346 0.3417446
vt 0.68446654 0.3417446
vt 0.4624762 0.36121744
vt 0.42353052 0.3534283
vt 0.42353052 0.3884794
vt 0.46637076 0.3884794
vt 0.44300336 0.4001631
vt 0.45468706 0.39626855
vt 0.42353052 0.34953374
vt 0.46637076 0.34953374
vt 0.5247893 0.17038365
vt 0.5247893 0.02239009
vt 0.509211 0.02239009
vt 0.49363273 0.17817278
vt 0.4741599 0.18206735
vt 0.45858163 0.02239009
vt 0.66109914 0.15869994
vt 0.6416263 0.053546626
vt 0.64552087 0.18206735
vt 0.6143643 0.02239009
vt 0.6182589 0.17817278
vt 0.66109914 0.15869994
vt 0.6649937 0.15869994
vt 0.64552087 0.053546626
vt 0.6416263 0.053546626
vt 0.63383716 0.02239009
vt 0.6143643 0.02239009
vt 0.64941543 0.18596192
vt 0.6649937 0.15869994
vt 0.66109914 0.15869994
vt 0.64552087 0.18206735
vt 0.45468706 0.02239009
vt 0.43521422 0.076914035
vt 0.44689792 0.053546626
vt 0.45858163 0.02239009
vt 0.4274251 0.16259451
vt 0.41963595 0.17817278
vt 0.4274251 0.16259451
vt 0.41963595 0.17817278
vt 0.4507925 0.20543475
vt 0.45468706 0.19375105
vt 0.69615024 0.16259451
vt 0.7467796 0.16259451
vt 0.7584633 0.1392271
vt 0.680572 0.1392271
vt 0.6688883 0.045757495
vt 0.7740416 0.045757495
vt 0.75456876 0.02239009
vt 0.6883611 0.026284657
vt 0.4274251 0.16259451
vt 0.45468706 0.19375105
vt 0.44689792 0.053546626
vt 0.4741599 0.18206735
vt 0.45858163 0.02239009
vt 0.63773173 0.19375105
vt 0.45468706 0.19375105
vt 0.4507925 0.20543475
vt 0.63773173 0.20543475
vt 0.27943152 0.41184682
vt 0.27943152 0.47026533
vt 0.30279893 0.47026533
vt 0.30279893 0.41184682
vt 0.30279893 0.41184682
vt 0.30279893 0.47026533
vt 0.32227176 0.47026533
vt 0.32227176 0.41184682
vt 0.32227176 0.41184682
vt 0.32227176 0.47026533
vt 0.3417446 0.47026533
vt 0.3417446 0.41184682
vt 0.25995868 0.41184682
vt 0.25995868 0.47026533
vt 0.27943152 0.47026533
vt 0.27943152 0.41184682
vt 0.48973817 0.6766774
vt 0.4858436 0.67278284
vt 0.4741599 0.6766774
vt 0.47026533 0.680572
vt 0.47805446 0.6649937
vt 0.46637076 0.6649937
vt 0.4858436 0.65720457
vt 0.5598404 0.7000448
vt 0.5598404 0.6883611
vt 0.5481567 0.6883611
vt 0.5481567 0.7000448
vt 0.5481567 0.7000448
vt 0.5481567 0.6883611
vt 0.536473 0.6883611
vt 0.536473 0.7000448
vt 0.5793132 0.7000448
vt 0.5793132 0.6883611
vt 0.5598404 0.6883611
vt 0.5598404 0.7000448
vt 0.3300609 0.75456876
vt 0.38069028 0.74288505
vt 0.37290114 0.76625246
vt 0.34953374 0.76625246
vt 0.3300609 0.71951765
vt 0.3767957 0.71951765
vt 0.58710235 0.509211
vt 0.55205125 0.509211
vt 0.55205125 0.5325784
vt 0.58710235 0.5325784
vt 0.58710235 0.5559458
vt 0.55205125 0.5559458
vt 0.3300609 0.75456876
vt 0.34563917 0.770147
vt 0.37290114 0.770147
vt 0.38069028 0.7467796
vt 0.3300609 0.71951765
vt 0.3767957 0.71951765
vt 0.55205125 0.45858163
vt 0.58710235 0.45858163
vt 0.58710235 0.41184682
vt 0.55205125 0.41184682
vt 0.55205125 0.48194903
vt 0.55205125 0.509211
vt 0.58710235 0.509211
vt 0.58710235 0.48194903
vt 0.55205125 0.45858163
vt 0.58710235 0.45858163
vt 0.58710235 0.5909969
vt 0.58710235 0.5559458
vt 0.55205125 0.5559458
vt 0.55205125 0.5909969
vt 0.47805446 0.56373495
vt 0.47805446 0.5909969
vt 0.50142187 0.5909969
vt 0.50531644 0.57541865
vt 0.50531644 0.57541865
vt 0.50142187 0.5909969
vt 0.5208947 0.5909969
vt 0.5208947 0.58710235
vt 0.43131965 0.58710235
vt 0.43131965 0.5909969
vt 0.45468706 0.5909969
vt 0.45468706 0.57541865
vt 0.45468706 0.57541865
vt 0.45468706 0.5909969
vt 0.47805446 0.5909969
vt 0.47805446 0.56373495
vt 0.24438043 0.68446654
vt 0.24438043 0.6766774
vt 0.2365913 0.6688883
vt 0.22880216 0.6688883
vt 0.24438043 0.66109914
vt 0.24438043 0.65331
vt 0.25216955 0.6688883
vt 0.25995868 0.6688883
vt 0.5247893 0.93761337
vt 0.5247893 0.98824275
vt 0.54036754 0.98824275
vt 0.54036754 0.93761337
vt 0.54036754 0.93761337
vt 0.54036754 0.98824275
vt 0.5559458 0.98824275
vt 0.5559458 0.93761337
vt 0.5559458 0.93761337
vt 0.5559458 0.98824275
vt 0.5715241 0.98824275
vt 0.5715241 0.93761337
vt 0.5715241 0.93761337
vt 0.5715241 0.98824275
vt 0.5832078 0.98824275
vt 0.5832078 0.93761337
vt 0.9609808 0.50531644
vt 0.8714058 0.50531644
vt 0.8714058 0.5909969
vt 0.9609808 0.5909969
vt 0.7740416 0.50531644
vt 0.86361665 0.50531644
vt 0.86361665 0.5909969
vt 0.7740416 0.5909969
vt 0.76625246 0.5909969
vt 0.76625246 0.5909969
vt 0.76625246 0.50531644
vt 0.7740416 0.50531644
vt 0.9609808 0.50531644
vt 0.8714058 0.50531644
vt 0.8714058 0.5909969
vt 0.9609808 0.5909969
vt 0.98824275 0.46637076
vt 0.98824275 0.4624762
vt 0.9726645 0.4624762
vt 0.9726645 0.46637076
vt 0.98824275 0.45858163
vt 0.9726645 0.45858163
vt 0.9726645 0.4624762
vt 0.98824275 0.4624762
vt 0.98824275 0.4507925
vt 0.9726645 0.4507925
vt 0.9726645 0.45858163
vt 0.98824275 0.45858163
vt 0.98824275 0.44689792
vt 0.9726645 0.44689792
vt 0.98824275 0.4858436
vt 0.9726645 0.4858436
vt 0.9726645 0.48973817
vt 0.98824275 0.48973817
vt 0.98824275 0.47805446
vt 0.9726645 0.47805446
vt 0.9726645 0.4858436
vt 0.98824275 0.4858436
vt 0.98824275 0.4741599
vt 0.9726645 0.4741599
vt 0.9726645 0.47805446
vt 0.98824275 0.47805446
vt 0.98824275 0.46637076
vt 0.9726645 0.46637076
vt 0.9726645 0.4741599
vt 0.98824275 0.4741599
vt 0.97655904 0.4391088
vt 0.9843482 0.4391088
vt 0.9921373 0.43521422
vt 0.9687699 0.43521422
vt 0.9921373 0.4274251
vt 0.9687699 0.4274251
vt 0.97655904 0.42353052
vt 0.9843482 0.42353052
vt 0.7740416 0.5909969
vt 0.86361665 0.5909969
vt 0.86361665 0.50531644
vt 0.7740416 0.50531644
vt 0.8714058 0.5909969
vt 0.8714058 0.50531644
vt 0.86361665 0.5909969
vt 0.86361665 0.50531644
vt 0.8714058 0.50531644
vt 0.8714058 0.5909969
vt 0.7740416 0.5909969
vt 0.7740416 0.50531644
vt 0.76625246 0.50531644
vt 0.76625246 0.5909969
vt 0.797409 0.4507925
vt 0.76625246 0.41963595
vt 0.76625246 0.48973817
vt 0.797409 0.45858163
vt 0.770147 0.41184682
vt 0.80519813 0.44689792
vt 0.8480384 0.41184682
vt 0.81298727 0.44689792
vt 0.8558275 0.41963595
vt 0.8207764 0.4507925
vt 0.8207764 0.4507925
vt 0.8558275 0.48973817
vt 0.8558275 0.41963595
vt 0.8207764 0.45858163
vt 0.8480384 0.49363273
vt 0.81298727 0.4624762
vt 0.770147 0.49363273
vt 0.80519813 0.4624762
vt 0.76625246 0.48973817
vt 0.797409 0.45858163
vt 0.86361665 0.39626855
vt 0.824671 0.39626855
vt 0.824671 0.2950098
vt 0.8558275 0.2950098
vt 0.8791949 0.39626855
vt 0.86361665 0.39626855
vt 0.8558275 0.2950098
vt 0.8791949 0.2950098
vt 0.8363547 0.22490759
vt 0.8363547 0.28722066
vt 0.797409 0.2833261
vt 0.797409 0.22880216
vt 0.797409 0.0691249
vt 0.8363547 0.0691249
vt 0.8363547 0.22490759
vt 0.797409 0.22880216
vt 0.8791949 0.39626855
vt 0.8791949 0.2950098
vt 0.8558275 0.2950098
vt 0.86361665 0.39626855
vt 0.9492971 0.06523033
vt 0.9337188 0.06523033
vt 0.92982423 0.14312167
vt 0.9687699 0.1158597
vt 0.9687699 0.27943152
vt 0.8558275 0.27943152
vt 0.89087856 0.14312167
vt 0.85193294 0.10807057
vt 0.88698405 0.06523033
vt 0.8714058 0.07301947
vt 0.8363547 0.22490759
vt 0.80130357 0.22880216
vt 0.797409 0.2833261
vt 0.8363547 0.28722066
vt 0.824671 0.2950098
vt 0.797409 0.2950098
vt 0.797409 0.39626855
vt 0.824671 0.39626855
vt 0.86361665 0.39626855
vt 0.8558275 0.2950098
vt 0.824671 0.2950098
vt 0.824671 0.39626855
vt 0.8363547 0.0691249
vt 0.797409 0.0691249
vt 0.80130357 0.22880216
vt 0.8363547 0.22490759
vt 0.9492971 0.06523033
vt 0.9687699 0.1158597
vt 0.92982423 0.14312167
vt 0.9337188 0.06523033
vt 0.9687699 0.27943152
vt 0.89087856 0.14312167
vt 0.8558275 0.27943152
vt 0.8558275 0.10807057
vt 0.89087856 0.076914035
vt 0.8714058 0.07301947
vt 0.536473 0.5559458
vt 0.536473 0.52868384
vt 0.509211 0.52868384
vt 0.509211 0.5559458
vt 0.509211 0.5208947
vt 0.536473 0.5208947
vt 0.536473 0.48973817
vt 0.509211 0.48973817
vt 0.536473 0.47805446
vt 0.509211 0.47805446
vt 0.509211 0.52868384
vt 0.536473 0.52868384
vt 0.509211 0.41184682
vt 0.509211 0.44300336
vt 0.536473 0.44300336
vt 0.536473 0.41184682
vt 0.536473 0.44300336
vt 0.509211 0.44300336
vt 0.509211 0.45468706
vt 0.536473 0.45468706
vt 0.536473 0.47805446
vt 0.536473 0.45468706
vt 0.509211 0.45468706
vt 0.509211 0.47805446
vt 0.5832078 0.8441438
vt 0.536473 0.8441438
vt 0.5442621 0.85193294
vt 0.57541865 0.85193294
vt 0.536473 0.824671
vt 0.5832078 0.824671
vt 0.57541865 0.81688184
vt 0.5442621 0.81688184
vt 0.536473 0.5559458
vt 0.509211 0.5559458
vt 0.509211 0.56373495
vt 0.536473 0.56373495
vt 0.5715241 0.81688184
vt 0.5793132 0.824671
vt 0.5325784 0.824671
vt 0.54036754 0.81688184
vt 0.5793132 0.8480384
vt 0.5325784 0.8480384
vt 0.54036754 0.85193294
vt 0.5715241 0.85193294
vt 0.48194903 0.8090927
vt 0.49363273 0.81298727
vt 0.50142187 0.8090927
vt 0.4858436 0.8324601
vt 0.4741599 0.8324601
vt 0.4858436 0.8558275
vt 0.49363273 0.8558275
vt 0.4001631 0.71951765
vt 0.39626855 0.7273068
vt 0.44300336 0.7273068
vt 0.44300336 0.71951765
vt 0.39626855 0.7467796
vt 0.44300336 0.7273068
vt 0.39626855 0.7273068
vt 0.44689792 0.7467796
vt 0.57541865 0.7857253
vt 0.57541865 0.7740416
vt 0.54036754 0.7740416
vt 0.54036754 0.7857253
vt 0.5325784 0.7467796
vt 0.54036754 0.7740416
vt 0.57541865 0.7740416
vt 0.5832078 0.7467796
vt 0.536473 0.71951765
vt 0.5325784 0.7467796
vt 0.5832078 0.7467796
vt 0.5793132 0.71951765
vt 0.39626855 0.7467796
vt 0.40405768 0.770147
vt 0.4391088 0.770147
vt 0.44689792 0.7467796
vt 0.48194903 0.80519813
vt 0.4975273 0.80519813
vt 0.49363273 0.81298727
vt 0.4858436 0.8324601
vt 0.4741599 0.8324601
vt 0.49363273 0.85193294
vt 0.4858436 0.8558275
vt 0.41184682 0.4975273
vt 0.3884794 0.48973817
vt 0.41184682 0.5131056
vt 0.365112 0.5131056
vt 0.365112 0.4975273
vt 0.4274251 0.43131965
vt 0.49363273 0.43131965
vt 0.49363273 0.41184682
vt 0.4274251 0.41184682
vt 0.4274251 0.45468706
vt 0.4274251 0.48194903
vt 0.49363273 0.48194903
vt 0.49363273 0.45468706
vt 0.4274251 0.43131965
vt 0.49363273 0.43131965
vt 0.4274251 0.4975273
vt 0.49363273 0.4975273
vt 0.49363273 0.48194903
vt 0.4274251 0.48194903
vt 0.4274251 0.5442621
vt 0.49363273 0.5442621
vt 0.49363273 0.4975273
vt 0.4274251 0.4975273
vt 0.40795225 0.4975273
vt 0.40795225 0.5131056
vt 0.38458484 0.48973817
vt 0.365112 0.5131056
vt 0.365112 0.4975273
vt 0.37290114 0.47805446
vt 0.37290114 0.41574138
vt 0.36121744 0.41574138
vt 0.36121744 0.47805446
vt 0.40795225 0.47805446
vt 0.40795225 0.41574138
vt 0.39626855 0.41574138
vt 0.39626855 0.47805446
vt 0.39626855 0.47805446
vt 0.39626855 0.41574138
vt 0.38458484 0.41574138
vt 0.38458484 0.47805446
vt 0.38458484 0.47805446
vt 0.38458484 0.41574138
vt 0.37290114 0.41574138
vt 0.37290114 0.47805446
vt 0.41184682 0.5481567
vt 0.40405768 0.5481567
vt 0.4001631 0.55205125
vt 0.4001631 0.54036754
vt 0.39626855 0.54036754
vt 0.40795225 0.54036754
vt 0.40795225 0.536473
vt 0.40795225 0.536473
vt 0.40795225 0.54036754
vt 0.40405768 0.5481567
vt 0.33395547 0.50142187
vt 0.33395547 0.49363273
vt 0.32616633 0.49363273
vt 0.32616633 0.50142187
vt 0.32616633 0.50142187
vt 0.32616633 0.49363273
vt 0.3183772 0.48973817
vt 0.3183772 0.50142187
vt 0.3183772 0.50142187
vt 0.3183772 0.48973817
vt 0.3066935 0.49363273
vt 0.3066935 0.50142187
vt 0.36900657 0.47805446
vt 0.36900657 0.41574138
vt 0.35732287 0.41574138
vt 0.35732287 0.47805446
vt 0.40795225 0.47805446
vt 0.40795225 0.41574138
vt 0.39626855 0.41574138
vt 0.39626855 0.47805446
vt 0.39626855 0.47805446
vt 0.39626855 0.41574138
vt 0.38458484 0.41574138
vt 0.38458484 0.47805446
vt 0.38458484 0.47805446
vt 0.38458484 0.41574138
vt 0.36900657 0.41574138
vt 0.36900657 0.47805446
vt 0.40795225 0.5481567
vt 0.40405768 0.5481567
vt 0.39626855 0.55205125
vt 0.39626855 0.54036754
vt 0.39626855 0.54036754
vt 0.40405768 0.54036754
vt 0.40405768 0.536473
vt 0.3300609 0.50142187
vt 0.3300609 0.49363273
vt 0.32227176 0.49363273
vt 0.32227176 0.50142187
vt 0.32227176 0.50142187
vt 0.32227176 0.49363273
vt 0.31448263 0.48973817
vt 0.31448263 0.50142187
vt 0.31448263 0.50142187
vt 0.31448263 0.48973817
vt 0.30279893 0.49363273
vt 0.30279893 0.50142187
vt 0.40795225 0.4975273
vt 0.38458484 0.4858436
vt 0.40795225 0.5131056
vt 0.365112 0.51700014
vt 0.365112 0.4975273
vt 0.42353052 0.43131965
vt 0.48973817 0.43131965
vt 0.48973817 0.41184682
vt 0.42353052 0.41184682
vt 0.42353052 0.45468706
vt 0.42353052 0.48194903
vt 0.48973817 0.48194903
vt 0.48973817 0.45468706
vt 0.42353052 0.43131965
vt 0.48973817 0.43131965
vt 0.42353052 0.4975273
vt 0.48973817 0.4975273
vt 0.48973817 0.48194903
vt 0.42353052 0.48194903
vt 0.42353052 0.5442621
vt 0.48973817 0.5442621
vt 0.48973817 0.4975273
vt 0.42353052 0.4975273
vt 0.41184682 0.4975273
vt 0.41184682 0.5131056
vt 0.3884794 0.4858436
vt 0.365112 0.5131056
vt 0.365112 0.4975273
vt 0.4001631 0.66109914
vt 0.4001631 0.7039394
vt 0.4274251 0.7039394
vt 0.4274251 0.66109914
vt 0.4274251 0.66109914
vt 0.4274251 0.7039394
vt 0.4507925 0.7039394
vt 0.4507925 0.680572
vt 0.4507925 0.680572
vt 0.4507925 0.7039394
vt 0.4741599 0.7039394
vt 0.4741599 0.7000448
vt 0.32616633 0.7000448
vt 0.32616633 0.7039394
vt 0.3534283 0.7039394
vt 0.3534283 0.7000448
vt 0.3534283 0.7000448
vt 0.3534283 0.7039394
vt 0.3767957 0.7039394
vt 0.3767957 0.680572
vt 0.3767957 0.680572
vt 0.3767957 0.7039394
vt 0.4001631 0.7039394
vt 0.4001631 0.66109914
vt 0.5208947 0.8947731
vt 0.47026533 0.8947731
vt 0.4858436 0.91424596
vt 0.509211 0.91424596
vt 0.4858436 0.87530035
vt 0.509211 0.87530035
vt 0.48194903 0.56373495
vt 0.50531644 0.57541865
vt 0.50531644 0.5909969
vt 0.48194903 0.5909969
vt 0.50531644 0.57541865
vt 0.5208947 0.5832078
vt 0.5208947 0.5909969
vt 0.50531644 0.5909969
vt 0.43131965 0.58710235
vt 0.45858163 0.57541865
vt 0.45858163 0.5909969
vt 0.43131965 0.5909969
vt 0.45858163 0.57541865
vt 0.48194903 0.56373495
vt 0.48194903 0.5909969
vt 0.45858163 0.5909969
vt 0.24438043 0.68446654
vt 0.22880216 0.6688883
vt 0.2365913 0.6688883
vt 0.24438043 0.6766774
vt 0.24438043 0.66109914
vt 0.24438043 0.65331
vt 0.25216955 0.6688883
vt 0.25995868 0.6688883
vt 0.5247893 0.9337188
vt 0.5442621 0.93761337
vt 0.54036754 0.98824275
vt 0.5247893 0.98824275
vt 0.5442621 0.93761337
vt 0.5598404 0.93761337
vt 0.5559458 0.9921373
vt 0.54036754 0.98824275
vt 0.5598404 0.93761337
vt 0.57541865 0.93761337
vt 0.5715241 0.9921373
vt 0.5559458 0.9921373
vt 0.57541865 0.93761337
vt 0.5832078 0.93761337
vt 0.5832078 0.9921373
vt 0.5715241 0.9921373
vt 0.40405768 0.6649937
vt 0.4274251 0.6649937
vt 0.4274251 0.7039394
vt 0.40405768 0.7039394
vt 0.4274251 0.6649937
vt 0.45468706 0.68446654
vt 0.4507925 0.7039394
vt 0.4274251 0.7039394
vt 0.45468706 0.68446654
vt 0.47805446 0.7000448
vt 0.47805446 0.7039394
vt 0.4507925 0.7039394
vt 0.32616633 0.7000448
vt 0.3534283 0.7000448
vt 0.3534283 0.7039394
vt 0.32616633 0.7039394
vt 0.3534283 0.7000448
vt 0.3767957 0.680572
vt 0.3767957 0.7039394
vt 0.3534283 0.7039394
vt 0.3767957 0.680572
vt 0.40405768 0.6649937
vt 0.40405768 0.7039394
vt 0.3767957 0.7039394
vt 0.5208947 0.8947731
vt 0.509211 0.91424596
vt 0.4858436 0.91424596
vt 0.4741599 0.8947731
vt 0.4858436 0.8714058
vt 0.509211 0.8714058
vt 0.2950098 0.41184682
vt 0.3183772 0.41184682
vt 0.3183772 0.4741599
vt 0.2950098 0.4741599
vt 0.3183772 0.41184682
vt 0.33785003 0.41184682
vt 0.33785003 0.4741599
vt 0.3183772 0.4741599
vt 0.26385325 0.41184682
vt 0.27553695 0.41184682
vt 0.27553695 0.4741599
vt 0.26385325 0.4741599
vt 0.27553695 0.41184682
vt 0.2950098 0.41184682
vt 0.2950098 0.4741599
vt 0.27553695 0.4741599
vt 0.48194903 0.68446654
vt 0.46637076 0.67278284
vt 0.47026533 0.67278284
vt 0.48194903 0.6766774
vt 0.4858436 0.6688883
vt 0.48194903 0.66109914
vt 0.49363273 0.67278284
vt 0.5559458 0.7000448
vt 0.5442621 0.7000448
vt 0.5442621 0.6883611
vt 0.5559458 0.6883611
vt 0.5442621 0.7000448
vt 0.536473 0.7000448
vt 0.536473 0.6883611
vt 0.5442621 0.6883611
vt 0.57541865 0.7000448
vt 0.5559458 0.7000448
vt 0.5559458 0.6883611
vt 0.57541865 0.6883611
vt 0.536473 0.5559458
vt 0.509211 0.5559458
vt 0.509211 0.5325784
vt 0.536473 0.5325784
vt 0.509211 0.41574138
vt 0.536473 0.41574138
vt 0.536473 0.44689792
vt 0.509211 0.44689792
vt 0.509211 0.45468706
vt 0.536473 0.45468706
vt 0.536473 0.48194903
vt 0.509211 0.48194903
vt 0.509211 0.45468706
vt 0.536473 0.45468706
vt 0.536473 0.5559458
vt 0.536473 0.56373495
vt 0.509211 0.56373495
vt 0.509211 0.5559458
vt 0.536473 0.48194903
vt 0.536473 0.48973817
vt 0.509211 0.48973817
vt 0.509211 0.48194903
vt 0.536473 0.5208947
vt 0.509211 0.5208947
vt 0.509211 0.5325784
vt 0.536473 0.5325784
vt 0.5715241 0.81688184
vt 0.5793132 0.824671
vt 0.5325784 0.824671
vt 0.54036754 0.81688184
vt 0.5793132 0.8480384
vt 0.5325784 0.8480384
vt 0.54036754 0.85193294
vt 0.5715241 0.85193294
vt 0.57541865 0.8480384
vt 0.536473 0.8480384
vt 0.5442621 0.85193294
vt 0.5676295 0.85193294
vt 0.536473 0.824671
vt 0.57541865 0.824671
vt 0.5676295 0.81688184
vt 0.54036754 0.81688184
vt 0.33395547 0.75456876
vt 0.34953374 0.770147
vt 0.36900657 0.770147
vt 0.3767957 0.7467796
vt 0.33395547 0.7234122
vt 0.37290114 0.7234122
vt 0.58710235 0.509211
vt 0.58710235 0.5325784
vt 0.55205125 0.5325784
vt 0.55205125 0.509211
vt 0.58710235 0.5559458
vt 0.55205125 0.5559458
vt 0.3300609 0.75456876
vt 0.38069028 0.74288505
vt 0.37290114 0.76625246
vt 0.34953374 0.76625246
vt 0.3300609 0.71951765
vt 0.3767957 0.71951765
vt 0.55205125 0.45858163
vt 0.55205125 0.41574138
vt 0.58710235 0.41574138
vt 0.58710235 0.45858163
vt 0.55205125 0.4858436
vt 0.58710235 0.4858436
vt 0.58710235 0.509211
vt 0.55205125 0.509211
vt 0.55205125 0.45858163
vt 0.58710235 0.45858163
vt 0.58710235 0.5909969
vt 0.55205125 0.5909969
vt 0.55205125 0.5559458
vt 0.58710235 0.5559458
vt 0.48194903 0.8090927
vt 0.50142187 0.8090927
vt 0.49363273 0.81298727
vt 0.4858436 0.8324601
vt 0.4741599 0.8324601
vt 0.49363273 0.8558275
vt 0.4858436 0.8558275
vt 0.4001631 0.71951765
vt 0.44300336 0.71951765
vt 0.44300336 0.7273068
vt 0.39626855 0.7273068
vt 0.39626855 0.7467796
vt 0.44689792 0.7467796
vt 0.4391088 0.770147
vt 0.40405768 0.770147
vt 0.57541865 0.7857253
vt 0.54036754 0.7857253
vt 0.54036754 0.7740416
vt 0.57541865 0.7740416
vt 0.5325784 0.7467796
vt 0.536473 0.71951765
vt 0.5793132 0.71951765
vt 0.5832078 0.7467796
vt 0.54036754 0.7740416
vt 0.57541865 0.7740416
vt 0.48194903 0.80519813
vt 0.49363273 0.81298727
vt 0.4975273 0.80519813
vt 0.4858436 0.8324601
vt 0.4741599 0.8324601
vt 0.4858436 0.8558275
vt 0.49363273 0.85193294
vt 0.36900657 0.47805446
vt 0.35732287 0.47805446
vt 0.35732287 0.41574138
vt 0.36900657 0.41574138
vt 0.40795225 0.47805446
vt 0.39626855 0.47805446
vt 0.39626855 0.41574138
vt 0.40795225 0.41574138
vt 0.39626855 0.47805446
vt 0.38458484 0.47805446
vt 0.38458484 0.41574138
vt 0.39626855 0.41574138
vt 0.38458484 0.47805446
vt 0.36900657 0.47805446
vt 0.36900657 0.41574138
vt 0.38458484 0.41574138
vt 0.40795225 0.5481567
vt 0.39626855 0.55205125
vt 0.40405768 0.5481567
vt 0.39626855 0.54036754
vt 0.39626855 0.54036754
vt 0.40405768 0.54036754
vt 0.40405768 0.536473
vt 0.3300609 0.50142187
vt 0.32227176 0.50142187
vt 0.32227176 0.49363273
vt 0.3300609 0.49363273
vt 0.32227176 0.50142187
vt 0.31448263 0.50142187
vt 0.31448263 0.48973817
vt 0.32227176 0.49363273
vt 0.31448263 0.50142187
vt 0.30279893 0.50142187
vt 0.30279893 0.49363273
vt 0.31448263 0.48973817
vt 0.40795225 0.4975273
vt 0.40795225 0.5131056
vt 0.38458484 0.4858436
vt 0.365112 0.51700014
vt 0.365112 0.4975273
vt 0.42353052 0.43131965
vt 0.42353052 0.41184682
vt 0.48973817 0.41184682
vt 0.48973817 0.43131965
vt 0.42353052 0.45468706
vt 0.48973817 0.45468706
vt 0.48973817 0.48194903
vt 0.42353052 0.48194903
vt 0.42353052 0.4975273
vt 0.42353052 0.48194903
vt 0.48973817 0.48194903
vt 0.48973817 0.4975273
vt 0.42353052 0.43131965
vt 0.48973817 0.43131965
vt 0.48973817 0.45468706
vt 0.42353052 0.45468706
vt 0.42353052 0.5442621
vt 0.42353052 0.4975273
vt 0.48973817 0.4975273
vt 0.48973817 0.5442621
vt 0.41184682 0.4975273
vt 0.3884794 0.4858436
vt 0.41184682 0.5131056
vt 0.365112 0.5131056
vt 0.365112 0.4975273
vt 0.2833261 0.57541865
vt 0.25606412 0.5715241
vt 0.25216955 0.61046976
vt 0.2833261 0.6065752
vt 0.27553695 0.64552087
vt 0.29890436 0.626048
vt 0.25606412 0.6182589
vt 0.3183772 0.66109914
vt 0.32227176 0.63383716
vt 0.2833261 0.64941543
vt 0.365112 0.64941543
vt 0.34953374 0.626048
vt 0.32616633 0.66109914
vt 0.25606412 0.56373495
vt 0.2833261 0.57541865
vt 0.29890436 0.5559458
vt 0.27553695 0.536473
vt 0.2833261 0.5325784
vt 0.32227176 0.5481567
vt 0.3183772 0.5208947
vt 0.32616633 0.5208947
vt 0.34953374 0.5559458
vt 0.365112 0.5325784
vt 0.36900657 0.536473
vt 0.365112 0.57541865
vt 0.39237398 0.56373495
vt 0.39237398 0.5715241
vt 0.365112 0.57541865
vt 0.365112 0.6065752
vt 0.39237398 0.61046976
vt 0.39237398 0.6182589
vt 0.34953374 0.626048
vt 0.36900657 0.64552087
vt 0.32227176 0.5909969
vt 0.31058806 0.5715241
vt 0.30279893 0.5909969
vt 0.32227176 0.5676295
vt 0.31058806 0.6065752
vt 0.32227176 0.6143643
vt 0.33785003 0.5715241
vt 0.34563917 0.5909969
vt 0.33785003 0.6065752
vt 0.2833261 0.57541865
vt 0.2833261 0.6065752
vt 0.29890436 0.5559458
vt 0.32227176 0.5481567
vt 0.34953374 0.5559458
vt 0.365112 0.57541865
vt 0.365112 0.6065752
vt 0.34953374 0.626048
vt 0.32227176 0.63383716
vt 0.29890436 0.626048
vt 0.36900657 0.9570862
vt 0.3767957 0.98824275
vt 0.30279893 0.9921373
vt 0.3884794 0.9804536
vt 0.41574138 0.91814053
vt 0.43521422 0.9492971
vt 0.36900657 0.9570862
vt 0.30279893 0.9921373
vt 0.31058806 0.9570862
vt 0.25995868 0.9220351
vt 0.30279893 0.92592967
vt 0.2950098 0.8947731
vt 0.28722066 0.9843482
vt 0.24048586 0.95319164
vt 0.3534283 0.94150794
vt 0.36900657 0.9570862
vt 0.31058806 0.9570862
vt 0.32227176 0.94150794
vt 0.3767957 0.9220351
vt 0.30279893 0.92592967
vt 0.41574138 0.91814053
vt 0.38069028 0.89087856
vt 0.41574138 0.8675112
vt 0.37290114 0.86361665
vt 0.36900657 0.82856554
vt 0.3534283 0.8441438
vt 0.32227176 0.8480384
vt 0.3066935 0.8324601
vt 0.30279893 0.86361665
vt 0.3884794 0.80130357
vt 0.43521422 0.8324601
vt 0.37290114 0.797409
vt 0.36900657 0.82856554
vt 0.3066935 0.8324601
vt 0.30279893 0.797409
vt 0.22880216 0.7000448
vt 0.18206735 0.69615024
vt 0.20154019 0.77793616
vt 0.22490759 0.77793616
vt 0.04965206 0.69615024
vt 0.04965206 0.77793616
vt 0.010706387 0.69615024
vt 0.010706387 0.77793616
vt 0.030179225 0.8324601
vt 0.20543475 0.64552087
vt 0.034073792 0.64552087
vt 0.030179225 0.8324601
vt 0.20543475 0.8324601
vt 0.20154019 0.77793616
vt 0.034073792 0.93761337
vt 0.20543475 0.93761337
vt 0.27943152 0.6065752
vt 0.27943152 0.5793132
vt 0.25216955 0.57541865
vt 0.27553695 0.536473
vt 0.25216955 0.56373495
vt 0.2950098 0.5598404
vt 0.3183772 0.5208947
vt 0.2833261 0.5325784
vt 0.32227176 0.5481567
vt 0.27943152 0.6065752
vt 0.25216955 0.57541865
vt 0.25216955 0.6143643
vt 0.25606412 0.62215346
vt 0.2950098 0.626048
vt 0.27553695 0.64552087
vt 0.2833261 0.65331
vt 0.32227176 0.63383716
vt 0.3183772 0.6649937
vt 0.32616633 0.6649937
vt 0.34953374 0.626048
vt 0.32227176 0.63383716
vt 0.36121744 0.65331
vt 0.36900657 0.64941543
vt 0.36121744 0.6065752
vt 0.3884794 0.62215346
vt 0.39237398 0.61046976
vt 0.36121744 0.5793132
vt 0.36121744 0.6065752
vt 0.39237398 0.5715241
vt 0.3884794 0.56373495
vt 0.34953374 0.5598404
vt 0.36900657 0.536473
vt 0.36121744 0.5325784
vt 0.32227176 0.5481567
vt 0.32616633 0.5208947
vt 0.29890436 0.5948915
vt 0.27943152 0.5793132
vt 0.27943152 0.6065752
vt 0.3066935 0.61046976
vt 0.2950098 0.626048
vt 0.32227176 0.6143643
vt 0.32227176 0.63383716
vt 0.2950098 0.5598404
vt 0.3066935 0.57541865
vt 0.32227176 0.5481567
vt 0.32227176 0.5715241
vt 0.33395547 0.61046976
vt 0.34953374 0.626048
vt 0.3417446 0.5948915
vt 0.36121744 0.6065752
vt 0.36121744 0.5793132
vt 0.33395547 0.57541865
vt 0.34953374 0.5598404
vt 0.32227176 0.5948915
vt 0.36900657 0.95319164
vt 0.3066935 0.9570862
vt 0.30279893 0.98824275
vt 0.3767957 0.98824275
vt 0.3534283 0.93761337
vt 0.3066935 0.9570862
vt 0.36900657 0.95319164
vt 0.32227176 0.94150794
vt 0.3767957 0.9220351
vt 0.30279893 0.9220351
vt 0.36900657 0.82856554
vt 0.3534283 0.8441438
vt 0.37290114 0.86361665
vt 0.32227176 0.8480384
vt 0.3066935 0.8324601
vt 0.29890436 0.86361665
vt 0.41574138 0.8675112
vt 0.38458484 0.89087856
vt 0.41574138 0.8675112
vt 0.43521422 0.8324601
vt 0.3884794 0.80130357
vt 0.36900657 0.82856554
vt 0.38458484 0.89087856
vt 0.41574138 0.91814053
vt 0.3767957 0.9220351
vt 0.36900657 0.95319164
vt 0.39237398 0.9804536
vt 0.4391088 0.9492971
vt 0.04965206 0.98824275
vt 0.20543475 0.93761337
vt 0.034073792 0.93761337
vt 0.18596192 0.98824275
vt 0.3066935 0.9570862
vt 0.30279893 0.9220351
vt 0.25995868 0.9220351
vt 0.29111522 0.8947731
vt 0.28722066 0.9843482
vt 0.2365913 0.95319164
vt 0.034073792 0.64552087
vt 0.20543475 0.64552087
vt 0.20154019 0.54036754
vt 0.034073792 0.54036754
vt 0.37290114 0.797409
vt 0.29890436 0.797409
vt 0.3066935 0.8324601
vt 0.36900657 0.82856554
vt 0.026284657 0.17817278
vt 0.12364884 0.17817278
vt 0.12364884 0.14312167
vt 0.026284657 0.14312167
vt 0.12364884 0.22101302
vt 0.026284657 0.22101302
vt 0.12364884 0.14312167
vt 0.04965206 0.10807057
vt 0.026284657 0.14312167
vt 0.12364884 0.10807057
vt 0.12364884 0.07301947
vt 0.07301947 0.07301947
vt 0.04965206 0.03796836
vt 0.12364884 0.03796836
vt 0.41184682 0.13533254
vt 0.41184682 0.10807057
vt 0.39626855 0.10807057
vt 0.39626855 0.13533254
vt 0.39626855 0.080808595
vt 0.41184682 0.080808595
vt 0.41184682 0.080808595
vt 0.39626855 0.057441194
vt 0.39626855 0.080808595
vt 0.41184682 0.057441194
vt 0.39626855 0.030179225
vt 0.41184682 0.030179225
vt 0.39626855 0.0068118204
vt 0.41184682 0.0068118204
vt 0.41574138 0.3767957
vt 0.41574138 0.34953374
vt 0.4001631 0.3534283
vt 0.4001631 0.38069028
vt 0.41574138 0.32227176
vt 0.4001631 0.32616633
vt 0.41574138 0.29890436
vt 0.4001631 0.30279893
vt 0.3767957 0.13533254
vt 0.39626855 0.13533254
vt 0.39626855 0.10807057
vt 0.3767957 0.10807057
vt 0.39626855 0.080808595
vt 0.3767957 0.080808595
vt 0.39626855 0.057441194
vt 0.3767957 0.057441194
vt 0.39626855 0.030179225
vt 0.3767957 0.030179225
vt 0.39626855 0.0068118204
vt 0.3767957 0.0029172534
vt 0.39626855 0.16259451
vt 0.3767957 0.16648908
vt 0.38069028 0.38458484
vt 0.4001631 0.38069028
vt 0.4001631 0.3534283
vt 0.38069028 0.35732287
vt 0.38069028 0.33395547
vt 0.4001631 0.32616633
vt 0.38069028 0.3066935
vt 0.4001631 0.30279893
vt 0.38069028 0.27553695
vt 0.4001631 0.2716424
vt 0.38069028 0.24438043
vt 0.4001631 0.24438043
vt 0.38069028 0.21711846
vt 0.4001631 0.21322389
vt 0.3300609 0.10807057
vt 0.32227176 0.10807057
vt 0.32227176 0.13533254
vt 0.3300609 0.13533254
vt 0.32227176 0.080808595
vt 0.3300609 0.080808595
vt 0.3300609 0.057441194
vt 0.32227176 0.057441194
vt 0.3300609 0.16648908
vt 0.32227176 0.16648908
vt 0.32227176 0.030179225
vt 0.3300609 0.030179225
vt 0.3300609 0.0029172534
vt 0.32227176 0.0029172534
vt 0.3767957 0.13533254
vt 0.3767957 0.10807057
vt 0.3300609 0.10807057
vt 0.3300609 0.13533254
vt 0.3300609 0.080808595
vt 0.3300609 0.16648908
vt 0.3767957 0.16648908
vt 0.3767957 0.10807057
vt 0.3767957 0.080808595
vt 0.3300609 0.080808595
vt 0.3300609 0.057441194
vt 0.3767957 0.057441194
vt 0.3300609 0.030179225
vt 0.3767957 0.030179225
vt 0.3767957 0.030179225
vt 0.3767957 0.0029172534
vt 0.3300609 0.0029172534
vt 0.3300609 0.030179225
vt 0.38069028 0.38458484
vt 0.38069028 0.35732287
vt 0.3300609 0.35732287
vt 0.3300609 0.38458484
vt 0.38069028 0.33395547
vt 0.3300609 0.33395547
vt 0.41184682 0.13533254
vt 0.39626855 0.13533254
vt 0.39626855 0.16259451
vt 0.41184682 0.16259451
vt 0.41574138 0.20932932
vt 0.4001631 0.21322389
vt 0.4001631 0.24438043
vt 0.41574138 0.24048586
vt 0.4001631 0.2716424
vt 0.41574138 0.26774782
vt 0.41574138 0.26774782
vt 0.4001631 0.2716424
vt 0.4001631 0.30279893
vt 0.41574138 0.29890436
vt 0.23269673 0.14701624
vt 0.13533254 0.14701624
vt 0.13533254 0.18206735
vt 0.23269673 0.18206735
vt 0.23269673 0.21711846
vt 0.13533254 0.21711846
vt 0.23269673 0.14701624
vt 0.13533254 0.111965135
vt 0.13533254 0.14701624
vt 0.23269673 0.111965135
vt 0.18206735 0.076914035
vt 0.23269673 0.076914035
vt 0.23269673 0.03796836
vt 0.18206735 0.03796836
vt 0.3300609 0.35732287
vt 0.3300609 0.33395547
vt 0.32227176 0.33395547
vt 0.32227176 0.35732287
vt 0.3300609 0.3066935
vt 0.32227176 0.3066935
vt 0.32227176 0.27553695
vt 0.3300609 0.27553695
vt 0.32227176 0.24438043
vt 0.3300609 0.24438043
vt 0.3300609 0.21711846
vt 0.32227176 0.21711846
vt 0.3300609 0.38458484
vt 0.32227176 0.38458484
vt 0.38069028 0.21711846
vt 0.3300609 0.21711846
vt 0.3300609 0.24438043
vt 0.38069028 0.24438043
vt 0.3300609 0.27553695
vt 0.38069028 0.27553695
vt 0.38069028 0.27553695
vt 0.3300609 0.27553695
vt 0.3300609 0.3066935
vt 0.38069028 0.3066935
vt 0.3300609 0.33395547
vt 0.38069028 0.33395547
vt 0.18206735 0.03796836
vt 0.23269673 0.03796836
vt 0.23269673 0.0029172534
vt 0.13533254 0.0029172534
vt 0.026284657 0.0029172534
vt 0.04965206 0.03796836
vt 0.12364884 0.0029172534
vt 0.12364884 0.03796836
vt 0.06133576 0.33395547
vt 0.06133576 0.32227176
vt 0.04965206 0.32227176
vt 0.04965206 0.33395547
vt 0.03796836 0.27553695
vt 0.076914035 0.27943152
vt 0.080808595 0.25995868
vt 0.03796836 0.26385325
vt 0.076914035 0.29890436
vt 0.03796836 0.28722066
vt 0.034073792 0.29890436
vt 0.076914035 0.31448263
vt 0.034073792 0.25216955
vt 0.03796836 0.26385325
vt 0.080808595 0.25995868
vt 0.080808595 0.24048586
vt 0.076914035 0.29890436
vt 0.076914035 0.27943152
vt 0.03796836 0.27553695
vt 0.03796836 0.28722066
vt 0.06133576 0.33395547
vt 0.06133576 0.32227176
vt 0.04965206 0.32227176
vt 0.04965206 0.33395547
vt 0.03796836 0.27553695
vt 0.076914035 0.27943152
vt 0.080808595 0.25995868
vt 0.03796836 0.26385325
vt 0.076914035 0.29890436
vt 0.03796836 0.28722066
vt 0.034073792 0.29890436
vt 0.076914035 0.31448263
vt 0.034073792 0.25216955
vt 0.03796836 0.26385325
vt 0.080808595 0.25995868
vt 0.080808595 0.24048586
vt 0.076914035 0.29890436
vt 0.076914035 0.27943152
vt 0.03796836 0.27553695
vt 0.03796836 0.28722066
vt 0.06133576 0.33395547
vt 0.06133576 0.32227176
vt 0.04965206 0.32227176
vt 0.04965206 0.33395547
vt 0.03796836 0.27553695
vt 0.076914035 0.27943152
vt 0.080808595 0.25995868
vt 0.03796836 0.26385325
vt 0.076914035 0.29890436
vt 0.03796836 0.28722066
vt 0.034073792 0.29890436
vt 0.076914035 0.31448263
vt 0.034073792 0.25216955
vt 0.03796836 0.26385325
vt 0.080808595 0.25995868
vt 0.080808595 0.24048586
vt 0.076914035 0.29890436
vt 0.076914035 0.27943152
vt 0.03796836 0.27553695
vt 0.03796836 0.28722066
vt 0.06133576 0.33395547
vt 0.06133576 0.32227176
vt 0.04965206 0.32227176
vt 0.04965206 0.33395547
vt 0.03796836 0.27553695
vt 0.076914035 0.27943152
vt 0.080808595 0.25995868
vt 0.03796836 0.26385325
vt 0.076914035 0.29890436
vt 0.03796836 0.28722066
vt 0.034073792 0.29890436
vt 0.076914035 0.31448263
vt 0.034073792 0.25216955
vt 0.03796836 0.26385325
vt 0.080808595 0.25995868
vt 0.080808595 0.24048586
vt 0.076914035 0.29890436
vt 0.076914035 0.27943152
vt 0.03796836 0.27553695
vt 0.03796836 0.28722066
vt 0.22490759 0.31448263
vt 0.22490759 0.24438043
vt 0.13143797 0.24048586
vt 0.22490759 0.31448263
vt 0.13143797 0.24048586
vt 0.13143797 0.31448263
vt 0.22490759 0.24438043
vt 0.22490759 0.2365913
vt 0.13143797 0.2365913
vt 0.22490759 0.24438043
vt 0.13143797 0.2365913
vt 0.13143797 0.24048586
vt 0.22490759 0.39237398
vt 0.22490759 0.32227176
vt 0.13143797 0.32227176
vt 0.22490759 0.39237398
vt 0.13143797 0.32227176
vt 0.13143797 0.39237398
vt 0.13143797 0.31448263
vt 0.13143797 0.24048586
vt 0.12364884 0.24048586
vt 0.13143797 0.31448263
vt 0.12364884 0.24048586
vt 0.12364884 0.31448263
vt 0.22490759 0.31448263
vt 0.22490759 0.24438043
vt 0.13143797 0.24048586
vt 0.13143797 0.31448263
vt 0.22490759 0.24438043
vt 0.22490759 0.2365913
vt 0.13143797 0.2365913
vt 0.13143797 0.24048586
vt 0.22490759 0.39237398
vt 0.22490759 0.32227176
vt 0.13143797 0.32227176
vt 0.13143797 0.39237398
vt 0.13143797 0.31448263
vt 0.13143797 0.24048586
vt 0.12364884 0.24048586
vt 0.12364884 0.31448263
vt 0.22490759 0.31448263
vt 0.22490759 0.24438043
vt 0.13143797 0.24048586
vt 0.13143797 0.31448263
vt 0.22490759 0.24438043
vt 0.22490759 0.2365913
vt 0.13143797 0.2365913
vt 0.13143797 0.24048586
vt 0.13143797 0.31448263
vt 0.13143797 0.24048586
vt 0.12364884 0.24048586
vt 0.12364884 0.31448263
vt 0.22490759 0.31448263
vt 0.22490759 0.24438043
vt 0.13143797 0.24048586
vt 0.22490759 0.31448263
vt 0.13143797 0.24048586
vt 0.13143797 0.31448263
vt 0.22490759 0.24438043
vt 0.22490759 0.2365913
vt 0.13143797 0.2365913
vt 0.22490759 0.24438043
vt 0.13143797 0.2365913
vt 0.13143797 0.24048586
vt 0.22490759 0.39237398
vt 0.22490759 0.32227176
vt 0.13143797 0.32227176
vt 0.22490759 0.39237398
vt 0.13143797 0.32227176
vt 0.13143797 0.39237398
vt 0.22490759 0.32227176
vt 0.22490759 0.31448263
vt 0.13143797 0.31448263
vt 0.13143797 0.32227176
vt 0.13143797 0.31448263
vt 0.13143797 0.24048586
vt 0.12364884 0.24048586
vt 0.13143797 0.31448263
vt 0.12364884 0.24048586
vt 0.12364884 0.31448263
vt 0.22490759 0.2365913
vt 0.22490759 0.2365913
vt 0.13143797 0.2365913
vt 0.13143797 0.2365913
vt 0.64552087 0.41574138
vt 0.68446654 0.41574138
vt 0.680572 0.4624762
vt 0.64552087 0.4624762
vt 0.7156231 0.4624762
vt 0.7156231 0.41574138
vt 0.680572 0.54036754
vt 0.65331 0.54036754
vt 0.7039394 0.54036754
vt 0.680572 0.5715241
vt 0.66109914 0.5715241
vt 0.69615024 0.5715241
vt 0.6182589 0.4624762
vt 0.63383716 0.54036754
vt 0.64552087 0.5715241
vt 0.6182589 0.41574138
vt 0.7156231 0.41574138
vt 0.7389905 0.4624762
vt 0.7156231 0.4624762
vt 0.74288505 0.41574138
vt 0.7234122 0.54036754
vt 0.7039394 0.54036754
vt 0.70783395 0.5715241
vt 0.69615024 0.5715241
vt 0.7467796 0.4624762
vt 0.7467796 0.41574138
vt 0.7273068 0.54036754
vt 0.7117285 0.5715241
vt 0.73120135 0.4624762
vt 0.74288505 0.4624762
vt 0.7156231 0.54036754
vt 0.7039394 0.57541865
vt 0.7117285 0.57541865
vt 0.73120135 0.4624762
vt 0.69615024 0.54036754
vt 0.7156231 0.54036754
vt 0.7039394 0.4624762
vt 0.7039394 0.41574138
vt 0.6922557 0.57541865
vt 0.7039394 0.57541865
vt 0.67278284 0.54036754
vt 0.67278284 0.57541865
vt 0.64552087 0.54036754
vt 0.65331 0.5715241
vt 0.6688883 0.41574138
vt 0.6688883 0.4624762
vt 0.63383716 0.41574138
vt 0.63383716 0.4624762
vt 0.66109914 0.5715241
vt 0.680572 0.5715241
vt 0.6766774 0.5909969
vt 0.69615024 0.5715241
vt 0.70783395 0.5715241
vt 0.7117285 0.5715241
vt 0.64552087 0.5715241
vt 0.6416263 0.5715241
vt 0.6416263 0.5715241
vt 0.65331 0.5715241
vt 0.67278284 0.57541865
vt 0.6922557 0.57541865
vt 0.7039394 0.57541865
vt 0.7117285 0.57541865
vt 0.63383716 0.54036754
vt 0.64552087 0.5715241
vt 0.6416263 0.5715241
vt 0.626048 0.54036754
vt 0.6416263 0.5715241
vt 0.6299426 0.54036754
vt 0.65331 0.5715241
vt 0.64552087 0.54036754
vt 0.6182589 0.4624762
vt 0.6065752 0.4624762
vt 0.6182589 0.41574138
vt 0.6065752 0.41574138
vt 0.6143643 0.4624762
vt 0.6026806 0.41184682
vt 0.61046976 0.41574138
vt 0.63383716 0.4624762
vt 0.63383716 0.41574138
vt 0.5793132 0.02239009
vt 0.59878606 0.17427821
vt 0.6182589 0.17817278
vt 0.6143643 0.02239009
vt 0.6299426 0.37290114
vt 0.6766774 0.37290114
vt 0.6766774 0.36121744
vt 0.63383716 0.36121744
vt 0.6416263 0.4001631
vt 0.6649937 0.4001631
vt 0.62215346 0.3417446
vt 0.68446654 0.3417446
vt 0.4624762 0.36121744
vt 0.42353052 0.3534283
vt 0.42353052 0.3884794
vt 0.46637076 0.3884794
vt 0.44300336 0.4001631
vt 0.45468706 0.39626855
vt 0.42353052 0.34953374
vt 0.46637076 0.34953374
vt 0.5247893 0.17038365
vt 0.5247893 0.02239009
vt 0.509211 0.02239009
vt 0.49363273 0.17817278
vt 0.4741599 0.18206735
vt 0.45858163 0.02239009
vt 0.66109914 0.15869994
vt 0.6416263 0.053546626
vt 0.64552087 0.18206735
vt 0.6143643 0.02239009
vt 0.6182589 0.17817278
vt 0.66109914 0.15869994
vt 0.6649937 0.15869994
vt 0.64552087 0.053546626
vt 0.6416263 0.053546626
vt 0.63383716 0.02239009
vt 0.6143643 0.02239009
vt 0.64941543 0.18596192
vt 0.6649937 0.15869994
vt 0.66109914 0.15869994
vt 0.64552087 0.18206735
vt 0.45468706 0.02239009
vt 0.43521422 0.076914035
vt 0.44689792 0.053546626
vt 0.45858163 0.02239009
vt 0.4274251 0.16259451
vt 0.41963595 0.17817278
vt 0.4274251 0.16259451
vt 0.41963595 0.17817278
vt 0.4507925 0.20543475
vt 0.45468706 0.19375105
vt 0.69615024 0.16259451
vt 0.7467796 0.16259451
vt 0.7584633 0.1392271
vt 0.680572 0.1392271
vt 0.6688883 0.045757495
vt 0.7740416 0.045757495
vt 0.75456876 0.02239009
vt 0.6883611 0.026284657
vt 0.4274251 0.16259451
vt 0.45468706 0.19375105
vt 0.44689792 0.053546626
vt 0.4741599 0.18206735
vt 0.45858163 0.02239009
vt 0.63773173 0.19375105
vt 0.45468706 0.19375105
vt 0.4507925 0.20543475
vt 0.63773173 0.20543475
vt 0.27943152 0.41184682
vt 0.27943152 0.47026533
vt 0.30279893 0.47026533
vt 0.30279893 0.41184682
vt 0.30279893 0.41184682
vt 0.30279893 0.47026533
vt 0.32227176 0.47026533
vt 0.32227176 0.41184682
vt 0.32227176 0.41184682
vt 0.32227176 0.47026533
vt 0.3417446 0.47026533
vt 0.3417446 0.41184682
vt 0.25995868 0.41184682
vt 0.25995868 0.47026533
vt 0.27943152 0.47026533
vt 0.27943152 0.41184682
vt 0.48973817 0.6766774
vt 0.4858436 0.67278284
vt 0.4741599 0.6766774
vt 0.47026533 0.680572
vt 0.47805446 0.6649937
vt 0.46637076 0.6649937
vt 0.4858436 0.65720457
vt 0.5598404 0.7000448
vt 0.5598404 0.6883611
vt 0.5481567 0.6883611
vt 0.5481567 0.7000448
vt 0.5481567 0.7000448
vt 0.5481567 0.6883611
vt 0.536473 0.6883611
vt 0.536473 0.7000448
vt 0.5793132 0.7000448
vt 0.5793132 0.6883611
vt 0.5598404 0.6883611
vt 0.5598404 0.7000448
vt 0.3300609 0.75456876
vt 0.38069028 0.74288505
vt 0.37290114 0.76625246
vt 0.34953374 0.76625246
vt 0.3300609 0.71951765
vt 0.3767957 0.71951765
vt 0.58710235 0.509211
vt 0.55205125 0.509211
vt 0.55205125 0.5325784
vt 0.58710235 0.5325784
vt 0.58710235 0.5559458
vt 0.55205125 0.5559458
vt 0.3300609 0.75456876
vt 0.34563917 0.770147
vt 0.37290114 0.770147
vt 0.38069028 0.7467796
vt 0.3300609 0.71951765
vt 0.3767957 0.71951765
vt 0.55205125 0.45858163
vt 0.58710235 0.45858163
vt 0.58710235 0.41184682
vt 0.55205125 0.41184682
vt 0.55205125 0.48194903
vt 0.55205125 0.509211
vt 0.58710235 0.509211
vt 0.58710235 0.48194903
vt 0.55205125 0.45858163
vt 0.58710235 0.45858163
vt 0.58710235 0.5909969
vt 0.58710235 0.5559458
vt 0.55205125 0.5559458
vt 0.55205125 0.5909969
vt 0.47805446 0.56373495
vt 0.47805446 0.5909969
vt 0.50142187 0.5909969
vt 0.50531644 0.57541865
vt 0.50531644 0.57541865
vt 0.50142187 0.5909969
vt 0.5208947 0.5909969
vt 0.5208947 0.58710235
vt 0.43131965 0.58710235
vt 0.43131965 0.5909969
vt 0.45468706 0.5909969
vt 0.45468706 0.57541865
vt 0.45468706 0.57541865
vt 0.45468706 0.5909969
vt 0.47805446 0.5909969
vt 0.47805446 0.56373495
vt 0.24438043 0.68446654
vt 0.24438043 0.6766774
vt 0.2365913 0.6688883
vt 0.22880216 0.6688883
vt 0.24438043 0.66109914
vt 0.24438043 0.65331
vt 0.25216955 0.6688883
vt 0.25995868 0.6688883
vt 0.5247893 0.93761337
vt 0.5247893 0.98824275
vt 0.54036754 0.98824275
vt 0.54036754 0.93761337
vt 0.54036754 0.93761337
vt 0.54036754 0.98824275
vt 0.5559458 0.98824275
vt 0.5559458 0.93761337
vt 0.5559458 0.93761337
vt 0.5559458 0.98824275
vt 0.5715241 0.98824275
vt 0.5715241 0.93761337
vt 0.5715241 0.93761337
vt 0.5715241 0.98824275
vt 0.5832078 0.98824275
vt 0.5832078 0.93761337
vn 0.40665764 -0.100057945 -0.90808475
vn 0.40665764 -0.100057945 -0.90808475
vn 0.40665764 -0.100057945 -0.90808475
vn 0.40665764 -0.100057945 -0.90808475
vn -0.996825 0.010836136 -0.07888335
vn -0.70177215 -0.07338135 -0.7086121
vn -0.70177215 -0.07338135 -0.7086121
vn -0.996825 0.010836136 -0.07888335
vn -0.9424439 0.06524278 0.32793725
vn -0.9424439 0.06524278 0.32793725
vn -0.9424439 0.06524278 0.32793725
vn -0.996825 0.010836136 -0.07888335
vn -0.43544742 0.14030571 0.889213
vn -0.43544742 0.14030571 0.889213
vn -0.43544742 0.14030571 0.889213
vn -0.43544742 0.14030571 0.889213
vn 0.40665767 -0.14207801 -0.90246516
vn 0.40665767 -0.14207801 -0.90246516
vn 0.40665767 -0.14207801 -0.90246516
vn 0.40665767 -0.14207801 -0.90246516
vn -0.70177215 -0.115401424 -0.70299244
vn -0.70177215 -0.115401424 -0.70299244
vn -0.35309613 -0.14499596 -0.92428315
vn -0.35309613 -0.14499596 -0.92428315
vn -0.996825 -0.031183938 -0.07326375
vn -0.99976313 -0.020355472 0.007705119
vn -0.70177215 -0.115401424 -0.70299244
vn -0.70177215 -0.115401424 -0.70299244
vn -0.9424439 0.02322271 0.33355686
vn -0.9424439 0.02322271 0.33355686
vn -0.40665767 0.14207801 0.90246516
vn -0.40665767 0.14207801 0.90246516
vn -0.40665767 0.14207801 0.90246516
vn -0.40665767 0.14207801 0.90246516
vn 0.35309613 0.14499596 0.92428315
vn 0.35309613 0.14499596 0.92428315
vn 0.35309613 0.14499596 0.92428315
vn 0.35309613 0.14499596 0.92428315
vn 0.99976313 0.020355472 -0.007705119
vn 0.99976313 0.020355472 -0.007705119
vn 0.9067639 0.076827586 0.41458014
vn 0.9067639 0.076827586 0.41458014
vn 0.9424439 -0.02322271 -0.33355686
vn 0.9424439 -0.02322271 -0.33355686
vn 0.99976313 0.020355472 -0.007705119
vn 0.99976313 0.020355472 -0.007705119
vn -0.010778682 0.990442 -0.13750812
vn -0.010778682 0.990442 -0.13750812
vn -0.010778682 0.990442 -0.13750812
vn -0.010778682 0.990442 -0.13750812
vn -0.010778682 0.990442 -0.13750812
vn -0.010778682 0.990442 -0.13750812
vn -0.010778682 0.990442 -0.13750812
vn -0.010778682 0.990442 -0.13750812
vn 0.9067639 0.034812808 0.42019904
vn 0.996825 -0.010836136 0.07888335
vn 0.996825 -0.010836136 0.07888335
vn 0.9067639 0.034812808 0.42019904
vn 0.9424439 -0.06524278 -0.32793725
vn 0.9424439 -0.06524278 -0.32793725
vn -0.70177215 -0.07338135 -0.7086121
vn -0.70177215 -0.07338135 -0.7086121
vn -0.35309613 -0.10297589 -0.92990273
vn -0.35309613 -0.10297589 -0.92990273
vn 0.35309613 0.10297589 0.92990273
vn 0.35309613 0.10297589 0.92990273
vn 0.35309613 0.10297589 0.92990273
vn 0.35309613 0.10297589 0.92990273
vn -0.05533453 0.9894024 0.13424218
vn 0.032775406 0.99794054 0.05514083
vn -0.16397196 0.98582876 -0.035423316
vn -0.16616286 0.9825798 0.08322711
vn 0.18526602 0.98168117 -0.044481788
vn 0.15257086 0.98389864 0.0930885
vn 0.18526602 0.98168117 -0.044481788
vn 0.26857665 0.95078695 -0.15450163
vn 0.16397172 0.9604929 -0.22487037
vn 0.16616267 0.92618 -0.33849743
vn 0.16616267 0.92618 -0.33849743
vn -0.032775637 0.9483812 -0.3154345
vn 0.16397172 0.9604929 -0.22487037
vn 0.055334304 0.9193575 -0.38951245
vn -0.18526626 0.95887125 -0.21504031
vn -0.15257111 0.92486113 -0.3483588
vn -0.18526626 0.95887125 -0.21504031
vn -0.26857686 0.957973 -0.10076866
vn -0.16397196 0.98582876 -0.035423316
vn -0.16616286 0.9825798 0.08322711
vn 0.98315233 0.0030562896 0.18276268
vn 0.98315233 0.0030562896 0.18276268
vn 0.98315233 0.0030562896 0.18276268
vn 0.98315233 0.0030562896 0.18276268
vn 0.08277332 0.98843855 0.12703481
vn 0.08277332 0.98843855 0.12703481
vn 0.08277332 0.98843855 0.12703481
vn 0.08277332 0.98843855 0.12703481
vn -0.58570945 0.81013817 -0.024914104
vn -0.58570945 0.81013817 -0.024914104
vn -0.58570945 0.81013817 -0.024914104
vn -0.58570945 0.81013817 -0.024914104
vn -0.98315233 -0.045076367 -0.17714307
vn -0.98315233 -0.045076367 -0.17714307
vn -0.98315233 -0.045076367 -0.17714307
vn -0.98315233 -0.045076367 -0.17714307
vn -0.18541999 0.9803851 0.06681643
vn -0.18541999 0.9803851 0.06681643
vn -0.18541999 0.9803851 0.06681643
vn -0.18541999 0.9803851 0.06681643
vn 0.17142467 0.42078656 -0.8908155
vn 0.17142467 0.42078656 -0.8908155
vn 0.17142467 0.42078656 -0.8908155
vn 0.17142467 0.42078656 -0.8908155
vn 0.17142467 0.42078656 -0.8908155
vn 0.17142467 0.42078656 -0.8908155
vn 0.17142467 0.42078656 -0.8908155
vn 0.17142467 0.42078656 -0.8908155
vn 0.17142467 0.42078656 -0.8908155
vn 0.17142467 0.42078656 -0.8908155
vn 0.54360235 0.826878 0.14411573
vn 0.54360235 0.826878 0.14411573
vn 0.54360235 0.826878 0.14411573
vn 0.54360235 0.826878 0.14411573
vn -0.021150948 0.9981618 0.05679531
vn -0.021150948 0.9981618 0.05679531
vn -0.021150948 0.9981618 0.05679531
vn -0.021150948 0.9981618 0.05679531
vn -0.98315233 -0.045076367 -0.17714307
vn -0.98315233 -0.045076367 -0.17714307
vn -0.98315233 -0.045076367 -0.17714307
vn -0.98315233 -0.045076367 -0.17714307
vn 0.98315233 0.0030562896 0.18276268
vn 0.98315233 0.0030562896 0.18276268
vn 0.98315233 0.0030562896 0.18276268
vn 0.98315233 0.0030562896 0.18276268
vn -0.17142467 -0.42078656 0.8908155
vn -0.17142467 -0.42078656 0.8908155
vn -0.17142467 -0.42078656 0.8908155
vn -0.17142467 -0.42078656 0.8908155
vn -0.17142467 -0.42078656 0.8908155
vn -0.17142467 -0.42078656 0.8908155
vn -0.17142467 -0.42078656 0.8908155
vn -0.17142467 -0.42078656 0.8908155
vn -0.17142467 -0.42078656 0.8908155
vn -0.17142467 -0.42078656 0.8908155
vn 0.54107475 -0.121211566 0.83219343
vn 0.54107475 -0.121211566 0.83219343
vn 0.54107475 -0.121211566 0.83219343
vn 0.54107475 -0.121211566 0.83219343
vn 0.18721311 -0.9772915 0.09925997
vn 0.18721311 -0.9772915 0.09925997
vn -0.023310203 -0.9900287 -0.13892442
vn -0.05214975 -0.9894882 -0.13488343
vn -0.13086674 -0.9479552 -0.29026693
vn -0.13086674 -0.9479552 -0.29026693
vn 0.2541286 -0.93582773 0.2442233
vn 0.2541286 -0.93582773 0.2442233
vn 0.023583326 0.9787596 0.20365052
vn -0.1883006 0.97001636 -0.15365899
vn -0.1883006 0.97001636 -0.15365899
vn 0.052447405 0.97831875 0.2003541
vn -0.1883006 0.97001636 -0.15365899
vn -0.1883006 0.97001636 -0.15365899
vn -0.3031739 0.91549647 -0.26448393
vn -0.3031739 0.91549647 -0.26448393
vn -0.54107475 0.121211566 -0.83219343
vn -0.54107475 0.121211566 -0.83219343
vn -0.54107475 0.121211566 -0.83219343
vn -0.54107475 0.121211566 -0.83219343
vn -0.75292444 -0.35682997 0.55297124
vn -0.75292444 -0.35682997 0.55297124
vn -0.75292444 -0.35682997 0.55297124
vn -0.75292444 -0.35682997 0.55297124
vn -0.75292444 -0.35682997 0.55297124
vn -0.75292444 -0.35682997 0.55297124
vn -0.75292444 -0.35682997 0.55297124
vn -0.75292444 -0.35682997 0.55297124
vn 0.16064751 0.91325265 0.374382
vn 0.16064751 0.91325265 0.374382
vn 0.023583326 0.9787596 0.20365052
vn 0.052447405 0.97831875 0.2003541
vn 0.75292444 0.35682997 -0.55297124
vn 0.75292444 0.35682997 -0.55297124
vn 0.75292444 0.35682997 -0.55297124
vn 0.75292444 0.35682997 -0.55297124
vn 0.75292444 0.35682997 -0.55297124
vn 0.75292444 0.35682997 -0.55297124
vn 0.75292444 0.35682997 -0.55297124
vn 0.75292444 0.35682997 -0.55297124
vn -0.8613565 -0.12512521 0.49235016
vn -0.9267109 0.028721811 0.37467584
vn -0.9527604 0.14254394 0.26819542
vn -0.7289826 -0.43364042 0.52966064
vn -0.6827125 -0.50358427 0.52943975
vn -0.52987057 -0.6947863 0.48632205
vn -0.52987057 -0.6947863 0.48632205
vn 0.13045502 -0.991433 -0.0064818957
vn -0.023310203 -0.9900287 -0.13892442
vn -0.023310203 -0.9900287 -0.13892442
vn 0.13045502 -0.991433 -0.0064818957
vn -0.09868867 -0.94912696 -0.2990292
vn -0.023310203 -0.9900287 -0.13892442
vn -0.023310203 -0.9900287 -0.13892442
vn -0.09868867 -0.94912696 -0.2990292
vn 0.1883006 -0.97001636 0.15365899
vn 0.1883006 -0.97001636 0.15365899
vn 0.1883006 -0.97001636 0.15365899
vn 0.1883006 -0.97001636 0.15365899
vn 0.5357064 0.04863321 0.8430027
vn 0.5357064 0.04863321 0.8430027
vn 0.5357064 0.04863321 0.8430027
vn 0.5357064 0.04863321 0.8430027
vn 0.13086674 0.9479552 0.29026693
vn 0.13086674 0.9479552 0.29026693
vn 0.13086674 0.9479552 0.29026693
vn 0.13086674 0.9479552 0.29026693
vn -0.53909713 -0.29640317 -0.78836507
vn -0.53909713 -0.29640317 -0.78836507
vn -0.53909713 -0.29640317 -0.78836507
vn -0.53909713 -0.29640317 -0.78836507
vn 0.6087458 0.52875584 -0.5914777
vn 0.4068899 0.67794764 -0.61223173
vn 0.50230515 0.6217613 -0.6009179
vn 0.78180707 0.23678064 -0.5768125
vn 0.8165566 0.15826283 -0.555147
vn 0.8527581 -0.13170089 -0.5054291
vn 0.8527581 -0.13170089 -0.5054291
vn -0.75292444 -0.35682997 0.55297124
vn -0.75292444 -0.35682997 0.55297124
vn -0.75292444 -0.35682997 0.55297124
vn -0.75292444 -0.35682997 0.55297124
vn -0.75292444 -0.35682997 0.55297124
vn 0.2745287 0.8023617 0.5299526
vn 0.2745287 0.8023617 0.5299526
vn 0.2745287 0.8023617 0.5299526
vn 0.2745287 0.8023617 0.5299526
vn -0.27664915 0.87874806 -0.38893062
vn -0.43563294 0.7138127 -0.5483569
vn -0.43563294 0.7138127 -0.5483569
vn -0.35264608 0.8914753 -0.2844511
vn -0.18721311 0.9772915 -0.09925997
vn -0.18721311 0.9772915 -0.09925997
vn -0.2745287 -0.8023617 -0.5299526
vn -0.2745287 -0.8023617 -0.5299526
vn -0.2745287 -0.8023617 -0.5299526
vn -0.2745287 -0.8023617 -0.5299526
vn 0.32287166 -0.9063674 0.27249223
vn 0.32287166 -0.9063674 0.27249223
vn 0.32287166 -0.9063674 0.27249223
vn 0.32287166 -0.9063674 0.27249223
vn 0.75292444 0.35682997 -0.55297124
vn 0.75292444 0.35682997 -0.55297124
vn 0.75292444 0.35682997 -0.55297124
vn 0.75292444 0.35682997 -0.55297124
vn 0.75292444 0.35682997 -0.55297124
vn 0.09053601 0.67261034 0.7344376
vn 0.09053601 0.67261034 0.7344376
vn 0.09053601 0.67261034 0.7344376
vn 0.09053601 0.67261034 0.7344376
vn 0.7684096 0.48391557 -0.4187748
vn 0.7684096 0.48391557 -0.4187748
vn 0.7684096 0.48391557 -0.4187748
vn 0.7684096 0.48391557 -0.4187748
vn -0.09053601 -0.67261034 -0.7344376
vn -0.09053601 -0.67261034 -0.7344376
vn -0.09053601 -0.67261034 -0.7344376
vn -0.09053601 -0.67261034 -0.7344376
vn -0.7684096 -0.48391557 0.4187748
vn -0.7684096 -0.48391557 0.4187748
vn -0.7684096 -0.48391557 0.4187748
vn -0.7684096 -0.48391557 0.4187748
vn -0.3031739 0.91549647 -0.26448393
vn -0.3031739 0.91549647 -0.26448393
vn -0.3031739 0.91549647 -0.26448393
vn -0.3031739 0.91549647 -0.26448393
vn -0.3031739 0.91549647 -0.26448393
vn -0.3031739 0.91549647 -0.26448393
vn -0.3031739 0.91549647 -0.26448393
vn -0.3031739 0.91549647 -0.26448393
vn -0.3031739 0.91549647 -0.26448393
vn -0.3031739 0.91549647 -0.26448393
vn 0.68400675 0.7292907 -0.016429473
vn 0.68400675 0.7292907 -0.016429473
vn 0.68400675 0.7292907 -0.016429473
vn 0.68400675 0.7292907 -0.016429473
vn -0.09053601 -0.67261034 -0.7344376
vn -0.09053601 -0.67261034 -0.7344376
vn -0.09053601 -0.67261034 -0.7344376
vn -0.09053601 -0.67261034 -0.7344376
vn -0.6844367 -0.13673277 0.71613586
vn -0.6844367 -0.13673277 0.71613586
vn -0.6844367 -0.13673277 0.71613586
vn -0.6844367 -0.13673277 0.71613586
vn 0.25122914 -0.3080666 0.9175941
vn 0.25122914 -0.3080666 0.9175941
vn 0.25122914 -0.3080666 0.9175941
vn 0.25122914 -0.3080666 0.9175941
vn 0.85382897 0.33988982 -0.3942729
vn 0.85382897 0.33988982 -0.3942729
vn 0.85382897 0.33988982 -0.3942729
vn 0.85382897 0.33988982 -0.3942729
vn -0.25122914 0.3080666 -0.9175941
vn -0.25122914 0.3080666 -0.9175941
vn -0.25122914 0.3080666 -0.9175941
vn -0.25122914 0.3080666 -0.9175941
vn -0.85382897 -0.33988982 0.3942729
vn -0.85382897 -0.33988982 0.3942729
vn -0.85382897 -0.33988982 0.3942729
vn -0.85382897 -0.33988982 0.3942729
vn -0.068847455 0.9966048 0.045153495
vn -0.068847455 0.9966048 0.045153495
vn -0.068847455 0.9966048 0.045153495
vn -0.068847455 0.9966048 0.045153495
vn -0.068847455 0.9966048 0.045153495
vn -0.068847455 0.9966048 0.045153495
vn -0.068847455 0.9966048 0.045153495
vn 0.9847116 0.15862338 0.07198404
vn 0.9847116 0.15862338 0.07198404
vn 0.9847116 0.15862338 0.07198404
vn 0.9847116 0.15862338 0.07198404
vn -0.25122914 0.3080666 -0.9175941
vn -0.25122914 0.3080666 -0.9175941
vn -0.25122914 0.3080666 -0.9175941
vn -0.25122914 0.3080666 -0.9175941
vn -0.5899843 -0.37226424 0.71647596
vn -0.5899843 -0.37226424 0.71647596
vn -0.5899843 -0.37226424 0.71647596
vn -0.5899843 -0.37226424 0.71647596
vn -0.75292444 -0.35682997 0.55297124
vn -0.75292444 -0.35682997 0.55297124
vn -0.75292444 -0.35682997 0.55297124
vn -0.75292444 -0.35682997 0.55297124
vn -0.75292444 -0.35682997 0.55297124
vn 0.54354256 -0.16340882 0.82332194
vn 0.54354256 -0.16340882 0.82332194
vn 0.54354256 -0.16340882 0.82332194
vn 0.54354256 -0.16340882 0.82332194
vn -0.068847455 0.9966048 0.045153495
vn -0.18526626 0.95887125 -0.21504031
vn -0.18526626 0.95887125 -0.21504031
vn -0.068847455 0.9966048 0.045153495
vn 0.08869824 0.9641889 0.24994482
vn 0.08869824 0.9641889 0.24994482
vn -0.54354256 0.16340882 -0.82332194
vn -0.54354256 0.16340882 -0.82332194
vn -0.54354256 0.16340882 -0.82332194
vn -0.54354256 0.16340882 -0.82332194
vn 0.09070828 -0.9952591 -0.035090815
vn 0.09070828 -0.9952591 -0.035090815
vn 0.09070828 -0.9952591 -0.035090815
vn 0.09070828 -0.9952591 -0.035090815
vn 0.75292444 0.35682997 -0.55297124
vn 0.75292444 0.35682997 -0.55297124
vn 0.75292444 0.35682997 -0.55297124
vn 0.75292444 0.35682997 -0.55297124
vn 0.75292444 0.35682997 -0.55297124
vn -0.7977372 0.6004687 -0.055249978
vn -0.7977372 0.6004687 -0.055249978
vn -0.7977372 0.6004687 -0.055249978
vn -0.7977372 0.6004687 -0.055249978
vn -0.4420711 0.41992247 0.7926148
vn -0.4420711 0.41992247 0.7926148
vn -0.4420711 0.41992247 0.7926148
vn -0.4420711 0.41992247 0.7926148
vn 0.45050934 -0.197483 0.8706559
vn 0.45050934 -0.197483 0.8706559
vn 0.45050934 -0.197483 0.8706559
vn 0.45050934 -0.197483 0.8706559
vn 0.7977372 -0.6004687 0.055249978
vn 0.7977372 -0.6004687 0.055249978
vn 0.7977372 -0.6004687 0.055249978
vn 0.7977372 -0.6004687 0.055249978
vn 0.4420711 -0.41992247 -0.7926148
vn 0.4420711 -0.41992247 -0.7926148
vn 0.4420711 -0.41992247 -0.7926148
vn 0.4420711 -0.41992247 -0.7926148
vn -0.45050934 0.197483 -0.8706559
vn -0.45050934 0.197483 -0.8706559
vn -0.45050934 0.197483 -0.8706559
vn -0.45050934 0.197483 -0.8706559
vn 0.18526602 0.98168117 -0.044481788
vn 0.18526602 0.98168117 -0.044481788
vn 0.18526602 0.98168117 -0.044481788
vn 0.18526602 0.98168117 -0.044481788
vn 0.18526602 0.98168117 -0.044481788
vn 0.18526602 0.98168117 -0.044481788
vn -0.6704305 0.30197993 -0.6777397
vn -0.6704305 0.30197993 -0.6777397
vn -0.6704305 0.30197993 -0.6777397
vn -0.6704305 0.30197993 -0.6777397
vn 0.6783373 -0.46833262 -0.56614757
vn 0.6783373 -0.46833262 -0.56614757
vn 0.6783373 -0.46833262 -0.56614757
vn 0.6783373 -0.46833262 -0.56614757
vn 0.6704305 -0.30197993 0.6777397
vn 0.6704305 -0.30197993 0.6777397
vn 0.6704305 -0.30197993 0.6777397
vn 0.6704305 -0.30197993 0.6777397
vn -0.6783373 0.46833262 0.56614757
vn -0.6783373 0.46833262 0.56614757
vn -0.6783373 0.46833262 0.56614757
vn -0.6783373 0.46833262 0.56614757
vn 0.18721288 0.9690302 -0.16103369
vn 0.18721288 0.9690302 -0.16103369
vn 0.18721288 0.9690302 -0.16103369
vn 0.18721288 0.9690302 -0.16103369
vn 0.18721288 0.9690302 -0.16103369
vn 0.18721288 0.9690302 -0.16103369
vn 0.18721288 0.9690302 -0.16103369
vn 0.18721288 0.9690302 -0.16103369
vn -0.6704305 0.30197993 -0.6777397
vn -0.6704305 0.30197993 -0.6777397
vn -0.6704305 0.30197993 -0.6777397
vn -0.6704305 0.30197993 -0.6777397
vn 0.6783373 -0.46833262 -0.56614757
vn 0.6783373 -0.46833262 -0.56614757
vn 0.6783373 -0.46833262 -0.56614757
vn 0.6783373 -0.46833262 -0.56614757
vn 0.6704305 -0.30197993 0.6777397
vn 0.6704305 -0.30197993 0.6777397
vn 0.6704305 -0.30197993 0.6777397
vn 0.6704305 -0.30197993 0.6777397
vn -0.6783373 0.46833262 0.56614757
vn -0.6783373 0.46833262 0.56614757
vn -0.6783373 0.46833262 0.56614757
vn -0.6783373 0.46833262 0.56614757
vn -0.7977372 0.6004687 -0.055249978
vn -0.7977372 0.6004687 -0.055249978
vn -0.7977372 0.6004687 -0.055249978
vn -0.7977372 0.6004687 -0.055249978
vn -0.45050934 0.197483 -0.8706559
vn -0.45050934 0.197483 -0.8706559
vn -0.45050934 0.197483 -0.8706559
vn -0.45050934 0.197483 -0.8706559
vn 0.4420711 -0.41992247 -0.7926148
vn 0.4420711 -0.41992247 -0.7926148
vn 0.4420711 -0.41992247 -0.7926148
vn 0.4420711 -0.41992247 -0.7926148
vn 0.7977372 -0.6004687 0.055249978
vn 0.7977372 -0.6004687 0.055249978
vn 0.7977372 -0.6004687 0.055249978
vn 0.7977372 -0.6004687 0.055249978
vn 0.45050934 -0.197483 0.8706559
vn 0.45050934 -0.197483 0.8706559
vn 0.45050934 -0.197483 0.8706559
vn 0.45050934 -0.197483 0.8706559
vn -0.4420711 0.41992247 0.7926148
vn -0.4420711 0.41992247 0.7926148
vn -0.4420711 0.41992247 0.7926148
vn -0.4420711 0.41992247 0.7926148
vn 0.18526602 0.98168117 -0.044481788
vn 0.18526602 0.98168117 -0.044481788
vn 0.18526602 0.98168117 -0.044481788
vn 0.18526602 0.98168117 -0.044481788
vn 0.18526602 0.98168117 -0.044481788
vn 0.18526602 0.98168117 -0.044481788
vn 0.16522937 0.8116967 -0.5602211
vn 0.16522937 0.8116967 -0.5602211
vn 0.16522937 0.8116967 -0.5602211
vn 0.16522937 0.8116967 -0.5602211
vn -0.17857459 -0.92969954 -0.32213348
vn -0.17857459 -0.92969954 -0.32213348
vn -0.17857459 -0.92969954 -0.32213348
vn -0.17857459 -0.92969954 -0.32213348
vn -0.16522937 -0.8116967 0.5602211
vn -0.16522937 -0.8116967 0.5602211
vn -0.16522937 -0.8116967 0.5602211
vn -0.16522937 -0.8116967 0.5602211
vn 0.17857459 0.92969954 0.32213348
vn 0.17857459 0.92969954 0.32213348
vn 0.17857459 0.92969954 0.32213348
vn 0.17857459 0.92969954 0.32213348
vn 0.84448063 -0.53327745 0.049674742
vn 0.84448063 -0.53327745 0.049674742
vn 0.84448063 -0.53327745 0.049674742
vn 0.84448063 -0.53327745 0.049674742
vn 0.84448063 -0.53327745 0.049674742
vn 0.84448063 -0.53327745 0.049674742
vn 0.84448063 -0.53327745 0.049674742
vn 0.16522937 0.8116967 -0.5602211
vn 0.16522937 0.8116967 -0.5602211
vn 0.16522937 0.8116967 -0.5602211
vn 0.16522937 0.8116967 -0.5602211
vn -0.15257086 -0.98389864 -0.0930885
vn -0.15257086 -0.98389864 -0.0930885
vn -0.15257086 -0.98389864 -0.0930885
vn -0.15257086 -0.98389864 -0.0930885
vn 0.11885049 0.64129716 0.758032
vn 0.11885049 0.64129716 0.758032
vn 0.11885049 0.64129716 0.758032
vn 0.11885049 0.64129716 0.758032
vn -0.18721288 -0.9690302 0.16103369
vn -0.18721288 -0.9690302 0.16103369
vn -0.18721288 -0.9690302 0.16103369
vn -0.18721288 -0.9690302 0.16103369
vn -0.86577755 0.49294013 -0.08625161
vn -0.86577755 0.49294013 -0.08625161
vn -0.6240334 0.7675882 -0.14625552
vn -0.6240334 0.7675882 -0.14625552
vn -0.07519562 0.98313403 -0.16671267
vn -0.07519562 0.98313403 -0.16671267
vn 0.18721288 0.9690302 -0.16103369
vn 0.18721288 0.9690302 -0.16103369
vn -0.07519562 0.98313403 -0.16671267
vn -0.07519562 0.98313403 -0.16671267
vn -0.8444805 -0.5275903 0.09220167
vn -0.8444805 -0.5275903 0.09220167
vn -0.8444805 -0.5275903 0.09220167
vn -0.8444805 -0.5275903 0.09220167
vn 0.9032374 0.42891362 -0.0139728645
vn 0.99797535 -0.063349225 0.0056639723
vn 0.99797535 -0.063349225 0.0056639723
vn 0.9032374 0.42891362 -0.0139728645
vn 0.65776885 -0.7480993 0.08767779
vn 0.65776885 -0.7480993 0.08767779
vn 0.4335708 -0.89271784 0.12276466
vn 0.4335708 -0.89271784 0.12276466
vn 0.0082005 0.15353183 0.9881097
vn 0.0082005 0.15353183 0.9881097
vn 0.0082005 0.15353183 0.9881097
vn 0.0082005 0.15353183 0.9881097
vn 0.0082005 0.15353183 0.9881097
vn 0.0082005 0.15353183 0.9881097
vn 0.008200505 0.11151177 0.9937293
vn 0.008200505 0.11151177 0.9937293
vn -0.008200505 -0.11151177 -0.9937293
vn -0.008200505 -0.11151177 -0.9937293
vn -0.008200505 -0.11151177 -0.9937293
vn -0.008200505 -0.11151177 -0.9937293
vn -0.008200505 -0.11151177 -0.9937293
vn -0.008200505 -0.11151177 -0.9937293
vn -0.008200505 -0.11151177 -0.9937293
vn -0.008200505 -0.11151177 -0.9937293
vn -0.008200505 -0.11151177 -0.9937293
vn -0.008200505 -0.11151177 -0.9937293
vn -0.008200505 -0.11151177 -0.9937293
vn -0.008200505 -0.11151177 -0.9937293
vn -0.008200505 -0.11151177 -0.9937293
vn -0.008200505 -0.11151177 -0.9937293
vn 0.86577755 -0.49294013 0.08625161
vn 0.6250844 -0.77643925 0.08007261
vn 0.6250844 -0.77643925 0.08007261
vn 0.86577755 -0.49294013 0.08625161
vn 0.07519562 -0.98313403 0.16671267
vn 0.07519562 -0.98313403 0.16671267
vn 0.0082005 0.15353183 0.9881097
vn 0.0082005 0.15353183 0.9881097
vn 0.0082005 0.15353183 0.9881097
vn 0.0082005 0.15353183 0.9881097
vn 0.0082005 0.15353183 0.9881097
vn 0.0082005 0.15353183 0.9881097
vn -0.86577755 0.49294013 -0.08625161
vn -0.86577755 0.49294013 -0.08625161
vn -0.86577755 0.49294013 -0.08625161
vn -0.86577755 0.49294013 -0.08625161
vn 0.18526602 0.98168117 -0.044481788
vn 0.18526602 0.98168117 -0.044481788
vn 0.38512132 0.91120076 -0.14626957
vn 0.38512132 0.91120076 -0.14626957
vn 0.053801604 0.99274206 -0.10755732
vn 0.053801604 0.99274206 -0.10755732
vn -0.18721288 -0.9690302 0.16103369
vn -0.18721288 -0.9690302 0.16103369
vn 0.07519562 -0.98313403 0.16671267
vn 0.07519562 -0.98313403 0.16671267
vn -0.191303 0.2341529 0.9531923
vn -0.3575503 0.42512554 0.8315203
vn -0.24999134 0.31348526 0.91609573
vn 0.080083616 0.19484195 0.9775598
vn 0.080083616 0.19484195 0.9775598
vn 0.31158516 0.18865566 0.9313022
vn 0.31158516 0.18865566 0.9313022
vn 0.86577743 0.49828187 -0.04631065
vn 0.86577743 0.49828187 -0.04631065
vn 0.6250842 0.7701945 -0.1267683
vn 0.6250842 0.7701945 -0.1267683
vn 0.18721288 0.9690302 -0.16103369
vn 0.18721288 0.9690302 -0.16103369
vn -0.07519562 0.98313403 -0.16671267
vn -0.07519562 0.98313403 -0.16671267
vn 0.9943931 0.10500833 -0.012475397
vn 0.9943931 0.10500833 -0.012475397
vn 0.9943931 0.10500833 -0.012475397
vn 0.9943931 0.10500833 -0.012475397
vn -0.096463546 -0.99149173 0.08740129
vn -0.38512132 -0.91120076 0.14626957
vn -0.38512132 -0.91120076 0.14626957
vn -0.096463546 -0.99149173 0.08740129
vn 0.18721311 -0.9772915 0.09925997
vn 0.18721311 -0.9772915 0.09925997
vn -0.19292477 -0.024506241 -0.9809075
vn -0.23431735 0.061215132 -0.97023094
vn -0.36266997 0.19196285 -0.91193247
vn 0.09419839 -0.06871716 -0.993179
vn 0.060445387 -0.069064915 -0.9957793
vn 0.28657603 -0.063736275 -0.95593506
vn 0.28657603 -0.063736275 -0.95593506
vn -0.16616267 -0.92618 0.33849743
vn -0.16616267 -0.92618 0.33849743
vn -0.16616267 -0.92618 0.33849743
vn -0.16616267 -0.92618 0.33849743
vn -0.05603851 -0.4341621 -0.89909
vn -0.05603851 -0.4341621 -0.89909
vn -0.05603851 -0.4341621 -0.89909
vn -0.05603851 -0.4341621 -0.89909
vn 0.16616267 0.92618 -0.33849743
vn 0.16616267 0.92618 -0.33849743
vn 0.16616267 0.92618 -0.33849743
vn 0.16616267 0.92618 -0.33849743
vn 0.05603851 0.4341621 0.89909
vn 0.05603851 0.4341621 0.89909
vn 0.05603851 0.4341621 0.89909
vn 0.05603851 0.4341621 0.89909
vn -0.90375006 0.4272407 -0.026480153
vn -0.90375006 0.4272407 -0.026480153
vn -0.90375006 0.4272407 -0.026480153
vn -0.90375006 0.4272407 -0.026480153
vn -0.90375006 0.4272407 -0.026480153
vn -0.90375006 0.4272407 -0.026480153
vn -0.90375006 0.4272407 -0.026480153
vn -0.13156176 -0.87562186 -0.46473417
vn -0.13156176 -0.87562186 -0.46473417
vn -0.13156176 -0.87562186 -0.46473417
vn -0.13156176 -0.87562186 -0.46473417
vn 0.16616267 0.92618 -0.33849743
vn 0.16616267 0.92618 -0.33849743
vn 0.16616267 0.92618 -0.33849743
vn 0.16616267 0.92618 -0.33849743
vn -0.071421966 -0.2639801 0.96188015
vn -0.071421966 -0.2639801 0.96188015
vn -0.071421966 -0.2639801 0.96188015
vn -0.071421966 -0.2639801 0.96188015
vn 0.0082005 0.15353183 0.9881097
vn 0.0082005 0.15353183 0.9881097
vn 0.0082005 0.15353183 0.9881097
vn 0.0082005 0.15353183 0.9881097
vn 0.0082005 0.15353183 0.9881097
vn -0.18721288 -0.9690302 0.16103369
vn -0.18721288 -0.9690302 0.16103369
vn -0.18721288 -0.9690302 0.16103369
vn -0.18721288 -0.9690302 0.16103369
vn -0.51640534 0.84318197 -0.14956509
vn -0.51640534 0.84318197 -0.14956509
vn -0.51640534 0.84318197 -0.14956509
vn -0.51640534 0.84318197 -0.14956509
vn 0.18721288 0.9690302 -0.16103369
vn 0.18721288 0.9690302 -0.16103369
vn 0.18721288 0.9690302 -0.16103369
vn 0.18721288 0.9690302 -0.16103369
vn -0.9726684 -0.23218617 0.0023924618
vn -0.9726684 -0.23218617 0.0023924618
vn -0.9726684 -0.23218617 0.0023924618
vn -0.9726684 -0.23218617 0.0023924618
vn 0.8858331 -0.46077743 0.054625854
vn 0.8858331 -0.46077743 0.054625854
vn 0.8858331 -0.46077743 0.054625854
vn 0.8858331 -0.46077743 0.054625854
vn -0.008200505 -0.11151177 -0.9937293
vn -0.008200505 -0.11151177 -0.9937293
vn -0.008200505 -0.11151177 -0.9937293
vn -0.008200505 -0.11151177 -0.9937293
vn -0.008200505 -0.11151177 -0.9937293
vn 0.5784213 0.7681896 0.2744333
vn 0.2833565 0.46575803 0.8383189
vn 0.39618552 0.10066661 0.9126353
vn 0.9067639 0.034812808 0.42019904
vn 0.415012 -0.6788088 0.6057916
vn 0.53479725 -0.69568557 0.47959715
vn 0.39618552 0.10066661 0.9126353
vn 0.19029067 -0.8699088 0.45502535
vn 0.14880286 -0.89540005 0.41966227
vn 0.415012 -0.6788088 0.6057916
vn -0.1510559 -0.86733896 0.47424185
vn -0.12466545 -0.92264205 0.3649523
vn 0.19029067 -0.8699088 0.45502535
vn 0.2833565 0.46575803 0.8383189
vn 0.5784213 0.7681896 0.2744333
vn 0.15422554 0.9612955 0.22830985
vn 0.080559224 0.8969486 0.4347339
vn 0.080559224 0.8969486 0.4347339
vn -0.17383796 0.96007395 0.2191764
vn -0.15701972 0.9134076 0.37554124
vn -0.15701972 0.9134076 0.37554124
vn -0.5472091 0.77406937 0.31840035
vn -0.38938695 0.7175423 0.57750404
vn -0.38938695 0.7175423 0.57750404
vn -0.8539421 0.08993061 0.51253814
vn -0.37744313 0.14372908 0.9148107
vn -0.37744313 0.14372908 0.9148107
vn -0.8539421 0.08993061 0.51253814
vn -0.52987057 -0.6947863 0.48632205
vn -0.29382527 -0.22955249 0.92788595
vn -0.29382527 -0.22955249 0.92788595
vn -0.12466545 -0.92264205 0.3649523
vn -0.1510559 -0.86733896 0.47424185
vn 0.0082005 0.15353183 0.9881097
vn 0.088589355 0.3957611 0.9140706
vn 0.15408948 0.1936822 0.96888787
vn -0.04694028 0.4342276 0.89957935
vn 0.1548688 0.025402391 0.9876084
vn 0.05603858 -0.18264847 0.9815799
vn -0.15906641 0.23491779 0.95891166
vn -0.16019994 0.06759224 0.9847676
vn -0.08377457 -0.14160311 0.98637235
vn 0.0082005 0.15353183 0.9881097
vn 0.0082005 0.15353183 0.9881097
vn 0.0082005 0.15353183 0.9881097
vn 0.0082005 0.15353183 0.9881097
vn 0.0082005 0.15353183 0.9881097
vn 0.0082005 0.15353183 0.9881097
vn 0.0082005 0.15353183 0.9881097
vn 0.0082005 0.15353183 0.9881097
vn 0.0082005 0.15353183 0.9881097
vn 0.0082005 0.15353183 0.9881097
vn 0.2717463 0.66714764 0.69359064
vn 0.49870273 0.82336986 0.27084607
vn 0.9223364 -0.232216 0.3088225
vn 0.2717463 0.66714764 0.69359064
vn 0.9223364 -0.232216 0.3088225
vn 0.49725357 -0.2010493 0.8439894
vn 0.36104384 -0.79883677 0.48115182
vn 0.415012 -0.6788088 0.6057916
vn 0.19029067 -0.8699088 0.45502535
vn 0.9223364 -0.232216 0.3088225
vn 0.6102502 -0.75510293 0.23961252
vn 0.2833565 0.46575803 0.8383189
vn 0.2717463 0.66714764 0.69359064
vn 0.49725357 -0.2010493 0.8439894
vn 0.39618552 0.10066661 0.9126353
vn 0.080559224 0.8969486 0.4347339
vn 0.415012 -0.6788088 0.6057916
vn -0.078522235 0.96448827 0.2521837
vn -0.15701972 0.9134076 0.37554124
vn -0.30027097 0.92020303 0.25112495
vn -0.38938695 0.7175423 0.57750404
vn -0.32352555 0.60209453 0.72994065
vn -0.37744313 0.14372908 0.9148107
vn -0.29382527 -0.22955249 0.92788595
vn 0.0082005 0.15353183 0.9881097
vn -0.1510559 -0.86733896 0.47424185
vn -0.6520938 0.7296559 0.20585428
vn -0.5032493 0.86411333 0.0069475863
vn 0.49870273 0.82336986 0.27084607
vn 0.06302922 0.9968906 0.047290377
vn -0.7644193 -0.56675726 0.30732605
vn -0.6892933 -0.42611685 0.5859174
vn -0.6892933 -0.42611685 0.5859174
vn -0.7681397 -0.52546114 0.36585775
vn -0.30027097 0.92020303 0.25112495
vn -0.5032493 0.86411333 0.0069475863
vn 0.06302922 0.9968906 0.047290377
vn -0.5001911 0.830325 -0.24570152
vn 0.11126627 0.9527801 -0.2825417
vn -0.29538533 0.82135904 -0.48797226
vn -0.05825895 0.8638432 -0.5003807
vn -0.6520938 0.7296559 0.20585428
vn -0.65136296 0.64962256 -0.39206734
vn -0.30027097 0.92020303 0.25112495
vn 0.06302922 0.9968906 0.047290377
vn -0.078522235 0.96448827 0.2521837
vn 0.56197494 0.7369015 -0.3757131
vn 0.06302922 0.9968906 0.047290377
vn 0.11126627 0.9527801 -0.2825417
vn 0.49870273 0.82336986 0.27084607
vn 0.8994662 -0.31414163 -0.30376887
vn 0.9223364 -0.232216 0.3088225
vn 0.5472089 0.6632001 -0.5106153
vn 0.8539421 -0.08993061 -0.51253814
vn 0.37744313 -0.14372908 -0.9148107
vn 0.4068901 -0.81500065 -0.4125705
vn 0.37744313 -0.14372908 -0.9148107
vn 0.52987075 -0.798162 -0.28666082
vn 0.21732111 -0.95667523 -0.19376267
vn 0.4068901 -0.81500065 -0.4125705
vn 0.1728517 -0.9724453 -0.15643653
vn 0.5472089 0.6632001 -0.5106153
vn 0.37744313 -0.14372908 -0.9148107
vn 0.29382527 0.22955249 -0.92788595
vn 0.29382527 0.22955249 -0.92788595
vn 0.17383774 0.8687414 -0.46375522
vn 0.06635775 0.7509405 -0.6570274
vn 0.06635775 0.7509405 -0.6570274
vn -0.15422577 0.8675199 -0.47288865
vn -0.1606477 0.78278166 -0.6012032
vn -0.1606477 0.78278166 -0.6012032
vn -0.5784215 0.66908 -0.46664828
vn -0.15422577 0.8675199 -0.47288865
vn -0.36684662 0.5388974 -0.75829613
vn -0.36684662 0.5388974 -0.75829613
vn -0.9067639 -0.034812808 -0.42019904
vn -0.39618552 -0.10066661 -0.9126353
vn -0.39618552 -0.10066661 -0.9126353
vn -0.5347971 -0.7972627 -0.27993593
vn -0.9067639 -0.034812808 -0.42019904
vn -0.2833565 -0.46575803 -0.8383189
vn -0.2833565 -0.46575803 -0.8383189
vn -0.15257086 -0.98389864 -0.0930885
vn -0.15422554 -0.9612955 -0.22830985
vn -0.15422554 -0.9612955 -0.22830985
vn 0.1728517 -0.9724453 -0.15643653
vn 0.21732111 -0.95667523 -0.19376267
vn 0.16019994 -0.06759224 -0.9847676
vn -0.008200505 -0.11151177 -0.9937293
vn -0.008200505 -0.11151177 -0.9937293
vn 0.08377457 0.14160311 -0.98637235
vn -0.008200505 -0.11151177 -0.9937293
vn -0.05603858 0.18264847 -0.9815799
vn -0.008200505 -0.11151177 -0.9937293
vn -0.008200505 -0.11151177 -0.9937293
vn 0.15906641 -0.23491779 -0.95891166
vn -0.008200505 -0.11151177 -0.9937293
vn 0.04694028 -0.4342276 -0.89957935
vn -0.1548688 -0.025402391 -0.9876084
vn -0.008200505 -0.11151177 -0.9937293
vn -0.15408948 -0.1936822 -0.96888787
vn -0.008200505 -0.11151177 -0.9937293
vn -0.008200505 -0.11151177 -0.9937293
vn -0.088589355 -0.3957611 -0.9140706
vn -0.008200505 -0.11151177 -0.9937293
vn -0.008200505 -0.11151177 -0.9937293
vn 0.27822927 0.461751 -0.84224373
vn 0.48985806 -0.45324072 -0.7447227
vn 0.8994662 -0.31414163 -0.30376887
vn 0.56197494 0.7369015 -0.3757131
vn 0.29382527 0.22955249 -0.92788595
vn 0.48985806 -0.45324072 -0.7447227
vn 0.27822927 0.461751 -0.84224373
vn 0.37744313 -0.14372908 -0.9148107
vn 0.06635775 0.7509405 -0.6570274
vn 0.4068901 -0.81500065 -0.4125705
vn -0.2996538 0.38790685 -0.8716283
vn -0.39618552 -0.10066661 -0.9126353
vn -0.36684662 0.5388974 -0.75829613
vn -0.2833565 -0.46575803 -0.8383189
vn -0.008200505 -0.11151177 -0.9937293
vn -0.15422554 -0.9612955 -0.22830985
vn -0.29538533 0.82135904 -0.48797226
vn -0.1606477 0.78278166 -0.6012032
vn -0.29538533 0.82135904 -0.48797226
vn -0.5001911 0.830325 -0.24570152
vn -0.65136296 0.64962256 -0.39206734
vn -0.2996538 0.38790685 -0.8716283
vn -0.1606477 0.78278166 -0.6012032
vn -0.05825895 0.8638432 -0.5003807
vn 0.06635775 0.7509405 -0.6570274
vn 0.27822927 0.461751 -0.84224373
vn 0.56197494 0.7369015 -0.3757131
vn 0.11126627 0.9527801 -0.2825417
vn 0.6127179 -0.7900115 -0.021413112
vn 0.9223364 -0.232216 0.3088225
vn 0.8994662 -0.31414163 -0.30376887
vn 0.6102502 -0.75510293 0.23961252
vn 0.48985806 -0.45324072 -0.7447227
vn 0.4068901 -0.81500065 -0.4125705
vn 0.33990145 -0.8997771 -0.2736204
vn 0.21732111 -0.95667523 -0.19376267
vn 0.8994662 -0.31414163 -0.30376887
vn 0.6127179 -0.7900115 -0.021413112
vn -0.7246117 -0.64071196 -0.2538229
vn -0.7644193 -0.56675726 0.30732605
vn -0.7681397 -0.52546114 0.36585775
vn -0.7960888 -0.59150046 -0.12794472
vn -0.7246117 -0.64071196 -0.2538229
vn -0.7960888 -0.59150046 -0.12794472
vn -0.7127264 -0.56081975 -0.42131028
vn -0.7127264 -0.56081975 -0.42131028
vn -0.99976313 0.021664605 0.0020855144
vn -0.99976313 0.021664605 0.0020855144
vn -0.8539421 0.04791054 0.5181578
vn -0.8539421 0.08993061 0.51253814
vn -0.9067639 -0.034812808 -0.42019904
vn -0.9067639 -0.034812808 -0.42019904
vn -0.8539421 0.04791054 0.5181578
vn -0.49175137 0.094376974 0.8656059
vn -0.8539421 0.08993061 0.51253814
vn -0.51926166 0.09223948 0.84962296
vn 0.008200505 0.11151177 0.9937293
vn 0.008200505 0.11151177 0.9937293
vn 0.008200505 0.11151177 0.9937293
vn 0.48697296 0.1367527 0.86264485
vn 0.008200505 0.11151177 0.9937293
vn 0.48697296 0.1367527 0.86264485
vn 0.9067639 0.076827586 0.41458014
vn 0.9067639 0.076827586 0.41458014
vn 0.99976313 0.020355472 -0.007705119
vn 0.8734178 -0.043479715 -0.48502666
vn 0.8734178 -0.043479715 -0.48502666
vn 0.99976313 0.020355472 -0.007705119
vn 0.9067639 0.076827586 0.41458014
vn 0.9067639 0.076827586 0.41458014
vn 0.8734178 -0.043479715 -0.48502666
vn 0.49175137 -0.094376974 -0.8656059
vn 0.8734178 -0.043479715 -0.48502666
vn 0.49175137 -0.094376974 -0.8656059
vn -0.008200505 -0.11151177 -0.9937293
vn -0.008200505 -0.11151177 -0.9937293
vn -0.008200505 -0.11151177 -0.9937293
vn -0.48697296 -0.09473263 -0.8682644
vn -0.008200505 -0.11151177 -0.9937293
vn -0.48697296 -0.09473263 -0.8682644
vn -0.9067639 -0.034812808 -0.42019904
vn -0.9067639 -0.034812808 -0.42019904
vn -0.9067639 -0.034812808 -0.42019904
vn -0.99976313 0.021664605 0.0020855144
vn -0.99976313 0.021664605 0.0020855144
vn -0.9067639 -0.034812808 -0.42019904
vn -0.8734178 0.085499786 0.47940704
vn -0.99976313 0.021664605 0.0020855144
vn -0.99976313 0.021664605 0.0020855144
vn -0.8734178 0.085499786 0.47940704
vn -0.4917514 0.13639703 0.8599863
vn -0.4917514 0.13639703 0.8599863
vn 0.0082005 0.15353183 0.9881097
vn 0.0082005 0.15353183 0.9881097
vn 0.096463546 0.99149173 -0.08740129
vn 0.096463546 0.99149173 -0.08740129
vn 0.053801604 0.99274206 -0.10755732
vn 0.053801604 0.99274206 -0.10755732
vn 0.010778447 0.991769 -0.12758523
vn 0.010778447 0.991769 -0.12758523
vn -0.032317556 0.98855656 -0.14734781
vn -0.032317556 0.98855656 -0.14734781
vn -0.07519562 0.98313403 -0.16671267
vn -0.07519562 0.98313403 -0.16671267
vn -0.09646378 0.97961515 -0.17620705
vn -0.09646378 0.97961515 -0.17620705
vn 0.096463546 0.99149173 -0.08740129
vn 0.096463546 0.99149173 -0.08740129
vn -0.09646378 0.97961515 -0.17620705
vn -0.09646378 0.97961515 -0.17620705
vn -0.09646378 0.97961515 -0.17620705
vn -0.09646378 0.97961515 -0.17620705
vn -0.053801835 0.986118 -0.1570879
vn -0.053801835 0.986118 -0.1570879
vn -0.010778682 0.990442 -0.13750812
vn -0.010778682 0.990442 -0.13750812
vn 0.032317325 0.9925356 -0.11759594
vn 0.032317325 0.9925356 -0.11759594
vn 0.07519539 0.99239206 -0.097486675
vn 0.07519539 0.99239206 -0.097486675
vn 0.096463546 0.99149173 -0.08740129
vn 0.096463546 0.99149173 -0.08740129
vn -0.010778682 0.990442 -0.13750812
vn -0.010778682 0.990442 -0.13750812
vn -0.010778682 0.990442 -0.13750812
vn -0.010778682 0.990442 -0.13750812
vn -0.010778682 0.990442 -0.13750812
vn -0.010778682 0.990442 -0.13750812
vn -0.010778682 0.990442 -0.13750812
vn -0.010778682 0.990442 -0.13750812
vn -0.010778682 0.990442 -0.13750812
vn -0.010778682 0.990442 -0.13750812
vn -0.010778682 0.990442 -0.13750812
vn -0.010778682 0.990442 -0.13750812
vn -0.010778682 0.990442 -0.13750812
vn -0.010778682 0.990442 -0.13750812
vn 0.99976313 0.020355472 -0.007705119
vn 0.8734178 -0.043479715 -0.48502666
vn 0.8734178 -0.043479715 -0.48502666
vn 0.99976313 0.020355472 -0.007705119
vn 0.9067639 0.076827586 0.41458014
vn 0.9067639 0.076827586 0.41458014
vn 0.8734178 -0.043479715 -0.48502666
vn 0.49175137 -0.094376974 -0.8656059
vn 0.8734178 -0.043479715 -0.48502666
vn 0.49175137 -0.094376974 -0.8656059
vn -0.008200505 -0.11151177 -0.9937293
vn -0.008200505 -0.11151177 -0.9937293
vn -0.48697296 -0.09473263 -0.8682644
vn -0.48697296 -0.09473263 -0.8682644
vn -0.48697296 -0.09473263 -0.8682644
vn -0.9067639 -0.034812808 -0.42019904
vn -0.9067639 -0.034812808 -0.42019904
vn -0.48697296 -0.09473263 -0.8682644
vn -0.9067639 -0.034812808 -0.42019904
vn -0.99976313 0.021664605 0.0020855144
vn -0.99976313 0.021664605 0.0020855144
vn -0.9067639 -0.034812808 -0.42019904
vn -0.8734178 0.085499786 0.47940704
vn -0.8734178 0.085499786 0.47940704
vn -0.4917514 0.13639703 0.8599863
vn -0.4917514 0.13639703 0.8599863
vn 0.9067639 0.076827586 0.41458014
vn 0.9067639 0.076827586 0.41458014
vn 0.48697296 0.1367527 0.86264485
vn 0.48697296 0.1367527 0.86264485
vn 0.48697296 0.1367527 0.86264485
vn 0.48697296 0.1367527 0.86264485
vn 0.0082005 0.15353183 0.9881097
vn 0.0082005 0.15353183 0.9881097
vn 0.8734178 -0.043479715 -0.48502666
vn 0.8734178 -0.043479715 -0.48502666
vn 0.99976313 0.020355472 -0.007705119
vn 0.99976313 0.020355472 -0.007705119
vn 0.49175137 -0.094376974 -0.8656059
vn 0.49175137 -0.094376974 -0.8656059
vn -0.008200505 -0.11151177 -0.9937293
vn 0.49175137 -0.094376974 -0.8656059
vn 0.49175137 -0.094376974 -0.8656059
vn -0.008200505 -0.11151177 -0.9937293
vn -0.48697296 -0.09473263 -0.8682644
vn -0.48697296 -0.09473263 -0.8682644
vn -0.9067639 -0.034812808 -0.42019904
vn -0.9067639 -0.034812808 -0.42019904
vn -0.010778682 0.990442 -0.13750812
vn -0.010778682 0.990442 -0.13750812
vn -0.010778682 0.990442 -0.13750812
vn -0.010778682 0.990442 -0.13750812
vn -0.010778682 0.990442 -0.13750812
vn -0.010778682 0.990442 -0.13750812
vn -0.010778682 0.990442 -0.13750812
vn -0.010778682 0.990442 -0.13750812
vn -0.010778682 0.990442 -0.13750812
vn -0.010778682 0.990442 -0.13750812
vn -0.010778682 0.990442 -0.13750812
vn -0.010778682 0.990442 -0.13750812
vn -0.010778682 0.990442 -0.13750812
vn -0.010778682 0.990442 -0.13750812
vn 0.9067639 0.076827586 0.41458014
vn 0.9067639 0.076827586 0.41458014
vn 0.48697296 0.1367527 0.86264485
vn 0.48697296 0.1367527 0.86264485
vn 0.0082005 0.15353183 0.9881097
vn 0.0082005 0.15353183 0.9881097
vn -0.4917514 0.13639703 0.8599863
vn -0.4917514 0.13639703 0.8599863
vn 0.9067639 0.076827586 0.41458014
vn 0.99976313 0.020355472 -0.007705119
vn 0.99976313 0.020355472 -0.007705119
vn 0.9067639 0.076827586 0.41458014
vn -0.0016171568 0.7029728 0.7112147
vn -0.0016171568 0.7029728 0.7112147
vn -0.0016171568 0.7029728 0.7112147
vn -0.0016171568 0.7029728 0.7112147
vn 0.45331758 0.851279 -0.2642482
vn 0.45331758 0.851279 -0.2642482
vn 0.45331758 0.851279 -0.2642482
vn 0.45331758 0.851279 -0.2642482
vn -0.4502191 -0.814142 0.3667091
vn -0.4502191 -0.814142 0.3667091
vn -0.4502191 -0.814142 0.3667091
vn -0.4502191 -0.814142 0.3667091
vn 0.42468777 -0.808774 0.4068476
vn 0.42468777 -0.808774 0.4068476
vn 0.42468777 -0.808774 0.4068476
vn 0.42468777 -0.808774 0.4068476
vn -0.4329274 0.8443163 -0.3157592
vn -0.4329274 0.8443163 -0.3157592
vn -0.4329274 0.8443163 -0.3157592
vn -0.4329274 0.8443163 -0.3157592
vn 0.797737 0.5938853 -0.10447839
vn 0.797737 0.5938853 -0.10447839
vn 0.797737 0.5938853 -0.10447839
vn 0.797737 0.5938853 -0.10447839
vn -0.14441368 0.81075 -0.5672998
vn -0.14441368 0.81075 -0.5672998
vn -0.14441368 0.81075 -0.5672998
vn -0.14441368 0.81075 -0.5672998
vn 0.23191082 -0.7866647 0.5721679
vn 0.23191082 -0.7866647 0.5721679
vn 0.23191082 -0.7866647 0.5721679
vn 0.23191082 -0.7866647 0.5721679
vn 0.25299767 -0.9078874 -0.33426425
vn 0.25299767 -0.9078874 -0.33426425
vn 0.25299767 -0.9078874 -0.33426425
vn 0.25299767 -0.9078874 -0.33426425
vn -0.14064334 0.9314857 0.33549035
vn -0.14064334 0.9314857 0.33549035
vn -0.14064334 0.9314857 0.33549035
vn -0.14064334 0.9314857 0.33549035
vn 0.0016170156 0.49138114 -0.8709432
vn 0.0016170156 0.49138114 -0.8709432
vn 0.0016170156 0.49138114 -0.8709432
vn 0.0016170156 0.49138114 -0.8709432
vn -0.45331782 0.89080036 0.03126912
vn -0.45331782 0.89080036 0.03126912
vn -0.45331782 0.89080036 0.03126912
vn -0.45331782 0.89080036 0.03126912
vn 0.4502193 -0.8818923 -0.13988794
vn 0.4502193 -0.8818923 -0.13988794
vn 0.4502193 -0.8818923 -0.13988794
vn 0.4502193 -0.8818923 -0.13988794
vn -0.42468756 -0.8872603 -0.18002641
vn -0.42468756 -0.8872603 -0.18002641
vn -0.42468756 -0.8872603 -0.18002641
vn -0.42468756 -0.8872603 -0.18002641
vn 0.4329272 0.8976181 0.082799524
vn 0.4329272 0.8976181 0.082799524
vn 0.4329272 0.8976181 0.082799524
vn 0.4329272 0.8976181 0.082799524
vn -0.7977372 0.6004687 -0.055249978
vn -0.7977372 0.6004687 -0.055249978
vn -0.7977372 0.6004687 -0.055249978
vn -0.7977372 0.6004687 -0.055249978
vn 0.14441349 0.93132937 0.33432078
vn 0.14441349 0.93132937 0.33432078
vn 0.14441349 0.93132937 0.33432078
vn 0.14441349 0.93132937 0.33432078
vn -0.23191062 -0.90936965 -0.3453467
vn -0.23191062 -0.90936965 -0.3453467
vn -0.23191062 -0.90936965 -0.3453467
vn -0.23191062 -0.90936965 -0.3453467
vn -0.25299746 -0.78814685 0.56108546
vn -0.25299746 -0.78814685 0.56108546
vn -0.25299746 -0.78814685 0.56108546
vn -0.25299746 -0.78814685 0.56108546
vn 0.14064315 0.8105936 -0.5684694
vn 0.14064315 0.8105936 -0.5684694
vn 0.14064315 0.8105936 -0.5684694
vn 0.14064315 0.8105936 -0.5684694
vn 0.0082005 0.15353183 0.9881097
vn 0.0082005 0.15353183 0.9881097
vn 0.0082005 0.15353183 0.9881097
vn 0.0082005 0.15353183 0.9881097
vn 0.0082005 0.15353183 0.9881097
vn 0.0082005 0.15353183 0.9881097
vn -0.010778682 0.990442 -0.13750812
vn -0.010778682 0.990442 -0.13750812
vn -0.010778682 0.990442 -0.13750812
vn -0.010778682 0.990442 -0.13750812
vn -0.010778682 0.990442 -0.13750812
vn -0.010778682 0.990442 -0.13750812
vn -0.008200505 -0.11151177 -0.9937293
vn -0.008200505 -0.11151177 -0.9937293
vn -0.008200505 -0.11151177 -0.9937293
vn -0.008200505 -0.11151177 -0.9937293
vn -0.008200505 -0.11151177 -0.9937293
vn -0.008200505 -0.11151177 -0.9937293
vn 0.99976313 0.020355472 -0.007705119
vn 0.99976313 0.020355472 -0.007705119
vn 0.99976313 0.020355472 -0.007705119
vn 0.99976313 0.020355472 -0.007705119
vn 0.99976313 0.020355472 -0.007705119
vn 0.99976313 0.020355472 -0.007705119
vn 0.8734178 -0.043479715 -0.48502666
vn 0.8734178 -0.043479715 -0.48502666
vn 0.8734178 -0.043479715 -0.48502666
vn 0.8734178 -0.043479715 -0.48502666
vn -0.010778682 0.990442 -0.13750812
vn -0.010778682 0.990442 -0.13750812
vn -0.010778682 0.990442 -0.13750812
vn -0.010778682 0.990442 -0.13750812
vn -0.8734178 0.085499786 0.47940704
vn -0.8734178 0.085499786 0.47940704
vn -0.8734178 0.085499786 0.47940704
vn -0.8734178 0.085499786 0.47940704
vn -0.48697296 -0.09473263 -0.8682644
vn -0.48697296 -0.09473263 -0.8682644
vn -0.48697296 -0.09473263 -0.8682644
vn -0.48697296 -0.09473263 -0.8682644
vn -0.9067639 -0.034812808 -0.42019904
vn -0.9067639 -0.034812808 -0.42019904
vn -0.9067639 -0.034812808 -0.42019904
vn -0.9067639 -0.034812808 -0.42019904
vn -0.010778682 0.990442 -0.13750812
vn -0.010778682 0.990442 -0.13750812
vn -0.010778682 0.990442 -0.13750812
vn -0.010778682 0.990442 -0.13750812
vn -0.4917514 0.13639703 0.8599863
vn -0.4917514 0.13639703 0.8599863
vn -0.4917514 0.13639703 0.8599863
vn -0.4917514 0.13639703 0.8599863
vn 0.0082005 0.15353183 0.9881097
vn 0.0082005 0.15353183 0.9881097
vn 0.0082005 0.15353183 0.9881097
vn 0.0082005 0.15353183 0.9881097
vn 0.0082005 0.15353183 0.9881097
vn 0.0082005 0.15353183 0.9881097
vn -0.010778682 0.990442 -0.13750812
vn -0.010778682 0.990442 -0.13750812
vn -0.010778682 0.990442 -0.13750812
vn -0.010778682 0.990442 -0.13750812
vn -0.010778682 0.990442 -0.13750812
vn -0.010778682 0.990442 -0.13750812
vn -0.008200505 -0.11151177 -0.9937293
vn -0.008200505 -0.11151177 -0.9937293
vn -0.008200505 -0.11151177 -0.9937293
vn -0.008200505 -0.11151177 -0.9937293
vn -0.008200505 -0.11151177 -0.9937293
vn -0.008200505 -0.11151177 -0.9937293
vn -0.010778447 -0.991769 0.12758523
vn -0.010778447 -0.991769 0.12758523
vn -0.010778447 -0.991769 0.12758523
vn -0.010778447 -0.991769 0.12758523
vn 0.99976313 0.020355472 -0.007705119
vn 0.99976313 0.020355472 -0.007705119
vn 0.99976313 0.020355472 -0.007705119
vn 0.99976313 0.020355472 -0.007705119
vn 0.99976313 0.020355472 -0.007705119
vn 0.99976313 0.020355472 -0.007705119
vn 0.9067639 0.076827586 0.41458014
vn 0.9067639 0.076827586 0.41458014
vn 0.9067639 0.076827586 0.41458014
vn 0.9067639 0.076827586 0.41458014
vn -0.9943931 0.10459607 -0.015556299
vn -0.90191525 0.048953578 -0.4291298
vn -0.8279204 0.24655214 -0.5037459
vn -0.9501916 0.3107803 -0.02348595
vn -0.49725357 0.2010493 -0.8439894
vn -0.4879976 -0.0100466665 -0.8727871
vn -0.7246118 0.5514981 -0.41326454
vn -0.7977372 0.6004687 -0.055249978
vn -0.4017555 0.505762 -0.76341164
vn -0.4329274 0.8443163 -0.3157592
vn -0.47454512 0.8643761 -0.16631556
vn -0.2531196 0.81741583 -0.5174572
vn -0.8213774 0.3717726 0.43257865
vn -0.68647057 0.6511453 0.32367888
vn -0.4111934 0.90313905 0.12353081
vn -0.86978257 0.16869058 0.4637044
vn -0.4879976 -0.0100466665 -0.8727871
vn 0.013186559 0.1824414 -0.98312825
vn -0.49725357 0.2010493 -0.8439894
vn -0.009590019 -0.027004657 -0.99958926
vn 0.0016170156 0.49138114 -0.8709432
vn -0.4017555 0.505762 -0.76341164
vn 0.008199709 0.8077932 -0.5894089
vn -0.2531196 0.81741583 -0.5174572
vn 0.46938732 0.19886716 -0.86030656
vn 0.43314695 -0.013848667 -0.901217
vn 0.40076214 0.5056854 -0.7639842
vn 0.23543961 0.8160188 -0.52790284
vn 0.8021443 0.3256842 -0.5004942
vn 0.46938732 0.19886716 -0.86030656
vn 0.6864704 0.5432088 -0.48340726
vn 0.4111932 0.83894026 -0.35650986
vn 0.23543961 0.8160188 -0.52790284
vn 0.8021443 0.3256842 -0.5004942
vn 0.797737 0.5938853 -0.10447839
vn 0.6864704 0.5432088 -0.48340726
vn 0.95019156 0.30603045 -0.059003975
vn 0.9907995 0.116000295 0.06971605
vn 0.4745449 0.8777033 -0.06666353
vn 0.4111932 0.83894026 -0.35650986
vn 0.7246117 0.64071196 0.2538229
vn 0.4329272 0.8976181 0.082799524
vn 0.40175536 0.6885921 0.60368323
vn 0.25311938 0.9246636 0.2844781
vn 0.90191525 0.15999703 0.4011856
vn 0.8279203 0.37025857 0.421256
vn 0.48799756 0.21965106 0.8447555
vn 0.49725348 0.41576138 0.76149946
vn -0.47454512 0.8643761 -0.16631556
vn -0.4329274 0.8443163 -0.3157592
vn -0.010778682 0.990442 -0.13750812
vn -0.2531196 0.81741583 -0.5174572
vn 0.008199709 0.8077932 -0.5894089
vn 0.23543961 0.8160188 -0.52790284
vn -0.4111934 0.90313905 0.12353081
vn -0.23543982 0.92606044 0.29492375
vn -0.008199916 0.9342861 0.35642985
vn 0.25311938 0.9246636 0.2844781
vn 0.4329272 0.8976181 0.082799524
vn 0.4745449 0.8777033 -0.06666353
vn 0.4111932 0.83894026 -0.35650986
vn 0.23543961 0.8160188 -0.52790284
vn -0.68647057 0.6511453 0.32367888
vn -0.4111934 0.90313905 0.12353081
vn -0.23543982 0.92606044 0.29492375
vn -0.40076232 0.6886686 0.60425586
vn -0.008199916 0.9342861 0.35642985
vn -0.0016171568 0.7029728 0.7112147
vn 0.25311938 0.9246636 0.2844781
vn 0.40175536 0.6885921 0.60368323
vn -0.8213774 0.3717726 0.43257865
vn -0.46938738 0.41794342 0.77781665
vn -0.86978257 0.16869058 0.4637044
vn -0.48931414 0.21955247 0.84401923
vn -0.013186633 0.43436918 0.90063834
vn -0.48931414 0.21955247 0.84401923
vn 0.009589994 0.23660904 0.9715576
vn 0.49725348 0.41576138 0.76149946
vn 0.48799756 0.21965106 0.8447555
vn -0.26857665 -0.95078695 0.15450163
vn -0.26857665 -0.95078695 0.15450163
vn -0.26857665 -0.95078695 0.15450163
vn -0.26857665 -0.95078695 0.15450163
vn -0.11877702 -0.27653205 -0.9536362
vn -0.11877702 -0.27653205 -0.9536362
vn -0.35408393 -0.018371208 -0.9350332
vn -0.35508037 0.024016213 -0.9345273
vn -0.11877702 -0.27653205 -0.9536362
vn -0.11877702 -0.27653205 -0.9536362
vn -0.35408387 -0.22797558 -0.9070015
vn -0.3115852 -0.062694885 -0.9481477
vn 0.27049366 0.10657365 0.95680475
vn 0.27049366 0.10657365 0.95680475
vn 0.27049366 0.10657365 0.95680475
vn 0.27049366 0.10657365 0.95680475
vn 0.27049366 0.10657365 0.95680475
vn 0.27049366 0.10657365 0.95680475
vn 0.27049366 0.10657365 0.95680475
vn 0.27049366 0.10657365 0.95680475
vn 0.89464843 0.3107106 -0.3210345
vn 0.89464843 0.3107106 -0.3210345
vn 0.6708777 0.6979925 -0.25045902
vn 0.6371623 0.72476 -0.2621966
vn 0.41267768 0.8755301 -0.25128484
vn 0.41267768 0.8755301 -0.25128484
vn 0.24971174 -0.9679708 0.026010327
vn 0.45331782 -0.89080036 -0.03126912
vn 0.36975673 -0.9290393 0.012882752
vn 0.4641029 -0.885758 0.0064348793
vn 0.4641029 -0.885758 0.0064348793
vn -0.2993525 -0.915642 0.26830536
vn -0.2993525 -0.915642 0.26830536
vn -0.2953492 -0.88148874 0.36843777
vn -0.27705938 -0.87880415 0.3885117
vn -0.23799488 -0.87414426 0.4233561
vn -0.23799488 -0.87414426 0.4233561
vn -0.40327767 -0.38456443 -0.8303478
vn -0.41607714 -0.5296355 -0.73916584
vn -0.41607714 -0.5296355 -0.73916584
vn -0.35408387 -0.22797558 -0.9070015
vn 0.42620313 0.90372086 -0.04049183
vn 0.35264587 0.934893 0.040199563
vn 0.35264587 0.934893 0.040199563
vn 0.42620313 0.90372086 -0.04049183
vn 0.27705938 0.87880415 -0.3885117
vn 0.27705938 0.87880415 -0.3885117
vn 0.27705938 0.87880415 -0.3885117
vn 0.27705938 0.87880415 -0.3885117
vn 0.1466745 0.75302577 -0.6414349
vn 0.1466745 0.75302577 -0.6414349
vn -0.5977304 0.78290373 0.17256898
vn -0.5977304 0.78290373 0.17256898
vn -0.5767818 0.80540746 0.13653432
vn -0.5767818 0.80540746 0.13653432
vn -0.6205957 0.78370905 -0.025713187
vn -0.6205957 0.78370905 -0.025713187
vn -0.60480577 0.7013899 -0.37717658
vn -0.60480577 0.7013899 -0.37717658
vn 0.82794464 -0.52927184 -0.18541564
vn 0.782124 -0.5978719 -0.17558831
vn 0.76441944 -0.6275968 -0.14759769
vn 0.76441944 -0.6275968 -0.14759769
vn 0.76441944 -0.6275968 -0.14759769
vn -0.35408387 -0.22797558 -0.9070015
vn -0.3115852 -0.062694885 -0.9481477
vn -0.27049366 -0.10657365 -0.95680475
vn -0.40327767 -0.38456443 -0.8303478
vn -0.023310428 0.9187313 -0.39419472
vn -0.023310428 0.9187313 -0.39419472
vn -0.023310428 0.9187313 -0.39419472
vn -0.023310428 0.9187313 -0.39419472
vn 0.72502786 0.38985133 0.5677592
vn 0.72502786 0.38985133 0.5677592
vn 0.72502786 0.38985133 0.5677592
vn 0.72502786 0.38985133 0.5677592
vn 0.023310428 -0.9187313 0.39419472
vn 0.023310428 -0.9187313 0.39419472
vn 0.023310428 -0.9187313 0.39419472
vn 0.023310428 -0.9187313 0.39419472
vn -0.72502786 -0.38985133 -0.5677592
vn -0.72502786 -0.38985133 -0.5677592
vn -0.72502786 -0.38985133 -0.5677592
vn -0.72502786 -0.38985133 -0.5677592
vn 0.5683931 -0.61327195 -0.5484768
vn 0.5683931 -0.61327195 -0.5484768
vn 0.5683931 -0.61327195 -0.5484768
vn 0.5683931 -0.61327195 -0.5484768
vn 0.5683931 -0.61327195 -0.5484768
vn 0.5683931 -0.61327195 -0.5484768
vn 0.5683931 -0.61327195 -0.5484768
vn -0.023310428 0.9187313 -0.39419472
vn -0.023310428 0.9187313 -0.39419472
vn -0.023310428 0.9187313 -0.39419472
vn -0.023310428 0.9187313 -0.39419472
vn 0.6090353 -0.29410848 0.7365977
vn 0.6090353 -0.29410848 0.7365977
vn 0.6090353 -0.29410848 0.7365977
vn 0.6090353 -0.29410848 0.7365977
vn -0.54360235 -0.826878 -0.14411573
vn -0.54360235 -0.826878 -0.14411573
vn -0.54360235 -0.826878 -0.14411573
vn -0.54360235 -0.826878 -0.14411573
vn 0.70177215 0.115401424 0.70299244
vn 0.70177215 0.115401424 0.70299244
vn 0.70177215 0.115401424 0.70299244
vn 0.70177215 0.115401424 0.70299244
vn 0.70177215 0.115401424 0.70299244
vn 0.70177215 0.115401424 0.70299244
vn 0.57955027 -0.5809113 -0.57154495
vn 0.57955027 -0.5809113 -0.57154495
vn 0.41293502 -0.8355997 -0.3622949
vn 0.41293502 -0.8355997 -0.3622949
vn 0.032317556 -0.98855656 0.14734781
vn 0.032317556 -0.98855656 0.14734781
vn -0.70177215 -0.07338135 -0.7086121
vn -0.70177215 -0.07338135 -0.7086121
vn -0.70177215 -0.07338135 -0.7086121
vn -0.70177215 -0.07338135 -0.7086121
vn -0.70177215 -0.07338135 -0.7086121
vn -0.70177215 -0.07338135 -0.7086121
vn -0.57955027 0.5809113 0.57154495
vn -0.57955027 0.5809113 0.57154495
vn -0.57955027 0.5809113 0.57154495
vn -0.57955027 0.5809113 0.57154495
vn 0.1304548 0.95488864 -0.26677558
vn 0.2579218 0.8763615 -0.40677613
vn 0.2579218 0.8763615 -0.40677613
vn 0.1304548 0.95488864 -0.26677558
vn 0.010778447 0.991769 -0.12758523
vn 0.010778447 0.991769 -0.12758523
vn -0.1304548 -0.95488864 0.26677558
vn 0.032317556 -0.98855656 0.14734781
vn 0.032317556 -0.98855656 0.14734781
vn -0.1304548 -0.95488864 0.26677558
vn -0.6783373 0.46833262 0.56614757
vn -0.6783373 0.46833262 0.56614757
vn -0.6783373 0.46833262 0.56614757
vn -0.6783373 0.46833262 0.56614757
vn 0.6704305 -0.30197993 0.6777397
vn 0.6704305 -0.30197993 0.6777397
vn 0.6704305 -0.30197993 0.6777397
vn 0.6704305 -0.30197993 0.6777397
vn 0.6783373 -0.46833262 -0.56614757
vn 0.6783373 -0.46833262 -0.56614757
vn 0.6783373 -0.46833262 -0.56614757
vn 0.6783373 -0.46833262 -0.56614757
vn -0.6704305 0.30197993 -0.6777397
vn -0.6704305 0.30197993 -0.6777397
vn -0.6704305 0.30197993 -0.6777397
vn -0.6704305 0.30197993 -0.6777397
vn 0.18721288 0.9690302 -0.16103369
vn 0.18721288 0.9690302 -0.16103369
vn 0.18721288 0.9690302 -0.16103369
vn 0.18721288 0.9690302 -0.16103369
vn 0.18721288 0.9690302 -0.16103369
vn 0.18721288 0.9690302 -0.16103369
vn 0.18721288 0.9690302 -0.16103369
vn 0.18721288 0.9690302 -0.16103369
vn -0.6783373 0.46833262 0.56614757
vn -0.6783373 0.46833262 0.56614757
vn -0.6783373 0.46833262 0.56614757
vn -0.6783373 0.46833262 0.56614757
vn 0.6704305 -0.30197993 0.6777397
vn 0.6704305 -0.30197993 0.6777397
vn 0.6704305 -0.30197993 0.6777397
vn 0.6704305 -0.30197993 0.6777397
vn 0.6783373 -0.46833262 -0.56614757
vn 0.6783373 -0.46833262 -0.56614757
vn 0.6783373 -0.46833262 -0.56614757
vn 0.6783373 -0.46833262 -0.56614757
vn -0.6704305 0.30197993 -0.6777397
vn -0.6704305 0.30197993 -0.6777397
vn -0.6704305 0.30197993 -0.6777397
vn -0.6704305 0.30197993 -0.6777397
vn 0.40874922 -0.29154977 0.86482525
vn 0.40874922 -0.29154977 0.86482525
vn 0.40874922 -0.29154977 0.86482525
vn 0.40874922 -0.29154977 0.86482525
vn 0.67357314 0.51225686 -0.5328152
vn 0.9542886 0.29068825 0.06952443
vn 0.9542886 0.29068825 0.06952443
vn 0.67357314 0.51225686 -0.5328152
vn 0.33907875 0.5317965 -0.7760271
vn 0.33907875 0.5317965 -0.7760271
vn 0.33907875 0.5317965 -0.7760271
vn 0.67357314 0.51225686 -0.5328152
vn -0.3924358 0.3408255 -0.85430217
vn -0.3924358 0.3408255 -0.85430217
vn -0.3924358 0.3408255 -0.85430217
vn -0.3924358 0.3408255 -0.85430217
vn 0.42022115 -0.32783118 0.84613293
vn 0.42022115 -0.32783118 0.84613293
vn 0.42022115 -0.32783118 0.84613293
vn 0.42022115 -0.32783118 0.84613293
vn 0.9657604 0.25440684 0.05083206
vn 0.9657604 0.25440684 0.05083206
vn 0.9112605 0.05294696 0.40841284
vn 0.9112605 0.05294696 0.40841284
vn 0.685045 0.47597542 -0.5515076
vn 0.62707347 0.48680714 -0.6081099
vn 0.9657604 0.25440684 0.05083206
vn 0.9657604 0.25440684 0.05083206
vn 0.35055062 0.49551517 -0.7947195
vn 0.35055062 0.49551517 -0.7947195
vn -0.42022115 0.32783118 -0.84613293
vn -0.42022115 0.32783118 -0.84613293
vn -0.42022115 0.32783118 -0.84613293
vn -0.42022115 0.32783118 -0.84613293
vn -0.9112605 -0.05294696 -0.40841284
vn -0.9112605 -0.05294696 -0.40841284
vn -0.9112605 -0.05294696 -0.40841284
vn -0.9112605 -0.05294696 -0.40841284
vn -0.62707347 -0.48680714 0.6081099
vn -0.62707347 -0.48680714 0.6081099
vn -0.8808625 -0.3911305 0.26664263
vn -0.8808625 -0.3911305 0.26664263
vn -0.35055062 -0.49551517 0.7947195
vn -0.35055062 -0.49551517 0.7947195
vn -0.62707347 -0.48680714 0.6081099
vn -0.62707347 -0.48680714 0.6081099
vn -0.26017267 0.8605957 0.4378187
vn -0.26017267 0.8605957 0.4378187
vn -0.26017267 0.8605957 0.4378187
vn -0.26017267 0.8605957 0.4378187
vn -0.26017267 0.8605957 0.4378187
vn -0.26017267 0.8605957 0.4378187
vn -0.26017267 0.8605957 0.4378187
vn -0.26017267 0.8605957 0.4378187
vn -0.869392 -0.4274073 0.24795258
vn -0.67357314 -0.51225686 0.5328152
vn -0.67357314 -0.51225686 0.5328152
vn -0.869392 -0.4274073 0.24795258
vn -0.33907875 -0.5317965 0.7760271
vn -0.33907875 -0.5317965 0.7760271
vn 0.9542886 0.29068825 0.06952443
vn 0.9542886 0.29068825 0.06952443
vn 0.89978856 0.08922835 0.42710522
vn 0.89978856 0.08922835 0.42710522
vn -0.89978856 -0.08922835 -0.42710522
vn -0.89978856 -0.08922835 -0.42710522
vn -0.89978856 -0.08922835 -0.42710522
vn -0.89978856 -0.08922835 -0.42710522
vn -0.4193937 0.88217676 0.2141801
vn -0.42302477 0.8450975 0.32689494
vn -0.233146 0.9338977 0.27106836
vn -0.31243432 0.93219817 0.1827328
vn -0.4436871 0.7541292 0.48418072
vn -0.5189551 0.77253836 0.36588252
vn -0.4436871 0.7541292 0.48418072
vn -0.4085887 0.6854261 0.60269916
vn -0.29820636 0.7465783 0.5947217
vn -0.20866399 0.71584785 0.6663492
vn -0.20866399 0.71584785 0.6663492
vn -0.10832758 0.8353785 0.5388951
vn -0.29820636 0.7465783 0.5947217
vn -0.10170464 0.76586926 0.6349019
vn -0.08609029 0.92136574 0.37904307
vn -0.0021431486 0.87550765 0.48319945
vn -0.08609029 0.92136574 0.37904307
vn -0.112509586 0.9626199 0.24638282
vn -0.233146 0.9338977 0.27106836
vn -0.31243432 0.93219817 0.1827328
vn -0.7417575 -0.49336416 0.4542989
vn -0.7417575 -0.49336416 0.4542989
vn -0.7417575 -0.49336416 0.4542989
vn -0.7417575 -0.49336416 0.4542989
vn -0.5003996 0.8116703 0.30131635
vn -0.5003996 0.8116703 0.30131635
vn -0.5003996 0.8116703 0.30131635
vn -0.5003996 0.8116703 0.30131635
vn 0.08740016 0.9949744 -0.0488594
vn 0.08740016 0.9949744 -0.0488594
vn 0.08740016 0.9949744 -0.0488594
vn 0.08740016 0.9949744 -0.0488594
vn 0.75322944 0.45708275 -0.47299126
vn 0.75322944 0.45708275 -0.47299126
vn 0.75322944 0.45708275 -0.47299126
vn 0.75322944 0.45708275 -0.47299126
vn -0.28827527 0.9400184 0.18238091
vn -0.28827527 0.9400184 0.18238091
vn -0.28827527 0.9400184 0.18238091
vn -0.28827527 0.9400184 0.18238091
vn 0.35363445 0.27683645 0.89347875
vn 0.35363445 0.27683645 0.89347875
vn 0.35363445 0.27683645 0.89347875
vn 0.35363445 0.27683645 0.89347875
vn 0.35363445 0.27683645 0.89347875
vn 0.35363445 0.27683645 0.89347875
vn 0.35363445 0.27683645 0.89347875
vn 0.35363445 0.27683645 0.89347875
vn 0.35363445 0.27683645 0.89347875
vn 0.35363445 0.27683645 0.89347875
vn -0.74123496 0.4396954 0.50718695
vn -0.74123496 0.4396954 0.50718695
vn -0.74123496 0.4396954 0.50718695
vn -0.74123496 0.4396954 0.50718695
vn -0.39053813 0.87249386 0.29365692
vn -0.39053813 0.87249386 0.29365692
vn -0.39053813 0.87249386 0.29365692
vn -0.39053813 0.87249386 0.29365692
vn 0.75322944 0.45708275 -0.47299126
vn 0.75322944 0.45708275 -0.47299126
vn 0.75322944 0.45708275 -0.47299126
vn 0.75322944 0.45708275 -0.47299126
vn -0.7417575 -0.49336416 0.4542989
vn -0.7417575 -0.49336416 0.4542989
vn -0.7417575 -0.49336416 0.4542989
vn -0.7417575 -0.49336416 0.4542989
vn -0.35363445 -0.27683645 -0.89347875
vn -0.35363445 -0.27683645 -0.89347875
vn -0.35363445 -0.27683645 -0.89347875
vn -0.35363445 -0.27683645 -0.89347875
vn -0.35363445 -0.27683645 -0.89347875
vn -0.35363445 -0.27683645 -0.89347875
vn -0.35363445 -0.27683645 -0.89347875
vn -0.35363445 -0.27683645 -0.89347875
vn -0.35363445 -0.27683645 -0.89347875
vn -0.35363445 -0.27683645 -0.89347875
vn -0.86800545 -0.3776332 -0.32242772
vn -0.86800545 -0.3776332 -0.32242772
vn -0.86800545 -0.3776332 -0.32242772
vn -0.86800545 -0.3776332 -0.32242772
vn 0.17146589 -0.9382517 -0.30047172
vn 0.17146589 -0.9382517 -0.30047172
vn 0.4720121 -0.8430418 -0.2578471
vn 0.48705453 -0.82802594 -0.27776077
vn 0.62827367 -0.75245523 -0.19769505
vn 0.62827367 -0.75245523 -0.19769505
vn 0.01449833 -0.9362111 -0.35113904
vn 0.01449833 -0.9362111 -0.35113904
vn -0.51271486 0.8331747 0.20722793
vn -0.13060477 0.932519 0.33667582
vn -0.13060477 0.932519 0.33667582
vn -0.52832264 0.8182324 0.22665182
vn -0.13060477 0.932519 0.33667582
vn -0.13060477 0.932519 0.33667582
vn 0.037561115 0.94340056 0.3295218
vn 0.037561115 0.94340056 0.3295218
vn 0.86800545 0.3776332 0.32242772
vn 0.86800545 0.3776332 0.32242772
vn 0.86800545 0.3776332 0.32242772
vn 0.86800545 0.3776332 0.32242772
vn 0.2195456 0.071752444 -0.9729601
vn 0.2195456 0.071752444 -0.9729601
vn 0.2195456 0.071752444 -0.9729601
vn 0.2195456 0.071752444 -0.9729601
vn 0.2195456 0.071752444 -0.9729601
vn 0.2195456 0.071752444 -0.9729601
vn 0.2195456 0.071752444 -0.9729601
vn 0.2195456 0.071752444 -0.9729601
vn -0.69223756 0.70746946 0.14245753
vn -0.69223756 0.70746946 0.14245753
vn -0.51271486 0.8331747 0.20722793
vn -0.52832264 0.8182324 0.22665182
vn -0.2195456 -0.071752444 0.9729601
vn -0.2195456 -0.071752444 0.9729601
vn -0.2195456 -0.071752444 0.9729601
vn -0.2195456 -0.071752444 0.9729601
vn -0.2195456 -0.071752444 0.9729601
vn -0.2195456 -0.071752444 0.9729601
vn -0.2195456 -0.071752444 0.9729601
vn -0.2195456 -0.071752444 0.9729601
vn 0.24451144 0.32651758 -0.91301715
vn 0.31034306 0.49232575 -0.8132052
vn 0.35850278 0.6037454 -0.7120164
vn 0.2487148 -0.0066462555 -0.96855396
vn 0.24549107 -0.09038059 -0.96517634
vn 0.24952964 -0.3325754 -0.9094661
vn 0.24952964 -0.3325754 -0.9094661
vn 0.28504995 -0.9218273 -0.26264217
vn 0.4720121 -0.8430418 -0.2578471
vn 0.4720121 -0.8430418 -0.2578471
vn 0.28504995 -0.9218273 -0.26264217
vn 0.61463165 -0.7697005 -0.17259458
vn 0.4720121 -0.8430418 -0.2578471
vn 0.4720121 -0.8430418 -0.2578471
vn 0.61463165 -0.7697005 -0.17259458
vn 0.13060477 -0.932519 -0.33667582
vn 0.13060477 -0.932519 -0.33667582
vn 0.13060477 -0.932519 -0.33667582
vn 0.13060477 -0.932519 -0.33667582
vn -0.93414474 -0.2282764 -0.2743419
vn -0.93414474 -0.2282764 -0.2743419
vn -0.93414474 -0.2282764 -0.2743419
vn -0.93414474 -0.2282764 -0.2743419
vn -0.62827367 0.75245523 0.19769505
vn -0.62827367 0.75245523 0.19769505
vn -0.62827367 0.75245523 0.19769505
vn -0.62827367 0.75245523 0.19769505
vn 0.989075 0.01605494 0.1465363
vn 0.989075 0.01605494 0.1465363
vn 0.989075 0.01605494 0.1465363
vn 0.989075 0.01605494 0.1465363
vn -0.16565475 0.14943045 0.97479695
vn -0.079652384 0.3800802 0.92151755
vn -0.1265779 0.2834319 0.9506021
vn -0.17730543 -0.18997775 0.96564555
vn -0.18529306 -0.2753037 0.94333154
vn -0.13630606 -0.54393107 0.8279853
vn -0.13630606 -0.54393107 0.8279853
vn 0.2195456 0.071752444 -0.9729601
vn 0.2195456 0.071752444 -0.9729601
vn 0.2195456 0.071752444 -0.9729601
vn 0.2195456 0.071752444 -0.9729601
vn 0.2195456 0.071752444 -0.9729601
vn -0.830236 0.55427414 0.059061285
vn -0.830236 0.55427414 0.059061285
vn -0.830236 0.55427414 0.059061285
vn -0.830236 0.55427414 0.059061285
vn 0.120246 0.8982912 0.42262745
vn 0.38984212 0.83609504 0.38596407
vn 0.38984212 0.83609504 0.38596407
vn 0.09103278 0.94761956 0.3061537
vn -0.17146589 0.9382517 0.30047172
vn -0.17146589 0.9382517 0.30047172
vn 0.830236 -0.55427414 -0.059061285
vn 0.830236 -0.55427414 -0.059061285
vn 0.830236 -0.55427414 -0.059061285
vn 0.830236 -0.55427414 -0.059061285
vn -0.05873251 -0.945456 -0.32041115
vn -0.05873251 -0.945456 -0.32041115
vn -0.05873251 -0.945456 -0.32041115
vn -0.05873251 -0.945456 -0.32041115
vn -0.2195456 -0.071752444 0.9729601
vn -0.2195456 -0.071752444 0.9729601
vn -0.2195456 -0.071752444 0.9729601
vn -0.2195456 -0.071752444 0.9729601
vn -0.2195456 -0.071752444 0.9729601
vn -0.80888814 0.5350698 -0.24372183
vn -0.80888814 0.5350698 -0.24372183
vn -0.80888814 0.5350698 -0.24372183
vn -0.80888814 0.5350698 -0.24372183
vn -0.36821324 0.030163758 0.9292519
vn -0.36821324 0.030163758 0.9292519
vn -0.36821324 0.030163758 0.9292519
vn -0.36821324 0.030163758 0.9292519
vn 0.80888814 -0.5350698 0.24372183
vn 0.80888814 -0.5350698 0.24372183
vn 0.80888814 -0.5350698 0.24372183
vn 0.80888814 -0.5350698 0.24372183
vn 0.36821324 -0.030163758 -0.9292519
vn 0.36821324 -0.030163758 -0.9292519
vn 0.36821324 -0.030163758 -0.9292519
vn 0.36821324 -0.030163758 -0.9292519
vn 0.037561115 0.94340056 0.3295218
vn 0.037561115 0.94340056 0.3295218
vn 0.037561115 0.94340056 0.3295218
vn 0.037561115 0.94340056 0.3295218
vn 0.037561115 0.94340056 0.3295218
vn 0.037561115 0.94340056 0.3295218
vn 0.037561115 0.94340056 0.3295218
vn 0.037561115 0.94340056 0.3295218
vn 0.037561115 0.94340056 0.3295218
vn 0.037561115 0.94340056 0.3295218
vn -0.6826143 0.28460488 0.6730808
vn -0.6826143 0.28460488 0.6730808
vn -0.6826143 0.28460488 0.6730808
vn -0.6826143 0.28460488 0.6730808
vn 0.80888814 -0.5350698 0.24372183
vn 0.80888814 -0.5350698 0.24372183
vn 0.80888814 -0.5350698 0.24372183
vn 0.80888814 -0.5350698 0.24372183
vn -0.016210616 0.22723815 -0.9737043
vn -0.016210616 0.22723815 -0.9737043
vn -0.016210616 0.22723815 -0.9737043
vn -0.016210616 0.22723815 -0.9737043
vn -0.67747986 -0.39274076 -0.621913
vn -0.67747986 -0.39274076 -0.621913
vn -0.67747986 -0.39274076 -0.621913
vn -0.67747986 -0.39274076 -0.621913
vn -0.38590458 -0.1372859 0.9122665
vn -0.38590458 -0.1372859 0.9122665
vn -0.38590458 -0.1372859 0.9122665
vn -0.38590458 -0.1372859 0.9122665
vn 0.67747986 0.39274076 0.621913
vn 0.67747986 0.39274076 0.621913
vn 0.67747986 0.39274076 0.621913
vn 0.67747986 0.39274076 0.621913
vn 0.38590458 0.1372859 -0.9122665
vn 0.38590458 0.1372859 -0.9122665
vn 0.38590458 0.1372859 -0.9122665
vn 0.38590458 0.1372859 -0.9122665
vn -0.3521245 0.8952121 0.27313662
vn -0.3521245 0.8952121 0.27313662
vn -0.3521245 0.8952121 0.27313662
vn -0.3521245 0.8952121 0.27313662
vn -0.3521245 0.8952121 0.27313662
vn -0.3521245 0.8952121 0.27313662
vn -0.3521245 0.8952121 0.27313662
vn -0.72313863 -0.3598291 0.5895707
vn -0.72313863 -0.3598291 0.5895707
vn -0.72313863 -0.3598291 0.5895707
vn -0.72313863 -0.3598291 0.5895707
vn 0.67747986 0.39274076 0.621913
vn 0.67747986 0.39274076 0.621913
vn 0.67747986 0.39274076 0.621913
vn 0.67747986 0.39274076 0.621913
vn 0.010542975 -0.023777707 -0.9996617
vn 0.010542975 -0.023777707 -0.9996617
vn 0.010542975 -0.023777707 -0.9996617
vn 0.010542975 -0.023777707 -0.9996617
vn 0.2195456 0.071752444 -0.9729601
vn 0.2195456 0.071752444 -0.9729601
vn 0.2195456 0.071752444 -0.9729601
vn 0.2195456 0.071752444 -0.9729601
vn 0.2195456 0.071752444 -0.9729601
vn -0.84801507 -0.4153124 -0.32922032
vn -0.84801507 -0.4153124 -0.32922032
vn -0.84801507 -0.4153124 -0.32922032
vn -0.84801507 -0.4153124 -0.32922032
vn -0.3521245 0.8952121 0.27313662
vn -0.08609029 0.92136574 0.37904307
vn -0.08609029 0.92136574 0.37904307
vn -0.3521245 0.8952121 0.27313662
vn -0.5800295 0.78774476 0.20742217
vn -0.5800295 0.78774476 0.20742217
vn 0.84801507 0.4153124 0.32922032
vn 0.84801507 0.4153124 0.32922032
vn 0.84801507 0.4153124 0.32922032
vn 0.84801507 0.4153124 0.32922032
vn 0.33102685 -0.90507877 -0.26693368
vn 0.33102685 -0.90507877 -0.26693368
vn 0.33102685 -0.90507877 -0.26693368
vn 0.33102685 -0.90507877 -0.26693368
vn -0.2195456 -0.071752444 0.9729601
vn -0.2195456 -0.071752444 0.9729601
vn -0.2195456 -0.071752444 0.9729601
vn -0.2195456 -0.071752444 0.9729601
vn -0.2195456 -0.071752444 0.9729601
vn 0.31744787 0.92091525 -0.22614567
vn 0.31744787 0.92091525 -0.22614567
vn 0.31744787 0.92091525 -0.22614567
vn 0.31744787 0.92091525 -0.22614567
vn -0.42379352 0.58559555 -0.690997
vn -0.42379352 0.58559555 -0.690997
vn -0.42379352 0.58559555 -0.690997
vn -0.42379352 0.58559555 -0.690997
vn -0.8100649 -0.39779755 -0.43075743
vn -0.8100649 -0.39779755 -0.43075743
vn -0.8100649 -0.39779755 -0.43075743
vn -0.8100649 -0.39779755 -0.43075743
vn -0.31744787 -0.92091525 0.22614567
vn -0.31744787 -0.92091525 0.22614567
vn -0.31744787 -0.92091525 0.22614567
vn -0.31744787 -0.92091525 0.22614567
vn 0.42379352 -0.58559555 0.690997
vn 0.42379352 -0.58559555 0.690997
vn 0.42379352 -0.58559555 0.690997
vn 0.42379352 -0.58559555 0.690997
vn 0.8100649 0.39779755 0.43075743
vn 0.8100649 0.39779755 0.43075743
vn 0.8100649 0.39779755 0.43075743
vn 0.8100649 0.39779755 0.43075743
vn -0.4436871 0.7541292 0.48418072
vn -0.4436871 0.7541292 0.48418072
vn -0.4436871 0.7541292 0.48418072
vn -0.4436871 0.7541292 0.48418072
vn -0.4436871 0.7541292 0.48418072
vn -0.4436871 0.7541292 0.48418072
vn 0.7762931 0.59897214 0.19647226
vn 0.7762931 0.59897214 0.19647226
vn 0.7762931 0.59897214 0.19647226
vn 0.7762931 0.59897214 0.19647226
vn 0.13756694 -0.7465905 0.65090543
vn 0.13756694 -0.7465905 0.65090543
vn 0.13756694 -0.7465905 0.65090543
vn 0.13756694 -0.7465905 0.65090543
vn -0.7762931 -0.59897214 -0.19647226
vn -0.7762931 -0.59897214 -0.19647226
vn -0.7762931 -0.59897214 -0.19647226
vn -0.7762931 -0.59897214 -0.19647226
vn -0.13756694 0.7465905 -0.65090543
vn -0.13756694 0.7465905 -0.65090543
vn -0.13756694 0.7465905 -0.65090543
vn -0.13756694 0.7465905 -0.65090543
vn -0.3598865 0.7422243 0.56531835
vn -0.3598865 0.7422243 0.56531835
vn -0.3598865 0.7422243 0.56531835
vn -0.3598865 0.7422243 0.56531835
vn -0.3598865 0.7422243 0.56531835
vn -0.3598865 0.7422243 0.56531835
vn -0.3598865 0.7422243 0.56531835
vn -0.3598865 0.7422243 0.56531835
vn 0.7762931 0.59897214 0.19647226
vn 0.7762931 0.59897214 0.19647226
vn 0.7762931 0.59897214 0.19647226
vn 0.7762931 0.59897214 0.19647226
vn 0.13756694 -0.7465905 0.65090543
vn 0.13756694 -0.7465905 0.65090543
vn 0.13756694 -0.7465905 0.65090543
vn 0.13756694 -0.7465905 0.65090543
vn -0.7762931 -0.59897214 -0.19647226
vn -0.7762931 -0.59897214 -0.19647226
vn -0.7762931 -0.59897214 -0.19647226
vn -0.7762931 -0.59897214 -0.19647226
vn -0.13756694 0.7465905 -0.65090543
vn -0.13756694 0.7465905 -0.65090543
vn -0.13756694 0.7465905 -0.65090543
vn -0.13756694 0.7465905 -0.65090543
vn 0.31744787 0.92091525 -0.22614567
vn 0.31744787 0.92091525 -0.22614567
vn 0.31744787 0.92091525 -0.22614567
vn 0.31744787 0.92091525 -0.22614567
vn 0.8100649 0.39779755 0.43075743
vn 0.8100649 0.39779755 0.43075743
vn 0.8100649 0.39779755 0.43075743
vn 0.8100649 0.39779755 0.43075743
vn 0.42379352 -0.58559555 0.690997
vn 0.42379352 -0.58559555 0.690997
vn 0.42379352 -0.58559555 0.690997
vn 0.42379352 -0.58559555 0.690997
vn -0.31744787 -0.92091525 0.22614567
vn -0.31744787 -0.92091525 0.22614567
vn -0.31744787 -0.92091525 0.22614567
vn -0.31744787 -0.92091525 0.22614567
vn -0.8100649 -0.39779755 -0.43075743
vn -0.8100649 -0.39779755 -0.43075743
vn -0.8100649 -0.39779755 -0.43075743
vn -0.8100649 -0.39779755 -0.43075743
vn -0.42379352 0.58559555 -0.690997
vn -0.42379352 0.58559555 -0.690997
vn -0.42379352 0.58559555 -0.690997
vn -0.42379352 0.58559555 -0.690997
vn -0.4436871 0.7541292 0.48418072
vn -0.4436871 0.7541292 0.48418072
vn -0.4436871 0.7541292 0.48418072
vn -0.4436871 0.7541292 0.48418072
vn -0.4436871 0.7541292 0.48418072
vn -0.4436871 0.7541292 0.48418072
vn -0.013321558 0.61747533 0.7864774
vn -0.013321558 0.61747533 0.7864774
vn -0.013321558 0.61747533 0.7864774
vn -0.013321558 0.61747533 0.7864774
vn 0.67340934 -0.71262527 -0.19668499
vn 0.67340934 -0.71262527 -0.19668499
vn 0.67340934 -0.71262527 -0.19668499
vn 0.67340934 -0.71262527 -0.19668499
vn 0.013321558 -0.61747533 -0.7864774
vn 0.013321558 -0.61747533 -0.7864774
vn 0.013321558 -0.61747533 -0.7864774
vn 0.013321558 -0.61747533 -0.7864774
vn -0.67340934 0.71262527 0.19668499
vn -0.67340934 0.71262527 0.19668499
vn -0.67340934 0.71262527 0.19668499
vn -0.67340934 0.71262527 0.19668499
vn -0.36736405 -0.88648427 0.2814059
vn -0.36736405 -0.88648427 0.2814059
vn -0.36736405 -0.88648427 0.2814059
vn -0.36736405 -0.88648427 0.2814059
vn -0.36736405 -0.88648427 0.2814059
vn -0.36736405 -0.88648427 0.2814059
vn -0.36736405 -0.88648427 0.2814059
vn -0.013321558 0.61747533 0.7864774
vn -0.013321558 0.61747533 0.7864774
vn -0.013321558 0.61747533 0.7864774
vn -0.013321558 0.61747533 0.7864774
vn 0.5189551 -0.77253836 -0.36588252
vn 0.5189551 -0.77253836 -0.36588252
vn 0.5189551 -0.77253836 -0.36588252
vn 0.5189551 -0.77253836 -0.36588252
vn -0.83142626 0.4937489 -0.25483802
vn -0.83142626 0.4937489 -0.25483802
vn -0.83142626 0.4937489 -0.25483802
vn -0.83142626 0.4937489 -0.25483802
vn 0.3598865 -0.7422243 -0.56531835
vn 0.3598865 -0.7422243 -0.56531835
vn 0.3598865 -0.7422243 -0.56531835
vn 0.3598865 -0.7422243 -0.56531835
vn 0.42064145 0.86240107 -0.2816471
vn 0.42064145 0.86240107 -0.2816471
vn 0.21059906 0.97757155 0.0013566779
vn 0.21059906 0.97757155 0.0013566779
vn -0.19709212 0.88678396 0.41805378
vn -0.19709212 0.88678396 0.41805378
vn -0.3598865 0.7422243 0.56531835
vn -0.3598865 0.7422243 0.56531835
vn -0.19709212 0.88678396 0.41805378
vn -0.19709212 0.88678396 0.41805378
vn 0.65698886 -0.029494788 -0.7533231
vn 0.65698886 -0.029494788 -0.7533231
vn 0.65698886 -0.029494788 -0.7533231
vn 0.65698886 -0.029494788 -0.7533231
vn -0.7116393 -0.0853482 0.6973415
vn -0.6046039 -0.5581783 0.56823504
vn -0.6046039 -0.5581783 0.56823504
vn -0.7116393 -0.0853482 0.6973415
vn -0.19839865 -0.9777647 0.06792726
vn -0.19839865 -0.9777647 0.06792726
vn -0.029633729 -0.98951864 -0.14133176
vn -0.029633729 -0.98951864 -0.14133176
vn -0.7428116 0.12842359 -0.6570681
vn -0.7428116 0.12842359 -0.6570681
vn -0.7428116 0.12842359 -0.6570681
vn -0.7428116 0.12842359 -0.6570681
vn -0.7428116 0.12842359 -0.6570681
vn -0.7428116 0.12842359 -0.6570681
vn -0.73133963 0.092142195 -0.6757604
vn -0.73133963 0.092142195 -0.6757604
vn 0.73133963 -0.092142195 0.6757604
vn 0.73133963 -0.092142195 0.6757604
vn 0.73133963 -0.092142195 0.6757604
vn 0.73133963 -0.092142195 0.6757604
vn 0.73133963 -0.092142195 0.6757604
vn 0.73133963 -0.092142195 0.6757604
vn 0.73133963 -0.092142195 0.6757604
vn 0.73133963 -0.092142195 0.6757604
vn 0.73133963 -0.092142195 0.6757604
vn 0.73133963 -0.092142195 0.6757604
vn 0.73133963 -0.092142195 0.6757604
vn 0.73133963 -0.092142195 0.6757604
vn 0.73133963 -0.092142195 0.6757604
vn 0.73133963 -0.092142195 0.6757604
vn -0.42064145 -0.86240107 0.2816471
vn -0.16237025 -0.98574376 0.044104293
vn -0.16237025 -0.98574376 0.044104293
vn -0.42064145 -0.86240107 0.2816471
vn 0.19709212 -0.88678396 -0.41805378
vn 0.19709212 -0.88678396 -0.41805378
vn -0.7428116 0.12842359 -0.6570681
vn -0.7428116 0.12842359 -0.6570681
vn -0.7428116 0.12842359 -0.6570681
vn -0.7428116 0.12842359 -0.6570681
vn -0.7428116 0.12842359 -0.6570681
vn -0.7428116 0.12842359 -0.6570681
vn 0.42064145 0.86240107 -0.2816471
vn 0.42064145 0.86240107 -0.2816471
vn 0.42064145 0.86240107 -0.2816471
vn 0.42064145 0.86240107 -0.2816471
vn -0.4436871 0.7541292 0.48418072
vn -0.4436871 0.7541292 0.48418072
vn -0.47265965 0.59245217 0.6523752
vn -0.47265965 0.59245217 0.6523752
vn -0.32204098 0.8300015 0.4553979
vn -0.32204098 0.8300015 0.4553979
vn 0.3598865 -0.7422243 -0.56531835
vn 0.3598865 -0.7422243 -0.56531835
vn 0.19709212 -0.88678396 -0.41805378
vn 0.19709212 -0.88678396 -0.41805378
vn -0.6234629 0.2986842 -0.72255224
vn -0.5053652 0.5474471 -0.66701406
vn -0.59016395 0.39679036 -0.70303905
vn -0.7955574 0.1278268 -0.59224045
vn -0.7955574 0.1278268 -0.59224045
vn -0.90610075 0.0056924834 -0.42302358
vn -0.90610075 0.0056924834 -0.42302358
vn -0.6912527 -0.0065551614 0.72258335
vn -0.6912527 -0.0065551614 0.72258335
vn -0.5846098 0.34964785 0.732105
vn -0.5846098 0.34964785 0.732105
vn -0.3598865 0.7422243 0.56531835
vn -0.3598865 0.7422243 0.56531835
vn -0.19709212 0.88678396 0.41805378
vn -0.19709212 0.88678396 0.41805378
vn -0.65134645 -0.41100606 0.63782597
vn -0.65134645 -0.41100606 0.63782597
vn -0.65134645 -0.41100606 0.63782597
vn -0.65134645 -0.41100606 0.63782597
vn 0.36215526 -0.8073994 -0.4657787
vn 0.47265965 -0.59245217 -0.6523752
vn 0.47265965 -0.59245217 -0.6523752
vn 0.36215526 -0.8073994 -0.4657787
vn 0.17146589 -0.9382517 -0.30047172
vn 0.17146589 -0.9382517 -0.30047172
vn 0.80618656 0.076174684 0.5867374
vn 0.7933851 0.17107153 0.58418703
vn 0.78564554 0.34871635 0.51103616
vn 0.6513191 -0.10685253 0.7512429
vn 0.6743388 -0.090124324 0.7329016
vn 0.50355303 -0.19960697 0.84058994
vn 0.50355303 -0.19960697 0.84058994
vn 0.20866399 -0.71584785 -0.6663492
vn 0.20866399 -0.71584785 -0.6663492
vn 0.20866399 -0.71584785 -0.6663492
vn 0.20866399 -0.71584785 -0.6663492
vn 0.81381047 -0.3465932 0.46646076
vn 0.81381047 -0.3465932 0.46646076
vn 0.81381047 -0.3465932 0.46646076
vn 0.81381047 -0.3465932 0.46646076
vn -0.20866399 0.71584785 0.6663492
vn -0.20866399 0.71584785 0.6663492
vn -0.20866399 0.71584785 0.6663492
vn -0.20866399 0.71584785 0.6663492
vn -0.81381047 0.3465932 -0.46646076
vn -0.81381047 0.3465932 -0.46646076
vn -0.81381047 0.3465932 -0.46646076
vn -0.81381047 0.3465932 -0.46646076
vn 0.42714536 0.82483286 -0.3704019
vn 0.42714536 0.82483286 -0.3704019
vn 0.42714536 0.82483286 -0.3704019
vn 0.42714536 0.82483286 -0.3704019
vn 0.42714536 0.82483286 -0.3704019
vn 0.42714536 0.82483286 -0.3704019
vn 0.42714536 0.82483286 -0.3704019
vn 0.7226374 -0.689653 -0.046625473
vn 0.7226374 -0.689653 -0.046625473
vn 0.7226374 -0.689653 -0.046625473
vn 0.7226374 -0.689653 -0.046625473
vn -0.20866399 0.71584785 0.6663492
vn -0.20866399 0.71584785 0.6663492
vn -0.20866399 0.71584785 0.6663492
vn -0.20866399 0.71584785 0.6663492
vn -0.5224431 -0.19189806 -0.83079976
vn -0.5224431 -0.19189806 -0.83079976
vn -0.5224431 -0.19189806 -0.83079976
vn -0.5224431 -0.19189806 -0.83079976
vn -0.7428116 0.12842359 -0.6570681
vn -0.7428116 0.12842359 -0.6570681
vn -0.7428116 0.12842359 -0.6570681
vn -0.7428116 0.12842359 -0.6570681
vn -0.7428116 0.12842359 -0.6570681
vn 0.3598865 -0.7422243 -0.56531835
vn 0.3598865 -0.7422243 -0.56531835
vn 0.3598865 -0.7422243 -0.56531835
vn 0.3598865 -0.7422243 -0.56531835
vn 0.117993005 0.98853993 0.094161354
vn 0.117993005 0.98853993 0.094161354
vn 0.117993005 0.98853993 0.094161354
vn 0.117993005 0.98853993 0.094161354
vn -0.3598865 0.7422243 0.56531835
vn -0.3598865 0.7422243 0.56531835
vn -0.3598865 0.7422243 0.56531835
vn -0.3598865 0.7422243 0.56531835
vn 0.6911741 0.2902366 -0.6618467
vn 0.6911741 0.2902366 -0.6618467
vn 0.6911741 0.2902366 -0.6618467
vn 0.6911741 0.2902366 -0.6618467
vn -0.4231106 -0.8447496 0.327682
vn -0.4231106 -0.8447496 0.327682
vn -0.4231106 -0.8447496 0.327682
vn -0.4231106 -0.8447496 0.327682
vn 0.73133963 -0.092142195 0.6757604
vn 0.73133963 -0.092142195 0.6757604
vn 0.73133963 -0.092142195 0.6757604
vn 0.73133963 -0.092142195 0.6757604
vn 0.73133963 -0.092142195 0.6757604
vn -0.8314586 0.37145746 0.4131535
vn -0.9255268 0.2591919 -0.2760792
vn -0.9139691 -0.112960875 -0.3897439
vn -0.869392 -0.4274073 0.24795258
vn -0.42935637 -0.7954698 -0.4276458
vn -0.41102007 -0.87047225 -0.2708146
vn -0.9139691 -0.112960875 -0.3897439
vn -0.1150846 -0.8470922 -0.5188356
vn -0.0554469 -0.8481705 -0.5268135
vn -0.42935637 -0.7954698 -0.4276458
vn 0.08409349 -0.67266655 -0.73515165
vn 0.1631839 -0.7337282 -0.6595559
vn -0.1150846 -0.8470922 -0.5188356
vn -0.9255268 0.2591919 -0.2760792
vn -0.8314586 0.37145746 0.4131535
vn -0.6050095 0.7521886 0.26110506
vn -0.677851 0.73379666 0.045391027
vn -0.677851 0.73379666 0.045391027
vn -0.393194 0.91663957 0.0719053
vn -0.4945228 0.86786443 -0.0475236
vn -0.4945228 0.86786443 -0.0475236
vn -0.16030987 0.9444104 -0.28703618
vn -0.4170475 0.81598455 -0.40030065
vn -0.4170475 0.81598455 -0.40030065
vn 0.14739941 0.5084628 -0.84837437
vn -0.4476023 0.31451792 -0.83709663
vn -0.4476023 0.31451792 -0.83709663
vn 0.14739941 0.5084628 -0.84837437
vn 0.24952964 -0.3325754 -0.9094661
vn -0.37254485 -0.04996974 -0.9266678
vn -0.37254485 -0.04996974 -0.9266678
vn 0.1631839 -0.7337282 -0.6595559
vn 0.08409349 -0.67266655 -0.73515165
vn -0.7428116 0.12842359 -0.6570681
vn -0.83046573 0.29701492 -0.47128424
vn -0.8354129 0.08948934 -0.5422886
vn -0.7497998 0.3986026 -0.5281251
vn -0.78734744 -0.056201637 -0.6139426
vn -0.6454157 -0.18597841 -0.7408445
vn -0.6478387 0.28308117 -0.707227
vn -0.6038483 0.1391792 -0.78485435
vn -0.57631683 -0.08000288 -0.8133009
vn -0.7428116 0.12842359 -0.6570681
vn -0.7428116 0.12842359 -0.6570681
vn -0.7428116 0.12842359 -0.6570681
vn -0.7428116 0.12842359 -0.6570681
vn -0.7428116 0.12842359 -0.6570681
vn -0.7428116 0.12842359 -0.6570681
vn -0.7428116 0.12842359 -0.6570681
vn -0.7428116 0.12842359 -0.6570681
vn -0.7428116 0.12842359 -0.6570681
vn -0.7428116 0.12842359 -0.6570681
vn -0.8919905 0.43893296 -0.10812428
vn -0.79930615 0.459318 0.38747463
vn -0.70476145 -0.6658228 0.2449315
vn -0.79930615 0.459318 0.38747463
vn -0.47715548 0.87236476 0.10631279
vn -0.43613744 0.8289282 0.35023156
vn -0.8919905 0.43893296 -0.10812428
vn -0.70476145 -0.6658228 0.2449315
vn -0.8195873 -0.42445913 -0.38485196
vn -0.26580265 -0.8718738 -0.41132107
vn -0.42935637 -0.7954698 -0.4276458
vn -0.1150846 -0.8470922 -0.5188356
vn -0.70476145 -0.6658228 0.2449315
vn -0.2709411 -0.95983833 -0.07280947
vn -0.9255268 0.2591919 -0.2760792
vn -0.8919905 0.43893296 -0.10812428
vn -0.8195873 -0.42445913 -0.38485196
vn -0.9139691 -0.112960875 -0.3897439
vn -0.677851 0.73379666 0.045391027
vn -0.42935637 -0.7954698 -0.4276458
vn -0.47715548 0.87236476 0.10631279
vn -0.4945228 0.86786443 -0.0475236
vn -0.32163745 0.9460005 -0.04040111
vn -0.4170475 0.81598455 -0.40030065
vn -0.52120185 0.6830794 -0.5116162
vn -0.4476023 0.31451792 -0.83709663
vn -0.37254485 -0.04996974 -0.9266678
vn -0.7428116 0.12842359 -0.6570681
vn 0.08409349 -0.67266655 -0.73515165
vn -0.0008904003 0.9589781 -0.28347883
vn -0.0058379564 0.99997485 -0.0040309364
vn 0.47285452 -0.10370382 -0.8750166
vn 0.18235084 -0.020173645 -0.98302656
vn 0.18235084 -0.020173645 -0.98302656
vn 0.41972148 -0.06617113 -0.90523773
vn -0.32163745 0.9460005 -0.04040111
vn -0.0058379564 0.99997485 -0.0040309364
vn -0.43613744 0.8289282 0.35023156
vn -0.47715548 0.87236476 0.10631279
vn 0.17886826 0.9692594 0.16894478
vn -0.22266242 0.76650864 0.6024002
vn 0.22123824 0.8581947 0.46320128
vn 0.06605432 0.77524614 0.628196
vn -0.36127844 0.35274124 0.86316365
vn -0.0008904003 0.9589781 -0.28347883
vn 0.44033223 0.88950884 0.12198975
vn -0.36127844 0.35274124 0.86316365
vn -0.79930615 0.459318 0.38747463
vn -0.43613744 0.8289282 0.35023156
vn -0.23797125 -0.7250197 0.6463096
vn -0.70476145 -0.6658228 0.2449315
vn -0.23207341 0.2965565 0.92638874
vn -0.14739941 -0.5084628 0.84837437
vn 0.4476023 -0.31451792 0.83709663
vn 0.3279312 -0.9089596 0.2573975
vn 0.4476023 -0.31451792 0.83709663
vn 0.1580539 -0.9564645 0.24534604
vn 0.34724146 -0.9356421 -0.06322392
vn 0.3279312 -0.9089596 0.2573975
vn 0.35505122 -0.926823 -0.12222031
vn -0.23207341 0.2965565 0.92638874
vn 0.4476023 -0.31451792 0.83709663
vn 0.37254485 0.04996974 0.9266678
vn 0.37254485 0.04996974 0.9266678
vn -0.10608005 0.66238415 0.74161595
vn 0.13745055 0.61489904 0.776535
vn 0.13745055 0.61489904 0.776535
vn 0.105735414 0.82683516 0.5524163
vn 0.22921205 0.7569133 0.61200017
vn 0.22921205 0.7569133 0.61200017
vn 0.4390754 0.86950946 0.22619916
vn 0.105735414 0.82683516 0.5524163
vn 0.5555516 0.6503714 0.5180535
vn 0.5555516 0.6503714 0.5180535
vn 0.869392 0.4274073 -0.24795258
vn 0.9139691 0.112960875 0.3897439
vn 0.9139691 0.112960875 0.3897439
vn 0.8186037 -0.41856763 -0.3933055
vn 0.869392 0.4274073 -0.24795258
vn 0.9255268 -0.2591919 0.2760792
vn 0.9255268 -0.2591919 0.2760792
vn 0.5189551 -0.77253836 -0.36588252
vn 0.6050095 -0.7521886 -0.26110506
vn 0.6050095 -0.7521886 -0.26110506
vn 0.35505122 -0.926823 -0.12222031
vn 0.34724146 -0.9356421 -0.06322392
vn 0.6038483 -0.1391792 0.78485435
vn 0.73133963 -0.092142195 0.6757604
vn 0.73133963 -0.092142195 0.6757604
vn 0.57631683 0.08000288 0.8133009
vn 0.73133963 -0.092142195 0.6757604
vn 0.6454157 0.18597841 0.7408445
vn 0.73133963 -0.092142195 0.6757604
vn 0.73133963 -0.092142195 0.6757604
vn 0.6478387 -0.28308117 0.707227
vn 0.73133963 -0.092142195 0.6757604
vn 0.7497998 -0.3986026 0.5281251
vn 0.78734744 0.056201637 0.6139426
vn 0.73133963 -0.092142195 0.6757604
vn 0.8354129 -0.08948934 0.5422886
vn 0.73133963 -0.092142195 0.6757604
vn 0.73133963 -0.092142195 0.6757604
vn 0.83046573 -0.29701492 0.47128424
vn 0.73133963 -0.092142195 0.6757604
vn 0.73133963 -0.092142195 0.6757604
vn 0.23840328 0.25832298 0.9361801
vn 0.37305516 -0.6384718 0.6731891
vn -0.23797125 -0.7250197 0.6463096
vn -0.36127844 0.35274124 0.86316365
vn 0.37254485 0.04996974 0.9266678
vn 0.37305516 -0.6384718 0.6731891
vn 0.23840328 0.25832298 0.9361801
vn 0.4476023 -0.31451792 0.83709663
vn 0.13745055 0.61489904 0.776535
vn 0.3279312 -0.9089596 0.2573975
vn 0.6468792 0.48610628 0.5875781
vn 0.9139691 0.112960875 0.3897439
vn 0.5555516 0.6503714 0.5180535
vn 0.9255268 -0.2591919 0.2760792
vn 0.73133963 -0.092142195 0.6757604
vn 0.6050095 -0.7521886 -0.26110506
vn 0.22123824 0.8581947 0.46320128
vn 0.22921205 0.7569133 0.61200017
vn 0.22123824 0.8581947 0.46320128
vn 0.17886826 0.9692594 0.16894478
vn 0.44033223 0.88950884 0.12198975
vn 0.6468792 0.48610628 0.5875781
vn 0.22921205 0.7569133 0.61200017
vn 0.06605432 0.77524614 0.628196
vn 0.13745055 0.61489904 0.776535
vn 0.23840328 0.25832298 0.9361801
vn -0.36127844 0.35274124 0.86316365
vn -0.22266242 0.76650864 0.6024002
vn -0.07967795 -0.9912232 0.1054896
vn -0.70476145 -0.6658228 0.2449315
vn -0.23797125 -0.7250197 0.6463096
vn -0.2709411 -0.95983833 -0.07280947
vn 0.37305516 -0.6384718 0.6731891
vn 0.3279312 -0.9089596 0.2573975
vn 0.30492172 -0.94835865 0.08739892
vn 0.34724146 -0.9356421 -0.06322392
vn -0.23797125 -0.7250197 0.6463096
vn -0.07967795 -0.9912232 0.1054896
vn 0.86206543 -0.18763906 -0.4707809
vn 0.47285452 -0.10370382 -0.8750166
vn 0.41972148 -0.06617113 -0.90523773
vn 0.80194026 -0.109089196 -0.5873597
vn 0.86206543 -0.18763906 -0.4707809
vn 0.80194026 -0.109089196 -0.5873597
vn 0.94099027 -0.12465418 -0.31464052
vn 0.94099027 -0.12465418 -0.31464052
vn 0.61560166 0.5230885 -0.5894175
vn 0.61560166 0.5230885 -0.5894175
vn 0.15887128 0.47218138 -0.8670667
vn 0.14739941 0.5084628 -0.84837437
vn 0.869392 0.4274073 -0.24795258
vn 0.869392 0.4274073 -0.24795258
vn 0.15887128 0.47218138 -0.8670667
vn -0.3241797 0.3295748 -0.8867288
vn 0.14739941 0.5084628 -0.84837437
vn -0.29517704 0.34160823 -0.89228594
vn -0.73133963 0.092142195 -0.6757604
vn -0.73133963 0.092142195 -0.6757604
vn -0.9494174 -0.12760538 -0.28692046
vn -0.9494174 -0.12760538 -0.28692046
vn -0.62707347 -0.48680714 0.6081099
vn -0.19551808 -0.47818136 0.85622156
vn -0.19551808 -0.47818136 0.85622156
vn -0.62707347 -0.48680714 0.6081099
vn 0.3241797 -0.3295748 0.8867288
vn 0.3241797 -0.3295748 0.8867288
vn 0.3241797 -0.3295748 0.8867288
vn 0.73133963 -0.092142195 0.6757604
vn 0.3241797 -0.3295748 0.8867288
vn 0.73133963 -0.092142195 0.6757604
vn 0.93794554 0.16388677 0.30561283
vn 0.93794554 0.16388677 0.30561283
vn 0.869392 0.4274073 -0.24795258
vn 0.869392 0.4274073 -0.24795258
vn 0.869392 0.4274073 -0.24795258
vn 0.61560166 0.5230885 -0.5894175
vn 0.61560166 0.5230885 -0.5894175
vn 0.869392 0.4274073 -0.24795258
vn 0.18404621 0.5144627 -0.8375292
vn 0.18404621 0.5144627 -0.8375292
vn -0.33565155 0.36585617 -0.86803645
vn -0.33565155 0.36585617 -0.86803645
vn -0.36215526 0.8073994 0.4657787
vn -0.36215526 0.8073994 0.4657787
vn -0.32204098 0.8300015 0.4553979
vn -0.32204098 0.8300015 0.4553979
vn -0.2809772 0.8508661 0.44393542
vn -0.2809772 0.8508661 0.44393542
vn -0.239233 0.8698341 0.43145826
vn -0.239233 0.8698341 0.43145826
vn -0.19709212 0.88678396 0.41805378
vn -0.19709212 0.88678396 0.41805378
vn -0.17596324 0.8944754 0.4110361
vn -0.17596324 0.8944754 0.4110361
vn -0.36215526 0.8073994 0.4657787
vn -0.36215526 0.8073994 0.4657787
vn -0.17596324 0.8944754 0.4110361
vn -0.17596324 0.8944754 0.4110361
vn -0.17596324 0.8944754 0.4110361
vn -0.17596324 0.8944754 0.4110361
vn -0.21819408 0.8785673 0.4248657
vn -0.21819408 0.8785673 0.4248657
vn -0.26017267 0.8605957 0.4378187
vn -0.26017267 0.8605957 0.4378187
vn -0.30161136 0.8406617 0.4497982
vn -0.30161136 0.8406617 0.4497982
vn -0.3422328 0.8189063 0.46072683
vn -0.3422328 0.8189063 0.46072683
vn -0.36215526 0.8073994 0.4657787
vn -0.36215526 0.8073994 0.4657787
vn -0.26017267 0.8605957 0.4378187
vn -0.26017267 0.8605957 0.4378187
vn -0.26017267 0.8605957 0.4378187
vn -0.26017267 0.8605957 0.4378187
vn -0.26017267 0.8605957 0.4378187
vn -0.26017267 0.8605957 0.4378187
vn -0.26017267 0.8605957 0.4378187
vn -0.26017267 0.8605957 0.4378187
vn -0.26017267 0.8605957 0.4378187
vn -0.26017267 0.8605957 0.4378187
vn -0.26017267 0.8605957 0.4378187
vn -0.26017267 0.8605957 0.4378187
vn -0.26017267 0.8605957 0.4378187
vn -0.26017267 0.8605957 0.4378187
vn -0.62707347 -0.48680714 0.6081099
vn -0.19551808 -0.47818136 0.85622156
vn -0.19551808 -0.47818136 0.85622156
vn -0.62707347 -0.48680714 0.6081099
vn 0.3241797 -0.3295748 0.8867288
vn -0.8808625 -0.3911305 0.26664263
vn -0.8808625 -0.3911305 0.26664263
vn -0.19551808 -0.47818136 0.85622156
vn 0.3241797 -0.3295748 0.8867288
vn 0.3241797 -0.3295748 0.8867288
vn 0.73133963 -0.092142195 0.6757604
vn 0.73133963 -0.092142195 0.6757604
vn 0.93794554 0.16388677 0.30561283
vn 0.93794554 0.16388677 0.30561283
vn 0.93794554 0.16388677 0.30561283
vn 0.869392 0.4274073 -0.24795258
vn 0.869392 0.4274073 -0.24795258
vn 0.93794554 0.16388677 0.30561283
vn 0.869392 0.4274073 -0.24795258
vn 0.61560166 0.5230885 -0.5894175
vn 0.61560166 0.5230885 -0.5894175
vn 0.869392 0.4274073 -0.24795258
vn 0.18404621 0.5144627 -0.8375292
vn 0.18404621 0.5144627 -0.8375292
vn -0.62707347 -0.48680714 0.6081099
vn -0.62707347 -0.48680714 0.6081099
vn -0.8808625 -0.3911305 0.26664263
vn -0.8808625 -0.3911305 0.26664263
vn -0.8808625 -0.3911305 0.26664263
vn -0.8808625 -0.3911305 0.26664263
vn -0.9494174 -0.12760538 -0.28692046
vn -0.9494174 -0.12760538 -0.28692046
vn -0.7428116 0.12842359 -0.6570681
vn -0.7428116 0.12842359 -0.6570681
vn -0.7428116 0.12842359 -0.6570681
vn -0.7428116 0.12842359 -0.6570681
vn -0.33565155 0.36585617 -0.86803645
vn -0.33565155 0.36585617 -0.86803645
vn -0.19551808 -0.47818136 0.85622156
vn -0.19551808 -0.47818136 0.85622156
vn -0.62707347 -0.48680714 0.6081099
vn -0.62707347 -0.48680714 0.6081099
vn -0.8808625 -0.3911305 0.26664263
vn -0.8808625 -0.3911305 0.26664263
vn -0.19551808 -0.47818136 0.85622156
vn 0.3241797 -0.3295748 0.8867288
vn -0.19551808 -0.47818136 0.85622156
vn 0.3241797 -0.3295748 0.8867288
vn 0.73133963 -0.092142195 0.6757604
vn 0.73133963 -0.092142195 0.6757604
vn 0.93794554 0.16388677 0.30561283
vn 0.93794554 0.16388677 0.30561283
vn -0.26017267 0.8605957 0.4378187
vn -0.26017267 0.8605957 0.4378187
vn -0.26017267 0.8605957 0.4378187
vn -0.26017267 0.8605957 0.4378187
vn -0.26017267 0.8605957 0.4378187
vn -0.26017267 0.8605957 0.4378187
vn -0.26017267 0.8605957 0.4378187
vn -0.26017267 0.8605957 0.4378187
vn -0.26017267 0.8605957 0.4378187
vn -0.26017267 0.8605957 0.4378187
vn -0.26017267 0.8605957 0.4378187
vn -0.26017267 0.8605957 0.4378187
vn -0.26017267 0.8605957 0.4378187
vn -0.26017267 0.8605957 0.4378187
vn -0.8808625 -0.3911305 0.26664263
vn -0.8808625 -0.3911305 0.26664263
vn -0.9494174 -0.12760538 -0.28692046
vn -0.9494174 -0.12760538 -0.28692046
vn -0.7428116 0.12842359 -0.6570681
vn -0.7428116 0.12842359 -0.6570681
vn -0.7428116 0.12842359 -0.6570681
vn -0.7428116 0.12842359 -0.6570681
vn -0.33565155 0.36585617 -0.86803645
vn -0.33565155 0.36585617 -0.86803645
vn 0.18404621 0.5144627 -0.8375292
vn 0.18404621 0.5144627 -0.8375292
vn 0.93794554 0.16388677 0.30561283
vn 0.93794554 0.16388677 0.30561283
vn 0.869392 0.4274073 -0.24795258
vn 0.869392 0.4274073 -0.24795258
vn -0.8808625 -0.3911305 0.26664263
vn -0.9494174 -0.12760538 -0.28692046
vn -0.8808625 -0.3911305 0.26664263
vn -0.9494174 -0.12760538 -0.28692046
vn -0.74635386 0.6077762 -0.27122688
vn -0.74635386 0.6077762 -0.27122688
vn -0.74635386 0.6077762 -0.27122688
vn -0.74635386 0.6077762 -0.27122688
vn -0.41202143 0.5063118 0.75755316
vn -0.41202143 0.5063118 0.75755316
vn -0.41202143 0.5063118 0.75755316
vn -0.41202143 0.5063118 0.75755316
vn 0.32584321 -0.47581097 -0.8169639
vn 0.32584321 -0.47581097 -0.8169639
vn 0.32584321 -0.47581097 -0.8169639
vn 0.32584321 -0.47581097 -0.8169639
vn -0.2507015 -0.9125615 -0.32307953
vn -0.2507015 -0.9125615 -0.32307953
vn -0.2507015 -0.9125615 -0.32307953
vn -0.2507015 -0.9125615 -0.32307953
vn 0.18003733 0.9474049 0.2645949
vn 0.18003733 0.9474049 0.2645949
vn 0.18003733 0.9474049 0.2645949
vn 0.18003733 0.9474049 0.2645949
vn -0.64351493 0.110317424 0.7574421
vn -0.64351493 0.110317424 0.7574421
vn -0.64351493 0.110317424 0.7574421
vn -0.64351493 0.110317424 0.7574421
vn 0.18546209 0.77287084 0.6068562
vn 0.18546209 0.77287084 0.6068562
vn 0.18546209 0.77287084 0.6068562
vn 0.18546209 0.77287084 0.6068562
vn -0.25231123 -0.7962177 -0.5498877
vn -0.25231123 -0.7962177 -0.5498877
vn -0.25231123 -0.7962177 -0.5498877
vn -0.25231123 -0.7962177 -0.5498877
vn 0.40403876 -0.9115186 0.076723374
vn 0.40403876 -0.9115186 0.076723374
vn 0.40403876 -0.9115186 0.076723374
vn 0.40403876 -0.9115186 0.076723374
vn -0.4837352 0.8752109 -0.0024827076
vn -0.4837352 0.8752109 -0.0024827076
vn -0.4837352 0.8752109 -0.0024827076
vn -0.4837352 0.8752109 -0.0024827076
vn 0.42028674 0.42345646 0.8025234
vn 0.42028674 0.42345646 0.8025234
vn 0.42028674 0.42345646 0.8025234
vn 0.42028674 0.42345646 0.8025234
vn -0.06357415 0.9978256 0.017386314
vn -0.06357415 0.9978256 0.017386314
vn -0.06357415 0.9978256 0.017386314
vn -0.06357415 0.9978256 0.017386314
vn 0.13718224 -0.98857164 0.062506326
vn 0.13718224 -0.98857164 0.062506326
vn 0.13718224 -0.98857164 0.062506326
vn 0.13718224 -0.98857164 0.062506326
vn 0.71372694 -0.5518213 -0.4313782
vn 0.71372694 -0.5518213 -0.4313782
vn 0.71372694 -0.5518213 -0.4313782
vn 0.71372694 -0.5518213 -0.4313782
vn -0.65559334 0.5566073 0.5102801
vn -0.65559334 0.5566073 0.5102801
vn -0.65559334 0.5566073 0.5102801
vn -0.65559334 0.5566073 0.5102801
vn 0.31744787 0.92091525 -0.22614567
vn 0.31744787 0.92091525 -0.22614567
vn 0.31744787 0.92091525 -0.22614567
vn 0.31744787 0.92091525 -0.22614567
vn -0.6610577 0.7312665 0.16808324
vn -0.6610577 0.7312665 0.16808324
vn -0.6610577 0.7312665 0.16808324
vn -0.6610577 0.7312665 0.16808324
vn 0.7153367 -0.66816497 -0.20456997
vn 0.7153367 -0.66816497 -0.20456997
vn 0.7153367 -0.66816497 -0.20456997
vn 0.7153367 -0.66816497 -0.20456997
vn 0.058986712 -0.5528641 -0.83118105
vn 0.058986712 -0.5528641 -0.83118105
vn 0.058986712 -0.5528641 -0.83118105
vn 0.058986712 -0.5528641 -0.83118105
vn 0.008139629 0.62892646 0.77742213
vn 0.008139629 0.62892646 0.77742213
vn 0.008139629 0.62892646 0.77742213
vn 0.008139629 0.62892646 0.77742213
vn -0.7428116 0.12842359 -0.6570681
vn -0.7428116 0.12842359 -0.6570681
vn -0.7428116 0.12842359 -0.6570681
vn -0.7428116 0.12842359 -0.6570681
vn -0.7428116 0.12842359 -0.6570681
vn -0.7428116 0.12842359 -0.6570681
vn -0.26017267 0.8605957 0.4378187
vn -0.26017267 0.8605957 0.4378187
vn -0.26017267 0.8605957 0.4378187
vn -0.26017267 0.8605957 0.4378187
vn -0.26017267 0.8605957 0.4378187
vn -0.26017267 0.8605957 0.4378187
vn 0.73133963 -0.092142195 0.6757604
vn 0.73133963 -0.092142195 0.6757604
vn 0.73133963 -0.092142195 0.6757604
vn 0.73133963 -0.092142195 0.6757604
vn 0.73133963 -0.092142195 0.6757604
vn 0.73133963 -0.092142195 0.6757604
vn -0.62707347 -0.48680714 0.6081099
vn -0.62707347 -0.48680714 0.6081099
vn -0.62707347 -0.48680714 0.6081099
vn -0.62707347 -0.48680714 0.6081099
vn -0.62707347 -0.48680714 0.6081099
vn -0.62707347 -0.48680714 0.6081099
vn -0.19551808 -0.47818136 0.85622156
vn -0.19551808 -0.47818136 0.85622156
vn -0.19551808 -0.47818136 0.85622156
vn -0.19551808 -0.47818136 0.85622156
vn -0.26017267 0.8605957 0.4378187
vn -0.26017267 0.8605957 0.4378187
vn -0.26017267 0.8605957 0.4378187
vn -0.26017267 0.8605957 0.4378187
vn 0.18404621 0.5144627 -0.8375292
vn 0.18404621 0.5144627 -0.8375292
vn 0.18404621 0.5144627 -0.8375292
vn 0.18404621 0.5144627 -0.8375292
vn 0.93794554 0.16388677 0.30561283
vn 0.93794554 0.16388677 0.30561283
vn 0.93794554 0.16388677 0.30561283
vn 0.93794554 0.16388677 0.30561283
vn 0.869392 0.4274073 -0.24795258
vn 0.869392 0.4274073 -0.24795258
vn 0.869392 0.4274073 -0.24795258
vn 0.869392 0.4274073 -0.24795258
vn -0.26017267 0.8605957 0.4378187
vn -0.26017267 0.8605957 0.4378187
vn -0.26017267 0.8605957 0.4378187
vn -0.26017267 0.8605957 0.4378187
vn -0.33565155 0.36585617 -0.86803645
vn -0.33565155 0.36585617 -0.86803645
vn -0.33565155 0.36585617 -0.86803645
vn -0.33565155 0.36585617 -0.86803645
vn -0.7428116 0.12842359 -0.6570681
vn -0.7428116 0.12842359 -0.6570681
vn -0.7428116 0.12842359 -0.6570681
vn -0.7428116 0.12842359 -0.6570681
vn -0.7428116 0.12842359 -0.6570681
vn -0.7428116 0.12842359 -0.6570681
vn -0.26017267 0.8605957 0.4378187
vn -0.26017267 0.8605957 0.4378187
vn -0.26017267 0.8605957 0.4378187
vn -0.26017267 0.8605957 0.4378187
vn -0.26017267 0.8605957 0.4378187
vn -0.26017267 0.8605957 0.4378187
vn 0.73133963 -0.092142195 0.6757604
vn 0.73133963 -0.092142195 0.6757604
vn 0.73133963 -0.092142195 0.6757604
vn 0.73133963 -0.092142195 0.6757604
vn 0.73133963 -0.092142195 0.6757604
vn 0.73133963 -0.092142195 0.6757604
vn 0.2809772 -0.8508661 -0.44393542
vn 0.2809772 -0.8508661 -0.44393542
vn 0.2809772 -0.8508661 -0.44393542
vn 0.2809772 -0.8508661 -0.44393542
vn -0.62707347 -0.48680714 0.6081099
vn -0.62707347 -0.48680714 0.6081099
vn -0.62707347 -0.48680714 0.6081099
vn -0.62707347 -0.48680714 0.6081099
vn -0.62707347 -0.48680714 0.6081099
vn -0.62707347 -0.48680714 0.6081099
vn -0.8808625 -0.3911305 0.26664263
vn -0.8808625 -0.3911305 0.26664263
vn -0.8808625 -0.3911305 0.26664263
vn -0.8808625 -0.3911305 0.26664263
vn 0.59412247 0.59198475 -0.54458475
vn 0.8419248 0.49728742 -0.20944653
vn 0.7749646 0.63056827 -0.042586327
vn 0.49664983 0.74770904 -0.44076082
vn 0.8195873 0.42445913 0.38485196
vn 0.91077316 0.23752402 0.3377493
vn 0.5365838 0.84174246 0.0595618
vn 0.31744787 0.92091525 -0.22614567
vn 0.5930052 0.63937354 0.48943463
vn 0.18003733 0.9474049 0.2645949
vn 0.09563958 0.9857203 0.13859518
vn 0.21659715 0.83346736 0.5083481
vn 0.07925359 0.7353832 -0.6730011
vn -0.03200064 0.90853554 -0.41658035
vn -0.15805425 0.9872273 -0.020026917
vn 0.16221917 0.584458 -0.79504323
vn 0.91077316 0.23752402 0.3377493
vn 0.6032868 0.15087546 0.7831231
vn 0.8195873 0.42445913 0.38485196
vn 0.7053832 -0.018475229 0.70858544
vn 0.42028674 0.42345646 0.8025234
vn 0.5930052 0.63937354 0.48943463
vn 0.1063956 0.6933255 0.71272695
vn 0.21659715 0.83346736 0.5083481
vn 0.22739263 -0.06509628 0.97162503
vn 0.35596424 -0.23047802 0.9056321
vn 0.09177718 0.23443887 0.96778893
vn -0.081081025 0.5857864 0.8063995
vn -0.27513573 -0.12347618 0.9534432
vn 0.22739263 -0.06509628 0.97162503
vn -0.29406643 0.12269718 0.9478767
vn -0.3175413 0.51691 0.79496634
vn -0.081081025 0.5857864 0.8063995
vn -0.27513573 -0.12347618 0.9534432
vn -0.64351493 0.110317424 0.7574421
vn -0.29406643 0.12269718 0.9478767
vn -0.66504455 -0.21513735 0.7151446
vn -0.70981133 -0.39970255 0.58000505
vn -0.5712351 0.5184171 0.6363443
vn -0.3175413 0.51691 0.79496634
vn -0.86206543 0.18763906 0.4707809
vn -0.65559334 0.5566073 0.5102801
vn -0.9190724 0.39185914 0.041861854
vn -0.69219273 0.67067 0.2665914
vn -0.89897025 -0.31687325 0.30239686
vn -0.94335926 -0.09799658 0.31697008
vn -0.9679971 -0.056545343 -0.24450815
vn -0.98798203 0.108112484 -0.11046826
vn 0.09563958 0.9857203 0.13859518
vn 0.18003733 0.9474049 0.2645949
vn -0.26017267 0.8605957 0.4378187
vn 0.21659715 0.83346736 0.5083481
vn 0.1063956 0.6933255 0.71272695
vn -0.081081025 0.5857864 0.8063995
vn -0.15805425 0.9872273 -0.020026917
vn -0.3945146 0.918351 -0.031460073
vn -0.5819912 0.8108118 0.062212516
vn -0.69219273 0.67067 0.2665914
vn -0.65559334 0.5566073 0.5102801
vn -0.5712351 0.5184171 0.6363443
vn -0.3175413 0.51691 0.79496634
vn -0.081081025 0.5857864 0.8063995
vn -0.03200064 0.90853554 -0.41658035
vn -0.15805425 0.9872273 -0.020026917
vn -0.3945146 0.918351 -0.031460073
vn -0.41784433 0.7967938 -0.4364925
vn -0.5819912 0.8108118 0.062212516
vn -0.74635386 0.6077762 -0.27122688
vn -0.69219273 0.67067 0.2665914
vn -0.9190724 0.39185914 0.041861854
vn 0.07925359 0.7353832 -0.6730011
vn -0.3957873 0.59766793 -0.6972413
vn 0.16221917 0.584458 -0.79504323
vn -0.35653427 0.43642536 -0.82608485
vn -0.7716815 0.38169616 -0.50873935
vn -0.35653427 0.43642536 -0.82608485
vn -0.76260716 0.1994539 -0.6153443
vn -0.98798203 0.108112484 -0.11046826
vn -0.9679971 -0.056545343 -0.24450815
vn 0.4085887 -0.6854261 -0.60269916
vn 0.4085887 -0.6854261 -0.60269916
vn 0.4085887 -0.6854261 -0.60269916
vn 0.4085887 -0.6854261 -0.60269916
vn 0.83307993 -0.17883953 0.52344465
vn 0.83307993 -0.17883953 0.52344465
vn 0.87304205 0.16277683 0.45967534
vn 0.85783315 0.19987804 0.47346708
vn 0.83307993 -0.17883953 0.52344465
vn 0.83307993 -0.17883953 0.52344465
vn 0.93026596 -0.018201841 0.3664342
vn 0.8717123 0.10306582 0.47905642
vn -0.86802495 -0.044448882 -0.49452704
vn -0.86802495 -0.044448882 -0.49452704
vn -0.86802495 -0.044448882 -0.49452704
vn -0.86802495 -0.044448882 -0.49452704
vn -0.86802495 -0.044448882 -0.49452704
vn -0.86802495 -0.044448882 -0.49452704
vn -0.86802495 -0.044448882 -0.49452704
vn -0.86802495 -0.044448882 -0.49452704
vn -0.45128337 -0.18307383 0.87339985
vn -0.45128337 -0.18307383 0.87339985
vn -0.501542 0.26420566 0.82380277
vn -0.48214668 0.3043263 0.82153517
vn -0.40441734 0.5477525 0.7324028
vn -0.40441734 0.5477525 0.7324028
vn 0.17952156 -0.9617347 -0.20697446
vn 0.06357415 -0.9978256 -0.017386314
vn 0.09931841 -0.9886841 -0.11242601
vn 0.028982667 -0.99891305 -0.03650509
vn 0.028982667 -0.99891305 -0.03650509
vn 0.3364887 -0.6395563 -0.6911896
vn 0.3364887 -0.6395563 -0.6911896
vn 0.2524411 -0.6120885 -0.7494139
vn 0.2261809 -0.6189977 -0.7521197
vn 0.17602453 -0.6346821 -0.7524587
vn 0.17602453 -0.6346821 -0.7524587
vn 0.9653352 -0.12858693 0.22714189
vn 0.9634247 -0.24738768 0.10301597
vn 0.9634247 -0.24738768 0.10301597
vn 0.93026596 -0.018201841 0.3664342
vn -0.56857276 0.5652685 0.5976591
vn -0.58963877 0.6292913 0.50627905
vn -0.58963877 0.6292913 0.50627905
vn -0.56857276 0.5652685 0.5976591
vn -0.2261809 0.6189977 0.7521197
vn -0.2261809 0.6189977 0.7521197
vn -0.2261809 0.6189977 0.7521197
vn -0.2261809 0.6189977 0.7521197
vn 0.07572788 0.57618016 0.81380695
vn 0.07572788 0.57618016 0.81380695
vn -0.031361595 0.9775255 -0.20847142
vn -0.031361595 0.9775255 -0.20847142
vn -0.027819317 0.9863863 -0.16207457
vn -0.027819317 0.9863863 -0.16207457
vn 0.11941196 0.9897559 -0.07825616
vn 0.11941196 0.9897559 -0.07825616
vn 0.38204882 0.91071635 0.15695336
vn 0.38204882 0.91071635 0.15695336
vn -0.19632447 -0.8746833 0.4431543
vn -0.1494039 -0.9107963 0.38487467
vn -0.14678748 -0.9275289 0.3437202
vn -0.14678748 -0.9275289 0.3437202
vn -0.14678748 -0.9275289 0.3437202
vn 0.93026596 -0.018201841 0.3664342
vn 0.8717123 0.10306582 0.47905642
vn 0.86802495 0.044448882 0.49452704
vn 0.9653352 -0.12858693 0.22714189
vn -0.04908622 0.80500424 0.59123486
vn -0.04908622 0.80500424 0.59123486
vn -0.04908622 0.80500424 0.59123486
vn -0.04908622 0.80500424 0.59123486
vn -0.9872566 -0.02917077 0.15644027
vn -0.9872566 -0.02917077 0.15644027
vn -0.9872566 -0.02917077 0.15644027
vn -0.9872566 -0.02917077 0.15644027
vn 0.04908622 -0.80500424 -0.59123486
vn 0.04908622 -0.80500424 -0.59123486
vn 0.04908622 -0.80500424 -0.59123486
vn 0.04908622 -0.80500424 -0.59123486
vn 0.9872566 0.02917077 -0.15644027
vn 0.9872566 0.02917077 -0.15644027
vn 0.9872566 0.02917077 -0.15644027
vn 0.9872566 0.02917077 -0.15644027
vn 0.2470435 -0.8162657 0.5221876
vn 0.2470435 -0.8162657 0.5221876
vn 0.2470435 -0.8162657 0.5221876
vn 0.2470435 -0.8162657 0.5221876
vn 0.2470435 -0.8162657 0.5221876
vn 0.2470435 -0.8162657 0.5221876
vn 0.2470435 -0.8162657 0.5221876
vn -0.04908622 0.80500424 0.59123486
vn -0.04908622 0.80500424 0.59123486
vn -0.04908622 0.80500424 0.59123486
vn -0.04908622 0.80500424 0.59123486
vn -0.7813907 -0.56120205 -0.27291158
vn -0.7813907 -0.56120205 -0.27291158
vn -0.7813907 -0.56120205 -0.27291158
vn -0.7813907 -0.56120205 -0.27291158
vn 0.74123496 -0.4396954 -0.50718695
vn 0.74123496 -0.4396954 -0.50718695
vn 0.74123496 -0.4396954 -0.50718695
vn 0.74123496 -0.4396954 -0.50718695
vn -0.9657604 -0.25440684 -0.05083206
vn -0.9657604 -0.25440684 -0.05083206
vn -0.9657604 -0.25440684 -0.05083206
vn -0.9657604 -0.25440684 -0.05083206
vn -0.9657604 -0.25440684 -0.05083206
vn -0.9657604 -0.25440684 -0.05083206
vn 0.2441618 -0.7939541 0.55679613
vn 0.2441618 -0.7939541 0.55679613
vn 0.29699618 -0.9297943 0.2174301
vn 0.29699618 -0.9297943 0.2174301
vn 0.239233 -0.8698341 -0.43145826
vn 0.239233 -0.8698341 -0.43145826
vn 0.9542886 0.29068825 0.06952443
vn 0.9542886 0.29068825 0.06952443
vn 0.9542886 0.29068825 0.06952443
vn 0.9542886 0.29068825 0.06952443
vn 0.9542886 0.29068825 0.06952443
vn 0.9542886 0.29068825 0.06952443
vn -0.2441618 0.7939541 -0.55679613
vn -0.2441618 0.7939541 -0.55679613
vn -0.2441618 0.7939541 -0.55679613
vn -0.2441618 0.7939541 -0.55679613
vn -0.24630244 0.75864863 0.60314786
vn -0.20072727 0.6265436 0.7530948
vn -0.20072727 0.6265436 0.7530948
vn -0.24630244 0.75864863 0.60314786
vn -0.2809772 0.8508661 0.44393542
vn -0.2809772 0.8508661 0.44393542
vn 0.24630244 -0.75864863 -0.60314786
vn 0.239233 -0.8698341 -0.43145826
vn 0.239233 -0.8698341 -0.43145826
vn 0.24630244 -0.75864863 -0.60314786
vn -0.13756694 0.7465905 -0.65090543
vn -0.13756694 0.7465905 -0.65090543
vn -0.13756694 0.7465905 -0.65090543
vn -0.13756694 0.7465905 -0.65090543
vn -0.7762931 -0.59897214 -0.19647226
vn -0.7762931 -0.59897214 -0.19647226
vn -0.7762931 -0.59897214 -0.19647226
vn -0.7762931 -0.59897214 -0.19647226
vn 0.13756694 -0.7465905 0.65090543
vn 0.13756694 -0.7465905 0.65090543
vn 0.13756694 -0.7465905 0.65090543
vn 0.13756694 -0.7465905 0.65090543
vn 0.7762931 0.59897214 0.19647226
vn 0.7762931 0.59897214 0.19647226
vn 0.7762931 0.59897214 0.19647226
vn 0.7762931 0.59897214 0.19647226
vn -0.3598865 0.7422243 0.56531835
vn -0.3598865 0.7422243 0.56531835
vn -0.3598865 0.7422243 0.56531835
vn -0.3598865 0.7422243 0.56531835
vn -0.3598865 0.7422243 0.56531835
vn -0.3598865 0.7422243 0.56531835
vn -0.3598865 0.7422243 0.56531835
vn -0.3598865 0.7422243 0.56531835
vn -0.13756694 0.7465905 -0.65090543
vn -0.13756694 0.7465905 -0.65090543
vn -0.13756694 0.7465905 -0.65090543
vn -0.13756694 0.7465905 -0.65090543
vn -0.7762931 -0.59897214 -0.19647226
vn -0.7762931 -0.59897214 -0.19647226
vn -0.7762931 -0.59897214 -0.19647226
vn -0.7762931 -0.59897214 -0.19647226
vn 0.13756694 -0.7465905 0.65090543
vn 0.13756694 -0.7465905 0.65090543
vn 0.13756694 -0.7465905 0.65090543
vn 0.13756694 -0.7465905 0.65090543
vn 0.7762931 0.59897214 0.19647226
vn 0.7762931 0.59897214 0.19647226
vn 0.7762931 0.59897214 0.19647226
vn 0.7762931 0.59897214 0.19647226
g combined_scrappile_02-mesh_0
f 3/3/3 2/2/2 1/1/1
f 4/4/4 3/3/3 1/1/1
f 7/7/7 6/6/6 5/5/5
f 8/8/8 7/7/7 5/5/5
f 8/8/8 5/5/5 9/9/9
f 12/12/12 11/11/11 10/10/10
f 15/15/15 14/14/14 13/13/13
f 16/16/16 15/15/15 13/13/13
f 19/19/19 18/18/18 17/17/17
f 20/20/20 19/19/19 17/17/17
f 23/23/23 22/22/22 21/21/21
f 24/24/24 23/23/23 21/21/21
f 27/27/27 26/26/26 25/25/25
f 28/28/28 27/27/27 25/25/25
f 25/25/25 26/26/26 29/29/29
f 26/26/26 30/30/30 29/29/29
f 33/33/33 32/32/32 31/31/31
f 34/34/34 33/33/33 31/31/31
f 37/37/37 36/36/36 35/35/35
f 38/38/38 37/37/37 35/35/35
f 41/41/41 40/40/40 39/39/39
f 42/42/42 41/41/41 39/39/39
f 45/45/45 44/44/44 43/43/43
f 46/46/46 45/45/45 43/43/43
f 49/49/49 48/48/48 47/47/47
f 50/50/50 49/49/49 47/47/47
f 49/49/49 50/50/50 51/51/51
f 50/50/50 52/52/52 51/51/51
f 52/52/52 53/53/53 51/51/51
f 53/53/53 54/54/54 51/51/51
f 57/57/57 56/56/56 55/55/55
f 58/58/58 57/57/57 55/55/55
f 56/56/56 57/57/57 59/59/59
f 57/57/57 60/60/60 59/59/59
f 63/63/63 62/62/62 61/61/61
f 64/64/64 63/63/63 61/61/61
f 67/67/67 66/66/66 65/65/65
f 68/68/68 67/67/67 65/65/65
f 71/71/71 70/70/70 69/69/69
f 72/72/72 71/71/71 69/69/69
f 69/69/69 70/70/70 73/73/73
f 74/74/74 69/69/69 73/73/73
f 73/73/73 75/75/75 74/74/74
f 75/75/75 76/76/76 74/74/74
f 76/76/76 75/75/75 77/77/77
f 78/78/78 76/76/76 77/77/77
f 81/81/81 80/80/80 79/79/79
f 80/80/80 82/82/82 79/79/79
f 82/82/82 80/80/80 83/83/83
f 84/84/84 82/82/82 83/83/83
f 83/83/83 85/85/85 84/84/84
f 85/85/85 86/86/86 84/84/84
f 86/86/86 85/85/85 87/87/87
f 88/88/88 86/86/86 87/87/87
f 91/91/91 90/90/90 89/89/89
f 92/92/92 91/91/91 89/89/89
f 95/95/95 94/94/94 93/93/93
f 96/96/96 95/95/95 93/93/93
f 99/99/99 98/98/98 97/97/97
f 100/100/100 99/99/99 97/97/97
f 103/103/103 102/102/102 101/101/101
f 104/104/104 103/103/103 101/101/101
f 107/107/107 106/106/106 105/105/105
f 108/108/108 107/107/107 105/105/105
f 111/111/111 110/110/110 109/109/109
f 112/112/112 111/111/111 109/109/109
f 113/113/113 111/111/111 112/112/112
f 113/113/113 114/114/114 111/111/111
f 114/114/114 115/115/115 111/111/111
f 116/116/116 115/115/115 114/114/114
f 117/117/117 115/115/115 116/116/116
f 118/118/118 117/117/117 116/116/116
f 121/121/121 120/120/120 119/119/119
f 122/122/122 121/121/121 119/119/119
f 125/125/125 124/124/124 123/123/123
f 126/126/126 125/125/125 123/123/123
f 129/129/129 128/128/128 127/127/127
f 130/130/130 129/129/129 127/127/127
f 133/133/133 132/132/132 131/131/131
f 134/134/134 133/133/133 131/131/131
f 137/137/137 136/136/136 135/135/135
f 138/138/138 137/137/137 135/135/135
f 137/137/137 139/139/139 136/136/136
f 139/139/139 137/137/137 140/140/140
f 141/141/141 139/139/139 140/140/140
f 140/140/140 142/142/142 141/141/141
f 140/140/140 143/143/143 142/142/142
f 143/143/143 144/144/144 142/142/142
f 147/147/147 146/146/146 145/145/145
f 148/148/148 147/147/147 145/145/145
f 151/151/151 150/150/150 149/149/149
f 152/152/152 151/151/151 149/149/149
f 151/151/151 152/152/152 153/153/153
f 152/152/152 154/154/154 153/153/153
f 155/155/155 149/149/149 150/150/150
f 156/156/156 155/155/155 150/150/150
f 159/159/159 158/158/158 157/157/157
f 160/160/160 159/159/159 157/157/157
f 163/163/163 162/162/162 161/161/161
f 164/164/164 163/163/163 161/161/161
f 167/167/167 166/166/166 165/165/165
f 168/168/168 167/167/167 165/165/165
f 171/171/171 170/170/170 169/169/169
f 172/172/172 171/171/171 169/169/169
f 169/169/169 170/170/170 173/173/173
f 174/174/174 169/169/169 173/173/173
f 174/174/174 173/173/173 175/175/175
f 173/173/173 176/176/176 175/175/175
f 179/179/179 178/178/178 177/177/177
f 180/180/180 179/179/179 177/177/177
f 183/183/183 182/182/182 181/181/181
f 184/184/184 183/183/183 181/181/181
f 185/185/185 182/182/182 183/183/183
f 186/186/186 185/185/185 183/183/183
f 186/186/186 187/187/187 185/185/185
f 187/187/187 188/188/188 185/185/185
f 191/191/191 190/190/190 189/189/189
f 189/189/189 190/190/190 192/192/192
f 193/193/193 189/189/189 192/192/192
f 193/193/193 192/192/192 194/194/194
f 192/192/192 195/195/195 194/194/194
f 198/198/198 197/197/197 196/196/196
f 199/199/199 198/198/198 196/196/196
f 202/202/202 201/201/201 200/200/200
f 201/201/201 203/203/203 200/200/200
f 206/206/206 205/205/205 204/204/204
f 207/207/207 206/206/206 204/204/204
f 210/210/210 209/209/209 208/208/208
f 211/211/211 210/210/210 208/208/208
f 214/214/214 213/213/213 212/212/212
f 215/215/215 214/214/214 212/212/212
f 218/218/218 217/217/217 216/216/216
f 219/219/219 218/218/218 216/216/216
f 222/222/222 221/221/221 220/220/220
f 222/222/222 220/220/220 223/223/223
f 220/220/220 224/224/224 223/223/223
f 225/225/225 223/223/223 224/224/224
f 226/226/226 225/225/225 224/224/224
f 229/229/229 228/228/228 227/227/227
f 230/230/230 228/228/228 229/229/229
f 230/230/230 231/231/231 228/228/228
f 234/234/234 233/233/233 232/232/232
f 235/235/235 234/234/234 232/232/232
f 238/238/238 237/237/237 236/236/236
f 239/239/239 238/238/238 236/236/236
f 239/239/239 236/236/236 240/240/240
f 241/241/241 239/239/239 240/240/240
f 244/244/244 243/243/243 242/242/242
f 245/245/245 244/244/244 242/242/242
f 248/248/248 247/247/247 246/246/246
f 249/249/249 248/248/248 246/246/246
f 252/252/252 251/251/251 250/250/250
f 252/252/252 253/253/253 251/251/251
f 254/254/254 253/253/253 252/252/252
f 257/257/257 256/256/256 255/255/255
f 258/258/258 257/257/257 255/255/255
f 261/261/261 260/260/260 259/259/259
f 262/262/262 261/261/261 259/259/259
f 265/265/265 264/264/264 263/263/263
f 266/266/266 265/265/265 263/263/263
f 269/269/269 268/268/268 267/267/267
f 270/270/270 269/269/269 267/267/267
f 273/273/273 272/272/272 271/271/271
f 274/274/274 272/272/272 273/273/273
f 275/275/275 274/274/274 273/273/273
f 276/276/276 274/274/274 275/275/275
f 277/277/277 276/276/276 275/275/275
f 271/271/271 272/272/272 277/277/277
f 280/280/280 279/279/279 278/278/278
f 283/283/283 282/282/282 281/281/281
f 284/284/284 283/283/283 281/281/281
f 287/287/287 286/286/286 285/285/285
f 288/288/288 287/287/287 285/285/285
f 291/291/291 290/290/290 289/289/289
f 292/292/292 291/291/291 289/289/289
f 295/295/295 294/294/294 293/293/293
f 296/296/296 295/295/295 293/293/293
f 299/299/299 298/298/298 297/297/297
f 300/300/300 299/299/299 297/297/297
f 303/303/303 302/302/302 301/301/301
f 304/304/304 303/303/303 301/301/301
f 307/307/307 306/306/306 305/305/305
f 308/308/308 307/307/307 305/305/305
f 311/311/311 310/310/310 309/309/309
f 312/312/312 310/310/310 311/311/311
f 313/313/313 312/312/312 311/311/311
f 314/314/314 312/312/312 313/313/313
f 315/315/315 314/314/314 313/313/313
f 310/310/310 314/314/314 315/315/315
f 309/309/309 310/310/310 315/315/315
f 318/318/318 317/317/317 316/316/316
f 319/319/319 318/318/318 316/316/316
f 322/322/322 321/321/321 320/320/320
f 323/323/323 322/322/322 320/320/320
f 326/326/326 325/325/325 324/324/324
f 327/327/327 326/326/326 324/324/324
f 330/330/330 329/329/329 328/328/328
f 331/331/331 329/329/329 330/330/330
f 331/331/331 332/332/332 329/329/329
f 335/335/335 334/334/334 333/333/333
f 336/336/336 335/335/335 333/333/333
f 339/339/339 338/338/338 337/337/337
f 340/340/340 339/339/339 337/337/337
f 340/340/340 337/337/337 341/341/341
f 342/342/342 340/340/340 341/341/341
f 345/345/345 344/344/344 343/343/343
f 346/346/346 345/345/345 343/343/343
f 349/349/349 348/348/348 347/347/347
f 350/350/350 349/349/349 347/347/347
f 353/353/353 352/352/352 351/351/351
f 353/353/353 354/354/354 352/352/352
f 355/355/355 354/354/354 353/353/353
f 358/358/358 357/357/357 356/356/356
f 359/359/359 358/358/358 356/356/356
f 362/362/362 361/361/361 360/360/360
f 363/363/363 362/362/362 360/360/360
f 366/366/366 365/365/365 364/364/364
f 367/367/367 366/366/366 364/364/364
f 370/370/370 369/369/369 368/368/368
f 371/371/371 370/370/370 368/368/368
f 374/374/374 373/373/373 372/372/372
f 375/375/375 374/374/374 372/372/372
f 378/378/378 377/377/377 376/376/376
f 379/379/379 378/378/378 376/376/376
f 382/382/382 381/381/381 380/380/380
f 383/383/383 382/382/382 380/380/380
f 381/381/381 384/384/384 380/380/380
f 384/384/384 385/385/385 380/380/380
f 388/388/388 387/387/387 386/386/386
f 389/389/389 388/388/388 386/386/386
f 392/392/392 391/391/391 390/390/390
f 393/393/393 392/392/392 390/390/390
f 396/396/396 395/395/395 394/394/394
f 397/397/397 396/396/396 394/394/394
f 400/400/400 399/399/399 398/398/398
f 401/401/401 400/400/400 398/398/398
f 404/404/404 403/403/403 402/402/402
f 405/405/405 404/404/404 402/402/402
f 404/404/404 406/406/406 403/403/403
f 406/406/406 407/407/407 403/403/403
f 406/406/406 408/408/408 407/407/407
f 408/408/408 409/409/409 407/407/407
f 405/405/405 402/402/402 409/409/409
f 408/408/408 405/405/405 409/409/409
f 412/412/412 411/411/411 410/410/410
f 413/413/413 412/412/412 410/410/410
f 416/416/416 415/415/415 414/414/414
f 417/417/417 416/416/416 414/414/414
f 420/420/420 419/419/419 418/418/418
f 421/421/421 420/420/420 418/418/418
f 424/424/424 423/423/423 422/422/422
f 425/425/425 424/424/424 422/422/422
f 428/428/428 427/427/427 426/426/426
f 429/429/429 428/428/428 426/426/426
f 432/432/432 431/431/431 430/430/430
f 433/433/433 432/432/432 430/430/430
f 436/436/436 435/435/435 434/434/434
f 437/437/437 436/436/436 434/434/434
f 440/440/440 439/439/439 438/438/438
f 441/441/441 440/440/440 438/438/438
f 444/444/444 443/443/443 442/442/442
f 445/445/445 444/444/444 442/442/442
f 448/448/448 447/447/447 446/446/446
f 449/449/449 448/448/448 446/446/446
f 452/452/452 451/451/451 450/450/450
f 453/453/453 452/452/452 450/450/450
f 454/454/454 453/453/453 450/450/450
f 455/455/455 454/454/454 450/450/450
f 458/458/458 457/457/457 456/456/456
f 459/459/459 458/458/458 456/456/456
f 462/462/462 461/461/461 460/460/460
f 463/463/463 462/462/462 460/460/460
f 466/466/466 465/465/465 464/464/464
f 467/467/467 466/466/466 464/464/464
f 470/470/470 469/469/469 468/468/468
f 471/471/471 470/470/470 468/468/468
f 474/474/474 473/473/473 472/472/472
f 475/475/475 474/474/474 472/472/472
f 474/474/474 476/476/476 473/473/473
f 476/476/476 477/477/477 473/473/473
f 476/476/476 478/478/478 477/477/477
f 475/475/475 472/472/472 478/478/478
f 476/476/476 475/475/475 478/478/478
f 481/481/481 480/480/480 479/479/479
f 482/482/482 481/481/481 479/479/479
f 485/485/485 484/484/484 483/483/483
f 486/486/486 485/485/485 483/483/483
f 489/489/489 488/488/488 487/487/487
f 490/490/490 489/489/489 487/487/487
f 493/493/493 492/492/492 491/491/491
f 494/494/494 493/493/493 491/491/491
f 497/497/497 496/496/496 495/495/495
f 498/498/498 497/497/497 495/495/495
f 498/498/498 499/499/499 497/497/497
f 499/499/499 500/500/500 497/497/497
f 503/503/503 502/502/502 501/501/501
f 504/504/504 503/503/503 501/501/501
f 507/507/507 506/506/506 505/505/505
f 508/508/508 507/507/507 505/505/505
f 511/511/511 510/510/510 509/509/509
f 512/512/512 511/511/511 509/509/509
f 513/513/513 510/510/510 511/511/511
f 514/514/514 513/513/513 511/511/511
f 514/514/514 515/515/515 513/513/513
f 515/515/515 516/516/516 513/513/513
f 519/519/519 518/518/518 517/517/517
f 520/520/520 519/519/519 517/517/517
f 521/521/521 518/518/518 519/519/519
f 522/522/522 521/521/521 519/519/519
f 522/522/522 523/523/523 521/521/521
f 523/523/523 524/524/524 521/521/521
f 527/527/527 526/526/526 525/525/525
f 528/528/528 527/527/527 525/525/525
f 525/525/525 526/526/526 529/529/529
f 530/530/530 525/525/525 529/529/529
f 530/530/530 529/529/529 531/531/531
f 529/529/529 532/532/532 531/531/531
f 535/535/535 534/534/534 533/533/533
f 536/536/536 535/535/535 533/533/533
f 533/533/533 537/537/537 536/536/536
f 537/537/537 538/538/538 536/536/536
f 541/541/541 540/540/540 539/539/539
f 542/542/542 541/541/541 539/539/539
f 540/540/540 541/541/541 543/543/543
f 541/541/541 544/544/544 543/543/543
f 547/547/547 546/546/546 545/545/545
f 548/548/548 547/547/547 545/545/545
f 549/549/549 545/545/545 546/546/546
f 550/550/550 549/549/549 546/546/546
f 553/553/553 552/552/552 551/551/551
f 554/554/554 553/553/553 551/551/551
f 557/557/557 556/556/556 555/555/555
f 558/558/558 557/557/557 555/555/555
f 555/555/555 556/556/556 559/559/559
f 556/556/556 560/560/560 559/559/559
f 563/563/563 562/562/562 561/561/561
f 564/564/564 563/563/563 561/561/561
f 567/567/567 566/566/566 565/565/565
f 567/567/567 565/565/565 568/568/568
f 565/565/565 569/569/569 568/568/568
f 570/570/570 568/568/568 569/569/569
f 571/571/571 570/570/570 569/569/569
f 574/574/574 573/573/573 572/572/572
f 575/575/575 574/574/574 572/572/572
f 574/574/574 575/575/575 576/576/576
f 577/577/577 574/574/574 576/576/576
f 578/578/578 577/577/577 576/576/576
f 579/579/579 578/578/578 576/576/576
f 582/582/582 581/581/581 580/580/580
f 583/583/583 582/582/582 580/580/580
f 586/586/586 585/585/585 584/584/584
f 587/587/587 586/586/586 584/584/584
f 587/587/587 584/584/584 588/588/588
f 589/589/589 587/587/587 588/588/588
f 592/592/592 591/591/591 590/590/590
f 590/590/590 591/591/591 593/593/593
f 594/594/594 590/590/590 593/593/593
f 594/594/594 593/593/593 595/595/595
f 593/593/593 596/596/596 595/595/595
f 599/599/599 598/598/598 597/597/597
f 600/600/600 599/599/599 597/597/597
f 603/603/603 602/602/602 601/601/601
f 604/604/604 603/603/603 601/601/601
f 607/607/607 606/606/606 605/605/605
f 608/608/608 607/607/607 605/605/605
f 611/611/611 610/610/610 609/609/609
f 612/612/612 611/611/611 609/609/609
f 615/615/615 614/614/614 613/613/613
f 615/615/615 616/616/616 614/614/614
f 616/616/616 617/617/617 614/614/614
f 616/616/616 618/618/618 617/617/617
f 618/618/618 619/619/619 617/617/617
f 615/615/615 613/613/613 619/619/619
f 618/618/618 615/615/615 619/619/619
f 622/622/622 621/621/621 620/620/620
f 623/623/623 622/622/622 620/620/620
f 626/626/626 625/625/625 624/624/624
f 627/627/627 626/626/626 624/624/624
f 630/630/630 629/629/629 628/628/628
f 631/631/631 630/630/630 628/628/628
f 634/634/634 633/633/633 632/632/632
f 634/634/634 635/635/635 633/633/633
f 636/636/636 635/635/635 634/634/634
f 639/639/639 638/638/638 637/637/637
f 640/640/640 639/639/639 637/637/637
f 643/643/643 642/642/642 641/641/641
f 644/644/644 643/643/643 641/641/641
f 647/647/647 646/646/646 645/645/645
f 648/648/648 647/647/647 645/645/645
f 651/651/651 650/650/650 649/649/649
f 652/652/652 651/651/651 649/649/649
f 655/655/655 654/654/654 653/653/653
f 656/656/656 655/655/655 653/653/653
f 659/659/659 658/658/658 657/657/657
f 660/660/660 658/658/658 659/659/659
f 660/660/660 661/661/661 658/658/658
f 664/664/664 663/663/663 662/662/662
f 665/665/665 664/664/664 662/662/662
f 665/665/665 667/667/667 666/666/666
f 668/668/668 665/665/665 666/666/666
f 667/667/667 670/670/670 669/669/669
f 671/671/671 667/667/667 669/669/669
f 670/670/670 673/673/673 672/672/672
f 674/674/674 670/670/670 672/672/672
f 677/677/677 676/676/676 675/675/675
f 678/678/678 677/677/677 675/675/675
f 680/680/680 677/677/677 679/679/679
f 681/681/681 680/680/680 679/679/679
f 683/683/683 680/680/680 682/682/682
f 684/684/684 683/683/683 682/682/682
f 686/686/686 683/683/683 685/685/685
f 687/687/687 686/686/686 685/685/685
f 690/690/690 689/689/689 688/688/688
f 691/691/691 690/690/690 688/688/688
f 693/693/693 690/690/690 692/692/692
f 694/694/694 693/693/693 692/692/692
f 697/697/697 696/696/696 695/695/695
f 696/696/696 698/698/698 695/695/695
f 699/699/699 697/697/697 695/695/695
f 700/700/700 699/699/699 695/695/695
f 698/698/698 701/701/701 695/695/695
f 701/701/701 702/702/702 695/695/695
f 702/702/702 703/703/703 695/695/695
f 703/703/703 700/700/700 695/695/695
f 696/696/696 697/697/697 704/704/704
f 705/705/705 704/704/704 697/697/697
f 706/706/706 696/696/696 704/704/704
f 698/698/698 696/696/696 706/706/706
f 707/707/707 698/698/698 706/706/706
f 701/701/701 698/698/698 707/707/707
f 702/702/702 701/701/701 708/708/708
f 708/708/708 701/701/701 707/707/707
f 709/709/709 702/702/702 708/708/708
f 710/710/710 702/702/702 709/709/709
f 703/703/703 702/702/702 710/710/710
f 711/711/711 703/703/703 710/710/710
f 700/700/700 703/703/703 711/711/711
f 699/699/699 700/700/700 712/712/712
f 712/712/712 700/700/700 711/711/711
f 713/713/713 699/699/699 712/712/712
f 697/697/697 699/699/699 713/713/713
f 705/705/705 697/697/697 713/713/713
f 716/716/716 715/715/715 714/714/714
f 719/719/719 718/718/718 717/717/717
f 721/721/721 720/720/720 719/719/719
f 721/721/721 722/722/722 720/720/720
f 719/719/719 720/720/720 723/723/723
f 720/720/720 724/724/724 723/723/723
f 727/727/727 726/726/726 725/725/725
f 728/728/728 727/727/727 725/725/725
f 725/725/725 726/726/726 729/729/729
f 727/727/727 728/728/728 730/730/730
f 731/731/731 729/729/729 726/726/726
f 732/732/732 729/729/729 731/731/731
f 732/732/732 731/731/731 733/733/733
f 732/732/732 733/733/733 734/734/734
f 734/734/734 733/733/733 735/735/735
f 736/736/736 734/734/734 735/735/735
f 737/737/737 736/736/736 735/735/735
f 738/738/738 737/737/737 735/735/735
f 739/739/739 737/737/737 738/738/738
f 740/740/740 735/735/735 733/733/733
f 741/741/741 740/740/740 733/733/733
f 731/731/731 726/726/726 742/742/742
f 743/743/743 731/731/731 742/742/742
f 746/746/746 745/745/745 744/744/744
f 747/747/747 746/746/746 744/744/744
f 750/750/750 749/749/749 748/748/748
f 751/751/751 749/749/749 750/750/750
f 752/752/752 751/751/751 750/750/750
f 751/751/751 752/752/752 753/753/753
f 752/752/752 754/754/754 753/753/753
f 755/755/755 749/749/749 751/751/751
f 756/756/756 755/755/755 751/751/751
f 759/759/759 758/758/758 757/757/757
f 762/762/762 761/761/761 760/760/760
f 761/761/761 763/763/763 760/760/760
f 760/760/760 763/763/763 764/764/764
f 763/763/763 765/765/765 764/764/764
f 768/768/768 767/767/767 766/766/766
f 767/767/767 770/770/770 769/769/769
f 771/771/771 767/767/767 769/769/769
f 771/771/771 773/773/773 772/772/772
f 774/774/774 771/771/771 772/772/772
f 777/777/777 776/776/776 775/775/775
f 775/775/775 779/779/779 778/778/778
f 779/779/779 780/780/780 778/778/778
f 779/779/779 782/782/782 781/781/781
f 782/782/782 783/783/783 781/781/781
f 786/786/786 785/785/785 784/784/784
f 785/785/785 787/787/787 784/784/784
f 785/785/785 789/789/789 788/788/788
f 789/789/789 790/790/790 788/788/788
f 793/793/793 792/792/792 791/791/791
f 792/792/792 794/794/794 791/791/791
f 792/792/792 796/796/796 795/795/795
f 796/796/796 797/797/797 795/795/795
f 796/796/796 799/799/799 798/798/798
f 799/799/799 800/800/800 798/798/798
f 803/803/803 802/802/802 801/801/801
f 801/801/801 804/804/804 803/803/803
f 804/804/804 805/805/805 803/803/803
f 804/804/804 806/806/806 805/805/805
f 806/806/806 807/807/807 805/805/805
f 801/801/801 802/802/802 808/808/808
f 809/809/809 801/801/801 808/808/808
f 809/809/809 808/808/808 810/810/810
f 811/811/811 809/809/809 810/810/810
f 806/806/806 812/812/812 807/807/807
f 812/812/812 813/813/813 807/807/807
f 812/812/812 814/814/814 813/813/813
f 814/814/814 815/815/815 813/813/813
f 814/814/814 816/816/816 815/815/815
f 814/814/814 817/817/817 816/816/816
f 817/817/817 818/818/818 816/816/816
f 811/811/811 810/810/810 818/818/818
f 817/817/817 811/811/811 818/818/818
f 804/804/804 819/819/819 806/806/806
f 812/812/812 819/819/819 814/814/814
f 814/814/814 819/819/819 817/817/817
f 811/811/811 819/819/819 809/809/809
f 812/812/812 806/806/806 819/819/819
f 811/811/811 817/817/817 819/819/819
f 801/801/801 819/819/819 804/804/804
f 809/809/809 819/819/819 801/801/801
f 822/822/822 821/821/821 820/820/820
f 823/823/823 822/822/822 820/820/820
f 826/826/826 825/825/825 824/824/824
f 825/825/825 827/827/827 824/824/824
f 826/826/826 824/824/824 828/828/828
f 827/827/827 825/825/825 829/829/829
f 832/832/832 831/831/831 830/830/830
f 831/831/831 833/833/833 830/830/830
f 833/833/833 834/834/834 830/830/830
f 833/833/833 835/835/835 834/834/834
f 836/836/836 832/832/832 830/830/830
f 836/836/836 837/837/837 832/832/832
f 840/840/840 839/839/839 838/838/838
f 841/841/841 840/840/840 838/838/838
f 843/843/843 842/842/842 838/838/838
f 844/844/844 842/842/842 843/843/843
f 844/844/844 843/843/843 845/845/845
f 845/845/845 843/843/843 846/846/846
f 843/843/843 847/847/847 846/846/846
f 850/850/850 849/849/849 848/848/848
f 849/849/849 851/851/851 848/848/848
f 854/854/854 853/853/853 852/852/852
f 855/855/855 853/853/853 854/854/854
f 854/854/854 852/852/852 856/856/856
f 857/857/857 854/854/854 856/856/856
f 860/860/860 859/859/859 858/858/858
f 861/861/861 860/860/860 858/858/858
f 864/864/864 863/863/863 862/862/862
f 865/865/865 864/864/864 862/862/862
f 868/868/868 867/867/867 866/866/866
f 869/869/869 868/868/868 866/866/866
f 867/867/867 870/870/870 866/866/866
f 870/870/870 871/871/871 866/866/866
f 874/874/874 873/873/873 872/872/872
f 873/873/873 875/875/875 872/872/872
f 876/876/876 875/875/875 873/873/873
f 877/877/877 876/876/876 873/873/873
f 880/880/880 879/879/879 878/878/878
f 879/879/879 881/881/881 878/878/878
f 882/882/882 881/881/881 879/879/879
f 882/882/882 879/879/879 883/883/883
f 886/886/886 885/885/885 884/884/884
f 887/887/887 886/886/886 884/884/884
f 888/888/888 887/887/887 884/884/884
f 889/889/889 888/888/888 884/884/884
f 892/892/892 891/891/891 890/890/890
f 891/891/891 893/893/893 890/890/890
f 891/891/891 894/894/894 893/893/893
f 894/894/894 895/895/895 893/893/893
f 898/898/898 897/897/897 896/896/896
f 897/897/897 899/899/899 896/896/896
f 897/897/897 900/900/900 899/899/899
f 900/900/900 901/901/901 899/899/899
f 904/904/904 903/903/903 902/902/902
f 905/905/905 904/904/904 902/902/902
f 908/908/908 907/907/907 906/906/906
f 907/907/907 909/909/909 906/906/906
f 906/906/906 909/909/909 910/910/910
f 909/909/909 911/911/911 910/910/910
f 910/910/910 911/911/911 912/912/912
f 911/911/911 913/913/913 912/912/912
f 916/916/916 915/915/915 914/914/914
f 917/917/917 916/916/916 914/914/914
f 918/918/918 916/916/916 917/917/917
f 919/919/919 918/918/918 917/917/917
f 920/920/920 918/918/918 919/919/919
f 921/921/921 920/920/920 919/919/919
f 922/922/922 920/920/920 921/921/921
f 923/923/923 922/922/922 921/921/921
f 924/924/924 922/922/922 923/923/923
f 925/925/925 924/924/924 923/923/923
f 915/915/915 926/926/926 914/914/914
f 926/926/926 927/927/927 914/914/914
f 930/930/930 929/929/929 928/928/928
f 931/931/931 930/930/930 928/928/928
f 930/930/930 931/931/931 932/932/932
f 933/933/933 930/930/930 932/932/932
f 933/933/933 932/932/932 934/934/934
f 935/935/935 933/933/933 934/934/934
f 935/935/935 934/934/934 936/936/936
f 937/937/937 935/935/935 936/936/936
f 937/937/937 936/936/936 938/938/938
f 939/939/939 937/937/937 938/938/938
f 939/939/939 938/938/938 940/940/940
f 941/941/941 939/939/939 940/940/940
f 944/944/944 943/943/943 942/942/942
f 945/945/945 944/944/944 942/942/942
f 942/942/942 943/943/943 946/946/946
f 947/947/947 942/942/942 946/946/946
f 948/948/948 947/947/947 946/946/946
f 949/949/949 948/948/948 946/946/946
f 944/944/944 945/945/945 950/950/950
f 951/951/951 944/944/944 950/950/950
f 949/949/949 952/952/952 948/948/948
f 952/952/952 953/953/953 948/948/948
f 954/954/954 953/953/953 952/952/952
f 955/955/955 954/954/954 952/952/952
f 958/958/958 957/957/957 956/956/956
f 959/959/959 958/958/958 956/956/956
f 960/960/960 959/959/959 956/956/956
f 961/961/961 960/960/960 956/956/956
f 964/964/964 963/963/963 962/962/962
f 963/963/963 965/965/965 962/962/962
f 963/963/963 966/966/966 965/965/965
f 966/966/966 967/967/967 965/965/965
f 966/966/966 968/968/968 967/967/967
f 968/968/968 969/969/969 967/967/967
f 972/972/972 971/971/971 970/970/970
f 973/973/973 972/972/972 970/970/970
f 976/976/976 975/975/975 974/974/974
f 977/977/977 976/976/976 974/974/974
f 975/975/975 976/976/976 978/978/978
f 976/976/976 979/979/979 978/978/978
f 978/978/978 979/979/979 980/980/980
f 979/979/979 981/981/981 980/980/980
f 984/984/984 983/983/983 982/982/982
f 985/985/985 984/984/984 982/982/982
f 988/988/988 987/987/987 986/986/986
f 989/989/989 988/988/988 986/986/986
f 992/992/992 991/991/991 990/990/990
f 993/993/993 992/992/992 990/990/990
f 991/991/991 994/994/994 990/990/990
f 995/995/995 990/990/990 994/994/994
f 998/998/998 997/997/997 996/996/996
f 999/999/999 998/998/998 996/996/996
f 1000/1000/1000 999/999/999 996/996/996
f 1001/1001/1001 1000/1000/1000 996/996/996
f 1002/1002/1002 1000/1000/1000 1001/1001/1001
f 1002/1002/1002 1001/1001/1001 1003/1003/1003
f 1006/1006/1006 1005/1005/1005 1004/1004/1004
f 1007/1007/1007 1006/1006/1006 1004/1004/1004
f 1008/1008/1008 1005/1005/1005 1006/1006/1006
f 1009/1009/1009 1008/1008/1008 1006/1006/1006
f 1008/1008/1008 1009/1009/1009 1010/1010/1010
f 1011/1011/1011 1008/1008/1008 1010/1010/1010
f 1011/1011/1011 1010/1010/1010 1012/1012/1012
f 1013/1013/1013 1011/1011/1011 1012/1012/1012
f 1014/1014/1014 1013/1013/1013 1012/1012/1012
f 1015/1015/1015 1014/1014/1014 1012/1012/1012
f 1004/1004/1004 1016/1016/1016 1007/1007/1007
f 1016/1016/1016 1017/1017/1017 1007/1007/1007
f 1020/1020/1020 1019/1019/1019 1018/1018/1018
f 1021/1021/1021 1020/1020/1020 1018/1018/1018
f 1022/1022/1022 1020/1020/1020 1021/1021/1021
f 1023/1023/1023 1022/1022/1022 1021/1021/1021
f 1024/1024/1024 1022/1022/1022 1023/1023/1023
f 1025/1025/1025 1024/1024/1024 1023/1023/1023
f 1028/1028/1028 1027/1027/1027 1026/1026/1026
f 1029/1029/1029 1028/1028/1028 1026/1026/1026
f 1032/1032/1032 1031/1031/1031 1030/1030/1030
f 1033/1033/1033 1032/1032/1032 1030/1030/1030
f 1036/1036/1036 1035/1035/1035 1034/1034/1034
f 1037/1037/1037 1036/1036/1036 1034/1034/1034
f 1040/1040/1040 1039/1039/1039 1038/1038/1038
f 1041/1041/1041 1040/1040/1040 1038/1038/1038
f 1044/1044/1044 1043/1043/1043 1042/1042/1042
f 1045/1045/1045 1044/1044/1044 1042/1042/1042
f 1048/1048/1048 1047/1047/1047 1046/1046/1046
f 1049/1049/1049 1048/1048/1048 1046/1046/1046
f 1052/1052/1052 1051/1051/1051 1050/1050/1050
f 1053/1053/1053 1052/1052/1052 1050/1050/1050
f 1056/1056/1056 1055/1055/1055 1054/1054/1054
f 1057/1057/1057 1056/1056/1056 1054/1054/1054
f 1060/1060/1060 1059/1059/1059 1058/1058/1058
f 1061/1061/1061 1060/1060/1060 1058/1058/1058
f 1064/1064/1064 1063/1063/1063 1062/1062/1062
f 1065/1065/1065 1064/1064/1064 1062/1062/1062
f 1068/1068/1068 1067/1067/1067 1066/1066/1066
f 1069/1069/1069 1068/1068/1068 1066/1066/1066
f 1072/1072/1072 1071/1071/1071 1070/1070/1070
f 1073/1073/1073 1072/1072/1072 1070/1070/1070
f 1076/1076/1076 1075/1075/1075 1074/1074/1074
f 1077/1077/1077 1076/1076/1076 1074/1074/1074
f 1080/1080/1080 1079/1079/1079 1078/1078/1078
f 1081/1081/1081 1080/1080/1080 1078/1078/1078
f 1084/1084/1084 1083/1083/1083 1082/1082/1082
f 1085/1085/1085 1084/1084/1084 1082/1082/1082
f 1088/1088/1088 1087/1087/1087 1086/1086/1086
f 1089/1089/1089 1088/1088/1088 1086/1086/1086
f 1092/1092/1092 1091/1091/1091 1090/1090/1090
f 1093/1093/1093 1092/1092/1092 1090/1090/1090
f 1096/1096/1096 1095/1095/1095 1094/1094/1094
f 1097/1097/1097 1096/1096/1096 1094/1094/1094
f 1100/1100/1100 1099/1099/1099 1098/1098/1098
f 1101/1101/1101 1100/1100/1100 1098/1098/1098
f 1104/1104/1104 1103/1103/1103 1102/1102/1102
f 1105/1105/1105 1104/1104/1104 1102/1102/1102
f 1108/1108/1108 1107/1107/1107 1106/1106/1106
f 1109/1109/1109 1108/1108/1108 1106/1106/1106
f 1112/1112/1112 1111/1111/1111 1110/1110/1110
f 1115/1115/1115 1114/1114/1114 1113/1113/1113
f 1118/1118/1118 1117/1117/1117 1116/1116/1116
f 1121/1121/1121 1120/1120/1120 1119/1119/1119
f 1124/1124/1124 1123/1123/1123 1122/1122/1122
f 1127/1127/1127 1126/1126/1126 1125/1125/1125
f 1130/1130/1130 1129/1129/1129 1128/1128/1128
f 1133/1133/1133 1132/1132/1132 1131/1131/1131
f 1136/1136/1136 1135/1135/1135 1134/1134/1134
f 1137/1137/1137 1136/1136/1136 1134/1134/1134
f 1140/1140/1140 1139/1139/1139 1138/1138/1138
f 1141/1141/1141 1140/1140/1140 1138/1138/1138
f 1144/1144/1144 1143/1143/1143 1142/1142/1142
f 1145/1145/1145 1144/1144/1144 1142/1142/1142
f 1148/1148/1148 1147/1147/1147 1146/1146/1146
f 1149/1149/1149 1148/1148/1148 1146/1146/1146
f 1152/1152/1152 1151/1151/1151 1150/1150/1150
f 1153/1153/1153 1152/1152/1152 1150/1150/1150
f 1156/1156/1156 1155/1155/1155 1154/1154/1154
f 1157/1157/1157 1156/1156/1156 1154/1154/1154
f 1160/1160/1160 1159/1159/1159 1158/1158/1158
f 1161/1161/1161 1160/1160/1160 1158/1158/1158
f 1164/1164/1164 1163/1163/1163 1162/1162/1162
f 1167/1167/1167 1166/1166/1166 1165/1165/1165
f 1170/1170/1170 1169/1169/1169 1168/1168/1168
f 1173/1173/1173 1172/1172/1172 1171/1171/1171
f 1176/1176/1176 1175/1175/1175 1174/1174/1174
f 1179/1179/1179 1178/1178/1178 1177/1177/1177
f 1182/1182/1182 1181/1181/1181 1180/1180/1180
f 1183/1183/1183 1182/1182/1182 1180/1180/1180
f 1186/1186/1186 1185/1185/1185 1184/1184/1184
f 1189/1189/1189 1188/1188/1188 1187/1187/1187
f 1192/1192/1192 1191/1191/1191 1190/1190/1190
f 1193/1193/1193 1192/1192/1192 1190/1190/1190
f 1196/1196/1196 1195/1195/1195 1194/1194/1194
f 1197/1197/1197 1196/1196/1196 1194/1194/1194
f 1196/1196/1196 1198/1198/1198 1195/1195/1195
f 1198/1198/1198 1199/1199/1199 1195/1195/1195
f 1200/1200/1200 1196/1196/1196 1197/1197/1197
f 1201/1201/1201 1200/1200/1200 1197/1197/1197
f 1202/1202/1202 1198/1198/1198 1196/1196/1196
f 1200/1200/1200 1202/1202/1202 1196/1196/1196
f 1203/1203/1203 1200/1200/1200 1201/1201/1201
f 1204/1204/1204 1203/1203/1203 1201/1201/1201
f 1205/1205/1205 1202/1202/1202 1200/1200/1200
f 1203/1203/1203 1205/1205/1205 1200/1200/1200
f 1206/1206/1206 1197/1197/1197 1194/1194/1194
f 1207/1207/1207 1201/1201/1201 1197/1197/1197
f 1206/1206/1206 1207/1207/1207 1197/1197/1197
f 1208/1208/1208 1204/1204/1204 1201/1201/1201
f 1207/1207/1207 1208/1208/1208 1201/1201/1201
f 1209/1209/1209 1206/1206/1206 1194/1194/1194
f 1212/1212/1212 1211/1211/1211 1210/1210/1210
f 1211/1211/1211 1213/1213/1213 1210/1210/1210
f 1214/1214/1214 1211/1211/1211 1212/1212/1212
f 1215/1215/1215 1214/1214/1214 1212/1212/1212
f 1216/1216/1216 1214/1214/1214 1215/1215/1215
f 1217/1217/1217 1216/1216/1216 1215/1215/1215
f 1211/1211/1211 1218/1218/1218 1213/1213/1213
f 1218/1218/1218 1219/1219/1219 1213/1213/1213
f 1220/1220/1220 1218/1218/1218 1211/1211/1211
f 1214/1214/1214 1220/1220/1220 1211/1211/1211
f 1221/1221/1221 1220/1220/1220 1214/1214/1214
f 1216/1216/1216 1221/1221/1221 1214/1214/1214
f 1223/1223/1223 1222/1222/1222 1219/1219/1219
f 1224/1224/1224 1222/1222/1222 1223/1223/1223
f 1220/1220/1220 1224/1224/1224 1223/1223/1223
f 1225/1225/1225 1224/1224/1224 1220/1220/1220
f 1226/1226/1226 1225/1225/1225 1220/1220/1220
f 1229/1229/1229 1228/1228/1228 1227/1227/1227
f 1228/1228/1228 1230/1230/1230 1227/1227/1227
f 1230/1230/1230 1231/1231/1231 1227/1227/1227
f 1232/1232/1232 1228/1228/1228 1229/1229/1229
f 1233/1233/1233 1232/1232/1232 1229/1229/1229
f 1228/1228/1228 1232/1232/1232 1234/1234/1234
f 1232/1232/1232 1235/1235/1235 1234/1234/1234
f 1234/1234/1234 1235/1235/1235 1236/1236/1236
f 1235/1235/1235 1237/1237/1237 1236/1236/1236
f 1231/1231/1231 1230/1230/1230 1238/1238/1238
f 1230/1230/1230 1239/1239/1239 1238/1238/1238
f 1228/1228/1228 1234/1234/1234 1239/1239/1239
f 1230/1230/1230 1228/1228/1228 1239/1239/1239
f 1238/1238/1238 1239/1239/1239 1240/1240/1240
f 1239/1239/1239 1241/1241/1241 1240/1240/1240
f 1239/1239/1239 1234/1234/1234 1241/1241/1241
f 1234/1234/1234 1236/1236/1236 1241/1241/1241
f 1244/1244/1244 1243/1243/1243 1242/1242/1242
f 1244/1244/1244 1245/1245/1245 1243/1243/1243
f 1244/1244/1244 1246/1246/1246 1245/1245/1245
f 1244/1244/1244 1247/1247/1247 1246/1246/1246
f 1248/1248/1248 1244/1244/1244 1242/1242/1242
f 1249/1249/1249 1244/1244/1244 1248/1248/1248
f 1250/1250/1250 1244/1244/1244 1249/1249/1249
f 1251/1251/1251 1244/1244/1244 1250/1250/1250
f 1252/1252/1252 1244/1244/1244 1251/1251/1251
f 1253/1253/1253 1244/1244/1244 1252/1252/1252
f 1244/1244/1244 1253/1253/1253 1254/1254/1254
f 1244/1244/1244 1254/1254/1254 1255/1255/1255
f 1258/1258/1258 1257/1257/1257 1256/1256/1256
f 1259/1259/1259 1258/1258/1258 1256/1256/1256
f 1260/1260/1260 1258/1258/1258 1259/1259/1259
f 1261/1261/1261 1260/1260/1260 1259/1259/1259
f 1262/1262/1262 1260/1260/1260 1261/1261/1261
f 1263/1263/1263 1262/1262/1262 1261/1261/1261
f 1259/1259/1259 1256/1256/1256 1264/1264/1264
f 1265/1265/1265 1259/1259/1259 1264/1264/1264
f 1261/1261/1261 1259/1259/1259 1265/1265/1265
f 1265/1265/1265 1264/1264/1264 1266/1266/1266
f 1267/1267/1267 1265/1265/1265 1266/1266/1266
f 1268/1268/1268 1261/1261/1261 1265/1265/1265
f 1263/1263/1263 1261/1261/1261 1268/1268/1268
f 1268/1268/1268 1265/1265/1265 1269/1269/1269
f 1270/1270/1270 1268/1268/1268 1269/1269/1269
f 1271/1271/1271 1268/1268/1268 1270/1270/1270
f 1271/1271/1271 1263/1263/1263 1268/1268/1268
f 1272/1272/1272 1271/1271/1271 1270/1270/1270
f 1275/1275/1275 1274/1274/1274 1273/1273/1273
f 1276/1276/1276 1275/1275/1275 1273/1273/1273
f 1279/1279/1279 1278/1278/1278 1277/1277/1277
f 1280/1280/1280 1279/1279/1279 1277/1277/1277
f 1277/1277/1277 1278/1278/1278 1281/1281/1281
f 1278/1278/1278 1282/1282/1282 1281/1281/1281
f 1280/1280/1280 1283/1283/1283 1279/1279/1279
f 1283/1283/1283 1284/1284/1284 1279/1279/1279
f 1287/1287/1287 1286/1286/1286 1285/1285/1285
f 1288/1288/1288 1287/1287/1287 1285/1285/1285
f 1289/1289/1289 1287/1287/1287 1288/1288/1288
f 1290/1290/1290 1289/1289/1289 1288/1288/1288
f 1285/1285/1285 1286/1286/1286 1291/1291/1291
f 1292/1292/1292 1285/1285/1285 1291/1291/1291
f 1295/1295/1295 1294/1294/1294 1293/1293/1293
f 1296/1296/1296 1295/1295/1295 1293/1293/1293
f 1296/1296/1296 1297/1297/1297 1295/1295/1295
f 1297/1297/1297 1298/1298/1298 1295/1295/1295
f 1301/1301/1301 1300/1300/1300 1299/1299/1299
f 1302/1302/1302 1300/1300/1300 1301/1301/1301
f 1303/1303/1303 1302/1302/1302 1301/1301/1301
f 1306/1306/1306 1305/1305/1305 1304/1304/1304
f 1307/1307/1307 1306/1306/1306 1304/1304/1304
f 1306/1306/1306 1307/1307/1307 1308/1308/1308
f 1307/1307/1307 1309/1309/1309 1308/1308/1308
f 1312/1312/1312 1311/1311/1311 1310/1310/1310
f 1313/1313/1313 1312/1312/1312 1310/1310/1310
f 1316/1316/1316 1315/1315/1315 1314/1314/1314
f 1317/1317/1317 1316/1316/1316 1314/1314/1314
f 1316/1316/1316 1318/1318/1318 1315/1315/1315
f 1318/1318/1318 1319/1319/1319 1315/1315/1315
f 1322/1322/1322 1321/1321/1321 1320/1320/1320
f 1323/1323/1323 1322/1322/1322 1320/1320/1320
f 1326/1326/1326 1325/1325/1325 1324/1324/1324
f 1327/1327/1327 1326/1326/1326 1324/1324/1324
f 1327/1327/1327 1328/1328/1328 1326/1326/1326
f 1328/1328/1328 1329/1329/1329 1326/1326/1326
f 1329/1329/1329 1328/1328/1328 1330/1330/1330
f 1328/1328/1328 1331/1331/1331 1330/1330/1330
f 1334/1334/1334 1333/1333/1333 1332/1332/1332
f 1335/1335/1335 1333/1333/1333 1334/1334/1334
f 1336/1336/1336 1335/1335/1335 1334/1334/1334
f 1339/1339/1339 1338/1338/1338 1337/1337/1337
f 1340/1340/1340 1339/1339/1339 1337/1337/1337
f 1343/1343/1343 1342/1342/1342 1341/1341/1341
f 1344/1344/1344 1343/1343/1343 1341/1341/1341
f 1347/1347/1347 1346/1346/1346 1345/1345/1345
f 1348/1348/1348 1347/1347/1347 1345/1345/1345
f 1351/1351/1351 1350/1350/1350 1349/1349/1349
f 1352/1352/1352 1351/1351/1351 1349/1349/1349
f 1355/1355/1355 1354/1354/1354 1353/1353/1353
f 1356/1356/1356 1355/1355/1355 1353/1353/1353
f 1359/1359/1359 1358/1358/1358 1357/1357/1357
f 1360/1360/1360 1359/1359/1359 1357/1357/1357
f 1361/1361/1361 1359/1359/1359 1360/1360/1360
f 1362/1362/1362 1361/1361/1361 1360/1360/1360
f 1363/1363/1363 1361/1361/1361 1362/1362/1362
f 1358/1358/1358 1361/1361/1361 1363/1363/1363
f 1357/1357/1357 1358/1358/1358 1363/1363/1363
f 1366/1366/1366 1365/1365/1365 1364/1364/1364
f 1367/1367/1367 1366/1366/1366 1364/1364/1364
f 1370/1370/1370 1369/1369/1369 1368/1368/1368
f 1371/1371/1371 1370/1370/1370 1368/1368/1368
f 1374/1374/1374 1373/1373/1373 1372/1372/1372
f 1375/1375/1375 1374/1374/1374 1372/1372/1372
f 1378/1378/1378 1377/1377/1377 1376/1376/1376
f 1379/1379/1379 1378/1378/1378 1376/1376/1376
f 1380/1380/1380 1376/1376/1376 1377/1377/1377
f 1381/1381/1381 1380/1380/1380 1377/1377/1377
f 1384/1384/1384 1383/1383/1383 1382/1382/1382
f 1385/1385/1385 1384/1384/1384 1382/1382/1382
f 1384/1384/1384 1385/1385/1385 1386/1386/1386
f 1387/1387/1387 1384/1384/1384 1386/1386/1386
f 1390/1390/1390 1389/1389/1389 1388/1388/1388
f 1391/1391/1391 1390/1390/1390 1388/1388/1388
f 1388/1388/1388 1392/1392/1392 1391/1391/1391
f 1392/1392/1392 1393/1393/1393 1391/1391/1391
f 1396/1396/1396 1395/1395/1395 1394/1394/1394
f 1397/1397/1397 1396/1396/1396 1394/1394/1394
f 1400/1400/1400 1399/1399/1399 1398/1398/1398
f 1401/1401/1401 1400/1400/1400 1398/1398/1398
f 1401/1401/1401 1398/1398/1398 1402/1402/1402
f 1403/1403/1403 1401/1401/1401 1402/1402/1402
f 1406/1406/1406 1405/1405/1405 1404/1404/1404
f 1407/1407/1407 1406/1406/1406 1404/1404/1404
f 1410/1410/1410 1409/1409/1409 1408/1408/1408
f 1411/1411/1411 1410/1410/1410 1408/1408/1408
f 1414/1414/1414 1413/1413/1413 1412/1412/1412
f 1415/1415/1415 1414/1414/1414 1412/1412/1412
f 1418/1418/1418 1417/1417/1417 1416/1416/1416
f 1419/1419/1419 1418/1418/1418 1416/1416/1416
f 1422/1422/1422 1421/1421/1421 1420/1420/1420
f 1423/1423/1423 1422/1422/1422 1420/1420/1420
f 1426/1426/1426 1425/1425/1425 1424/1424/1424
f 1427/1427/1427 1426/1426/1426 1424/1424/1424
f 1428/1428/1428 1426/1426/1426 1427/1427/1427
f 1429/1429/1429 1428/1428/1428 1427/1427/1427
f 1430/1430/1430 1428/1428/1428 1429/1429/1429
f 1431/1431/1431 1430/1430/1430 1429/1429/1429
f 1425/1425/1425 1430/1430/1430 1431/1431/1431
f 1424/1424/1424 1425/1425/1425 1431/1431/1431
f 1434/1434/1434 1433/1433/1433 1432/1432/1432
f 1435/1435/1435 1434/1434/1434 1432/1432/1432
f 1438/1438/1438 1437/1437/1437 1436/1436/1436
f 1439/1439/1439 1438/1438/1438 1436/1436/1436
f 1442/1442/1442 1441/1441/1441 1440/1440/1440
f 1443/1443/1443 1442/1442/1442 1440/1440/1440
f 1446/1446/1446 1445/1445/1445 1444/1444/1444
f 1447/1447/1447 1446/1446/1446 1444/1444/1444
f 1450/1450/1450 1449/1449/1449 1448/1448/1448
f 1451/1451/1451 1450/1450/1450 1448/1448/1448
f 1454/1454/1454 1453/1453/1453 1452/1452/1452
f 1455/1455/1455 1454/1454/1454 1452/1452/1452
f 1455/1455/1455 1452/1452/1452 1456/1456/1456
f 1459/1459/1459 1458/1458/1458 1457/1457/1457
f 1462/1462/1462 1461/1461/1461 1460/1460/1460
f 1463/1463/1463 1462/1462/1462 1460/1460/1460
f 1466/1466/1466 1465/1465/1465 1464/1464/1464
f 1467/1467/1467 1466/1466/1466 1464/1464/1464
f 1470/1470/1470 1469/1469/1469 1468/1468/1468
f 1471/1471/1471 1470/1470/1470 1468/1468/1468
f 1474/1474/1474 1473/1473/1473 1472/1472/1472
f 1475/1475/1475 1474/1474/1474 1472/1472/1472
f 1472/1472/1472 1473/1473/1473 1476/1476/1476
f 1473/1473/1473 1477/1477/1477 1476/1476/1476
f 1480/1480/1480 1479/1479/1479 1478/1478/1478
f 1481/1481/1481 1480/1480/1480 1478/1478/1478
f 1484/1484/1484 1483/1483/1483 1482/1482/1482
f 1485/1485/1485 1484/1484/1484 1482/1482/1482
f 1488/1488/1488 1487/1487/1487 1486/1486/1486
f 1489/1489/1489 1488/1488/1488 1486/1486/1486
f 1492/1492/1492 1491/1491/1491 1490/1490/1490
f 1493/1493/1493 1492/1492/1492 1490/1490/1490
f 1496/1496/1496 1495/1495/1495 1494/1494/1494
f 1497/1497/1497 1496/1496/1496 1494/1494/1494
f 1496/1496/1496 1497/1497/1497 1498/1498/1498
f 1497/1497/1497 1499/1499/1499 1498/1498/1498
f 1499/1499/1499 1500/1500/1500 1498/1498/1498
f 1500/1500/1500 1501/1501/1501 1498/1498/1498
f 1504/1504/1504 1503/1503/1503 1502/1502/1502
f 1505/1505/1505 1504/1504/1504 1502/1502/1502
f 1503/1503/1503 1504/1504/1504 1506/1506/1506
f 1504/1504/1504 1507/1507/1507 1506/1506/1506
f 1510/1510/1510 1509/1509/1509 1508/1508/1508
f 1511/1511/1511 1510/1510/1510 1508/1508/1508
f 1514/1514/1514 1513/1513/1513 1512/1512/1512
f 1515/1515/1515 1514/1514/1514 1512/1512/1512
f 1518/1518/1518 1517/1517/1517 1516/1516/1516
f 1519/1519/1519 1518/1518/1518 1516/1516/1516
f 1516/1516/1516 1517/1517/1517 1520/1520/1520
f 1521/1521/1521 1516/1516/1516 1520/1520/1520
f 1520/1520/1520 1522/1522/1522 1521/1521/1521
f 1522/1522/1522 1523/1523/1523 1521/1521/1521
f 1523/1523/1523 1522/1522/1522 1524/1524/1524
f 1525/1525/1525 1523/1523/1523 1524/1524/1524
f 1528/1528/1528 1527/1527/1527 1526/1526/1526
f 1527/1527/1527 1529/1529/1529 1526/1526/1526
f 1529/1529/1529 1527/1527/1527 1530/1530/1530
f 1531/1531/1531 1529/1529/1529 1530/1530/1530
f 1530/1530/1530 1532/1532/1532 1531/1531/1531
f 1532/1532/1532 1533/1533/1533 1531/1531/1531
f 1533/1533/1533 1532/1532/1532 1534/1534/1534
f 1535/1535/1535 1533/1533/1533 1534/1534/1534
f 1538/1538/1538 1537/1537/1537 1536/1536/1536
f 1539/1539/1539 1538/1538/1538 1536/1536/1536
f 1542/1542/1542 1541/1541/1541 1540/1540/1540
f 1543/1543/1543 1542/1542/1542 1540/1540/1540
f 1546/1546/1546 1545/1545/1545 1544/1544/1544
f 1547/1547/1547 1546/1546/1546 1544/1544/1544
f 1550/1550/1550 1549/1549/1549 1548/1548/1548
f 1551/1551/1551 1550/1550/1550 1548/1548/1548
f 1554/1554/1554 1553/1553/1553 1552/1552/1552
f 1555/1555/1555 1554/1554/1554 1552/1552/1552
f 1558/1558/1558 1557/1557/1557 1556/1556/1556
f 1559/1559/1559 1558/1558/1558 1556/1556/1556
f 1560/1560/1560 1558/1558/1558 1559/1559/1559
f 1560/1560/1560 1561/1561/1561 1558/1558/1558
f 1561/1561/1561 1562/1562/1562 1558/1558/1558
f 1563/1563/1563 1562/1562/1562 1561/1561/1561
f 1564/1564/1564 1562/1562/1562 1563/1563/1563
f 1565/1565/1565 1564/1564/1564 1563/1563/1563
f 1568/1568/1568 1567/1567/1567 1566/1566/1566
f 1569/1569/1569 1568/1568/1568 1566/1566/1566
f 1572/1572/1572 1571/1571/1571 1570/1570/1570
f 1573/1573/1573 1572/1572/1572 1570/1570/1570
f 1576/1576/1576 1575/1575/1575 1574/1574/1574
f 1577/1577/1577 1576/1576/1576 1574/1574/1574
f 1580/1580/1580 1579/1579/1579 1578/1578/1578
f 1581/1581/1581 1580/1580/1580 1578/1578/1578
f 1584/1584/1584 1583/1583/1583 1582/1582/1582
f 1585/1585/1585 1584/1584/1584 1582/1582/1582
f 1584/1584/1584 1586/1586/1586 1583/1583/1583
f 1586/1586/1586 1584/1584/1584 1587/1587/1587
f 1588/1588/1588 1586/1586/1586 1587/1587/1587
f 1587/1587/1587 1589/1589/1589 1588/1588/1588
f 1587/1587/1587 1590/1590/1590 1589/1589/1589
f 1590/1590/1590 1591/1591/1591 1589/1589/1589
f 1594/1594/1594 1593/1593/1593 1592/1592/1592
f 1595/1595/1595 1594/1594/1594 1592/1592/1592
f 1598/1598/1598 1597/1597/1597 1596/1596/1596
f 1599/1599/1599 1598/1598/1598 1596/1596/1596
f 1598/1598/1598 1599/1599/1599 1600/1600/1600
f 1599/1599/1599 1601/1601/1601 1600/1600/1600
f 1602/1602/1602 1596/1596/1596 1597/1597/1597
f 1603/1603/1603 1602/1602/1602 1597/1597/1597
f 1606/1606/1606 1605/1605/1605 1604/1604/1604
f 1607/1607/1607 1606/1606/1606 1604/1604/1604
f 1610/1610/1610 1609/1609/1609 1608/1608/1608
f 1611/1611/1611 1610/1610/1610 1608/1608/1608
f 1614/1614/1614 1613/1613/1613 1612/1612/1612
f 1615/1615/1615 1614/1614/1614 1612/1612/1612
f 1618/1618/1618 1617/1617/1617 1616/1616/1616
f 1619/1619/1619 1618/1618/1618 1616/1616/1616
f 1616/1616/1616 1617/1617/1617 1620/1620/1620
f 1621/1621/1621 1616/1616/1616 1620/1620/1620
f 1621/1621/1621 1620/1620/1620 1622/1622/1622
f 1620/1620/1620 1623/1623/1623 1622/1622/1622
f 1626/1626/1626 1625/1625/1625 1624/1624/1624
f 1627/1627/1627 1626/1626/1626 1624/1624/1624
f 1630/1630/1630 1629/1629/1629 1628/1628/1628
f 1631/1631/1631 1630/1630/1630 1628/1628/1628
f 1632/1632/1632 1629/1629/1629 1630/1630/1630
f 1633/1633/1633 1632/1632/1632 1630/1630/1630
f 1633/1633/1633 1634/1634/1634 1632/1632/1632
f 1634/1634/1634 1635/1635/1635 1632/1632/1632
f 1638/1638/1638 1637/1637/1637 1636/1636/1636
f 1636/1636/1636 1637/1637/1637 1639/1639/1639
f 1640/1640/1640 1636/1636/1636 1639/1639/1639
f 1640/1640/1640 1639/1639/1639 1641/1641/1641
f 1639/1639/1639 1642/1642/1642 1641/1641/1641
f 1645/1645/1645 1644/1644/1644 1643/1643/1643
f 1646/1646/1646 1645/1645/1645 1643/1643/1643
f 1649/1649/1649 1648/1648/1648 1647/1647/1647
f 1648/1648/1648 1650/1650/1650 1647/1647/1647
f 1653/1653/1653 1652/1652/1652 1651/1651/1651
f 1654/1654/1654 1653/1653/1653 1651/1651/1651
f 1657/1657/1657 1656/1656/1656 1655/1655/1655
f 1658/1658/1658 1657/1657/1657 1655/1655/1655
f 1661/1661/1661 1660/1660/1660 1659/1659/1659
f 1662/1662/1662 1661/1661/1661 1659/1659/1659
f 1665/1665/1665 1664/1664/1664 1663/1663/1663
f 1666/1666/1666 1665/1665/1665 1663/1663/1663
f 1669/1669/1669 1668/1668/1668 1667/1667/1667
f 1669/1669/1669 1667/1667/1667 1670/1670/1670
f 1667/1667/1667 1671/1671/1671 1670/1670/1670
f 1672/1672/1672 1670/1670/1670 1671/1671/1671
f 1673/1673/1673 1672/1672/1672 1671/1671/1671
f 1676/1676/1676 1675/1675/1675 1674/1674/1674
f 1677/1677/1677 1675/1675/1675 1676/1676/1676
f 1677/1677/1677 1678/1678/1678 1675/1675/1675
f 1681/1681/1681 1680/1680/1680 1679/1679/1679
f 1682/1682/1682 1681/1681/1681 1679/1679/1679
f 1685/1685/1685 1684/1684/1684 1683/1683/1683
f 1686/1686/1686 1685/1685/1685 1683/1683/1683
f 1686/1686/1686 1683/1683/1683 1687/1687/1687
f 1688/1688/1688 1686/1686/1686 1687/1687/1687
f 1691/1691/1691 1690/1690/1690 1689/1689/1689
f 1692/1692/1692 1691/1691/1691 1689/1689/1689
f 1695/1695/1695 1694/1694/1694 1693/1693/1693
f 1696/1696/1696 1695/1695/1695 1693/1693/1693
f 1699/1699/1699 1698/1698/1698 1697/1697/1697
f 1699/1699/1699 1700/1700/1700 1698/1698/1698
f 1701/1701/1701 1700/1700/1700 1699/1699/1699
f 1704/1704/1704 1703/1703/1703 1702/1702/1702
f 1705/1705/1705 1704/1704/1704 1702/1702/1702
f 1708/1708/1708 1707/1707/1707 1706/1706/1706
f 1709/1709/1709 1708/1708/1708 1706/1706/1706
f 1712/1712/1712 1711/1711/1711 1710/1710/1710
f 1713/1713/1713 1712/1712/1712 1710/1710/1710
f 1716/1716/1716 1715/1715/1715 1714/1714/1714
f 1717/1717/1717 1716/1716/1716 1714/1714/1714
f 1720/1720/1720 1719/1719/1719 1718/1718/1718
f 1721/1721/1721 1719/1719/1719 1720/1720/1720
f 1722/1722/1722 1721/1721/1721 1720/1720/1720
f 1723/1723/1723 1721/1721/1721 1722/1722/1722
f 1724/1724/1724 1723/1723/1723 1722/1722/1722
f 1718/1718/1718 1719/1719/1719 1724/1724/1724
f 1727/1727/1727 1726/1726/1726 1725/1725/1725
f 1730/1730/1730 1729/1729/1729 1728/1728/1728
f 1731/1731/1731 1730/1730/1730 1728/1728/1728
f 1734/1734/1734 1733/1733/1733 1732/1732/1732
f 1735/1735/1735 1734/1734/1734 1732/1732/1732
f 1738/1738/1738 1737/1737/1737 1736/1736/1736
f 1739/1739/1739 1738/1738/1738 1736/1736/1736
f 1742/1742/1742 1741/1741/1741 1740/1740/1740
f 1743/1743/1743 1742/1742/1742 1740/1740/1740
f 1746/1746/1746 1745/1745/1745 1744/1744/1744
f 1747/1747/1747 1746/1746/1746 1744/1744/1744
f 1750/1750/1750 1749/1749/1749 1748/1748/1748
f 1751/1751/1751 1750/1750/1750 1748/1748/1748
f 1754/1754/1754 1753/1753/1753 1752/1752/1752
f 1755/1755/1755 1754/1754/1754 1752/1752/1752
f 1758/1758/1758 1757/1757/1757 1756/1756/1756
f 1759/1759/1759 1757/1757/1757 1758/1758/1758
f 1760/1760/1760 1759/1759/1759 1758/1758/1758
f 1761/1761/1761 1759/1759/1759 1760/1760/1760
f 1762/1762/1762 1761/1761/1761 1760/1760/1760
f 1757/1757/1757 1761/1761/1761 1762/1762/1762
f 1756/1756/1756 1757/1757/1757 1762/1762/1762
f 1765/1765/1765 1764/1764/1764 1763/1763/1763
f 1766/1766/1766 1765/1765/1765 1763/1763/1763
f 1769/1769/1769 1768/1768/1768 1767/1767/1767
f 1770/1770/1770 1769/1769/1769 1767/1767/1767
f 1773/1773/1773 1772/1772/1772 1771/1771/1771
f 1774/1774/1774 1773/1773/1773 1771/1771/1771
f 1777/1777/1777 1776/1776/1776 1775/1775/1775
f 1778/1778/1778 1776/1776/1776 1777/1777/1777
f 1778/1778/1778 1779/1779/1779 1776/1776/1776
f 1782/1782/1782 1781/1781/1781 1780/1780/1780
f 1783/1783/1783 1782/1782/1782 1780/1780/1780
f 1786/1786/1786 1785/1785/1785 1784/1784/1784
f 1787/1787/1787 1786/1786/1786 1784/1784/1784
f 1787/1787/1787 1784/1784/1784 1788/1788/1788
f 1789/1789/1789 1787/1787/1787 1788/1788/1788
f 1792/1792/1792 1791/1791/1791 1790/1790/1790
f 1793/1793/1793 1792/1792/1792 1790/1790/1790
f 1796/1796/1796 1795/1795/1795 1794/1794/1794
f 1797/1797/1797 1796/1796/1796 1794/1794/1794
f 1800/1800/1800 1799/1799/1799 1798/1798/1798
f 1800/1800/1800 1801/1801/1801 1799/1799/1799
f 1802/1802/1802 1801/1801/1801 1800/1800/1800
f 1805/1805/1805 1804/1804/1804 1803/1803/1803
f 1806/1806/1806 1805/1805/1805 1803/1803/1803
f 1809/1809/1809 1808/1808/1808 1807/1807/1807
f 1810/1810/1810 1809/1809/1809 1807/1807/1807
f 1813/1813/1813 1812/1812/1812 1811/1811/1811
f 1814/1814/1814 1813/1813/1813 1811/1811/1811
f 1817/1817/1817 1816/1816/1816 1815/1815/1815
f 1818/1818/1818 1817/1817/1817 1815/1815/1815
f 1821/1821/1821 1820/1820/1820 1819/1819/1819
f 1822/1822/1822 1821/1821/1821 1819/1819/1819
f 1825/1825/1825 1824/1824/1824 1823/1823/1823
f 1826/1826/1826 1825/1825/1825 1823/1823/1823
f 1829/1829/1829 1828/1828/1828 1827/1827/1827
f 1830/1830/1830 1829/1829/1829 1827/1827/1827
f 1828/1828/1828 1831/1831/1831 1827/1827/1827
f 1831/1831/1831 1832/1832/1832 1827/1827/1827
f 1835/1835/1835 1834/1834/1834 1833/1833/1833
f 1836/1836/1836 1835/1835/1835 1833/1833/1833
f 1839/1839/1839 1838/1838/1838 1837/1837/1837
f 1840/1840/1840 1839/1839/1839 1837/1837/1837
f 1843/1843/1843 1842/1842/1842 1841/1841/1841
f 1844/1844/1844 1843/1843/1843 1841/1841/1841
f 1847/1847/1847 1846/1846/1846 1845/1845/1845
f 1848/1848/1848 1847/1847/1847 1845/1845/1845
f 1851/1851/1851 1850/1850/1850 1849/1849/1849
f 1852/1852/1852 1851/1851/1851 1849/1849/1849
f 1851/1851/1851 1853/1853/1853 1850/1850/1850
f 1853/1853/1853 1854/1854/1854 1850/1850/1850
f 1853/1853/1853 1855/1855/1855 1854/1854/1854
f 1855/1855/1855 1856/1856/1856 1854/1854/1854
f 1852/1852/1852 1849/1849/1849 1856/1856/1856
f 1855/1855/1855 1852/1852/1852 1856/1856/1856
f 1859/1859/1859 1858/1858/1858 1857/1857/1857
f 1860/1860/1860 1859/1859/1859 1857/1857/1857
f 1863/1863/1863 1862/1862/1862 1861/1861/1861
f 1864/1864/1864 1863/1863/1863 1861/1861/1861
f 1867/1867/1867 1866/1866/1866 1865/1865/1865
f 1868/1868/1868 1867/1867/1867 1865/1865/1865
f 1871/1871/1871 1870/1870/1870 1869/1869/1869
f 1872/1872/1872 1871/1871/1871 1869/1869/1869
f 1875/1875/1875 1874/1874/1874 1873/1873/1873
f 1876/1876/1876 1875/1875/1875 1873/1873/1873
f 1879/1879/1879 1878/1878/1878 1877/1877/1877
f 1880/1880/1880 1879/1879/1879 1877/1877/1877
f 1883/1883/1883 1882/1882/1882 1881/1881/1881
f 1884/1884/1884 1883/1883/1883 1881/1881/1881
f 1887/1887/1887 1886/1886/1886 1885/1885/1885
f 1888/1888/1888 1887/1887/1887 1885/1885/1885
f 1891/1891/1891 1890/1890/1890 1889/1889/1889
f 1892/1892/1892 1891/1891/1891 1889/1889/1889
f 1895/1895/1895 1894/1894/1894 1893/1893/1893
f 1896/1896/1896 1895/1895/1895 1893/1893/1893
f 1899/1899/1899 1898/1898/1898 1897/1897/1897
f 1900/1900/1900 1899/1899/1899 1897/1897/1897
f 1901/1901/1901 1900/1900/1900 1897/1897/1897
f 1902/1902/1902 1901/1901/1901 1897/1897/1897
f 1905/1905/1905 1904/1904/1904 1903/1903/1903
f 1906/1906/1906 1905/1905/1905 1903/1903/1903
f 1909/1909/1909 1908/1908/1908 1907/1907/1907
f 1910/1910/1910 1909/1909/1909 1907/1907/1907
f 1913/1913/1913 1912/1912/1912 1911/1911/1911
f 1914/1914/1914 1913/1913/1913 1911/1911/1911
f 1917/1917/1917 1916/1916/1916 1915/1915/1915
f 1918/1918/1918 1917/1917/1917 1915/1915/1915
f 1921/1921/1921 1920/1920/1920 1919/1919/1919
f 1922/1922/1922 1921/1921/1921 1919/1919/1919
f 1921/1921/1921 1923/1923/1923 1920/1920/1920
f 1923/1923/1923 1924/1924/1924 1920/1920/1920
f 1923/1923/1923 1925/1925/1925 1924/1924/1924
f 1922/1922/1922 1919/1919/1919 1925/1925/1925
f 1923/1923/1923 1922/1922/1922 1925/1925/1925
f 1928/1928/1928 1927/1927/1927 1926/1926/1926
f 1929/1929/1929 1928/1928/1928 1926/1926/1926
f 1932/1932/1932 1931/1931/1931 1930/1930/1930
f 1933/1933/1933 1932/1932/1932 1930/1930/1930
f 1936/1936/1936 1935/1935/1935 1934/1934/1934
f 1937/1937/1937 1936/1936/1936 1934/1934/1934
f 1940/1940/1940 1939/1939/1939 1938/1938/1938
f 1941/1941/1941 1940/1940/1940 1938/1938/1938
f 1944/1944/1944 1943/1943/1943 1942/1942/1942
f 1945/1945/1945 1944/1944/1944 1942/1942/1942
f 1945/1945/1945 1946/1946/1946 1944/1944/1944
f 1946/1946/1946 1947/1947/1947 1944/1944/1944
f 1950/1950/1950 1949/1949/1949 1948/1948/1948
f 1951/1951/1951 1950/1950/1950 1948/1948/1948
f 1954/1954/1954 1953/1953/1953 1952/1952/1952
f 1955/1955/1955 1954/1954/1954 1952/1952/1952
f 1958/1958/1958 1957/1957/1957 1956/1956/1956
f 1959/1959/1959 1958/1958/1958 1956/1956/1956
f 1960/1960/1960 1957/1957/1957 1958/1958/1958
f 1961/1961/1961 1960/1960/1960 1958/1958/1958
f 1961/1961/1961 1962/1962/1962 1960/1960/1960
f 1962/1962/1962 1963/1963/1963 1960/1960/1960
f 1966/1966/1966 1965/1965/1965 1964/1964/1964
f 1967/1967/1967 1966/1966/1966 1964/1964/1964
f 1968/1968/1968 1965/1965/1965 1966/1966/1966
f 1969/1969/1969 1968/1968/1968 1966/1966/1966
f 1969/1969/1969 1970/1970/1970 1968/1968/1968
f 1970/1970/1970 1971/1971/1971 1968/1968/1968
f 1974/1974/1974 1973/1973/1973 1972/1972/1972
f 1975/1975/1975 1974/1974/1974 1972/1972/1972
f 1972/1972/1972 1973/1973/1973 1976/1976/1976
f 1977/1977/1977 1972/1972/1972 1976/1976/1976
f 1977/1977/1977 1976/1976/1976 1978/1978/1978
f 1976/1976/1976 1979/1979/1979 1978/1978/1978
f 1982/1982/1982 1981/1981/1981 1980/1980/1980
f 1983/1983/1983 1982/1982/1982 1980/1980/1980
f 1980/1980/1980 1984/1984/1984 1983/1983/1983
f 1984/1984/1984 1985/1985/1985 1983/1983/1983
f 1988/1988/1988 1987/1987/1987 1986/1986/1986
f 1989/1989/1989 1988/1988/1988 1986/1986/1986
f 1987/1987/1987 1988/1988/1988 1990/1990/1990
f 1988/1988/1988 1991/1991/1991 1990/1990/1990
f 1994/1994/1994 1993/1993/1993 1992/1992/1992
f 1995/1995/1995 1994/1994/1994 1992/1992/1992
f 1996/1996/1996 1992/1992/1992 1993/1993/1993
f 1997/1997/1997 1996/1996/1996 1993/1993/1993
f 2000/2000/2000 1999/1999/1999 1998/1998/1998
f 2001/2001/2001 2000/2000/2000 1998/1998/1998
f 2004/2004/2004 2003/2003/2003 2002/2002/2002
f 2005/2005/2005 2004/2004/2004 2002/2002/2002
f 2002/2002/2002 2003/2003/2003 2006/2006/2006
f 2003/2003/2003 2007/2007/2007 2006/2006/2006
f 2010/2010/2010 2009/2009/2009 2008/2008/2008
f 2011/2011/2011 2010/2010/2010 2008/2008/2008
f 2014/2014/2014 2013/2013/2013 2012/2012/2012
f 2014/2014/2014 2012/2012/2012 2015/2015/2015
f 2012/2012/2012 2016/2016/2016 2015/2015/2015
f 2017/2017/2017 2015/2015/2015 2016/2016/2016
f 2018/2018/2018 2017/2017/2017 2016/2016/2016
f 2021/2021/2021 2020/2020/2020 2019/2019/2019
f 2022/2022/2022 2021/2021/2021 2019/2019/2019
f 2021/2021/2021 2022/2022/2022 2023/2023/2023
f 2024/2024/2024 2021/2021/2021 2023/2023/2023
f 2025/2025/2025 2024/2024/2024 2023/2023/2023
f 2026/2026/2026 2025/2025/2025 2023/2023/2023
f 2029/2029/2029 2028/2028/2028 2027/2027/2027
f 2030/2030/2030 2029/2029/2029 2027/2027/2027
f 2033/2033/2033 2032/2032/2032 2031/2031/2031
f 2034/2034/2034 2033/2033/2033 2031/2031/2031
f 2034/2034/2034 2031/2031/2031 2035/2035/2035
f 2036/2036/2036 2034/2034/2034 2035/2035/2035
f 2039/2039/2039 2038/2038/2038 2037/2037/2037
f 2037/2037/2037 2038/2038/2038 2040/2040/2040
f 2041/2041/2041 2037/2037/2037 2040/2040/2040
f 2041/2041/2041 2040/2040/2040 2042/2042/2042
f 2040/2040/2040 2043/2043/2043 2042/2042/2042
f 2046/2046/2046 2045/2045/2045 2044/2044/2044
f 2047/2047/2047 2046/2046/2046 2044/2044/2044
f 2050/2050/2050 2049/2049/2049 2048/2048/2048
f 2051/2051/2051 2050/2050/2050 2048/2048/2048
f 2054/2054/2054 2053/2053/2053 2052/2052/2052
f 2055/2055/2055 2054/2054/2054 2052/2052/2052
f 2058/2058/2058 2057/2057/2057 2056/2056/2056
f 2059/2059/2059 2058/2058/2058 2056/2056/2056
f 2062/2062/2062 2061/2061/2061 2060/2060/2060
f 2062/2062/2062 2063/2063/2063 2061/2061/2061
f 2063/2063/2063 2064/2064/2064 2061/2061/2061
f 2063/2063/2063 2065/2065/2065 2064/2064/2064
f 2065/2065/2065 2066/2066/2066 2064/2064/2064
f 2062/2062/2062 2060/2060/2060 2066/2066/2066
f 2065/2065/2065 2062/2062/2062 2066/2066/2066
f 2069/2069/2069 2068/2068/2068 2067/2067/2067
f 2070/2070/2070 2069/2069/2069 2067/2067/2067
f 2073/2073/2073 2072/2072/2072 2071/2071/2071
f 2074/2074/2074 2073/2073/2073 2071/2071/2071
f 2077/2077/2077 2076/2076/2076 2075/2075/2075
f 2078/2078/2078 2077/2077/2077 2075/2075/2075
f 2081/2081/2081 2080/2080/2080 2079/2079/2079
f 2081/2081/2081 2082/2082/2082 2080/2080/2080
f 2083/2083/2083 2082/2082/2082 2081/2081/2081
f 2086/2086/2086 2085/2085/2085 2084/2084/2084
f 2087/2087/2087 2086/2086/2086 2084/2084/2084
f 2090/2090/2090 2089/2089/2089 2088/2088/2088
f 2091/2091/2091 2090/2090/2090 2088/2088/2088
f 2094/2094/2094 2093/2093/2093 2092/2092/2092
f 2095/2095/2095 2094/2094/2094 2092/2092/2092
f 2098/2098/2098 2097/2097/2097 2096/2096/2096
f 2099/2099/2099 2098/2098/2098 2096/2096/2096
f 2102/2102/2102 2101/2101/2101 2100/2100/2100
f 2103/2103/2103 2102/2102/2102 2100/2100/2100
f 2106/2106/2106 2105/2105/2105 2104/2104/2104
f 2107/2107/2107 2105/2105/2105 2106/2106/2106
f 2107/2107/2107 2108/2108/2108 2105/2105/2105
f 2111/2111/2111 2110/2110/2110 2109/2109/2109
f 2112/2112/2112 2111/2111/2111 2109/2109/2109
f 2112/2112/2112 2114/2114/2114 2113/2113/2113
f 2115/2115/2115 2112/2112/2112 2113/2113/2113
f 2114/2114/2114 2117/2117/2117 2116/2116/2116
f 2118/2118/2118 2114/2114/2114 2116/2116/2116
f 2117/2117/2117 2120/2120/2120 2119/2119/2119
f 2121/2121/2121 2117/2117/2117 2119/2119/2119
f 2124/2124/2124 2123/2123/2123 2122/2122/2122
f 2125/2125/2125 2124/2124/2124 2122/2122/2122
f 2127/2127/2127 2124/2124/2124 2126/2126/2126
f 2128/2128/2128 2127/2127/2127 2126/2126/2126
f 2130/2130/2130 2127/2127/2127 2129/2129/2129
f 2131/2131/2131 2130/2130/2130 2129/2129/2129
f 2133/2133/2133 2130/2130/2130 2132/2132/2132
f 2134/2134/2134 2133/2133/2133 2132/2132/2132
f 2137/2137/2137 2136/2136/2136 2135/2135/2135
f 2138/2138/2138 2137/2137/2137 2135/2135/2135
f 2140/2140/2140 2137/2137/2137 2139/2139/2139
f 2141/2141/2141 2140/2140/2140 2139/2139/2139
f 2144/2144/2144 2143/2143/2143 2142/2142/2142
f 2143/2143/2143 2145/2145/2145 2142/2142/2142
f 2146/2146/2146 2144/2144/2144 2142/2142/2142
f 2147/2147/2147 2146/2146/2146 2142/2142/2142
f 2145/2145/2145 2148/2148/2148 2142/2142/2142
f 2148/2148/2148 2149/2149/2149 2142/2142/2142
f 2149/2149/2149 2150/2150/2150 2142/2142/2142
f 2150/2150/2150 2147/2147/2147 2142/2142/2142
f 2143/2143/2143 2144/2144/2144 2151/2151/2151
f 2152/2152/2152 2151/2151/2151 2144/2144/2144
f 2153/2153/2153 2143/2143/2143 2151/2151/2151
f 2145/2145/2145 2143/2143/2143 2153/2153/2153
f 2154/2154/2154 2145/2145/2145 2153/2153/2153
f 2148/2148/2148 2145/2145/2145 2154/2154/2154
f 2149/2149/2149 2148/2148/2148 2155/2155/2155
f 2155/2155/2155 2148/2148/2148 2154/2154/2154
f 2156/2156/2156 2149/2149/2149 2155/2155/2155
f 2157/2157/2157 2149/2149/2149 2156/2156/2156
f 2150/2150/2150 2149/2149/2149 2157/2157/2157
f 2158/2158/2158 2150/2150/2150 2157/2157/2157
f 2147/2147/2147 2150/2150/2150 2158/2158/2158
f 2146/2146/2146 2147/2147/2147 2159/2159/2159
f 2159/2159/2159 2147/2147/2147 2158/2158/2158
f 2160/2160/2160 2146/2146/2146 2159/2159/2159
f 2144/2144/2144 2146/2146/2146 2160/2160/2160
f 2152/2152/2152 2144/2144/2144 2160/2160/2160
f 2163/2163/2163 2162/2162/2162 2161/2161/2161
f 2165/2165/2165 2161/2161/2161 2164/2164/2164
f 2166/2166/2166 2165/2165/2165 2164/2164/2164
f 2169/2169/2169 2168/2168/2168 2167/2167/2167
f 2171/2171/2171 2170/2170/2170 2169/2169/2169
f 2171/2171/2171 2172/2172/2172 2170/2170/2170
f 2169/2169/2169 2170/2170/2170 2173/2173/2173
f 2170/2170/2170 2174/2174/2174 2173/2173/2173
f 2177/2177/2177 2176/2176/2176 2175/2175/2175
f 2178/2178/2178 2177/2177/2177 2175/2175/2175
f 2175/2175/2175 2176/2176/2176 2179/2179/2179
f 2177/2177/2177 2178/2178/2178 2180/2180/2180
f 2181/2181/2181 2179/2179/2179 2176/2176/2176
f 2182/2182/2182 2179/2179/2179 2181/2181/2181
f 2182/2182/2182 2181/2181/2181 2183/2183/2183
f 2182/2182/2182 2183/2183/2183 2184/2184/2184
f 2184/2184/2184 2183/2183/2183 2185/2185/2185
f 2186/2186/2186 2184/2184/2184 2185/2185/2185
f 2187/2187/2187 2186/2186/2186 2185/2185/2185
f 2188/2188/2188 2187/2187/2187 2185/2185/2185
f 2189/2189/2189 2187/2187/2187 2188/2188/2188
f 2190/2190/2190 2185/2185/2185 2183/2183/2183
f 2191/2191/2191 2190/2190/2190 2183/2183/2183
f 2194/2194/2194 2193/2193/2193 2192/2192/2192
f 2195/2195/2195 2194/2194/2194 2192/2192/2192
f 2198/2198/2198 2197/2197/2197 2196/2196/2196
f 2199/2199/2199 2198/2198/2198 2196/2196/2196
f 2200/2200/2200 2197/2197/2197 2198/2198/2198
f 2201/2201/2201 2200/2200/2200 2198/2198/2198
f 2200/2200/2200 2201/2201/2201 2202/2202/2202
f 2201/2201/2201 2203/2203/2203 2202/2202/2202
f 2201/2201/2201 2198/2198/2198 2204/2204/2204
f 2205/2205/2205 2197/2197/2197 2200/2200/2200
f 2206/2206/2206 2205/2205/2205 2200/2200/2200
f 2209/2209/2209 2208/2208/2208 2207/2207/2207
f 2207/2207/2207 2208/2208/2208 2210/2210/2210
f 2208/2208/2208 2211/2211/2211 2210/2210/2210
f 2214/2214/2214 2213/2213/2213 2212/2212/2212
f 2213/2213/2213 2216/2216/2216 2215/2215/2215
f 2217/2217/2217 2213/2213/2213 2215/2215/2215
f 2217/2217/2217 2219/2219/2219 2218/2218/2218
f 2220/2220/2220 2217/2217/2217 2218/2218/2218
f 2223/2223/2223 2222/2222/2222 2221/2221/2221
f 2221/2221/2221 2225/2225/2225 2224/2224/2224
f 2225/2225/2225 2226/2226/2226 2224/2224/2224
f 2225/2225/2225 2228/2228/2228 2227/2227/2227
f 2228/2228/2228 2229/2229/2229 2227/2227/2227
f 2232/2232/2232 2231/2231/2231 2230/2230/2230
f 2231/2231/2231 2233/2233/2233 2230/2230/2230
f 2231/2231/2231 2235/2235/2235 2234/2234/2234
f 2235/2235/2235 2236/2236/2236 2234/2234/2234
f 2239/2239/2239 2238/2238/2238 2237/2237/2237
f 2238/2238/2238 2240/2240/2240 2237/2237/2237
f 2238/2238/2238 2242/2242/2242 2241/2241/2241
f 2242/2242/2242 2243/2243/2243 2241/2241/2241
f 2242/2242/2242 2245/2245/2245 2244/2244/2244
f 2245/2245/2245 2246/2246/2246 2244/2244/2244
f 2249/2249/2249 2248/2248/2248 2247/2247/2247
f 2247/2247/2247 2250/2250/2250 2249/2249/2249
f 2250/2250/2250 2251/2251/2251 2249/2249/2249
f 2250/2250/2250 2252/2252/2252 2251/2251/2251
f 2252/2252/2252 2253/2253/2253 2251/2251/2251
f 2247/2247/2247 2248/2248/2248 2254/2254/2254
f 2255/2255/2255 2247/2247/2247 2254/2254/2254
f 2255/2255/2255 2254/2254/2254 2256/2256/2256
f 2257/2257/2257 2255/2255/2255 2256/2256/2256
f 2252/2252/2252 2258/2258/2258 2253/2253/2253
f 2258/2258/2258 2259/2259/2259 2253/2253/2253
f 2258/2258/2258 2260/2260/2260 2259/2259/2259
f 2260/2260/2260 2261/2261/2261 2259/2259/2259
f 2260/2260/2260 2262/2262/2262 2261/2261/2261
f 2260/2260/2260 2263/2263/2263 2262/2262/2262
f 2263/2263/2263 2264/2264/2264 2262/2262/2262
f 2257/2257/2257 2256/2256/2256 2264/2264/2264
f 2263/2263/2263 2257/2257/2257 2264/2264/2264
f 2250/2250/2250 2265/2265/2265 2252/2252/2252
f 2258/2258/2258 2265/2265/2265 2260/2260/2260
f 2260/2260/2260 2265/2265/2265 2263/2263/2263
f 2257/2257/2257 2265/2265/2265 2255/2255/2255
f 2258/2258/2258 2252/2252/2252 2265/2265/2265
f 2257/2257/2257 2263/2263/2263 2265/2265/2265
f 2247/2247/2247 2265/2265/2265 2250/2250/2250
f 2255/2255/2255 2265/2265/2265 2247/2247/2247
f 2268/2268/2268 2267/2267/2267 2266/2266/2266
f 2269/2269/2269 2268/2268/2268 2266/2266/2266
f 2272/2272/2272 2271/2271/2271 2270/2270/2270
f 2271/2271/2271 2273/2273/2273 2270/2270/2270
f 2272/2272/2272 2270/2270/2270 2274/2274/2274
f 2273/2273/2273 2271/2271/2271 2275/2275/2275
f 2278/2278/2278 2277/2277/2277 2276/2276/2276
f 2277/2277/2277 2279/2279/2279 2276/2276/2276
f 2279/2279/2279 2280/2280/2280 2276/2276/2276
f 2279/2279/2279 2281/2281/2281 2280/2280/2280
f 2282/2282/2282 2278/2278/2278 2276/2276/2276
f 2282/2282/2282 2283/2283/2283 2278/2278/2278
f 2286/2286/2286 2285/2285/2285 2284/2284/2284
f 2287/2287/2287 2286/2286/2286 2284/2284/2284
f 2289/2289/2289 2288/2288/2288 2284/2284/2284
f 2290/2290/2290 2288/2288/2288 2289/2289/2289
f 2290/2290/2290 2289/2289/2289 2291/2291/2291
f 2291/2291/2291 2289/2289/2289 2292/2292/2292
f 2289/2289/2289 2293/2293/2293 2292/2292/2292
f 2296/2296/2296 2295/2295/2295 2294/2294/2294
f 2295/2295/2295 2297/2297/2297 2294/2294/2294
f 2300/2300/2300 2299/2299/2299 2298/2298/2298
f 2301/2301/2301 2299/2299/2299 2300/2300/2300
f 2300/2300/2300 2298/2298/2298 2302/2302/2302
f 2303/2303/2303 2300/2300/2300 2302/2302/2302
f 2306/2306/2306 2305/2305/2305 2304/2304/2304
f 2307/2307/2307 2306/2306/2306 2304/2304/2304
f 2310/2310/2310 2309/2309/2309 2308/2308/2308
f 2311/2311/2311 2310/2310/2310 2308/2308/2308
f 2314/2314/2314 2313/2313/2313 2312/2312/2312
f 2315/2315/2315 2314/2314/2314 2312/2312/2312
f 2313/2313/2313 2316/2316/2316 2312/2312/2312
f 2316/2316/2316 2317/2317/2317 2312/2312/2312
f 2320/2320/2320 2319/2319/2319 2318/2318/2318
f 2319/2319/2319 2321/2321/2321 2318/2318/2318
f 2322/2322/2322 2321/2321/2321 2319/2319/2319
f 2323/2323/2323 2322/2322/2322 2319/2319/2319
f 2323/2323/2323 2324/2324/2324 2322/2322/2322
f 2324/2324/2324 2325/2325/2325 2322/2322/2322
f 2328/2328/2328 2327/2327/2327 2326/2326/2326
f 2329/2329/2329 2328/2328/2328 2326/2326/2326
f 2328/2328/2328 2330/2330/2330 2327/2327/2327
f 2330/2330/2330 2331/2331/2331 2327/2327/2327
f 2334/2334/2334 2333/2333/2333 2332/2332/2332
f 2333/2333/2333 2335/2335/2335 2332/2332/2332
f 2333/2333/2333 2336/2336/2336 2335/2335/2335
f 2336/2336/2336 2337/2337/2337 2335/2335/2335
f 2336/2336/2336 2338/2338/2338 2337/2337/2337
f 2338/2338/2338 2339/2339/2339 2337/2337/2337
f 2342/2342/2342 2341/2341/2341 2340/2340/2340
f 2343/2343/2343 2342/2342/2342 2340/2340/2340
f 2341/2341/2341 2342/2342/2342 2344/2344/2344
f 2342/2342/2342 2345/2345/2345 2344/2344/2344
f 2344/2344/2344 2345/2345/2345 2346/2346/2346
f 2345/2345/2345 2347/2347/2347 2346/2346/2346
f 2350/2350/2350 2349/2349/2349 2348/2348/2348
f 2351/2351/2351 2350/2350/2350 2348/2348/2348
f 2352/2352/2352 2350/2350/2350 2351/2351/2351
f 2353/2353/2353 2352/2352/2352 2351/2351/2351
f 2354/2354/2354 2352/2352/2352 2353/2353/2353
f 2355/2355/2355 2354/2354/2354 2353/2353/2353
f 2356/2356/2356 2354/2354/2354 2355/2355/2355
f 2357/2357/2357 2356/2356/2356 2355/2355/2355
f 2358/2358/2358 2356/2356/2356 2357/2357/2357
f 2359/2359/2359 2358/2358/2358 2357/2357/2357
f 2349/2349/2349 2360/2360/2360 2348/2348/2348
f 2360/2360/2360 2361/2361/2361 2348/2348/2348
f 2364/2364/2364 2363/2363/2363 2362/2362/2362
f 2365/2365/2365 2364/2364/2364 2362/2362/2362
f 2364/2364/2364 2365/2365/2365 2366/2366/2366
f 2367/2367/2367 2364/2364/2364 2366/2366/2366
f 2367/2367/2367 2366/2366/2366 2368/2368/2368
f 2369/2369/2369 2367/2367/2367 2368/2368/2368
f 2369/2369/2369 2368/2368/2368 2370/2370/2370
f 2371/2371/2371 2369/2369/2369 2370/2370/2370
f 2371/2371/2371 2370/2370/2370 2372/2372/2372
f 2373/2373/2373 2371/2371/2371 2372/2372/2372
f 2373/2373/2373 2372/2372/2372 2374/2374/2374
f 2375/2375/2375 2373/2373/2373 2374/2374/2374
f 2378/2378/2378 2377/2377/2377 2376/2376/2376
f 2379/2379/2379 2378/2378/2378 2376/2376/2376
f 2376/2376/2376 2377/2377/2377 2380/2380/2380
f 2381/2381/2381 2376/2376/2376 2380/2380/2380
f 2382/2382/2382 2381/2381/2381 2380/2380/2380
f 2383/2383/2383 2382/2382/2382 2380/2380/2380
f 2378/2378/2378 2379/2379/2379 2384/2384/2384
f 2385/2385/2385 2378/2378/2378 2384/2384/2384
f 2383/2383/2383 2386/2386/2386 2382/2382/2382
f 2386/2386/2386 2387/2387/2387 2382/2382/2382
f 2388/2388/2388 2387/2387/2387 2386/2386/2386
f 2389/2389/2389 2388/2388/2388 2386/2386/2386
f 2392/2392/2392 2391/2391/2391 2390/2390/2390
f 2393/2393/2393 2392/2392/2392 2390/2390/2390
f 2392/2392/2392 2394/2394/2394 2391/2391/2391
f 2395/2395/2395 2393/2393/2393 2390/2390/2390
f 2396/2396/2396 2395/2395/2395 2390/2390/2390
f 2399/2399/2399 2398/2398/2398 2397/2397/2397
f 2399/2399/2399 2400/2400/2400 2398/2398/2398
f 2400/2400/2400 2401/2401/2401 2398/2398/2398
f 2400/2400/2400 2402/2402/2402 2401/2401/2401
f 2402/2402/2402 2403/2403/2403 2401/2401/2401
f 2406/2406/2406 2405/2405/2405 2404/2404/2404
f 2407/2407/2407 2406/2406/2406 2404/2404/2404
f 2410/2410/2410 2409/2409/2409 2408/2408/2408
f 2411/2411/2411 2410/2410/2410 2408/2408/2408
f 2409/2409/2409 2410/2410/2410 2412/2412/2412
f 2410/2410/2410 2413/2413/2413 2412/2412/2412
f 2416/2416/2416 2415/2415/2415 2414/2414/2414
f 2417/2417/2417 2416/2416/2416 2414/2414/2414
f 2420/2420/2420 2419/2419/2419 2418/2418/2418
f 2421/2421/2421 2420/2420/2420 2418/2418/2418
f 2422/2422/2422 2420/2420/2420 2421/2421/2421
f 2423/2423/2423 2422/2422/2422 2421/2421/2421
f 2426/2426/2426 2425/2425/2425 2424/2424/2424
f 2427/2427/2427 2426/2426/2426 2424/2424/2424
f 2430/2430/2430 2429/2429/2429 2428/2428/2428
f 2431/2431/2431 2430/2430/2430 2428/2428/2428
f 2430/2430/2430 2431/2431/2431 2432/2432/2432
f 2433/2433/2433 2430/2430/2430 2432/2432/2432
f 2436/2436/2436 2435/2435/2435 2434/2434/2434
f 2437/2437/2437 2434/2434/2434 2435/2435/2435
f 2437/2437/2437 2435/2435/2435 2438/2438/2438
f 2439/2439/2439 2437/2437/2437 2438/2438/2438
f 2440/2440/2440 2439/2439/2439 2438/2438/2438
f 2441/2441/2441 2440/2440/2440 2438/2438/2438
f 2444/2444/2444 2443/2443/2443 2442/2442/2442
f 2445/2445/2445 2444/2444/2444 2442/2442/2442
f 2446/2446/2446 2443/2443/2443 2444/2444/2444
f 2447/2447/2447 2446/2446/2446 2444/2444/2444
f 2446/2446/2446 2447/2447/2447 2448/2448/2448
f 2449/2449/2449 2446/2446/2446 2448/2448/2448
f 2449/2449/2449 2448/2448/2448 2450/2450/2450
f 2451/2451/2451 2449/2449/2449 2450/2450/2450
f 2452/2452/2452 2451/2451/2451 2450/2450/2450
f 2453/2453/2453 2452/2452/2452 2450/2450/2450
f 2442/2442/2442 2454/2454/2454 2445/2445/2445
f 2454/2454/2454 2455/2455/2455 2445/2445/2445
f 2458/2458/2458 2457/2457/2457 2456/2456/2456
f 2459/2459/2459 2458/2458/2458 2456/2456/2456
f 2460/2460/2460 2458/2458/2458 2459/2459/2459
f 2461/2461/2461 2460/2460/2460 2459/2459/2459
f 2464/2464/2464 2463/2463/2463 2462/2462/2462
f 2465/2465/2465 2464/2464/2464 2462/2462/2462
f 2466/2466/2466 2464/2464/2464 2465/2465/2465
f 2467/2467/2467 2466/2466/2466 2465/2465/2465
f 2470/2470/2470 2469/2469/2469 2468/2468/2468
f 2470/2470/2470 2468/2468/2468 2471/2471/2471
f 2474/2474/2474 2473/2473/2473 2472/2472/2472
f 2474/2474/2474 2475/2475/2475 2473/2473/2473
f 2478/2478/2478 2477/2477/2477 2476/2476/2476
f 2479/2479/2479 2478/2478/2478 2476/2476/2476
f 2482/2482/2482 2481/2481/2481 2480/2480/2480
f 2483/2483/2483 2482/2482/2482 2480/2480/2480
f 2486/2486/2486 2485/2485/2485 2484/2484/2484
f 2487/2487/2487 2486/2486/2486 2484/2484/2484
f 2490/2490/2490 2489/2489/2489 2488/2488/2488
f 2491/2491/2491 2490/2490/2490 2488/2488/2488
f 2494/2494/2494 2493/2493/2493 2492/2492/2492
f 2495/2495/2495 2494/2494/2494 2492/2492/2492
f 2498/2498/2498 2497/2497/2497 2496/2496/2496
f 2499/2499/2499 2498/2498/2498 2496/2496/2496
f 2502/2502/2502 2501/2501/2501 2500/2500/2500
f 2503/2503/2503 2502/2502/2502 2500/2500/2500
f 2506/2506/2506 2505/2505/2505 2504/2504/2504
f 2507/2507/2507 2506/2506/2506 2504/2504/2504
f 2510/2510/2510 2509/2509/2509 2508/2508/2508
f 2511/2511/2511 2510/2510/2510 2508/2508/2508
f 2514/2514/2514 2513/2513/2513 2512/2512/2512
f 2515/2515/2515 2514/2514/2514 2512/2512/2512
f 2518/2518/2518 2517/2517/2517 2516/2516/2516
f 2519/2519/2519 2518/2518/2518 2516/2516/2516
f 2522/2522/2522 2521/2521/2521 2520/2520/2520
f 2523/2523/2523 2522/2522/2522 2520/2520/2520
f 2526/2526/2526 2525/2525/2525 2524/2524/2524
f 2527/2527/2527 2526/2526/2526 2524/2524/2524
f 2530/2530/2530 2529/2529/2529 2528/2528/2528
f 2531/2531/2531 2530/2530/2530 2528/2528/2528
f 2534/2534/2534 2533/2533/2533 2532/2532/2532
f 2535/2535/2535 2534/2534/2534 2532/2532/2532
f 2538/2538/2538 2537/2537/2537 2536/2536/2536
f 2539/2539/2539 2538/2538/2538 2536/2536/2536
f 2542/2542/2542 2541/2541/2541 2540/2540/2540
f 2543/2543/2543 2542/2542/2542 2540/2540/2540
f 2546/2546/2546 2545/2545/2545 2544/2544/2544
f 2547/2547/2547 2546/2546/2546 2544/2544/2544
f 2550/2550/2550 2549/2549/2549 2548/2548/2548
f 2551/2551/2551 2550/2550/2550 2548/2548/2548
f 2554/2554/2554 2553/2553/2553 2552/2552/2552
f 2555/2555/2555 2554/2554/2554 2552/2552/2552
f 2558/2558/2558 2557/2557/2557 2556/2556/2556
f 2561/2561/2561 2560/2560/2560 2559/2559/2559
f 2564/2564/2564 2563/2563/2563 2562/2562/2562
f 2567/2567/2567 2566/2566/2566 2565/2565/2565
f 2570/2570/2570 2569/2569/2569 2568/2568/2568
f 2573/2573/2573 2572/2572/2572 2571/2571/2571
f 2576/2576/2576 2575/2575/2575 2574/2574/2574
f 2579/2579/2579 2578/2578/2578 2577/2577/2577
f 2582/2582/2582 2581/2581/2581 2580/2580/2580
f 2583/2583/2583 2582/2582/2582 2580/2580/2580
f 2586/2586/2586 2585/2585/2585 2584/2584/2584
f 2587/2587/2587 2586/2586/2586 2584/2584/2584
f 2590/2590/2590 2589/2589/2589 2588/2588/2588
f 2591/2591/2591 2590/2590/2590 2588/2588/2588
f 2594/2594/2594 2593/2593/2593 2592/2592/2592
f 2595/2595/2595 2594/2594/2594 2592/2592/2592
f 2598/2598/2598 2597/2597/2597 2596/2596/2596
f 2599/2599/2599 2598/2598/2598 2596/2596/2596
f 2602/2602/2602 2601/2601/2601 2600/2600/2600
f 2603/2603/2603 2602/2602/2602 2600/2600/2600
f 2606/2606/2606 2605/2605/2605 2604/2604/2604
f 2607/2607/2607 2606/2606/2606 2604/2604/2604
f 2610/2610/2610 2609/2609/2609 2608/2608/2608
f 2613/2613/2613 2612/2612/2612 2611/2611/2611
f 2616/2616/2616 2615/2615/2615 2614/2614/2614
f 2619/2619/2619 2618/2618/2618 2617/2617/2617
f 2622/2622/2622 2621/2621/2621 2620/2620/2620
f 2625/2625/2625 2624/2624/2624 2623/2623/2623
f 2628/2628/2628 2627/2627/2627 2626/2626/2626
f 2629/2629/2629 2628/2628/2628 2626/2626/2626
f 2632/2632/2632 2631/2631/2631 2630/2630/2630
f 2635/2635/2635 2634/2634/2634 2633/2633/2633
f 2638/2638/2638 2637/2637/2637 2636/2636/2636
f 2639/2639/2639 2638/2638/2638 2636/2636/2636
f 2642/2642/2642 2641/2641/2641 2640/2640/2640
f 2643/2643/2643 2642/2642/2642 2640/2640/2640
f 2642/2642/2642 2644/2644/2644 2641/2641/2641
f 2644/2644/2644 2645/2645/2645 2641/2641/2641
f 2646/2646/2646 2642/2642/2642 2643/2643/2643
f 2647/2647/2647 2646/2646/2646 2643/2643/2643
f 2648/2648/2648 2644/2644/2644 2642/2642/2642
f 2646/2646/2646 2648/2648/2648 2642/2642/2642
f 2649/2649/2649 2646/2646/2646 2647/2647/2647
f 2650/2650/2650 2649/2649/2649 2647/2647/2647
f 2651/2651/2651 2648/2648/2648 2646/2646/2646
f 2649/2649/2649 2651/2651/2651 2646/2646/2646
f 2652/2652/2652 2643/2643/2643 2640/2640/2640
f 2653/2653/2653 2647/2647/2647 2643/2643/2643
f 2652/2652/2652 2653/2653/2653 2643/2643/2643
f 2654/2654/2654 2650/2650/2650 2647/2647/2647
f 2653/2653/2653 2654/2654/2654 2647/2647/2647
f 2655/2655/2655 2652/2652/2652 2640/2640/2640
f 2658/2658/2658 2657/2657/2657 2656/2656/2656
f 2657/2657/2657 2659/2659/2659 2656/2656/2656
f 2660/2660/2660 2657/2657/2657 2658/2658/2658
f 2661/2661/2661 2660/2660/2660 2658/2658/2658
f 2662/2662/2662 2660/2660/2660 2661/2661/2661
f 2663/2663/2663 2662/2662/2662 2661/2661/2661
f 2657/2657/2657 2664/2664/2664 2659/2659/2659
f 2664/2664/2664 2665/2665/2665 2659/2659/2659
f 2666/2666/2666 2664/2664/2664 2657/2657/2657
f 2660/2660/2660 2666/2666/2666 2657/2657/2657
f 2667/2667/2667 2666/2666/2666 2660/2660/2660
f 2662/2662/2662 2667/2667/2667 2660/2660/2660
f 2669/2669/2669 2668/2668/2668 2665/2665/2665
f 2670/2670/2670 2668/2668/2668 2669/2669/2669
f 2666/2666/2666 2670/2670/2670 2669/2669/2669
f 2671/2671/2671 2670/2670/2670 2666/2666/2666
f 2672/2672/2672 2671/2671/2671 2666/2666/2666
f 2675/2675/2675 2674/2674/2674 2673/2673/2673
f 2674/2674/2674 2676/2676/2676 2673/2673/2673
f 2676/2676/2676 2677/2677/2677 2673/2673/2673
f 2678/2678/2678 2674/2674/2674 2675/2675/2675
f 2679/2679/2679 2678/2678/2678 2675/2675/2675
f 2674/2674/2674 2678/2678/2678 2680/2680/2680
f 2678/2678/2678 2681/2681/2681 2680/2680/2680
f 2680/2680/2680 2681/2681/2681 2682/2682/2682
f 2681/2681/2681 2683/2683/2683 2682/2682/2682
f 2677/2677/2677 2676/2676/2676 2684/2684/2684
f 2676/2676/2676 2685/2685/2685 2684/2684/2684
f 2674/2674/2674 2680/2680/2680 2685/2685/2685
f 2676/2676/2676 2674/2674/2674 2685/2685/2685
f 2684/2684/2684 2685/2685/2685 2686/2686/2686
f 2685/2685/2685 2687/2687/2687 2686/2686/2686
f 2685/2685/2685 2680/2680/2680 2687/2687/2687
f 2680/2680/2680 2682/2682/2682 2687/2687/2687
f 2690/2690/2690 2689/2689/2689 2688/2688/2688
f 2690/2690/2690 2691/2691/2691 2689/2689/2689
f 2690/2690/2690 2692/2692/2692 2691/2691/2691
f 2690/2690/2690 2693/2693/2693 2692/2692/2692
f 2694/2694/2694 2690/2690/2690 2688/2688/2688
f 2695/2695/2695 2690/2690/2690 2694/2694/2694
f 2696/2696/2696 2690/2690/2690 2695/2695/2695
f 2697/2697/2697 2690/2690/2690 2696/2696/2696
f 2698/2698/2698 2690/2690/2690 2697/2697/2697
f 2699/2699/2699 2690/2690/2690 2698/2698/2698
f 2690/2690/2690 2699/2699/2699 2700/2700/2700
f 2690/2690/2690 2700/2700/2700 2701/2701/2701
f 2704/2704/2704 2703/2703/2703 2702/2702/2702
f 2705/2705/2705 2704/2704/2704 2702/2702/2702
f 2706/2706/2706 2704/2704/2704 2705/2705/2705
f 2707/2707/2707 2706/2706/2706 2705/2705/2705
f 2708/2708/2708 2706/2706/2706 2707/2707/2707
f 2709/2709/2709 2708/2708/2708 2707/2707/2707
f 2705/2705/2705 2702/2702/2702 2710/2710/2710
f 2711/2711/2711 2705/2705/2705 2710/2710/2710
f 2707/2707/2707 2705/2705/2705 2711/2711/2711
f 2711/2711/2711 2710/2710/2710 2712/2712/2712
f 2713/2713/2713 2711/2711/2711 2712/2712/2712
f 2714/2714/2714 2707/2707/2707 2711/2711/2711
f 2709/2709/2709 2707/2707/2707 2714/2714/2714
f 2714/2714/2714 2711/2711/2711 2715/2715/2715
f 2716/2716/2716 2714/2714/2714 2715/2715/2715
f 2717/2717/2717 2714/2714/2714 2716/2716/2716
f 2717/2717/2717 2709/2709/2709 2714/2714/2714
f 2718/2718/2718 2717/2717/2717 2716/2716/2716
f 2721/2721/2721 2720/2720/2720 2719/2719/2719
f 2722/2722/2722 2721/2721/2721 2719/2719/2719
f 2725/2725/2725 2724/2724/2724 2723/2723/2723
f 2726/2726/2726 2725/2725/2725 2723/2723/2723
f 2723/2723/2723 2724/2724/2724 2727/2727/2727
f 2724/2724/2724 2728/2728/2728 2727/2727/2727
f 2726/2726/2726 2729/2729/2729 2725/2725/2725
f 2729/2729/2729 2730/2730/2730 2725/2725/2725
f 2733/2733/2733 2732/2732/2732 2731/2731/2731
f 2734/2734/2734 2733/2733/2733 2731/2731/2731
f 2735/2735/2735 2733/2733/2733 2734/2734/2734
f 2736/2736/2736 2735/2735/2735 2734/2734/2734
f 2731/2731/2731 2732/2732/2732 2737/2737/2737
f 2738/2738/2738 2731/2731/2731 2737/2737/2737
f 2741/2741/2741 2740/2740/2740 2739/2739/2739
f 2742/2742/2742 2741/2741/2741 2739/2739/2739
f 2742/2742/2742 2743/2743/2743 2741/2741/2741
f 2743/2743/2743 2744/2744/2744 2741/2741/2741
f 2747/2747/2747 2746/2746/2746 2745/2745/2745
f 2748/2748/2748 2746/2746/2746 2747/2747/2747
f 2749/2749/2749 2748/2748/2748 2747/2747/2747
f 2752/2752/2752 2751/2751/2751 2750/2750/2750
f 2753/2753/2753 2752/2752/2752 2750/2750/2750
f 2752/2752/2752 2753/2753/2753 2754/2754/2754
f 2753/2753/2753 2755/2755/2755 2754/2754/2754
f 2758/2758/2758 2757/2757/2757 2756/2756/2756
f 2759/2759/2759 2758/2758/2758 2756/2756/2756
f 2762/2762/2762 2761/2761/2761 2760/2760/2760
f 2763/2763/2763 2762/2762/2762 2760/2760/2760
f 2762/2762/2762 2764/2764/2764 2761/2761/2761
f 2764/2764/2764 2765/2765/2765 2761/2761/2761
f 2768/2768/2768 2767/2767/2767 2766/2766/2766
f 2769/2769/2769 2768/2768/2768 2766/2766/2766
f 2772/2772/2772 2771/2771/2771 2770/2770/2770
f 2773/2773/2773 2772/2772/2772 2770/2770/2770
f 2773/2773/2773 2774/2774/2774 2772/2772/2772
f 2774/2774/2774 2775/2775/2775 2772/2772/2772
f 2775/2775/2775 2774/2774/2774 2776/2776/2776
f 2774/2774/2774 2777/2777/2777 2776/2776/2776
f 2780/2780/2780 2779/2779/2779 2778/2778/2778
f 2781/2781/2781 2779/2779/2779 2780/2780/2780
f 2782/2782/2782 2781/2781/2781 2780/2780/2780
f 2785/2785/2785 2784/2784/2784 2783/2783/2783
f 2786/2786/2786 2785/2785/2785 2783/2783/2783
f 2789/2789/2789 2788/2788/2788 2787/2787/2787
f 2790/2790/2790 2789/2789/2789 2787/2787/2787
f 2793/2793/2793 2792/2792/2792 2791/2791/2791
f 2794/2794/2794 2793/2793/2793 2791/2791/2791
f 2797/2797/2797 2796/2796/2796 2795/2795/2795
f 2798/2798/2798 2797/2797/2797 2795/2795/2795
f 2801/2801/2801 2800/2800/2800 2799/2799/2799
f 2802/2802/2802 2801/2801/2801 2799/2799/2799
f 2805/2805/2805 2804/2804/2804 2803/2803/2803
f 2806/2806/2806 2805/2805/2805 2803/2803/2803
f 2807/2807/2807 2805/2805/2805 2806/2806/2806
f 2808/2808/2808 2807/2807/2807 2806/2806/2806
f 2809/2809/2809 2807/2807/2807 2808/2808/2808
f 2804/2804/2804 2807/2807/2807 2809/2809/2809
f 2803/2803/2803 2804/2804/2804 2809/2809/2809
f 2812/2812/2812 2811/2811/2811 2810/2810/2810
f 2813/2813/2813 2812/2812/2812 2810/2810/2810
f 2816/2816/2816 2815/2815/2815 2814/2814/2814
f 2817/2817/2817 2816/2816/2816 2814/2814/2814
f 2820/2820/2820 2819/2819/2819 2818/2818/2818
f 2821/2821/2821 2820/2820/2820 2818/2818/2818
f 2824/2824/2824 2823/2823/2823 2822/2822/2822
f 2825/2825/2825 2824/2824/2824 2822/2822/2822
f 2826/2826/2826 2822/2822/2822 2823/2823/2823
f 2827/2827/2827 2826/2826/2826 2823/2823/2823
f 2830/2830/2830 2829/2829/2829 2828/2828/2828
f 2831/2831/2831 2830/2830/2830 2828/2828/2828
f 2830/2830/2830 2831/2831/2831 2832/2832/2832
f 2833/2833/2833 2830/2830/2830 2832/2832/2832
f 2836/2836/2836 2835/2835/2835 2834/2834/2834
f 2837/2837/2837 2836/2836/2836 2834/2834/2834
f 2834/2834/2834 2838/2838/2838 2837/2837/2837
f 2838/2838/2838 2839/2839/2839 2837/2837/2837
f 2842/2842/2842 2841/2841/2841 2840/2840/2840
f 2843/2843/2843 2842/2842/2842 2840/2840/2840
f 2846/2846/2846 2845/2845/2845 2844/2844/2844
f 2847/2847/2847 2846/2846/2846 2844/2844/2844
f 2847/2847/2847 2844/2844/2844 2848/2848/2848
f 2849/2849/2849 2847/2847/2847 2848/2848/2848
f 2852/2852/2852 2851/2851/2851 2850/2850/2850
f 2853/2853/2853 2852/2852/2852 2850/2850/2850
f 2856/2856/2856 2855/2855/2855 2854/2854/2854
f 2857/2857/2857 2856/2856/2856 2854/2854/2854
f 2860/2860/2860 2859/2859/2859 2858/2858/2858
f 2861/2861/2861 2860/2860/2860 2858/2858/2858
f 2864/2864/2864 2863/2863/2863 2862/2862/2862
f 2865/2865/2865 2864/2864/2864 2862/2862/2862
f 2868/2868/2868 2867/2867/2867 2866/2866/2866
f 2869/2869/2869 2868/2868/2868 2866/2866/2866
f 2872/2872/2872 2871/2871/2871 2870/2870/2870
f 2873/2873/2873 2872/2872/2872 2870/2870/2870
f 2874/2874/2874 2872/2872/2872 2873/2873/2873
f 2875/2875/2875 2874/2874/2874 2873/2873/2873
f 2876/2876/2876 2874/2874/2874 2875/2875/2875
f 2877/2877/2877 2876/2876/2876 2875/2875/2875
f 2871/2871/2871 2876/2876/2876 2877/2877/2877
f 2870/2870/2870 2871/2871/2871 2877/2877/2877
f 2880/2880/2880 2879/2879/2879 2878/2878/2878
f 2881/2881/2881 2880/2880/2880 2878/2878/2878
f 2884/2884/2884 2883/2883/2883 2882/2882/2882
f 2885/2885/2885 2884/2884/2884 2882/2882/2882
f 2888/2888/2888 2887/2887/2887 2886/2886/2886
f 2889/2889/2889 2888/2888/2888 2886/2886/2886
f 2892/2892/2892 2891/2891/2891 2890/2890/2890
f 2893/2893/2893 2892/2892/2892 2890/2890/2890
