g ship_cr90_liberator_02_mesh
v -35.634895 0.53904724 -57.256676
v -38.264244 -2.0831833 -57.256676
v -35.634895 -4.7125244 -57.256676
v -37.65226 -2.0831833 -40.875763
v -35.634895 -0.16899109 -40.875763
v -35.634895 -3.9938126 -40.875763
v -35.634895 0.53904724 -57.256676
v -35.634895 5.787056 -57.256676
v -38.264244 3.1577148 -57.256676
v -37.65226 3.1577148 -40.875763
v -35.634895 5.0718994 -40.875763
v -35.634895 1.247078 -40.875763
v 35.634872 0.53904724 -57.256676
v 35.634872 -4.7125244 -57.256676
v 38.264214 -2.0831833 -57.256676
v 37.652245 -2.0831833 -40.875763
v 35.634872 -3.9938126 -40.875763
v 35.634872 -0.16899109 -40.875763
v 35.634872 0.53904724 -57.256676
v 38.264214 3.1577148 -57.256676
v 35.634872 5.787056 -57.256676
v 37.652245 3.1577148 -40.875763
v 35.634872 1.247078 -40.875763
v 35.634872 5.0718994 -40.875763
v 0.9730911 24.388145 -1.271965
v -0.973114 24.388145 -1.271965
v 0.0017700195 21.78727 -4.214409
v 0.0017700195 21.78727 -4.214409
v -0.973114 24.388145 -1.271965
v 0.0017700195 22.986305 -0.5639267
v 0.9730911 24.388145 -1.271965
v 0.0017700195 21.78727 -4.214409
v 0.0017700195 22.986305 -0.5639267
v -18.062065 10.878517 80.89231
v -18.118996 10.6259 80.74999
v -18.314674 10.82515 80.625465
v 18.062042 10.878517 80.89231
v 18.31466 10.82515 80.625465
v 18.118965 10.6259 80.74999
v 19.392723 11.42289 62.54029
v 19.399841 11.451347 62.16671
v 19.392723 11.19873 62.348167
v -19.392754 11.42289 62.54029
v -19.392754 11.19873 62.348167
v -19.399864 11.451347 62.16671
v -5.1395035 16.887932 107.33518
v -5.1395035 18.634895 107.33518
v -3.2751236 18.634895 107.33518
v -3.2751236 16.887932 107.33518
v -5.1395035 18.634895 107.33518
v -5.1395035 18.634895 103.50324
v -3.2751236 18.634895 103.50324
v -3.2751236 18.634895 107.33518
v -5.1395035 18.634895 103.50324
v -5.1395035 16.887932 103.50324
v -3.2751236 16.887932 103.50324
v -3.2751236 18.634895 103.50324
v -5.1395035 16.887932 103.50324
v -5.1395035 16.887932 107.33518
v -3.2751236 16.887932 107.33518
v -3.2751236 16.887932 103.50324
v -3.2751236 16.887932 107.33518
v -3.2751236 18.634895 107.33518
v -3.2751236 18.634895 103.50324
v -3.2751236 16.887932 103.50324
v -5.1395035 16.887932 103.50324
v -5.1395035 18.634895 103.50324
v -5.1395035 18.634895 107.33518
v -5.1395035 16.887932 107.33518
v -3.541977 17.7454 107.08256
v -4.136154 17.151222 107.08968
v -4.136154 17.635109 116.585915
v -3.983162 17.791664 116.585915
v -4.136154 18.343147 107.07545
v -3.541977 17.7454 107.08256
v -3.983162 17.791664 116.585915
v -4.136154 17.944649 116.582344
v -4.2927094 17.791664 116.585915
v -4.7338943 17.7454 107.08256
v -4.136154 18.343147 107.07545
v -4.136154 17.944649 116.582344
v -4.136154 17.151222 107.08968
v -4.7338943 17.7454 107.08256
v -4.2927094 17.791664 116.585915
v -4.136154 17.635109 116.585915
v -4.2927094 17.791664 116.585915
v -4.136154 17.944649 116.582344
v -3.983162 17.791664 116.585915
v -4.136154 17.635109 116.585915
v 5.1394806 16.887932 107.33518
v 3.2751007 16.887932 107.33518
v 3.2751007 18.634895 107.33518
v 5.1394806 18.634895 107.33518
v 5.1394806 18.634895 107.33518
v 3.2751007 18.634895 107.33518
v 3.2751007 18.634895 103.50324
v 5.1394806 18.634895 103.50324
v 5.1394806 18.634895 103.50324
v 3.2751007 18.634895 103.50324
v 3.2751007 16.887932 103.50324
v 5.1394806 16.887932 103.50324
v 5.1394806 16.887932 103.50324
v 3.2751007 16.887932 103.50324
v 3.2751007 16.887932 107.33518
v 5.1394806 16.887932 107.33518
v 3.2751007 16.887932 107.33518
v 3.2751007 16.887932 103.50324
v 3.2751007 18.634895 103.50324
v 3.2751007 18.634895 107.33518
v 5.1394806 16.887932 103.50324
v 5.1394806 16.887932 107.33518
v 5.1394806 18.634895 107.33518
v 5.1394806 18.634895 103.50324
v 3.541954 17.7454 107.08256
v 3.983139 17.791664 116.585915
v 4.1361313 17.635109 116.585915
v 4.1361313 17.151222 107.08968
v 4.1361313 18.343147 107.07545
v 4.1361313 17.944649 116.582344
v 3.983139 17.791664 116.585915
v 3.541954 17.7454 107.08256
v 4.2926865 17.791664 116.585915
v 4.1361313 17.944649 116.582344
v 4.1361313 18.343147 107.07545
v 4.7338715 17.7454 107.08256
v 4.1361313 17.151222 107.08968
v 4.1361313 17.635109 116.585915
v 4.2926865 17.791664 116.585915
v 4.7338715 17.7454 107.08256
v 4.2926865 17.791664 116.585915
v 4.1361313 17.635109 116.585915
v 3.983139 17.791664 116.585915
v 4.1361313 17.944649 116.582344
v -4.0792313 17.845024 98.23388
v -4.0792313 20.07943 99.51475
v -4.0792313 18.866173 106.523964
v -4.0792313 15.439842 106.39587
v 4.0792084 20.07943 99.51475
v -4.0792313 20.07943 99.51475
v -4.0792313 17.845024 98.23388
v 4.0792084 17.845024 98.23388
v -4.0792313 15.439842 106.39587
v -4.0792313 18.866173 106.523964
v 4.0792084 18.866173 106.523964
v 4.0792084 15.439842 106.39587
v 4.0792084 18.866173 106.523964
v -4.0792313 18.866173 106.523964
v -4.0792313 20.07943 99.51475
v 4.0792084 20.07943 99.51475
v 4.0792084 15.439842 106.39587
v 4.0792084 18.866173 106.523964
v 4.0792084 20.07943 99.51475
v 4.0792084 17.845024 98.23388
v 2.2646408 19.30024 99.8919
v 2.2646408 20.534859 101.12652
v 2.2646408 21.854866 99.81007
v 2.2646408 20.616692 98.57189
v 2.2646408 20.534859 101.12652
v -2.2646637 20.534859 101.12652
v -2.2646637 21.854866 99.81007
v 2.2646408 21.854866 99.81007
v -2.2646637 20.534859 101.12652
v -2.2646637 19.30024 99.8919
v -2.2646637 20.616692 98.57189
v -2.2646637 21.854866 99.81007
v 2.2646408 20.616692 98.57189
v -2.2646637 20.616692 98.57189
v -2.2646637 19.30024 99.8919
v 2.2646408 19.30024 99.8919
v -2.2646637 21.854866 99.81007
v -2.2646637 20.616692 98.57189
v 2.2646408 20.616692 98.57189
v 2.2646408 21.854866 99.81007
v 2.2646408 19.30024 99.8919
v -2.2646637 19.30024 99.8919
v -2.2646637 20.534859 101.12652
v 2.2646408 20.534859 101.12652
v -5.1395035 -20.570412 107.33518
v -3.2751236 -20.570412 107.33518
v -3.2751236 -22.317375 107.33518
v -5.1395035 -22.317375 107.33518
v -5.1395035 -22.317375 107.33518
v -3.2751236 -22.317375 107.33518
v -3.2751236 -22.317375 103.50324
v -5.1395035 -22.317375 103.50324
v -5.1395035 -22.317375 103.50324
v -3.2751236 -22.317375 103.50324
v -3.2751236 -20.570412 103.50324
v -5.1395035 -20.570412 103.50324
v -5.1395035 -20.570412 103.50324
v -3.2751236 -20.570412 103.50324
v -3.2751236 -20.570412 107.33518
v -5.1395035 -20.570412 107.33518
v -3.2751236 -20.570412 107.33518
v -3.2751236 -20.570412 103.50324
v -3.2751236 -22.317375 103.50324
v -3.2751236 -22.317375 107.33518
v -5.1395035 -20.570412 103.50324
v -5.1395035 -20.570412 107.33518
v -5.1395035 -22.317375 107.33518
v -5.1395035 -22.317375 103.50324
v -3.541977 -21.427887 107.08256
v -3.983162 -21.474136 116.585915
v -4.136154 -21.317589 116.585915
v -4.136154 -20.830147 107.08968
v -4.136154 -22.02562 107.07545
v -4.136154 -21.627129 116.582344
v -3.983162 -21.474136 116.585915
v -3.541977 -21.427887 107.08256
v -4.2927094 -21.474136 116.585915
v -4.136154 -21.627129 116.582344
v -4.136154 -22.02562 107.07545
v -4.7338943 -21.427887 107.08256
v -4.136154 -20.830147 107.08968
v -4.136154 -21.317589 116.585915
v -4.2927094 -21.474136 116.585915
v -4.7338943 -21.427887 107.08256
v -4.2927094 -21.474136 116.585915
v -4.136154 -21.317589 116.585915
v -3.983162 -21.474136 116.585915
v -4.136154 -21.627129 116.582344
v 5.1394806 -20.570412 107.33518
v 5.1394806 -22.317375 107.33518
v 3.2751007 -22.317375 107.33518
v 3.2751007 -20.570412 107.33518
v 5.1394806 -22.317375 107.33518
v 5.1394806 -22.317375 103.50324
v 3.2751007 -22.317375 103.50324
v 3.2751007 -22.317375 107.33518
v 5.1394806 -22.317375 103.50324
v 5.1394806 -20.570412 103.50324
v 3.2751007 -20.570412 103.50324
v 3.2751007 -22.317375 103.50324
v 5.1394806 -20.570412 103.50324
v 5.1394806 -20.570412 107.33518
v 3.2751007 -20.570412 107.33518
v 3.2751007 -20.570412 103.50324
v 3.2751007 -20.570412 107.33518
v 3.2751007 -22.317375 107.33518
v 3.2751007 -22.317375 103.50324
v 3.2751007 -20.570412 103.50324
v 5.1394806 -20.570412 103.50324
v 5.1394806 -22.317375 103.50324
v 5.1394806 -22.317375 107.33518
v 5.1394806 -20.570412 107.33518
v 3.541954 -21.427887 107.08256
v 4.1361313 -20.830147 107.08968
v 4.1361313 -21.317589 116.585915
v 3.983139 -21.474136 116.585915
v 4.1361313 -22.02562 107.07545
v 3.541954 -21.427887 107.08256
v 3.983139 -21.474136 116.585915
v 4.1361313 -21.627129 116.582344
v 4.2926865 -21.474136 116.585915
v 4.7338715 -21.427887 107.08256
v 4.1361313 -22.02562 107.07545
v 4.1361313 -21.627129 116.582344
v 4.1361313 -20.830147 107.08968
v 4.7338715 -21.427887 107.08256
v 4.2926865 -21.474136 116.585915
v 4.1361313 -21.317589 116.585915
v 4.2926865 -21.474136 116.585915
v 4.1361313 -21.627129 116.582344
v 3.983139 -21.474136 116.585915
v 4.1361313 -21.317589 116.585915
v -4.0792313 -21.527504 98.23388
v -4.0792313 -19.122314 106.39587
v -4.0792313 -22.548645 106.523964
v -4.0792313 -23.761917 99.51475
v 4.0792084 -23.761917 99.51475
v 4.0792084 -21.527504 98.23388
v -4.0792313 -21.527504 98.23388
v -4.0792313 -23.761917 99.51475
v -4.0792313 -19.122314 106.39587
v 4.0792084 -19.122314 106.39587
v 4.0792084 -22.548645 106.523964
v -4.0792313 -22.548645 106.523964
v 4.0792084 -22.548645 106.523964
v 4.0792084 -23.761917 99.51475
v -4.0792313 -23.761917 99.51475
v -4.0792313 -22.548645 106.523964
v 4.0792084 -19.122314 106.39587
v 4.0792084 -21.527504 98.23388
v 4.0792084 -23.761917 99.51475
v 4.0792084 -22.548645 106.523964
v 2.2646408 -22.98272 99.8919
v 2.2646408 -24.299171 98.57189
v 2.2646408 -25.533783 99.81007
v 2.2646408 -24.21733 101.12652
v 2.2646408 -24.21733 101.12652
v 2.2646408 -25.533783 99.81007
v -2.2646637 -25.533783 99.81007
v -2.2646637 -24.21733 101.12652
v -2.2646637 -24.21733 101.12652
v -2.2646637 -25.533783 99.81007
v -2.2646637 -24.299171 98.57189
v -2.2646637 -22.98272 99.8919
v 2.2646408 -24.299171 98.57189
v 2.2646408 -22.98272 99.8919
v -2.2646637 -22.98272 99.8919
v -2.2646637 -24.299171 98.57189
v -2.2646637 -25.533783 99.81007
v 2.2646408 -25.533783 99.81007
v 2.2646408 -24.299171 98.57189
v -2.2646637 -24.299171 98.57189
v 2.2646408 -22.98272 99.8919
v 2.2646408 -24.21733 101.12652
v -2.2646637 -24.21733 101.12652
v -2.2646637 -22.98272 99.8919
v -35.634895 0.53904724 -41.85421
v -38.264244 -2.0831833 -41.85421
v -38.264244 -2.0831833 -57.256676
v -35.634895 0.53904724 -57.256676
v -38.264244 -2.0831833 -41.85421
v -35.634895 -4.7125244 -41.85421
v -35.634895 -4.7125244 -57.256676
v -38.264244 -2.0831833 -57.256676
v -37.65226 -2.0831833 -40.875763
v -35.634895 -3.9938126 -40.875763
v -35.634895 -4.7125244 -41.85421
v -38.264244 -2.0831833 -41.85421
v -37.65226 -2.0831833 -40.875763
v -38.264244 -2.0831833 -41.85421
v -35.634895 0.53904724 -41.85421
v -35.634895 -0.16899109 -40.875763
v -35.634895 0.53904724 -41.85421
v -35.634895 0.53904724 -57.256676
v -38.264244 3.1577148 -57.256676
v -38.264244 3.1577148 -41.85421
v -38.264244 3.1577148 -41.85421
v -38.264244 3.1577148 -57.256676
v -35.634895 5.787056 -57.256676
v -35.634895 5.787056 -41.85421
v -37.65226 3.1577148 -40.875763
v -38.264244 3.1577148 -41.85421
v -35.634895 5.787056 -41.85421
v -35.634895 5.0718994 -40.875763
v -37.65226 3.1577148 -40.875763
v -35.634895 1.247078 -40.875763
v -35.634895 0.53904724 -41.85421
v -38.264244 3.1577148 -41.85421
v 35.634872 0.53904724 -41.85421
v 35.634872 0.53904724 -57.256676
v 38.264214 -2.0831833 -57.256676
v 38.264214 -2.0831833 -41.85421
v 38.264214 -2.0831833 -41.85421
v 38.264214 -2.0831833 -57.256676
v 35.634872 -4.7125244 -57.256676
v 35.634872 -4.7125244 -41.85421
v 37.652245 -2.0831833 -40.875763
v 38.264214 -2.0831833 -41.85421
v 35.634872 -4.7125244 -41.85421
v 35.634872 -3.9938126 -40.875763
v 37.652245 -2.0831833 -40.875763
v 35.634872 -0.16899109 -40.875763
v 35.634872 0.53904724 -41.85421
v 38.264214 -2.0831833 -41.85421
v 35.634872 0.53904724 -41.85421
v 38.264214 3.1577148 -41.85421
v 38.264214 3.1577148 -57.256676
v 35.634872 0.53904724 -57.256676
v 38.264214 3.1577148 -41.85421
v 35.634872 5.787056 -41.85421
v 35.634872 5.787056 -57.256676
v 38.264214 3.1577148 -57.256676
v 37.652245 3.1577148 -40.875763
v 35.634872 5.0718994 -40.875763
v 35.634872 5.787056 -41.85421
v 38.264214 3.1577148 -41.85421
v 37.652245 3.1577148 -40.875763
v 38.264214 3.1577148 -41.85421
v 35.634872 0.53904724 -41.85421
v 35.634872 1.247078 -40.875763
v -8.647667 28.01371 -1.147438
v -8.647667 29.216316 0.16901398
v 0.0017700195 29.216316 0.16901398
v 0.0017700195 28.01371 -1.147438
v 8.647644 28.01371 -1.147438
v 8.647644 29.216316 0.16901398
v -8.647667 24.548256 -1.0015564
v 0.0017700195 21.854866 1.1865997
v -8.647667 21.854866 1.1865997
v 0.0017700195 24.548256 -1.0015564
v -8.647667 28.01371 -1.147438
v 8.647644 21.854866 1.1865997
v 0.0017700195 28.01371 -1.147438
v 8.647644 24.548256 -1.0015564
v 8.647644 28.01371 -1.147438
v -8.647667 21.854866 1.1865997
v 0.0017700195 21.826393 2.969139
v -8.647667 21.826393 2.969139
v 0.0017700195 21.854866 1.1865997
v 8.647644 21.826393 2.969139
v 8.647644 21.854866 1.1865997
v -8.647667 24.245827 -1.7949829
v -8.647667 21.203758 0.7382889
v 0.0017700195 21.203758 0.7382889
v 0.0017700195 24.245827 -1.7949829
v -8.647667 28.205849 -1.9123993
v 0.0017700195 28.205849 -1.9123993
v 8.647644 28.205849 -1.9123993
v 8.647644 24.245827 -1.7949829
v 8.647644 21.203758 0.7382889
v -8.647667 21.203758 0.7382889
v -8.647667 21.11837 3.008278
v 0.0017700195 21.11837 3.008278
v 0.0017700195 21.203758 0.7382889
v 8.647644 21.203758 0.7382889
v 8.647644 21.11837 3.008278
v -8.647667 29.771355 -0.27217102
v -8.647667 28.205849 -1.9123993
v 0.0017700195 28.205849 -1.9123993
v 0.0017700195 29.771355 -0.27217102
v 8.647644 29.771355 -0.27217102
v 8.647644 28.205849 -1.9123993
v 8.647644 28.01371 -1.147438
v 8.647644 29.216316 0.16901398
v 8.647644 29.771355 -0.27217102
v 8.647644 28.205849 -1.9123993
v 8.647644 24.245827 -1.7949829
v 8.647644 24.548256 -1.0015564
v 8.647644 21.203758 0.7382889
v 8.647644 21.854866 1.1865997
v 8.647644 21.11837 3.008278
v 8.647644 21.826393 2.969139
v -8.647667 21.854866 1.1865997
v -8.647667 21.826393 2.969139
v -8.647667 21.11837 3.008278
v -8.647667 21.203758 0.7382889
v -8.647667 24.548256 -1.0015564
v -8.647667 24.245827 -1.7949829
v -8.647667 28.01371 -1.147438
v -8.647667 28.205849 -1.9123993
v -8.647667 29.771355 -0.27217102
v -8.647667 29.216316 0.16901398
v 0.0017700195 21.11837 3.008278
v -8.647667 21.11837 3.008278
v -8.647667 21.826393 2.969139
v 0.0017700195 21.826393 2.969139
v 8.647644 21.11837 3.008278
v 8.647644 21.826393 2.969139
v -8.647667 29.771355 -0.27217102
v 0.0017700195 29.216316 0.16901398
v -8.647667 29.216316 0.16901398
v 0.0017700195 29.771355 -0.27217102
v 8.647644 29.216316 0.16901398
v 8.647644 29.771355 -0.27217102
v -1.5530701 23.548454 -4.7125244
v -1.5530701 22.755028 -2.940651
v -1.5530701 17.777428 -1.7238235
v -1.5530701 17.777428 -7.370331
v 1.5530472 22.755028 -2.940651
v 1.5530472 23.548454 -4.7125244
v 1.5530472 17.777428 -7.370331
v 1.5530472 17.777428 -1.7238235
v -1.5530701 23.548454 -4.7125244
v -1.5530701 17.777428 -7.370331
v 1.5530472 17.777428 -7.370331
v 1.5530472 23.548454 -4.7125244
v -1.5530701 22.755028 -2.940651
v -1.5530701 23.548454 -4.7125244
v 1.5530472 23.548454 -4.7125244
v 1.5530472 22.755028 -2.940651
v -1.5530701 17.777428 -1.7238235
v -1.5530701 22.755028 -2.940651
v 1.5530472 22.755028 -2.940651
v 1.5530472 17.777428 -1.7238235
v 34.841446 -5.231987 -2.4852295
v 31.116241 -5.231987 0.32912445
v 31.116241 -0.43939972 0.32912445
v 34.841446 -0.43939972 -2.4852295
v 37.627335 -0.43939972 -2.4852295
v 37.627335 -5.231987 -2.4852295
v 34.841446 -0.43939972 -2.4852295
v 31.116241 -0.43939972 0.32912445
v 31.116241 -0.43939972 -8.7614975
v 34.841446 -0.43939972 -5.9471436
v 37.627335 -0.43939972 -5.9471436
v 37.627335 -0.43939972 -2.4852295
v 34.841446 -0.43939972 -5.9471436
v 31.116241 -0.43939972 -8.7614975
v 31.116241 -5.231987 -8.7614975
v 34.841446 -5.231987 -5.9471436
v 37.627335 -5.231987 -5.9471436
v 37.627335 -0.43939972 -5.9471436
v 34.841446 -5.231987 -5.9471436
v 31.116241 -5.231987 -8.7614975
v 31.116241 -5.231987 0.32912445
v 34.841446 -5.231987 -2.4852295
v 37.627335 -5.231987 -2.4852295
v 37.627335 -5.231987 -5.9471436
v 37.627335 -0.43939972 -5.9471436
v 37.627335 -5.231987 -5.9471436
v 37.627335 -5.231987 -2.4852295
v 37.627335 -0.43939972 -2.4852295
v 33.91281 -3.6842728 1.9017487
v 33.91281 -1.6597824 1.9017487
v 35.638428 -1.6597824 1.9017487
v 35.638428 -3.6842728 1.9017487
v 33.37912 -1.6597824 0.4038391
v 33.37912 -1.6597824 -7.758148
v 36.168564 -1.6597824 -9.679459
v 36.168564 -1.6597824 0.4038391
v 33.91281 -1.6597824 1.9017487
v 35.638428 -1.6597824 1.9017487
v 33.37912 -1.6597824 -7.758148
v 33.37912 -3.6842728 -7.758148
v 36.168564 -3.6842728 -9.679459
v 36.168564 -1.6597824 -9.679459
v 33.37912 -3.6842728 -7.758148
v 36.168564 -3.6842728 0.4038391
v 36.168564 -3.6842728 -9.679459
v 33.37912 -3.6842728 0.4038391
v 35.638428 -3.6842728 1.9017487
v 33.91281 -3.6842728 1.9017487
v 36.168564 -1.6597824 -9.679459
v 36.168564 -3.6842728 -9.679459
v 36.168564 -3.6842728 0.4038391
v 36.168564 -1.6597824 0.4038391
v 35.638428 -3.6842728 1.9017487
v 35.638428 -1.6597824 1.9017487
v 33.37912 -1.6597824 -7.758148
v 33.37912 -3.6842728 0.4038391
v 33.37912 -3.6842728 -7.758148
v 33.37912 -1.6597824 0.4038391
v 33.91281 -1.6597824 1.9017487
v 33.91281 -3.6842728 1.9017487
v 34.27217 -2.8054504 9.519371
v 34.78096 -2.3002167 9.519371
v 35.21147 -2.7307358 9.519371
v 34.702682 -3.2395248 9.519371
v 33.95195 -2.64534 1.9017487
v 34.27217 -2.8054504 9.519371
v 34.702682 -3.2395248 9.519371
v 34.86635 -3.5597382 1.9017487
v 35.531693 -2.8944016 1.9017487
v 34.86635 -3.5597382 1.9017487
v 34.702682 -3.2395248 9.519371
v 35.21147 -2.7307358 9.519371
v 34.78096 -2.3002167 9.519371
v 34.78096 -1.9800034 1.9017487
v 35.531693 -2.8944016 1.9017487
v 35.21147 -2.7307358 9.519371
v 33.95195 -2.64534 1.9017487
v 34.78096 -1.9800034 1.9017487
v 34.78096 -2.3002167 9.519371
v 34.27217 -2.8054504 9.519371
v -34.84147 -5.231987 -2.4852295
v -31.116264 -0.43939972 0.32912445
v -31.116264 -5.231987 0.32912445
v -34.84147 -0.43939972 -2.4852295
v -37.627357 -0.43939972 -2.4852295
v -37.627357 -5.231987 -2.4852295
v -34.84147 -0.43939972 -2.4852295
v -31.116264 -0.43939972 -8.7614975
v -31.116264 -0.43939972 0.32912445
v -34.84147 -0.43939972 -5.9471436
v -37.627357 -0.43939972 -5.9471436
v -37.627357 -0.43939972 -2.4852295
v -34.84147 -0.43939972 -5.9471436
v -31.116264 -5.231987 -8.7614975
v -31.116264 -0.43939972 -8.7614975
v -34.84147 -5.231987 -5.9471436
v -37.627357 -5.231987 -5.9471436
v -37.627357 -0.43939972 -5.9471436
v -34.84147 -5.231987 -5.9471436
v -31.116264 -5.231987 0.32912445
v -31.116264 -5.231987 -8.7614975
v -34.84147 -5.231987 -2.4852295
v -37.627357 -5.231987 -2.4852295
v -37.627357 -5.231987 -5.9471436
v -37.627357 -0.43939972 -5.9471436
v -37.627357 -0.43939972 -2.4852295
v -37.627357 -5.231987 -2.4852295
v -37.627357 -5.231987 -5.9471436
v -33.912834 -3.6842728 1.9017487
v -35.63845 -3.6842728 1.9017487
v -35.63845 -1.6597824 1.9017487
v -33.912834 -1.6597824 1.9017487
v -33.379143 -1.6597824 0.4038391
v -36.168587 -1.6597824 -9.679459
v -33.379143 -1.6597824 -7.758148
v -36.168587 -1.6597824 0.4038391
v -33.912834 -1.6597824 1.9017487
v -35.63845 -1.6597824 1.9017487
v -33.379143 -1.6597824 -7.758148
v -36.168587 -1.6597824 -9.679459
v -36.168587 -3.6842728 -9.679459
v -33.379143 -3.6842728 -7.758148
v -33.379143 -3.6842728 -7.758148
v -36.168587 -3.6842728 -9.679459
v -36.168587 -3.6842728 0.4038391
v -33.379143 -3.6842728 0.4038391
v -35.63845 -3.6842728 1.9017487
v -33.912834 -3.6842728 1.9017487
v -36.168587 -1.6597824 -9.679459
v -36.168587 -3.6842728 0.4038391
v -36.168587 -3.6842728 -9.679459
v -36.168587 -1.6597824 0.4038391
v -35.63845 -3.6842728 1.9017487
v -35.63845 -1.6597824 1.9017487
v -33.379143 -1.6597824 -7.758148
v -33.379143 -3.6842728 -7.758148
v -33.379143 -3.6842728 0.4038391
v -33.379143 -1.6597824 0.4038391
v -33.912834 -1.6597824 1.9017487
v -33.912834 -3.6842728 1.9017487
v -34.272194 -2.8054504 9.519371
v -34.702705 -3.2395248 9.519371
v -35.211494 -2.7307358 9.519371
v -34.780983 -2.3002167 9.519371
v -33.951973 -2.64534 1.9017487
v -34.86637 -3.5597382 1.9017487
v -34.702705 -3.2395248 9.519371
v -34.272194 -2.8054504 9.519371
v -35.531715 -2.8944016 1.9017487
v -35.211494 -2.7307358 9.519371
v -34.702705 -3.2395248 9.519371
v -34.86637 -3.5597382 1.9017487
v -34.780983 -2.3002167 9.519371
v -35.211494 -2.7307358 9.519371
v -35.531715 -2.8944016 1.9017487
v -34.780983 -1.9800034 1.9017487
v -33.951973 -2.64534 1.9017487
v -34.272194 -2.8054504 9.519371
v -34.780983 -2.3002167 9.519371
v -34.780983 -1.9800034 1.9017487
v -16.254616 12.703758 76.75796
v -16.692238 12.874535 78.77177
v -17.279305 12.379982 77.77909
v -15.429161 13.273033 77.5158
v -15.6924515 12.88166 79.52961
v -14.664192 13.205437 78.51203
v -17.279305 12.379982 77.77909
v -16.845238 11.170273 79.39797
v -17.403847 10.995926 78.28788
v -16.692238 12.874535 78.77177
v -15.816978 11.497597 80.04197
v -15.6924515 12.88166 79.52961
v -17.403847 10.995926 78.28788
v -15.738701 9.864494 78.77177
v -16.50367 9.932098 77.77909
v -16.845238 11.170273 79.39797
v -14.916817 10.433769 79.52961
v -15.816978 11.497597 80.04197
v -16.50367 9.932098 77.77909
v -14.479179 10.262985 77.5158
v -15.478981 10.255867 76.75796
v -15.738701 9.864494 78.77177
v -13.892113 10.757545 78.51203
v -14.916817 10.433769 79.52961
v -15.478981 10.255867 76.75796
v -14.326195 11.967262 76.889595
v -15.354454 11.643486 76.2456
v -14.479179 10.262985 77.5158
v -13.767586 12.141594 77.99969
v -13.892113 10.757545 78.51203
v -15.354454 11.643486 76.2456
v -15.429161 13.273033 77.5158
v -16.254616 12.703758 76.75796
v -14.326195 11.967262 76.889595
v -14.664192 13.205437 78.51203
v -13.767586 12.141594 77.99969
v -15.478981 10.255867 76.75796
v -15.354454 11.643486 76.2456
v -16.50367 9.932098 77.77909
v -17.403847 10.995926 78.28788
v -17.279305 12.379982 77.77909
v -16.254616 12.703758 76.75796
v -13.767586 12.141594 77.99969
v -13.892113 10.757545 78.51203
v -14.664192 13.205437 78.51203
v -15.6924515 12.88166 79.52961
v -15.816978 11.497597 80.04197
v -14.916817 10.433769 79.52961
v -16.845238 11.497597 78.786
v -16.261726 11.664833 79.38729
v -18.062065 10.878517 80.89231
v -18.314674 10.82515 80.625465
v -16.30442 10.874954 79.08131
v -18.118996 10.6259 80.74999
v -18.062065 10.878517 80.89231
v -16.261726 11.664833 79.38729
v -16.30442 10.874954 79.08131
v -16.845238 11.497597 78.786
v -18.314674 10.82515 80.625465
v -18.118996 10.6259 80.74999
v 16.254593 12.703758 76.75796
v 17.27929 12.379982 77.77909
v 16.692223 12.874535 78.77177
v 15.429138 13.273033 77.5158
v 15.692429 12.88166 79.52961
v 14.664177 13.205437 78.51203
v 17.27929 12.379982 77.77909
v 17.403816 10.995926 78.28788
v 16.845215 11.170273 79.39797
v 16.692223 12.874535 78.77177
v 15.816956 11.497597 80.04197
v 15.692429 12.88166 79.52961
v 17.403816 10.995926 78.28788
v 16.503647 9.932098 77.77909
v 15.738686 9.864494 78.77177
v 16.845215 11.170273 79.39797
v 14.916794 10.433769 79.52961
v 15.816956 11.497597 80.04197
v 16.503647 9.932098 77.77909
v 15.4789505 10.255867 76.75796
v 14.479164 10.262985 77.5158
v 15.738686 9.864494 78.77177
v 13.892097 10.757545 78.51203
v 14.916794 10.433769 79.52961
v 15.4789505 10.255867 76.75796
v 15.3544235 11.643486 76.2456
v 14.326172 11.967262 76.889595
v 14.479164 10.262985 77.5158
v 13.767563 12.141594 77.99969
v 13.892097 10.757545 78.51203
v 15.3544235 11.643486 76.2456
v 16.254593 12.703758 76.75796
v 15.429138 13.273033 77.5158
v 14.326172 11.967262 76.889595
v 14.664177 13.205437 78.51203
v 13.767563 12.141594 77.99969
v 15.4789505 10.255867 76.75796
v 16.503647 9.932098 77.77909
v 15.3544235 11.643486 76.2456
v 17.403816 10.995926 78.28788
v 17.27929 12.379982 77.77909
v 16.254593 12.703758 76.75796
v 13.767563 12.141594 77.99969
v 14.664177 13.205437 78.51203
v 13.892097 10.757545 78.51203
v 15.692429 12.88166 79.52961
v 15.816956 11.497597 80.04197
v 14.916794 10.433769 79.52961
v 16.845215 11.497597 78.786
v 18.31466 10.82515 80.625465
v 18.062042 10.878517 80.89231
v 16.261703 11.664833 79.38729
v 16.304405 10.874954 79.08131
v 16.261703 11.664833 79.38729
v 18.062042 10.878517 80.89231
v 18.118965 10.6259 80.74999
v 16.304405 10.874954 79.08131
v 18.118965 10.6259 80.74999
v 18.31466 10.82515 80.625465
v 16.845215 11.497597 78.786
v 14.899002 12.621925 61.106422
v 16.382675 12.621925 61.106422
v 16.55346 12.917229 62.31614
v 14.728218 12.917229 62.31614
v 16.382675 12.621925 63.525856
v 14.899002 12.621925 63.525856
v 16.382675 12.621925 61.106422
v 17.122734 11.337494 61.106422
v 17.464302 11.337494 62.31614
v 16.55346 12.917229 62.31614
v 17.122734 11.337494 63.525856
v 16.382675 12.621925 63.525856
v 17.122734 11.337494 61.106422
v 16.382675 10.053062 61.106422
v 16.55346 9.757751 62.31614
v 17.464302 11.337494 62.31614
v 16.382675 10.053062 63.525856
v 17.122734 11.337494 63.525856
v 16.382675 10.053062 61.106422
v 14.899002 10.053062 61.106422
v 14.728218 9.757751 62.31614
v 16.55346 9.757751 62.31614
v 14.899002 10.053062 63.525856
v 16.382675 10.053062 63.525856
v 14.899002 10.053062 61.106422
v 14.158943 11.337494 61.106422
v 13.817375 11.337494 62.31614
v 14.728218 9.757751 62.31614
v 14.158943 11.337494 63.525856
v 14.899002 10.053062 63.525856
v 14.158943 11.337494 61.106422
v 14.899002 12.621925 61.106422
v 14.728218 12.917229 62.31614
v 13.817375 11.337494 62.31614
v 14.899002 12.621925 63.525856
v 14.158943 11.337494 63.525856
v 14.899002 10.053062 61.106422
v 16.382675 10.053062 61.106422
v 14.158943 11.337494 61.106422
v 17.122734 11.337494 61.106422
v 16.382675 12.621925 61.106422
v 14.899002 12.621925 61.106422
v 14.158943 11.337494 63.525856
v 14.899002 12.621925 63.525856
v 14.899002 10.053062 63.525856
v 16.382675 12.621925 63.525856
v 17.122734 11.337494 63.525856
v 16.382675 10.053062 63.525856
v 16.969742 11.650597 61.938988
v 19.399841 11.451347 62.16671
v 19.392723 11.42289 62.54029
v 16.94484 11.632805 62.7929
v 16.934166 10.892746 62.38018
v 16.94484 11.632805 62.7929
v 19.392723 11.42289 62.54029
v 19.392723 11.19873 62.348167
v 16.934166 10.892746 62.38018
v 19.392723 11.19873 62.348167
v 19.399841 11.451347 62.16671
v 16.969742 11.650597 61.938988
v -14.899025 12.621925 61.106422
v -16.55349 12.917229 62.31614
v -16.382698 12.621925 61.106422
v -14.728249 12.917229 62.31614
v -16.382698 12.621925 63.525856
v -14.899025 12.621925 63.525856
v -16.382698 12.621925 61.106422
v -17.464317 11.337494 62.31614
v -17.122765 11.337494 61.106422
v -16.55349 12.917229 62.31614
v -17.122765 11.337494 63.525856
v -16.382698 12.621925 63.525856
v -17.122765 11.337494 61.106422
v -16.55349 9.757751 62.31614
v -16.382698 10.053062 61.106422
v -17.464317 11.337494 62.31614
v -16.382698 10.053062 63.525856
v -17.122765 11.337494 63.525856
v -16.382698 10.053062 61.106422
v -14.728249 9.757751 62.31614
v -14.899025 10.053062 61.106422
v -16.55349 9.757751 62.31614
v -14.899025 10.053062 63.525856
v -16.382698 10.053062 63.525856
v -14.899025 10.053062 61.106422
v -13.817406 11.337494 62.31614
v -14.158974 11.337494 61.106422
v -14.728249 9.757751 62.31614
v -14.158974 11.337494 63.525856
v -14.899025 10.053062 63.525856
v -14.158974 11.337494 61.106422
v -14.728249 12.917229 62.31614
v -14.899025 12.621925 61.106422
v -13.817406 11.337494 62.31614
v -14.899025 12.621925 63.525856
v -14.158974 11.337494 63.525856
v -14.899025 10.053062 61.106422
v -14.158974 11.337494 61.106422
v -16.382698 10.053062 61.106422
v -17.122765 11.337494 61.106422
v -16.382698 12.621925 61.106422
v -14.899025 12.621925 61.106422
v -14.158974 11.337494 63.525856
v -14.899025 10.053062 63.525856
v -14.899025 12.621925 63.525856
v -16.382698 12.621925 63.525856
v -17.122765 11.337494 63.525856
v -16.382698 10.053062 63.525856
v -16.969765 11.650597 61.938988
v -16.944862 11.632805 62.7929
v -19.392754 11.42289 62.54029
v -19.399864 11.451347 62.16671
v -16.934181 10.892746 62.38018
v -19.392754 11.19873 62.348167
v -19.392754 11.42289 62.54029
v -16.944862 11.632805 62.7929
v -16.934181 10.892746 62.38018
v -16.969765 11.650597 61.938988
v -19.399864 11.451347 62.16671
v -19.392754 11.19873 62.348167
v 4.9082108 10.924767 -24.356094
v 4.9082108 9.704384 -25.391464
v -4.9082336 9.704384 -25.391464
v -4.9082336 10.924767 -24.356094
v -4.9082336 16.962654 -33.95907
v 4.9082108 16.962654 -33.95907
v 4.9082108 18.183037 -32.927254
v -4.9082336 18.183037 -32.927254
v 4.9082108 16.962654 -33.95907
v 4.9082108 9.704384 -25.391464
v 4.9082108 10.924767 -24.356094
v 4.9082108 18.183037 -32.927254
v -4.9082336 18.183037 -32.927254
v -4.9082336 10.924767 -24.356094
v -4.9082336 9.704384 -25.391464
v -4.9082336 16.962654 -33.95907
v 4.9082108 18.183037 -32.927254
v 4.9082108 10.924767 -24.356094
v -4.9082336 10.924767 -24.356094
v -4.9082336 18.183037 -32.927254
v -30.34774 -26.900047 -71.77321
v -30.34774 -13.589668 -37.37828
v -30.312172 -9.967651 -37.371162
v -30.337074 -9.967651 -58.644287
v -30.34774 -9.967651 -71.77321
v -41.00744 -13.589668 -37.37828
v -43.985466 -13.589668 -39.23198
v -43.985466 -9.967651 -39.235542
v -41.00744 -9.967651 -37.37828
v -30.34774 -13.589668 -37.37828
v -30.312172 -9.967651 -37.371162
v -35.659798 -4.769455 -37.37828
v -21.648506 -5.043419 -37.371162
v -35.659798 0.53904724 -37.37828
v -21.6912 0.53904724 -37.37828
v -43.985466 -26.900047 -71.77321
v -43.985466 -13.589668 -39.23198
v -41.00744 -13.589668 -37.37828
v -30.34774 -26.900047 -71.77321
v -30.34774 -13.589668 -37.37828
v -30.34774 -9.967651 -71.77321
v -43.985466 -9.967651 -71.77321
v -43.985466 -26.900047 -71.77321
v -30.34774 -26.900047 -71.77321
v -43.985466 -26.900047 -71.77321
v -43.985466 -9.967651 -71.77321
v -43.985466 -9.967651 -58.647842
v -43.985466 -9.967651 -39.235542
v -43.985466 -13.589668 -39.23198
v -21.6912 0.53904724 -58.647842
v -35.659798 0.53904724 -58.647842
v -35.67048 -4.744545 -58.647842
v -21.648506 -5.8937683 -58.63717
v -30.337074 -9.967651 -58.644287
v -43.985466 -9.967651 -58.647842
v -35.659798 -4.769455 -37.37828
v -43.985466 -9.967651 -39.235542
v -43.985466 -9.967651 -58.647842
v -35.67048 -4.744545 -58.647842
v -30.337074 -9.967651 -58.644287
v -30.312172 -9.967651 -37.371162
v -21.648506 -5.043419 -37.371162
v -21.648506 -5.8937683 -58.63717
v -35.67048 -4.744545 -58.647842
v -35.659798 0.53904724 -58.647842
v -35.659798 0.53904724 -37.37828
v -35.659798 -4.769455 -37.37828
v -30.312172 11.042183 -37.371162
v -30.34774 14.664192 -37.37828
v -30.34774 27.974571 -71.77321
v -30.333519 11.042183 -58.644287
v -30.34774 11.042183 -71.77321
v -41.00744 14.664192 -37.37828
v -43.985466 11.042183 -39.235542
v -43.985466 14.664192 -39.23198
v -41.00744 11.042183 -37.37828
v -30.34774 14.664192 -37.37828
v -30.312172 11.042183 -37.371162
v -35.659798 5.8439865 -37.37828
v -21.648506 6.1179504 -37.371162
v -21.6912 0.53904724 -37.37828
v -35.659798 0.53904724 -37.37828
v -43.985466 27.974571 -71.77321
v -41.00744 14.664192 -37.37828
v -43.985466 14.664192 -39.23198
v -30.34774 27.974571 -71.77321
v -30.34774 14.664192 -37.37828
v -30.34774 11.042183 -71.77321
v -30.34774 27.974571 -71.77321
v -43.985466 27.974571 -71.77321
v -43.985466 11.042183 -71.77321
v -43.985466 27.974571 -71.77321
v -43.985466 14.664192 -39.23198
v -43.985466 11.042183 -39.235542
v -43.985466 11.042183 -58.647842
v -43.985466 11.042183 -71.77321
v -21.6912 0.53904724 -58.647842
v -35.67048 5.8190765 -58.647842
v -35.659798 0.53904724 -58.647842
v -21.648506 6.9683 -58.63717
v -30.333519 11.042183 -58.644287
v -43.985466 11.042183 -58.647842
v -35.659798 5.8439865 -37.37828
v -35.67048 5.8190765 -58.647842
v -43.985466 11.042183 -58.647842
v -43.985466 11.042183 -39.235542
v -30.333519 11.042183 -58.644287
v -21.648506 6.9683 -58.63717
v -21.648506 6.1179504 -37.371162
v -30.312172 11.042183 -37.371162
v -35.659798 5.8439865 -37.37828
v -35.659798 0.53904724 -37.37828
v -35.659798 0.53904724 -58.647842
v -35.67048 5.8190765 -58.647842
v -4.2927094 14.642845 -71.52771
v -18.855492 14.642845 -71.52771
v -18.855492 14.625069 -37.445877
v -4.2891464 14.625069 -37.44232
v -4.2891464 31.294167 -71.54194
v -4.2927094 14.642845 -71.52771
v -4.2891464 14.625069 -37.44232
v -4.2108765 19.09388 -37.445877
v -4.2891464 31.294167 -71.54194
v -4.2108765 19.09388 -37.445877
v -18.94088 19.09388 -37.445877
v -18.862602 31.294167 -71.54194
v -18.855492 14.642845 -71.52771
v -18.862602 31.294167 -71.54194
v -18.94088 19.09388 -37.445877
v -18.855492 14.625069 -37.445877
v -4.2891464 14.625069 -37.44232
v -18.855492 14.625069 -37.445877
v -18.94088 19.09388 -37.445877
v -4.2108765 19.09388 -37.445877
v -4.2927094 14.642845 -71.52771
v -4.2891464 31.294167 -71.54194
v -18.862602 31.294167 -71.54194
v -18.855492 14.642845 -71.52771
v 4.2926865 14.642845 -71.52771
v 4.2891235 14.625069 -37.44232
v 18.855469 14.625069 -37.445877
v 18.855469 14.642845 -71.52771
v 4.2891235 31.294167 -71.54194
v 4.210846 19.09388 -37.445877
v 4.2891235 14.625069 -37.44232
v 4.2926865 14.642845 -71.52771
v 4.2891235 31.294167 -71.54194
v 18.862587 31.294167 -71.54194
v 18.940857 19.09388 -37.445877
v 4.210846 19.09388 -37.445877
v 18.855469 14.642845 -71.52771
v 18.855469 14.625069 -37.445877
v 18.940857 19.09388 -37.445877
v 18.862587 31.294167 -71.54194
v 4.2891235 14.625069 -37.44232
v 4.210846 19.09388 -37.445877
v 18.940857 19.09388 -37.445877
v 18.855469 14.625069 -37.445877
v 4.2926865 14.642845 -71.52771
v 18.855469 14.642845 -71.52771
v 18.862587 31.294167 -71.54194
v 4.2891235 31.294167 -71.54194
v 30.347725 -9.967651 -71.77321
v 30.333488 -9.967651 -58.644287
v 30.347725 -26.900047 -71.77321
v 30.347725 -13.589668 -37.37828
v 30.312141 -9.967651 -37.371162
v 41.00741 -13.589668 -37.37828
v 43.985435 -9.967651 -39.235542
v 43.985435 -13.589668 -39.23198
v 41.00741 -9.967651 -37.37828
v 30.347725 -13.589668 -37.37828
v 30.312141 -9.967651 -37.371162
v 35.659775 -4.769455 -37.37828
v 21.648476 -5.043419 -37.371162
v 21.69117 0.53904724 -37.37828
v 35.659775 0.53904724 -37.37828
v 43.985435 -26.900047 -71.77321
v 41.00741 -13.589668 -37.37828
v 43.985435 -13.589668 -39.23198
v 30.347725 -26.900047 -71.77321
v 30.347725 -13.589668 -37.37828
v 30.347725 -9.967651 -71.77321
v 30.347725 -26.900047 -71.77321
v 43.985435 -26.900047 -71.77321
v 43.985435 -9.967651 -71.77321
v 43.985435 -26.900047 -71.77321
v 43.985435 -13.589668 -39.23198
v 43.985435 -9.967651 -39.235542
v 43.985435 -9.967651 -58.647842
v 43.985435 -9.967651 -71.77321
v 21.69117 0.53904724 -58.647842
v 35.67045 -4.744545 -58.647842
v 35.659775 0.53904724 -58.647842
v 21.648476 -5.8937683 -58.63717
v 30.333488 -9.967651 -58.644287
v 43.985435 -9.967651 -58.647842
v 35.659775 -4.769455 -37.37828
v 35.67045 -4.744545 -58.647842
v 43.985435 -9.967651 -58.647842
v 43.985435 -9.967651 -39.235542
v 30.333488 -9.967651 -58.644287
v 21.648476 -5.8937683 -58.63717
v 21.648476 -5.043419 -37.371162
v 30.312141 -9.967651 -37.371162
v 35.659775 -4.769455 -37.37828
v 35.659775 0.53904724 -37.37828
v 35.659775 0.53904724 -58.647842
v 35.67045 -4.744545 -58.647842
v 30.347725 27.974571 -71.77321
v 30.347725 14.664192 -37.37828
v 30.312141 11.042183 -37.371162
v 30.337051 11.042183 -58.644287
v 30.347725 11.042183 -71.77321
v 41.00741 14.664192 -37.37828
v 43.985435 14.664192 -39.23198
v 43.985435 11.042183 -39.235542
v 41.00741 11.042183 -37.37828
v 30.347725 14.664192 -37.37828
v 30.312141 11.042183 -37.371162
v 35.659775 5.8439865 -37.37828
v 21.648476 6.1179504 -37.371162
v 21.69117 0.53904724 -37.37828
v 35.659775 0.53904724 -37.37828
v 43.985435 27.974571 -71.77321
v 43.985435 14.664192 -39.23198
v 41.00741 14.664192 -37.37828
v 30.347725 27.974571 -71.77321
v 30.347725 14.664192 -37.37828
v 30.347725 11.042183 -71.77321
v 43.985435 11.042183 -71.77321
v 43.985435 27.974571 -71.77321
v 30.347725 27.974571 -71.77321
v 43.985435 27.974571 -71.77321
v 43.985435 11.042183 -71.77321
v 43.985435 11.042183 -58.647842
v 43.985435 11.042183 -39.235542
v 43.985435 14.664192 -39.23198
v 21.69117 0.53904724 -58.647842
v 35.659775 0.53904724 -58.647842
v 35.67045 5.8190765 -58.647842
v 21.648476 6.9683 -58.63717
v 30.337051 11.042183 -58.644287
v 43.985435 11.042183 -58.647842
v 35.659775 5.8439865 -37.37828
v 43.985435 11.042183 -39.235542
v 43.985435 11.042183 -58.647842
v 35.67045 5.8190765 -58.647842
v 30.337051 11.042183 -58.644287
v 30.312141 11.042183 -37.371162
v 21.648476 6.1179504 -37.371162
v 21.648476 6.9683 -58.63717
v 35.67045 5.8190765 -58.647842
v 35.659775 0.53904724 -58.647842
v 35.659775 0.53904724 -37.37828
v 35.659775 5.8439865 -37.37828
v -43.985466 11.042183 -58.647842
v -30.333519 11.042183 -58.644287
v -30.34774 11.042183 -71.77321
v -43.985466 11.042183 -71.77321
v 43.985435 -9.967651 -58.647842
v 30.333488 -9.967651 -58.644287
v 30.347725 -9.967651 -71.77321
v 43.985435 -9.967651 -71.77321
v 43.985435 11.042183 -71.77321
v 30.347725 11.042183 -71.77321
v 30.337051 11.042183 -58.644287
v 43.985435 11.042183 -58.647842
v -30.337074 -9.967651 -58.644287
v -43.985466 -9.967651 -58.647842
v -43.985466 -9.967651 -71.77321
v -30.34774 -9.967651 -71.77321
v 4.2926865 -14.64283 -71.52771
v 18.855469 -14.64283 -71.52771
v 18.855469 -14.625038 -37.445877
v 4.2891235 -14.625038 -37.44232
v 4.2891235 -31.294144 -71.54194
v 4.2926865 -14.64283 -71.52771
v 4.2891235 -14.625038 -37.44232
v 4.210846 -19.09385 -37.445877
v 4.2891235 -31.294144 -71.54194
v 4.210846 -19.09385 -37.445877
v 18.940857 -19.09385 -37.445877
v 18.862587 -31.294144 -71.54194
v 18.855469 -14.64283 -71.52771
v 18.862587 -31.294144 -71.54194
v 18.940857 -19.09385 -37.445877
v 18.855469 -14.625038 -37.445877
v 4.2891235 -14.625038 -37.44232
v 18.855469 -14.625038 -37.445877
v 18.940857 -19.09385 -37.445877
v 4.210846 -19.09385 -37.445877
v 4.2926865 -14.64283 -71.52771
v 4.2891235 -31.294144 -71.54194
v 18.862587 -31.294144 -71.54194
v 18.855469 -14.64283 -71.52771
v -4.2927094 -14.64283 -71.52771
v -4.2891464 -14.625038 -37.44232
v -18.855492 -14.625038 -37.445877
v -18.855492 -14.64283 -71.52771
v -4.2891464 -31.294144 -71.54194
v -4.2108765 -19.09385 -37.445877
v -4.2891464 -14.625038 -37.44232
v -4.2927094 -14.64283 -71.52771
v -4.2891464 -31.294144 -71.54194
v -18.862602 -31.294144 -71.54194
v -18.94088 -19.09385 -37.445877
v -4.2108765 -19.09385 -37.445877
v -18.855492 -14.64283 -71.52771
v -18.855492 -14.625038 -37.445877
v -18.94088 -19.09385 -37.445877
v -18.862602 -31.294144 -71.54194
v -4.2891464 -14.625038 -37.44232
v -4.2108765 -19.09385 -37.445877
v -18.94088 -19.09385 -37.445877
v -18.855492 -14.625038 -37.445877
v -4.2927094 -14.64283 -71.52771
v -18.855492 -14.64283 -71.52771
v -18.862602 -31.294144 -71.54194
v -4.2891464 -31.294144 -71.54194
v 46.749977 -12.230522 -91.71209
v 28.013695 -12.230522 -91.708534
v 28.013695 -22.392097 -91.708534
v 46.749977 -22.392097 -91.71209
v 46.749977 -11.6434555 -70.438965
v 28.013695 -15.624832 -66.03775
v 28.013695 -11.6434555 -70.438965
v 46.749977 -13.162712 -67.41824
v 46.749977 -17.158318 -65.70686
v 28.013695 -18.691803 -66.03775
v 28.013695 -21.271332 -67.83453
v 46.749977 -20.936882 -67.41824
v 28.013695 -22.676735 -70.438965
v 46.749977 -22.676735 -70.438965
v 46.749977 -22.392097 -74.21754
v 28.013695 -22.392097 -74.21754
v 46.749977 -22.392097 -91.71209
v 28.013695 -22.392097 -91.708534
v 46.749977 -12.230522 -91.71209
v 46.749977 -22.392097 -91.71209
v 46.749977 -22.392097 -74.21754
v 46.749977 -12.230522 -74.21754
v 46.749977 -22.676735 -70.438965
v 46.749977 -11.6434555 -70.438965
v 46.749977 -20.936882 -67.41824
v 46.749977 -13.162712 -67.41824
v 46.749977 -17.158318 -65.70686
v 46.749977 -12.230522 -74.21754
v 46.749977 -11.6434555 -70.438965
v 28.013695 -11.6434555 -70.438965
v 28.013695 -12.230522 -74.21754
v 28.013695 -12.230522 -91.708534
v 46.749977 -12.230522 -91.71209
v 28.013695 -12.230522 -91.708534
v 28.013695 -22.392097 -74.21754
v 28.013695 -22.392097 -91.708534
v 28.013695 -12.230522 -74.21754
v 28.013695 -22.676735 -70.438965
v 28.013695 -11.6434555 -70.438965
v 28.013695 -21.271332 -67.83453
v 28.013695 -15.624832 -66.03775
v 28.013695 -18.691803 -66.03775
v 46.749977 23.466621 -91.71209
v 28.013695 23.466621 -91.708534
v 28.013695 13.305061 -91.708534
v 46.749977 13.308617 -91.71209
v 46.749977 12.717995 -70.438965
v 28.013695 12.717995 -70.438965
v 28.013695 16.699364 -66.03775
v 46.749977 14.237236 -67.41824
v 46.749977 18.236412 -65.70686
v 28.013695 19.76989 -66.03775
v 28.013695 22.345863 -67.83453
v 46.749977 22.014977 -67.41824
v 28.013695 23.75483 -70.438965
v 46.749977 23.75483 -70.438965
v 46.749977 23.466621 -74.21754
v 28.013695 23.466621 -74.21754
v 28.013695 23.466621 -91.708534
v 46.749977 23.466621 -91.71209
v 46.749977 13.308617 -91.71209
v 46.749977 23.466621 -74.21754
v 46.749977 23.466621 -91.71209
v 46.749977 13.308617 -74.21754
v 46.749977 23.75483 -70.438965
v 46.749977 12.717995 -70.438965
v 46.749977 22.014977 -67.41824
v 46.749977 14.237236 -67.41824
v 46.749977 18.236412 -65.70686
v 28.013695 12.717995 -70.438965
v 46.749977 12.717995 -70.438965
v 46.749977 13.308617 -74.21754
v 28.013695 13.308617 -74.21754
v 46.749977 13.308617 -91.71209
v 28.013695 13.305061 -91.708534
v 28.013695 13.305061 -91.708534
v 28.013695 23.466621 -91.708534
v 28.013695 23.466621 -74.21754
v 28.013695 13.308617 -74.21754
v 28.013695 23.75483 -70.438965
v 28.013695 12.717995 -70.438965
v 28.013695 22.345863 -67.83453
v 28.013695 16.699364 -66.03775
v 28.013695 19.76989 -66.03775
v 20.364052 28.301918 -91.71209
v 2.734291 28.301918 -91.71209
v 2.734291 17.85215 -91.71209
v 20.364052 17.85215 -91.71209
v 20.364052 19.449669 -67.158516
v 2.734291 23.071693 -65.621475
v 20.364052 23.071693 -65.621475
v 2.734291 19.449669 -67.158516
v 20.364052 17.560387 -70.438965
v 2.7378464 17.556831 -70.438965
v 20.364052 17.85215 -74.21754
v 2.734291 17.85215 -74.21754
v 20.364052 17.85215 -91.71209
v 2.734291 17.85215 -91.71209
v 20.364052 23.071693 -65.621475
v 2.734291 23.071693 -65.621475
v 2.734291 26.690147 -67.158516
v 20.364052 26.690147 -67.158516
v 2.734291 28.59011 -70.438965
v 20.364052 28.59011 -70.438965
v 20.364052 28.301918 -74.21754
v 2.734291 28.301918 -74.21754
v 2.734291 28.301918 -91.71209
v 20.364052 28.301918 -91.71209
v 20.364052 17.85215 -91.71209
v 20.364052 28.301918 -74.21754
v 20.364052 28.301918 -91.71209
v 20.364052 17.85215 -74.21754
v 20.364052 28.59011 -70.438965
v 20.364052 17.560387 -70.438965
v 20.364052 26.690147 -67.158516
v 20.364052 19.449669 -67.158516
v 20.364052 23.071693 -65.621475
v 2.734291 17.85215 -91.71209
v 2.734291 28.301918 -91.71209
v 2.734291 28.301918 -74.21754
v 2.734291 17.85215 -74.21754
v 2.734291 28.59011 -70.438965
v 2.7378464 17.556831 -70.438965
v 2.734291 26.690147 -67.158516
v 2.734291 19.449669 -67.158516
v 2.734291 23.071693 -65.621475
v -20.364067 17.85215 -91.71209
v -2.734314 17.85215 -91.71209
v -2.734314 28.301918 -91.71209
v -20.364067 28.301918 -91.71209
v -20.364067 19.449669 -67.158516
v -20.364067 23.071693 -65.621475
v -2.734314 23.071693 -65.621475
v -2.734314 19.449669 -67.158516
v -20.364067 17.560387 -70.438965
v -2.7378693 17.556831 -70.438965
v -20.364067 17.85215 -74.21754
v -2.734314 17.85215 -74.21754
v -2.734314 17.85215 -91.71209
v -20.364067 17.85215 -91.71209
v -20.364067 23.071693 -65.621475
v -2.734314 26.690147 -67.158516
v -2.734314 23.071693 -65.621475
v -20.364067 26.690147 -67.158516
v -2.734314 28.59011 -70.438965
v -20.364067 28.59011 -70.438965
v -20.364067 28.301918 -74.21754
v -2.734314 28.301918 -74.21754
v -20.364067 28.301918 -91.71209
v -2.734314 28.301918 -91.71209
v -20.364067 17.85215 -91.71209
v -20.364067 28.301918 -91.71209
v -20.364067 28.301918 -74.21754
v -20.364067 17.85215 -74.21754
v -20.364067 28.59011 -70.438965
v -20.364067 17.560387 -70.438965
v -20.364067 26.690147 -67.158516
v -20.364067 19.449669 -67.158516
v -20.364067 23.071693 -65.621475
v -2.734314 17.85215 -91.71209
v -2.734314 28.301918 -74.21754
v -2.734314 28.301918 -91.71209
v -2.734314 17.85215 -74.21754
v -2.734314 28.59011 -70.438965
v -2.7378693 17.556831 -70.438965
v -2.734314 26.690147 -67.158516
v -2.734314 19.449669 -67.158516
v -2.734314 23.071693 -65.621475
v -46.750008 13.308617 -91.71209
v -28.01371 13.305061 -91.708534
v -28.01371 23.466621 -91.708534
v -46.750008 23.466621 -91.71209
v -46.750008 12.717995 -70.438965
v -28.01371 16.699364 -66.03775
v -28.01371 12.717995 -70.438965
v -46.750008 14.237236 -67.41824
v -46.750008 18.236412 -65.70686
v -28.01371 19.76989 -66.03775
v -28.01371 22.345863 -67.83453
v -46.750008 22.014977 -67.41824
v -28.01371 23.75483 -70.438965
v -46.750008 23.75483 -70.438965
v -46.750008 23.466621 -74.21754
v -28.01371 23.466621 -74.21754
v -46.750008 23.466621 -91.71209
v -28.01371 23.466621 -91.708534
v -46.750008 13.308617 -91.71209
v -46.750008 23.466621 -91.71209
v -46.750008 23.466621 -74.21754
v -46.750008 13.308617 -74.21754
v -46.750008 23.75483 -70.438965
v -46.750008 12.717995 -70.438965
v -46.750008 22.014977 -67.41824
v -46.750008 14.237236 -67.41824
v -46.750008 18.236412 -65.70686
v -46.750008 13.308617 -74.21754
v -46.750008 12.717995 -70.438965
v -28.01371 12.717995 -70.438965
v -28.01371 13.308617 -74.21754
v -28.01371 13.305061 -91.708534
v -46.750008 13.308617 -91.71209
v -28.01371 13.305061 -91.708534
v -28.01371 23.466621 -74.21754
v -28.01371 23.466621 -91.708534
v -28.01371 13.308617 -74.21754
v -28.01371 23.75483 -70.438965
v -28.01371 12.717995 -70.438965
v -28.01371 22.345863 -67.83453
v -28.01371 16.699364 -66.03775
v -28.01371 19.76989 -66.03775
v -46.750008 -22.392097 -91.71209
v -28.01371 -22.392097 -91.708534
v -28.01371 -12.230522 -91.708534
v -46.750008 -12.230522 -91.71209
v -46.750008 -11.6434555 -70.438965
v -28.01371 -11.6434555 -70.438965
v -28.01371 -15.624832 -66.03775
v -46.750008 -13.162712 -67.41824
v -46.750008 -17.158318 -65.70686
v -28.01371 -18.691803 -66.03775
v -28.01371 -21.271332 -67.83453
v -46.750008 -20.936882 -67.41824
v -28.01371 -22.676735 -70.438965
v -46.750008 -22.676735 -70.438965
v -46.750008 -22.392097 -74.21754
v -28.01371 -22.392097 -74.21754
v -28.01371 -22.392097 -91.708534
v -46.750008 -22.392097 -91.71209
v -46.750008 -12.230522 -91.71209
v -46.750008 -22.392097 -74.21754
v -46.750008 -22.392097 -91.71209
v -46.750008 -12.230522 -74.21754
v -46.750008 -22.676735 -70.438965
v -46.750008 -11.6434555 -70.438965
v -46.750008 -20.936882 -67.41824
v -46.750008 -13.162712 -67.41824
v -46.750008 -17.158318 -65.70686
v -28.01371 -11.6434555 -70.438965
v -46.750008 -11.6434555 -70.438965
v -46.750008 -12.230522 -74.21754
v -28.01371 -12.230522 -74.21754
v -46.750008 -12.230522 -91.71209
v -28.01371 -12.230522 -91.708534
v -28.01371 -12.230522 -91.708534
v -28.01371 -22.392097 -91.708534
v -28.01371 -22.392097 -74.21754
v -28.01371 -12.230522 -74.21754
v -28.01371 -22.676735 -70.438965
v -28.01371 -11.6434555 -70.438965
v -28.01371 -21.271332 -67.83453
v -28.01371 -15.624832 -66.03775
v -28.01371 -18.691803 -66.03775
v -33.25106 -4.463463 -91.71209
v -14.514763 -4.463463 -91.708534
v -14.514763 5.6945496 -91.708534
v -33.25106 5.6945496 -91.71209
v -33.25106 -5.0505295 -70.438965
v -14.514763 -1.0691605 -66.03775
v -14.514763 -5.0540924 -70.438965
v -33.25106 -3.5312805 -67.41824
v -33.25106 0.46432495 -65.70686
v -14.514763 1.9978104 -66.03775
v -14.514763 4.577347 -67.83453
v -33.25106 4.242897 -67.41824
v -14.514763 5.9827423 -70.438965
v -33.25106 5.9827423 -70.438965
v -33.25106 5.6945496 -74.21754
v -14.514763 5.6945496 -74.21754
v -33.25106 5.6945496 -91.71209
v -14.514763 5.6945496 -91.708534
v -33.25106 -4.463463 -91.71209
v -33.25106 5.6945496 -91.71209
v -33.25106 5.6945496 -74.21754
v -33.25106 -4.463463 -74.21754
v -33.25106 5.9827423 -70.438965
v -33.25106 -5.0505295 -70.438965
v -33.25106 4.242897 -67.41824
v -33.25106 -3.5312805 -67.41824
v -33.25106 0.46432495 -65.70686
v -33.25106 -4.463463 -74.21754
v -33.25106 -5.0505295 -70.438965
v -14.514763 -5.0540924 -70.438965
v -14.514763 -4.463463 -74.21754
v -14.514763 -4.463463 -91.708534
v -33.25106 -4.463463 -91.71209
v -14.514763 -4.463463 -91.708534
v -14.514763 5.6945496 -74.21754
v -14.514763 5.6945496 -91.708534
v -14.514763 -4.463463 -74.21754
v -14.514763 5.9827423 -70.438965
v -14.514763 -5.0540924 -70.438965
v -14.514763 4.577347 -67.83453
v -14.514763 -1.0691605 -66.03775
v -14.514763 1.9978104 -66.03775
v -9.366379 -3.961792 -68.168976
v 9.391258 -3.961792 -68.168976
v 9.391258 -4.751663 -72.95801
v -9.377052 -5.0505295 -72.95801
v 9.391258 -4.751663 -91.71209
v -9.366379 -4.751663 -91.71209
v 9.391258 5.6945496 -91.71209
v -9.366379 5.6945496 -91.71209
v -9.366379 -4.751663 -91.71209
v 9.391258 -4.751663 -91.71209
v 9.391258 -3.961792 -68.168976
v -9.366379 -3.961792 -68.168976
v -9.366379 0.46432495 -66.03775
v 9.391258 0.46432495 -66.03775
v 9.391258 0.46432495 -66.03775
v -9.366379 0.46432495 -66.03775
v -9.366379 4.8904495 -68.168976
v 9.391258 4.8904495 -68.168976
v -9.366379 4.8904495 -68.168976
v 9.391258 5.6945496 -72.95801
v 9.391258 4.8904495 -68.168976
v -9.366379 5.9827423 -72.95801
v -9.366379 5.6945496 -91.71209
v 9.391258 5.6945496 -91.71209
v 9.391258 -4.751663 -91.71209
v 9.391258 5.6945496 -72.95801
v 9.391258 5.6945496 -91.71209
v 9.391258 -4.751663 -72.95801
v 9.391258 -3.961792 -68.168976
v 9.391258 4.8904495 -68.168976
v 9.391258 0.46432495 -66.03775
v -9.366379 -4.751663 -91.71209
v -9.366379 5.6945496 -91.71209
v -9.366379 5.9827423 -72.95801
v -9.377052 -5.0505295 -72.95801
v -9.366379 4.8904495 -68.168976
v -9.366379 -3.961792 -68.168976
v -9.366379 0.46432495 -66.03775
v -2.734314 -17.85212 -91.71209
v -20.364067 -17.85212 -91.71209
v -20.364067 -28.301888 -91.71209
v -2.734314 -28.301888 -91.71209
v -20.364067 -19.449654 -67.158516
v -2.734314 -23.07167 -65.621475
v -20.364067 -23.07167 -65.621475
v -2.734314 -19.449654 -67.158516
v -20.364067 -17.560364 -70.438965
v -2.7378693 -17.556808 -70.438965
v -20.364067 -17.85212 -74.21754
v -2.7094116 -17.83789 -74.21754
v -2.734314 -17.85212 -91.71209
v -20.364067 -17.85212 -91.71209
v -20.364067 -23.07167 -65.621475
v -2.734314 -23.07167 -65.621475
v -2.734314 -26.690125 -67.158516
v -20.364067 -26.690125 -67.158516
v -2.734314 -28.59008 -70.438965
v -20.364067 -28.59008 -70.438965
v -20.364067 -28.301888 -74.21754
v -2.734314 -28.301888 -74.21754
v -2.734314 -28.301888 -91.71209
v -20.364067 -28.301888 -91.71209
v -20.364067 -17.85212 -91.71209
v -20.364067 -28.301888 -74.21754
v -20.364067 -28.301888 -91.71209
v -20.364067 -17.85212 -74.21754
v -20.364067 -28.59008 -70.438965
v -20.364067 -17.560364 -70.438965
v -20.364067 -26.690125 -67.158516
v -20.364067 -19.449654 -67.158516
v -20.364067 -23.07167 -65.621475
v -2.734314 -17.85212 -91.71209
v -2.734314 -28.301888 -91.71209
v -2.734314 -28.301888 -74.21754
v -2.7094116 -17.83789 -74.21754
v -2.734314 -28.59008 -70.438965
v -2.7378693 -17.556808 -70.438965
v -2.734314 -26.690125 -67.158516
v -2.734314 -19.449654 -67.158516
v -2.734314 -23.07167 -65.621475
v 20.638016 -17.85212 -91.71209
v 3.008255 -17.85212 -91.71209
v 3.008255 -28.301888 -91.71209
v 20.638016 -28.301888 -91.71209
v 3.008255 -19.449654 -67.158516
v 20.638016 -23.07167 -65.621475
v 3.008255 -23.07167 -65.621475
v 20.638016 -19.449654 -67.158516
v 3.008255 -17.560364 -70.438965
v 20.634453 -17.556808 -70.438965
v 3.008255 -17.85212 -74.21754
v 20.662918 -17.83789 -74.21754
v 20.638016 -17.85212 -91.71209
v 3.008255 -17.85212 -91.71209
v 3.008255 -23.07167 -65.621475
v 20.638016 -23.07167 -65.621475
v 20.638016 -26.690125 -67.158516
v 3.008255 -26.690125 -67.158516
v 20.638016 -28.59008 -70.438965
v 3.008255 -28.59008 -70.438965
v 3.008255 -28.301888 -74.21754
v 20.638016 -28.301888 -74.21754
v 20.638016 -28.301888 -91.71209
v 3.008255 -28.301888 -91.71209
v 3.008255 -17.85212 -91.71209
v 3.008255 -28.301888 -74.21754
v 3.008255 -28.301888 -91.71209
v 3.008255 -17.85212 -74.21754
v 3.008255 -28.59008 -70.438965
v 3.008255 -17.560364 -70.438965
v 3.008255 -26.690125 -67.158516
v 3.008255 -19.449654 -67.158516
v 3.008255 -23.07167 -65.621475
v 20.638016 -17.85212 -91.71209
v 20.638016 -28.301888 -91.71209
v 20.638016 -28.301888 -74.21754
v 20.662918 -17.83789 -74.21754
v 20.638016 -28.59008 -70.438965
v 20.634453 -17.556808 -70.438965
v 20.638016 -26.690125 -67.158516
v 20.638016 -19.449654 -67.158516
v 20.638016 -23.07167 -65.621475
v 33.25103 5.3707733 -91.71565
v 14.51474 5.3707733 -91.71209
v 14.51474 -4.790802 -91.71209
v 33.25103 -4.790802 -91.71565
v 33.25103 -5.3778687 -70.44253
v 14.51474 -5.3778687 -70.44253
v 14.51474 -1.396492 -66.04131
v 33.25103 -3.858612 -67.42181
v 33.25103 0.13699341 -65.71042
v 14.51474 1.6704788 -66.04131
v 14.51474 4.2500076 -67.83453
v 33.25103 3.9155655 -67.42181
v 14.51474 5.655411 -70.44253
v 33.25103 5.655411 -70.44253
v 33.25103 5.3707733 -74.22109
v 14.51474 5.3707733 -74.22109
v 14.51474 5.3707733 -91.71209
v 33.25103 5.3707733 -91.71565
v 33.25103 -4.790802 -91.71565
v 33.25103 5.3707733 -74.22109
v 33.25103 5.3707733 -91.71565
v 33.25103 -4.790802 -74.22109
v 33.25103 5.655411 -70.44253
v 33.25103 -5.3778687 -70.44253
v 33.25103 3.9155655 -67.42181
v 33.25103 -3.858612 -67.42181
v 33.25103 0.13699341 -65.71042
v 14.51474 -5.3778687 -70.44253
v 33.25103 -5.3778687 -70.44253
v 33.25103 -4.790802 -74.22109
v 14.51474 -4.790802 -74.22109
v 33.25103 -4.790802 -91.71565
v 14.51474 -4.790802 -91.71209
v 14.51474 -4.790802 -91.71209
v 14.51474 5.3707733 -91.71209
v 14.51474 5.3707733 -74.22109
v 14.51474 -4.790802 -74.22109
v 14.51474 5.655411 -70.44253
v 14.51474 -5.3778687 -70.44253
v 14.51474 4.2500076 -67.83453
v 14.51474 -1.396492 -66.04131
v 14.51474 1.6704788 -66.04131
v -23.882912 7.8791428 -116.06286
v -18.410744 5.6091537 -116.06286
v -18.410744 5.6091537 -71.54194
v -23.882912 7.8791428 -71.54194
v -29.35508 5.6091537 -116.06286
v -29.35508 5.6091537 -71.54194
v -31.621498 0.13699341 -116.06286
v -31.621498 0.13699341 -71.54194
v -29.35508 -5.3316116 -116.06286
v -29.35508 -5.3316116 -71.54194
v -18.410744 5.6091537 -116.06286
v -16.14431 0.13699341 -116.06286
v -16.14431 0.13699341 -71.54194
v -18.410744 5.6091537 -71.54194
v -16.14431 0.13699341 -116.06286
v -18.410744 -5.3316116 -71.54194
v -16.14431 0.13699341 -71.54194
v -18.410744 -5.3316116 -116.06286
v -23.882912 -7.6016006 -71.54194
v -23.882912 -7.6016006 -116.06286
v -23.882912 -7.6016006 -116.06286
v -29.35508 -5.3316116 -116.06286
v -29.35508 -5.3316116 -71.54194
v -23.882912 -7.6016006 -71.54194
v -18.410744 5.6091537 -116.06286
v -18.410744 -5.3316116 -116.06286
v -16.14431 0.13699341 -116.06286
v -23.882912 7.8791428 -116.06286
v -23.882912 -7.6016006 -116.06286
v -29.35508 -5.3316116 -116.06286
v -23.882912 -7.6016006 -116.06286
v -23.882912 7.8791428 -116.06286
v -29.35508 5.6091537 -116.06286
v -31.621498 0.13699341 -116.06286
v 17.482094 -28.010132 -116.585884
v 11.835587 -30.35128 -71.52771
v 17.482094 -28.010132 -71.52771
v 11.835587 -30.35128 -116.585884
v 6.1890793 -28.010132 -71.52771
v 6.1890793 -28.010132 -116.585884
v 6.1890793 -28.010132 -116.585884
v 3.8479385 -22.363632 -71.52771
v 6.1890793 -28.010132 -71.52771
v 3.8479385 -22.363632 -116.585884
v 6.1890793 -16.717125 -71.52771
v 6.1890793 -16.717125 -116.585884
v 6.1890793 -16.717125 -116.585884
v 11.835587 -14.3795395 -71.52771
v 6.1890793 -16.717125 -71.52771
v 11.835587 -14.3795395 -116.585884
v 17.482094 -16.717125 -71.52771
v 17.482094 -16.717125 -116.585884
v 17.482094 -16.717125 -116.585884
v 19.81968 -22.363632 -71.52771
v 17.482094 -16.717125 -71.52771
v 19.81968 -22.363632 -116.585884
v 17.482094 -28.010132 -71.52771
v 17.482094 -28.010132 -116.585884
v 6.1890793 -28.010132 -116.585884
v 6.1890793 -16.717125 -116.585884
v 3.8479385 -22.363632 -116.585884
v 11.835587 -30.35128 -116.585884
v 11.835587 -14.3795395 -116.585884
v 17.482094 -16.717125 -116.585884
v 11.835587 -14.3795395 -116.585884
v 11.835587 -30.35128 -116.585884
v 17.482094 -28.010132 -116.585884
v 19.81968 -22.363632 -116.585884
v 29.35505 5.6091537 -116.06286
v 29.35505 5.6091537 -71.54194
v 23.882889 7.8791428 -71.54194
v 23.882889 7.8791428 -116.06286
v 18.41072 5.6091537 -71.54194
v 18.41072 5.6091537 -116.06286
v 18.41072 5.6091537 -116.06286
v 18.41072 5.6091537 -71.54194
v 16.144295 0.13699341 -71.54194
v 16.144295 0.13699341 -116.06286
v 16.144295 0.13699341 -116.06286
v 16.144295 0.13699341 -71.54194
v 18.41072 -5.3316116 -71.54194
v 18.41072 -5.3316116 -116.06286
v 23.882889 -7.6016006 -71.54194
v 23.882889 -7.6016006 -116.06286
v 23.882889 -7.6016006 -116.06286
v 23.882889 -7.6016006 -71.54194
v 29.35505 -5.3316116 -71.54194
v 29.35505 -5.3316116 -116.06286
v 29.35505 -5.3316116 -116.06286
v 29.35505 -5.3316116 -71.54194
v 31.621475 0.13699341 -71.54194
v 31.621475 0.13699341 -116.06286
v 29.35505 5.6091537 -71.54194
v 29.35505 5.6091537 -116.06286
v 18.41072 5.6091537 -116.06286
v 16.144295 0.13699341 -116.06286
v 18.41072 -5.3316116 -116.06286
v 23.882889 7.8791428 -116.06286
v 23.882889 -7.6016006 -116.06286
v 29.35505 -5.3316116 -116.06286
v 23.882889 7.8791428 -116.06286
v 23.882889 -7.6016006 -116.06286
v 29.35505 5.6091537 -116.06286
v 31.621475 0.13699341 -116.06286
v 17.482094 28.010155 -116.585884
v 17.482094 28.010155 -71.52771
v 11.835587 30.35131 -71.52771
v 11.835587 30.35131 -116.585884
v 6.1890793 28.010155 -71.52771
v 6.1890793 28.010155 -116.585884
v 6.1890793 28.010155 -116.585884
v 6.1890793 28.010155 -71.52771
v 3.8479385 22.363655 -71.52771
v 3.8479385 22.363655 -116.585884
v 6.1890793 16.717155 -71.52771
v 6.1890793 16.717155 -116.585884
v 6.1890793 16.717155 -116.585884
v 6.1890793 16.717155 -71.52771
v 11.835587 14.379555 -71.52771
v 11.835587 14.379555 -116.585884
v 17.482094 16.717155 -71.52771
v 17.482094 16.717155 -116.585884
v 17.482094 16.717155 -116.585884
v 17.482094 16.717155 -71.52771
v 19.81968 22.363655 -71.52771
v 19.81968 22.363655 -116.585884
v 17.482094 28.010155 -71.52771
v 17.482094 28.010155 -116.585884
v 6.1890793 28.010155 -116.585884
v 3.8479385 22.363655 -116.585884
v 6.1890793 16.717155 -116.585884
v 11.835587 30.35131 -116.585884
v 11.835587 14.379555 -116.585884
v 17.482094 16.717155 -116.585884
v 11.835587 30.35131 -116.585884
v 11.835587 14.379555 -116.585884
v 17.482094 28.010155 -116.585884
v 19.81968 22.363655 -116.585884
v -17.48211 28.010155 -116.585884
v -11.835609 30.35131 -71.52771
v -17.48211 28.010155 -71.52771
v -11.835609 30.35131 -116.585884
v -6.18911 28.010155 -71.52771
v -6.18911 28.010155 -116.585884
v -6.18911 28.010155 -116.585884
v -3.8479614 22.363655 -71.52771
v -6.18911 28.010155 -71.52771
v -3.8479614 22.363655 -116.585884
v -6.18911 16.717155 -71.52771
v -6.18911 16.717155 -116.585884
v -6.18911 16.717155 -116.585884
v -11.835609 14.379555 -71.52771
v -6.18911 16.717155 -71.52771
v -11.835609 14.379555 -116.585884
v -17.48211 16.717155 -71.52771
v -17.48211 16.717155 -116.585884
v -17.48211 16.717155 -116.585884
v -19.81971 22.363655 -71.52771
v -17.48211 16.717155 -71.52771
v -19.81971 22.363655 -116.585884
v -17.48211 28.010155 -71.52771
v -17.48211 28.010155 -116.585884
v -6.18911 28.010155 -116.585884
v -6.18911 16.717155 -116.585884
v -3.8479614 22.363655 -116.585884
v -11.835609 30.35131 -116.585884
v -11.835609 14.379555 -116.585884
v -17.48211 16.717155 -116.585884
v -11.835609 14.379555 -116.585884
v -11.835609 30.35131 -116.585884
v -17.48211 28.010155 -116.585884
v -19.81971 22.363655 -116.585884
v 5.167946 5.6091537 -116.06286
v -0.3042221 7.8791428 -71.54194
v -0.3042221 7.8791428 -116.06286
v 5.167946 5.6091537 -71.54194
v 7.434372 0.13699341 -116.06286
v 7.434372 0.13699341 -71.54194
v 5.167946 -5.3316116 -116.06286
v 5.167946 -5.3316116 -71.54194
v -0.3042221 -7.6016006 -116.06286
v -0.3042221 -7.6016006 -71.54194
v -0.3042221 7.8791428 -116.06286
v -0.3042221 7.8791428 -71.54194
v -5.7763824 5.6091537 -71.54194
v -5.7763824 5.6091537 -116.06286
v -5.7763824 5.6091537 -116.06286
v -5.7763824 5.6091537 -71.54194
v -8.042809 0.13699341 -71.54194
v -8.042809 0.13699341 -116.06286
v -8.042809 0.13699341 -116.06286
v -8.042809 0.13699341 -71.54194
v -5.7763824 -5.3316116 -71.54194
v -5.7763824 -5.3316116 -116.06286
v -0.3042221 -7.6016006 -71.54194
v -0.3042221 -7.6016006 -116.06286
v -5.7763824 5.6091537 -116.06286
v -8.042809 0.13699341 -116.06286
v -5.7763824 -5.3316116 -116.06286
v -0.3042221 7.8791428 -116.06286
v -0.3042221 -7.6016006 -116.06286
v 5.167946 -5.3316116 -116.06286
v -0.3042221 7.8791428 -116.06286
v -0.3042221 -7.6016006 -116.06286
v 5.167946 5.6091537 -116.06286
v 7.434372 0.13699341 -116.06286
v 43.074593 -22.470367 -116.585884
v 37.428093 -24.811516 -71.77321
v 43.074593 -22.470367 -71.77321
v 37.428093 -24.811516 -116.585884
v 31.781586 -22.470367 -71.77321
v 31.781586 -22.470367 -116.585884
v 31.781586 -22.470367 -116.585884
v 29.440437 -16.823868 -116.585884
v 29.440437 -16.823868 -71.77321
v 31.781586 -22.470367 -71.77321
v 29.440437 -16.823868 -116.585884
v 31.781586 -11.177361 -116.585884
v 31.781586 -11.177361 -71.77321
v 29.440437 -16.823868 -71.77321
v 31.781586 -11.177361 -116.585884
v 37.428093 -9.967651 -71.77321
v 31.781586 -11.177361 -71.77321
v 37.428093 -8.839775 -116.585884
v 43.074593 -11.177361 -71.77321
v 43.074593 -11.177361 -116.585884
v 43.074593 -11.177361 -116.585884
v 45.412186 -16.823868 -116.585884
v 45.412186 -16.823868 -71.77321
v 43.074593 -11.177361 -71.77321
v 45.412186 -16.823868 -116.585884
v 43.074593 -22.470367 -116.585884
v 43.074593 -22.470367 -71.77321
v 45.412186 -16.823868 -71.77321
v 31.781586 -22.470367 -116.585884
v 31.781586 -11.177361 -116.585884
v 29.440437 -16.823868 -116.585884
v 37.428093 -24.811516 -116.585884
v 37.428093 -8.839775 -116.585884
v 43.074593 -11.177361 -116.585884
v 37.428093 -8.839775 -116.585884
v 37.428093 -24.811516 -116.585884
v 43.074593 -22.470367 -116.585884
v 45.412186 -16.823868 -116.585884
v 37.428093 25.886055 -116.585884
v 31.781586 23.548454 -71.77321
v 31.781586 23.548454 -116.585884
v 37.428093 25.886055 -71.77321
v 43.074593 23.548454 -116.585884
v 43.074593 23.548454 -71.77321
v 45.412186 17.901955 -116.585884
v 45.412186 17.901955 -71.77321
v 31.781586 23.548454 -116.585884
v 31.781586 23.548454 -71.77321
v 29.440437 17.901955 -71.77321
v 29.440437 17.901955 -116.585884
v 29.440437 17.901955 -116.585884
v 29.440437 17.901955 -71.77321
v 31.781586 12.255455 -71.77321
v 31.781586 12.255455 -116.585884
v 31.781586 12.255455 -116.585884
v 31.781586 12.255455 -71.77321
v 37.428093 11.042183 -71.77321
v 37.428093 9.914307 -116.585884
v 43.074593 12.255455 -71.77321
v 43.074593 12.255455 -116.585884
v 43.074593 12.255455 -116.585884
v 43.074593 12.255455 -71.77321
v 45.412186 17.901955 -71.77321
v 45.412186 17.901955 -116.585884
v 31.781586 23.548454 -116.585884
v 29.440437 17.901955 -116.585884
v 31.781586 12.255455 -116.585884
v 37.428093 25.886055 -116.585884
v 37.428093 9.914307 -116.585884
v 43.074593 12.255455 -116.585884
v 37.428093 25.886055 -116.585884
v 37.428093 9.914307 -116.585884
v 43.074593 23.548454 -116.585884
v 45.412186 17.901955 -116.585884
v -37.42811 -24.811516 -116.585884
v -31.781609 -22.470367 -71.77321
v -31.781609 -22.470367 -116.585884
v -37.42811 -24.811516 -71.77321
v -43.074623 -22.470367 -116.585884
v -43.074623 -22.470367 -71.77321
v -45.41221 -16.823868 -116.585884
v -45.41221 -16.823868 -71.77321
v -31.781609 -22.470367 -116.585884
v -31.781609 -22.470367 -71.77321
v -29.440468 -16.823868 -71.77321
v -29.440468 -16.823868 -116.585884
v -31.781609 -11.177361 -71.77321
v -31.781609 -11.177361 -116.585884
v -31.781609 -11.177361 -116.585884
v -31.781609 -11.177361 -71.77321
v -37.42811 -9.967651 -71.77321
v -37.42811 -8.839775 -116.585884
v -43.074623 -11.177361 -71.77321
v -43.074623 -11.177361 -116.585884
v -43.074623 -11.177361 -116.585884
v -43.074623 -11.177361 -71.77321
v -45.41221 -16.823868 -71.77321
v -45.41221 -16.823868 -116.585884
v -31.781609 -22.470367 -116.585884
v -29.440468 -16.823868 -116.585884
v -31.781609 -11.177361 -116.585884
v -37.42811 -24.811516 -116.585884
v -37.42811 -8.839775 -116.585884
v -43.074623 -11.177361 -116.585884
v -37.42811 -24.811516 -116.585884
v -37.42811 -8.839775 -116.585884
v -43.074623 -22.470367 -116.585884
v -45.41221 -16.823868 -116.585884
v -37.42811 25.886055 -116.585884
v -31.781609 23.548454 -116.585884
v -31.781609 23.548454 -71.77321
v -37.42811 25.886055 -71.77321
v -43.074623 23.548454 -116.585884
v -43.074623 23.548454 -71.77321
v -45.41221 17.901955 -116.585884
v -45.41221 17.901955 -71.77321
v -31.781609 23.548454 -116.585884
v -29.440468 17.901955 -71.77321
v -31.781609 23.548454 -71.77321
v -29.440468 17.901955 -116.585884
v -31.781609 12.255455 -71.77321
v -31.781609 12.255455 -116.585884
v -31.781609 12.255455 -116.585884
v -37.42811 11.042183 -71.77321
v -31.781609 12.255455 -71.77321
v -37.42811 9.914307 -116.585884
v -43.074623 12.255455 -71.77321
v -43.074623 12.255455 -116.585884
v -43.074623 12.255455 -116.585884
v -45.41221 17.901955 -116.585884
v -45.41221 17.901955 -71.77321
v -43.074623 12.255455 -71.77321
v -31.781609 23.548454 -116.585884
v -31.781609 12.255455 -116.585884
v -29.440468 17.901955 -116.585884
v -37.42811 25.886055 -116.585884
v -37.42811 9.914307 -116.585884
v -43.074623 12.255455 -116.585884
v -37.42811 9.914307 -116.585884
v -37.42811 25.886055 -116.585884
v -43.074623 23.548454 -116.585884
v -45.41221 17.901955 -116.585884
v -17.48211 -28.010132 -116.585884
v -17.48211 -28.010132 -71.52771
v -11.835609 -30.35128 -71.52771
v -11.835609 -30.35128 -116.585884
v -6.18911 -28.010132 -71.52771
v -6.18911 -28.010132 -116.585884
v -6.18911 -28.010132 -116.585884
v -6.18911 -28.010132 -71.52771
v -3.8479614 -22.363632 -71.52771
v -3.8479614 -22.363632 -116.585884
v -6.18911 -16.717125 -71.52771
v -6.18911 -16.717125 -116.585884
v -6.18911 -16.717125 -116.585884
v -6.18911 -16.717125 -71.52771
v -11.835609 -14.3795395 -71.52771
v -11.835609 -14.3795395 -116.585884
v -17.48211 -16.717125 -71.52771
v -17.48211 -16.717125 -116.585884
v -17.48211 -16.717125 -116.585884
v -17.48211 -16.717125 -71.52771
v -19.81971 -22.363632 -71.52771
v -19.81971 -22.363632 -116.585884
v -17.48211 -28.010132 -71.52771
v -17.48211 -28.010132 -116.585884
v -6.18911 -28.010132 -116.585884
v -3.8479614 -22.363632 -116.585884
v -6.18911 -16.717125 -116.585884
v -11.835609 -30.35128 -116.585884
v -11.835609 -14.3795395 -116.585884
v -17.48211 -16.717125 -116.585884
v -11.835609 -30.35128 -116.585884
v -11.835609 -14.3795395 -116.585884
v -17.48211 -28.010132 -116.585884
v -19.81971 -22.363632 -116.585884
v -21.733894 17.243736 -33.68866
v -21.733894 17.243736 -59.384346
v 21.733871 17.243736 -59.384346
v 21.733871 17.243736 -33.68866
v 12.746429 10.010368 -25.14952
v -12.746452 10.010368 -25.14952
v 21.733871 17.243736 -59.384346
v 21.733871 -0.008880615 -33.68866
v 21.733871 17.243736 -33.68866
v 21.733871 -0.008880615 -59.384346
v 21.733871 -17.257942 -33.68866
v 21.733871 -17.257942 -59.384346
v -21.733894 17.243736 -59.384346
v 21.733871 -0.008880615 -59.384346
v 21.733871 17.243736 -59.384346
v -21.733894 -0.008880615 -59.384346
v 21.733871 -17.257942 -59.384346
v -21.733894 -17.257942 -59.384346
v 21.733871 -17.257942 -59.384346
v -21.733894 -17.257942 -59.384346
v -21.733894 -17.257942 -33.68866
v 21.733871 -17.257942 -33.68866
v -21.733894 17.243736 -33.68866
v -21.733894 -0.008880615 -59.384346
v -21.733894 17.243736 -59.384346
v -21.733894 -0.008880615 -33.68866
v -21.733894 -17.257942 -59.384346
v -21.733894 -17.257942 -33.68866
v -21.733894 -0.008880615 -33.68866
v -21.733894 17.243736 -33.68866
v -12.746452 10.010368 -25.14952
v -12.746452 -0.10850525 -25.14952
v 12.746429 10.010368 -25.14952
v -12.746452 -10.227386 -25.14952
v -21.733894 -17.257942 -33.68866
v 12.746429 -0.10850525 -25.14952
v 21.733871 17.243736 -33.68866
v 12.746429 -10.227386 -25.14952
v 21.733871 -0.008880615 -33.68866
v 21.733871 -17.257942 -33.68866
v 21.733871 -17.257942 -33.68866
v -21.733894 -17.257942 -33.68866
v -12.746452 -10.227386 -25.14952
v 12.746429 -10.227386 -25.14952
v -7.064369 -7.220894 -71.52771
v -7.0679245 -2.1756897 -52.563713
v 7.4984207 -2.1756897 -52.563713
v 7.4984207 -7.220894 -71.52771
v -7.0679245 9.43042 -71.54194
v -7.146202 2.2966843 -52.563713
v -7.0679245 -2.1756897 -52.563713
v -7.064369 -7.220894 -71.52771
v -7.0679245 9.43042 -71.54194
v 7.5055313 9.43042 -71.54194
v 7.583809 2.2966843 -52.563713
v -7.146202 2.2966843 -52.563713
v 7.4984207 -7.220894 -71.52771
v 7.4984207 -2.1756897 -52.563713
v 7.583809 2.2966843 -52.563713
v 7.5055313 9.43042 -71.54194
v -7.064369 -7.220894 -71.52771
v 7.4984207 -7.220894 -71.52771
v 7.5055313 9.43042 -71.54194
v -7.0679245 9.43042 -71.54194
v -17.122765 -7.220894 -71.52771
v -31.68554 -7.220894 -71.52771
v -31.68554 -2.1756897 -52.563713
v -17.119194 -2.1756897 -52.563713
v -17.119194 9.43042 -71.54194
v -17.122765 -7.220894 -71.52771
v -17.119194 -2.1756897 -52.563713
v -17.040932 2.2966843 -52.563713
v -17.119194 9.43042 -71.54194
v -17.040932 2.2966843 -52.563713
v -31.770943 2.2966843 -52.563713
v -31.692665 9.43042 -71.54194
v -31.68554 -7.220894 -71.52771
v -31.692665 9.43042 -71.54194
v -31.770943 2.2966843 -52.563713
v -31.68554 -2.1756897 -52.563713
v -17.122765 -7.220894 -71.52771
v -17.119194 9.43042 -71.54194
v -31.692665 9.43042 -71.54194
v -31.68554 -7.220894 -71.52771
v 17.122734 -7.220894 -71.52771
v 17.119179 -2.1756897 -52.563713
v 31.685524 -2.1756897 -52.563713
v 31.685524 -7.220894 -71.52771
v 17.119179 9.43042 -71.54194
v 17.040901 2.2966843 -52.563713
v 17.119179 -2.1756897 -52.563713
v 17.122734 -7.220894 -71.52771
v 17.119179 9.43042 -71.54194
v 31.692635 9.43042 -71.54194
v 31.770912 2.2966843 -52.563713
v 17.040901 2.2966843 -52.563713
v 31.685524 -7.220894 -71.52771
v 31.685524 -2.1756897 -52.563713
v 31.770912 2.2966843 -52.563713
v 31.692635 9.43042 -71.54194
v 17.122734 -7.220894 -71.52771
v 31.685524 -7.220894 -71.52771
v 31.692635 9.43042 -71.54194
v 17.119179 9.43042 -71.54194
vt 0.584217 0.24150734
vt 0.56377125 0.2619531
vt 0.584217 0.28239885
vt 0.5939531 0.37489152
vt 0.6095308 0.39046922
vt 0.6095308 0.3583402
vt 0.584217 0.24150734
vt 0.584217 0.28239885
vt 0.56377125 0.2619531
vt 0.5939531 0.37489152
vt 0.6095308 0.3583402
vt 0.6095308 0.39046922
vt 0.584217 0.24150734
vt 0.584217 0.28239885
vt 0.56377125 0.2619531
vt 0.5939531 0.37489152
vt 0.6095308 0.3583402
vt 0.6095308 0.39046922
vt 0.584217 0.24150734
vt 0.56377125 0.2619531
vt 0.584217 0.28239885
vt 0.5939531 0.37489152
vt 0.6095308 0.39046922
vt 0.6095308 0.3583402
vt 0.6212141 0.7195484
vt 0.6212141 0.70104986
vt 0.584217 0.7107859
vt 0.584217 0.7107859
vt 0.6212141 0.70104986
vt 0.61147803 0.6864458
vt 0.6212141 0.7195484
vt 0.584217 0.7107859
vt 0.61147803 0.7341525
vt 0.3982581 0.8500117
vt 0.38170677 0.82664514
vt 0.4177302 0.82664514
vt 0.3982581 0.8500117
vt 0.4177302 0.82664514
vt 0.38170677 0.82664514
vt 0.3982581 0.8500117
vt 0.4177302 0.82664514
vt 0.38170677 0.82664514
vt 0.38170677 0.82664514
vt 0.3982581 0.8500117
vt 0.4177302 0.82664514
vt 0.3602874 0.29310852
vt 0.3602874 0.3174487
vt 0.3865748 0.3174487
vt 0.3865748 0.29310852
vt 0.41188857 0.37781233
vt 0.41188857 0.32329035
vt 0.43720236 0.32329035
vt 0.43720236 0.37781233
vt 0.42551908 0.7331789
vt 0.4518065 0.7331789
vt 0.4518065 0.70494425
vt 0.42551908 0.70494425
vt 0.3865748 0.32329035
vt 0.3865748 0.37781233
vt 0.361261 0.37781233
vt 0.361261 0.32329035
vt 0.44888565 0.3768387
vt 0.47322583 0.3768387
vt 0.47322583 0.32329035
vt 0.44888565 0.32329035
vt 0.3865748 0.32329035
vt 0.41188857 0.32329035
vt 0.41188857 0.37781233
vt 0.3865748 0.37781233
vt 0.76628155 0.16848682
vt 0.7565455 0.16848682
vt 0.75557184 0.06528445
vt 0.75849265 0.06528445
vt 0.7769912 0.1675132
vt 0.76628155 0.16848682
vt 0.75849265 0.06528445
vt 0.7623871 0.06528445
vt 0.7516774 0.06528445
vt 0.7458358 0.16848682
vt 0.7351261 0.1675132
vt 0.7487566 0.06528445
vt 0.7565455 0.16848682
vt 0.7458358 0.16848682
vt 0.7516774 0.06528445
vt 0.75557184 0.06528445
vt 0.38754842 0.7915953
vt 0.4138358 0.7915953
vt 0.4138358 0.8178827
vt 0.38754842 0.8178827
vt 0.3602874 0.29310852
vt 0.3865748 0.29310852
vt 0.3865748 0.3174487
vt 0.3602874 0.3174487
vt 0.41188857 0.37781233
vt 0.43720236 0.37781233
vt 0.43720236 0.32329035
vt 0.41188857 0.32329035
vt 0.42551908 0.7331789
vt 0.42551908 0.70494425
vt 0.4518065 0.70494425
vt 0.4518065 0.7331789
vt 0.3865748 0.32329035
vt 0.361261 0.32329035
vt 0.361261 0.37781233
vt 0.3865748 0.37781233
vt 0.44888565 0.3768387
vt 0.44888565 0.32329035
vt 0.47322583 0.32329035
vt 0.47322583 0.3768387
vt 0.3865748 0.32329035
vt 0.3865748 0.37781233
vt 0.41188857 0.37781233
vt 0.41188857 0.32329035
vt 0.76628155 0.16848682
vt 0.75849265 0.06528445
vt 0.75557184 0.06528445
vt 0.7565455 0.16848682
vt 0.7769912 0.1675132
vt 0.7623871 0.06528445
vt 0.75849265 0.06528445
vt 0.76628155 0.16848682
vt 0.7516774 0.06528445
vt 0.7487566 0.06528445
vt 0.7351261 0.1675132
vt 0.7458358 0.16848682
vt 0.7565455 0.16848682
vt 0.75557184 0.06528445
vt 0.7516774 0.06528445
vt 0.7458358 0.16848682
vt 0.38754842 0.7915953
vt 0.38754842 0.8178827
vt 0.4138358 0.8178827
vt 0.4138358 0.7915953
vt 0.58908504 0.026340177
vt 0.62024045 0.03802346
vt 0.62024045 0.12856892
vt 0.57740176 0.13441056
vt 0.62024045 0.03802346
vt 0.72441643 0.03802346
vt 0.72441643 0.0049208216
vt 0.62024045 0.0049208216
vt 0.72441643 0.17238124
vt 0.72441643 0.12856892
vt 0.62024045 0.12856892
vt 0.62024045 0.17238124
vt 0.62024045 0.12856892
vt 0.72441643 0.12856892
vt 0.72441643 0.03802346
vt 0.62024045 0.03802346
vt 0.57740176 0.13441056
vt 0.62024045 0.12856892
vt 0.62024045 0.03802346
vt 0.58908504 0.026340177
vt 0.3982581 0.7068915
vt 0.38170677 0.7234428
vt 0.40020528 0.74096775
vt 0.41675663 0.72441643
vt 0.5559824 0.35249856
vt 0.5559824 0.40994138
vt 0.57837534 0.40994138
vt 0.57837534 0.35249856
vt 0.38170677 0.7234428
vt 0.3982581 0.7068915
vt 0.41675663 0.72441643
vt 0.40020528 0.74096775
vt 0.5559824 0.35249856
vt 0.5559824 0.40994138
vt 0.53261584 0.40994138
vt 0.53261584 0.35249856
vt 0.57837534 0.40994138
vt 0.5559824 0.40994138
vt 0.5559824 0.35249856
vt 0.57837534 0.35249856
vt 0.53261584 0.35249856
vt 0.53261584 0.40994138
vt 0.5559824 0.40994138
vt 0.5559824 0.35249856
vt 0.3602874 0.29310852
vt 0.3865748 0.29310852
vt 0.3865748 0.3174487
vt 0.3602874 0.3174487
vt 0.41188857 0.37781233
vt 0.43720236 0.37781233
vt 0.43720236 0.32329035
vt 0.41188857 0.32329035
vt 0.42551908 0.7331789
vt 0.42551908 0.70494425
vt 0.4518065 0.70494425
vt 0.4518065 0.7331789
vt 0.3865748 0.32329035
vt 0.361261 0.32329035
vt 0.361261 0.37781233
vt 0.3865748 0.37781233
vt 0.44888565 0.3768387
vt 0.44888565 0.32329035
vt 0.47322583 0.32329035
vt 0.47322583 0.3768387
vt 0.3865748 0.32329035
vt 0.3865748 0.37781233
vt 0.41188857 0.37781233
vt 0.41188857 0.32329035
vt 0.76628155 0.16848682
vt 0.75849265 0.06528445
vt 0.75557184 0.06528445
vt 0.7565455 0.16848682
vt 0.7769912 0.1675132
vt 0.7623871 0.06528445
vt 0.75849265 0.06528445
vt 0.76628155 0.16848682
vt 0.7516774 0.06528445
vt 0.7487566 0.06528445
vt 0.7351261 0.1675132
vt 0.7458358 0.16848682
vt 0.7565455 0.16848682
vt 0.75557184 0.06528445
vt 0.7516774 0.06528445
vt 0.7458358 0.16848682
vt 0.38754842 0.7915953
vt 0.38754842 0.8178827
vt 0.4138358 0.8178827
vt 0.4138358 0.7915953
vt 0.3602874 0.29310852
vt 0.3602874 0.3174487
vt 0.3865748 0.3174487
vt 0.3865748 0.29310852
vt 0.41188857 0.37781233
vt 0.41188857 0.32329035
vt 0.43720236 0.32329035
vt 0.43720236 0.37781233
vt 0.42551908 0.7331789
vt 0.4518065 0.7331789
vt 0.4518065 0.70494425
vt 0.42551908 0.70494425
vt 0.3865748 0.32329035
vt 0.3865748 0.37781233
vt 0.361261 0.37781233
vt 0.361261 0.32329035
vt 0.44888565 0.3768387
vt 0.47322583 0.3768387
vt 0.47322583 0.32329035
vt 0.44888565 0.32329035
vt 0.3865748 0.32329035
vt 0.41188857 0.32329035
vt 0.41188857 0.37781233
vt 0.3865748 0.37781233
vt 0.76628155 0.16848682
vt 0.7565455 0.16848682
vt 0.75557184 0.06528445
vt 0.75849265 0.06528445
vt 0.7769912 0.1675132
vt 0.76628155 0.16848682
vt 0.75849265 0.06528445
vt 0.7623871 0.06528445
vt 0.7516774 0.06528445
vt 0.7458358 0.16848682
vt 0.7351261 0.1675132
vt 0.7487566 0.06528445
vt 0.7565455 0.16848682
vt 0.7458358 0.16848682
vt 0.7516774 0.06528445
vt 0.75557184 0.06528445
vt 0.38754842 0.7915953
vt 0.4138358 0.7915953
vt 0.4138358 0.8178827
vt 0.38754842 0.8178827
vt 0.58908504 0.026340177
vt 0.57740176 0.13441056
vt 0.62024045 0.12856892
vt 0.62024045 0.03802346
vt 0.62024045 0.03802346
vt 0.62024045 0.0049208216
vt 0.72441643 0.0049208216
vt 0.72441643 0.03802346
vt 0.72441643 0.17238124
vt 0.62024045 0.17238124
vt 0.62024045 0.12856892
vt 0.72441643 0.12856892
vt 0.62024045 0.12856892
vt 0.62024045 0.03802346
vt 0.72441643 0.03802346
vt 0.72441643 0.12856892
vt 0.57740176 0.13441056
vt 0.58908504 0.026340177
vt 0.62024045 0.03802346
vt 0.62024045 0.12856892
vt 0.3982581 0.7068915
vt 0.41675663 0.72441643
vt 0.40020528 0.74096775
vt 0.38170677 0.7234428
vt 0.5559824 0.35249856
vt 0.57837534 0.35249856
vt 0.57837534 0.40994138
vt 0.5559824 0.40994138
vt 0.38170677 0.7234428
vt 0.40020528 0.74096775
vt 0.41675663 0.72441643
vt 0.3982581 0.7068915
vt 0.5559824 0.35249856
vt 0.53261584 0.35249856
vt 0.53261584 0.40994138
vt 0.5559824 0.40994138
vt 0.57837534 0.40994138
vt 0.57837534 0.35249856
vt 0.5559824 0.35249856
vt 0.5559824 0.40994138
vt 0.53261584 0.35249856
vt 0.5559824 0.35249856
vt 0.5559824 0.40994138
vt 0.53261584 0.40994138
vt 0.7507038 0.39728448
vt 0.7507038 0.36710265
vt 0.6251085 0.36710265
vt 0.6251085 0.39728448
vt 0.7507038 0.36710265
vt 0.7507038 0.33594722
vt 0.6251085 0.33594722
vt 0.6251085 0.36710265
vt 0.5939531 0.37489152
vt 0.6095308 0.3583402
vt 0.6095308 0.34957772
vt 0.5851906 0.3739179
vt 0.5939531 0.37489152
vt 0.5851906 0.3739179
vt 0.6095308 0.3992317
vt 0.6095308 0.39046922
vt 0.7507038 0.39728448
vt 0.6251085 0.39728448
vt 0.6251085 0.36710265
vt 0.7507038 0.36710265
vt 0.7507038 0.36710265
vt 0.6251085 0.36710265
vt 0.6251085 0.33594722
vt 0.7507038 0.33594722
vt 0.5939531 0.37489152
vt 0.5851906 0.3739179
vt 0.6095308 0.34957772
vt 0.6095308 0.3583402
vt 0.5939531 0.37489152
vt 0.6095308 0.39046922
vt 0.6095308 0.3992317
vt 0.5851906 0.3739179
vt 0.7507038 0.39728448
vt 0.6251085 0.39728448
vt 0.6251085 0.36710265
vt 0.7507038 0.36710265
vt 0.7507038 0.36710265
vt 0.6251085 0.36710265
vt 0.6251085 0.33594722
vt 0.7507038 0.33594722
vt 0.5939531 0.37489152
vt 0.5851906 0.3739179
vt 0.6095308 0.34957772
vt 0.6095308 0.3583402
vt 0.5939531 0.37489152
vt 0.6095308 0.39046922
vt 0.6095308 0.3992317
vt 0.5851906 0.3739179
vt 0.7507038 0.39728448
vt 0.7507038 0.36710265
vt 0.6251085 0.36710265
vt 0.6251085 0.39728448
vt 0.7507038 0.36710265
vt 0.7507038 0.33594722
vt 0.6251085 0.33594722
vt 0.6251085 0.36710265
vt 0.5939531 0.37489152
vt 0.6095308 0.3583402
vt 0.6095308 0.34957772
vt 0.5851906 0.3739179
vt 0.5939531 0.37489152
vt 0.5851906 0.3739179
vt 0.6095308 0.3992317
vt 0.6095308 0.39046922
vt 0.502434 0.87921995
vt 0.5170381 0.87921995
vt 0.5170381 0.8100938
vt 0.502434 0.8100938
vt 0.502434 0.74096775
vt 0.5170381 0.74096775
vt 0.47517303 0.87921995
vt 0.44693843 0.8100938
vt 0.44693843 0.87921995
vt 0.47517303 0.8100938
vt 0.502434 0.87921995
vt 0.44693843 0.74096775
vt 0.502434 0.8100938
vt 0.47517303 0.74096775
vt 0.502434 0.74096775
vt 0.44693843 0.87921995
vt 0.43330795 0.8100938
vt 0.43330795 0.87921995
vt 0.44693843 0.8100938
vt 0.43330795 0.74096775
vt 0.44693843 0.74096775
vt 0.5812962 0.87629914
vt 0.61147803 0.87629914
vt 0.61147803 0.80912024
vt 0.5812962 0.80912024
vt 0.55014074 0.87629914
vt 0.55014074 0.80912024
vt 0.55014074 0.742915
vt 0.5812962 0.742915
vt 0.61147803 0.742915
vt 0.61147803 0.87629914
vt 0.6290029 0.87629914
vt 0.6290029 0.80912024
vt 0.61147803 0.80912024
vt 0.61147803 0.742915
vt 0.6290029 0.742915
vt 0.53261584 0.87629914
vt 0.55014074 0.87629914
vt 0.55014074 0.80912024
vt 0.53261584 0.80912024
vt 0.53261584 0.742915
vt 0.55014074 0.742915
vt 0.50632846 0.39339006
vt 0.52677417 0.4011789
vt 0.52385336 0.40994138
vt 0.4985396 0.3982581
vt 0.48198828 0.35347214
vt 0.49172437 0.35347214
vt 0.4995132 0.30673903
vt 0.50730205 0.31258065
vt 0.5258006 0.29700294
vt 0.5277478 0.3047918
vt 0.50730205 0.31258065
vt 0.5277478 0.3047918
vt 0.5258006 0.29700294
vt 0.4995132 0.30673903
vt 0.49172437 0.35347214
vt 0.48198828 0.35347214
vt 0.50632846 0.39339006
vt 0.4985396 0.3982581
vt 0.52385336 0.40994138
vt 0.52677417 0.4011789
vt 0.4274663 0.8100938
vt 0.4274663 0.87921995
vt 0.43330795 0.87921995
vt 0.43330795 0.8100938
vt 0.4274663 0.74096775
vt 0.43330795 0.74096775
vt 0.5228798 0.87921995
vt 0.5170381 0.8100938
vt 0.5170381 0.87921995
vt 0.5228798 0.8100938
vt 0.5170381 0.74096775
vt 0.5228798 0.74096775
vt 0.70104986 0.9259531
vt 0.6815777 0.93471557
vt 0.66794723 0.9902111
vt 0.7312317 0.9902111
vt 0.6815777 0.93471557
vt 0.70104986 0.9259531
vt 0.7312317 0.9902111
vt 0.66794723 0.9902111
vt 0.4138358 0.9230323
vt 0.4138358 0.8597478
vt 0.38268036 0.8597478
vt 0.38268036 0.9230323
vt 0.4138358 0.9425044
vt 0.4138358 0.9230323
vt 0.38268036 0.9230323
vt 0.38268036 0.9425044
vt 0.4138358 0.993132
vt 0.4138358 0.9425044
vt 0.38268036 0.9425044
vt 0.38268036 0.993132
vt 0.8441701 0.38462758
vt 0.8441701 0.32329035
vt 0.90648097 0.32329035
vt 0.90648097 0.38462758
vt 0.90648097 0.42065105
vt 0.8441701 0.42065105
vt 0.85195893 0.50924927
vt 0.80327857 0.47322583
vt 0.80327857 0.59103227
vt 0.85195893 0.55500877
vt 0.8879824 0.55500877
vt 0.8879824 0.50924927
vt 0.90648097 0.38462758
vt 0.90648097 0.32329035
vt 0.8441701 0.32329035
vt 0.8441701 0.38462758
vt 0.8441701 0.42065105
vt 0.90648097 0.42065105
vt 0.85195893 0.55500877
vt 0.80327857 0.59103227
vt 0.80327857 0.47322583
vt 0.85195893 0.50924927
vt 0.8879824 0.50924927
vt 0.8879824 0.55500877
vt 0.8587742 0.49269795
vt 0.8587742 0.4303871
vt 0.9035601 0.4303871
vt 0.9035601 0.49269795
vt 0.48490912 0.70494425
vt 0.48490912 0.7341525
vt 0.45959532 0.7341525
vt 0.45959532 0.70494425
vt 0.79841053 0.34373608
vt 0.79841053 0.44985926
vt 0.8354076 0.47517303
vt 0.8354076 0.34373608
vt 0.8052258 0.32426393
vt 0.8276188 0.32426393
vt 0.7925689 0.443044
vt 0.76628155 0.443044
vt 0.76628155 0.4683578
vt 0.7925689 0.4683578
vt 0.79841053 0.44985926
vt 0.8354076 0.34373608
vt 0.8354076 0.47517303
vt 0.79841053 0.34373608
vt 0.8276188 0.32426393
vt 0.8052258 0.32426393
vt 0.7925689 0.4683578
vt 0.76628155 0.4683578
vt 0.76628155 0.33692083
vt 0.7925689 0.33692083
vt 0.76628155 0.3164751
vt 0.7925689 0.3164751
vt 0.7925689 0.443044
vt 0.76628155 0.33692083
vt 0.76628155 0.443044
vt 0.7925689 0.33692083
vt 0.7925689 0.3164751
vt 0.76628155 0.3164751
vt 0.4148094 0.76628155
vt 0.3992317 0.7818592
vt 0.3856012 0.76822877
vt 0.4011789 0.75265104
vt 0.8354076 0.58616424
vt 0.8354076 0.67281526
vt 0.82859236 0.67281526
vt 0.8217771 0.58616424
vt 0.8354076 0.58616424
vt 0.8217771 0.58616424
vt 0.82859236 0.67281526
vt 0.8354076 0.67281526
vt 0.8431965 0.67281526
vt 0.8490381 0.58616424
vt 0.8354076 0.58616424
vt 0.8354076 0.67281526
vt 0.8354076 0.58616424
vt 0.8490381 0.58616424
vt 0.8431965 0.67281526
vt 0.8354076 0.67281526
vt 0.8441701 0.38462758
vt 0.90648097 0.32329035
vt 0.8441701 0.32329035
vt 0.90648097 0.38462758
vt 0.90648097 0.42065105
vt 0.8441701 0.42065105
vt 0.85195893 0.50924927
vt 0.80327857 0.59103227
vt 0.80327857 0.47322583
vt 0.85195893 0.55500877
vt 0.8879824 0.55500877
vt 0.8879824 0.50924927
vt 0.90648097 0.38462758
vt 0.8441701 0.32329035
vt 0.90648097 0.32329035
vt 0.8441701 0.38462758
vt 0.8441701 0.42065105
vt 0.90648097 0.42065105
vt 0.85195893 0.55500877
vt 0.80327857 0.47322583
vt 0.80327857 0.59103227
vt 0.85195893 0.50924927
vt 0.8879824 0.50924927
vt 0.8879824 0.55500877
vt 0.8587742 0.49269795
vt 0.9035601 0.49269795
vt 0.9035601 0.4303871
vt 0.8587742 0.4303871
vt 0.48490912 0.70494425
vt 0.45959532 0.70494425
vt 0.45959532 0.7341525
vt 0.48490912 0.7341525
vt 0.79841053 0.34373608
vt 0.8354076 0.47517303
vt 0.79841053 0.44985926
vt 0.8354076 0.34373608
vt 0.8052258 0.32426393
vt 0.8276188 0.32426393
vt 0.7925689 0.443044
vt 0.7925689 0.4683578
vt 0.76628155 0.4683578
vt 0.76628155 0.443044
vt 0.79841053 0.44985926
vt 0.8354076 0.47517303
vt 0.8354076 0.34373608
vt 0.79841053 0.34373608
vt 0.8276188 0.32426393
vt 0.8052258 0.32426393
vt 0.7925689 0.4683578
vt 0.76628155 0.33692083
vt 0.76628155 0.4683578
vt 0.7925689 0.33692083
vt 0.76628155 0.3164751
vt 0.7925689 0.3164751
vt 0.7925689 0.443044
vt 0.76628155 0.443044
vt 0.76628155 0.33692083
vt 0.7925689 0.33692083
vt 0.7925689 0.3164751
vt 0.76628155 0.3164751
vt 0.4148094 0.76628155
vt 0.4011789 0.75265104
vt 0.3856012 0.76822877
vt 0.3992317 0.7818592
vt 0.8354076 0.58616424
vt 0.8217771 0.58616424
vt 0.82859236 0.67281526
vt 0.8354076 0.67281526
vt 0.8354076 0.58616424
vt 0.8354076 0.67281526
vt 0.82859236 0.67281526
vt 0.8217771 0.58616424
vt 0.8431965 0.67281526
vt 0.8354076 0.67281526
vt 0.8354076 0.58616424
vt 0.8490381 0.58616424
vt 0.8354076 0.58616424
vt 0.8354076 0.67281526
vt 0.8431965 0.67281526
vt 0.8490381 0.58616424
vt 0.8986921 0.5696129
vt 0.87824637 0.5939531
vt 0.8986921 0.5968739
vt 0.87824637 0.5657185
vt 0.8558534 0.5968739
vt 0.8558534 0.5696129
vt 0.8986921 0.5968739
vt 0.87824637 0.6221877
vt 0.8986921 0.6221877
vt 0.87824637 0.5939531
vt 0.8558534 0.6221877
vt 0.8558534 0.5968739
vt 0.8986921 0.6221877
vt 0.87824637 0.6504223
vt 0.8986921 0.6504223
vt 0.87824637 0.6221877
vt 0.8558534 0.6504223
vt 0.8558534 0.6221877
vt 0.8986921 0.6504223
vt 0.87824637 0.6786569
vt 0.8986921 0.6786569
vt 0.87824637 0.6504223
vt 0.8558534 0.6786569
vt 0.8558534 0.6504223
vt 0.8986921 0.6786569
vt 0.87824637 0.7059179
vt 0.8986921 0.7059179
vt 0.87824637 0.6786569
vt 0.8558534 0.7059179
vt 0.8558534 0.6786569
vt 0.8986921 0.7059179
vt 0.87824637 0.7360997
vt 0.8986921 0.7312317
vt 0.87824637 0.7059179
vt 0.8558534 0.7312317
vt 0.8558534 0.7059179
vt 0.59103227 0.23371848
vt 0.61731964 0.21814078
vt 0.5647449 0.21814078
vt 0.5647449 0.18698534
vt 0.59103227 0.17238124
vt 0.61731964 0.18698534
vt 0.59103227 0.23371848
vt 0.61731964 0.21814078
vt 0.5647449 0.21814078
vt 0.5647449 0.18698534
vt 0.59103227 0.17238124
vt 0.61731964 0.18698534
vt 0.7322053 0.023419356
vt 0.7322053 0.037049856
vt 0.7711496 0.033155426
vt 0.7711496 0.027313784
vt 0.7351261 0.049706746
vt 0.77212316 0.037049856
vt 0.7711496 0.033155426
vt 0.7322053 0.037049856
vt 0.7351261 0.009788857
vt 0.7322053 0.023419356
vt 0.7711496 0.027313784
vt 0.77212316 0.02244575
vt 0.8986921 0.5696129
vt 0.8986921 0.5968739
vt 0.87824637 0.5939531
vt 0.87824637 0.5657185
vt 0.8558534 0.5968739
vt 0.8558534 0.5696129
vt 0.8986921 0.5968739
vt 0.8986921 0.6221877
vt 0.87824637 0.6221877
vt 0.87824637 0.5939531
vt 0.8558534 0.6221877
vt 0.8558534 0.5968739
vt 0.8986921 0.6221877
vt 0.8986921 0.6504223
vt 0.87824637 0.6504223
vt 0.87824637 0.6221877
vt 0.8558534 0.6504223
vt 0.8558534 0.6221877
vt 0.8986921 0.6504223
vt 0.8986921 0.6786569
vt 0.87824637 0.6786569
vt 0.87824637 0.6504223
vt 0.8558534 0.6786569
vt 0.8558534 0.6504223
vt 0.8986921 0.6786569
vt 0.8986921 0.7059179
vt 0.87824637 0.7059179
vt 0.87824637 0.6786569
vt 0.8558534 0.7059179
vt 0.8558534 0.6786569
vt 0.8986921 0.7059179
vt 0.8986921 0.7312317
vt 0.87824637 0.7360997
vt 0.87824637 0.7059179
vt 0.8558534 0.7312317
vt 0.8558534 0.7059179
vt 0.59103227 0.23371848
vt 0.5647449 0.21814078
vt 0.61731964 0.21814078
vt 0.5647449 0.18698534
vt 0.59103227 0.17238124
vt 0.61731964 0.18698534
vt 0.59103227 0.23371848
vt 0.5647449 0.21814078
vt 0.61731964 0.21814078
vt 0.5647449 0.18698534
vt 0.59103227 0.17238124
vt 0.61731964 0.18698534
vt 0.7322053 0.037049856
vt 0.7711496 0.033155426
vt 0.7711496 0.027313784
vt 0.7322053 0.023419356
vt 0.7351261 0.009788857
vt 0.7322053 0.023419356
vt 0.7711496 0.027313784
vt 0.77212316 0.02244575
vt 0.7351261 0.049706746
vt 0.77212316 0.037049856
vt 0.7711496 0.033155426
vt 0.7322053 0.037049856
vt 0.8558534 0.7312317
vt 0.8558534 0.7059179
vt 0.87824637 0.7059179
vt 0.87824637 0.7360997
vt 0.8986921 0.7059179
vt 0.8986921 0.7312317
vt 0.8558534 0.7059179
vt 0.8558534 0.6786569
vt 0.87824637 0.6786569
vt 0.87824637 0.7059179
vt 0.8986921 0.6786569
vt 0.8986921 0.7059179
vt 0.8558534 0.6786569
vt 0.8558534 0.6504223
vt 0.87824637 0.6504223
vt 0.87824637 0.6786569
vt 0.8986921 0.6504223
vt 0.8986921 0.6786569
vt 0.8558534 0.6504223
vt 0.8558534 0.6221877
vt 0.87824637 0.6221877
vt 0.87824637 0.6504223
vt 0.8986921 0.6221877
vt 0.8986921 0.6504223
vt 0.8558534 0.6221877
vt 0.8558534 0.5968739
vt 0.87824637 0.5939531
vt 0.87824637 0.6221877
vt 0.8986921 0.5968739
vt 0.8986921 0.6221877
vt 0.8558534 0.5968739
vt 0.8558534 0.5696129
vt 0.87824637 0.5657185
vt 0.87824637 0.5939531
vt 0.8986921 0.5696129
vt 0.8986921 0.5968739
vt 0.59103227 0.23371848
vt 0.5647449 0.21814078
vt 0.61731964 0.21814078
vt 0.5647449 0.18698534
vt 0.59103227 0.17238124
vt 0.61731964 0.18698534
vt 0.59103227 0.23371848
vt 0.5647449 0.21814078
vt 0.61731964 0.21814078
vt 0.5647449 0.18698534
vt 0.59103227 0.17238124
vt 0.61731964 0.18698534
vt 0.7322053 0.037049856
vt 0.7711496 0.033155426
vt 0.7711496 0.027313784
vt 0.7322053 0.023419356
vt 0.7351261 0.009788857
vt 0.7322053 0.023419356
vt 0.7711496 0.027313784
vt 0.77212316 0.02244575
vt 0.7351261 0.049706746
vt 0.77212316 0.037049856
vt 0.7711496 0.033155426
vt 0.7322053 0.037049856
vt 0.8558534 0.5696129
vt 0.87824637 0.5939531
vt 0.8558534 0.5968739
vt 0.87824637 0.5657185
vt 0.8986921 0.5968739
vt 0.8986921 0.5696129
vt 0.8558534 0.5968739
vt 0.87824637 0.6221877
vt 0.8558534 0.6221877
vt 0.87824637 0.5939531
vt 0.8986921 0.6221877
vt 0.8986921 0.5968739
vt 0.8558534 0.6221877
vt 0.87824637 0.6504223
vt 0.8558534 0.6504223
vt 0.87824637 0.6221877
vt 0.8986921 0.6504223
vt 0.8986921 0.6221877
vt 0.8558534 0.6504223
vt 0.87824637 0.6786569
vt 0.8558534 0.6786569
vt 0.87824637 0.6504223
vt 0.8986921 0.6786569
vt 0.8986921 0.6504223
vt 0.8558534 0.6786569
vt 0.87824637 0.7059179
vt 0.8558534 0.7059179
vt 0.87824637 0.6786569
vt 0.8986921 0.7059179
vt 0.8986921 0.6786569
vt 0.8558534 0.7059179
vt 0.87824637 0.7360997
vt 0.8558534 0.7312317
vt 0.87824637 0.7059179
vt 0.8986921 0.7312317
vt 0.8986921 0.7059179
vt 0.61731964 0.18698534
vt 0.61731964 0.21814078
vt 0.59103227 0.17238124
vt 0.5647449 0.18698534
vt 0.5647449 0.21814078
vt 0.59103227 0.23371848
vt 0.59103227 0.23371848
vt 0.61731964 0.21814078
vt 0.5647449 0.21814078
vt 0.5647449 0.18698534
vt 0.59103227 0.17238124
vt 0.61731964 0.18698534
vt 0.7322053 0.023419356
vt 0.7322053 0.037049856
vt 0.7711496 0.033155426
vt 0.7711496 0.027313784
vt 0.7351261 0.049706746
vt 0.77212316 0.037049856
vt 0.7711496 0.033155426
vt 0.7322053 0.037049856
vt 0.7351261 0.009788857
vt 0.7322053 0.023419356
vt 0.7711496 0.027313784
vt 0.77212316 0.02244575
vt 0.4995132 0.5433255
vt 0.4995132 0.556956
vt 0.5822698 0.556956
vt 0.5822698 0.5433255
vt 0.5822698 0.43525514
vt 0.4995132 0.43525514
vt 0.4995132 0.44791204
vt 0.5822698 0.44791204
vt 0.48588273 0.44791204
vt 0.48588273 0.5433255
vt 0.4995132 0.5433255
vt 0.4995132 0.44791204
vt 0.4995132 0.44791204
vt 0.4995132 0.5433255
vt 0.48588273 0.5433255
vt 0.48588273 0.44791204
vt 0.4995132 0.44791204
vt 0.4995132 0.5433255
vt 0.5822698 0.5433255
vt 0.5822698 0.44791204
vt 0.8753255 0.79841053
vt 0.7565455 0.50730205
vt 0.7234428 0.50730205
vt 0.7234428 0.6806041
vt 0.7234428 0.79841053
vt 0.8733783 0.9843695
vt 0.91816425 0.9843695
vt 0.91816425 0.9395836
vt 0.8733783 0.9395836
vt 0.742915 0.9843695
vt 0.742915 0.9395836
vt 0.80814666 0.87824637
vt 0.6377654 0.87824637
vt 0.80814666 0.81204104
vt 0.6377654 0.81204104
vt 0.47906747 0.69910264
vt 0.47906747 0.40020528
vt 0.44985926 0.3856012
vt 0.361261 0.69910264
vt 0.361261 0.3856012
vt 0.99507916 0.90745455
vt 0.92497945 0.90745455
vt 0.92497945 0.9941056
vt 0.99507916 0.9941056
vt 0.8753255 0.79841053
vt 0.7234428 0.79841053
vt 0.7234428 0.6806041
vt 0.7234428 0.50730205
vt 0.7565455 0.50730205
vt 0.7039707 0.25513783
vt 0.5988211 0.25513783
vt 0.5988211 0.29408213
vt 0.7039707 0.30284458
vt 0.638739 0.3330264
vt 0.5374839 0.3330264
vt 0.6358182 0.49075076
vt 0.7234428 0.50730205
vt 0.7234428 0.6806041
vt 0.6358182 0.6806041
vt 0.5715601 0.720522
vt 0.5715601 0.5676657
vt 0.5004868 0.5676657
vt 0.5004868 0.720522
vt 0.6358182 0.6806041
vt 0.58908504 0.6806041
vt 0.58908504 0.49075076
vt 0.6358182 0.49075076
vt 0.7234428 0.50730205
vt 0.7565455 0.50730205
vt 0.8753255 0.79841053
vt 0.7234428 0.6806041
vt 0.7234428 0.79841053
vt 0.8733783 0.9843695
vt 0.91816425 0.9395836
vt 0.91816425 0.9843695
vt 0.8733783 0.9395836
vt 0.742915 0.9843695
vt 0.742915 0.9395836
vt 0.80814666 0.87824637
vt 0.6377654 0.87824637
vt 0.6377654 0.81204104
vt 0.80814666 0.81204104
vt 0.47906747 0.69910264
vt 0.44985926 0.3856012
vt 0.47906747 0.40020528
vt 0.361261 0.69910264
vt 0.361261 0.3856012
vt 0.92497945 0.90745455
vt 0.92497945 0.9941056
vt 0.99507916 0.9941056
vt 0.99507916 0.90745455
vt 0.8753255 0.79841053
vt 0.7565455 0.50730205
vt 0.7234428 0.50730205
vt 0.7234428 0.6806041
vt 0.7234428 0.79841053
vt 0.7039707 0.25513783
vt 0.5988211 0.29408213
vt 0.5988211 0.25513783
vt 0.7039707 0.30284458
vt 0.638739 0.3330264
vt 0.5374839 0.3330264
vt 0.6358182 0.49075076
vt 0.6358182 0.6806041
vt 0.7234428 0.6806041
vt 0.7234428 0.50730205
vt 0.5715601 0.720522
vt 0.5004868 0.720522
vt 0.5004868 0.5676657
vt 0.5715601 0.5676657
vt 0.6358182 0.49075076
vt 0.58908504 0.49075076
vt 0.58908504 0.6806041
vt 0.6358182 0.6806041
vt 0.59200585 0.41188857
vt 0.59200585 0.4829619
vt 0.7565455 0.4829619
vt 0.7565455 0.41188857
vt 0.88506156 0.003947214
vt 0.76628155 0.04581232
vt 0.85195893 0.28726688
vt 0.88506156 0.2755836
vt 0.9941056 0.003947214
vt 0.9941056 0.2755836
vt 0.88506156 0.2755836
vt 0.88506156 0.003947214
vt 0.76628155 0.04581232
vt 0.88506156 0.003947214
vt 0.88506156 0.2755836
vt 0.85195893 0.28726688
vt 0.9941056 0.30965984
vt 0.88506156 0.30965984
vt 0.88506156 0.2755836
vt 0.9941056 0.2755836
vt 0.92497945 0.90745455
vt 0.92497945 0.9941056
vt 0.99507916 0.9941056
vt 0.99507916 0.90745455
vt 0.59200585 0.41188857
vt 0.7565455 0.41188857
vt 0.7565455 0.4829619
vt 0.59200585 0.4829619
vt 0.88506156 0.003947214
vt 0.88506156 0.2755836
vt 0.85195893 0.28726688
vt 0.76628155 0.04581232
vt 0.9941056 0.003947214
vt 0.88506156 0.003947214
vt 0.88506156 0.2755836
vt 0.9941056 0.2755836
vt 0.76628155 0.04581232
vt 0.85195893 0.28726688
vt 0.88506156 0.2755836
vt 0.88506156 0.003947214
vt 0.9941056 0.30965984
vt 0.9941056 0.2755836
vt 0.88506156 0.2755836
vt 0.88506156 0.30965984
vt 0.92497945 0.90745455
vt 0.99507916 0.90745455
vt 0.99507916 0.9941056
vt 0.92497945 0.9941056
vt 0.7234428 0.79841053
vt 0.7234428 0.6806041
vt 0.8753255 0.79841053
vt 0.7565455 0.50730205
vt 0.7234428 0.50730205
vt 0.8733783 0.9843695
vt 0.91816425 0.9395836
vt 0.91816425 0.9843695
vt 0.8733783 0.9395836
vt 0.742915 0.9843695
vt 0.742915 0.9395836
vt 0.80814666 0.87824637
vt 0.6377654 0.87824637
vt 0.6377654 0.81204104
vt 0.80814666 0.81204104
vt 0.47906747 0.69910264
vt 0.44985926 0.3856012
vt 0.47906747 0.40020528
vt 0.361261 0.69910264
vt 0.361261 0.3856012
vt 0.99507916 0.90745455
vt 0.99507916 0.9941056
vt 0.92497945 0.9941056
vt 0.92497945 0.90745455
vt 0.8753255 0.79841053
vt 0.7565455 0.50730205
vt 0.7234428 0.50730205
vt 0.7234428 0.6806041
vt 0.7234428 0.79841053
vt 0.7039707 0.25513783
vt 0.5988211 0.29408213
vt 0.5988211 0.25513783
vt 0.7039707 0.30284458
vt 0.638739 0.3330264
vt 0.5374839 0.3330264
vt 0.6358182 0.49075076
vt 0.6358182 0.6806041
vt 0.7234428 0.6806041
vt 0.7234428 0.50730205
vt 0.5715601 0.720522
vt 0.5004868 0.720522
vt 0.5004868 0.5676657
vt 0.5715601 0.5676657
vt 0.6358182 0.49075076
vt 0.58908504 0.49075076
vt 0.58908504 0.6806041
vt 0.6358182 0.6806041
vt 0.8753255 0.79841053
vt 0.7565455 0.50730205
vt 0.7234428 0.50730205
vt 0.7234428 0.6806041
vt 0.7234428 0.79841053
vt 0.8733783 0.9843695
vt 0.91816425 0.9843695
vt 0.91816425 0.9395836
vt 0.8733783 0.9395836
vt 0.742915 0.9843695
vt 0.742915 0.9395836
vt 0.80814666 0.87824637
vt 0.6377654 0.87824637
vt 0.6377654 0.81204104
vt 0.80814666 0.81204104
vt 0.47906747 0.69910264
vt 0.47906747 0.40020528
vt 0.44985926 0.3856012
vt 0.361261 0.69910264
vt 0.361261 0.3856012
vt 0.92497945 0.90745455
vt 0.99507916 0.90745455
vt 0.99507916 0.9941056
vt 0.92497945 0.9941056
vt 0.8753255 0.79841053
vt 0.7234428 0.79841053
vt 0.7234428 0.6806041
vt 0.7234428 0.50730205
vt 0.7565455 0.50730205
vt 0.7039707 0.25513783
vt 0.5988211 0.25513783
vt 0.5988211 0.29408213
vt 0.7039707 0.30284458
vt 0.638739 0.3330264
vt 0.5374839 0.3330264
vt 0.6358182 0.49075076
vt 0.7234428 0.50730205
vt 0.7234428 0.6806041
vt 0.6358182 0.6806041
vt 0.5715601 0.720522
vt 0.5715601 0.5676657
vt 0.5004868 0.5676657
vt 0.5004868 0.720522
vt 0.6358182 0.6806041
vt 0.58908504 0.6806041
vt 0.58908504 0.49075076
vt 0.6358182 0.49075076
vt 0.6377654 0.7059179
vt 0.6377654 0.77504396
vt 0.7039707 0.77504396
vt 0.7039707 0.7059179
vt 0.6377654 0.7059179
vt 0.6377654 0.77504396
vt 0.7039707 0.77504396
vt 0.7039707 0.7059179
vt 0.6377654 0.7059179
vt 0.6377654 0.77504396
vt 0.7039707 0.77504396
vt 0.7039707 0.7059179
vt 0.6377654 0.7059179
vt 0.6377654 0.77504396
vt 0.7039707 0.77504396
vt 0.7039707 0.7059179
vt 0.59200585 0.41188857
vt 0.59200585 0.4829619
vt 0.7565455 0.4829619
vt 0.7565455 0.41188857
vt 0.88506156 0.003947214
vt 0.76628155 0.04581232
vt 0.85195893 0.28726688
vt 0.88506156 0.2755836
vt 0.9941056 0.003947214
vt 0.9941056 0.2755836
vt 0.88506156 0.2755836
vt 0.88506156 0.003947214
vt 0.76628155 0.04581232
vt 0.88506156 0.003947214
vt 0.88506156 0.2755836
vt 0.85195893 0.28726688
vt 0.9941056 0.30965984
vt 0.88506156 0.30965984
vt 0.88506156 0.2755836
vt 0.9941056 0.2755836
vt 0.99507916 0.90745455
vt 0.99507916 0.9941056
vt 0.92497945 0.9941056
vt 0.92497945 0.90745455
vt 0.59200585 0.41188857
vt 0.7565455 0.41188857
vt 0.7565455 0.4829619
vt 0.59200585 0.4829619
vt 0.88506156 0.003947214
vt 0.88506156 0.2755836
vt 0.85195893 0.28726688
vt 0.76628155 0.04581232
vt 0.9941056 0.003947214
vt 0.88506156 0.003947214
vt 0.88506156 0.2755836
vt 0.9941056 0.2755836
vt 0.76628155 0.04581232
vt 0.85195893 0.28726688
vt 0.88506156 0.2755836
vt 0.88506156 0.003947214
vt 0.9941056 0.30965984
vt 0.9941056 0.2755836
vt 0.88506156 0.2755836
vt 0.88506156 0.30965984
vt 0.99507916 0.90745455
vt 0.92497945 0.90745455
vt 0.92497945 0.9941056
vt 0.99507916 0.9941056
vt 0.9960528 0.9006393
vt 0.9960528 0.7886745
vt 0.93568915 0.7886745
vt 0.93568915 0.9006393
vt 0.99215835 0.60855716
vt 0.9055073 0.6328974
vt 0.9055073 0.60855716
vt 0.99215835 0.62316126
vt 0.99215835 0.64555424
vt 0.9055073 0.6513959
vt 0.9055073 0.6630792
vt 0.99215835 0.6630792
vt 0.9055073 0.6815777
vt 0.99215835 0.6815777
vt 0.99215835 0.69910264
vt 0.9055073 0.69910264
vt 0.99215835 0.7818592
vt 0.9055073 0.7818592
vt 0.42065105 0.98923755
vt 0.42065105 0.8879824
vt 0.5900586 0.8879824
vt 0.5900586 0.98923755
vt 0.6260821 0.88506156
vt 0.6260821 0.99215835
vt 0.6582111 0.9035601
vt 0.6582111 0.9736598
vt 0.6689208 0.93860996
vt 0.99215835 0.5968739
vt 0.99215835 0.60855716
vt 0.9055073 0.60855716
vt 0.9055073 0.5968739
vt 0.9055073 0.5160645
vt 0.99215835 0.5160645
vt 0.9152434 0.3164751
vt 0.9941056 0.44693843
vt 0.9941056 0.3164751
vt 0.9152434 0.44693843
vt 0.9960528 0.47614664
vt 0.9132962 0.47614664
vt 0.9814487 0.5004868
vt 0.93666273 0.50438124
vt 0.9648974 0.5082756
vt 0.93568915 0.7886745
vt 0.93568915 0.9006393
vt 0.9960528 0.9006393
vt 0.9960528 0.7886745
vt 0.99215835 0.60855716
vt 0.9055073 0.60855716
vt 0.9055073 0.6328974
vt 0.99215835 0.62316126
vt 0.99215835 0.64555424
vt 0.9055073 0.6513959
vt 0.9055073 0.6630792
vt 0.99215835 0.6630792
vt 0.9055073 0.6815777
vt 0.99215835 0.6815777
vt 0.99215835 0.69910264
vt 0.9055073 0.69910264
vt 0.9055073 0.7818592
vt 0.99215835 0.7818592
vt 0.42065105 0.98923755
vt 0.5900586 0.8879824
vt 0.42065105 0.8879824
vt 0.5900586 0.98923755
vt 0.6260821 0.88506156
vt 0.6260821 0.99215835
vt 0.6582111 0.9035601
vt 0.6582111 0.9736598
vt 0.6689208 0.93860996
vt 0.9055073 0.60855716
vt 0.99215835 0.60855716
vt 0.99215835 0.5968739
vt 0.9055073 0.5968739
vt 0.99215835 0.5160645
vt 0.9055073 0.5160645
vt 0.9152434 0.3164751
vt 0.9941056 0.3164751
vt 0.9941056 0.44693843
vt 0.9152434 0.44693843
vt 0.9960528 0.47614664
vt 0.9132962 0.47614664
vt 0.9814487 0.5004868
vt 0.93666273 0.50438124
vt 0.9648974 0.5082756
vt 0.93568915 0.7886745
vt 0.93568915 0.9006393
vt 0.9960528 0.9006393
vt 0.9960528 0.7886745
vt 0.99215835 0.62802935
vt 0.9055073 0.6465278
vt 0.99215835 0.6465278
vt 0.9055073 0.62802935
vt 0.99215835 0.6105044
vt 0.9055073 0.6105044
vt 0.99215835 0.5929795
vt 0.9055073 0.5929795
vt 0.99215835 0.5160645
vt 0.9055073 0.5160645
vt 0.99215835 0.6465278
vt 0.9055073 0.6465278
vt 0.9055073 0.66502637
vt 0.99215835 0.66502637
vt 0.9055073 0.6825513
vt 0.99215835 0.6825513
vt 0.99215835 0.7000762
vt 0.9055073 0.7000762
vt 0.9055073 0.7818592
vt 0.99215835 0.7818592
vt 0.42065105 0.8879824
vt 0.5900586 0.98923755
vt 0.42065105 0.98923755
vt 0.5900586 0.8879824
vt 0.6260821 0.99215835
vt 0.6260821 0.88506156
vt 0.6582111 0.9736598
vt 0.6582111 0.9035601
vt 0.6689208 0.93860996
vt 0.42065105 0.8879824
vt 0.42065105 0.98923755
vt 0.5900586 0.98923755
vt 0.5900586 0.8879824
vt 0.6260821 0.99215835
vt 0.6260821 0.88506156
vt 0.6582111 0.9736598
vt 0.6582111 0.9035601
vt 0.6689208 0.93860996
vt 0.9960528 0.9006393
vt 0.9960528 0.7886745
vt 0.93568915 0.7886745
vt 0.93568915 0.9006393
vt 0.99215835 0.62802935
vt 0.99215835 0.6465278
vt 0.9055073 0.6465278
vt 0.9055073 0.62802935
vt 0.99215835 0.6105044
vt 0.9055073 0.6105044
vt 0.99215835 0.5929795
vt 0.9055073 0.5929795
vt 0.9055073 0.5160645
vt 0.99215835 0.5160645
vt 0.99215835 0.6465278
vt 0.9055073 0.66502637
vt 0.9055073 0.6465278
vt 0.99215835 0.66502637
vt 0.9055073 0.6825513
vt 0.99215835 0.6825513
vt 0.99215835 0.7000762
vt 0.9055073 0.7000762
vt 0.99215835 0.7818592
vt 0.9055073 0.7818592
vt 0.42065105 0.8879824
vt 0.42065105 0.98923755
vt 0.5900586 0.98923755
vt 0.5900586 0.8879824
vt 0.6260821 0.99215835
vt 0.6260821 0.88506156
vt 0.6582111 0.9736598
vt 0.6582111 0.9035601
vt 0.6689208 0.93860996
vt 0.42065105 0.8879824
vt 0.5900586 0.98923755
vt 0.42065105 0.98923755
vt 0.5900586 0.8879824
vt 0.6260821 0.99215835
vt 0.6260821 0.88506156
vt 0.6582111 0.9736598
vt 0.6582111 0.9035601
vt 0.6689208 0.93860996
vt 0.9960528 0.9006393
vt 0.9960528 0.7886745
vt 0.93568915 0.7886745
vt 0.93568915 0.9006393
vt 0.99215835 0.60855716
vt 0.9055073 0.6328974
vt 0.9055073 0.60855716
vt 0.99215835 0.62316126
vt 0.99215835 0.64555424
vt 0.9055073 0.6513959
vt 0.9055073 0.6630792
vt 0.99215835 0.6630792
vt 0.9055073 0.6815777
vt 0.99215835 0.6815777
vt 0.99215835 0.69910264
vt 0.9055073 0.69910264
vt 0.99215835 0.7818592
vt 0.9055073 0.7818592
vt 0.42065105 0.98923755
vt 0.42065105 0.8879824
vt 0.5900586 0.8879824
vt 0.5900586 0.98923755
vt 0.6260821 0.88506156
vt 0.6260821 0.99215835
vt 0.6582111 0.9035601
vt 0.6582111 0.9736598
vt 0.6689208 0.93860996
vt 0.99215835 0.5968739
vt 0.99215835 0.60855716
vt 0.9055073 0.60855716
vt 0.9055073 0.5968739
vt 0.9055073 0.5160645
vt 0.99215835 0.5160645
vt 0.9152434 0.3164751
vt 0.9941056 0.44693843
vt 0.9941056 0.3164751
vt 0.9152434 0.44693843
vt 0.9960528 0.47614664
vt 0.9132962 0.47614664
vt 0.9814487 0.5004868
vt 0.93666273 0.50438124
vt 0.9648974 0.5082756
vt 0.93568915 0.7886745
vt 0.93568915 0.9006393
vt 0.9960528 0.9006393
vt 0.9960528 0.7886745
vt 0.99215835 0.60855716
vt 0.9055073 0.60855716
vt 0.9055073 0.6328974
vt 0.99215835 0.62316126
vt 0.99215835 0.64555424
vt 0.9055073 0.6513959
vt 0.9055073 0.6630792
vt 0.99215835 0.6630792
vt 0.9055073 0.6815777
vt 0.99215835 0.6815777
vt 0.99215835 0.69910264
vt 0.9055073 0.69910264
vt 0.9055073 0.7818592
vt 0.99215835 0.7818592
vt 0.42065105 0.98923755
vt 0.5900586 0.8879824
vt 0.42065105 0.8879824
vt 0.5900586 0.98923755
vt 0.6260821 0.88506156
vt 0.6260821 0.99215835
vt 0.6582111 0.9035601
vt 0.6582111 0.9736598
vt 0.6689208 0.93860996
vt 0.9055073 0.60855716
vt 0.99215835 0.60855716
vt 0.99215835 0.5968739
vt 0.9055073 0.5968739
vt 0.99215835 0.5160645
vt 0.9055073 0.5160645
vt 0.9152434 0.3164751
vt 0.9941056 0.3164751
vt 0.9941056 0.44693843
vt 0.9152434 0.44693843
vt 0.9960528 0.47614664
vt 0.9132962 0.47614664
vt 0.9814487 0.5004868
vt 0.93666273 0.50438124
vt 0.9648974 0.5082756
vt 0.9960528 0.9006393
vt 0.9960528 0.7886745
vt 0.93568915 0.7886745
vt 0.93568915 0.9006393
vt 0.99215835 0.6105044
vt 0.9055073 0.63484454
vt 0.9055073 0.6105044
vt 0.99215835 0.6251085
vt 0.99215835 0.6465278
vt 0.9055073 0.6533431
vt 0.9055073 0.66502637
vt 0.99215835 0.66502637
vt 0.9055073 0.6835249
vt 0.99215835 0.6835249
vt 0.99215835 0.70104986
vt 0.9055073 0.70104986
vt 0.99215835 0.7818592
vt 0.9055073 0.7818592
vt 0.42065105 0.98923755
vt 0.42065105 0.8879824
vt 0.5900586 0.8879824
vt 0.5900586 0.98923755
vt 0.6260821 0.88506156
vt 0.6260821 0.99215835
vt 0.6582111 0.9035601
vt 0.6582111 0.9736598
vt 0.6689208 0.93860996
vt 0.99215835 0.5978475
vt 0.99215835 0.6105044
vt 0.9055073 0.6105044
vt 0.9055073 0.5988211
vt 0.9055073 0.5160645
vt 0.99215835 0.5160645
vt 0.9152434 0.3164751
vt 0.9941056 0.44693843
vt 0.9941056 0.3164751
vt 0.9152434 0.44693843
vt 0.9960528 0.47614664
vt 0.9132962 0.47614664
vt 0.9814487 0.5004868
vt 0.93666273 0.50438124
vt 0.9648974 0.5082756
vt 0.9055073 0.6270557
vt 0.99215835 0.6270557
vt 0.99215835 0.6046628
vt 0.9055073 0.6046628
vt 0.99215835 0.5160645
vt 0.9055073 0.5160645
vt 0.93568915 0.7886745
vt 0.93568915 0.9006393
vt 0.9960528 0.9006393
vt 0.9960528 0.7886745
vt 0.99215835 0.6270557
vt 0.9055073 0.6270557
vt 0.9055073 0.6494487
vt 0.99215835 0.6494487
vt 0.99215835 0.6494487
vt 0.9055073 0.6494487
vt 0.9055073 0.67281526
vt 0.99215835 0.67281526
vt 0.9055073 0.67281526
vt 0.99215835 0.6952082
vt 0.99215835 0.67281526
vt 0.9055073 0.6952082
vt 0.9055073 0.7818592
vt 0.99215835 0.7818592
vt 0.9941056 0.3164751
vt 0.9152434 0.46056893
vt 0.9152434 0.3164751
vt 0.9941056 0.46056893
vt 0.98631674 0.4965924
vt 0.9230323 0.4965924
vt 0.9551613 0.5121701
vt 0.9941056 0.3164751
vt 0.9152434 0.3164751
vt 0.9152434 0.46056893
vt 0.9941056 0.46056893
vt 0.9230323 0.4965924
vt 0.98631674 0.4965924
vt 0.9551613 0.5121701
vt 0.93568915 0.7886745
vt 0.93568915 0.9006393
vt 0.9960528 0.9006393
vt 0.9960528 0.7886745
vt 0.99215835 0.62802935
vt 0.9055073 0.6465278
vt 0.99215835 0.6465278
vt 0.9055073 0.62802935
vt 0.99215835 0.6105044
vt 0.9055073 0.6105044
vt 0.99215835 0.5929795
vt 0.9055073 0.5929795
vt 0.9055073 0.5160645
vt 0.99215835 0.5160645
vt 0.99215835 0.6465278
vt 0.9055073 0.6465278
vt 0.9055073 0.66502637
vt 0.99215835 0.66502637
vt 0.9055073 0.6825513
vt 0.99215835 0.6825513
vt 0.99215835 0.7000762
vt 0.9055073 0.7000762
vt 0.9055073 0.7818592
vt 0.99215835 0.7818592
vt 0.42065105 0.8879824
vt 0.5900586 0.98923755
vt 0.42065105 0.98923755
vt 0.5900586 0.8879824
vt 0.6260821 0.99215835
vt 0.6260821 0.88506156
vt 0.6582111 0.9736598
vt 0.6582111 0.9035601
vt 0.6689208 0.93860996
vt 0.42065105 0.8879824
vt 0.42065105 0.98923755
vt 0.5900586 0.98923755
vt 0.5900586 0.8879824
vt 0.6260821 0.99215835
vt 0.6260821 0.88506156
vt 0.6582111 0.9736598
vt 0.6582111 0.9035601
vt 0.6689208 0.93860996
vt 0.93568915 0.7886745
vt 0.93568915 0.9006393
vt 0.9960528 0.9006393
vt 0.9960528 0.7886745
vt 0.99215835 0.62802935
vt 0.9055073 0.6465278
vt 0.99215835 0.6465278
vt 0.9055073 0.62802935
vt 0.99215835 0.6105044
vt 0.9055073 0.6105044
vt 0.99215835 0.5929795
vt 0.9055073 0.5929795
vt 0.9055073 0.5160645
vt 0.99215835 0.5160645
vt 0.99215835 0.6465278
vt 0.9055073 0.6465278
vt 0.9055073 0.66502637
vt 0.99215835 0.66502637
vt 0.9055073 0.6825513
vt 0.99215835 0.6825513
vt 0.99215835 0.7000762
vt 0.9055073 0.7000762
vt 0.9055073 0.7818592
vt 0.99215835 0.7818592
vt 0.42065105 0.8879824
vt 0.5900586 0.98923755
vt 0.42065105 0.98923755
vt 0.5900586 0.8879824
vt 0.6260821 0.99215835
vt 0.6260821 0.88506156
vt 0.6582111 0.9736598
vt 0.6582111 0.9035601
vt 0.6689208 0.93860996
vt 0.42065105 0.8879824
vt 0.42065105 0.98923755
vt 0.5900586 0.98923755
vt 0.5900586 0.8879824
vt 0.6260821 0.99215835
vt 0.6260821 0.88506156
vt 0.6582111 0.9736598
vt 0.6582111 0.9035601
vt 0.6689208 0.93860996
vt 0.93568915 0.7886745
vt 0.93568915 0.9006393
vt 0.9960528 0.9006393
vt 0.9960528 0.7886745
vt 0.99215835 0.6105044
vt 0.9055073 0.6105044
vt 0.9055073 0.63484454
vt 0.99215835 0.6251085
vt 0.99215835 0.6465278
vt 0.9055073 0.6533431
vt 0.9055073 0.66502637
vt 0.99215835 0.66502637
vt 0.9055073 0.6835249
vt 0.99215835 0.6835249
vt 0.99215835 0.70104986
vt 0.9055073 0.70104986
vt 0.9055073 0.7818592
vt 0.99215835 0.7818592
vt 0.42065105 0.98923755
vt 0.5900586 0.8879824
vt 0.42065105 0.8879824
vt 0.5900586 0.98923755
vt 0.6260821 0.88506156
vt 0.6260821 0.99215835
vt 0.6582111 0.9035601
vt 0.6582111 0.9736598
vt 0.6689208 0.93860996
vt 0.9055073 0.6105044
vt 0.99215835 0.6105044
vt 0.99215835 0.5978475
vt 0.9055073 0.5988211
vt 0.99215835 0.5160645
vt 0.9055073 0.5160645
vt 0.9152434 0.3164751
vt 0.9941056 0.3164751
vt 0.9941056 0.44693843
vt 0.9152434 0.44693843
vt 0.9960528 0.47614664
vt 0.9132962 0.47614664
vt 0.9814487 0.5004868
vt 0.93666273 0.50438124
vt 0.9648974 0.5082756
vt 0.329132 0.70494425
vt 0.3739179 0.70494425
vt 0.3739179 0.99507916
vt 0.329132 0.99507916
vt 0.28337246 0.70494425
vt 0.28337246 0.99507916
vt 0.2366393 0.70494425
vt 0.2366393 0.99507916
vt 0.18990617 0.70494425
vt 0.18990617 0.99507916
vt 0.005894428 0.70494425
vt 0.051653963 0.70494425
vt 0.051653963 0.99507916
vt 0.005894428 0.99507916
vt 0.051653963 0.70494425
vt 0.0983871 0.99507916
vt 0.051653963 0.99507916
vt 0.0983871 0.70494425
vt 0.14414664 0.99507916
vt 0.14414664 0.70494425
vt 0.14414664 0.70494425
vt 0.18990617 0.70494425
vt 0.18990617 0.99507916
vt 0.14414664 0.99507916
vt 0.90453374 0.861695
vt 0.83443403 0.861695
vt 0.8694839 0.88019353
vt 0.9201114 0.82664514
vt 0.81982994 0.82664514
vt 0.83443403 0.861695
vt 0.81982994 0.82664514
vt 0.9201114 0.82664514
vt 0.90453374 0.861695
vt 0.8694839 0.88019353
vt 0.28337246 0.70494425
vt 0.329132 0.99507916
vt 0.28337246 0.99507916
vt 0.329132 0.70494425
vt 0.3739179 0.99507916
vt 0.3739179 0.70494425
vt 0.005894428 0.70494425
vt 0.051653963 0.99507916
vt 0.005894428 0.99507916
vt 0.051653963 0.70494425
vt 0.0983871 0.99507916
vt 0.0983871 0.70494425
vt 0.0983871 0.70494425
vt 0.14414664 0.99507916
vt 0.0983871 0.99507916
vt 0.14414664 0.70494425
vt 0.18990617 0.99507916
vt 0.18990617 0.70494425
vt 0.18990617 0.70494425
vt 0.2366393 0.99507916
vt 0.18990617 0.99507916
vt 0.2366393 0.70494425
vt 0.28337246 0.99507916
vt 0.28337246 0.70494425
vt 0.90453374 0.861695
vt 0.83443403 0.861695
vt 0.8694839 0.88019353
vt 0.9201114 0.82664514
vt 0.81982994 0.82664514
vt 0.83443403 0.861695
vt 0.81982994 0.82664514
vt 0.9201114 0.82664514
vt 0.90453374 0.861695
vt 0.8694839 0.88019353
vt 0.28337246 0.70494425
vt 0.28337246 0.99507916
vt 0.329132 0.99507916
vt 0.329132 0.70494425
vt 0.3739179 0.99507916
vt 0.3739179 0.70494425
vt 0.005894428 0.70494425
vt 0.005894428 0.99507916
vt 0.051653963 0.99507916
vt 0.051653963 0.70494425
vt 0.051653963 0.70494425
vt 0.051653963 0.99507916
vt 0.0983871 0.99507916
vt 0.0983871 0.70494425
vt 0.14414664 0.99507916
vt 0.14414664 0.70494425
vt 0.14414664 0.70494425
vt 0.14414664 0.99507916
vt 0.18990617 0.99507916
vt 0.18990617 0.70494425
vt 0.18990617 0.70494425
vt 0.18990617 0.99507916
vt 0.2366393 0.99507916
vt 0.2366393 0.70494425
vt 0.28337246 0.99507916
vt 0.28337246 0.70494425
vt 0.90453374 0.861695
vt 0.8694839 0.88019353
vt 0.83443403 0.861695
vt 0.9201114 0.82664514
vt 0.81982994 0.82664514
vt 0.83443403 0.861695
vt 0.9201114 0.82664514
vt 0.81982994 0.82664514
vt 0.90453374 0.861695
vt 0.8694839 0.88019353
vt 0.28337246 0.70494425
vt 0.28337246 0.99507916
vt 0.329132 0.99507916
vt 0.329132 0.70494425
vt 0.3739179 0.99507916
vt 0.3739179 0.70494425
vt 0.005894428 0.70494425
vt 0.005894428 0.99507916
vt 0.051653963 0.99507916
vt 0.051653963 0.70494425
vt 0.0983871 0.99507916
vt 0.0983871 0.70494425
vt 0.0983871 0.70494425
vt 0.0983871 0.99507916
vt 0.14414664 0.99507916
vt 0.14414664 0.70494425
vt 0.18990617 0.99507916
vt 0.18990617 0.70494425
vt 0.18990617 0.70494425
vt 0.18990617 0.99507916
vt 0.2366393 0.99507916
vt 0.2366393 0.70494425
vt 0.28337246 0.99507916
vt 0.28337246 0.70494425
vt 0.90453374 0.861695
vt 0.8694839 0.88019353
vt 0.83443403 0.861695
vt 0.9201114 0.82664514
vt 0.81982994 0.82664514
vt 0.83443403 0.861695
vt 0.9201114 0.82664514
vt 0.81982994 0.82664514
vt 0.90453374 0.861695
vt 0.8694839 0.88019353
vt 0.28337246 0.70494425
vt 0.329132 0.99507916
vt 0.28337246 0.99507916
vt 0.329132 0.70494425
vt 0.3739179 0.99507916
vt 0.3739179 0.70494425
vt 0.005894428 0.70494425
vt 0.051653963 0.99507916
vt 0.005894428 0.99507916
vt 0.051653963 0.70494425
vt 0.0983871 0.99507916
vt 0.0983871 0.70494425
vt 0.0983871 0.70494425
vt 0.14414664 0.99507916
vt 0.0983871 0.99507916
vt 0.14414664 0.70494425
vt 0.18990617 0.99507916
vt 0.18990617 0.70494425
vt 0.18990617 0.70494425
vt 0.2366393 0.99507916
vt 0.18990617 0.99507916
vt 0.2366393 0.70494425
vt 0.28337246 0.99507916
vt 0.28337246 0.70494425
vt 0.90453374 0.861695
vt 0.83443403 0.861695
vt 0.8694839 0.88019353
vt 0.9201114 0.82664514
vt 0.81982994 0.82664514
vt 0.83443403 0.861695
vt 0.81982994 0.82664514
vt 0.9201114 0.82664514
vt 0.90453374 0.861695
vt 0.8694839 0.88019353
vt 0.28337246 0.70494425
vt 0.329132 0.99507916
vt 0.329132 0.70494425
vt 0.28337246 0.99507916
vt 0.2366393 0.70494425
vt 0.2366393 0.99507916
vt 0.18990617 0.70494425
vt 0.18990617 0.99507916
vt 0.14414664 0.70494425
vt 0.14414664 0.99507916
vt 0.329132 0.70494425
vt 0.329132 0.99507916
vt 0.3739179 0.99507916
vt 0.3739179 0.70494425
vt 0.005894428 0.70494425
vt 0.005894428 0.99507916
vt 0.051653963 0.99507916
vt 0.051653963 0.70494425
vt 0.051653963 0.70494425
vt 0.051653963 0.99507916
vt 0.0983871 0.99507916
vt 0.0983871 0.70494425
vt 0.14414664 0.99507916
vt 0.14414664 0.70494425
vt 0.90453374 0.861695
vt 0.8694839 0.88019353
vt 0.83443403 0.861695
vt 0.9201114 0.82664514
vt 0.81982994 0.82664514
vt 0.83443403 0.861695
vt 0.9201114 0.82664514
vt 0.81982994 0.82664514
vt 0.90453374 0.861695
vt 0.8694839 0.88019353
vt 0.28337246 0.70494425
vt 0.329132 0.99507916
vt 0.28337246 0.99507916
vt 0.329132 0.70494425
vt 0.3739179 0.99507916
vt 0.3739179 0.70494425
vt 0.005894428 0.70494425
vt 0.051653963 0.70494425
vt 0.051653963 0.99507916
vt 0.005894428 0.99507916
vt 0.051653963 0.70494425
vt 0.0983871 0.70494425
vt 0.0983871 0.99507916
vt 0.051653963 0.99507916
vt 0.0983871 0.70494425
vt 0.14414664 0.99507916
vt 0.0983871 0.99507916
vt 0.14414664 0.70494425
vt 0.18990617 0.99507916
vt 0.18990617 0.70494425
vt 0.18990617 0.70494425
vt 0.2366393 0.70494425
vt 0.2366393 0.99507916
vt 0.18990617 0.99507916
vt 0.2366393 0.70494425
vt 0.28337246 0.70494425
vt 0.28337246 0.99507916
vt 0.2366393 0.99507916
vt 0.90453374 0.861695
vt 0.83443403 0.861695
vt 0.8694839 0.88019353
vt 0.9201114 0.82664514
vt 0.81982994 0.82664514
vt 0.83443403 0.861695
vt 0.81982994 0.82664514
vt 0.9201114 0.82664514
vt 0.90453374 0.861695
vt 0.8694839 0.88019353
vt 0.329132 0.70494425
vt 0.3739179 0.99507916
vt 0.3739179 0.70494425
vt 0.329132 0.99507916
vt 0.28337246 0.70494425
vt 0.28337246 0.99507916
vt 0.2366393 0.70494425
vt 0.2366393 0.99507916
vt 0.005894428 0.70494425
vt 0.005894428 0.99507916
vt 0.051653963 0.99507916
vt 0.051653963 0.70494425
vt 0.051653963 0.70494425
vt 0.051653963 0.99507916
vt 0.0983871 0.99507916
vt 0.0983871 0.70494425
vt 0.0983871 0.70494425
vt 0.0983871 0.99507916
vt 0.14414664 0.99507916
vt 0.14414664 0.70494425
vt 0.18990617 0.99507916
vt 0.18990617 0.70494425
vt 0.18990617 0.70494425
vt 0.18990617 0.99507916
vt 0.2366393 0.99507916
vt 0.2366393 0.70494425
vt 0.90453374 0.861695
vt 0.8694839 0.88019353
vt 0.83443403 0.861695
vt 0.9201114 0.82664514
vt 0.81982994 0.82664514
vt 0.83443403 0.861695
vt 0.9201114 0.82664514
vt 0.81982994 0.82664514
vt 0.90453374 0.861695
vt 0.8694839 0.88019353
vt 0.329132 0.70494425
vt 0.3739179 0.99507916
vt 0.3739179 0.70494425
vt 0.329132 0.99507916
vt 0.28337246 0.70494425
vt 0.28337246 0.99507916
vt 0.2366393 0.70494425
vt 0.2366393 0.99507916
vt 0.005894428 0.70494425
vt 0.005894428 0.99507916
vt 0.051653963 0.99507916
vt 0.051653963 0.70494425
vt 0.0983871 0.99507916
vt 0.0983871 0.70494425
vt 0.0983871 0.70494425
vt 0.0983871 0.99507916
vt 0.14414664 0.99507916
vt 0.14414664 0.70494425
vt 0.18990617 0.99507916
vt 0.18990617 0.70494425
vt 0.18990617 0.70494425
vt 0.18990617 0.99507916
vt 0.2366393 0.99507916
vt 0.2366393 0.70494425
vt 0.90453374 0.861695
vt 0.8694839 0.88019353
vt 0.83443403 0.861695
vt 0.9201114 0.82664514
vt 0.81982994 0.82664514
vt 0.83443403 0.861695
vt 0.9201114 0.82664514
vt 0.81982994 0.82664514
vt 0.90453374 0.861695
vt 0.8694839 0.88019353
vt 0.329132 0.70494425
vt 0.3739179 0.70494425
vt 0.3739179 0.99507916
vt 0.329132 0.99507916
vt 0.28337246 0.70494425
vt 0.28337246 0.99507916
vt 0.2366393 0.70494425
vt 0.2366393 0.99507916
vt 0.005894428 0.70494425
vt 0.051653963 0.99507916
vt 0.005894428 0.99507916
vt 0.051653963 0.70494425
vt 0.0983871 0.99507916
vt 0.0983871 0.70494425
vt 0.0983871 0.70494425
vt 0.14414664 0.99507916
vt 0.0983871 0.99507916
vt 0.14414664 0.70494425
vt 0.18990617 0.99507916
vt 0.18990617 0.70494425
vt 0.18990617 0.70494425
vt 0.2366393 0.70494425
vt 0.2366393 0.99507916
vt 0.18990617 0.99507916
vt 0.90453374 0.861695
vt 0.83443403 0.861695
vt 0.8694839 0.88019353
vt 0.9201114 0.82664514
vt 0.81982994 0.82664514
vt 0.83443403 0.861695
vt 0.81982994 0.82664514
vt 0.9201114 0.82664514
vt 0.90453374 0.861695
vt 0.8694839 0.88019353
vt 0.28337246 0.70494425
vt 0.28337246 0.99507916
vt 0.329132 0.99507916
vt 0.329132 0.70494425
vt 0.3739179 0.99507916
vt 0.3739179 0.70494425
vt 0.005894428 0.70494425
vt 0.005894428 0.99507916
vt 0.051653963 0.99507916
vt 0.051653963 0.70494425
vt 0.0983871 0.99507916
vt 0.0983871 0.70494425
vt 0.0983871 0.70494425
vt 0.0983871 0.99507916
vt 0.14414664 0.99507916
vt 0.14414664 0.70494425
vt 0.18990617 0.99507916
vt 0.18990617 0.70494425
vt 0.18990617 0.70494425
vt 0.18990617 0.99507916
vt 0.2366393 0.99507916
vt 0.2366393 0.70494425
vt 0.28337246 0.99507916
vt 0.28337246 0.70494425
vt 0.90453374 0.861695
vt 0.8694839 0.88019353
vt 0.83443403 0.861695
vt 0.9201114 0.82664514
vt 0.81982994 0.82664514
vt 0.83443403 0.861695
vt 0.9201114 0.82664514
vt 0.81982994 0.82664514
vt 0.90453374 0.861695
vt 0.8694839 0.88019353
vt 0.008815249 0.2882405
vt 0.008815249 0.49172437
vt 0.35249856 0.49172437
vt 0.35249856 0.2882405
vt 0.26876834 0.21911438
vt 0.09643988 0.21911438
vt 0.5559824 0.2882405
vt 0.35249856 0.15096189
vt 0.35249856 0.2882405
vt 0.5559824 0.15096189
vt 0.35249856 0.014656892
vt 0.5559824 0.014656892
vt 0.008815249 0.49172437
vt 0.35249856 0.5929795
vt 0.35249856 0.49172437
vt 0.008815249 0.5929795
vt 0.35249856 0.6942346
vt 0.008815249 0.6942346
vt 0.35249856 0.49172437
vt 0.008815249 0.49172437
vt 0.008815249 0.2882405
vt 0.35249856 0.2882405
vt 0.35249856 0.2882405
vt 0.5559824 0.15096189
vt 0.5559824 0.2882405
vt 0.35249856 0.15096189
vt 0.5559824 0.014656892
vt 0.35249856 0.014656892
vt 0.008815249 0.15096189
vt 0.008815249 0.2882405
vt 0.09643988 0.21911438
vt 0.09643988 0.15096189
vt 0.26876834 0.21911438
vt 0.09643988 0.08280938
vt 0.008815249 0.014656892
vt 0.26876834 0.15096189
vt 0.35249856 0.2882405
vt 0.26876834 0.08280938
vt 0.35249856 0.15096189
vt 0.35249856 0.014656892
vt 0.35249856 0.014656892
vt 0.008815249 0.014656892
vt 0.09643988 0.08280938
vt 0.26876834 0.08280938
vt 0.70494425 0.17627567
vt 0.802305 0.17627567
vt 0.802305 0.24248095
vt 0.70494425 0.24248095
vt 0.70494425 0.24248095
vt 0.802305 0.24248095
vt 0.80912024 0.2639003
vt 0.7322053 0.3174487
vt 0.70494425 0.17627567
vt 0.70494425 0.24248095
vt 0.802305 0.24248095
vt 0.802305 0.17627567
vt 0.7322053 0.3174487
vt 0.80912024 0.2639003
vt 0.802305 0.24248095
vt 0.70494425 0.24248095
vt 0.6299765 0.17627567
vt 0.6299765 0.24248095
vt 0.70494425 0.24248095
vt 0.70494425 0.17627567
vt 0.70494425 0.17627567
vt 0.70494425 0.24248095
vt 0.802305 0.24248095
vt 0.802305 0.17627567
vt 0.70494425 0.24248095
vt 0.7322053 0.3174487
vt 0.80912024 0.2639003
vt 0.802305 0.24248095
vt 0.70494425 0.17627567
vt 0.802305 0.17627567
vt 0.802305 0.24248095
vt 0.70494425 0.24248095
vt 0.7322053 0.3174487
vt 0.70494425 0.24248095
vt 0.802305 0.24248095
vt 0.80912024 0.2639003
vt 0.6299765 0.17627567
vt 0.70494425 0.17627567
vt 0.70494425 0.24248095
vt 0.6299765 0.24248095
vt 0.70494425 0.17627567
vt 0.802305 0.17627567
vt 0.802305 0.24248095
vt 0.70494425 0.24248095
vt 0.70494425 0.24248095
vt 0.802305 0.24248095
vt 0.80912024 0.2639003
vt 0.7322053 0.3174487
vt 0.70494425 0.17627567
vt 0.70494425 0.24248095
vt 0.802305 0.24248095
vt 0.802305 0.17627567
vt 0.7322053 0.3174487
vt 0.80912024 0.2639003
vt 0.802305 0.24248095
vt 0.70494425 0.24248095
vt 0.6299765 0.17627567
vt 0.6299765 0.24248095
vt 0.70494425 0.24248095
vt 0.70494425 0.17627567
vn -0.003921509 0.003921509 -0.9999846
vn -0.003921509 0.003921509 -0.9999846
vn -0.003921509 0.003921509 -0.9999846
vn -0.003921509 0.003921509 0.9999846
vn -0.003921509 0.003921509 0.9999846
vn -0.003921509 0.003921509 0.9999846
vn -0.003921509 0.003921509 -0.9999846
vn -0.003921509 0.003921509 -0.9999846
vn -0.003921509 0.003921509 -0.9999846
vn -0.003921509 0.003921509 0.9999846
vn -0.003921509 0.003921509 0.9999846
vn -0.003921509 0.003921509 0.9999846
vn -0.003921509 0.003921509 -0.9999846
vn -0.003921509 0.003921509 -0.9999846
vn -0.003921509 0.003921509 -0.9999846
vn -0.003921509 0.003921509 0.9999846
vn -0.003921509 0.003921509 0.9999846
vn -0.003921509 0.003921509 0.9999846
vn -0.003921509 0.003921509 -0.9999846
vn -0.003921509 0.003921509 -0.9999846
vn -0.003921509 0.003921509 -0.9999846
vn -0.003921509 0.003921509 0.9999846
vn -0.003921509 0.003921509 0.9999846
vn -0.003921509 0.003921509 0.9999846
vn -0.003921509 0.7490138 -0.6625428
vn -0.003921509 0.7490138 -0.6625428
vn -0.003921509 0.7490138 -0.6625428
vn -0.85097384 -0.5058785 0.14117515
vn -0.85097384 -0.5058785 0.14117515
vn -0.85097384 -0.5058785 0.14117515
vn 0.8509739 -0.5058785 0.14117494
vn 0.8509739 -0.5058785 0.14117494
vn 0.8509739 -0.5058785 0.14117494
vn -0.67842615 -0.23921388 0.69463277
vn -0.67842615 -0.23921388 0.69463277
vn -0.67842615 -0.23921388 0.69463277
vn 0.6784262 -0.23921388 0.6946327
vn 0.6784262 -0.23921388 0.6946327
vn 0.6784262 -0.23921388 0.6946327
vn 0.9998079 -0.019604106 -0
vn 0.9998079 -0.019604106 -0
vn 0.9998079 -0.019604106 -0
vn -0.9998079 -0.019604107 -0
vn -0.9998079 -0.019604107 -0
vn -0.9998079 -0.019604107 -0
vn -0.003921509 0.003921509 0.9999846
vn -0.003921509 0.003921509 0.9999846
vn -0.003921509 0.003921509 0.9999846
vn -0.003921509 0.003921509 0.9999846
vn -0.003921509 0.99999225 -0.00034526698
vn -0.003921509 0.99999225 -0.00034526698
vn -0.003921509 0.99999225 -0.00034526698
vn -0.003921509 0.99999225 -0.00034526698
vn -0.003921509 0.003921509 -0.9999846
vn -0.003921509 0.003921509 -0.9999846
vn -0.003921509 0.003921509 -0.9999846
vn -0.003921509 0.003921509 -0.9999846
vn -0.003921509 -0.9999924 -0
vn -0.003921509 -0.9999924 -0
vn -0.003921509 -0.9999924 -0
vn -0.003921509 -0.9999924 -0
vn 0.9999924 0.003921509 -0
vn 0.9999924 0.003921509 -0
vn 0.9999924 0.003921509 -0
vn 0.9999924 0.003921509 -0
vn -0.99999225 0.003921509 -0.00034492963
vn -0.99999225 0.003921509 -0.00034492963
vn -0.99999225 0.003921509 -0.00034492963
vn -0.99999225 0.003921509 -0.00034492963
vn 0.70710677 -0.70710677 -0
vn 0.70710677 -0.70710677 -0
vn 0.70710677 -0.70710677 -0
vn 0.70710677 -0.70710677 -0
vn 0.7071068 0.70710677 -0
vn 0.7071068 0.70710677 -0
vn 0.7071068 0.70710677 -0
vn 0.7071068 0.70710677 -0
vn -0.70710677 0.70710677 -0
vn -0.70710677 0.70710677 -0
vn -0.70710677 0.70710677 -0
vn -0.70710677 0.70710677 -0
vn -0.70710677 -0.7071068 -0
vn -0.70710677 -0.7071068 -0
vn -0.70710677 -0.7071068 -0
vn -0.70710677 -0.7071068 -0
vn -0.003921509 0.011764526 0.9999231
vn -0.003921509 0.011764526 0.9999231
vn -0.003921509 0.011764526 0.9999231
vn -0.003921509 0.011764526 0.9999231
vn -0.003921509 0.003921509 0.9999846
vn -0.003921509 0.003921509 0.9999846
vn -0.003921509 0.003921509 0.9999846
vn -0.003921509 0.003921509 0.9999846
vn -0.003921509 0.99999225 -0.00034526698
vn -0.003921509 0.99999225 -0.00034526698
vn -0.003921509 0.99999225 -0.00034526698
vn -0.003921509 0.99999225 -0.00034526698
vn -0.003921509 0.003921509 -0.9999846
vn -0.003921509 0.003921509 -0.9999846
vn -0.003921509 0.003921509 -0.9999846
vn -0.003921509 0.003921509 -0.9999846
vn -0.003921509 -0.9999924 -0
vn -0.003921509 -0.9999924 -0
vn -0.003921509 -0.9999924 -0
vn -0.003921509 -0.9999924 -0
vn -0.99999225 0.003921509 -0.00034492963
vn -0.99999225 0.003921509 -0.00034492963
vn -0.99999225 0.003921509 -0.00034492963
vn -0.99999225 0.003921509 -0.00034492963
vn 0.9999924 0.003921509 -0
vn 0.9999924 0.003921509 -0
vn 0.9999924 0.003921509 -0
vn 0.9999924 0.003921509 -0
vn -0.70710677 -0.7071068 -0
vn -0.70710677 -0.7071068 -0
vn -0.70710677 -0.7071068 -0
vn -0.70710677 -0.7071068 -0
vn -0.70710677 0.70710677 -0
vn -0.70710677 0.70710677 -0
vn -0.70710677 0.70710677 -0
vn -0.70710677 0.70710677 -0
vn 0.7071068 0.70710677 -0
vn 0.7071068 0.70710677 -0
vn 0.7071068 0.70710677 -0
vn 0.7071068 0.70710677 -0
vn 0.70710677 -0.70710677 -0
vn 0.70710677 -0.70710677 -0
vn 0.70710677 -0.70710677 -0
vn 0.70710677 -0.70710677 -0
vn -0.003921509 0.011764526 0.9999231
vn -0.003921509 0.011764526 0.9999231
vn -0.003921509 0.011764526 0.9999231
vn -0.003921509 0.011764526 0.9999231
vn -0.99999225 0.003921509 -0.00034492963
vn -0.99999225 0.003921509 -0.00034492963
vn -0.99999225 0.003921509 -0.00034492963
vn -0.99999225 0.003921509 -0.00034492963
vn -0.003921509 0.4980353 -0.86714786
vn -0.003921509 0.4980353 -0.86714786
vn -0.003921509 0.4980353 -0.86714786
vn -0.003921509 0.4980353 -0.86714786
vn -0.003921509 -0.035293877 0.99936926
vn -0.003921509 -0.035293877 0.99936926
vn -0.003921509 -0.035293877 0.99936926
vn -0.003921509 -0.035293877 0.99936926
vn -0.003921509 0.9843061 0.17642602
vn -0.003921509 0.9843061 0.17642602
vn -0.003921509 0.9843061 0.17642602
vn -0.003921509 0.9843061 0.17642602
vn 0.9999924 0.003921509 -0
vn 0.9999924 0.003921509 -0
vn 0.9999924 0.003921509 -0
vn 0.9999924 0.003921509 -0
vn 0.9999924 0.003921509 -0
vn 0.9999924 0.003921509 -0
vn 0.9999924 0.003921509 -0
vn 0.9999924 0.003921509 -0
vn -0.003921509 0.70979846 0.7043939
vn -0.003921509 0.70979846 0.7043939
vn -0.003921509 0.70979846 0.7043939
vn -0.003921509 0.70979846 0.7043939
vn -0.99999225 0.003921509 -0.00034492963
vn -0.99999225 0.003921509 -0.00034492963
vn -0.99999225 0.003921509 -0.00034492963
vn -0.99999225 0.003921509 -0.00034492963
vn -0.003921509 -0.7097985 -0.70439386
vn -0.003921509 -0.7097985 -0.70439386
vn -0.003921509 -0.7097985 -0.70439386
vn -0.003921509 -0.7097985 -0.70439386
vn -0.003921509 0.70979846 -0.7043939
vn -0.003921509 0.70979846 -0.7043939
vn -0.003921509 0.70979846 -0.7043939
vn -0.003921509 0.70979846 -0.7043939
vn -0.003921509 -0.7097985 0.70439386
vn -0.003921509 -0.7097985 0.70439386
vn -0.003921509 -0.7097985 0.70439386
vn -0.003921509 -0.7097985 0.70439386
vn -0.003921509 0.003921509 0.9999846
vn -0.003921509 0.003921509 0.9999846
vn -0.003921509 0.003921509 0.9999846
vn -0.003921509 0.003921509 0.9999846
vn -0.003921509 -0.9999924 -0
vn -0.003921509 -0.9999924 -0
vn -0.003921509 -0.9999924 -0
vn -0.003921509 -0.9999924 -0
vn -0.003921509 0.003921509 -0.9999846
vn -0.003921509 0.003921509 -0.9999846
vn -0.003921509 0.003921509 -0.9999846
vn -0.003921509 0.003921509 -0.9999846
vn -0.003921509 0.99999225 -0.00034526698
vn -0.003921509 0.99999225 -0.00034526698
vn -0.003921509 0.99999225 -0.00034526698
vn -0.003921509 0.99999225 -0.00034526698
vn 0.9999924 0.003921509 -0
vn 0.9999924 0.003921509 -0
vn 0.9999924 0.003921509 -0
vn 0.9999924 0.003921509 -0
vn -0.99999225 0.003921509 -0.00034492963
vn -0.99999225 0.003921509 -0.00034492963
vn -0.99999225 0.003921509 -0.00034492963
vn -0.99999225 0.003921509 -0.00034492963
vn 0.7071068 0.70710677 -0
vn 0.7071068 0.70710677 -0
vn 0.7071068 0.70710677 -0
vn 0.7071068 0.70710677 -0
vn 0.70710677 -0.70710677 -0
vn 0.70710677 -0.70710677 -0
vn 0.70710677 -0.70710677 -0
vn 0.70710677 -0.70710677 -0
vn -0.70710677 -0.7071068 -0
vn -0.70710677 -0.7071068 -0
vn -0.70710677 -0.7071068 -0
vn -0.70710677 -0.7071068 -0
vn -0.70710677 0.70710677 -0
vn -0.70710677 0.70710677 -0
vn -0.70710677 0.70710677 -0
vn -0.70710677 0.70710677 -0
vn -0.003921509 -0.011764646 0.9999231
vn -0.003921509 -0.011764646 0.9999231
vn -0.003921509 -0.011764646 0.9999231
vn -0.003921509 -0.011764646 0.9999231
vn -0.003921509 0.003921509 0.9999846
vn -0.003921509 0.003921509 0.9999846
vn -0.003921509 0.003921509 0.9999846
vn -0.003921509 0.003921509 0.9999846
vn -0.003921509 -0.9999924 -0
vn -0.003921509 -0.9999924 -0
vn -0.003921509 -0.9999924 -0
vn -0.003921509 -0.9999924 -0
vn -0.003921509 0.003921509 -0.9999846
vn -0.003921509 0.003921509 -0.9999846
vn -0.003921509 0.003921509 -0.9999846
vn -0.003921509 0.003921509 -0.9999846
vn -0.003921509 0.99999225 -0.00034526698
vn -0.003921509 0.99999225 -0.00034526698
vn -0.003921509 0.99999225 -0.00034526698
vn -0.003921509 0.99999225 -0.00034526698
vn -0.99999225 0.003921509 -0.00034492963
vn -0.99999225 0.003921509 -0.00034492963
vn -0.99999225 0.003921509 -0.00034492963
vn -0.99999225 0.003921509 -0.00034492963
vn 0.9999924 0.003921509 -0
vn 0.9999924 0.003921509 -0
vn 0.9999924 0.003921509 -0
vn 0.9999924 0.003921509 -0
vn -0.70710677 0.70710677 -0
vn -0.70710677 0.70710677 -0
vn -0.70710677 0.70710677 -0
vn -0.70710677 0.70710677 -0
vn -0.70710677 -0.7071068 -0
vn -0.70710677 -0.7071068 -0
vn -0.70710677 -0.7071068 -0
vn -0.70710677 -0.7071068 -0
vn 0.70710677 -0.70710677 -0
vn 0.70710677 -0.70710677 -0
vn 0.70710677 -0.70710677 -0
vn 0.70710677 -0.70710677 -0
vn 0.7071068 0.70710677 -0
vn 0.7071068 0.70710677 -0
vn 0.7071068 0.70710677 -0
vn 0.7071068 0.70710677 -0
vn -0.003921509 -0.011764646 0.9999231
vn -0.003921509 -0.011764646 0.9999231
vn -0.003921509 -0.011764646 0.9999231
vn -0.003921509 -0.011764646 0.9999231
vn -0.99999225 0.003921509 -0.00034492963
vn -0.99999225 0.003921509 -0.00034492963
vn -0.99999225 0.003921509 -0.00034492963
vn -0.99999225 0.003921509 -0.00034492963
vn -0.003921509 -0.49803543 -0.8671478
vn -0.003921509 -0.49803543 -0.8671478
vn -0.003921509 -0.49803543 -0.8671478
vn -0.003921509 -0.49803543 -0.8671478
vn -0.003921509 0.035293818 0.99936926
vn -0.003921509 0.035293818 0.99936926
vn -0.003921509 0.035293818 0.99936926
vn -0.003921509 0.035293818 0.99936926
vn -0.003921509 -0.9843062 0.17642535
vn -0.003921509 -0.9843062 0.17642535
vn -0.003921509 -0.9843062 0.17642535
vn -0.003921509 -0.9843062 0.17642535
vn 0.9999924 0.003921509 -0
vn 0.9999924 0.003921509 -0
vn 0.9999924 0.003921509 -0
vn 0.9999924 0.003921509 -0
vn 0.9999924 0.003921509 -0
vn 0.9999924 0.003921509 -0
vn 0.9999924 0.003921509 -0
vn 0.9999924 0.003921509 -0
vn -0.003921509 -0.7097985 0.70439386
vn -0.003921509 -0.7097985 0.70439386
vn -0.003921509 -0.7097985 0.70439386
vn -0.003921509 -0.7097985 0.70439386
vn -0.99999225 0.003921509 -0.00034492963
vn -0.99999225 0.003921509 -0.00034492963
vn -0.99999225 0.003921509 -0.00034492963
vn -0.99999225 0.003921509 -0.00034492963
vn -0.003921509 0.70979846 -0.7043939
vn -0.003921509 0.70979846 -0.7043939
vn -0.003921509 0.70979846 -0.7043939
vn -0.003921509 0.70979846 -0.7043939
vn -0.003921509 -0.7097985 -0.70439386
vn -0.003921509 -0.7097985 -0.70439386
vn -0.003921509 -0.7097985 -0.70439386
vn -0.003921509 -0.7097985 -0.70439386
vn -0.003921509 0.70979846 0.7043939
vn -0.003921509 0.70979846 0.7043939
vn -0.003921509 0.70979846 0.7043939
vn -0.003921509 0.70979846 0.7043939
vn -0.6941123 0.7019553 0.15958348
vn -0.68626916 0.7019553 0.19050816
vn -0.70710677 0.70710677 -0
vn -0.70710677 0.70710677 -0
vn -0.6941123 -0.69411236 0.19083022
vn -0.6941123 -0.69411236 0.19083022
vn -0.70710677 -0.7071068 -0
vn -0.70710677 -0.7071068 -0
vn -0.6313677 -0.6470539 0.42742965
vn -0.6313677 -0.6470539 0.42742965
vn -0.6941123 -0.69411236 0.19083022
vn -0.6941123 -0.69411236 0.19083022
vn -0.6313677 0.64705384 0.42742977
vn -0.68626916 0.7019553 0.19050816
vn -0.6941123 0.7019553 0.15958348
vn -0.6313677 0.64705384 0.42742977
vn -0.6941123 -0.70195544 0.15958293
vn -0.70710677 -0.7071068 -0
vn -0.70710677 -0.7071068 -0
vn -0.68626916 -0.70195544 0.19050768
vn -0.6941123 0.6941123 0.19083045
vn -0.70710677 0.70710677 -0
vn -0.70710677 0.70710677 -0
vn -0.6941123 0.6941123 0.19083045
vn -0.6313677 0.64705384 0.42742977
vn -0.6941123 0.6941123 0.19083045
vn -0.6941123 0.6941123 0.19083045
vn -0.6313677 0.64705384 0.42742977
vn -0.6313677 -0.6470539 0.42742965
vn -0.6313677 -0.6470539 0.42742965
vn -0.6941123 -0.70195544 0.15958293
vn -0.68626916 -0.70195544 0.19050768
vn 0.69411236 0.7019553 0.1595831
vn 0.7071068 0.70710677 -0
vn 0.7071068 0.70710677 -0
vn 0.6862693 0.7019553 0.19050784
vn 0.69411236 -0.69411236 0.1908299
vn 0.70710677 -0.70710677 -0
vn 0.70710677 -0.70710677 -0
vn 0.69411236 -0.69411236 0.1908299
vn 0.63136774 -0.6470539 0.4274295
vn 0.69411236 -0.69411236 0.1908299
vn 0.69411236 -0.69411236 0.1908299
vn 0.63136774 -0.6470539 0.4274295
vn 0.63136774 0.64705384 0.42742962
vn 0.63136774 0.64705384 0.42742962
vn 0.69411236 0.7019553 0.1595831
vn 0.6862693 0.7019553 0.19050784
vn 0.69411236 -0.70195544 0.15958256
vn 0.6862693 -0.70195544 0.19050737
vn 0.70710677 -0.70710677 -0
vn 0.70710677 -0.70710677 -0
vn 0.69411236 0.6941123 0.19083014
vn 0.69411236 0.6941123 0.19083014
vn 0.7071068 0.70710677 -0
vn 0.7071068 0.70710677 -0
vn 0.63136774 0.64705384 0.42742962
vn 0.63136774 0.64705384 0.42742962
vn 0.69411236 0.6941123 0.19083014
vn 0.69411236 0.6941123 0.19083014
vn 0.63136774 -0.6470539 0.4274295
vn 0.6862693 -0.70195544 0.19050737
vn 0.69411236 -0.70195544 0.15958256
vn 0.63136774 -0.6470539 0.4274295
vn -0.003921509 -0.7411708 0.67130506
vn -0.003921509 -0.7411708 0.67130506
vn -0.003921509 -0.7411708 0.67130506
vn -0.003921509 -0.7411708 0.67130506
vn -0.003921509 -0.7411708 0.67130506
vn -0.003921509 -0.7411708 0.67130506
vn -0.003921509 0.35685992 0.9341497
vn -0.003921509 0.6313677 0.7754737
vn -0.003921509 0.6313677 0.7754737
vn -0.003921509 0.35685992 0.9341497
vn -0.003921509 0.043136835 0.99906147
vn -0.003921509 0.6313677 0.7754737
vn -0.003921509 0.043136835 0.99906147
vn -0.003921509 0.35685992 0.9341497
vn -0.003921509 0.043136835 0.99906147
vn -0.003921509 0.99999225 -0.00034526698
vn -0.003921509 0.99999225 -0.00034526698
vn -0.003921509 0.99999225 -0.00034526698
vn -0.003921509 0.99999225 -0.00034526698
vn -0.003921509 0.99999225 -0.00034526698
vn -0.003921509 0.99999225 -0.00034526698
vn -0.003921509 -0.35686004 -0.9341496
vn -0.003921509 -0.6392108 -0.7690216
vn -0.003921509 -0.6392108 -0.7690216
vn -0.003921509 -0.35686004 -0.9341496
vn -0.003921509 -0.0274508 -0.9996155
vn -0.003921509 -0.0274508 -0.9996155
vn -0.003921509 -0.0274508 -0.9996155
vn -0.003921509 -0.35686004 -0.9341496
vn -0.003921509 -0.6392108 -0.7690216
vn -0.003921509 -0.9999924 -0
vn -0.003921509 -0.9999924 -0
vn -0.003921509 -0.9999924 -0
vn -0.003921509 -0.9999924 -0
vn -0.003921509 -0.9999924 -0
vn -0.003921509 -0.9999924 -0
vn -0.003921509 0.7254846 -0.68822724
vn -0.003921509 0.7254846 -0.68822724
vn -0.003921509 0.7254846 -0.68822724
vn -0.003921509 0.7254846 -0.68822724
vn -0.003921509 0.7254846 -0.68822724
vn -0.003921509 0.7254846 -0.68822724
vn 0.9999924 0.003921509 -0
vn 0.9999924 0.003921509 -0
vn 0.9999924 0.003921509 -0
vn 0.9999924 0.003921509 -0
vn 0.9999924 0.003921509 -0
vn 0.9999924 0.003921509 -0
vn 0.9999924 0.003921509 -0
vn 0.9999924 0.003921509 -0
vn 0.9999924 0.003921509 -0
vn 0.9999924 0.003921509 -0
vn -0.99999225 0.003921509 -0.00034492963
vn -0.99999225 0.003921509 -0.00034492963
vn -0.99999225 0.003921509 -0.00034492963
vn -0.99999225 0.003921509 -0.00034492963
vn -0.99999225 0.003921509 -0.00034492963
vn -0.99999225 0.003921509 -0.00034492963
vn -0.99999225 0.003921509 -0.00034492963
vn -0.99999225 0.003921509 -0.00034492963
vn -0.99999225 0.003921509 -0.00034492963
vn -0.99999225 0.003921509 -0.00034492963
vn -0.003921509 0.050979972 0.998692
vn -0.003921509 0.050979972 0.998692
vn -0.003921509 0.050979972 0.998692
vn -0.003921509 0.050979972 0.998692
vn -0.003921509 0.050979972 0.998692
vn -0.003921509 0.050979972 0.998692
vn -0.003921509 0.62352455 0.78179395
vn -0.003921509 0.62352455 0.78179395
vn -0.003921509 0.62352455 0.78179395
vn -0.003921509 0.62352455 0.78179395
vn -0.003921509 0.62352455 0.78179395
vn -0.003921509 0.62352455 0.78179395
vn -0.99999225 0.003921509 -0.00034492963
vn -0.99999225 0.003921509 -0.00034492963
vn -0.99999225 0.003921509 -0.00034492963
vn -0.99999225 0.003921509 -0.00034492963
vn 0.9999924 0.003921509 -0
vn 0.9999924 0.003921509 -0
vn 0.9999924 0.003921509 -0
vn 0.9999924 0.003921509 -0
vn -0.003921509 0.41960454 -0.9076986
vn -0.003921509 0.41960454 -0.9076986
vn -0.003921509 0.41960454 -0.9076986
vn -0.003921509 0.41960454 -0.9076986
vn -0.003921509 0.91371846 0.40632892
vn -0.003921509 0.91371846 0.40632892
vn -0.003921509 0.91371846 0.40632892
vn -0.003921509 0.91371846 0.40632892
vn -0.003921509 0.23921382 0.970959
vn -0.003921509 0.23921382 0.970959
vn -0.003921509 0.23921382 0.970959
vn -0.003921509 0.23921382 0.970959
vn 0.31764466 0.003921509 0.9482017
vn 0.59999543 0.003921509 0.7999938
vn 0.59999543 0.003921509 0.7999938
vn 0.31764466 0.003921509 0.9482017
vn -0.003921509 0.003921509 0.9999846
vn -0.003921509 0.003921509 0.9999846
vn -0.003921509 0.99999225 -0.00034526698
vn -0.003921509 0.99999225 -0.00034526698
vn -0.003921509 0.99999225 -0.00034526698
vn -0.003921509 0.99999225 -0.00034526698
vn -0.003921509 0.99999225 -0.00034526698
vn -0.003921509 0.99999225 -0.00034526698
vn 0.31764466 0.003921509 -0.9482017
vn 0.59999543 0.003921509 -0.7999938
vn 0.59999543 0.003921509 -0.7999938
vn 0.31764466 0.003921509 -0.9482017
vn -0.003921509 0.003921509 -0.9999846
vn -0.003921509 0.003921509 -0.9999846
vn -0.003921509 -0.9999924 -0
vn -0.003921509 -0.9999924 -0
vn -0.003921509 -0.9999924 -0
vn -0.003921509 -0.9999924 -0
vn -0.003921509 -0.9999924 -0
vn -0.003921509 -0.9999924 -0
vn 0.9999924 0.003921509 -0
vn 0.9999924 0.003921509 -0
vn 0.9999924 0.003921509 -0
vn 0.9999924 0.003921509 -0
vn -0.003921509 0.003921509 0.9999846
vn -0.003921509 0.003921509 0.9999846
vn -0.003921509 0.003921509 0.9999846
vn -0.003921509 0.003921509 0.9999846
vn -0.003921509 0.99999225 -0.00034526698
vn -0.003921509 0.99999225 -0.00034526698
vn -0.003921509 0.99999225 -0.00034526698
vn -0.003921509 0.99999225 -0.00034526698
vn -0.003921509 0.99999225 -0.00034526698
vn -0.003921509 0.99999225 -0.00034526698
vn -0.56862307 0.003921509 -0.82258886
vn -0.56862307 0.003921509 -0.82258886
vn -0.56862307 0.003921509 -0.82258886
vn -0.56862307 0.003921509 -0.82258886
vn -0.003921509 -0.9999924 -0
vn -0.003921509 -0.9999924 -0
vn -0.003921509 -0.9999924 -0
vn -0.003921509 -0.9999924 -0
vn -0.003921509 -0.9999924 -0
vn -0.003921509 -0.9999924 -0
vn 0.9999924 0.003921509 -0
vn 0.9999924 0.003921509 -0
vn 0.9843062 0.003921509 0.17642535
vn 0.9843062 0.003921509 0.17642535
vn 0.94509083 0.003921509 0.32678422
vn 0.94509083 0.003921509 0.32678422
vn -0.99999225 0.003921509 -0.00034492963
vn -0.9843061 0.003921509 0.17642602
vn -0.99999225 0.003921509 -0.00034492963
vn -0.9843061 0.003921509 0.17642602
vn -0.9450908 0.003921509 0.3267844
vn -0.9450908 0.003921509 0.3267844
vn -0.003921509 0.003921509 0.9999846
vn -0.003921509 0.003921509 0.9999846
vn -0.003921509 0.003921509 0.9999846
vn -0.003921509 0.003921509 0.9999846
vn -0.70710677 -0.7071068 -0
vn -0.70710677 -0.7071068 -0
vn -0.70710677 -0.7071068 -0
vn -0.70710677 -0.7071068 -0
vn 0.70710677 -0.70710677 -0
vn 0.70710677 -0.70710677 -0
vn 0.70710677 -0.70710677 -0
vn 0.70710677 -0.70710677 -0
vn 0.74892175 0.66265845 -0
vn 0.74892175 0.66265845 -0
vn 0.74892175 0.66265845 -0
vn 0.74892175 0.66265845 -0
vn -0.6626585 0.74892175 -0
vn -0.6626585 0.74892175 -0
vn -0.6626585 0.74892175 -0
vn -0.6626585 0.74892175 -0
vn -0.3176446 0.003921509 0.9482017
vn -0.5999954 0.003921509 0.7999939
vn -0.5999954 0.003921509 0.7999939
vn -0.3176446 0.003921509 0.9482017
vn -0.003921509 0.003921509 0.9999846
vn -0.003921509 0.003921509 0.9999846
vn -0.003921509 0.99999225 -0.00034526698
vn -0.003921509 0.99999225 -0.00034526698
vn -0.003921509 0.99999225 -0.00034526698
vn -0.003921509 0.99999225 -0.00034526698
vn -0.003921509 0.99999225 -0.00034526698
vn -0.003921509 0.99999225 -0.00034526698
vn -0.3176446 0.003921509 -0.9482017
vn -0.5999954 0.003921509 -0.7999939
vn -0.5999954 0.003921509 -0.7999939
vn -0.3176446 0.003921509 -0.9482017
vn -0.003921509 0.003921509 -0.9999846
vn -0.003921509 0.003921509 -0.9999846
vn -0.003921509 -0.9999924 -0
vn -0.003921509 -0.9999924 -0
vn -0.003921509 -0.9999924 -0
vn -0.003921509 -0.9999924 -0
vn -0.003921509 -0.9999924 -0
vn -0.003921509 -0.9999924 -0
vn -0.99999225 0.003921509 -0.00034492963
vn -0.99999225 0.003921509 -0.00034492963
vn -0.99999225 0.003921509 -0.00034492963
vn -0.99999225 0.003921509 -0.00034492963
vn -0.003921509 0.003921509 0.9999846
vn -0.003921509 0.003921509 0.9999846
vn -0.003921509 0.003921509 0.9999846
vn -0.003921509 0.003921509 0.9999846
vn -0.003921509 0.99999225 -0.00034526698
vn -0.003921509 0.99999225 -0.00034526698
vn -0.003921509 0.99999225 -0.00034526698
vn -0.003921509 0.99999225 -0.00034526698
vn -0.003921509 0.99999225 -0.00034526698
vn -0.003921509 0.99999225 -0.00034526698
vn 0.5686231 0.003921509 -0.8225888
vn 0.5686231 0.003921509 -0.8225888
vn 0.5686231 0.003921509 -0.8225888
vn 0.5686231 0.003921509 -0.8225888
vn -0.003921509 -0.9999924 -0
vn -0.003921509 -0.9999924 -0
vn -0.003921509 -0.9999924 -0
vn -0.003921509 -0.9999924 -0
vn -0.003921509 -0.9999924 -0
vn -0.003921509 -0.9999924 -0
vn -0.99999225 0.003921509 -0.00034492963
vn -0.9843061 0.003921509 0.17642602
vn -0.99999225 0.003921509 -0.00034492963
vn -0.9843061 0.003921509 0.17642602
vn -0.9450908 0.003921509 0.3267844
vn -0.9450908 0.003921509 0.3267844
vn 0.9999924 0.003921509 -0
vn 0.9999924 0.003921509 -0
vn 0.9843062 0.003921509 0.17642535
vn 0.9843062 0.003921509 0.17642535
vn 0.94509083 0.003921509 0.32678422
vn 0.94509083 0.003921509 0.32678422
vn -0.003921509 0.003921509 0.9999846
vn -0.003921509 0.003921509 0.9999846
vn -0.003921509 0.003921509 0.9999846
vn -0.003921509 0.003921509 0.9999846
vn 0.70710677 -0.70710677 -0
vn 0.70710677 -0.70710677 -0
vn 0.70710677 -0.70710677 -0
vn 0.70710677 -0.70710677 -0
vn -0.70710677 -0.7071068 -0
vn -0.70710677 -0.7071068 -0
vn -0.70710677 -0.7071068 -0
vn -0.70710677 -0.7071068 -0
vn -0.74892175 0.6626585 -0
vn -0.74892175 0.6626585 -0
vn -0.74892175 0.6626585 -0
vn -0.74892175 0.6626585 -0
vn 0.6626585 0.74892163 -0
vn 0.6626585 0.74892163 -0
vn 0.6626585 0.74892163 -0
vn 0.6626585 0.74892163 -0
vn -0.45097685 0.874503 -0.17850587
vn -0.30195844 0.9529338 -0.027172094
vn -0.45097685 0.874503 -0.17850587
vn -0.30195844 0.9529338 -0.027172094
vn -0.13725376 0.9764631 0.16637695
vn -0.13725376 0.9764631 0.16637695
vn -0.88234615 0.23137069 0.40979618
vn -0.7490138 0.2862723 0.597517
vn -0.88234615 0.23137069 0.40979618
vn -0.7490138 0.2862723 0.597517
vn -0.56862307 0.3254876 0.75546384
vn -0.56862307 0.3254876 0.75546384
vn -0.59215224 -0.69411236 0.40934557
vn -0.45097685 -0.66274005 0.59782565
vn -0.59215224 -0.69411236 0.40934557
vn -0.45097685 -0.66274005 0.59782565
vn -0.27842915 -0.59999543 0.74998844
vn -0.27842915 -0.59999543 0.74998844
vn 0.13725388 -0.97646314 -0.16637641
vn 0.3019585 -0.9529339 -0.02716661
vn 0.13725388 -0.97646314 -0.16637641
vn 0.3019585 -0.9529339 -0.02716661
vn 0.45097697 -0.87450314 0.17850503
vn 0.45097697 -0.87450314 0.17850503
vn 0.5686231 -0.32548773 -0.7554638
vn 0.7490139 -0.28627235 -0.59751683
vn 0.5686231 -0.32548773 -0.7554638
vn 0.7490139 -0.28627235 -0.59751683
vn 0.8823462 -0.2313708 -0.40979594
vn 0.8823462 -0.2313708 -0.40979594
vn 0.27842927 0.5999954 -0.7499885
vn 0.45097697 0.66274 -0.59782565
vn 0.27842927 0.5999954 -0.7499885
vn 0.45097697 0.66274 -0.59782565
vn 0.59215236 0.6941123 -0.40934545
vn 0.59215236 0.6941123 -0.40934545
vn -0.65489686 -0.20784158 -0.72657555
vn -0.65489686 -0.20784158 -0.72657555
vn -0.65489686 -0.20784158 -0.72657555
vn -0.65489686 -0.20784158 -0.72657555
vn -0.65489686 -0.20784158 -0.72657555
vn -0.65489686 -0.20784158 -0.72657555
vn 0.654897 0.20784152 0.72657543
vn 0.654897 0.20784152 0.72657543
vn 0.654897 0.20784152 0.72657543
vn 0.654897 0.20784152 0.72657543
vn 0.654897 0.20784152 0.72657543
vn 0.654897 0.20784152 0.72657543
vn -0.33333075 0.93724763 0.102262
vn -0.33333075 0.93724763 0.102262
vn -0.33333075 0.93724763 0.102262
vn -0.33333075 0.93724763 0.102262
vn 0.6705831 -0.3411739 0.658725
vn 0.6705831 -0.3411739 0.658725
vn 0.6705831 -0.3411739 0.658725
vn 0.6705831 -0.3411739 0.658725
vn -0.4352907 -0.6862693 -0.58271474
vn -0.4352907 -0.6862693 -0.58271474
vn -0.4352907 -0.6862693 -0.58271474
vn -0.4352907 -0.6862693 -0.58271474
vn 0.45097697 0.874503 -0.17850554
vn 0.45097697 0.874503 -0.17850554
vn 0.3019585 0.9529338 -0.027170997
vn 0.3019585 0.9529338 -0.027170997
vn 0.13725388 0.9764631 0.16637677
vn 0.13725388 0.9764631 0.16637677
vn 0.8823462 0.23137069 0.40979603
vn 0.8823462 0.23137069 0.40979603
vn 0.7490139 0.2862723 0.59751683
vn 0.7490139 0.2862723 0.59751683
vn 0.5686231 0.3254876 0.7554638
vn 0.5686231 0.3254876 0.7554638
vn 0.59215236 -0.69411236 0.40934536
vn 0.59215236 -0.69411236 0.40934536
vn 0.45097697 -0.66274005 0.5978256
vn 0.45097697 -0.66274005 0.5978256
vn 0.27842927 -0.59999543 0.7499884
vn 0.27842927 -0.59999543 0.7499884
vn -0.13725376 -0.97646314 -0.16637659
vn -0.13725376 -0.97646314 -0.16637659
vn -0.30195844 -0.9529339 -0.027167708
vn -0.30195844 -0.9529339 -0.027167708
vn -0.45097685 -0.87450314 0.17850536
vn -0.45097685 -0.87450314 0.17850536
vn -0.56862307 -0.32548773 -0.7554638
vn -0.56862307 -0.32548773 -0.7554638
vn -0.7490138 -0.28627235 -0.59751695
vn -0.7490138 -0.28627235 -0.59751695
vn -0.88234615 -0.2313708 -0.4097961
vn -0.88234615 -0.2313708 -0.4097961
vn -0.27842915 0.5999954 -0.7499885
vn -0.27842915 0.5999954 -0.7499885
vn -0.45097685 0.66274 -0.5978257
vn -0.45097685 0.66274 -0.5978257
vn -0.59215224 0.6941123 -0.4093457
vn -0.59215224 0.6941123 -0.4093457
vn 0.654897 -0.20784158 -0.72657543
vn 0.654897 -0.20784158 -0.72657543
vn 0.654897 -0.20784158 -0.72657543
vn 0.654897 -0.20784158 -0.72657543
vn 0.654897 -0.20784158 -0.72657543
vn 0.654897 -0.20784158 -0.72657543
vn -0.65489686 0.20784152 0.72657555
vn -0.65489686 0.20784152 0.72657555
vn -0.65489686 0.20784152 0.72657555
vn -0.65489686 0.20784152 0.72657555
vn -0.65489686 0.20784152 0.72657555
vn -0.65489686 0.20784152 0.72657555
vn 0.3333308 0.93724763 0.10226171
vn 0.3333308 0.93724763 0.10226171
vn 0.3333308 0.93724763 0.10226171
vn 0.3333308 0.93724763 0.10226171
vn -0.670583 -0.3411739 0.65872514
vn -0.670583 -0.3411739 0.65872514
vn -0.670583 -0.3411739 0.65872514
vn -0.670583 -0.3411739 0.65872514
vn 0.4352908 -0.6862693 -0.5827147
vn 0.4352908 -0.6862693 -0.5827147
vn 0.4352908 -0.6862693 -0.5827147
vn 0.4352908 -0.6862693 -0.5827147
vn -0.003921509 0.96861994 -0.2485156
vn -0.003921509 0.96861994 -0.2485156
vn -0.003921509 0.99999225 -0.00034526698
vn -0.003921509 0.99999225 -0.00034526698
vn -0.003921509 0.96861994 0.2485156
vn -0.003921509 0.96861994 0.2485156
vn 0.8431308 0.48234916 -0.2376335
vn 0.8431308 0.48234916 -0.2376335
vn 0.86666006 0.4980353 -0.029345917
vn 0.86666006 0.4980353 -0.029345917
vn 0.8431308 0.48234916 0.2376335
vn 0.8431308 0.48234916 0.2376335
vn 0.8431308 -0.48234928 -0.23763324
vn 0.8431308 -0.48234928 -0.23763324
vn 0.86666006 -0.49803543 -0.029343884
vn 0.86666006 -0.49803543 -0.029343884
vn 0.8431308 -0.48234928 0.23763324
vn 0.8431308 -0.48234928 0.23763324
vn -0.003921509 -0.96862006 -0.24851513
vn -0.003921509 -0.96862006 -0.24851513
vn -0.003921509 -0.9999924 -0
vn -0.003921509 -0.9999924 -0
vn -0.003921509 -0.96862006 0.24851513
vn -0.003921509 -0.96862006 0.24851513
vn -0.8431307 -0.48234928 -0.23763375
vn -0.8431307 -0.48234928 -0.23763375
vn -0.86666 -0.49803543 -0.029345917
vn -0.86666 -0.49803543 -0.029345917
vn -0.8431307 -0.48234928 0.23763375
vn -0.8431307 -0.48234928 0.23763375
vn -0.8431307 0.48234916 -0.237634
vn -0.8431307 0.48234916 -0.237634
vn -0.86666 0.4980353 -0.029347947
vn -0.86666 0.4980353 -0.029347947
vn -0.8431307 0.48234916 0.237634
vn -0.8431307 0.48234916 0.237634
vn -0.003921509 0.003921509 -0.9999846
vn -0.003921509 0.003921509 -0.9999846
vn -0.003921509 0.003921509 -0.9999846
vn -0.003921509 0.003921509 -0.9999846
vn -0.003921509 0.003921509 -0.9999846
vn -0.003921509 0.003921509 -0.9999846
vn -0.003921509 0.003921509 0.9999846
vn -0.003921509 0.003921509 0.9999846
vn -0.003921509 0.003921509 0.9999846
vn -0.003921509 0.003921509 0.9999846
vn -0.003921509 0.003921509 0.9999846
vn -0.003921509 0.003921509 0.9999846
vn 0.08235234 0.99214923 0.09411676
vn 0.08235234 0.99214923 0.09411676
vn 0.08235234 0.99214923 0.09411676
vn 0.08235234 0.99214923 0.09411676
vn 0.05882311 -0.52940774 0.84632576
vn 0.05882311 -0.52940774 0.84632576
vn 0.05882311 -0.52940774 0.84632576
vn 0.05882311 -0.52940774 0.84632576
vn 0.043136954 -0.52156466 -0.8521206
vn 0.043136954 -0.52156466 -0.8521206
vn 0.043136954 -0.52156466 -0.8521206
vn 0.043136954 -0.52156466 -0.8521206
vn -0.003921509 0.96861994 -0.2485156
vn -0.003921509 0.99999225 -0.00034526698
vn -0.003921509 0.96861994 -0.2485156
vn -0.003921509 0.99999225 -0.00034526698
vn -0.003921509 0.96861994 0.2485156
vn -0.003921509 0.96861994 0.2485156
vn -0.8431307 0.48234916 -0.237634
vn -0.86666 0.4980353 -0.029347947
vn -0.8431307 0.48234916 -0.237634
vn -0.86666 0.4980353 -0.029347947
vn -0.8431307 0.48234916 0.237634
vn -0.8431307 0.48234916 0.237634
vn -0.8431307 -0.48234928 -0.23763375
vn -0.86666 -0.49803543 -0.029345917
vn -0.8431307 -0.48234928 -0.23763375
vn -0.86666 -0.49803543 -0.029345917
vn -0.8431307 -0.48234928 0.23763375
vn -0.8431307 -0.48234928 0.23763375
vn -0.003921509 -0.96862006 -0.24851513
vn -0.003921509 -0.9999924 -0
vn -0.003921509 -0.96862006 -0.24851513
vn -0.003921509 -0.9999924 -0
vn -0.003921509 -0.96862006 0.24851513
vn -0.003921509 -0.96862006 0.24851513
vn 0.8431308 -0.48234928 -0.23763324
vn 0.86666006 -0.49803543 -0.029343884
vn 0.8431308 -0.48234928 -0.23763324
vn 0.86666006 -0.49803543 -0.029343884
vn 0.8431308 -0.48234928 0.23763324
vn 0.8431308 -0.48234928 0.23763324
vn 0.8431308 0.48234916 -0.2376335
vn 0.86666006 0.4980353 -0.029345917
vn 0.8431308 0.48234916 -0.2376335
vn 0.86666006 0.4980353 -0.029345917
vn 0.8431308 0.48234916 0.2376335
vn 0.8431308 0.48234916 0.2376335
vn -0.003921509 0.003921509 -0.9999846
vn -0.003921509 0.003921509 -0.9999846
vn -0.003921509 0.003921509 -0.9999846
vn -0.003921509 0.003921509 -0.9999846
vn -0.003921509 0.003921509 -0.9999846
vn -0.003921509 0.003921509 -0.9999846
vn -0.003921509 0.003921509 0.9999846
vn -0.003921509 0.003921509 0.9999846
vn -0.003921509 0.003921509 0.9999846
vn -0.003921509 0.003921509 0.9999846
vn -0.003921509 0.003921509 0.9999846
vn -0.003921509 0.003921509 0.9999846
vn -0.08235228 0.99214923 0.09411708
vn -0.08235228 0.99214923 0.09411708
vn -0.08235228 0.99214923 0.09411708
vn -0.08235228 0.99214923 0.09411708
vn -0.05882299 -0.52940774 0.84632576
vn -0.05882299 -0.52940774 0.84632576
vn -0.05882299 -0.52940774 0.84632576
vn -0.05882299 -0.52940774 0.84632576
vn -0.043136835 -0.52156466 -0.8521206
vn -0.043136835 -0.52156466 -0.8521206
vn -0.043136835 -0.52156466 -0.8521206
vn -0.043136835 -0.52156466 -0.8521206
vn -0.003921509 -0.6470539 0.7624342
vn -0.003921509 -0.6470539 0.7624342
vn -0.003921509 -0.6470539 0.7624342
vn -0.003921509 -0.6470539 0.7624342
vn -0.003921509 0.64705384 -0.76243424
vn -0.003921509 0.64705384 -0.76243424
vn -0.003921509 0.64705384 -0.76243424
vn -0.003921509 0.64705384 -0.76243424
vn 0.9999924 0.003921509 -0
vn 0.9999924 0.003921509 -0
vn 0.9999924 0.003921509 -0
vn 0.9999924 0.003921509 -0
vn -0.99999225 0.003921509 -0.00034492963
vn -0.99999225 0.003921509 -0.00034492963
vn -0.99999225 0.003921509 -0.00034492963
vn -0.99999225 0.003921509 -0.00034492963
vn -0.003921509 0.76469994 0.6443746
vn -0.003921509 0.76469994 0.6443746
vn -0.003921509 0.76469994 0.6443746
vn -0.003921509 0.76469994 0.6443746
vn 0.9999924 -0.0039215684 -0
vn 0.9999924 -0.0039215684 -0
vn 0.9999924 -0.0039215684 -0
vn 0.9999924 -0.0039215684 -0
vn 0.9999924 0.003921509 -0
vn -0.27842915 -0.0039215684 0.96044874
vn -0.5294076 0.003921509 0.8483585
vn -0.5215646 0.13725376 0.8420996
vn -0.3254876 0.18431222 0.92740864
vn -0.003921509 -0.0039215684 0.9999846
vn -0.003921509 0.003921509 0.9999846
vn -0.035293818 0.035293818 0.99875355
vn -0.003921509 0.003921509 0.9999846
vn -0.003921509 0.003921509 0.9999846
vn -0.003921509 0.003921509 0.9999846
vn -0.011764526 -0.9294047 0.36887467
vn -0.23137069 -0.89803237 0.37417305
vn -0.08235228 -0.9294047 0.35975692
vn -0.003921509 -0.9294047 0.36904138
vn -0.003921509 -0.9294047 0.36904138
vn -0.003921509 0.003921509 -0.9999846
vn -0.003921509 0.003921509 -0.9999846
vn -0.003921509 0.003921509 -0.9999846
vn -0.003921509 0.003921509 -0.9999846
vn -0.99999225 0.003921509 -0.00034492963
vn -0.99999225 0.003921509 -0.00034492963
vn -0.99999225 0.003921509 -0.00034492963
vn -0.99999225 0.003921509 -0.00034492963
vn -0.99999225 0.003921509 -0.00034492963
vn 0.0039215684 0.003921509 -0.9999846
vn 0.0039215684 0.003921509 -0.9999846
vn 0.0039215684 -0.0039215684 -0.9999846
vn 0.0039215684 -0.0039215684 -0.9999846
vn 0.0039215684 -0.0039215684 -0.9999846
vn 0.0039215684 -0.0039215684 -0.9999846
vn -0.5282392 0.8490957 -0
vn -0.5282392 0.8490957 -0
vn -0.5282392 0.8490957 -0
vn -0.5282392 0.8490957 -0
vn 0.45814413 -0.88887787 -0
vn 0.45814413 -0.88887787 -0
vn 0.45814413 -0.88887787 -0
vn 0.45814413 -0.88887787 -0
vn -0.99999225 0.003921509 -0.00034492963
vn -0.99999225 0.003921509 -0.00034492963
vn -0.99999225 0.003921509 -0.00034492963
vn -0.99999225 0.003921509 -0.00034492963
vn 0.9999924 0.003921509 -0
vn 0.9999924 0.003921509 -0
vn 0.9999924 0.003921509 -0
vn 0.9999924 0.003921509 -0
vn 0.9999924 0.003921509 -0
vn -0.27842915 0.003921509 0.96044874
vn -0.5215646 -0.13725388 0.8420996
vn -0.5294076 -0.0039215684 0.8483585
vn -0.3254876 -0.18431234 0.92740864
vn -0.003921509 0.003921509 0.9999846
vn -0.003921509 -0.0039215684 0.9999846
vn -0.035293818 -0.035293877 0.99875355
vn -0.003921509 -0.0039215684 0.9999846
vn -0.003921509 0.003921509 0.9999846
vn -0.003921509 0.003921509 0.9999846
vn -0.011764526 0.9294046 0.36887482
vn -0.08235228 0.9294046 0.3597571
vn -0.23137069 0.8980323 0.37417313
vn -0.003921509 0.9294046 0.36904156
vn -0.003921509 0.9294046 0.36904156
vn -0.003921509 0.003921509 -0.9999846
vn -0.003921509 0.003921509 -0.9999846
vn -0.003921509 0.003921509 -0.9999846
vn -0.003921509 0.003921509 -0.9999846
vn -0.99999225 0.003921509 -0.00034492963
vn -0.99999225 0.003921509 -0.00034492963
vn -0.99999225 0.003921509 -0.00034492963
vn -0.99999225 0.003921509 -0.00034492963
vn -0.99999225 0.003921509 -0.00034492963
vn 0.0039215684 0.003921509 -0.9999846
vn 0.0039215684 0.003921509 -0.9999846
vn 0.0039215684 0.003921509 -0.9999846
vn 0.0039215684 0.003921509 -0.9999846
vn 0.0039215684 0.003921509 -0.9999846
vn 0.0039215684 0.003921509 -0.9999846
vn -0.52823913 -0.84909564 -0
vn -0.52823913 -0.84909564 -0
vn -0.52823913 -0.84909564 -0
vn -0.52823913 -0.84909564 -0
vn 0.45814416 0.88887787 -0
vn 0.45814416 0.88887787 -0
vn 0.45814416 0.88887787 -0
vn 0.45814416 0.88887787 -0
vn -0.99999225 -0.0039215684 -0.00034425134
vn -0.99999225 0.003921509 -0.00034492963
vn -0.99999225 0.003921509 -0.00034492963
vn -0.99999225 -0.0039215684 -0.00034425134
vn -0.003921509 -0.9999924 -0
vn -0.003921509 -0.9999924 -0
vn -0.003921509 -0.9999924 -0
vn -0.003921509 -0.9999924 -0
vn 0.9999924 -0.0039215684 -0
vn 0.9999924 -0.0039215684 -0
vn 0.9999924 -0.0039215684 -0
vn 0.9999924 -0.0039215684 -0
vn -0.003921509 0.9450908 0.3267844
vn -0.003921509 0.9450908 0.3267844
vn -0.003921509 0.9450908 0.3267844
vn -0.003921509 0.9450908 0.3267844
vn -0.99999225 -0.0039215684 -0.00034425134
vn -0.99999225 -0.0039215684 -0.00034425134
vn -0.99999225 -0.0039215684 -0.00034425134
vn -0.99999225 -0.0039215684 -0.00034425134
vn -0.003921509 0.003921509 0.9999846
vn -0.003921509 0.003921509 0.9999846
vn -0.003921509 0.003921509 0.9999846
vn -0.003921509 0.003921509 0.9999846
vn -0.003921509 -0.0039215684 -0.9999846
vn -0.003921509 -0.0039215684 -0.9999846
vn -0.003921509 -0.0039215684 -0.9999846
vn -0.003921509 -0.0039215684 -0.9999846
vn -0.003921509 -0.9999924 -0
vn -0.003921509 -0.9999924 -0
vn -0.003921509 -0.9999924 -0
vn -0.003921509 -0.9999924 -0
vn -0.99999225 -0.0039215684 -0.00034425134
vn -0.99999225 -0.0039215684 -0.00034425134
vn -0.99999225 -0.0039215684 -0.00034425134
vn -0.99999225 -0.0039215684 -0.00034425134
vn -0.003921509 0.9450908 0.3267844
vn -0.003921509 0.9450908 0.3267844
vn -0.003921509 0.9450908 0.3267844
vn -0.003921509 0.9450908 0.3267844
vn 0.9999924 -0.0039215684 -0
vn 0.9999924 -0.0039215684 -0
vn 0.9999924 -0.0039215684 -0
vn 0.9999924 -0.0039215684 -0
vn 0.0039215684 0.003921509 0.9999846
vn 0.0039215684 0.003921509 0.9999846
vn 0.0039215684 0.003921509 0.9999846
vn 0.0039215684 0.003921509 0.9999846
vn -0.003921509 -0.0039215684 -0.9999846
vn -0.003921509 -0.0039215684 -0.9999846
vn -0.003921509 -0.0039215684 -0.9999846
vn -0.003921509 -0.0039215684 -0.9999846
vn -0.99999225 0.003921509 -0.00034492963
vn -0.99999225 -0.0039215684 -0.00034425134
vn -0.99999225 -0.0039215684 -0.00034425134
vn -0.99999225 -0.0039215684 -0.00034425134
vn -0.99999225 -0.0039215684 -0.00034425134
vn 0.27842927 -0.0039215684 0.96044874
vn 0.52156466 0.13725376 0.8420996
vn 0.52940774 0.003921509 0.84835845
vn 0.32548773 0.18431222 0.92740864
vn 0.0039215684 -0.0039215684 0.9999846
vn 0.0039215684 0.003921509 0.9999846
vn 0.035293877 0.035293818 0.99875355
vn 0.0039215684 0.003921509 0.9999846
vn 0.0039215684 0.003921509 0.9999846
vn 0.0039215684 0.003921509 0.9999846
vn 0.011764646 -0.9294047 0.36887467
vn 0.08235234 -0.9294047 0.35975686
vn 0.2313708 -0.89803237 0.37417296
vn -0.003921509 -0.9294047 0.36904138
vn -0.003921509 -0.9294047 0.36904138
vn -0.003921509 0.003921509 -0.9999846
vn -0.003921509 0.003921509 -0.9999846
vn -0.003921509 0.003921509 -0.9999846
vn -0.003921509 0.003921509 -0.9999846
vn 0.9999924 0.003921509 -0
vn 0.9999924 0.003921509 -0
vn 0.9999924 0.003921509 -0
vn 0.9999924 0.003921509 -0
vn 0.9999924 0.003921509 -0
vn -0.003921509 0.003921509 -0.9999846
vn -0.003921509 -0.0039215684 -0.9999846
vn -0.003921509 0.003921509 -0.9999846
vn -0.003921509 -0.0039215684 -0.9999846
vn -0.003921509 -0.0039215684 -0.9999846
vn -0.003921509 -0.0039215684 -0.9999846
vn 0.52823925 0.8490956 -0
vn 0.52823925 0.8490956 -0
vn 0.52823925 0.8490956 -0
vn 0.52823925 0.8490956 -0
vn -0.4581441 -0.888878 -0
vn -0.4581441 -0.888878 -0
vn -0.4581441 -0.888878 -0
vn -0.4581441 -0.888878 -0
vn 0.9999924 0.003921509 -0
vn 0.9999924 0.003921509 -0
vn 0.9999924 0.003921509 -0
vn 0.9999924 0.003921509 -0
vn -0.99999225 0.003921509 -0.00034492963
vn -0.99999225 0.003921509 -0.00034492963
vn -0.99999225 0.003921509 -0.00034492963
vn -0.99999225 0.003921509 -0.00034492963
vn -0.99999225 0.003921509 -0.00034492963
vn 0.27842927 0.003921509 0.96044874
vn 0.52940774 -0.0039215684 0.84835845
vn 0.52156466 -0.13725388 0.84209955
vn 0.32548773 -0.18431234 0.9274086
vn 0.0039215684 0.003921509 0.9999846
vn 0.0039215684 -0.0039215684 0.9999846
vn 0.035293877 -0.035293877 0.99875355
vn 0.0039215684 -0.0039215684 0.9999846
vn 0.0039215684 0.003921509 0.9999846
vn 0.0039215684 0.003921509 0.9999846
vn 0.011764646 0.9294046 0.36887482
vn 0.2313708 0.8980323 0.37417305
vn 0.08235234 0.9294046 0.359757
vn -0.003921509 0.9294046 0.36904156
vn -0.003921509 0.9294046 0.36904156
vn -0.003921509 0.003921509 -0.9999846
vn -0.003921509 0.003921509 -0.9999846
vn -0.003921509 0.003921509 -0.9999846
vn -0.003921509 0.003921509 -0.9999846
vn 0.9999924 0.003921509 -0
vn 0.9999924 0.003921509 -0
vn 0.9999924 0.003921509 -0
vn 0.9999924 0.003921509 -0
vn 0.9999924 0.003921509 -0
vn -0.003921509 0.003921509 -0.9999846
vn -0.003921509 0.003921509 -0.9999846
vn -0.003921509 0.003921509 -0.9999846
vn -0.003921509 0.003921509 -0.9999846
vn -0.003921509 0.003921509 -0.9999846
vn -0.003921509 0.003921509 -0.9999846
vn 0.52823925 -0.84909564 -0
vn 0.52823925 -0.84909564 -0
vn 0.52823925 -0.84909564 -0
vn 0.52823925 -0.84909564 -0
vn -0.4581441 0.88887787 -0
vn -0.4581441 0.88887787 -0
vn -0.4581441 0.88887787 -0
vn -0.4581441 0.88887787 -0
vn 0.9999924 -0.0039215684 -0
vn 0.9999924 0.003921509 -0
vn 0.9999924 0.003921509 -0
vn 0.9999924 -0.0039215684 -0
vn -0.003921509 -0.9999924 -0
vn -0.003921509 -0.9999924 -0
vn -0.003921509 -0.9999924 -0
vn -0.003921509 -0.9999924 -0
vn -0.003921509 0.99999225 -0.00034526698
vn -0.003921509 0.99999225 -0.00034526698
vn -0.003921509 0.99999225 -0.00034526698
vn -0.003921509 0.99999225 -0.00034526698
vn -0.003921509 -0.9999924 -0
vn -0.003921509 -0.9999924 -0
vn -0.003921509 -0.9999924 -0
vn -0.003921509 -0.9999924 -0
vn -0.003921509 0.99999225 -0.00034526698
vn -0.003921509 0.99999225 -0.00034526698
vn -0.003921509 0.99999225 -0.00034526698
vn -0.003921509 0.99999225 -0.00034526698
vn -0.003921509 0.99999225 -0.00034526698
vn -0.003921509 0.99999225 -0.00034526698
vn -0.003921509 0.99999225 -0.00034526698
vn -0.003921509 0.99999225 -0.00034526698
vn -0.99999225 0.003921509 -0.00034492963
vn -0.99999225 0.003921509 -0.00034492963
vn -0.99999225 0.003921509 -0.00034492963
vn -0.99999225 0.003921509 -0.00034492963
vn -0.003921509 -0.94509083 0.32678422
vn -0.003921509 -0.94509083 0.32678422
vn -0.003921509 -0.94509083 0.32678422
vn -0.003921509 -0.94509083 0.32678422
vn 0.9999924 0.003921509 -0
vn 0.9999924 0.003921509 -0
vn 0.9999924 0.003921509 -0
vn 0.9999924 0.003921509 -0
vn 0.0039215684 0.003921509 0.9999846
vn 0.0039215684 0.003921509 0.9999846
vn 0.0039215684 0.003921509 0.9999846
vn 0.0039215684 0.003921509 0.9999846
vn -0.003921509 0.003921509 -0.9999846
vn -0.003921509 0.003921509 -0.9999846
vn -0.003921509 0.003921509 -0.9999846
vn -0.003921509 0.003921509 -0.9999846
vn -0.003921509 0.99999225 -0.00034526698
vn -0.003921509 0.99999225 -0.00034526698
vn -0.003921509 0.99999225 -0.00034526698
vn -0.003921509 0.99999225 -0.00034526698
vn 0.9999924 0.003921509 -0
vn 0.9999924 0.003921509 -0
vn 0.9999924 0.003921509 -0
vn 0.9999924 0.003921509 -0
vn -0.003921509 -0.94509083 0.32678422
vn -0.003921509 -0.94509083 0.32678422
vn -0.003921509 -0.94509083 0.32678422
vn -0.003921509 -0.94509083 0.32678422
vn -0.99999225 0.003921509 -0.00034492963
vn -0.99999225 0.003921509 -0.00034492963
vn -0.99999225 0.003921509 -0.00034492963
vn -0.99999225 0.003921509 -0.00034492963
vn -0.003921509 0.003921509 0.9999846
vn -0.003921509 0.003921509 0.9999846
vn -0.003921509 0.003921509 0.9999846
vn -0.003921509 0.003921509 0.9999846
vn -0.003921509 0.003921509 -0.9999846
vn -0.003921509 0.003921509 -0.9999846
vn -0.003921509 0.003921509 -0.9999846
vn -0.003921509 0.003921509 -0.9999846
vn -0.003921509 0.003921509 -0.9999846
vn -0.003921509 0.003921509 -0.9999846
vn -0.003921509 0.003921509 -0.9999846
vn -0.003921509 0.003921509 -0.9999846
vn -0.02745068 0.8039154 0.5941099
vn -0.019607663 0.4352907 0.90007645
vn -0.02745068 0.8039154 0.5941099
vn -0.011764526 0.6392107 0.76894164
vn 0.011764646 -0.043136954 0.9989999
vn -0.003921509 -0.26274312 0.9648579
vn 0.0039215684 -0.7097985 0.70439386
vn 0.0039215684 -0.70195544 0.71221006
vn 0.0039215684 -0.97646314 0.21564874
vn 0.0039215684 -0.97646314 0.21564874
vn -0.003921509 -0.9999924 -0
vn -0.003921509 -0.9999924 -0
vn -0.003921509 -0.9999924 -0
vn -0.003921509 -0.9999924 -0
vn 0.9999924 0.003921509 -0
vn 0.9999924 0.003921509 -0
vn 0.9999924 0.003921509 -0
vn 0.9999924 0.003921509 -0
vn 0.9999924 0.003921509 -0
vn 0.9999924 0.003921509 -0
vn 0.9999924 0.003921509 -0
vn 0.9999924 0.003921509 -0
vn 0.9999924 0.003921509 -0
vn 0.0039215684 0.99999225 -0.00034526698
vn 0.0039215684 0.9843061 -0.17642602
vn 0.0039215684 0.9843061 -0.17642602
vn 0.0039215684 0.99999225 -0.00034526698
vn 0.0039215684 0.99999225 -0.00034526698
vn 0.0039215684 0.99999225 -0.00034526698
vn -0.99999225 0.003921509 -0.00034492963
vn -0.99999225 0.003921509 -0.00034492963
vn -0.99999225 0.003921509 -0.00034492963
vn -0.99999225 0.003921509 -0.00034492963
vn -0.99999225 0.003921509 -0.00034492963
vn -0.99999225 0.003921509 -0.00034492963
vn -0.99999225 0.003921509 -0.00034492963
vn -0.99999225 0.003921509 -0.00034492963
vn -0.99999225 0.003921509 -0.00034492963
vn -0.003921509 0.003921509 -0.9999846
vn -0.003921509 0.003921509 -0.9999846
vn -0.003921509 0.003921509 -0.9999846
vn -0.003921509 0.003921509 -0.9999846
vn -0.02745068 -0.80391544 0.5941098
vn -0.02745068 -0.80391544 0.5941098
vn -0.019607663 -0.4352908 0.9000763
vn -0.011764526 -0.6392108 0.7689416
vn 0.011764646 0.043136835 0.9989999
vn -0.003921509 0.262743 0.9648579
vn 0.0039215684 0.70979846 0.7043939
vn 0.0039215684 0.7019553 0.71221024
vn 0.0039215684 0.9764631 0.21564901
vn 0.0039215684 0.9764631 0.21564901
vn -0.003921509 0.99999225 -0.00034526698
vn -0.003921509 0.99999225 -0.00034526698
vn -0.003921509 0.99999225 -0.00034526698
vn -0.003921509 0.99999225 -0.00034526698
vn 0.9999924 0.003921509 -0
vn 0.9999924 0.003921509 -0
vn 0.9999924 0.003921509 -0
vn 0.9999924 0.003921509 -0
vn 0.9999924 0.003921509 -0
vn 0.9999924 0.003921509 -0
vn 0.9999924 0.003921509 -0
vn 0.9999924 0.003921509 -0
vn 0.9999924 0.003921509 -0
vn 0.0039215684 -0.9843062 -0.17642535
vn 0.0039215684 -0.9843062 -0.17642535
vn 0.0039215684 -0.9999924 -0
vn 0.0039215684 -0.9999924 -0
vn 0.0039215684 -0.9999924 -0
vn 0.0039215684 -0.9999924 -0
vn -0.99999225 0.003921509 -0.00034492963
vn -0.99999225 0.003921509 -0.00034492963
vn -0.99999225 0.003921509 -0.00034492963
vn -0.99999225 0.003921509 -0.00034492963
vn -0.99999225 0.003921509 -0.00034492963
vn -0.99999225 0.003921509 -0.00034492963
vn -0.99999225 0.003921509 -0.00034492963
vn -0.99999225 0.003921509 -0.00034492963
vn -0.99999225 0.003921509 -0.00034492963
vn -0.003921509 0.003921509 -0.9999846
vn -0.003921509 0.003921509 -0.9999846
vn -0.003921509 0.003921509 -0.9999846
vn -0.003921509 0.003921509 -0.9999846
vn 0.0039215684 -0.66274005 0.74883926
vn -0.003921509 -0.38823235 0.9215532
vn -0.003921509 -0.38823235 0.9215532
vn 0.0039215684 -0.66274005 0.74883926
vn 0.0039215684 -0.97646314 0.21564874
vn 0.0039215684 -0.97646314 0.21564874
vn 0.0039215684 -0.9999924 -0
vn 0.0039215684 -0.9999924 -0
vn -0.003921509 -0.9999924 -0
vn -0.003921509 -0.9999924 -0
vn -0.003921509 0.38823223 0.9215532
vn -0.003921509 0.38823223 0.9215532
vn -0.003921509 0.66274 0.7488393
vn -0.003921509 0.66274 0.7488393
vn -0.003921509 0.9764631 0.21564901
vn -0.003921509 0.9764631 0.21564901
vn -0.003921509 0.99999225 -0.00034526698
vn -0.003921509 0.99999225 -0.00034526698
vn -0.003921509 0.99999225 -0.00034526698
vn -0.003921509 0.99999225 -0.00034526698
vn 0.9999924 0.003921509 -0
vn 0.9999924 0.003921509 -0
vn 0.9999924 0.003921509 -0
vn 0.9999924 0.003921509 -0
vn 0.9999924 0.003921509 -0
vn 0.9999924 0.003921509 -0
vn 0.9999924 0.003921509 -0
vn 0.9999924 0.003921509 -0
vn 0.9999924 0.003921509 -0
vn -0.99999225 0.003921509 -0.00034492963
vn -0.99999225 0.003921509 -0.00034492963
vn -0.99999225 -0.0039215684 -0.00034425134
vn -0.99999225 -0.0039215684 -0.00034425134
vn -0.99999225 -0.0039215684 -0.00034425134
vn -0.99999225 -0.0039215684 -0.00034425134
vn -0.99999225 -0.0039215684 -0.00034425134
vn -0.99999225 -0.0039215684 -0.00034425134
vn -0.99999225 0.003921509 -0.00034492963
vn -0.003921509 0.003921509 -0.9999846
vn -0.003921509 0.003921509 -0.9999846
vn -0.003921509 0.003921509 -0.9999846
vn -0.003921509 0.003921509 -0.9999846
vn -0.003921509 -0.66274005 0.74883926
vn -0.003921509 -0.38823235 0.9215532
vn -0.003921509 -0.38823235 0.9215532
vn -0.003921509 -0.66274005 0.74883926
vn -0.003921509 -0.97646314 0.21564874
vn -0.003921509 -0.97646314 0.21564874
vn -0.003921509 -0.9999924 -0
vn -0.003921509 -0.9999924 -0
vn -0.003921509 -0.9999924 -0
vn -0.003921509 -0.9999924 -0
vn -0.003921509 0.38823223 0.9215532
vn -0.003921509 0.66274 0.7488393
vn -0.003921509 0.38823223 0.9215532
vn -0.003921509 0.66274 0.7488393
vn -0.003921509 0.9764631 0.21564901
vn -0.003921509 0.9764631 0.21564901
vn -0.003921509 0.99999225 -0.00034526698
vn -0.003921509 0.99999225 -0.00034526698
vn -0.003921509 0.99999225 -0.00034526698
vn -0.003921509 0.99999225 -0.00034526698
vn -0.99999225 0.003921509 -0.00034492963
vn -0.99999225 0.003921509 -0.00034492963
vn -0.99999225 0.003921509 -0.00034492963
vn -0.99999225 0.003921509 -0.00034492963
vn -0.99999225 0.003921509 -0.00034492963
vn -0.99999225 0.003921509 -0.00034492963
vn -0.99999225 0.003921509 -0.00034492963
vn -0.99999225 0.003921509 -0.00034492963
vn -0.99999225 0.003921509 -0.00034492963
vn 0.9999924 0.003921509 -0
vn 0.9999924 -0.0039215684 -0
vn 0.9999924 0.003921509 -0
vn 0.9999924 -0.0039215684 -0
vn 0.9999924 -0.0039215684 -0
vn 0.9999924 -0.0039215684 -0
vn 0.9999924 -0.0039215684 -0
vn 0.9999924 -0.0039215684 -0
vn 0.9999924 0.003921509 -0
vn 0.0039215684 0.003921509 -0.9999846
vn 0.0039215684 0.003921509 -0.9999846
vn 0.0039215684 0.003921509 -0.9999846
vn 0.0039215684 0.003921509 -0.9999846
vn 0.0274508 -0.80391544 0.5941098
vn 0.019607723 -0.4352908 0.9000763
vn 0.0274508 -0.80391544 0.5941098
vn 0.011764646 -0.6392108 0.7689416
vn -0.011764526 0.043136835 0.9989999
vn 0.0039215684 0.262743 0.9648579
vn -0.003921509 0.70979846 0.7043939
vn -0.003921509 0.7019553 0.71221024
vn -0.003921509 0.9764631 0.21564901
vn -0.003921509 0.9764631 0.21564901
vn -0.003921509 0.99999225 -0.00034526698
vn -0.003921509 0.99999225 -0.00034526698
vn -0.003921509 0.99999225 -0.00034526698
vn -0.003921509 0.99999225 -0.00034526698
vn -0.99999225 0.003921509 -0.00034492963
vn -0.99999225 0.003921509 -0.00034492963
vn -0.99999225 0.003921509 -0.00034492963
vn -0.99999225 0.003921509 -0.00034492963
vn -0.99999225 0.003921509 -0.00034492963
vn -0.99999225 0.003921509 -0.00034492963
vn -0.99999225 0.003921509 -0.00034492963
vn -0.99999225 0.003921509 -0.00034492963
vn -0.99999225 0.003921509 -0.00034492963
vn -0.003921509 -0.9999924 -0
vn -0.003921509 -0.9843062 -0.17642535
vn -0.003921509 -0.9843062 -0.17642535
vn -0.003921509 -0.9999924 -0
vn -0.003921509 -0.9999924 -0
vn -0.003921509 -0.9999924 -0
vn 0.9999924 0.003921509 -0
vn 0.9999924 0.003921509 -0
vn 0.9999924 0.003921509 -0
vn 0.9999924 0.003921509 -0
vn 0.9999924 0.003921509 -0
vn 0.9999924 0.003921509 -0
vn 0.9999924 0.003921509 -0
vn 0.9999924 0.003921509 -0
vn 0.9999924 0.003921509 -0
vn 0.0039215684 0.003921509 -0.9999846
vn 0.0039215684 0.003921509 -0.9999846
vn 0.0039215684 0.003921509 -0.9999846
vn 0.0039215684 0.003921509 -0.9999846
vn 0.0274508 0.8039154 0.5941099
vn 0.0274508 0.8039154 0.5941099
vn 0.019607723 0.4352907 0.90007645
vn 0.011764646 0.6392107 0.76894164
vn -0.011764526 -0.043136954 0.9989999
vn 0.0039215684 -0.26274312 0.9648579
vn -0.003921509 -0.7097985 0.70439386
vn -0.003921509 -0.70195544 0.71221006
vn -0.003921509 -0.97646314 0.21564874
vn -0.003921509 -0.97646314 0.21564874
vn -0.003921509 -0.9999924 -0
vn -0.003921509 -0.9999924 -0
vn -0.003921509 -0.9999924 -0
vn -0.003921509 -0.9999924 -0
vn -0.99999225 0.003921509 -0.00034492963
vn -0.99999225 0.003921509 -0.00034492963
vn -0.99999225 0.003921509 -0.00034492963
vn -0.99999225 0.003921509 -0.00034492963
vn -0.99999225 0.003921509 -0.00034492963
vn -0.99999225 0.003921509 -0.00034492963
vn -0.99999225 0.003921509 -0.00034492963
vn -0.99999225 0.003921509 -0.00034492963
vn -0.99999225 0.003921509 -0.00034492963
vn -0.003921509 0.9843061 -0.17642602
vn -0.003921509 0.9843061 -0.17642602
vn -0.003921509 0.99999225 -0.00034526698
vn -0.003921509 0.99999225 -0.00034526698
vn -0.003921509 0.99999225 -0.00034526698
vn -0.003921509 0.99999225 -0.00034526698
vn 0.9999924 0.003921509 -0
vn 0.9999924 0.003921509 -0
vn 0.9999924 0.003921509 -0
vn 0.9999924 0.003921509 -0
vn 0.9999924 0.003921509 -0
vn 0.9999924 0.003921509 -0
vn 0.9999924 0.003921509 -0
vn 0.9999924 0.003921509 -0
vn 0.9999924 0.003921509 -0
vn 0.0039215684 0.003921509 -0.9999846
vn 0.0039215684 0.003921509 -0.9999846
vn 0.0039215684 0.003921509 -0.9999846
vn 0.0039215684 0.003921509 -0.9999846
vn 0.0274508 -0.80391544 0.5941098
vn 0.019607723 -0.4352908 0.9000763
vn 0.0274508 -0.80391544 0.5941098
vn 0.011764646 -0.6392108 0.7689416
vn -0.011764526 0.043136835 0.9989999
vn 0.0039215684 0.262743 0.9648579
vn -0.003921509 0.70979846 0.7043939
vn -0.003921509 0.7019553 0.71221024
vn -0.003921509 0.9764631 0.21564901
vn -0.003921509 0.9764631 0.21564901
vn -0.003921509 0.99999225 -0.00034526698
vn -0.003921509 0.99999225 -0.00034526698
vn -0.003921509 0.99999225 -0.00034526698
vn -0.003921509 0.99999225 -0.00034526698
vn -0.99999225 0.003921509 -0.00034492963
vn -0.99999225 0.003921509 -0.00034492963
vn -0.99999225 0.003921509 -0.00034492963
vn -0.99999225 0.003921509 -0.00034492963
vn -0.99999225 0.003921509 -0.00034492963
vn -0.99999225 0.003921509 -0.00034492963
vn -0.99999225 0.003921509 -0.00034492963
vn -0.99999225 0.003921509 -0.00034492963
vn -0.99999225 0.003921509 -0.00034492963
vn -0.003921509 -0.9999924 -0
vn -0.003921509 -0.9843062 -0.17642535
vn -0.003921509 -0.9843062 -0.17642535
vn -0.003921509 -0.9999924 -0
vn -0.003921509 -0.9999924 -0
vn -0.003921509 -0.9999924 -0
vn 0.9999924 0.003921509 -0
vn 0.9999924 0.003921509 -0
vn 0.9999924 0.003921509 -0
vn 0.9999924 0.003921509 -0
vn 0.9999924 0.003921509 -0
vn 0.9999924 0.003921509 -0
vn 0.9999924 0.003921509 -0
vn 0.9999924 0.003921509 -0
vn 0.9999924 0.003921509 -0
vn 0.0039215684 -0.9843062 0.17642535
vn 0.0039215684 -0.9843062 0.17642535
vn 0.011764646 -0.9921493 0.12450454
vn 0.011764646 -0.9921493 0.12450454
vn 0.011763922 -0.99993086 -0
vn 0.011763922 -0.99993086 -0
vn -0.003921509 0.003921509 -0.9999846
vn -0.003921509 0.003921509 -0.9999846
vn -0.003921509 0.003921509 -0.9999846
vn -0.003921509 0.003921509 -0.9999846
vn -0.003921509 -0.4352908 0.90028137
vn -0.003921509 -0.4352908 0.90028137
vn -0.003921509 -0.4352908 0.90028137
vn -0.003921509 -0.4352908 0.90028137
vn -0.003921509 0.4352907 0.9002814
vn -0.003921509 0.4352907 0.9002814
vn -0.003921509 0.4352907 0.9002814
vn -0.003921509 0.4352907 0.9002814
vn 0.0039215684 0.9843061 0.17642602
vn 0.0039215684 0.99214923 0.12499809
vn 0.0039215684 0.9843061 0.17642602
vn 0.0039215684 0.99214923 0.12499809
vn 0.0039215684 0.99999225 -0.00034526698
vn 0.0039215684 0.99999225 -0.00034526698
vn 0.9999924 0.003921509 -0
vn 0.9999924 0.003921509 -0
vn 0.9999924 0.003921509 -0
vn 0.9999924 0.003921509 -0
vn 0.9999924 0.003921509 -0
vn 0.9999924 0.003921509 -0
vn 0.9999924 0.003921509 -0
vn -0.99999225 0.003921509 -0.00034492963
vn -0.99999225 0.003921509 -0.00034492963
vn -0.99999225 0.003921509 -0.00034492963
vn -0.99999225 0.003921509 -0.00034492963
vn -0.99999225 0.003921509 -0.00034492963
vn -0.99999225 0.003921509 -0.00034492963
vn -0.99999225 0.003921509 -0.00034492963
vn -0.003921509 0.003921509 -0.9999846
vn -0.003921509 0.003921509 -0.9999846
vn -0.003921509 0.003921509 -0.9999846
vn -0.003921509 0.003921509 -0.9999846
vn -0.003921509 0.66274 0.7488393
vn -0.003921509 0.38823223 0.9215532
vn -0.003921509 0.38823223 0.9215532
vn -0.003921509 0.66274 0.7488393
vn -0.003921509 0.9764631 0.21564901
vn -0.003921509 0.9764631 0.21564901
vn -0.003921509 0.99999225 -0.00034526698
vn -0.003921509 0.99999225 -0.00034526698
vn -0.003921509 0.99999225 -0.00034526698
vn -0.003921509 0.99999225 -0.00034526698
vn -0.003921509 -0.38823235 0.9215532
vn -0.003921509 -0.38823235 0.9215532
vn -0.003921509 -0.66274005 0.74883926
vn -0.003921509 -0.66274005 0.74883926
vn -0.003921509 -0.97646314 0.21564874
vn -0.003921509 -0.97646314 0.21564874
vn -0.003921509 -0.9999924 -0
vn -0.003921509 -0.9999924 -0
vn -0.003921509 -0.9999924 -0
vn -0.003921509 -0.9999924 -0
vn -0.99999225 0.003921509 -0.00034492963
vn -0.99999225 0.003921509 -0.00034492963
vn -0.99999225 0.003921509 -0.00034492963
vn -0.99999225 0.003921509 -0.00034492963
vn -0.99999225 0.003921509 -0.00034492963
vn -0.99999225 0.003921509 -0.00034492963
vn -0.99999225 0.003921509 -0.00034492963
vn -0.99999225 0.003921509 -0.00034492963
vn -0.99999225 0.003921509 -0.00034492963
vn 0.9999924 -0.0039215684 -0
vn 0.9999924 -0.0039215684 -0
vn 0.9999924 -0.0039215684 -0
vn 0.9999924 -0.0039215684 -0
vn 0.9999924 -0.0039215684 -0
vn 0.9999924 -0.0039215684 -0
vn 0.9999924 0.003921509 -0
vn 0.9999924 0.003921509 -0
vn 0.9999924 0.003921509 -0
vn -0.003921509 0.003921509 -0.9999846
vn -0.003921509 0.003921509 -0.9999846
vn -0.003921509 0.003921509 -0.9999846
vn -0.003921509 0.003921509 -0.9999846
vn -0.003921509 0.66274 0.7488393
vn -0.003921509 0.38823223 0.9215532
vn -0.003921509 0.38823223 0.9215532
vn -0.003921509 0.66274 0.7488393
vn -0.003921509 0.9764631 0.21564901
vn -0.003921509 0.9764631 0.21564901
vn -0.003921509 0.99999225 -0.00034526698
vn -0.003921509 0.99999225 -0.00034526698
vn -0.003921509 0.99999225 -0.00034526698
vn -0.003921509 0.99999225 -0.00034526698
vn -0.003921509 -0.38823235 0.9215532
vn -0.003921509 -0.38823235 0.9215532
vn -0.003921509 -0.66274005 0.74883926
vn -0.003921509 -0.66274005 0.74883926
vn -0.003921509 -0.97646314 0.21564874
vn -0.003921509 -0.97646314 0.21564874
vn -0.003921509 -0.9999924 -0
vn -0.003921509 -0.9999924 -0
vn -0.003921509 -0.9999924 -0
vn -0.003921509 -0.9999924 -0
vn -0.99999225 0.003921509 -0.00034492963
vn -0.99999225 0.003921509 -0.00034492963
vn -0.99999225 0.003921509 -0.00034492963
vn -0.99999225 0.003921509 -0.00034492963
vn -0.99999225 0.003921509 -0.00034492963
vn -0.99999225 0.003921509 -0.00034492963
vn -0.99999225 0.003921509 -0.00034492963
vn -0.99999225 0.003921509 -0.00034492963
vn -0.99999225 0.003921509 -0.00034492963
vn 0.9999924 -0.0039215684 -0
vn 0.9999924 -0.0039215684 -0
vn 0.9999924 -0.0039215684 -0
vn 0.9999924 -0.0039215684 -0
vn 0.9999924 -0.0039215684 -0
vn 0.9999924 -0.0039215684 -0
vn 0.9999924 0.003921509 -0
vn 0.9999924 0.003921509 -0
vn 0.9999924 0.003921509 -0
vn -0.003921509 0.003921509 -0.9999846
vn -0.003921509 0.003921509 -0.9999846
vn -0.003921509 0.003921509 -0.9999846
vn -0.003921509 0.003921509 -0.9999846
vn -0.02745068 -0.80391544 0.5941098
vn -0.02745068 -0.80391544 0.5941098
vn -0.019607663 -0.4352908 0.9000763
vn -0.011764526 -0.6392108 0.7689416
vn 0.011764646 0.043136835 0.9989999
vn -0.003921509 0.262743 0.9648579
vn 0.0039215684 0.70979846 0.7043939
vn 0.0039215684 0.7019553 0.71221024
vn 0.0039215684 0.9764631 0.21564901
vn 0.0039215684 0.9764631 0.21564901
vn -0.003921509 0.99999225 -0.00034526698
vn -0.003921509 0.99999225 -0.00034526698
vn -0.003921509 0.99999225 -0.00034526698
vn -0.003921509 0.99999225 -0.00034526698
vn 0.9999924 0.003921509 -0
vn 0.9999924 0.003921509 -0
vn 0.9999924 0.003921509 -0
vn 0.9999924 0.003921509 -0
vn 0.9999924 0.003921509 -0
vn 0.9999924 0.003921509 -0
vn 0.9999924 0.003921509 -0
vn 0.9999924 0.003921509 -0
vn 0.9999924 0.003921509 -0
vn 0.0039215684 -0.9843062 -0.17642535
vn 0.0039215684 -0.9843062 -0.17642535
vn 0.0039215684 -0.9999924 -0
vn 0.0039215684 -0.9999924 -0
vn 0.0039215684 -0.9999924 -0
vn 0.0039215684 -0.9999924 -0
vn -0.99999225 0.003921509 -0.00034492963
vn -0.99999225 0.003921509 -0.00034492963
vn -0.99999225 0.003921509 -0.00034492963
vn -0.99999225 0.003921509 -0.00034492963
vn -0.99999225 0.003921509 -0.00034492963
vn -0.99999225 0.003921509 -0.00034492963
vn -0.99999225 0.003921509 -0.00034492963
vn -0.99999225 0.003921509 -0.00034492963
vn -0.99999225 0.003921509 -0.00034492963
vn -0.003921509 0.99999225 -0.00034526698
vn 0.7071068 0.70710677 -0
vn 0.7071068 0.70710677 -0
vn -0.003921509 0.99999225 -0.00034526698
vn -0.70710677 0.70710677 -0
vn -0.70710677 0.70710677 -0
vn -0.99999225 0.003921509 -0.00034492963
vn -0.99999225 0.003921509 -0.00034492963
vn -0.9215615 -0.38038927 -0.07764286
vn -0.9215615 -0.38038927 -0.07764286
vn 0.7071068 0.70710677 -0
vn 0.9215616 0.3803892 -0.077641994
vn 0.9215616 0.3803892 -0.077641994
vn 0.7071068 0.70710677 -0
vn 0.9215616 -0.38038927 -0.07764171
vn 0.70710677 -0.70710677 -0
vn 0.9215616 -0.38038927 -0.07764171
vn 0.70710677 -0.70710677 -0
vn 0.38038927 -0.9215616 -0.07764171
vn 0.38038927 -0.9215616 -0.07764171
vn -0.3803892 -0.9215616 -0.07764209
vn -0.3803892 -0.9215616 -0.07764209
vn -0.3803892 -0.9215616 -0.07764209
vn -0.3803892 -0.9215616 -0.07764209
vn -0.003921509 0.003921509 -0.9999846
vn -0.003921509 0.003921509 -0.9999846
vn -0.003921509 0.003921509 -0.9999846
vn -0.003921509 0.003921509 -0.9999846
vn -0.003921509 0.003921509 -0.9999846
vn -0.003921509 0.003921509 -0.9999846
vn -0.003921509 0.003921509 -0.9999846
vn -0.003921509 0.003921509 -0.9999846
vn -0.003921509 0.003921509 -0.9999846
vn -0.003921509 0.003921509 -0.9999846
vn 0.38038927 -0.9215616 -0.07764171
vn -0.003921509 -0.9999924 -0
vn 0.38038927 -0.9215616 -0.07764171
vn -0.003921509 -0.9999924 -0
vn -0.3803892 -0.9215616 -0.07764209
vn -0.3803892 -0.9215616 -0.07764209
vn -0.9215615 -0.38038927 -0.07764286
vn -0.99999225 0.003921509 -0.00034492963
vn -0.9215615 -0.38038927 -0.07764286
vn -0.99999225 0.003921509 -0.00034492963
vn -0.9215615 0.3803892 -0.07764315
vn -0.9215615 0.3803892 -0.07764315
vn -0.3803892 0.9215615 -0.077643245
vn -0.003921509 0.99999225 -0.00034526698
vn -0.3803892 0.9215615 -0.077643245
vn -0.003921509 0.99999225 -0.00034526698
vn 0.38038927 0.9215615 -0.07764286
vn 0.38038927 0.9215615 -0.07764286
vn 0.9215616 0.3803892 -0.077641994
vn 0.9999924 0.003921509 -0
vn 0.9215616 0.3803892 -0.077641994
vn 0.9999924 0.003921509 -0
vn 0.9215616 -0.38038927 -0.07764171
vn 0.9215616 -0.38038927 -0.07764171
vn -0.003921509 0.003921509 -0.9999846
vn -0.003921509 0.003921509 -0.9999846
vn -0.003921509 0.003921509 -0.9999846
vn -0.003921509 0.003921509 -0.9999846
vn -0.003921509 0.003921509 -0.9999846
vn -0.003921509 0.003921509 -0.9999846
vn -0.003921509 0.003921509 -0.9999846
vn -0.003921509 0.003921509 -0.9999846
vn -0.003921509 0.003921509 -0.9999846
vn -0.003921509 0.003921509 -0.9999846
vn 0.38038927 0.9215615 -0.07764286
vn 0.38038927 0.9215615 -0.07764286
vn -0.003921509 0.99999225 -0.00034526698
vn -0.003921509 0.99999225 -0.00034526698
vn -0.3803892 0.9215615 -0.077643245
vn -0.3803892 0.9215615 -0.077643245
vn -0.9215615 0.3803892 -0.07764315
vn -0.9215615 0.3803892 -0.07764315
vn -0.9215615 0.3803892 -0.07764315
vn -0.9215615 0.3803892 -0.07764315
vn -0.9215615 -0.38038927 -0.07764286
vn -0.9215615 -0.38038927 -0.07764286
vn -0.70710677 -0.7071068 -0
vn -0.70710677 -0.7071068 -0
vn -0.3803892 -0.9215616 -0.07764209
vn -0.3803892 -0.9215616 -0.07764209
vn 0.38038927 -0.9215616 -0.07764171
vn 0.38038927 -0.9215616 -0.07764171
vn 0.38038927 -0.9215616 -0.07764171
vn 0.38038927 -0.9215616 -0.07764171
vn 0.9215616 -0.38038927 -0.07764171
vn 0.9215616 -0.38038927 -0.07764171
vn 0.9999924 0.003921509 -0
vn 0.9999924 0.003921509 -0
vn 0.9215616 0.3803892 -0.077641994
vn 0.9215616 0.3803892 -0.077641994
vn -0.003921509 0.003921509 -0.9999846
vn -0.003921509 0.003921509 -0.9999846
vn -0.003921509 0.003921509 -0.9999846
vn -0.003921509 0.003921509 -0.9999846
vn -0.003921509 0.003921509 -0.9999846
vn -0.003921509 0.003921509 -0.9999846
vn -0.003921509 0.003921509 -0.9999846
vn -0.003921509 0.003921509 -0.9999846
vn -0.003921509 0.003921509 -0.9999846
vn -0.003921509 0.003921509 -0.9999846
vn 0.38038927 0.9215615 -0.07764286
vn 0.38038927 0.9215615 -0.07764286
vn -0.003921509 0.99999225 -0.00034526698
vn -0.003921509 0.99999225 -0.00034526698
vn -0.3803892 0.9215615 -0.077643245
vn -0.3803892 0.9215615 -0.077643245
vn -0.9215615 0.3803892 -0.07764315
vn -0.9215615 0.3803892 -0.07764315
vn -0.99999225 0.003921509 -0.00034492963
vn -0.99999225 0.003921509 -0.00034492963
vn -0.9215615 -0.38038927 -0.07764286
vn -0.9215615 -0.38038927 -0.07764286
vn -0.3803892 -0.9215616 -0.07764209
vn -0.3803892 -0.9215616 -0.07764209
vn -0.003921509 -0.9999924 -0
vn -0.003921509 -0.9999924 -0
vn 0.38038927 -0.9215616 -0.07764171
vn 0.38038927 -0.9215616 -0.07764171
vn 0.9215616 -0.38038927 -0.07764171
vn 0.9215616 -0.38038927 -0.07764171
vn 0.9999924 0.003921509 -0
vn 0.9999924 0.003921509 -0
vn 0.9215616 0.3803892 -0.077641994
vn 0.9215616 0.3803892 -0.077641994
vn -0.003921509 0.003921509 -0.9999846
vn -0.003921509 0.003921509 -0.9999846
vn -0.003921509 0.003921509 -0.9999846
vn -0.003921509 0.003921509 -0.9999846
vn -0.003921509 0.003921509 -0.9999846
vn -0.003921509 0.003921509 -0.9999846
vn -0.003921509 0.003921509 -0.9999846
vn -0.003921509 0.003921509 -0.9999846
vn -0.003921509 0.003921509 -0.9999846
vn -0.003921509 0.003921509 -0.9999846
vn -0.3803892 0.9215615 -0.077643245
vn -0.003921509 0.99999225 -0.00034526698
vn -0.3803892 0.9215615 -0.077643245
vn -0.003921509 0.99999225 -0.00034526698
vn 0.38038927 0.9215615 -0.07764286
vn 0.38038927 0.9215615 -0.07764286
vn 0.9215616 0.3803892 -0.077641994
vn 0.9999924 0.003921509 -0
vn 0.9215616 0.3803892 -0.077641994
vn 0.9999924 0.003921509 -0
vn 0.9215616 -0.38038927 -0.07764171
vn 0.9215616 -0.38038927 -0.07764171
vn 0.38038927 -0.9215616 -0.07764171
vn -0.003921509 -0.9999924 -0
vn 0.38038927 -0.9215616 -0.07764171
vn -0.003921509 -0.9999924 -0
vn -0.3803892 -0.9215616 -0.07764209
vn -0.3803892 -0.9215616 -0.07764209
vn -0.9215615 -0.38038927 -0.07764286
vn -0.99999225 0.003921509 -0.00034492963
vn -0.9215615 -0.38038927 -0.07764286
vn -0.99999225 0.003921509 -0.00034492963
vn -0.9215615 0.3803892 -0.07764315
vn -0.9215615 0.3803892 -0.07764315
vn -0.003921509 0.003921509 -0.9999846
vn -0.003921509 0.003921509 -0.9999846
vn -0.003921509 0.003921509 -0.9999846
vn -0.003921509 0.003921509 -0.9999846
vn -0.003921509 0.003921509 -0.9999846
vn -0.003921509 0.003921509 -0.9999846
vn -0.003921509 0.003921509 -0.9999846
vn -0.003921509 0.003921509 -0.9999846
vn -0.003921509 0.003921509 -0.9999846
vn -0.003921509 0.003921509 -0.9999846
vn 0.7071068 0.70710677 -0
vn 0.38038927 0.9215615 -0.07764286
vn 0.38038927 0.9215615 -0.07764286
vn 0.7071068 0.70710677 -0
vn 0.9999924 0.003921509 -0
vn 0.9999924 0.003921509 -0
vn 0.70710677 -0.70710677 -0
vn 0.70710677 -0.70710677 -0
vn 0.38038927 -0.9215616 -0.07764171
vn 0.38038927 -0.9215616 -0.07764171
vn -0.3803892 0.9215615 -0.077643245
vn -0.3803892 0.9215615 -0.077643245
vn -0.3803892 0.9215615 -0.077643245
vn -0.3803892 0.9215615 -0.077643245
vn -0.9215615 0.3803892 -0.07764315
vn -0.9215615 0.3803892 -0.07764315
vn -0.9215615 0.3803892 -0.07764315
vn -0.9215615 0.3803892 -0.07764315
vn -0.9215615 -0.38038927 -0.07764286
vn -0.9215615 -0.38038927 -0.07764286
vn -0.70710677 -0.7071068 -0
vn -0.70710677 -0.7071068 -0
vn -0.3803892 -0.9215616 -0.07764209
vn -0.3803892 -0.9215616 -0.07764209
vn -0.003921509 0.003921509 -0.9999846
vn -0.003921509 0.003921509 -0.9999846
vn -0.003921509 0.003921509 -0.9999846
vn -0.003921509 0.003921509 -0.9999846
vn -0.003921509 0.003921509 -0.9999846
vn -0.003921509 0.003921509 -0.9999846
vn -0.003921509 0.003921509 -0.9999846
vn -0.003921509 0.003921509 -0.9999846
vn -0.003921509 0.003921509 -0.9999846
vn -0.003921509 0.003921509 -0.9999846
vn 0.38038927 -0.9215616 -0.07764171
vn -0.003921509 -0.9999924 -0
vn 0.38038927 -0.9215616 -0.07764171
vn -0.003921509 -0.9999924 -0
vn -0.3803892 -0.9215616 -0.07764209
vn -0.3803892 -0.9215616 -0.07764209
vn -0.9215615 -0.38038927 -0.07764286
vn -0.9215615 -0.38038927 -0.07764286
vn -0.9215615 -0.38038927 -0.07764286
vn -0.9215615 -0.38038927 -0.07764286
vn -0.9215615 0.3803892 -0.07764315
vn -0.9215615 0.3803892 -0.07764315
vn -0.9215615 0.3803892 -0.07764315
vn -0.9215615 0.3803892 -0.07764315
vn -0.30195844 0.9529338 0.027172094
vn -0.003921509 0.99999225 -0.00034526698
vn -0.30195844 0.9529338 0.027172094
vn -0.003921509 0.99999225 -0.00034526698
vn 0.3019585 0.9529338 0.027170997
vn 0.3019585 0.9529338 0.027170997
vn 0.9215616 0.3803892 -0.077641994
vn 0.9215616 0.3803892 -0.077641994
vn 0.9215616 0.3803892 -0.077641994
vn 0.9215616 0.3803892 -0.077641994
vn 0.9215616 -0.38038927 -0.07764171
vn 0.9215616 -0.38038927 -0.07764171
vn 0.9215616 -0.38038927 -0.07764171
vn 0.9215616 -0.38038927 -0.07764171
vn -0.003921509 0.003921509 -0.9999846
vn -0.003921509 0.003921509 -0.9999846
vn -0.003921509 0.003921509 -0.9999846
vn -0.003921509 0.003921509 -0.9999846
vn -0.003921509 0.003921509 -0.9999846
vn -0.003921509 0.003921509 -0.9999846
vn -0.003921509 0.003921509 -0.9999846
vn -0.003921509 0.003921509 -0.9999846
vn -0.003921509 0.003921509 -0.9999846
vn -0.003921509 0.003921509 -0.9999846
vn -0.003921509 0.99999225 -0.00034526698
vn -0.70710677 0.70710677 -0
vn -0.70710677 0.70710677 -0
vn -0.003921509 0.99999225 -0.00034526698
vn 0.7071068 0.70710677 -0
vn 0.7071068 0.70710677 -0
vn 0.9215616 0.3803892 -0.077641994
vn 0.9215616 0.3803892 -0.077641994
vn -0.70710677 0.70710677 -0
vn -0.70710677 0.70710677 -0
vn -0.9215615 0.3803892 -0.07764315
vn -0.9215615 0.3803892 -0.07764315
vn -0.9215615 -0.38038927 -0.07764286
vn -0.9215615 -0.38038927 -0.07764286
vn -0.9215615 -0.38038927 -0.07764286
vn -0.9215615 -0.38038927 -0.07764286
vn -0.30195844 -0.9529339 0.027167708
vn -0.30195844 -0.9529339 0.027167708
vn -0.003921509 -0.9999924 -0
vn -0.003921509 -0.9999924 -0
vn 0.3019585 -0.9529339 0.02716661
vn 0.3019585 -0.9529339 0.02716661
vn 0.9215616 -0.38038927 -0.07764171
vn 0.9215616 -0.38038927 -0.07764171
vn 0.9215616 -0.38038927 -0.07764171
vn 0.9215616 -0.38038927 -0.07764171
vn -0.003921509 0.003921509 -0.9999846
vn -0.003921509 0.003921509 -0.9999846
vn -0.003921509 0.003921509 -0.9999846
vn -0.003921509 0.003921509 -0.9999846
vn -0.003921509 0.003921509 -0.9999846
vn -0.003921509 0.003921509 -0.9999846
vn -0.003921509 0.003921509 -0.9999846
vn -0.003921509 0.003921509 -0.9999846
vn -0.003921509 0.003921509 -0.9999846
vn -0.003921509 0.003921509 -0.9999846
vn -0.003921509 -0.9999924 -0
vn 0.38038927 -0.9215616 -0.07764171
vn 0.38038927 -0.9215616 -0.07764171
vn -0.003921509 -0.9999924 -0
vn -0.70710677 -0.7071068 -0
vn -0.70710677 -0.7071068 -0
vn -0.9215615 -0.38038927 -0.07764286
vn -0.9215615 -0.38038927 -0.07764286
vn 0.9215616 -0.38038927 -0.07764171
vn 0.9215616 -0.38038927 -0.07764171
vn 0.9999924 0.003921509 -0
vn 0.9999924 0.003921509 -0
vn 0.9215616 0.3803892 -0.077641994
vn 0.9215616 0.3803892 -0.077641994
vn 0.3019585 0.9529338 0.027170997
vn 0.3019585 0.9529338 0.027170997
vn -0.003921509 0.99999225 -0.00034526698
vn -0.003921509 0.99999225 -0.00034526698
vn -0.30195844 0.9529338 0.027172094
vn -0.30195844 0.9529338 0.027172094
vn -0.9215615 0.3803892 -0.07764315
vn -0.9215615 0.3803892 -0.07764315
vn -0.9215615 0.3803892 -0.07764315
vn -0.9215615 0.3803892 -0.07764315
vn -0.003921509 0.003921509 -0.9999846
vn -0.003921509 0.003921509 -0.9999846
vn -0.003921509 0.003921509 -0.9999846
vn -0.003921509 0.003921509 -0.9999846
vn -0.003921509 0.003921509 -0.9999846
vn -0.003921509 0.003921509 -0.9999846
vn -0.003921509 0.003921509 -0.9999846
vn -0.003921509 0.003921509 -0.9999846
vn -0.003921509 0.003921509 -0.9999846
vn -0.003921509 0.003921509 -0.9999846
vn -0.003921509 0.99999225 -0.00034526698
vn 0.38038927 0.9215615 -0.07764286
vn 0.38038927 0.9215615 -0.07764286
vn -0.003921509 0.99999225 -0.00034526698
vn -0.70710677 0.70710677 -0
vn -0.70710677 0.70710677 -0
vn -0.9215615 0.3803892 -0.07764315
vn -0.9215615 0.3803892 -0.07764315
vn 0.9215616 0.3803892 -0.077641994
vn 0.9999924 0.003921509 -0
vn 0.9215616 0.3803892 -0.077641994
vn 0.9999924 0.003921509 -0
vn 0.9215616 -0.38038927 -0.07764171
vn 0.9215616 -0.38038927 -0.07764171
vn 0.3019585 -0.9529339 0.02716661
vn -0.003921509 -0.9999924 -0
vn 0.3019585 -0.9529339 0.02716661
vn -0.003921509 -0.9999924 -0
vn -0.30195844 -0.9529339 0.027167708
vn -0.30195844 -0.9529339 0.027167708
vn -0.9215615 -0.38038927 -0.07764286
vn -0.9215615 -0.38038927 -0.07764286
vn -0.9215615 -0.38038927 -0.07764286
vn -0.9215615 -0.38038927 -0.07764286
vn -0.003921509 0.003921509 -0.9999846
vn -0.003921509 0.003921509 -0.9999846
vn -0.003921509 0.003921509 -0.9999846
vn -0.003921509 0.003921509 -0.9999846
vn -0.003921509 0.003921509 -0.9999846
vn -0.003921509 0.003921509 -0.9999846
vn -0.003921509 0.003921509 -0.9999846
vn -0.003921509 0.003921509 -0.9999846
vn -0.003921509 0.003921509 -0.9999846
vn -0.003921509 0.003921509 -0.9999846
vn -0.3803892 -0.9215616 -0.07764209
vn -0.3803892 -0.9215616 -0.07764209
vn -0.003921509 -0.9999924 -0
vn -0.003921509 -0.9999924 -0
vn 0.38038927 -0.9215616 -0.07764171
vn 0.38038927 -0.9215616 -0.07764171
vn 0.9215616 -0.38038927 -0.07764171
vn 0.9215616 -0.38038927 -0.07764171
vn 0.9999924 0.003921509 -0
vn 0.9999924 0.003921509 -0
vn 0.9215616 0.3803892 -0.077641994
vn 0.9215616 0.3803892 -0.077641994
vn 0.38038927 0.9215615 -0.07764286
vn 0.38038927 0.9215615 -0.07764286
vn -0.003921509 0.99999225 -0.00034526698
vn -0.003921509 0.99999225 -0.00034526698
vn -0.3803892 0.9215615 -0.077643245
vn -0.3803892 0.9215615 -0.077643245
vn -0.9215615 0.3803892 -0.07764315
vn -0.9215615 0.3803892 -0.07764315
vn -0.99999225 0.003921509 -0.00034492963
vn -0.99999225 0.003921509 -0.00034492963
vn -0.9215615 -0.38038927 -0.07764286
vn -0.9215615 -0.38038927 -0.07764286
vn -0.003921509 0.003921509 -0.9999846
vn -0.003921509 0.003921509 -0.9999846
vn -0.003921509 0.003921509 -0.9999846
vn -0.003921509 0.003921509 -0.9999846
vn -0.003921509 0.003921509 -0.9999846
vn -0.003921509 0.003921509 -0.9999846
vn -0.003921509 0.003921509 -0.9999846
vn -0.003921509 0.003921509 -0.9999846
vn -0.003921509 0.003921509 -0.9999846
vn -0.003921509 0.003921509 -0.9999846
vn -0.003921509 0.96861994 0.2485156
vn -0.003921509 0.99999225 -0.00034526698
vn -0.003921509 0.99999225 -0.00034526698
vn -0.003921509 0.96861994 0.2485156
vn -0.003921509 0.76469994 0.6443746
vn -0.003921509 0.76469994 0.6443746
vn 0.9999924 0.003921509 -0
vn 0.9999924 0.003921509 -0
vn 0.9999924 0.003921509 -0
vn 0.9999924 0.003921509 -0
vn 0.9999924 0.003921509 -0
vn 0.9999924 0.003921509 -0
vn -0.003921509 0.003921509 -0.9999846
vn -0.003921509 0.003921509 -0.9999846
vn -0.003921509 0.003921509 -0.9999846
vn -0.003921509 0.003921509 -0.9999846
vn -0.003921509 0.003921509 -0.9999846
vn -0.003921509 0.003921509 -0.9999846
vn -0.003921509 -0.9999924 -0
vn -0.003921509 -0.9999924 -0
vn -0.003921509 -0.96862006 0.24851513
vn -0.003921509 -0.96862006 0.24851513
vn -0.99999225 0.003921509 -0.00034492963
vn -0.99999225 0.003921509 -0.00034492963
vn -0.99999225 0.003921509 -0.00034492963
vn -0.99999225 0.003921509 -0.00034492963
vn -0.99999225 0.003921509 -0.00034492963
vn -0.99999225 0.003921509 -0.00034492963
vn -0.68626916 0.003921509 0.72733706
vn -0.68626916 0.003921509 0.72733706
vn -0.42744768 0.003921509 0.9040316
vn -0.37254608 0.003921509 0.9280054
vn 0.42744774 0.003921509 0.9040315
vn -0.41960454 0.003921509 0.9076986
vn -0.68626916 0.003921509 0.72733706
vn 0.3725462 0.003921509 0.92800534
vn 0.6862693 0.003921509 0.727337
vn 0.41960466 0.003921509 0.9076985
vn 0.6862693 0.003921509 0.727337
vn 0.6862693 0.003921509 0.727337
vn -0.003921509 -0.96862006 0.24851513
vn -0.003921509 -0.96862006 0.24851513
vn -0.003921509 -0.77254313 0.63495016
vn -0.003921509 -0.77254313 0.63495016
vn 0.0039215684 -0.96862006 0.24851513
vn 0.0039215684 -0.96862006 0.24851513
vn 0.0039215684 -0.96862006 0.24851513
vn 0.0039215684 -0.96862006 0.24851513
vn -0.99999225 -0.0039215684 -0.00034425134
vn -0.99999225 -0.0039215684 -0.00034425134
vn -0.99999225 -0.0039215684 -0.00034425134
vn -0.99999225 -0.0039215684 -0.00034425134
vn -0.003921509 0.93724763 0.34864238
vn -0.003921509 0.93724763 0.34864238
vn -0.003921509 0.93724763 0.34864238
vn -0.003921509 0.93724763 0.34864238
vn 0.9999924 -0.0039215684 -0
vn 0.9999924 -0.0039215684 -0
vn 0.9999924 -0.0039215684 -0
vn 0.9999924 -0.0039215684 -0
vn -0.003921509 -0.0039215684 -0.9999846
vn -0.003921509 -0.0039215684 -0.9999846
vn -0.003921509 -0.0039215684 -0.9999846
vn -0.003921509 -0.0039215684 -0.9999846
vn -0.003921509 -0.96862006 0.24851513
vn -0.003921509 -0.96862006 0.24851513
vn -0.003921509 -0.96862006 0.24851513
vn -0.003921509 -0.96862006 0.24851513
vn 0.9999924 -0.0039215684 -0
vn 0.9999924 -0.0039215684 -0
vn 0.9999924 -0.0039215684 -0
vn 0.9999924 -0.0039215684 -0
vn -0.003921509 0.93724763 0.34864238
vn -0.003921509 0.93724763 0.34864238
vn -0.003921509 0.93724763 0.34864238
vn -0.003921509 0.93724763 0.34864238
vn -0.99999225 -0.0039215684 -0.00034425134
vn -0.99999225 -0.0039215684 -0.00034425134
vn -0.99999225 -0.0039215684 -0.00034425134
vn -0.99999225 -0.0039215684 -0.00034425134
vn -0.003921509 -0.0039215684 -0.9999846
vn -0.003921509 -0.0039215684 -0.9999846
vn -0.003921509 -0.0039215684 -0.9999846
vn -0.003921509 -0.0039215684 -0.9999846
vn 0.0039215684 -0.96862006 0.24851513
vn 0.0039215684 -0.96862006 0.24851513
vn 0.0039215684 -0.96862006 0.24851513
vn 0.0039215684 -0.96862006 0.24851513
vn -0.99999225 -0.0039215684 -0.00034425134
vn -0.99999225 -0.0039215684 -0.00034425134
vn -0.99999225 -0.0039215684 -0.00034425134
vn -0.99999225 -0.0039215684 -0.00034425134
vn -0.003921509 0.93724763 0.34864238
vn -0.003921509 0.93724763 0.34864238
vn -0.003921509 0.93724763 0.34864238
vn -0.003921509 0.93724763 0.34864238
vn 0.9999924 -0.0039215684 -0
vn 0.9999924 -0.0039215684 -0
vn 0.9999924 -0.0039215684 -0
vn 0.9999924 -0.0039215684 -0
vn -0.003921509 -0.0039215684 -0.9999846
vn -0.003921509 -0.0039215684 -0.9999846
vn -0.003921509 -0.0039215684 -0.9999846
vn -0.003921509 -0.0039215684 -0.9999846
g ship_cr90_liberator_02_mesh_0
f 3/3/3 2/2/2 1/1/1
f 6/6/6 5/5/5 4/4/4
f 9/9/9 8/8/8 7/7/7
f 12/12/12 11/11/11 10/10/10
f 15/15/15 14/14/14 13/13/13
f 18/18/18 17/17/17 16/16/16
f 21/21/21 20/20/20 19/19/19
f 24/24/24 23/23/23 22/22/22
f 27/27/27 26/26/26 25/25/25
f 30/30/30 29/29/29 28/28/28
f 33/33/33 32/32/32 31/31/31
f 36/36/36 35/35/35 34/34/34
f 39/39/39 38/38/38 37/37/37
f 42/42/42 41/41/41 40/40/40
f 45/45/45 44/44/44 43/43/43
f 48/48/48 47/47/47 46/46/46
f 49/49/49 48/48/48 46/46/46
f 52/52/52 51/51/51 50/50/50
f 53/53/53 52/52/52 50/50/50
f 56/56/56 55/55/55 54/54/54
f 57/57/57 56/56/56 54/54/54
f 60/60/60 59/59/59 58/58/58
f 61/61/61 60/60/60 58/58/58
f 64/64/64 63/63/63 62/62/62
f 65/65/65 64/64/64 62/62/62
f 68/68/68 67/67/67 66/66/66
f 69/69/69 68/68/68 66/66/66
f 72/72/72 71/71/71 70/70/70
f 73/73/73 72/72/72 70/70/70
f 76/76/76 75/75/75 74/74/74
f 77/77/77 76/76/76 74/74/74
f 80/80/80 79/79/79 78/78/78
f 81/81/81 80/80/80 78/78/78
f 84/84/84 83/83/83 82/82/82
f 85/85/85 84/84/84 82/82/82
f 88/88/88 87/87/87 86/86/86
f 89/89/89 88/88/88 86/86/86
f 92/92/92 91/91/91 90/90/90
f 93/93/93 92/92/92 90/90/90
f 96/96/96 95/95/95 94/94/94
f 97/97/97 96/96/96 94/94/94
f 100/100/100 99/99/99 98/98/98
f 101/101/101 100/100/100 98/98/98
f 104/104/104 103/103/103 102/102/102
f 105/105/105 104/104/104 102/102/102
f 108/108/108 107/107/107 106/106/106
f 109/109/109 108/108/108 106/106/106
f 112/112/112 111/111/111 110/110/110
f 113/113/113 112/112/112 110/110/110
f 116/116/116 115/115/115 114/114/114
f 117/117/117 116/116/116 114/114/114
f 120/120/120 119/119/119 118/118/118
f 121/121/121 120/120/120 118/118/118
f 124/124/124 123/123/123 122/122/122
f 125/125/125 124/124/124 122/122/122
f 128/128/128 127/127/127 126/126/126
f 129/129/129 128/128/128 126/126/126
f 132/132/132 131/131/131 130/130/130
f 133/133/133 132/132/132 130/130/130
f 136/136/136 135/135/135 134/134/134
f 137/137/137 136/136/136 134/134/134
f 140/140/140 139/139/139 138/138/138
f 141/141/141 140/140/140 138/138/138
f 144/144/144 143/143/143 142/142/142
f 145/145/145 144/144/144 142/142/142
f 148/148/148 147/147/147 146/146/146
f 149/149/149 148/148/148 146/146/146
f 152/152/152 151/151/151 150/150/150
f 153/153/153 152/152/152 150/150/150
f 156/156/156 155/155/155 154/154/154
f 157/157/157 156/156/156 154/154/154
f 160/160/160 159/159/159 158/158/158
f 161/161/161 160/160/160 158/158/158
f 164/164/164 163/163/163 162/162/162
f 165/165/165 164/164/164 162/162/162
f 168/168/168 167/167/167 166/166/166
f 169/169/169 168/168/168 166/166/166
f 172/172/172 171/171/171 170/170/170
f 173/173/173 172/172/172 170/170/170
f 176/176/176 175/175/175 174/174/174
f 177/177/177 176/176/176 174/174/174
f 180/180/180 179/179/179 178/178/178
f 181/181/181 180/180/180 178/178/178
f 184/184/184 183/183/183 182/182/182
f 185/185/185 184/184/184 182/182/182
f 188/188/188 187/187/187 186/186/186
f 189/189/189 188/188/188 186/186/186
f 192/192/192 191/191/191 190/190/190
f 193/193/193 192/192/192 190/190/190
f 196/196/196 195/195/195 194/194/194
f 197/197/197 196/196/196 194/194/194
f 200/200/200 199/199/199 198/198/198
f 201/201/201 200/200/200 198/198/198
f 204/204/204 203/203/203 202/202/202
f 205/205/205 204/204/204 202/202/202
f 208/208/208 207/207/207 206/206/206
f 209/209/209 208/208/208 206/206/206
f 212/212/212 211/211/211 210/210/210
f 213/213/213 212/212/212 210/210/210
f 216/216/216 215/215/215 214/214/214
f 217/217/217 216/216/216 214/214/214
f 220/220/220 219/219/219 218/218/218
f 221/221/221 220/220/220 218/218/218
f 224/224/224 223/223/223 222/222/222
f 225/225/225 224/224/224 222/222/222
f 228/228/228 227/227/227 226/226/226
f 229/229/229 228/228/228 226/226/226
f 232/232/232 231/231/231 230/230/230
f 233/233/233 232/232/232 230/230/230
f 236/236/236 235/235/235 234/234/234
f 237/237/237 236/236/236 234/234/234
f 240/240/240 239/239/239 238/238/238
f 241/241/241 240/240/240 238/238/238
f 244/244/244 243/243/243 242/242/242
f 245/245/245 244/244/244 242/242/242
f 248/248/248 247/247/247 246/246/246
f 249/249/249 248/248/248 246/246/246
f 252/252/252 251/251/251 250/250/250
f 253/253/253 252/252/252 250/250/250
f 256/256/256 255/255/255 254/254/254
f 257/257/257 256/256/256 254/254/254
f 260/260/260 259/259/259 258/258/258
f 261/261/261 260/260/260 258/258/258
f 264/264/264 263/263/263 262/262/262
f 265/265/265 264/264/264 262/262/262
f 268/268/268 267/267/267 266/266/266
f 269/269/269 268/268/268 266/266/266
f 272/272/272 271/271/271 270/270/270
f 273/273/273 272/272/272 270/270/270
f 276/276/276 275/275/275 274/274/274
f 277/277/277 276/276/276 274/274/274
f 280/280/280 279/279/279 278/278/278
f 281/281/281 280/280/280 278/278/278
f 284/284/284 283/283/283 282/282/282
f 285/285/285 284/284/284 282/282/282
f 288/288/288 287/287/287 286/286/286
f 289/289/289 288/288/288 286/286/286
f 292/292/292 291/291/291 290/290/290
f 293/293/293 292/292/292 290/290/290
f 296/296/296 295/295/295 294/294/294
f 297/297/297 296/296/296 294/294/294
f 300/300/300 299/299/299 298/298/298
f 301/301/301 300/300/300 298/298/298
f 304/304/304 303/303/303 302/302/302
f 305/305/305 304/304/304 302/302/302
f 308/308/308 307/307/307 306/306/306
f 309/309/309 308/308/308 306/306/306
f 312/312/312 311/311/311 310/310/310
f 313/313/313 312/312/312 310/310/310
f 316/316/316 315/315/315 314/314/314
f 317/317/317 316/316/316 314/314/314
f 320/320/320 319/319/319 318/318/318
f 321/321/321 320/320/320 318/318/318
f 324/324/324 323/323/323 322/322/322
f 325/325/325 324/324/324 322/322/322
f 328/328/328 327/327/327 326/326/326
f 329/329/329 328/328/328 326/326/326
f 332/332/332 331/331/331 330/330/330
f 333/333/333 332/332/332 330/330/330
f 336/336/336 335/335/335 334/334/334
f 337/337/337 336/336/336 334/334/334
f 340/340/340 339/339/339 338/338/338
f 341/341/341 340/340/340 338/338/338
f 344/344/344 343/343/343 342/342/342
f 345/345/345 344/344/344 342/342/342
f 348/348/348 347/347/347 346/346/346
f 349/349/349 348/348/348 346/346/346
f 352/352/352 351/351/351 350/350/350
f 353/353/353 352/352/352 350/350/350
f 356/356/356 355/355/355 354/354/354
f 357/357/357 356/356/356 354/354/354
f 360/360/360 359/359/359 358/358/358
f 361/361/361 360/360/360 358/358/358
f 364/364/364 363/363/363 362/362/362
f 365/365/365 364/364/364 362/362/362
f 368/368/368 367/367/367 366/366/366
f 369/369/369 368/368/368 366/366/366
f 372/372/372 371/371/371 370/370/370
f 373/373/373 372/372/372 370/370/370
f 376/376/376 375/375/375 374/374/374
f 377/377/377 376/376/376 374/374/374
f 377/377/377 378/378/378 376/376/376
f 378/378/378 379/379/379 376/376/376
f 382/382/382 381/381/381 380/380/380
f 381/381/381 383/383/383 380/380/380
f 380/380/380 383/383/383 384/384/384
f 381/381/381 385/385/385 383/383/383
f 383/383/383 386/386/386 384/384/384
f 385/385/385 387/387/387 383/383/383
f 383/383/383 387/387/387 386/386/386
f 387/387/387 388/388/388 386/386/386
f 391/391/391 390/390/390 389/389/389
f 390/390/390 392/392/392 389/389/389
f 390/390/390 393/393/393 392/392/392
f 393/393/393 394/394/394 392/392/392
f 397/397/397 396/396/396 395/395/395
f 398/398/398 397/397/397 395/395/395
f 398/398/398 395/395/395 399/399/399
f 400/400/400 398/398/398 399/399/399
f 400/400/400 401/401/401 398/398/398
f 401/401/401 402/402/402 398/398/398
f 398/398/398 402/402/402 397/397/397
f 402/402/402 403/403/403 397/397/397
f 406/406/406 405/405/405 404/404/404
f 407/407/407 406/406/406 404/404/404
f 407/407/407 408/408/408 406/406/406
f 408/408/408 409/409/409 406/406/406
f 412/412/412 411/411/411 410/410/410
f 413/413/413 412/412/412 410/410/410
f 413/413/413 414/414/414 412/412/412
f 414/414/414 415/415/415 412/412/412
f 418/418/418 417/417/417 416/416/416
f 419/419/419 418/418/418 416/416/416
f 420/420/420 419/419/419 416/416/416
f 421/421/421 420/420/420 416/416/416
f 422/422/422 420/420/420 421/421/421
f 423/423/423 422/422/422 421/421/421
f 424/424/424 422/422/422 423/423/423
f 425/425/425 424/424/424 423/423/423
f 428/428/428 427/427/427 426/426/426
f 429/429/429 428/428/428 426/426/426
f 429/429/429 426/426/426 430/430/430
f 431/431/431 429/429/429 430/430/430
f 431/431/431 430/430/430 432/432/432
f 433/433/433 431/431/431 432/432/432
f 434/434/434 433/433/433 432/432/432
f 435/435/435 434/434/434 432/432/432
f 438/438/438 437/437/437 436/436/436
f 439/439/439 438/438/438 436/436/436
f 439/439/439 436/436/436 440/440/440
f 441/441/441 439/439/439 440/440/440
f 444/444/444 443/443/443 442/442/442
f 443/443/443 445/445/445 442/442/442
f 443/443/443 446/446/446 445/445/445
f 446/446/446 447/447/447 445/445/445
f 450/450/450 449/449/449 448/448/448
f 451/451/451 450/450/450 448/448/448
f 454/454/454 453/453/453 452/452/452
f 455/455/455 454/454/454 452/452/452
f 458/458/458 457/457/457 456/456/456
f 459/459/459 458/458/458 456/456/456
f 462/462/462 461/461/461 460/460/460
f 463/463/463 462/462/462 460/460/460
f 466/466/466 465/465/465 464/464/464
f 467/467/467 466/466/466 464/464/464
f 470/470/470 469/469/469 468/468/468
f 471/471/471 470/470/470 468/468/468
f 472/472/472 471/471/471 468/468/468
f 473/473/473 472/472/472 468/468/468
f 476/476/476 475/475/475 474/474/474
f 477/477/477 476/476/476 474/474/474
f 478/478/478 477/477/477 474/474/474
f 479/479/479 478/478/478 474/474/474
f 482/482/482 481/481/481 480/480/480
f 483/483/483 482/482/482 480/480/480
f 484/484/484 483/483/483 480/480/480
f 485/485/485 484/484/484 480/480/480
f 488/488/488 487/487/487 486/486/486
f 489/489/489 488/488/488 486/486/486
f 490/490/490 489/489/489 486/486/486
f 491/491/491 490/490/490 486/486/486
f 494/494/494 493/493/493 492/492/492
f 495/495/495 494/494/494 492/492/492
f 498/498/498 497/497/497 496/496/496
f 499/499/499 498/498/498 496/496/496
f 502/502/502 501/501/501 500/500/500
f 503/503/503 502/502/502 500/500/500
f 503/503/503 500/500/500 504/504/504
f 505/505/505 503/503/503 504/504/504
f 508/508/508 507/507/507 506/506/506
f 509/509/509 508/508/508 506/506/506
f 512/512/512 511/511/511 510/510/510
f 511/511/511 513/513/513 510/510/510
f 511/511/511 514/514/514 513/513/513
f 514/514/514 515/515/515 513/513/513
f 518/518/518 517/517/517 516/516/516
f 519/519/519 518/518/518 516/516/516
f 520/520/520 518/518/518 519/519/519
f 521/521/521 520/520/520 519/519/519
f 524/524/524 523/523/523 522/522/522
f 523/523/523 525/525/525 522/522/522
f 526/526/526 525/525/525 523/523/523
f 527/527/527 526/526/526 523/523/523
f 530/530/530 529/529/529 528/528/528
f 531/531/531 530/530/530 528/528/528
f 534/534/534 533/533/533 532/532/532
f 535/535/535 534/534/534 532/532/532
f 538/538/538 537/537/537 536/536/536
f 539/539/539 538/538/538 536/536/536
f 542/542/542 541/541/541 540/540/540
f 543/543/543 542/542/542 540/540/540
f 546/546/546 545/545/545 544/544/544
f 547/547/547 546/546/546 544/544/544
f 550/550/550 549/549/549 548/548/548
f 549/549/549 551/551/551 548/548/548
f 551/551/551 552/552/552 548/548/548
f 552/552/552 553/553/553 548/548/548
f 556/556/556 555/555/555 554/554/554
f 555/555/555 557/557/557 554/554/554
f 557/557/557 558/558/558 554/554/554
f 558/558/558 559/559/559 554/554/554
f 562/562/562 561/561/561 560/560/560
f 561/561/561 563/563/563 560/560/560
f 563/563/563 564/564/564 560/560/560
f 564/564/564 565/565/565 560/560/560
f 568/568/568 567/567/567 566/566/566
f 567/567/567 569/569/569 566/566/566
f 569/569/569 570/570/570 566/566/566
f 570/570/570 571/571/571 566/566/566
f 574/574/574 573/573/573 572/572/572
f 575/575/575 574/574/574 572/572/572
f 578/578/578 577/577/577 576/576/576
f 579/579/579 578/578/578 576/576/576
f 582/582/582 581/581/581 580/580/580
f 581/581/581 583/583/583 580/580/580
f 580/580/580 583/583/583 584/584/584
f 583/583/583 585/585/585 584/584/584
f 588/588/588 587/587/587 586/586/586
f 589/589/589 588/588/588 586/586/586
f 592/592/592 591/591/591 590/590/590
f 593/593/593 592/592/592 590/590/590
f 594/594/594 592/592/592 593/593/593
f 595/595/595 594/594/594 593/593/593
f 598/598/598 597/597/597 596/596/596
f 597/597/597 599/599/599 596/596/596
f 597/597/597 600/600/600 599/599/599
f 600/600/600 601/601/601 599/599/599
f 604/604/604 603/603/603 602/602/602
f 605/605/605 604/604/604 602/602/602
f 605/605/605 606/606/606 604/604/604
f 606/606/606 607/607/607 604/604/604
f 610/610/610 609/609/609 608/608/608
f 611/611/611 610/610/610 608/608/608
f 614/614/614 613/613/613 612/612/612
f 615/615/615 614/614/614 612/612/612
f 618/618/618 617/617/617 616/616/616
f 619/619/619 618/618/618 616/616/616
f 622/622/622 621/621/621 620/620/620
f 623/623/623 622/622/622 620/620/620
f 626/626/626 625/625/625 624/624/624
f 627/627/627 626/626/626 624/624/624
f 630/630/630 629/629/629 628/628/628
f 629/629/629 631/631/631 628/628/628
f 629/629/629 632/632/632 631/631/631
f 632/632/632 633/633/633 631/631/631
f 636/636/636 635/635/635 634/634/634
f 635/635/635 637/637/637 634/634/634
f 635/635/635 638/638/638 637/637/637
f 638/638/638 639/639/639 637/637/637
f 642/642/642 641/641/641 640/640/640
f 641/641/641 643/643/643 640/640/640
f 641/641/641 644/644/644 643/643/643
f 644/644/644 645/645/645 643/643/643
f 648/648/648 647/647/647 646/646/646
f 647/647/647 649/649/649 646/646/646
f 647/647/647 650/650/650 649/649/649
f 650/650/650 651/651/651 649/649/649
f 654/654/654 653/653/653 652/652/652
f 653/653/653 655/655/655 652/652/652
f 653/653/653 656/656/656 655/655/655
f 656/656/656 657/657/657 655/655/655
f 660/660/660 659/659/659 658/658/658
f 659/659/659 661/661/661 658/658/658
f 659/659/659 662/662/662 661/661/661
f 662/662/662 663/663/663 661/661/661
f 666/666/666 665/665/665 664/664/664
f 667/667/667 665/665/665 666/666/666
f 668/668/668 665/665/665 667/667/667
f 669/669/669 665/665/665 668/668/668
f 672/672/672 671/671/671 670/670/670
f 673/673/673 671/671/671 672/672/672
f 674/674/674 671/671/671 673/673/673
f 675/675/675 671/671/671 674/674/674
f 678/678/678 677/677/677 676/676/676
f 679/679/679 678/678/678 676/676/676
f 682/682/682 681/681/681 680/680/680
f 683/683/683 682/682/682 680/680/680
f 686/686/686 685/685/685 684/684/684
f 687/687/687 686/686/686 684/684/684
f 690/690/690 689/689/689 688/688/688
f 691/691/691 690/690/690 688/688/688
f 692/692/692 690/690/690 691/691/691
f 693/693/693 692/692/692 691/691/691
f 696/696/696 695/695/695 694/694/694
f 697/697/697 696/696/696 694/694/694
f 698/698/698 696/696/696 697/697/697
f 699/699/699 698/698/698 697/697/697
f 702/702/702 701/701/701 700/700/700
f 703/703/703 702/702/702 700/700/700
f 704/704/704 702/702/702 703/703/703
f 705/705/705 704/704/704 703/703/703
f 708/708/708 707/707/707 706/706/706
f 709/709/709 708/708/708 706/706/706
f 710/710/710 708/708/708 709/709/709
f 711/711/711 710/710/710 709/709/709
f 714/714/714 713/713/713 712/712/712
f 715/715/715 714/714/714 712/712/712
f 716/716/716 714/714/714 715/715/715
f 717/717/717 716/716/716 715/715/715
f 720/720/720 719/719/719 718/718/718
f 721/721/721 720/720/720 718/718/718
f 722/722/722 720/720/720 721/721/721
f 723/723/723 722/722/722 721/721/721
f 726/726/726 725/725/725 724/724/724
f 726/726/726 727/727/727 725/725/725
f 726/726/726 728/728/728 727/727/727
f 726/726/726 729/729/729 728/728/728
f 732/732/732 731/731/731 730/730/730
f 732/732/732 733/733/733 731/731/731
f 732/732/732 734/734/734 733/733/733
f 732/732/732 735/735/735 734/734/734
f 738/738/738 737/737/737 736/736/736
f 739/739/739 738/738/738 736/736/736
f 742/742/742 741/741/741 740/740/740
f 743/743/743 742/742/742 740/740/740
f 746/746/746 745/745/745 744/744/744
f 747/747/747 746/746/746 744/744/744
f 750/750/750 749/749/749 748/748/748
f 751/751/751 750/750/750 748/748/748
f 752/752/752 750/750/750 751/751/751
f 753/753/753 752/752/752 751/751/751
f 756/756/756 755/755/755 754/754/754
f 757/757/757 756/756/756 754/754/754
f 758/758/758 756/756/756 757/757/757
f 759/759/759 758/758/758 757/757/757
f 762/762/762 761/761/761 760/760/760
f 763/763/763 762/762/762 760/760/760
f 764/764/764 762/762/762 763/763/763
f 765/765/765 764/764/764 763/763/763
f 768/768/768 767/767/767 766/766/766
f 769/769/769 768/768/768 766/766/766
f 770/770/770 768/768/768 769/769/769
f 771/771/771 770/770/770 769/769/769
f 774/774/774 773/773/773 772/772/772
f 775/775/775 774/774/774 772/772/772
f 776/776/776 774/774/774 775/775/775
f 777/777/777 776/776/776 775/775/775
f 780/780/780 779/779/779 778/778/778
f 781/781/781 780/780/780 778/778/778
f 782/782/782 780/780/780 781/781/781
f 783/783/783 782/782/782 781/781/781
f 786/786/786 785/785/785 784/784/784
f 786/786/786 787/787/787 785/785/785
f 786/786/786 788/788/788 787/787/787
f 786/786/786 789/789/789 788/788/788
f 792/792/792 791/791/791 790/790/790
f 792/792/792 793/793/793 791/791/791
f 792/792/792 794/794/794 793/793/793
f 792/792/792 795/795/795 794/794/794
f 798/798/798 797/797/797 796/796/796
f 799/799/799 798/798/798 796/796/796
f 802/802/802 801/801/801 800/800/800
f 803/803/803 802/802/802 800/800/800
f 806/806/806 805/805/805 804/804/804
f 807/807/807 806/806/806 804/804/804
f 810/810/810 809/809/809 808/808/808
f 809/809/809 811/811/811 808/808/808
f 809/809/809 812/812/812 811/811/811
f 812/812/812 813/813/813 811/811/811
f 816/816/816 815/815/815 814/814/814
f 815/815/815 817/817/817 814/814/814
f 815/815/815 818/818/818 817/817/817
f 818/818/818 819/819/819 817/817/817
f 822/822/822 821/821/821 820/820/820
f 821/821/821 823/823/823 820/820/820
f 821/821/821 824/824/824 823/823/823
f 824/824/824 825/825/825 823/823/823
f 828/828/828 827/827/827 826/826/826
f 827/827/827 829/829/829 826/826/826
f 827/827/827 830/830/830 829/829/829
f 830/830/830 831/831/831 829/829/829
f 834/834/834 833/833/833 832/832/832
f 833/833/833 835/835/835 832/832/832
f 833/833/833 836/836/836 835/835/835
f 836/836/836 837/837/837 835/835/835
f 840/840/840 839/839/839 838/838/838
f 839/839/839 841/841/841 838/838/838
f 839/839/839 842/842/842 841/841/841
f 842/842/842 843/843/843 841/841/841
f 846/846/846 845/845/845 844/844/844
f 847/847/847 845/845/845 846/846/846
f 848/848/848 845/845/845 847/847/847
f 849/849/849 845/845/845 848/848/848
f 852/852/852 851/851/851 850/850/850
f 853/853/853 851/851/851 852/852/852
f 854/854/854 851/851/851 853/853/853
f 855/855/855 851/851/851 854/854/854
f 858/858/858 857/857/857 856/856/856
f 859/859/859 858/858/858 856/856/856
f 862/862/862 861/861/861 860/860/860
f 863/863/863 862/862/862 860/860/860
f 866/866/866 865/865/865 864/864/864
f 867/867/867 866/866/866 864/864/864
f 870/870/870 869/869/869 868/868/868
f 871/871/871 870/870/870 868/868/868
f 874/874/874 873/873/873 872/872/872
f 875/875/875 874/874/874 872/872/872
f 878/878/878 877/877/877 876/876/876
f 879/879/879 878/878/878 876/876/876
f 882/882/882 881/881/881 880/880/880
f 883/883/883 882/882/882 880/880/880
f 886/886/886 885/885/885 884/884/884
f 887/887/887 886/886/886 884/884/884
f 890/890/890 889/889/889 888/888/888
f 891/891/891 890/890/890 888/888/888
f 891/891/891 888/888/888 892/892/892
f 895/895/895 894/894/894 893/893/893
f 896/896/896 895/895/895 893/893/893
f 896/896/896 893/893/893 897/897/897
f 898/898/898 896/896/896 897/897/897
f 895/895/895 896/896/896 899/899/899
f 899/899/899 896/896/896 898/898/898
f 900/900/900 899/899/899 898/898/898
f 899/899/899 900/900/900 901/901/901
f 900/900/900 902/902/902 901/901/901
f 905/905/905 904/904/904 903/903/903
f 905/905/905 903/903/903 906/906/906
f 907/907/907 905/905/905 906/906/906
f 910/910/910 909/909/909 908/908/908
f 911/911/911 910/910/910 908/908/908
f 914/914/914 913/913/913 912/912/912
f 915/915/915 914/914/914 912/912/912
f 916/916/916 915/915/915 912/912/912
f 919/919/919 918/918/918 917/917/917
f 920/920/920 919/919/919 917/917/917
f 920/920/920 921/921/921 919/919/919
f 921/921/921 922/922/922 919/919/919
f 925/925/925 924/924/924 923/923/923
f 926/926/926 925/925/925 923/923/923
f 929/929/929 928/928/928 927/927/927
f 930/930/930 929/929/929 927/927/927
f 933/933/933 932/932/932 931/931/931
f 934/934/934 933/933/933 931/931/931
f 937/937/937 936/936/936 935/935/935
f 938/938/938 937/937/937 935/935/935
f 938/938/938 939/939/939 937/937/937
f 942/942/942 941/941/941 940/940/940
f 941/941/941 943/943/943 940/940/940
f 940/940/940 943/943/943 944/944/944
f 943/943/943 945/945/945 944/944/944
f 943/943/943 941/941/941 946/946/946
f 943/943/943 946/946/946 945/945/945
f 946/946/946 947/947/947 945/945/945
f 948/948/948 947/947/947 946/946/946
f 949/949/949 948/948/948 946/946/946
f 952/952/952 951/951/951 950/950/950
f 950/950/950 951/951/951 953/953/953
f 951/951/951 954/954/954 953/953/953
f 957/957/957 956/956/956 955/955/955
f 958/958/958 957/957/957 955/955/955
f 961/961/961 960/960/960 959/959/959
f 962/962/962 961/961/961 959/959/959
f 963/963/963 962/962/962 959/959/959
f 966/966/966 965/965/965 964/964/964
f 965/965/965 967/967/967 964/964/964
f 968/968/968 967/967/967 965/965/965
f 969/969/969 968/968/968 965/965/965
f 972/972/972 971/971/971 970/970/970
f 973/973/973 972/972/972 970/970/970
f 976/976/976 975/975/975 974/974/974
f 977/977/977 976/976/976 974/974/974
f 980/980/980 979/979/979 978/978/978
f 981/981/981 980/980/980 978/978/978
f 984/984/984 983/983/983 982/982/982
f 985/985/985 984/984/984 982/982/982
f 988/988/988 987/987/987 986/986/986
f 989/989/989 988/988/988 986/986/986
f 992/992/992 991/991/991 990/990/990
f 993/993/993 992/992/992 990/990/990
f 996/996/996 995/995/995 994/994/994
f 997/997/997 996/996/996 994/994/994
f 1000/1000/1000 999/999/999 998/998/998
f 1001/1001/1001 1000/1000/1000 998/998/998
f 1004/1004/1004 1003/1003/1003 1002/1002/1002
f 1005/1005/1005 1004/1004/1004 1002/1002/1002
f 1008/1008/1008 1007/1007/1007 1006/1006/1006
f 1009/1009/1009 1008/1008/1008 1006/1006/1006
f 1012/1012/1012 1011/1011/1011 1010/1010/1010
f 1013/1013/1013 1012/1012/1012 1010/1010/1010
f 1016/1016/1016 1015/1015/1015 1014/1014/1014
f 1017/1017/1017 1016/1016/1016 1014/1014/1014
f 1020/1020/1020 1019/1019/1019 1018/1018/1018
f 1021/1021/1021 1020/1020/1020 1018/1018/1018
f 1024/1024/1024 1023/1023/1023 1022/1022/1022
f 1025/1025/1025 1024/1024/1024 1022/1022/1022
f 1028/1028/1028 1027/1027/1027 1026/1026/1026
f 1029/1029/1029 1028/1028/1028 1026/1026/1026
f 1032/1032/1032 1031/1031/1031 1030/1030/1030
f 1032/1032/1032 1033/1033/1033 1031/1031/1031
f 1033/1033/1033 1034/1034/1034 1031/1031/1031
f 1037/1037/1037 1036/1036/1036 1035/1035/1035
f 1036/1036/1036 1038/1038/1038 1035/1035/1035
f 1035/1035/1035 1038/1038/1038 1039/1039/1039
f 1038/1038/1038 1040/1040/1040 1039/1039/1039
f 1038/1038/1038 1036/1036/1036 1041/1041/1041
f 1038/1038/1038 1041/1041/1041 1040/1040/1040
f 1041/1041/1041 1042/1042/1042 1040/1040/1040
f 1043/1043/1043 1042/1042/1042 1041/1041/1041
f 1044/1044/1044 1043/1043/1043 1041/1041/1041
f 1047/1047/1047 1046/1046/1046 1045/1045/1045
f 1045/1045/1045 1046/1046/1046 1048/1048/1048
f 1046/1046/1046 1049/1049/1049 1048/1048/1048
f 1052/1052/1052 1051/1051/1051 1050/1050/1050
f 1053/1053/1053 1052/1052/1052 1050/1050/1050
f 1056/1056/1056 1055/1055/1055 1054/1054/1054
f 1057/1057/1057 1056/1056/1056 1054/1054/1054
f 1058/1058/1058 1057/1057/1057 1054/1054/1054
f 1061/1061/1061 1060/1060/1060 1059/1059/1059
f 1060/1060/1060 1062/1062/1062 1059/1059/1059
f 1063/1063/1063 1062/1062/1062 1060/1060/1060
f 1064/1064/1064 1063/1063/1063 1060/1060/1060
f 1067/1067/1067 1066/1066/1066 1065/1065/1065
f 1068/1068/1068 1067/1067/1067 1065/1065/1065
f 1071/1071/1071 1070/1070/1070 1069/1069/1069
f 1072/1072/1072 1071/1071/1071 1069/1069/1069
f 1075/1075/1075 1074/1074/1074 1073/1073/1073
f 1076/1076/1076 1075/1075/1075 1073/1073/1073
f 1079/1079/1079 1078/1078/1078 1077/1077/1077
f 1080/1080/1080 1079/1079/1079 1077/1077/1077
f 1080/1080/1080 1077/1077/1077 1081/1081/1081
f 1084/1084/1084 1083/1083/1083 1082/1082/1082
f 1085/1085/1085 1084/1084/1084 1082/1082/1082
f 1085/1085/1085 1082/1082/1082 1086/1086/1086
f 1087/1087/1087 1085/1085/1085 1086/1086/1086
f 1084/1084/1084 1085/1085/1085 1088/1088/1088
f 1088/1088/1088 1085/1085/1085 1087/1087/1087
f 1089/1089/1089 1088/1088/1088 1087/1087/1087
f 1088/1088/1088 1089/1089/1089 1090/1090/1090
f 1091/1091/1091 1088/1088/1088 1090/1090/1090
f 1094/1094/1094 1093/1093/1093 1092/1092/1092
f 1094/1094/1094 1092/1092/1092 1095/1095/1095
f 1096/1096/1096 1094/1094/1094 1095/1095/1095
f 1099/1099/1099 1098/1098/1098 1097/1097/1097
f 1100/1100/1100 1099/1099/1099 1097/1097/1097
f 1103/1103/1103 1102/1102/1102 1101/1101/1101
f 1104/1104/1104 1103/1103/1103 1101/1101/1101
f 1105/1105/1105 1104/1104/1104 1101/1101/1101
f 1108/1108/1108 1107/1107/1107 1106/1106/1106
f 1109/1109/1109 1108/1108/1108 1106/1106/1106
f 1109/1109/1109 1110/1110/1110 1108/1108/1108
f 1110/1110/1110 1111/1111/1111 1108/1108/1108
f 1114/1114/1114 1113/1113/1113 1112/1112/1112
f 1115/1115/1115 1114/1114/1114 1112/1112/1112
f 1118/1118/1118 1117/1117/1117 1116/1116/1116
f 1119/1119/1119 1118/1118/1118 1116/1116/1116
f 1122/1122/1122 1121/1121/1121 1120/1120/1120
f 1123/1123/1123 1122/1122/1122 1120/1120/1120
f 1126/1126/1126 1125/1125/1125 1124/1124/1124
f 1127/1127/1127 1126/1126/1126 1124/1124/1124
f 1130/1130/1130 1129/1129/1129 1128/1128/1128
f 1131/1131/1131 1130/1130/1130 1128/1128/1128
f 1134/1134/1134 1133/1133/1133 1132/1132/1132
f 1135/1135/1135 1134/1134/1134 1132/1132/1132
f 1138/1138/1138 1137/1137/1137 1136/1136/1136
f 1139/1139/1139 1138/1138/1138 1136/1136/1136
f 1142/1142/1142 1141/1141/1141 1140/1140/1140
f 1143/1143/1143 1142/1142/1142 1140/1140/1140
f 1146/1146/1146 1145/1145/1145 1144/1144/1144
f 1147/1147/1147 1146/1146/1146 1144/1144/1144
f 1150/1150/1150 1149/1149/1149 1148/1148/1148
f 1151/1151/1151 1150/1150/1150 1148/1148/1148
f 1154/1154/1154 1153/1153/1153 1152/1152/1152
f 1155/1155/1155 1154/1154/1154 1152/1152/1152
f 1158/1158/1158 1157/1157/1157 1156/1156/1156
f 1159/1159/1159 1158/1158/1158 1156/1156/1156
f 1162/1162/1162 1161/1161/1161 1160/1160/1160
f 1163/1163/1163 1162/1162/1162 1160/1160/1160
f 1166/1166/1166 1165/1165/1165 1164/1164/1164
f 1167/1167/1167 1166/1166/1166 1164/1164/1164
f 1170/1170/1170 1169/1169/1169 1168/1168/1168
f 1171/1171/1171 1170/1170/1170 1168/1168/1168
f 1174/1174/1174 1173/1173/1173 1172/1172/1172
f 1175/1175/1175 1174/1174/1174 1172/1172/1172
f 1178/1178/1178 1177/1177/1177 1176/1176/1176
f 1179/1179/1179 1178/1178/1178 1176/1176/1176
f 1182/1182/1182 1181/1181/1181 1180/1180/1180
f 1183/1183/1183 1182/1182/1182 1180/1180/1180
f 1186/1186/1186 1185/1185/1185 1184/1184/1184
f 1187/1187/1187 1186/1186/1186 1184/1184/1184
f 1190/1190/1190 1189/1189/1189 1188/1188/1188
f 1191/1191/1191 1190/1190/1190 1188/1188/1188
f 1194/1194/1194 1193/1193/1193 1192/1192/1192
f 1193/1193/1193 1195/1195/1195 1192/1192/1192
f 1193/1193/1193 1196/1196/1196 1195/1195/1195
f 1193/1193/1193 1197/1197/1197 1196/1196/1196
f 1197/1197/1197 1198/1198/1198 1196/1196/1196
f 1198/1198/1198 1199/1199/1199 1196/1196/1196
f 1198/1198/1198 1200/1200/1200 1199/1199/1199
f 1200/1200/1200 1201/1201/1201 1199/1199/1199
f 1202/1202/1202 1201/1201/1201 1200/1200/1200
f 1203/1203/1203 1202/1202/1202 1200/1200/1200
f 1202/1202/1202 1203/1203/1203 1204/1204/1204
f 1203/1203/1203 1205/1205/1205 1204/1204/1204
f 1208/1208/1208 1207/1207/1207 1206/1206/1206
f 1209/1209/1209 1208/1208/1208 1206/1206/1206
f 1210/1210/1210 1208/1208/1208 1209/1209/1209
f 1211/1211/1211 1210/1210/1210 1209/1209/1209
f 1212/1212/1212 1210/1210/1210 1211/1211/1211
f 1213/1213/1213 1212/1212/1212 1211/1211/1211
f 1214/1214/1214 1212/1212/1212 1213/1213/1213
f 1217/1217/1217 1216/1216/1216 1215/1215/1215
f 1218/1218/1218 1217/1217/1217 1215/1215/1215
f 1219/1219/1219 1218/1218/1218 1215/1215/1215
f 1220/1220/1220 1219/1219/1219 1215/1215/1215
f 1223/1223/1223 1222/1222/1222 1221/1221/1221
f 1222/1222/1222 1224/1224/1224 1221/1221/1221
f 1222/1222/1222 1225/1225/1225 1224/1224/1224
f 1225/1225/1225 1226/1226/1226 1224/1224/1224
f 1225/1225/1225 1227/1227/1227 1226/1226/1226
f 1227/1227/1227 1228/1228/1228 1226/1226/1226
f 1227/1227/1227 1229/1229/1229 1228/1228/1228
f 1232/1232/1232 1231/1231/1231 1230/1230/1230
f 1233/1233/1233 1232/1232/1232 1230/1230/1230
f 1236/1236/1236 1235/1235/1235 1234/1234/1234
f 1237/1237/1237 1236/1236/1236 1234/1234/1234
f 1238/1238/1238 1236/1236/1236 1237/1237/1237
f 1239/1239/1239 1236/1236/1236 1238/1238/1238
f 1240/1240/1240 1239/1239/1239 1238/1238/1238
f 1241/1241/1241 1240/1240/1240 1238/1238/1238
f 1242/1242/1242 1240/1240/1240 1241/1241/1241
f 1243/1243/1243 1242/1242/1242 1241/1241/1241
f 1242/1242/1242 1243/1243/1243 1244/1244/1244
f 1245/1245/1245 1242/1242/1242 1244/1244/1244
f 1246/1246/1246 1245/1245/1245 1244/1244/1244
f 1247/1247/1247 1246/1246/1246 1244/1244/1244
f 1250/1250/1250 1249/1249/1249 1248/1248/1248
f 1249/1249/1249 1251/1251/1251 1248/1248/1248
f 1249/1249/1249 1252/1252/1252 1251/1251/1251
f 1252/1252/1252 1253/1253/1253 1251/1251/1251
f 1252/1252/1252 1254/1254/1254 1253/1253/1253
f 1254/1254/1254 1255/1255/1255 1253/1253/1253
f 1254/1254/1254 1256/1256/1256 1255/1255/1255
f 1259/1259/1259 1258/1258/1258 1257/1257/1257
f 1260/1260/1260 1259/1259/1259 1257/1257/1257
f 1259/1259/1259 1260/1260/1260 1261/1261/1261
f 1260/1260/1260 1262/1262/1262 1261/1261/1261
f 1265/1265/1265 1264/1264/1264 1263/1263/1263
f 1266/1266/1266 1265/1265/1265 1263/1263/1263
f 1267/1267/1267 1265/1265/1265 1266/1266/1266
f 1268/1268/1268 1267/1267/1267 1266/1266/1266
f 1269/1269/1269 1267/1267/1267 1268/1268/1268
f 1270/1270/1270 1269/1269/1269 1268/1268/1268
f 1271/1271/1271 1269/1269/1269 1270/1270/1270
f 1274/1274/1274 1273/1273/1273 1272/1272/1272
f 1275/1275/1275 1274/1274/1274 1272/1272/1272
f 1278/1278/1278 1277/1277/1277 1276/1276/1276
f 1277/1277/1277 1279/1279/1279 1276/1276/1276
f 1276/1276/1276 1279/1279/1279 1280/1280/1280
f 1279/1279/1279 1281/1281/1281 1280/1280/1280
f 1282/1282/1282 1280/1280/1280 1281/1281/1281
f 1283/1283/1283 1282/1282/1282 1281/1281/1281
f 1282/1282/1282 1283/1283/1283 1284/1284/1284
f 1283/1283/1283 1285/1285/1285 1284/1284/1284
f 1288/1288/1288 1287/1287/1287 1286/1286/1286
f 1289/1289/1289 1288/1288/1288 1286/1286/1286
f 1290/1290/1290 1288/1288/1288 1289/1289/1289
f 1291/1291/1291 1290/1290/1290 1289/1289/1289
f 1290/1290/1290 1291/1291/1291 1292/1292/1292
f 1293/1293/1293 1290/1290/1290 1292/1292/1292
f 1294/1294/1294 1293/1293/1293 1292/1292/1292
f 1295/1295/1295 1294/1294/1294 1292/1292/1292
f 1298/1298/1298 1297/1297/1297 1296/1296/1296
f 1297/1297/1297 1299/1299/1299 1296/1296/1296
f 1297/1297/1297 1300/1300/1300 1299/1299/1299
f 1300/1300/1300 1301/1301/1301 1299/1299/1299
f 1300/1300/1300 1302/1302/1302 1301/1301/1301
f 1302/1302/1302 1303/1303/1303 1301/1301/1301
f 1302/1302/1302 1304/1304/1304 1303/1303/1303
f 1307/1307/1307 1306/1306/1306 1305/1305/1305
f 1308/1308/1308 1307/1307/1307 1305/1305/1305
f 1309/1309/1309 1307/1307/1307 1308/1308/1308
f 1310/1310/1310 1309/1309/1309 1308/1308/1308
f 1311/1311/1311 1309/1309/1309 1310/1310/1310
f 1312/1312/1312 1311/1311/1311 1310/1310/1310
f 1313/1313/1313 1311/1311/1311 1312/1312/1312
f 1316/1316/1316 1315/1315/1315 1314/1314/1314
f 1317/1317/1317 1316/1316/1316 1314/1314/1314
f 1320/1320/1320 1319/1319/1319 1318/1318/1318
f 1321/1321/1321 1320/1320/1320 1318/1318/1318
f 1321/1321/1321 1318/1318/1318 1322/1322/1322
f 1323/1323/1323 1321/1321/1321 1322/1322/1322
f 1323/1323/1323 1322/1322/1322 1324/1324/1324
f 1325/1325/1325 1323/1323/1323 1324/1324/1324
f 1326/1326/1326 1325/1325/1325 1324/1324/1324
f 1327/1327/1327 1326/1326/1326 1324/1324/1324
f 1330/1330/1330 1329/1329/1329 1328/1328/1328
f 1329/1329/1329 1331/1331/1331 1328/1328/1328
f 1329/1329/1329 1332/1332/1332 1331/1331/1331
f 1332/1332/1332 1333/1333/1333 1331/1331/1331
f 1334/1334/1334 1333/1333/1333 1332/1332/1332
f 1335/1335/1335 1334/1334/1334 1332/1332/1332
f 1334/1334/1334 1335/1335/1335 1336/1336/1336
f 1335/1335/1335 1337/1337/1337 1336/1336/1336
f 1340/1340/1340 1339/1339/1339 1338/1338/1338
f 1341/1341/1341 1340/1340/1340 1338/1338/1338
f 1342/1342/1342 1340/1340/1340 1341/1341/1341
f 1343/1343/1343 1342/1342/1342 1341/1341/1341
f 1344/1344/1344 1342/1342/1342 1343/1343/1343
f 1345/1345/1345 1344/1344/1344 1343/1343/1343
f 1346/1346/1346 1344/1344/1344 1345/1345/1345
f 1349/1349/1349 1348/1348/1348 1347/1347/1347
f 1348/1348/1348 1350/1350/1350 1347/1347/1347
f 1348/1348/1348 1351/1351/1351 1350/1350/1350
f 1351/1351/1351 1352/1352/1352 1350/1350/1350
f 1351/1351/1351 1353/1353/1353 1352/1352/1352
f 1353/1353/1353 1354/1354/1354 1352/1352/1352
f 1353/1353/1353 1355/1355/1355 1354/1354/1354
f 1358/1358/1358 1357/1357/1357 1356/1356/1356
f 1359/1359/1359 1358/1358/1358 1356/1356/1356
f 1362/1362/1362 1361/1361/1361 1360/1360/1360
f 1361/1361/1361 1363/1363/1363 1360/1360/1360
f 1361/1361/1361 1364/1364/1364 1363/1363/1363
f 1361/1361/1361 1365/1365/1365 1364/1364/1364
f 1365/1365/1365 1366/1366/1366 1364/1364/1364
f 1366/1366/1366 1367/1367/1367 1364/1364/1364
f 1366/1366/1366 1368/1368/1368 1367/1367/1367
f 1368/1368/1368 1369/1369/1369 1367/1367/1367
f 1370/1370/1370 1369/1369/1369 1368/1368/1368
f 1371/1371/1371 1370/1370/1370 1368/1368/1368
f 1370/1370/1370 1371/1371/1371 1372/1372/1372
f 1371/1371/1371 1373/1373/1373 1372/1372/1372
f 1376/1376/1376 1375/1375/1375 1374/1374/1374
f 1377/1377/1377 1376/1376/1376 1374/1374/1374
f 1378/1378/1378 1376/1376/1376 1377/1377/1377
f 1379/1379/1379 1378/1378/1378 1377/1377/1377
f 1380/1380/1380 1378/1378/1378 1379/1379/1379
f 1381/1381/1381 1380/1380/1380 1379/1379/1379
f 1382/1382/1382 1380/1380/1380 1381/1381/1381
f 1385/1385/1385 1384/1384/1384 1383/1383/1383
f 1386/1386/1386 1385/1385/1385 1383/1383/1383
f 1387/1387/1387 1386/1386/1386 1383/1383/1383
f 1388/1388/1388 1387/1387/1387 1383/1383/1383
f 1391/1391/1391 1390/1390/1390 1389/1389/1389
f 1390/1390/1390 1392/1392/1392 1389/1389/1389
f 1390/1390/1390 1393/1393/1393 1392/1392/1392
f 1393/1393/1393 1394/1394/1394 1392/1392/1392
f 1393/1393/1393 1395/1395/1395 1394/1394/1394
f 1395/1395/1395 1396/1396/1396 1394/1394/1394
f 1395/1395/1395 1397/1397/1397 1396/1396/1396
f 1400/1400/1400 1399/1399/1399 1398/1398/1398
f 1401/1401/1401 1400/1400/1400 1398/1398/1398
f 1404/1404/1404 1403/1403/1403 1402/1402/1402
f 1405/1405/1405 1404/1404/1404 1402/1402/1402
f 1406/1406/1406 1404/1404/1404 1405/1405/1405
f 1407/1407/1407 1404/1404/1404 1406/1406/1406
f 1408/1408/1408 1407/1407/1407 1406/1406/1406
f 1409/1409/1409 1408/1408/1408 1406/1406/1406
f 1410/1410/1410 1408/1408/1408 1409/1409/1409
f 1411/1411/1411 1410/1410/1410 1409/1409/1409
f 1410/1410/1410 1411/1411/1411 1412/1412/1412
f 1413/1413/1413 1410/1410/1410 1412/1412/1412
f 1414/1414/1414 1413/1413/1413 1412/1412/1412
f 1415/1415/1415 1414/1414/1414 1412/1412/1412
f 1418/1418/1418 1417/1417/1417 1416/1416/1416
f 1417/1417/1417 1419/1419/1419 1416/1416/1416
f 1417/1417/1417 1420/1420/1420 1419/1419/1419
f 1420/1420/1420 1421/1421/1421 1419/1419/1419
f 1420/1420/1420 1422/1422/1422 1421/1421/1421
f 1422/1422/1422 1423/1423/1423 1421/1421/1421
f 1422/1422/1422 1424/1424/1424 1423/1423/1423
f 1427/1427/1427 1426/1426/1426 1425/1425/1425
f 1428/1428/1428 1427/1427/1427 1425/1425/1425
f 1427/1427/1427 1428/1428/1428 1429/1429/1429
f 1428/1428/1428 1430/1430/1430 1429/1429/1429
f 1433/1433/1433 1432/1432/1432 1431/1431/1431
f 1434/1434/1434 1433/1433/1433 1431/1431/1431
f 1435/1435/1435 1433/1433/1433 1434/1434/1434
f 1436/1436/1436 1435/1435/1435 1434/1434/1434
f 1437/1437/1437 1435/1435/1435 1436/1436/1436
f 1438/1438/1438 1437/1437/1437 1436/1436/1436
f 1439/1439/1439 1437/1437/1437 1438/1438/1438
f 1442/1442/1442 1441/1441/1441 1440/1440/1440
f 1443/1443/1443 1442/1442/1442 1440/1440/1440
f 1446/1446/1446 1445/1445/1445 1444/1444/1444
f 1445/1445/1445 1447/1447/1447 1444/1444/1444
f 1445/1445/1445 1448/1448/1448 1447/1447/1447
f 1445/1445/1445 1449/1449/1449 1448/1448/1448
f 1449/1449/1449 1450/1450/1450 1448/1448/1448
f 1450/1450/1450 1451/1451/1451 1448/1448/1448
f 1450/1450/1450 1452/1452/1452 1451/1451/1451
f 1452/1452/1452 1453/1453/1453 1451/1451/1451
f 1454/1454/1454 1453/1453/1453 1452/1452/1452
f 1455/1455/1455 1454/1454/1454 1452/1452/1452
f 1454/1454/1454 1455/1455/1455 1456/1456/1456
f 1455/1455/1455 1457/1457/1457 1456/1456/1456
f 1460/1460/1460 1459/1459/1459 1458/1458/1458
f 1461/1461/1461 1460/1460/1460 1458/1458/1458
f 1462/1462/1462 1460/1460/1460 1461/1461/1461
f 1463/1463/1463 1462/1462/1462 1461/1461/1461
f 1464/1464/1464 1462/1462/1462 1463/1463/1463
f 1465/1465/1465 1464/1464/1464 1463/1463/1463
f 1466/1466/1466 1464/1464/1464 1465/1465/1465
f 1469/1469/1469 1468/1468/1468 1467/1467/1467
f 1470/1470/1470 1469/1469/1469 1467/1467/1467
f 1471/1471/1471 1470/1470/1470 1467/1467/1467
f 1472/1472/1472 1471/1471/1471 1467/1467/1467
f 1475/1475/1475 1474/1474/1474 1473/1473/1473
f 1474/1474/1474 1476/1476/1476 1473/1473/1473
f 1474/1474/1474 1477/1477/1477 1476/1476/1476
f 1477/1477/1477 1478/1478/1478 1476/1476/1476
f 1477/1477/1477 1479/1479/1479 1478/1478/1478
f 1479/1479/1479 1480/1480/1480 1478/1478/1478
f 1479/1479/1479 1481/1481/1481 1480/1480/1480
f 1484/1484/1484 1483/1483/1483 1482/1482/1482
f 1485/1485/1485 1484/1484/1484 1482/1482/1482
f 1484/1484/1484 1485/1485/1485 1486/1486/1486
f 1485/1485/1485 1487/1487/1487 1486/1486/1486
f 1490/1490/1490 1489/1489/1489 1488/1488/1488
f 1491/1491/1491 1490/1490/1490 1488/1488/1488
f 1494/1494/1494 1493/1493/1493 1492/1492/1492
f 1495/1495/1495 1494/1494/1494 1492/1492/1492
f 1498/1498/1498 1497/1497/1497 1496/1496/1496
f 1499/1499/1499 1498/1498/1498 1496/1496/1496
f 1502/1502/1502 1501/1501/1501 1500/1500/1500
f 1501/1501/1501 1503/1503/1503 1500/1500/1500
f 1504/1504/1504 1503/1503/1503 1501/1501/1501
f 1505/1505/1505 1504/1504/1504 1501/1501/1501
f 1508/1508/1508 1507/1507/1507 1506/1506/1506
f 1507/1507/1507 1509/1509/1509 1506/1506/1506
f 1509/1509/1509 1507/1507/1507 1510/1510/1510
f 1507/1507/1507 1511/1511/1511 1510/1510/1510
f 1511/1511/1511 1512/1512/1512 1510/1510/1510
f 1515/1515/1515 1514/1514/1514 1513/1513/1513
f 1516/1516/1516 1515/1515/1515 1513/1513/1513
f 1517/1517/1517 1515/1515/1515 1516/1516/1516
f 1518/1518/1518 1517/1517/1517 1516/1516/1516
f 1519/1519/1519 1517/1517/1517 1518/1518/1518
f 1522/1522/1522 1521/1521/1521 1520/1520/1520
f 1523/1523/1523 1522/1522/1522 1520/1520/1520
f 1526/1526/1526 1525/1525/1525 1524/1524/1524
f 1525/1525/1525 1527/1527/1527 1524/1524/1524
f 1524/1524/1524 1527/1527/1527 1528/1528/1528
f 1527/1527/1527 1529/1529/1529 1528/1528/1528
f 1530/1530/1530 1528/1528/1528 1529/1529/1529
f 1531/1531/1531 1530/1530/1530 1529/1529/1529
f 1530/1530/1530 1531/1531/1531 1532/1532/1532
f 1533/1533/1533 1530/1530/1530 1532/1532/1532
f 1536/1536/1536 1535/1535/1535 1534/1534/1534
f 1537/1537/1537 1536/1536/1536 1534/1534/1534
f 1538/1538/1538 1536/1536/1536 1537/1537/1537
f 1539/1539/1539 1538/1538/1538 1537/1537/1537
f 1538/1538/1538 1539/1539/1539 1540/1540/1540
f 1541/1541/1541 1538/1538/1538 1540/1540/1540
f 1542/1542/1542 1541/1541/1541 1540/1540/1540
f 1543/1543/1543 1542/1542/1542 1540/1540/1540
f 1546/1546/1546 1545/1545/1545 1544/1544/1544
f 1545/1545/1545 1547/1547/1547 1544/1544/1544
f 1545/1545/1545 1548/1548/1548 1547/1547/1547
f 1548/1548/1548 1549/1549/1549 1547/1547/1547
f 1548/1548/1548 1550/1550/1550 1549/1549/1549
f 1550/1550/1550 1551/1551/1551 1549/1549/1549
f 1550/1550/1550 1552/1552/1552 1551/1551/1551
f 1555/1555/1555 1554/1554/1554 1553/1553/1553
f 1556/1556/1556 1555/1555/1555 1553/1553/1553
f 1557/1557/1557 1555/1555/1555 1556/1556/1556
f 1558/1558/1558 1557/1557/1557 1556/1556/1556
f 1559/1559/1559 1557/1557/1557 1558/1558/1558
f 1560/1560/1560 1559/1559/1559 1558/1558/1558
f 1561/1561/1561 1559/1559/1559 1560/1560/1560
f 1564/1564/1564 1563/1563/1563 1562/1562/1562
f 1565/1565/1565 1564/1564/1564 1562/1562/1562
f 1568/1568/1568 1567/1567/1567 1566/1566/1566
f 1567/1567/1567 1569/1569/1569 1566/1566/1566
f 1566/1566/1566 1569/1569/1569 1570/1570/1570
f 1569/1569/1569 1571/1571/1571 1570/1570/1570
f 1572/1572/1572 1570/1570/1570 1571/1571/1571
f 1573/1573/1573 1572/1572/1572 1571/1571/1571
f 1572/1572/1572 1573/1573/1573 1574/1574/1574
f 1575/1575/1575 1572/1572/1572 1574/1574/1574
f 1578/1578/1578 1577/1577/1577 1576/1576/1576
f 1579/1579/1579 1578/1578/1578 1576/1576/1576
f 1580/1580/1580 1578/1578/1578 1579/1579/1579
f 1581/1581/1581 1580/1580/1580 1579/1579/1579
f 1580/1580/1580 1581/1581/1581 1582/1582/1582
f 1583/1583/1583 1580/1580/1580 1582/1582/1582
f 1584/1584/1584 1583/1583/1583 1582/1582/1582
f 1585/1585/1585 1584/1584/1584 1582/1582/1582
f 1588/1588/1588 1587/1587/1587 1586/1586/1586
f 1587/1587/1587 1589/1589/1589 1586/1586/1586
f 1587/1587/1587 1590/1590/1590 1589/1589/1589
f 1590/1590/1590 1591/1591/1591 1589/1589/1589
f 1590/1590/1590 1592/1592/1592 1591/1591/1591
f 1592/1592/1592 1593/1593/1593 1591/1591/1591
f 1592/1592/1592 1594/1594/1594 1593/1593/1593
f 1597/1597/1597 1596/1596/1596 1595/1595/1595
f 1598/1598/1598 1597/1597/1597 1595/1595/1595
f 1599/1599/1599 1597/1597/1597 1598/1598/1598
f 1600/1600/1600 1599/1599/1599 1598/1598/1598
f 1601/1601/1601 1599/1599/1599 1600/1600/1600
f 1602/1602/1602 1601/1601/1601 1600/1600/1600
f 1603/1603/1603 1601/1601/1601 1602/1602/1602
f 1606/1606/1606 1605/1605/1605 1604/1604/1604
f 1607/1607/1607 1606/1606/1606 1604/1604/1604
f 1610/1610/1610 1609/1609/1609 1608/1608/1608
f 1611/1611/1611 1610/1610/1610 1608/1608/1608
f 1612/1612/1612 1610/1610/1610 1611/1611/1611
f 1613/1613/1613 1610/1610/1610 1612/1612/1612
f 1614/1614/1614 1613/1613/1613 1612/1612/1612
f 1615/1615/1615 1614/1614/1614 1612/1612/1612
f 1616/1616/1616 1614/1614/1614 1615/1615/1615
f 1617/1617/1617 1616/1616/1616 1615/1615/1615
f 1616/1616/1616 1617/1617/1617 1618/1618/1618
f 1619/1619/1619 1616/1616/1616 1618/1618/1618
f 1620/1620/1620 1619/1619/1619 1618/1618/1618
f 1621/1621/1621 1620/1620/1620 1618/1618/1618
f 1624/1624/1624 1623/1623/1623 1622/1622/1622
f 1623/1623/1623 1625/1625/1625 1622/1622/1622
f 1623/1623/1623 1626/1626/1626 1625/1625/1625
f 1626/1626/1626 1627/1627/1627 1625/1625/1625
f 1626/1626/1626 1628/1628/1628 1627/1627/1627
f 1628/1628/1628 1629/1629/1629 1627/1627/1627
f 1628/1628/1628 1630/1630/1630 1629/1629/1629
f 1633/1633/1633 1632/1632/1632 1631/1631/1631
f 1634/1634/1634 1633/1633/1633 1631/1631/1631
f 1633/1633/1633 1634/1634/1634 1635/1635/1635
f 1634/1634/1634 1636/1636/1636 1635/1635/1635
f 1639/1639/1639 1638/1638/1638 1637/1637/1637
f 1640/1640/1640 1639/1639/1639 1637/1637/1637
f 1641/1641/1641 1639/1639/1639 1640/1640/1640
f 1642/1642/1642 1641/1641/1641 1640/1640/1640
f 1643/1643/1643 1641/1641/1641 1642/1642/1642
f 1644/1644/1644 1643/1643/1643 1642/1642/1642
f 1645/1645/1645 1643/1643/1643 1644/1644/1644
f 1648/1648/1648 1647/1647/1647 1646/1646/1646
f 1649/1649/1649 1648/1648/1648 1646/1646/1646
f 1649/1649/1649 1646/1646/1646 1650/1650/1650
f 1651/1651/1651 1649/1649/1649 1650/1650/1650
f 1651/1651/1651 1650/1650/1650 1652/1652/1652
f 1653/1653/1653 1651/1651/1651 1652/1652/1652
f 1653/1653/1653 1652/1652/1652 1654/1654/1654
f 1655/1655/1655 1653/1653/1653 1654/1654/1654
f 1658/1658/1658 1657/1657/1657 1656/1656/1656
f 1659/1659/1659 1658/1658/1658 1656/1656/1656
f 1662/1662/1662 1661/1661/1661 1660/1660/1660
f 1661/1661/1661 1663/1663/1663 1660/1660/1660
f 1661/1661/1661 1664/1664/1664 1663/1663/1663
f 1664/1664/1664 1665/1665/1665 1663/1663/1663
f 1668/1668/1668 1667/1667/1667 1666/1666/1666
f 1669/1669/1669 1668/1668/1668 1666/1666/1666
f 1672/1672/1672 1671/1671/1671 1670/1670/1670
f 1670/1670/1670 1671/1671/1671 1673/1673/1673
f 1671/1671/1671 1674/1674/1674 1673/1673/1673
f 1677/1677/1677 1676/1676/1676 1675/1675/1675
f 1678/1678/1678 1677/1677/1677 1675/1675/1675
f 1679/1679/1679 1678/1678/1678 1675/1675/1675
f 1682/1682/1682 1681/1681/1681 1680/1680/1680
f 1681/1681/1681 1683/1683/1683 1680/1680/1680
f 1681/1681/1681 1684/1684/1684 1683/1683/1683
f 1684/1684/1684 1685/1685/1685 1683/1683/1683
f 1688/1688/1688 1687/1687/1687 1686/1686/1686
f 1687/1687/1687 1689/1689/1689 1686/1686/1686
f 1687/1687/1687 1690/1690/1690 1689/1689/1689
f 1690/1690/1690 1691/1691/1691 1689/1689/1689
f 1694/1694/1694 1693/1693/1693 1692/1692/1692
f 1693/1693/1693 1695/1695/1695 1692/1692/1692
f 1693/1693/1693 1696/1696/1696 1695/1695/1695
f 1696/1696/1696 1697/1697/1697 1695/1695/1695
f 1700/1700/1700 1699/1699/1699 1698/1698/1698
f 1699/1699/1699 1701/1701/1701 1698/1698/1698
f 1699/1699/1699 1702/1702/1702 1701/1701/1701
f 1702/1702/1702 1703/1703/1703 1701/1701/1701
f 1706/1706/1706 1705/1705/1705 1704/1704/1704
f 1704/1704/1704 1705/1705/1705 1707/1707/1707
f 1705/1705/1705 1708/1708/1708 1707/1707/1707
f 1711/1711/1711 1710/1710/1710 1709/1709/1709
f 1712/1712/1712 1711/1711/1711 1709/1709/1709
f 1713/1713/1713 1712/1712/1712 1709/1709/1709
f 1716/1716/1716 1715/1715/1715 1714/1714/1714
f 1717/1717/1717 1716/1716/1716 1714/1714/1714
f 1718/1718/1718 1716/1716/1716 1717/1717/1717
f 1719/1719/1719 1718/1718/1718 1717/1717/1717
f 1722/1722/1722 1721/1721/1721 1720/1720/1720
f 1723/1723/1723 1722/1722/1722 1720/1720/1720
f 1726/1726/1726 1725/1725/1725 1724/1724/1724
f 1727/1727/1727 1726/1726/1726 1724/1724/1724
f 1728/1728/1728 1726/1726/1726 1727/1727/1727
f 1729/1729/1729 1728/1728/1728 1727/1727/1727
f 1732/1732/1732 1731/1731/1731 1730/1730/1730
f 1733/1733/1733 1732/1732/1732 1730/1730/1730
f 1736/1736/1736 1735/1735/1735 1734/1734/1734
f 1737/1737/1737 1736/1736/1736 1734/1734/1734
f 1738/1738/1738 1736/1736/1736 1737/1737/1737
f 1739/1739/1739 1738/1738/1738 1737/1737/1737
f 1742/1742/1742 1741/1741/1741 1740/1740/1740
f 1742/1742/1742 1740/1740/1740 1743/1743/1743
f 1744/1744/1744 1742/1742/1742 1743/1743/1743
f 1747/1747/1747 1746/1746/1746 1745/1745/1745
f 1746/1746/1746 1748/1748/1748 1745/1745/1745
f 1748/1748/1748 1749/1749/1749 1745/1745/1745
f 1752/1752/1752 1751/1751/1751 1750/1750/1750
f 1753/1753/1753 1752/1752/1752 1750/1750/1750
f 1754/1754/1754 1752/1752/1752 1753/1753/1753
f 1755/1755/1755 1754/1754/1754 1753/1753/1753
f 1758/1758/1758 1757/1757/1757 1756/1756/1756
f 1759/1759/1759 1758/1758/1758 1756/1756/1756
f 1760/1760/1760 1758/1758/1758 1759/1759/1759
f 1761/1761/1761 1760/1760/1760 1759/1759/1759
f 1764/1764/1764 1763/1763/1763 1762/1762/1762
f 1765/1765/1765 1764/1764/1764 1762/1762/1762
f 1766/1766/1766 1764/1764/1764 1765/1765/1765
f 1767/1767/1767 1766/1766/1766 1765/1765/1765
f 1770/1770/1770 1769/1769/1769 1768/1768/1768
f 1771/1771/1771 1770/1770/1770 1768/1768/1768
f 1772/1772/1772 1770/1770/1770 1771/1771/1771
f 1773/1773/1773 1772/1772/1772 1771/1771/1771
f 1776/1776/1776 1775/1775/1775 1774/1774/1774
f 1776/1776/1776 1774/1774/1774 1777/1777/1777
f 1778/1778/1778 1776/1776/1776 1777/1777/1777
f 1781/1781/1781 1780/1780/1780 1779/1779/1779
f 1780/1780/1780 1782/1782/1782 1779/1779/1779
f 1782/1782/1782 1783/1783/1783 1779/1779/1779
f 1786/1786/1786 1785/1785/1785 1784/1784/1784
f 1785/1785/1785 1787/1787/1787 1784/1784/1784
f 1785/1785/1785 1788/1788/1788 1787/1787/1787
f 1788/1788/1788 1789/1789/1789 1787/1787/1787
f 1792/1792/1792 1791/1791/1791 1790/1790/1790
f 1791/1791/1791 1793/1793/1793 1790/1790/1790
f 1791/1791/1791 1794/1794/1794 1793/1793/1793
f 1794/1794/1794 1795/1795/1795 1793/1793/1793
f 1798/1798/1798 1797/1797/1797 1796/1796/1796
f 1797/1797/1797 1799/1799/1799 1796/1796/1796
f 1797/1797/1797 1800/1800/1800 1799/1799/1799
f 1800/1800/1800 1801/1801/1801 1799/1799/1799
f 1804/1804/1804 1803/1803/1803 1802/1802/1802
f 1803/1803/1803 1805/1805/1805 1802/1802/1802
f 1803/1803/1803 1806/1806/1806 1805/1805/1805
f 1806/1806/1806 1807/1807/1807 1805/1805/1805
f 1810/1810/1810 1809/1809/1809 1808/1808/1808
f 1808/1808/1808 1809/1809/1809 1811/1811/1811
f 1809/1809/1809 1812/1812/1812 1811/1811/1811
f 1815/1815/1815 1814/1814/1814 1813/1813/1813
f 1816/1816/1816 1815/1815/1815 1813/1813/1813
f 1817/1817/1817 1816/1816/1816 1813/1813/1813
f 1820/1820/1820 1819/1819/1819 1818/1818/1818
f 1819/1819/1819 1821/1821/1821 1818/1818/1818
f 1818/1818/1818 1821/1821/1821 1822/1822/1822
f 1821/1821/1821 1823/1823/1823 1822/1822/1822
f 1822/1822/1822 1823/1823/1823 1824/1824/1824
f 1823/1823/1823 1825/1825/1825 1824/1824/1824
f 1824/1824/1824 1825/1825/1825 1826/1826/1826
f 1825/1825/1825 1827/1827/1827 1826/1826/1826
f 1830/1830/1830 1829/1829/1829 1828/1828/1828
f 1831/1831/1831 1830/1830/1830 1828/1828/1828
f 1834/1834/1834 1833/1833/1833 1832/1832/1832
f 1835/1835/1835 1834/1834/1834 1832/1832/1832
f 1838/1838/1838 1837/1837/1837 1836/1836/1836
f 1839/1839/1839 1838/1838/1838 1836/1836/1836
f 1840/1840/1840 1838/1838/1838 1839/1839/1839
f 1841/1841/1841 1840/1840/1840 1839/1839/1839
f 1844/1844/1844 1843/1843/1843 1842/1842/1842
f 1844/1844/1844 1842/1842/1842 1845/1845/1845
f 1846/1846/1846 1844/1844/1844 1845/1845/1845
f 1849/1849/1849 1848/1848/1848 1847/1847/1847
f 1848/1848/1848 1850/1850/1850 1847/1847/1847
f 1850/1850/1850 1851/1851/1851 1847/1847/1847
f 1854/1854/1854 1853/1853/1853 1852/1852/1852
f 1853/1853/1853 1855/1855/1855 1852/1852/1852
f 1853/1853/1853 1856/1856/1856 1855/1855/1855
f 1856/1856/1856 1857/1857/1857 1855/1855/1855
f 1860/1860/1860 1859/1859/1859 1858/1858/1858
f 1861/1861/1861 1860/1860/1860 1858/1858/1858
f 1864/1864/1864 1863/1863/1863 1862/1862/1862
f 1865/1865/1865 1864/1864/1864 1862/1862/1862
f 1868/1868/1868 1867/1867/1867 1866/1866/1866
f 1867/1867/1867 1869/1869/1869 1866/1866/1866
f 1867/1867/1867 1870/1870/1870 1869/1869/1869
f 1870/1870/1870 1871/1871/1871 1869/1869/1869
f 1874/1874/1874 1873/1873/1873 1872/1872/1872
f 1875/1875/1875 1874/1874/1874 1872/1872/1872
f 1878/1878/1878 1877/1877/1877 1876/1876/1876
f 1879/1879/1879 1878/1878/1878 1876/1876/1876
f 1882/1882/1882 1881/1881/1881 1880/1880/1880
f 1880/1880/1880 1881/1881/1881 1883/1883/1883
f 1881/1881/1881 1884/1884/1884 1883/1883/1883
f 1887/1887/1887 1886/1886/1886 1885/1885/1885
f 1888/1888/1888 1887/1887/1887 1885/1885/1885
f 1889/1889/1889 1888/1888/1888 1885/1885/1885
f 1892/1892/1892 1891/1891/1891 1890/1890/1890
f 1891/1891/1891 1893/1893/1893 1890/1890/1890
f 1890/1890/1890 1893/1893/1893 1894/1894/1894
f 1893/1893/1893 1895/1895/1895 1894/1894/1894
f 1894/1894/1894 1895/1895/1895 1896/1896/1896
f 1895/1895/1895 1897/1897/1897 1896/1896/1896
f 1900/1900/1900 1899/1899/1899 1898/1898/1898
f 1901/1901/1901 1900/1900/1900 1898/1898/1898
f 1904/1904/1904 1903/1903/1903 1902/1902/1902
f 1905/1905/1905 1904/1904/1904 1902/1902/1902
f 1908/1908/1908 1907/1907/1907 1906/1906/1906
f 1909/1909/1909 1908/1908/1908 1906/1906/1906
f 1910/1910/1910 1908/1908/1908 1909/1909/1909
f 1911/1911/1911 1910/1910/1910 1909/1909/1909
f 1914/1914/1914 1913/1913/1913 1912/1912/1912
f 1915/1915/1915 1914/1914/1914 1912/1912/1912
f 1918/1918/1918 1917/1917/1917 1916/1916/1916
f 1918/1918/1918 1916/1916/1916 1919/1919/1919
f 1920/1920/1920 1918/1918/1918 1919/1919/1919
f 1923/1923/1923 1922/1922/1922 1921/1921/1921
f 1922/1922/1922 1924/1924/1924 1921/1921/1921
f 1924/1924/1924 1925/1925/1925 1921/1921/1921
f 1928/1928/1928 1927/1927/1927 1926/1926/1926
f 1927/1927/1927 1929/1929/1929 1926/1926/1926
f 1926/1926/1926 1929/1929/1929 1930/1930/1930
f 1929/1929/1929 1931/1931/1931 1930/1930/1930
f 1930/1930/1930 1931/1931/1931 1932/1932/1932
f 1931/1931/1931 1933/1933/1933 1932/1932/1932
f 1936/1936/1936 1935/1935/1935 1934/1934/1934
f 1937/1937/1937 1936/1936/1936 1934/1934/1934
f 1938/1938/1938 1936/1936/1936 1937/1937/1937
f 1939/1939/1939 1938/1938/1938 1937/1937/1937
f 1942/1942/1942 1941/1941/1941 1940/1940/1940
f 1943/1943/1943 1942/1942/1942 1940/1940/1940
f 1944/1944/1944 1942/1942/1942 1943/1943/1943
f 1945/1945/1945 1944/1944/1944 1943/1943/1943
f 1948/1948/1948 1947/1947/1947 1946/1946/1946
f 1949/1949/1949 1948/1948/1948 1946/1946/1946
f 1952/1952/1952 1951/1951/1951 1950/1950/1950
f 1952/1952/1952 1950/1950/1950 1953/1953/1953
f 1954/1954/1954 1952/1952/1952 1953/1953/1953
f 1957/1957/1957 1956/1956/1956 1955/1955/1955
f 1956/1956/1956 1958/1958/1958 1955/1955/1955
f 1958/1958/1958 1959/1959/1959 1955/1955/1955
f 1962/1962/1962 1961/1961/1961 1960/1960/1960
f 1963/1963/1963 1962/1962/1962 1960/1960/1960
f 1963/1963/1963 1960/1960/1960 1964/1964/1964
f 1965/1965/1965 1963/1963/1963 1964/1964/1964
f 1965/1965/1965 1964/1964/1964 1966/1966/1966
f 1967/1967/1967 1965/1965/1965 1966/1966/1966
f 1970/1970/1970 1969/1969/1969 1968/1968/1968
f 1969/1969/1969 1971/1971/1971 1968/1968/1968
f 1969/1969/1969 1972/1972/1972 1971/1971/1971
f 1972/1972/1972 1973/1973/1973 1971/1971/1971
f 1976/1976/1976 1975/1975/1975 1974/1974/1974
f 1975/1975/1975 1977/1977/1977 1974/1974/1974
f 1975/1975/1975 1978/1978/1978 1977/1977/1977
f 1978/1978/1978 1979/1979/1979 1977/1977/1977
f 1982/1982/1982 1981/1981/1981 1980/1980/1980
f 1983/1983/1983 1982/1982/1982 1980/1980/1980
f 1986/1986/1986 1985/1985/1985 1984/1984/1984
f 1984/1984/1984 1985/1985/1985 1987/1987/1987
f 1985/1985/1985 1988/1988/1988 1987/1987/1987
f 1991/1991/1991 1990/1990/1990 1989/1989/1989
f 1992/1992/1992 1991/1991/1991 1989/1989/1989
f 1993/1993/1993 1992/1992/1992 1989/1989/1989
f 1996/1996/1996 1995/1995/1995 1994/1994/1994
f 1997/1997/1997 1996/1996/1996 1994/1994/1994
f 1998/1998/1998 1996/1996/1996 1997/1997/1997
f 1999/1999/1999 1998/1998/1998 1997/1997/1997
f 2002/2002/2002 2001/2001/2001 2000/2000/2000
f 2003/2003/2003 2002/2002/2002 2000/2000/2000
f 2004/2004/2004 2002/2002/2002 2003/2003/2003
f 2005/2005/2005 2004/2004/2004 2003/2003/2003
f 2008/2008/2008 2007/2007/2007 2006/2006/2006
f 2009/2009/2009 2008/2008/2008 2006/2006/2006
f 2010/2010/2010 2008/2008/2008 2009/2009/2009
f 2011/2011/2011 2010/2010/2010 2009/2009/2009
f 2014/2014/2014 2013/2013/2013 2012/2012/2012
f 2015/2015/2015 2014/2014/2014 2012/2012/2012
f 2016/2016/2016 2014/2014/2014 2015/2015/2015
f 2017/2017/2017 2016/2016/2016 2015/2015/2015
f 2020/2020/2020 2019/2019/2019 2018/2018/2018
f 2020/2020/2020 2018/2018/2018 2021/2021/2021
f 2022/2022/2022 2020/2020/2020 2021/2021/2021
f 2025/2025/2025 2024/2024/2024 2023/2023/2023
f 2024/2024/2024 2026/2026/2026 2023/2023/2023
f 2026/2026/2026 2027/2027/2027 2023/2023/2023
f 2030/2030/2030 2029/2029/2029 2028/2028/2028
f 2031/2031/2031 2030/2030/2030 2028/2028/2028
f 2031/2031/2031 2028/2028/2028 2032/2032/2032
f 2028/2028/2028 2033/2033/2033 2032/2032/2032
f 2036/2036/2036 2035/2035/2035 2034/2034/2034
f 2035/2035/2035 2037/2037/2037 2034/2034/2034
f 2035/2035/2035 2038/2038/2038 2037/2037/2037
f 2038/2038/2038 2039/2039/2039 2037/2037/2037
f 2042/2042/2042 2041/2041/2041 2040/2040/2040
f 2041/2041/2041 2043/2043/2043 2040/2040/2040
f 2041/2041/2041 2044/2044/2044 2043/2043/2043
f 2044/2044/2044 2045/2045/2045 2043/2043/2043
f 2048/2048/2048 2047/2047/2047 2046/2046/2046
f 2049/2049/2049 2048/2048/2048 2046/2046/2046
f 2052/2052/2052 2051/2051/2051 2050/2050/2050
f 2051/2051/2051 2053/2053/2053 2050/2050/2050
f 2051/2051/2051 2054/2054/2054 2053/2053/2053
f 2054/2054/2054 2055/2055/2055 2053/2053/2053
f 2058/2058/2058 2057/2057/2057 2056/2056/2056
f 2059/2059/2059 2058/2058/2058 2056/2056/2056
f 2058/2058/2058 2059/2059/2059 2060/2060/2060
f 2059/2059/2059 2056/2056/2056 2061/2061/2061
f 2056/2056/2056 2062/2062/2062 2061/2061/2061
f 2059/2059/2059 2063/2063/2063 2060/2060/2060
f 2059/2059/2059 2061/2061/2061 2063/2063/2063
f 2060/2060/2060 2063/2063/2063 2064/2064/2064
f 2061/2061/2061 2065/2065/2065 2063/2063/2063
f 2063/2063/2063 2066/2066/2066 2064/2064/2064
f 2063/2063/2063 2065/2065/2065 2066/2066/2066
f 2065/2065/2065 2067/2067/2067 2066/2066/2066
f 2070/2070/2070 2069/2069/2069 2068/2068/2068
f 2071/2071/2071 2070/2070/2070 2068/2068/2068
f 2074/2074/2074 2073/2073/2073 2072/2072/2072
f 2075/2075/2075 2074/2074/2074 2072/2072/2072
f 2078/2078/2078 2077/2077/2077 2076/2076/2076
f 2079/2079/2079 2078/2078/2078 2076/2076/2076
f 2082/2082/2082 2081/2081/2081 2080/2080/2080
f 2083/2083/2083 2082/2082/2082 2080/2080/2080
f 2086/2086/2086 2085/2085/2085 2084/2084/2084
f 2087/2087/2087 2086/2086/2086 2084/2084/2084
f 2090/2090/2090 2089/2089/2089 2088/2088/2088
f 2091/2091/2091 2090/2090/2090 2088/2088/2088
f 2094/2094/2094 2093/2093/2093 2092/2092/2092
f 2095/2095/2095 2094/2094/2094 2092/2092/2092
f 2098/2098/2098 2097/2097/2097 2096/2096/2096
f 2099/2099/2099 2098/2098/2098 2096/2096/2096
f 2102/2102/2102 2101/2101/2101 2100/2100/2100
f 2103/2103/2103 2102/2102/2102 2100/2100/2100
f 2106/2106/2106 2105/2105/2105 2104/2104/2104
f 2107/2107/2107 2106/2106/2106 2104/2104/2104
f 2110/2110/2110 2109/2109/2109 2108/2108/2108
f 2111/2111/2111 2110/2110/2110 2108/2108/2108
f 2114/2114/2114 2113/2113/2113 2112/2112/2112
f 2115/2115/2115 2114/2114/2114 2112/2112/2112
f 2118/2118/2118 2117/2117/2117 2116/2116/2116
f 2119/2119/2119 2118/2118/2118 2116/2116/2116
f 2122/2122/2122 2121/2121/2121 2120/2120/2120
f 2123/2123/2123 2122/2122/2122 2120/2120/2120
f 2126/2126/2126 2125/2125/2125 2124/2124/2124
f 2127/2127/2127 2126/2126/2126 2124/2124/2124
f 2130/2130/2130 2129/2129/2129 2128/2128/2128
f 2131/2131/2131 2130/2130/2130 2128/2128/2128
