g ship_mc_liberty_cruiser_mesh
v 536.87726 -7.6069336 -30.875122
v 536.2563 -4.0637207 -32.391052
v 530.61273 -4.0637207 -34.436646
v 481.3549 -4.0637207 -51.12982
v 530.61273 -11.57019 -31.697021
v 481.3549 -13.250488 -47.111755
v 420.13422 -15.31427 -63.056213
v 420.13422 -32.57367 -35.916016
v 481.3549 -26.199585 -27.167603
v 348.43005 -16.227478 -79.329346
v 420.13422 -4.0637207 -68.38928
v 348.43005 -4.0637207 -85.99567
v 348.43005 -34.0531 -42.23529
v 348.43005 -42.746704 1.5250244
v 530.61273 -20.044617 -18.053894
v 567.17706 -9.579407 -19.460205
v 567.17706 -14.3828125 -10.8396
v 591.669 -7.8443604 -8.300964
v 591.669 -10.127319 -4.355957
v 591.669 -11.004028 1.5250244
v 595.63226 -6.9311523 -4.173279
v 597.203 -6.949402 1.5250244
v 595.63226 -6.9311523 7.241638
v 567.17706 -16.264038 1.5250244
v 530.61273 -22.09021 1.5250244
v 481.3549 -28.628662 1.5250244
v 420.13422 -35.039307 1.5250244
v 420.13422 -32.57367 38.966125
v 348.43005 -34.0531 45.30371
v 348.43005 -16.227478 82.397705
v 481.3549 -26.199585 30.235962
v 530.61273 -20.044617 21.122253
v 567.17706 -14.3828125 13.90802
v 591.669 -10.127319 7.4243164
v 591.669 -7.8443604 11.369324
v 591.669 -4.0637207 12.830444
v 596.6368 -4.0637207 7.7530518
v 567.17706 -9.579407 22.528564
v 530.61273 -11.57019 34.74713
v 557.0954 -7.6069336 26.692749
v 481.3549 -13.250488 50.180176
v 420.13422 -15.31427 66.12457
v 420.13422 -4.0637207 71.43939
v 348.43005 -4.0637207 89.064026
v 481.3549 -4.0637207 54.198242
v 420.13422 -15.31427 -63.056213
v 481.3549 -4.0637207 -51.12982
v 420.13422 -4.0637207 -68.38928
v 348.43005 -4.0637207 -85.99567
v 268.0505 8.940186 -94.79889
v 268.0505 -4.0637207 -100.314606
v 348.43005 8.100098 82.397705
v 420.13422 -4.0637207 71.43939
v 348.43005 -4.0637207 89.064026
v 331.24368 53.138916 14.528992
v 338.96933 52.572754 21.085693
v 337.3621 55.330566 21.085693
v -123.91162 -15.241211 -206.92114
v -119.893555 -11.150085 -209.05801
v -118.48724 -12.410339 -213.33179
v -117.35486 -4.0637207 -213.33179
v -118.48724 -12.410339 -213.33179
v -118.9621 -4.0637207 -209.05801
v -119.893555 3.0044556 -209.05801
v -118.48724 4.2646484 -213.33179
v -216.3819 65.01044 10.748352
v -195.68884 63.165833 7.86261
v -216.3819 63.165833 10.748352
v -106.396545 6.602417 -139.0524
v -108.97174 10.182129 -146.5954
v -106.396545 5.4883423 -153.49915
v -296.79797 -16.245728 106.88965
v -296.79797 -12.373779 106.88965
v -304.8158 -12.319031 106.88965
v -245.6955 55.622803 -7.515564
v -245.6955 65.01044 -9.049744
v -263.84985 64.17035 -8.812317
v -263.84985 64.17035 11.880676
v -245.6955 65.01044 12.118103
v -245.6955 55.622803 10.583984
v -325.19836 -17.323303 -99.565765
v -260.471 -17.323303 -99.565765
v -260.471 -3.3514404 -99.565765
v -325.19836 -3.3514404 -99.565765
v -260.471 6.529358 -89.685
v -325.19836 6.529358 -89.685
v -325.19836 6.529358 -75.71307
v -260.471 6.529358 -75.71307
v -260.471 -3.3514404 -65.83234
v -325.19836 -3.3514404 -65.83234
v -325.19836 -3.3514404 -65.83234
v -260.471 -3.3514404 -65.83234
v -260.471 -17.323303 -65.83234
v -325.19836 -17.323303 -65.83234
v -325.19836 -17.323303 -65.83234
v -260.471 -17.323303 -65.83234
v -260.471 -27.204102 -75.71307
v -325.19836 -27.204102 -75.71307
v -325.19836 -27.204102 -75.71307
v -260.471 -27.204102 -75.71307
v -260.471 -27.204102 -89.685
v -325.19836 -27.204102 -89.685
v -260.471 -17.323303 -99.565765
v -325.19836 -17.323303 -99.565765
v 536.87726 -7.6069336 -30.875122
v 530.61273 -4.0637207 -34.436646
v 530.61273 -11.57019 -31.697021
v 557.0954 -7.6069336 -23.62439
v 567.17706 -9.579407 -19.460205
v 567.17706 -4.0637207 -21.177002
v 557.7164 -4.0637207 -24.610596
v 591.669 -4.0637207 -9.762024
v 591.669 -7.8443604 -8.300964
v 595.63226 -6.9311523 -4.173279
v 596.6368 -4.0637207 -4.6846924
v 595.63226 -1.1962891 -4.173279
v 591.669 -0.28308105 -8.300964
v 597.203 -1.1779785 1.5250244
v 598.4632 -4.0637207 1.5250244
v 591.669 2.8583374 1.5250244
v 595.63226 -1.1962891 7.241638
v 591.669 1.999939 -4.355957
v 567.17706 8.574951 1.5250244
v 591.669 1.999939 7.4243164
v 591.669 -0.28308105 11.369324
v 567.17706 7.6069336 10.510925
v 567.17706 7.6069336 -7.442505
v 567.17706 4.8673706 17.59729
v 567.17706 1.4337158 22.528564
v 530.61273 9.780334 26.966675
v 530.61273 3.4244995 34.74713
v 530.61273 14.017578 15.296082
v 481.3549 18.912292 21.688416
v 481.3549 13.524475 38.765198
v 530.61273 15.515198 1.5250244
v 481.3549 5.451782 50.180176
v 420.13422 7.168579 66.12457
v 420.13422 17.432922 53.997314
v 348.43005 8.100098 82.397705
v 348.43005 19.807251 64.2251
v 412.46338 20.59259 49.559204
v 428.77307 21.158752 37.395386
v 436.3891 21.724976 23.313904
v 468.73453 21.487549 9.542908
v 473.22745 21.487549 5.9449463
v 481.3549 20.811768 1.5250244
v 474.87122 21.487549 1.5250244
v 473.22745 21.487549 -2.8765259
v 481.3549 18.912292 -18.620056
v 468.73453 21.487549 -6.492798
v 436.3891 21.724976 -20.245544
v 428.77307 21.158752 -34.327026
v 530.61273 14.017578 -12.227661
v 530.61273 9.780334 -23.898315
v 420.13422 17.432922 -50.928955
v 412.46338 20.59259 -46.490784
v 348.43005 19.807251 -61.174988
v 348.43005 8.100098 -79.329346
v 481.3549 13.524475 -35.69684
v 420.13422 7.168579 -63.056213
v 420.13422 -4.0637207 -68.38928
v 348.43005 -4.0637207 -85.99567
v 481.3549 5.451782 -47.111755
v 481.3549 -4.0637207 -51.12982
v 530.61273 3.4244995 -31.697021
v 567.17706 4.8673706 -14.528931
v 567.17706 1.4337158 -19.460205
v 557.0954 -0.5387573 -23.62439
v 557.7164 -4.0637207 -24.610596
v 536.87726 -0.5387573 -30.875122
v 536.2563 -4.0637207 -32.391052
v 536.87726 -0.5387573 33.943542
v 536.2563 -4.0637207 35.45941
v 530.61273 -4.0637207 37.486755
v 530.61273 3.4244995 34.74713
v 481.3549 5.451782 50.180176
v 557.0954 -0.5387573 26.692749
v 567.17706 1.4337158 22.528564
v 567.17706 -4.0637207 24.245361
v 557.7164 -4.0637207 27.679016
v 591.669 -0.28308105 11.369324
v 591.669 -4.0637207 12.830444
v 595.63226 -1.1962891 7.241638
v 596.6368 -4.0637207 7.7530518
v 567.17706 -9.579407 22.528564
v 591.669 -7.8443604 11.369324
v 567.17706 -4.0637207 24.245361
v 557.0954 -7.6069336 26.692749
v 557.7164 -4.0637207 27.679016
v 530.61273 -11.57019 34.74713
v 536.87726 -7.6069336 33.943542
v 536.2563 -4.0637207 35.45941
v 530.61273 -4.0637207 37.486755
v 481.3549 -4.0637207 54.198242
v 481.3549 -13.250488 50.180176
v 420.13422 -15.31427 66.12457
v 348.43005 -4.0637207 -85.99567
v 348.43005 8.100098 -79.329346
v 268.0505 8.940186 -94.79889
v 348.43005 19.807251 -61.174988
v 283.5931 19.95337 -72.95526
v 264.0507 19.95337 -71.40283
v 180.94983 9.342041 -106.92615
v 268.0505 -4.0637207 -100.314606
v 186.66644 -4.045471 -110.65198
v 180.94983 19.95337 -71.27496
v 246.2799 19.95337 -63.531067
v 268.0505 -4.0637207 -100.314606
v 348.43005 -16.227478 -79.329346
v 348.43005 -4.0637207 -85.99567
v 268.0505 -17.067627 -94.79889
v 348.43005 -34.0531 -42.23529
v 268.0505 -39.112183 -48.828613
v 348.43005 -42.746704 1.5250244
v 268.0505 -48.810303 1.5250244
v 268.0505 -39.112183 51.896973
v 348.43005 -34.0531 45.30371
v 268.0505 -17.067627 97.86725
v 348.43005 -16.227478 82.397705
v 180.94983 -17.031067 -106.92615
v 268.0505 -4.0637207 -100.314606
v 186.66644 -4.045471 -110.65198
v 268.0505 -17.067627 -94.79889
v 180.94983 -42.30835 -53.61377
v 268.0505 -39.112183 -48.828613
v 268.0505 -48.810303 1.5250244
v 180.94983 -53.4859 1.5250244
v 268.0505 -39.112183 51.896973
v 89.2832 -44.043457 -57.704834
v 89.2832 -56.079346 1.5250244
v 89.2832 -17.889526 -107.017456
v -4.7212524 -18.181702 -108.38727
v -4.7212524 -48.846863 -59.859985
v -4.7212524 -55.05658 45.650696
v 191.96298 -48.572876 30.838684
v 177.69885 -50.928955 19.18628
v 158.6861 -52.371765 13.15918
v 136.258 -53.321533 11.040588
v 194.17291 -47.130066 38.820007
v 113.829895 -53.63202 13.15918
v 94.81717 -53.175415 19.18628
v 80.44342 -51.696045 30.838684
v 78.1239 -50.52716 38.820007
v 191.96298 -44.773987 46.78308
v 180.94983 -36.719604 74.70862
v 177.69885 -41.870056 58.453735
v 268.0505 -17.067627 97.86725
v 158.6861 -40.609802 64.462524
v 80.44342 -48.627686 46.78308
v 89.2832 -38.4364 79.11023
v -4.7212524 -18.181702 111.45563
v 94.81717 -44.57312 58.453735
v 89.2832 -17.889526 110.085815
v 113.829895 -42.089172 64.462524
v 180.94983 -17.031067 109.99451
v 136.258 -40.70117 66.58118
v -180.80377 -4.0637207 -226.427
v -105.02673 -4.0637207 -223.76047
v -105.02673 0.5022583 -220.41818
v -180.80377 0.33789062 -223.37692
v -262.38873 -4.0637207 -225.80603
v -257.6584 -0.08215332 -221.75143
v -252.92798 2.8583374 -196.05411
v -255.13794 5.232605 -168.18335
v -264.79956 7.6799927 -142.97913
v -211.10364 9.342041 -104.51529
v -105.02673 9.853394 -108.588165
v -280.59784 8.100098 -120.642365
v -304.8158 9.652527 -98.141205
v -105.02673 -8.647949 -220.41818
v -105.02673 -4.0637207 -223.76047
v -180.80377 -4.0637207 -226.427
v -180.80377 -8.465332 -223.37692
v -262.38873 -4.0637207 -225.80603
v -257.6584 -8.063538 -221.75143
v -252.92798 -10.985718 -196.05411
v -255.13794 -13.360046 -168.18335
v -264.79956 -15.807434 -142.97913
v -211.10364 -17.031067 -104.51529
v -105.02673 -17.889526 -108.588165
v -280.59784 -16.245728 -120.642365
v -296.79797 -16.245728 -103.82129
v -64.29816 -4.0637207 -218.71964
v -105.02673 -4.0637207 -223.76047
v -105.02673 -8.647949 -220.41818
v -64.91913 -9.232422 -215.34082
v -105.02673 -17.889526 -108.588165
v -19.350647 -4.0637207 -203.85281
v -4.7212524 -18.181702 -108.38727
v -20.720459 -10.602173 -200.29132
v 20.227295 -12.866943 -177.77191
v 22.473755 -4.0637207 -181.62561
v 89.2832 -17.889526 -107.017456
v 64.59033 -4.0637207 -158.32083
v 63.019653 -14.693298 -154.2297
v 105.04495 -16.0083 -134.23071
v 180.94983 -17.031067 -106.92615
v 107.053986 -4.0637207 -138.54099
v 186.66644 -4.045471 -110.65198
v -64.29816 -4.0637207 -218.71964
v -105.02673 0.5022583 -220.41818
v -105.02673 -4.0637207 -223.76047
v -64.91913 1.086731 -215.34082
v -105.02673 9.853394 -108.588165
v -19.350647 -4.0637207 -203.85281
v -4.7212524 10.036072 -108.38727
v -20.720459 2.456543 -200.29132
v 20.227295 4.739502 -177.77191
v 22.473755 -4.0637207 -181.62561
v 89.2832 9.853394 -107.017456
v 63.019653 6.5476074 -154.2297
v 64.59033 -4.0637207 -158.32083
v 107.053986 -4.0637207 -138.54099
v 105.04495 7.8809204 -134.23071
v 180.94983 9.342041 -106.92615
v 186.66644 -4.045471 -110.65198
v 596.6368 -4.0637207 -4.6846924
v 595.63226 -6.9311523 -4.173279
v 597.203 -6.949402 1.5250244
v 598.4632 -4.0637207 1.5250244
v 596.6368 -4.0637207 7.7530518
v 595.63226 -6.9311523 7.241638
v 597.203 -1.1779785 1.5250244
v 595.63226 -1.1962891 7.241638
v 180.94983 19.95337 -71.27496
v 89.2832 9.853394 -107.017456
v 180.94983 9.342041 -106.92615
v 89.2832 22.309387 -78.52576
v -4.7212524 21.998901 -84.625916
v -4.7212524 10.036072 -108.38727
v -105.02673 9.853394 -108.588165
v -105.02673 21.670166 -86.56186
v 283.5931 19.95337 -72.95526
v 348.43005 19.807251 -61.174988
v 348.00998 25.432556 -54.490417
v 283.95837 27.36853 -66.56287
v 348.43005 30.162903 -39.18524
v 266.15106 27.36853 -66.16107
v 264.0507 19.95337 -71.40283
v 268.0505 31.660522 -54.106873
v 348.43005 39.970642 -20.994385
v 252.28873 27.021484 -60.93756
v 246.2799 19.95337 -63.531067
v 180.94983 19.95337 -71.27496
v 180.94983 36.573547 -55.03833
v 268.0505 43.14856 -27.222351
v 268.0505 48.043274 1.5250244
v 180.94983 44.62793 -31.185669
v 348.43005 44.153076 1.5250244
v 180.94983 49.86969 1.5250244
v 180.94983 44.62793 34.25403
v 348.43005 39.970642 24.062744
v 268.0505 43.14856 30.29071
v 180.94983 36.573547 58.10669
v 268.0505 31.660522 57.175232
v 348.43005 30.162903 42.2536
v 252.28873 27.021484 64.00592
v 180.94983 19.95337 74.34332
v 246.2799 19.95337 66.59943
v 264.0507 19.95337 74.47119
v 266.15106 27.36853 69.21118
v 283.5931 19.95337 76.00537
v 283.95837 27.36853 69.631226
v 348.00998 25.432556 57.558777
v 348.43005 19.807251 64.2251
v 89.2832 22.309387 -78.52576
v 180.94983 19.95337 -71.27496
v 180.94983 36.573547 -55.03833
v 89.2832 37.12146 -60.407898
v -4.7212524 21.998901 -84.625916
v 89.2832 45.833313 -33.669556
v 180.94983 44.62793 -31.185669
v 180.94983 49.86969 1.5250244
v -4.7212524 37.486755 -65.193054
v -105.02673 21.670166 -86.56186
v -105.02673 37.340637 -66.672424
v -4.7212524 46.600403 -36.37262
v -105.02673 46.289917 -37.231018
v 89.2832 51.33081 1.5250244
v 180.94983 44.62793 34.25403
v -4.7212524 52.280518 1.5250244
v -105.02673 51.896973 1.5250244
v -105.02673 46.289917 40.299377
v 89.2832 45.833313 36.737915
v 180.94983 36.573547 58.10669
v -4.7212524 46.600403 39.44098
v -105.02673 37.340637 69.740845
v -4.7212524 37.486755 68.243164
v -105.02673 21.670166 89.612
v -4.7212524 21.998901 87.694275
v 89.2832 37.12146 63.47632
v 89.2832 22.309387 81.59412
v 180.94983 19.95337 74.34332
v -211.10364 9.342041 -104.51529
v -304.8158 17.853027 -76.06012
v -304.8158 9.652527 -98.141205
v -211.10364 20.720459 -83.2926
v -105.02673 9.853394 -108.588165
v -105.02673 21.670166 -86.56186
v -304.8158 32.244995 -59.074646
v -211.10364 34.235718 -63.476257
v -105.02673 37.340637 -66.672424
v -105.02673 46.289917 -37.231018
v -211.10364 45.37677 -35.404602
v -211.10364 50.764587 1.5250244
v -304.8158 43.00244 -31.733582
v -105.02673 51.896973 1.5250244
v -304.8158 48.061523 1.5250244
v -304.8158 43.00244 34.80194
v -105.02673 46.289917 40.299377
v -211.10364 45.37677 38.47296
v -304.8158 32.244995 62.143005
v -211.10364 34.235718 66.54462
v -105.02673 37.340637 69.740845
v -105.02673 21.670166 89.612
v -211.10364 20.720459 86.36096
v -304.8158 17.853027 79.12848
v -211.10364 9.342041 107.56543
v -105.02673 9.853394 111.656555
v -304.8158 9.652527 101.209595
v -561.2231 31.496155 1.5250244
v -584.19916 27.021484 1.5250244
v -583.35895 24.537598 -8.666199
v -561.2231 30.254211 -10.036011
v -486.4688 39.587097 1.5250244
v -486.4688 38.217285 20.263855
v -561.2231 30.254211 13.10437
v -486.4688 34.290527 34.07135
v -561.2414 25.779541 22.802551
v -440.93683 36.865723 40.95685
v -440.93683 41.59613 24.172302
v -366.65747 33.578247 57.23004
v -357.85425 41.63263 30.984741
v -357.41595 30.491638 62.5083
v -440.93683 43.258118 1.5250244
v -561.2414 25.779541 -19.73413
v -579.88885 16.373596 -17.104126
v -593.2032 18.236572 -8.118286
v -486.4688 38.217285 -17.195496
v -486.4688 34.290527 -31.00299
v -440.93683 36.865723 -37.88849
v -440.93683 41.59613 -21.103943
v -366.65747 33.578247 -54.161682
v -357.85425 46.399536 1.5250244
v -357.85425 41.63263 -27.916382
v -357.41595 30.491638 -59.43994
v -304.8158 43.00244 -31.733582
v -304.8158 32.244995 -59.074646
v -304.8158 48.061523 1.5250244
v -353.0691 23.569641 -67.329956
v -304.8158 17.853027 -76.06012
v -304.8158 43.00244 34.80194
v -304.8158 32.244995 62.143005
v -353.0691 23.569641 70.380066
v -304.8158 17.853027 79.12848
v -352.52118 16.008362 -70.7453
v -352.52118 16.008362 73.81366
v -304.8158 9.652527 -98.141205
v -304.8158 9.652527 101.209595
v -357.85425 8.465332 -93.8309
v -304.8158 5.725769 -103.82129
v -357.8725 15.186462 -75.80438
v -365.39728 14.145447 -78.25177
v -440.93683 10.036072 -76.29755
v -357.85425 8.465332 96.89929
v -304.8158 5.725769 106.88965
v -357.8725 15.186462 78.8728
v -365.39728 14.145447 81.32013
v -440.93683 10.036072 79.365906
v -352.52118 16.008362 -70.7453
v -353.0691 23.569641 -67.329956
v -358.21954 25.651672 -70.90967
v -357.8725 15.186462 -75.80438
v -577.45966 23.934875 -28.354736
v -579.88885 16.373596 -17.104126
v -583.50507 9.944702 -16.81195
v -585.98895 9.944702 -25.560364
v -578.3182 9.944702 -37.395386
v -561.2414 9.944702 -46.80127
v -561.2414 29.359253 -34.674072
v -365.39728 14.145447 -78.25177
v -357.8725 15.186462 -75.80438
v -358.21954 25.651672 -70.90967
v -366 27.898193 -72.8822
v -440.93683 10.036072 -76.29755
v -440.93683 31.203918 -68.188354
v -486.48712 9.944702 -70.90967
v -366.5844 35.788208 -60.15222
v -486.4688 30.546448 -61.960327
v -561.2414 9.944702 -46.80127
v -561.2414 29.359253 -34.674072
v -486.4688 39.861023 -43.659912
v -359.6624 32.025818 -62.855286
v -353.0691 23.569641 -67.329956
v -357.41595 30.491638 -59.43994
v -366.65747 33.578247 -54.161682
v -440.93683 41.011658 -50.709778
v -440.93683 36.865723 -37.88849
v -486.4688 34.290527 -31.00299
v -561.2414 25.779541 -19.73413
v -579.88885 16.373596 -17.104126
v -577.45966 23.934875 -28.354736
v -579.88885 16.373596 -17.104126
v -593.2032 18.236572 -8.118286
v -595.37665 9.944702 -8.721008
v -583.50507 9.944702 -16.81195
v 481.3549 5.451782 50.180176
v 530.61273 -4.0637207 37.486755
v 481.3549 -4.0637207 54.198242
v 420.13422 -4.0637207 71.43939
v 420.13422 7.168579 66.12457
v 348.43005 8.100098 82.397705
v 268.0505 8.940186 97.86725
v 348.43005 19.807251 64.2251
v 348.43005 8.100098 82.397705
v 283.5931 19.95337 76.00537
v 264.0507 19.95337 74.47119
v 180.94983 9.342041 109.99451
v 180.94983 19.95337 74.34332
v 246.2799 19.95337 66.59943
v 180.94983 19.95337 74.34332
v 180.94983 9.342041 109.99451
v 89.2832 9.853394 110.085815
v 89.2832 22.309387 81.59412
v -4.7212524 21.998901 87.694275
v -4.7212524 10.036072 111.45563
v -105.02673 9.853394 111.656555
v -105.02673 21.670166 89.612
v 474.87122 21.487549 1.5250244
v 472.31427 23.898376 5.5979004
v 473.72058 23.898376 1.5250244
v 473.22745 21.487549 5.9449463
v 468.73453 21.487549 9.542908
v 468.73453 25.596924 7.9174194
v 436.3891 21.724976 23.313904
v 433.10162 26.838867 22.930359
v 424.3897 24.574158 35.276794
v 468.73453 25.596924 7.9174194
v 473.72058 23.898376 1.5250244
v 472.31427 23.898376 5.5979004
v 468.73453 27.27716 1.5250244
v 433.10162 34.875 1.5250244
v 433.08334 32.409363 13.999329
v 398.49146 37.03015 19.478516
v 433.10162 26.838867 22.930359
v 398.49146 28.11731 31.569214
v 424.3897 24.574158 35.276794
v 468.73453 25.596924 -4.8673096
v 433.08334 32.409363 -10.930969
v 398.49146 37.03015 -16.410095
v 398.49146 40.06195 1.5250244
v 472.31427 23.898376 -2.529541
v 474.87122 21.487549 1.5250244
v 473.22745 21.487549 -2.8765259
v 468.73453 21.487549 -6.492798
v 436.3891 21.724976 -20.245544
v 433.10162 26.838867 -19.862
v 424.3897 24.574158 -32.208435
v 428.77307 21.158752 -34.327026
v 412.46338 20.59259 -46.490784
v 398.49146 28.11731 -28.519104
v 412.31726 24.281921 -41.322144
v 348.43005 19.807251 -61.174988
v 348.00998 25.432556 -54.490417
v 348.43005 30.162903 -39.18524
v 348.43005 39.970642 -20.994385
v 348.43005 44.153076 1.5250244
v 348.43005 39.970642 24.062744
v 348.43005 30.162903 42.2536
v 412.31726 24.281921 44.390503
v 348.00998 25.432556 57.558777
v 348.43005 19.807251 64.2251
v 412.46338 20.59259 49.559204
v 428.77307 21.158752 37.395386
v 436.3891 21.724976 23.313904
v -365.39728 14.145447 81.32013
v -362.10974 26.765808 74.964294
v -357.8725 15.186462 78.8728
v -352.52118 16.008362 73.81366
v -353.0691 23.569641 70.380066
v -363.11426 33.906982 64.57214
v -357.41595 30.491638 62.5083
v -366.65747 33.578247 57.23004
v -440.93683 36.865723 40.95685
v -440.93683 41.011658 53.778137
v -440.93683 31.203918 71.256714
v -486.4688 34.290527 34.07135
v -486.4688 39.861023 46.72827
v -486.4688 30.546448 65.01044
v -561.2414 25.779541 22.802551
v -561.2414 29.359253 37.74243
v -211.10364 9.342041 107.56543
v -105.02673 9.853394 111.656555
v -105.02673 0.5022583 223.48657
v -180.80377 0.33789062 226.42706
v -264.79956 7.6799927 146.04749
v -280.59784 8.100098 123.71069
v -304.8158 9.652527 101.209595
v -255.13794 5.232605 171.25171
v -252.92798 2.8583374 199.1225
v -257.6584 -0.08215332 224.81982
v -211.10364 -17.031067 107.56543
v -105.02673 -8.647949 223.48657
v -105.02673 -17.889526 111.656555
v -180.80377 -8.465332 226.42706
v -264.79956 -15.807434 146.04749
v -255.13794 -13.360046 171.25171
v -252.92798 -10.985718 199.1225
v -257.6584 -8.063538 224.81982
v -280.59784 -16.245728 123.71069
v -296.79797 -16.245728 106.88965
v -284.63416 -12.483398 127.10779
v -304.8158 -12.319031 106.88965
v -4.7212524 -55.05658 45.650696
v -105.02673 -17.889526 111.656555
v -4.7212524 -18.181702 111.45563
v -105.02673 -55.257507 53.175415
v -105.02673 -53.832886 -61.211548
v -4.7212524 -48.846863 -59.859985
v -105.02673 -17.889526 -108.588165
v -4.7212524 -18.181702 -108.38727
v -211.10364 -17.031067 -104.51529
v -211.10364 -38.728638 83.32916
v -211.10364 -17.031067 107.56543
v -211.10364 -45.92462 -61.613342
v -271.1554 -30.948181 91.31055
v -281.01794 -24.30011 98.45172
v -296.79797 -16.245728 106.88965
v -263.94116 -38.765198 82.87256
v -211.10364 -53.120605 46.01599
v -263.94116 -53.157166 45.559387
v -211.10364 -58.398865 1.5250244
v -263.94116 -58.197998 1.5250244
v -263.94116 -53.157166 -42.491028
v -263.94116 -38.765198 -79.82245
v -271.1554 -30.948181 -88.24216
v -281.01794 -24.30011 -95.40161
v -296.79797 -16.245728 -103.82129
v 89.2832 9.853394 110.085815
v 180.94983 9.342041 109.99451
v 105.04495 7.8809204 137.29907
v 63.019653 6.5476074 157.27985
v 20.227295 4.739502 180.84027
v -4.7212524 10.036072 111.45563
v -20.720459 2.456543 203.35968
v -64.91913 1.086731 218.40918
v -105.02673 9.853394 111.656555
v -105.02673 0.5022583 223.48657
v 180.94983 -17.031067 109.99451
v 89.2832 -17.889526 110.085815
v 105.04495 -16.0083 137.29907
v 63.019653 -14.693298 157.27985
v 20.227295 -12.866943 180.84027
v -4.7212524 -18.181702 111.45563
v -20.720459 -10.602173 203.35968
v -64.91913 -9.232422 218.40918
v -105.02673 -17.889526 111.656555
v -105.02673 -8.647949 223.48657
v 536.2563 -4.0637207 -32.391052
v 530.61273 3.4244995 -31.697021
v 530.61273 -4.0637207 -34.436646
v 481.3549 5.451782 -47.111755
v 234.7919 45.650696 -54.14337
v 234.7919 45.650696 -46.326416
v 234.26224 48.20764 -46.509094
v 234.26224 48.20764 -53.960754
v -52.591003 46.85614 -44.134766
v -46.436035 65.68622 -44.134766
v -31.423096 65.68622 -44.134766
v -37.578064 46.85614 -44.134766
v -46.436035 65.68622 -49.12079
v -52.591003 46.85614 -49.12079
v -37.578064 46.85614 -49.12079
v -31.423096 65.68622 -49.12079
v -37.578064 46.85614 -44.134766
v -31.423096 65.68622 -44.134766
v -31.423096 65.68622 -49.12079
v -37.578064 46.85614 -49.12079
v -52.591003 46.85614 -49.12079
v -46.436035 65.68622 -49.12079
v -46.436035 65.68622 -44.134766
v -52.591003 46.85614 -44.134766
v -16.446655 64.93738 -56.262024
v -2.8035278 64.07898 -51.622986
v -3.2601318 68.48059 -49.997498
v -16.337097 70.32526 -51.440308
v -43.91565 64.93738 -55.403625
v -43.970398 70.80011 -51.020264
v -64.90088 64.93738 -49.486084
v -64.13379 68.11536 -48.536377
v -43.91565 64.93738 -37.83368
v -64.90088 64.93738 -43.75122
v -64.13379 68.11536 -44.71924
v -43.970398 70.80011 -42.23529
v -16.446655 64.93738 -36.99359
v -43.970398 70.80011 -51.020264
v -64.13379 68.11536 -48.536377
v -16.337097 70.32526 -51.440308
v -16.337097 70.32526 -41.815247
v -3.2601318 68.48059 -49.997498
v -3.2601318 68.48059 -43.239807
v -2.8035278 64.07898 -41.63263
v -2.8035278 64.07898 -41.63263
v -3.2601318 68.48059 -43.239807
v -3.2601318 68.48059 -49.997498
v -2.8035278 64.07898 -51.622986
v -64.90088 64.93738 -43.75122
v -64.90088 64.93738 -49.486084
v -64.13379 68.11536 -48.536377
v -64.13379 68.11536 -44.71924
v -3.3514404 62.088257 -50.143616
v -2.8035278 64.07898 -51.622986
v -16.446655 64.93738 -56.262024
v -16.391907 60.24359 -51.659485
v -3.3514404 62.088257 -43.09369
v -16.391907 60.24359 -41.59607
v -43.91565 64.93738 -55.403625
v -43.9339 59.786987 -42.034424
v -43.9339 59.786987 -51.20288
v -64.90088 64.93738 -49.486084
v -64.04248 62.45349 -44.62787
v -64.04248 62.45349 -48.627686
v -43.91565 64.93738 -37.83368
v -64.04248 62.45349 -44.62787
v -64.90088 64.93738 -43.75122
v -43.9339 59.786987 -42.034424
v -16.446655 64.93738 -36.99359
v -16.391907 60.24359 -41.59607
v -2.8035278 64.07898 -41.63263
v -3.3514404 62.088257 -43.09369
v -3.3514404 62.088257 -43.09369
v -2.8035278 64.07898 -41.63263
v -2.8035278 64.07898 -51.622986
v -3.3514404 62.088257 -50.143616
v -64.04248 62.45349 -48.627686
v -64.90088 64.93738 -49.486084
v -64.90088 64.93738 -43.75122
v -64.04248 62.45349 -44.62787
v 225.44077 46.344727 -58.05188
v 234.7919 45.650696 -54.14337
v 234.26224 48.20764 -53.960754
v 225.44077 50.271484 -54.106873
v 206.90286 46.344727 -57.35785
v 206.90286 50.709778 -53.759827
v 192.74832 46.344727 -50.234924
v 193.3693 47.970215 -50.234924
v 206.90286 46.344727 -43.09369
v 192.74832 46.344727 -50.234924
v 193.3693 47.970215 -50.234924
v 206.90286 50.709778 -46.69171
v 206.90286 50.709778 -53.759827
v 225.44077 46.344727 -42.41797
v 225.44077 50.271484 -54.106873
v 225.44077 50.271484 -46.362976
v 234.7919 45.650696 -46.326416
v 234.26224 48.20764 -53.960754
v 234.26224 48.20764 -46.509094
v 234.26224 44.48181 -53.960754
v 234.7919 45.650696 -54.14337
v 225.44077 46.344727 -58.05188
v 225.44077 42.41797 -54.106873
v 234.26224 44.48181 -46.509094
v 225.44077 42.41797 -46.362976
v 206.90286 46.344727 -57.35785
v 206.90286 41.979675 -46.69171
v 206.90286 41.979675 -53.759827
v 192.74832 46.344727 -50.234924
v 193.3693 44.70099 -50.234924
v 206.90286 46.344727 -43.09369
v 193.3693 44.70099 -50.234924
v 192.74832 46.344727 -50.234924
v 206.90286 41.979675 -46.69171
v 225.44077 46.344727 -42.41797
v 225.44077 42.41797 -46.362976
v 234.7919 45.650696 -46.326416
v 234.26224 44.48181 -46.509094
v 234.26224 44.48181 -46.509094
v 234.7919 45.650696 -46.326416
v 234.7919 45.650696 -54.14337
v 234.26224 44.48181 -53.960754
v 198.51974 29.012268 -48.536377
v 204.69293 46.253418 -48.536377
v 219.7059 46.253418 -48.536377
v 213.55093 29.012268 -48.536377
v 204.69293 46.253418 -51.93347
v 198.51974 29.012268 -51.93347
v 213.55093 29.012268 -51.93347
v 219.7059 46.253418 -51.93347
v 213.55093 29.012268 -48.536377
v 219.7059 46.253418 -48.536377
v 219.7059 46.253418 -51.93347
v 213.55093 29.012268 -51.93347
v 198.51974 29.012268 -51.93347
v 204.69293 46.253418 -51.93347
v 204.69293 46.253418 -48.536377
v 198.51974 29.012268 -48.536377
v 311.37253 53.138916 26.345703
v 303.793 53.138916 21.085693
v 304.17654 55.1662 21.085693
v 311.28122 56.736877 23.514832
v 319.9931 53.138916 27.806824
v 319.9931 57.39441 24.190613
v 331.24368 53.138916 27.660706
v 331.33502 56.736877 24.117554
v 338.96933 52.572754 21.085693
v 337.3621 55.330566 21.085693
v 338.71362 51.3125 21.085693
v 338.96933 52.572754 21.085693
v 331.24368 53.138916 14.528992
v 331.2802 49.90619 17.268555
v 338.71362 51.3125 21.085693
v 331.2802 49.90619 17.268555
v 331.2802 49.90619 24.902893
v 319.9931 49.24872 24.994202
v 319.9931 49.24872 17.195496
v 311.336 49.90619 24.154053
v 319.9931 53.138916 14.382874
v 331.24368 53.138916 14.528992
v 311.37253 53.138916 15.843994
v 311.336 49.90619 18.035645
v 304.26785 51.45862 21.085693
v 303.793 53.138916 21.085693
v 311.37253 53.138916 26.345703
v 304.26785 51.45862 21.085693
v 303.793 53.138916 21.085693
v 311.336 49.90619 24.154053
v 319.9931 53.138916 27.806824
v 319.9931 49.24872 24.994202
v 331.24368 53.138916 27.660706
v 331.2802 49.90619 24.902893
v 338.96933 52.572754 21.085693
v 338.71362 51.3125 21.085693
v 306.00293 36.774414 22.802551
v 312.1579 54.015564 22.802551
v 327.1891 54.015564 22.802551
v 321.0159 36.774414 22.802551
v 312.1579 54.015564 19.387146
v 306.00293 36.774414 19.387146
v 321.0159 36.774414 19.387146
v 327.1891 54.015564 19.387146
v 321.0159 36.774414 22.802551
v 327.1891 54.015564 22.802551
v 327.1891 54.015564 19.387146
v 321.0159 36.774414 19.387146
v 306.00293 36.774414 19.387146
v 312.1579 54.015564 19.387146
v 312.1579 54.015564 22.802551
v 306.00293 36.774414 22.802551
v 82.96387 -9.451538 -167.5989
v 81.630615 -8.830566 -171.1969
v 66.90985 -12.118103 -172.03705
v 66.90985 -14.309753 -167.5989
v 81.630615 -8.830566 -164.01917
v 66.90985 -12.118103 -163.16077
v 39.27655 -14.784607 -173.27899
v 39.27655 -17.688599 -167.5989
v 39.27655 -14.784607 -161.91882
v -25.761292 -15.003784 -162.7955
v -25.761292 -17.962585 -167.5989
v -25.761292 -15.003784 -172.4206
v -52.481384 -14.236694 -170.28369
v -53.796387 -15.588257 -167.5989
v -52.481384 -14.236694 -164.91412
v 81.630615 0.6849365 -171.1969
v 81.630615 -8.830566 -171.1969
v 84.27887 -4.0637207 -171.03253
v 66.90985 -12.118103 -172.03705
v 66.90985 3.972412 -172.03705
v 39.27655 -14.784607 -173.27899
v 39.27655 6.6572266 -173.27899
v -25.761292 -15.003784 -172.4206
v -25.761292 6.8580933 -172.4206
v -52.481384 6.0910645 -170.28369
v -52.481384 -14.236694 -170.28369
v -55.1297 -4.0637207 -169.86365
v 81.630615 0.6849365 -171.1969
v 82.96387 1.3241577 -167.5989
v 66.90985 6.1640625 -167.5989
v 66.90985 3.972412 -172.03705
v 39.27655 9.561157 -167.5989
v 39.27655 6.6572266 -173.27899
v -25.761292 6.8580933 -172.4206
v 39.27655 6.6572266 -161.91882
v 66.90985 3.972412 -163.16077
v 82.96387 1.3241577 -167.5989
v 81.630615 0.6849365 -164.01917
v -25.761292 9.835144 -167.5989
v -25.761292 6.8580933 -162.7955
v -52.481384 6.0910645 -164.91412
v -53.796387 7.442566 -167.5989
v -52.481384 6.0910645 -170.28369
v -52.481384 6.0910645 -164.91412
v -52.481384 -14.236694 -164.91412
v -55.1297 -4.0637207 -165.35245
v -25.761292 -15.003784 -162.7955
v -25.761292 6.8580933 -162.7955
v 39.27655 -14.784607 -161.91882
v 39.27655 6.6572266 -161.91882
v 66.90985 -12.118103 -163.16077
v 66.90985 3.972412 -163.16077
v 81.630615 0.6849365 -164.01917
v 81.630615 -8.830566 -164.01917
v 84.27887 -4.0637207 -164.16528
v 84.27887 -4.0637207 -171.03253
v 81.630615 -8.830566 -171.1969
v 82.96387 -9.451538 -167.5989
v 86.050476 -4.0637207 -167.5989
v 81.630615 -8.830566 -164.01917
v 84.27887 -4.0637207 -164.16528
v 86.050476 -4.0637207 -167.5989
v 84.27887 -4.0637207 -164.16528
v 81.630615 0.6849365 -164.01917
v 82.96387 1.3241577 -167.5989
v 81.630615 0.6849365 -171.1969
v 84.27887 -4.0637207 -171.03253
v 86.050476 -4.0637207 -167.5989
v 82.96387 1.3241577 -167.5989
v -168.4939 -15.35083 -219.63284
v -286.47882 -11.277954 -217.55075
v -286.47882 -12.5564575 -213.05783
v -168.4939 -17.359863 -213.33179
v -123.91162 -15.241211 -219.76068
v -123.89337 -17.213745 -213.33179
v -119.893555 -11.150085 -217.62381
v -118.48724 -12.410339 -213.33179
v -168.4939 -17.359863 -213.33179
v -286.47882 -11.277954 -208.54663
v -168.4939 -15.35083 -207.04898
v -123.89337 -17.213745 -213.33179
v -123.91162 -15.241211 -206.92114
v -118.48724 -12.410339 -213.33179
v -168.4939 9.214172 -213.33179
v -286.47882 4.4107666 -213.05783
v -286.47882 3.1322632 -217.55075
v -168.4939 7.205139 -219.63284
v -123.89337 9.086304 -213.33179
v -123.91162 7.095581 -219.76068
v -119.893555 3.0044556 -217.62381
v -118.48724 4.2646484 -213.33179
v -168.4939 7.205139 -207.04898
v -286.47882 3.1322632 -208.54663
v -286.47882 4.4107666 -213.05783
v -168.4939 9.214172 -213.33179
v -123.91162 7.095581 -206.92114
v -123.89337 9.086304 -213.33179
v -119.893555 3.0044556 -209.05801
v -118.48724 4.2646484 -213.33179
v -168.4939 -15.35083 -207.04898
v -286.47882 -11.277954 -208.54663
v -286.47882 3.1322632 -208.54663
v -168.4939 7.205139 -207.04898
v -123.91162 -15.241211 -206.92114
v -123.91162 7.095581 -206.92114
v -118.9621 -4.0637207 -209.05801
v -119.893555 3.0044556 -209.05801
v -119.893555 -11.150085 -209.05801
v -290.20465 -4.0637207 -216.29053
v -286.47882 3.1322632 -217.55075
v -289.49237 0.8493042 -216.29053
v -286.47882 -11.277954 -217.55075
v -289.49237 -8.976685 -216.29053
v -168.4939 7.205139 -219.63284
v -168.4939 -15.35083 -219.63284
v -123.91162 7.095581 -219.76068
v -123.91162 -15.241211 -219.76068
v -118.9621 -4.0637207 -217.62381
v -119.893555 3.0044556 -217.62381
v -119.893555 -11.150085 -217.62381
v -118.48724 -12.410339 -213.33179
v -118.9621 -4.0637207 -217.62381
v -119.893555 -11.150085 -217.62381
v -117.35486 -4.0637207 -213.33179
v -118.48724 4.2646484 -213.33179
v -119.893555 3.0044556 -217.62381
v -270.68054 73.79541 -6.3832397
v -283.1183 71.58545 1.5250244
v -279.20978 66.96472 -5.451782
v -263.84985 64.17035 -8.812317
v -245.6955 65.01044 -9.049744
v -231.04779 73.430115 -6.9311523
v -216.3819 65.01044 -7.6799927
v -195.68884 70.10608 -3.8810425
v -195.68884 63.165833 -4.8125
v -216.3819 63.165833 -7.6799927
v -190.35577 63.165833 -3.2783813
v -190.66626 68.133606 -3.0957031
v -190.66626 68.133606 -3.0957031
v -190.35577 63.165833 -3.2783813
v -188.73029 63.165833 1.5250244
v -189.29651 70.05133 1.5250244
v -190.66626 68.133606 6.1640625
v -190.35577 63.165833 6.3467407
v -195.68884 70.10608 -3.8810425
v -190.66626 68.133606 -3.0957031
v -189.29651 70.05133 1.5250244
v -195.68884 72.82739 1.5250244
v -231.04779 73.430115 -6.9311523
v -195.68884 70.10608 6.949463
v -190.66626 68.133606 6.1640625
v -231.04779 76.31586 1.5250244
v -231.04779 73.430115 9.999512
v -270.68054 73.79541 9.451599
v -270.68054 76.60803 1.5250244
v -270.68054 73.79541 -6.3832397
v -283.1183 71.58545 1.5250244
v -245.6955 65.01044 12.118103
v -245.6955 65.01044 -9.049744
v -245.6955 55.622803 -7.515564
v -245.6955 55.622803 10.583984
v -216.3819 65.01044 10.748352
v -216.3819 65.01044 -7.6799927
v -245.6955 65.01044 -9.049744
v -245.6955 65.01044 12.118103
v -195.68884 63.165833 7.86261
v -216.3819 63.165833 -7.6799927
v -216.3819 63.165833 10.748352
v -195.68884 63.165833 -4.8125
v -190.35577 63.165833 6.3467407
v -190.35577 63.165833 -3.2783813
v -188.73029 63.165833 1.5250244
v -216.3819 65.01044 10.748352
v -216.3819 63.165833 10.748352
v -216.3819 63.165833 -7.6799927
v -216.3819 65.01044 -7.6799927
v -333.5998 -54.088623 30.27246
v -263.94116 -54.088623 -31.07605
v -263.94116 -54.088623 34.14441
v -333.5998 -54.088623 -27.204102
v -387.77057 -54.088623 21.122253
v -387.77057 -54.088623 -18.053894
v -414.4359 -54.088623 8.921936
v -414.4359 -54.088623 -5.8535767
v -417.92432 -54.088623 1.5250244
v -102.579346 42.582336 -65.814026
v -119.089966 35.56903 -65.37573
v -119.784 32.920715 -69.55817
v -102.43323 38.253784 -74.50769
v -41.48651 42.32666 -79.21979
v -41.723938 49.394775 -62.745728
v 18.784424 42.36322 -79.16498
v 18.510498 50.381042 -60.35315
v 78.79968 47.47711 -59.42169
v 79.05542 40.408936 -75.89575
v 139.83774 39.33136 -59.53125
v 139.96558 35.002808 -68.22485
v 157.35284 28.79309 -62.124756
v 156.5127 31.459656 -57.97882
v -102.43323 38.253784 -74.50769
v -119.784 32.920715 -69.55817
v -102.37848 28.391296 -75.621765
v -41.230835 23.386963 -80.64435
v -41.48651 42.32666 -79.21979
v 19.13147 21.177063 -81.0827
v 18.784424 42.36322 -79.16498
v 79.05542 40.408936 -75.89575
v 79.3111 21.597107 -77.41162
v 139.96558 35.002808 -68.22485
v 140.09344 24.975952 -69.22937
v 157.35284 28.79309 -62.124756
v -102.579346 42.582336 -65.814026
v -102.652405 38.50952 -59.67737
v -119.089966 35.56903 -65.37573
v -41.723938 49.394775 -62.745728
v -41.74225 41.888306 -51.495117
v 18.510498 50.381042 -60.35315
v 18.546997 42.29016 -47.824097
v 78.79968 40.09845 -48.26239
v 78.79968 47.47711 -59.42169
v 139.81949 35.094177 -53.284973
v 139.83774 39.33136 -59.53125
v 156.5127 31.459656 -57.97882
v -235.12067 56.188965 9.798584
v -225.22162 47.312744 6.8946533
v -234.68231 46.9657 13.652283
v -223.45001 47.404053 1.5250244
v -235.24854 59.275574 1.5250244
v -254.60828 67.12909 1.5250244
v -254.3891 62.690918 14.255005
v -292.08588 74.5625 1.5250244
v -291.70233 65.156555 19.16803
v -361.58008 76.99158 1.5250244
v -361.05048 64.79132 22.87561
v -430.10638 67.95093 16.738892
v -430.3255 72.82739 1.5250244
v -462.43353 67.29346 1.5250244
v -465.6297 62.690918 16.264038
v -428.71832 36.40918 -28.86615
v -475.36432 48.792114 -22.272827
v -485.4826 33.961792 -23.898315
v -429.5036 53.70508 -24.793274
v -470.54266 55.604553 -18.510498
v -359.93634 39.934082 -29.706238
v -430.10638 67.95093 -13.670532
v -465.6297 62.690918 -13.195679
v -361.05048 64.79132 -19.80719
v -430.3255 72.82739 1.5250244
v -462.43353 67.29346 1.5250244
v -361.58008 76.99158 1.5250244
v -292.08588 74.5625 1.5250244
v -291.70233 65.156555 -16.09961
v -290.86218 43.87909 -24.28186
v -254.60828 67.12909 1.5250244
v -254.3891 62.690918 -11.1866455
v -253.80469 46.03424 -17.104126
v -235.24854 59.275574 1.5250244
v -235.12067 56.188965 -6.748535
v -234.68231 46.9657 -10.583923
v -223.45001 47.404053 1.5250244
v -225.22162 47.312744 -3.826294
v -456.35162 54.17993 -11.168396
v -455.52972 62.928345 1.5250244
v -497.7011 57.102173 1.5250244
v -497.37238 50.234924 -9.250671
v -455.3836 36.35437 -17.049377
v -530.284 48.39026 1.5250244
v -496.6053 34.327087 -14.255005
v -530.08307 45.139282 -6.2371216
v -546.9041 40.317627 1.5250244
v -529.5717 32.756348 -9.853394
v -546.7763 38.052917 -3.515808
v -556.4379 31.751831 1.5250244
v -550.68475 31.952759 -3.8079834
v -263.3202 8.867126 -146.50406
v -230.57294 6.876404 -135.47266
v -266.47986 6.218872 -144.03845
v -230.6095 13.195679 -141.57281
v -230.6095 12.39209 -152.01978
v -181.11426 7.1868896 -131.39981
v -181.11426 14.255005 -154.1384
v -181.11426 15.36908 -139.78296
v -133.97504 14.401123 -140.03864
v -133.97504 13.341797 -153.71832
v -134.02985 7.13208 -132.11209
v -108.97174 10.182129 -146.5954
v -106.396545 6.602417 -139.0524
v -266.47986 5.871887 -148.51309
v -230.6095 12.39209 -152.01978
v -263.3202 8.867126 -146.50406
v -230.57294 5.196106 -157.09714
v -181.11426 14.255005 -154.1384
v -181.11426 4.88562 -161.15173
v -134.02985 4.9404297 -160.43945
v -133.97504 13.341797 -153.71832
v -106.396545 5.4883423 -153.49915
v -108.97174 10.182129 -146.5954
v 108.16809 21.177063 -97.374115
v 108.16809 18.38263 -103.80301
v 135.54572 16.592773 -99.2005
v 68.77283 22.674683 -97.62979
v 68.77283 19.606323 -104.73447
v 29.395752 21.030945 -97.6846
v 29.395752 18.528748 -103.47427
v 1.9998779 16.592773 -99.2005
v 135.54572 16.592773 -99.2005
v 139.32635 13.396606 -97.83072
v 135.49094 15.40564 -93.19168
v 108.16809 21.177063 -97.374115
v 108.13156 16.538025 -90.598206
v 68.77283 22.674683 -97.62979
v 68.77283 16.86676 -89.831116
v 29.395752 21.030945 -97.6846
v 29.432312 16.22754 -91.310486
v 1.9998779 16.592773 -99.2005
v 2.0546875 14.729858 -94.76236
v -2.0546875 13.396606 -97.83072
v -2.0546875 13.396606 -97.83072
v 2.0546875 12.081604 -100.88077
v 1.9998779 16.592773 -99.2005
v 29.395752 18.528748 -103.47427
v 29.432312 10.583984 -104.35092
v 68.77283 19.606323 -104.73447
v 68.77283 9.944702 -105.81204
v 108.16809 18.38263 -103.80301
v 108.13156 10.273499 -105.06323
v 135.54572 16.592773 -99.2005
v 135.49094 11.405823 -102.45148
v 139.32635 13.396606 -97.83072
v -164.54889 -72.0238 1.5250244
v -197.0221 -65.33917 12.008545
v -157.77295 -64.09723 1.5250244
v -197.0221 -76.55322 6.8580933
v -249.73181 -65.74097 16.026611
v -249.73181 -78.4892 8.885437
v -296.14044 -65.55835 16.684143
v -296.14044 -76.55322 9.232422
v -339.27985 -65.39398 1.5250244
v -331.93774 -72.0238 1.5250244
v -157.77295 -64.09723 1.5250244
v -197.0221 -76.55322 -3.789734
v -164.54889 -72.0238 1.5250244
v -197.0221 -65.33917 -8.958435
v -249.73181 -78.4892 -5.8170166
v -249.73181 -65.74097 -12.958252
v -296.14044 -76.55322 -6.1640625
v -296.14044 -65.55835 -13.615723
v -331.93774 -72.0238 1.5250244
v -339.27985 -65.39398 1.5250244
v -197.0221 -76.55322 -3.789734
v -197.0221 -76.55322 6.8580933
v -164.54889 -72.0238 1.5250244
v -249.73181 -78.4892 -5.8170166
v -249.73181 -78.4892 8.885437
v -296.14044 -76.55322 -6.1640625
v -296.14044 -76.55322 9.232422
v -331.93774 -72.0238 1.5250244
v -239.3031 -52.06128 -48.098022
v -242.755 -49.21216 -38.49121
v -195.10443 -52.73706 -25.359436
v -195.23224 -61.174988 -40.06189
v -106.433044 -52.90143 -17.889526
v -106.433044 -66.23413 -37.76068
v -106.433044 -59.147705 -64.15204
v -17.6521 -55.93329 -59.62256
v -17.6521 -61.174988 -40.06189
v -17.761658 -50.892395 -25.359436
v 30.053284 -52.06128 -48.098022
v 29.870605 -49.21216 -38.49121
v -239.3031 -52.06128 -48.098022
v -245.96942 -47.002197 -46.74652
v -242.755 -49.21216 -38.49121
v -242.755 -44.773987 -55.00177
v -195.23224 -55.93329 -59.62256
v -195.23224 -61.174988 -40.06189
v -195.10443 -41.267334 -68.133545
v -106.433044 -59.147705 -64.15204
v -106.433044 -39.2583 -75.603516
v -17.761658 -41.267334 -68.133545
v -17.6521 -55.93329 -59.62256
v 29.870605 -44.773987 -55.00177
v 30.053284 -52.06128 -48.098022
v 30.053284 -52.06128 -48.098022
v 29.870605 -49.21216 -38.49121
v 33.103333 -47.002197 -46.74652
v 29.870605 -44.773987 -55.00177
v -228.96576 -51.495117 -53.248474
v -243.32117 -50.801086 -46.9657
v -227.96124 -48.773804 -52.189148
v -243.32117 -55.257507 -51.22119
v -228.96576 -51.40381 -56.298523
v -263.94116 -51.513367 -45.139282
v -243.32117 -55.03833 -57.704834
v -263.94116 -56.846436 -50.362732
v -243.32117 -45.029724 -63.110962
v -263.94116 -44.317383 -64.93738
v -263.94116 -51.40381 -64.352905
v -243.32117 -50.801086 -62.63611
v -227.96124 -47.075256 -57.887512
v -263.94116 -56.59076 -58.307556
v -228.96576 -49.413025 -58.599792
v -226.53662 -48.17108 -55.03833
v -243.32117 -55.03833 -57.704834
v -263.94116 -56.846436 -50.362732
v -228.96576 -51.40381 -56.298523
v -228.96576 -51.495117 -53.248474
v -227.96124 -48.773804 -52.189148
v -54.98358 -62.891785 21.688416
v -99.711914 -53.924255 27.624207
v -93.28302 -58.928528 27.861633
v -55.07489 -53.869446 14.656799
v 4.776001 -64.2251 20.336914
v 4.6116333 -52.298767 11.67981
v 64.462524 -61.13849 21.450989
v 64.27985 -53.814636 14.419373
v 105.92163 -56.42639 24.537598
v 108.697754 -51.95172 22.546814
v 112.82538 -51.23944 26.984985
v -55.09314 -51.823853 39.970642
v -93.28302 -58.928528 27.861633
v -99.711914 -53.924255 27.624207
v -54.98358 -61.74121 35.258545
v 4.593384 -50.52716 42.710205
v 4.7577515 -62.5448 36.920532
v 64.27985 -50.070557 39.733215
v 64.462524 -59.987854 35.02112
v 108.697754 -50.63672 31.441345
v 105.92163 -55.421875 30.783875
v 112.82538 -51.23944 26.984985
v -54.98358 -62.891785 21.688416
v -93.28302 -58.928528 27.861633
v -54.98358 -61.74121 35.258545
v 4.776001 -64.2251 20.336914
v 4.7577515 -62.5448 36.920532
v 64.462524 -61.13849 21.450989
v 64.462524 -59.987854 35.02112
v 105.92163 -55.421875 30.783875
v 105.92163 -56.42639 24.537598
v 112.82538 -51.23944 26.984985
v 64.27985 -53.814636 14.419373
v 108.697754 -50.63672 31.441345
v 64.27985 -50.070557 39.733215
v 108.697754 -51.95172 22.546814
v 112.82538 -51.23944 26.984985
v 23.386963 -57.522217 -22.309387
v 11.150085 -51.148132 -21.597107
v 64.84607 -54.27124 2.6574097
v 65.119995 -63.531067 -10.912659
v 161.53528 -52.1709 11.6067505
v 162.06494 -64.55383 -6.711975
v 258.77243 -56.773376 -9.725525
v 258.80896 -53.230225 -33.651245
v 258.22452 -47.58667 3.8811035
v 307.24487 -45.869812 -20.464722
v 311.97525 -40.81073 -19.624573
v 311.97525 -40.81073 -19.624573
v 258.80896 -53.230225 -33.651245
v 307.24487 -45.869812 -20.464722
v 258.2793 -40.208008 -43.91559
v 162.11972 -59.732178 -38.966064
v 161.60834 -42.527527 -52.88318
v 162.06494 -64.55383 -6.711975
v 64.90082 -47.111755 -45.15753
v 65.119995 -63.531067 -10.912659
v 65.156555 -59.878296 -34.82019
v 11.150085 -51.148132 -21.597107
v 23.386963 -57.522217 -22.309387
v 112.18616 -28.8844 -98.104675
v 112.14963 -27.441528 -87.93167
v 119.34561 -23.313904 -94.72583
v 60.663635 -41.029907 -96.20523
v 60.645325 -34.601013 -81.1192
v -13.396606 -44.66443 -96.46091
v -13.433105 -36.829163 -77.977844
v -87.49335 -41.230774 -96.29654
v -87.49335 -34.80188 -81.22882
v -139.01587 -30.929932 -98.96307
v -139.01587 -29.907166 -88.73526
v -146.75983 -25.195068 -95.145905
v -146.75983 -25.195068 -95.145905
v -139.01587 -30.929932 -98.96307
v -139.01587 -21.122192 -101.97662
v -87.49335 -32.48236 -109.48309
v -87.49335 -16.08136 -109.428314
v -87.49335 -41.230774 -96.29654
v -13.414856 -33.94348 -112.62448
v -13.433105 -13.87146 -112.5697
v -13.396606 -44.66443 -96.46091
v 60.663635 -32.263184 -109.391785
v 60.663635 -41.029907 -96.20523
v 60.627075 -15.880493 -109.336975
v 112.18616 -28.8844 -98.104675
v 112.14963 -19.222778 -101.53827
v 119.34561 -23.313904 -94.72583
v -581.0212 9.944702 28.427795
v -578.3182 9.944702 40.463745
v -575.63336 9.944702 36.080383
v -585.98895 9.944702 28.610474
v -583.50507 9.944702 19.86206
v -577.6058 9.944702 18.747925
v -486.48712 9.944702 67.82312
v -440.93683 10.036072 72.86395
v -440.93683 10.036072 1.5250244
v -486.48712 9.944702 1.5250244
v -561.2414 9.944702 44.865356
v -561.2414 9.944702 1.5250244
v -486.48712 9.944702 -64.75476
v -440.93683 10.036072 -69.79559
v -561.2414 9.944702 -41.815247
v -577.6058 9.944702 18.747925
v -575.63336 9.944702 36.080383
v -581.0212 9.944702 28.427795
v -590.35406 9.944702 10.437866
v -592.637 9.944702 1.5250244
v -590.35406 9.944702 -7.369507
v -577.6058 9.944702 -15.697815
v -575.63336 9.944702 -33.030273
v -581.0212 9.944702 -25.359436
v -296.79797 5.1047974 99.45624
v -304.8158 5.725769 1.5250244
v -304.8158 5.725769 99.164
v -296.81622 5.1047974 1.5250244
v -281.01794 4.17334 1.5250244
v -281.01794 4.17334 98.45172
v -271.1554 4.17334 1.5250244
v -271.1554 4.17334 91.31055
v -263.94116 4.17334 82.87256
v -263.94116 4.17334 1.5250244
v -263.94116 4.17334 -79.82245
v -271.1554 4.17334 -88.24216
v -281.01794 4.17334 -95.40161
v -296.79797 5.1047974 -96.38785
v -304.8158 5.725769 -96.09564
v -486.48712 9.944702 73.97803
v -440.93683 10.036072 79.365906
v -440.93683 10.036072 72.86395
v -486.48712 9.944702 67.82312
v -561.2414 9.944702 44.865356
v -561.2414 9.944702 49.85138
v -575.63336 9.944702 36.080383
v -578.3182 9.944702 40.463745
v -357.85425 8.465332 96.89929
v -440.93683 10.036072 72.86395
v -440.93683 10.036072 79.365906
v -357.85425 8.465332 89.612
v -304.8158 5.725769 106.88965
v -304.8158 5.725769 99.164
v -296.79797 5.1047974 106.88965
v -296.79797 5.1047974 99.45624
v -281.01794 4.17334 98.45172
v -590.35406 9.944702 10.437866
v -583.50507 9.944702 19.86206
v -577.6058 9.944702 18.747925
v -595.37665 9.944702 11.789368
v -592.637 9.944702 1.5250244
v -598.4632 9.944702 1.5250244
v -595.37665 9.944702 -8.721008
v -590.35406 9.944702 -7.369507
v -583.50507 9.944702 -16.81195
v -577.6058 9.944702 -15.697815
v -581.0212 9.944702 -25.359436
v -575.63336 9.944702 -33.030273
v -578.3182 9.944702 -37.395386
v -585.98895 9.944702 -25.560364
v -583.50507 9.944702 -16.81195
v -577.6058 9.944702 -15.697815
v -357.85425 8.465332 -86.54361
v -440.93683 10.036072 -69.79559
v -440.93683 10.036072 1.5250244
v -357.85425 8.465332 1.5250244
v -304.8158 5.725769 -96.09564
v -440.93683 10.036072 72.86395
v -304.8158 5.725769 1.5250244
v -357.85425 8.465332 89.612
v -304.8158 5.725769 99.164
v -486.48712 9.944702 -70.90967
v -440.93683 10.036072 -69.79559
v -440.93683 10.036072 -76.29755
v -486.48712 9.944702 -64.75476
v -561.2414 9.944702 -46.80127
v -561.2414 9.944702 -41.815247
v -575.63336 9.944702 -33.030273
v -578.3182 9.944702 -37.395386
v -357.85425 8.465332 -86.54361
v -440.93683 10.036072 -76.29755
v -440.93683 10.036072 -69.79559
v -357.85425 8.465332 -93.8309
v -304.8158 5.725769 -103.82129
v -304.8158 5.725769 -96.09564
v -296.79797 5.1047974 -103.82129
v -296.79797 5.1047974 -96.38785
v -281.01794 4.17334 -95.40161
v -284.63416 4.3377075 -124.03943
v -284.67072 4.17334 -103.82129
v -273.52972 4.3377075 -119.144714
v -296.79797 5.1047974 -103.82129
v -304.8158 5.725769 -103.82129
v -284.63416 4.3377075 127.10779
v -273.52972 4.3377075 122.21307
v -284.67072 4.17334 106.88965
v -296.79797 5.1047974 106.88965
v -304.8158 5.725769 106.88965
v 536.87726 -0.5387573 -30.875122
v 536.87726 -0.5387573 -27.258911
v 557.0954 -0.5387573 -20.355103
v 557.0954 -0.5387573 -23.62439
v 536.2563 -4.0637207 -32.391052
v 536.87726 -0.5387573 -27.258911
v 536.87726 -0.5387573 -30.875122
v 536.2563 -4.0637207 -27.459778
v 536.87726 -7.6069336 -30.875122
v 536.87726 -7.6069336 -27.258911
v 557.0954 -0.5387573 -23.62439
v 557.0954 -0.5387573 -20.355103
v 557.7164 -4.0637207 -20.154236
v 557.7164 -4.0637207 -24.610596
v 557.0954 -7.6069336 -20.355103
v 557.0954 -7.6069336 -23.62439
v 557.0954 -7.6069336 -23.62439
v 557.0954 -7.6069336 -20.355103
v 536.87726 -7.6069336 -27.258911
v 536.87726 -7.6069336 -30.875122
v 536.87726 -7.6069336 -27.258911
v 536.87726 -0.5387573 -27.258911
v 536.2563 -4.0637207 -27.459778
v 557.0954 -7.6069336 -20.355103
v 557.0954 -0.5387573 -20.355103
v 557.7164 -4.0637207 -20.154236
v -263.94116 7.2964478 1.5250244
v -263.94116 1.7077026 40.609863
v -353.6353 4.6116333 36.190002
v -353.59875 8.337524 1.5250244
v -443.00067 6.821594 29.286194
v -353.6353 4.6116333 -33.139893
v -263.94116 1.7077026 -37.541504
v -442.98236 9.39679 1.5250244
v -548.3653 9.43335 19.84375
v -443.00067 6.821594 -26.217834
v -353.76312 -6.6937256 -58.344116
v -263.94116 -13.542664 -64.02417
v -263.94116 -38.144165 -78.617065
v -354.01886 -27.222351 -72.37079
v -434.52618 -15.7526245 -64.27985
v -443.09198 -0.84924316 -48.865112
v -529.2795 -0.81274414 -44.51831
v -533.2244 4.703003 -33.17639
v -571.524 7.588684 -19.642822
v -548.3653 9.43335 -16.77539
v -581.3682 10.10907 1.5250244
v -549.4063 10.547424 1.5250244
v -571.524 7.588684 22.711182
v -529.2795 -0.81274414 -44.51831
v -571.524 7.588684 -19.642822
v -571.6518 4.703003 -19.204529
v -529.4256 -3.5523071 -43.513794
v -434.52618 -15.7526245 -64.27985
v -435.82294 -18.30957 -61.85077
v -354.01886 -27.222351 -72.37079
v -354.0371 -28.939148 -70.03302
v -263.94116 -38.144165 -78.617065
v -263.94116 -39.714905 -76.16968
v -475.36432 48.792114 -22.272827
v -481.9029 31.003052 -20.62909
v -485.4826 33.961792 -23.898315
v -470.0313 47.239685 -19.14972
v -470.54266 55.604553 -18.510498
v -464.36945 53.832947 -15.570007
v -465.6297 62.690918 -13.195679
v -458.56158 60.42621 -11.296204
v -462.43353 67.29346 1.5250244
v -454.78094 64.60864 1.5250244
v -458.56158 60.42621 -11.296204
v -465.6297 62.690918 -13.195679
v 177.69885 -50.928955 19.18628
v 191.98126 -43.67816 31.03955
v 191.96298 -48.572876 30.838684
v 177.80844 -46.69171 19.679382
v 158.6861 -52.371765 13.15918
v 158.83221 -48.554626 13.81665
v 136.258 -53.321533 11.040588
v 136.44064 -49.65045 11.752869
v 113.829895 -53.63202 13.15918
v 113.99429 -49.79657 13.81665
v 94.81717 -53.175415 19.18628
v 94.96326 -48.97473 19.679382
v 80.44342 -51.696045 30.838684
v 80.51648 -46.76477 31.03955
v 191.96298 -48.572876 30.838684
v 191.98126 -43.67816 31.03955
v 194.15466 -41.833496 38.820007
v 194.17291 -47.130066 38.820007
v 194.17291 -47.130066 38.820007
v 194.15466 -41.833496 38.820007
v 191.88992 -40.1167 46.582153
v 191.96298 -44.773987 46.78308
v 191.96298 -44.773987 46.78308
v 191.88992 -40.1167 46.582153
v 177.57101 -37.90674 57.94232
v 177.69885 -41.870056 58.453735
v 158.52173 -37.0849 63.805054
v 158.6861 -40.609802 64.462524
v 136.09363 -37.231018 65.8689
v 136.258 -40.70117 66.58118
v 113.68381 -38.326843 63.805054
v 113.829895 -42.089172 64.462524
v 94.70758 -40.18976 57.94232
v 94.81717 -44.57312 58.453735
v 94.81717 -44.57312 58.453735
v 94.70758 -40.18976 57.94232
v 80.42517 -43.20331 46.582153
v 80.44342 -48.627686 46.78308
v 78.14221 -45.047974 38.820007
v 78.1239 -50.52716 38.820007
v 78.1239 -50.52716 38.820007
v 78.14221 -45.047974 38.820007
v 80.51648 -46.76477 31.03955
v 80.44342 -51.696045 30.838684
v 191.98126 -43.67816 31.03955
v 191.88992 -40.1167 46.582153
v 194.15466 -41.833496 38.820007
v 177.80844 -46.69171 19.679382
v 177.57101 -37.90674 57.94232
v 158.83221 -48.554626 13.81665
v 158.52173 -37.0849 63.805054
v 136.09363 -37.231018 65.8689
v 136.44064 -49.65045 11.752869
v 113.99429 -49.79657 13.81665
v 113.68381 -38.326843 63.805054
v 94.96326 -48.97473 19.679382
v 94.70758 -40.18976 57.94232
v 80.51648 -46.76477 31.03955
v 80.42517 -43.20331 46.582153
v 78.14221 -45.047974 38.820007
v -197.05865 44.810547 -6.602417
v -183.74426 44.810547 -2.913086
v -183.74426 57.44922 -2.913086
v -197.05865 63.019714 -6.602417
v -240.10675 44.810547 -6.602417
v -240.10675 63.019714 -6.602417
v -197.05865 63.019714 -6.602417
v -183.74426 57.44922 -2.913086
v -183.74426 57.44922 5.9814453
v -197.05865 63.019714 9.670776
v -240.10675 63.019714 -6.602417
v -240.10675 63.019714 9.670776
v -183.74426 44.810547 -2.913086
v -183.74426 44.810547 5.9814453
v -183.74426 57.44922 5.9814453
v -183.74426 57.44922 -2.913086
v -331.57245 -58.307556 -57.010803
v -285.51086 -58.307556 -57.010803
v -285.51086 -52.609253 -62.709167
v -331.57245 -52.609253 -62.709167
v -331.57245 -44.57312 -62.709167
v -285.51086 -44.57312 -62.709167
v -331.57245 -44.57312 -62.709167
v -285.51086 -44.57312 -62.709167
v -285.51086 -38.874756 -57.010803
v -331.57245 -38.874756 -57.010803
v -331.57245 -38.874756 -48.97473
v -285.51086 -38.874756 -48.97473
v -331.57245 -38.874756 -48.97473
v -285.51086 -38.874756 -48.97473
v -285.51086 -44.57312 -43.294617
v -331.57245 -44.57312 -43.294617
v -285.51086 -52.609253 -43.294617
v -331.57245 -44.57312 -43.294617
v -285.51086 -44.57312 -43.294617
v -331.57245 -52.609253 -43.294617
v -285.51086 -58.307556 -48.97473
v -331.57245 -58.307556 -48.97473
v -285.51086 -58.307556 -57.010803
v -331.57245 -58.307556 -57.010803
v -331.57245 -58.307556 -48.97473
v -285.51086 -58.307556 -48.97473
v -263.94116 -24.117493 -3.4974976
v -263.94116 -35.368103 0.15527344
v -381.72522 -35.368103 0.15527344
v -381.72522 -24.117493 -3.4974976
v -263.94116 -17.177185 -13.06781
v -381.72522 -17.177185 -13.06781
v -263.94116 -17.177185 -24.902832
v -381.72522 -17.177185 -24.902832
v -263.94116 -35.368103 0.15527344
v -381.72522 -46.6369 -3.4974976
v -381.72522 -35.368103 0.15527344
v -263.94116 -46.6369 -3.4974976
v -381.72522 -53.57721 -13.06781
v -263.94116 -53.57721 -13.06781
v -263.94116 -53.57721 -13.06781
v -381.72522 -53.57721 -24.902832
v -381.72522 -53.57721 -13.06781
v -263.94116 -53.57721 -24.902832
v -381.72522 -46.6369 -34.473145
v -263.94116 -46.6369 -34.473145
v -381.72522 -35.368103 -38.125916
v -263.94116 -35.368103 -38.125916
v -263.94116 -35.368103 -38.125916
v -381.72522 -24.117493 -34.473145
v -381.72522 -35.368103 -38.125916
v -263.94116 -24.117493 -34.473145
v -381.72522 -17.177185 -24.902832
v -263.94116 -17.177185 -24.902832
v -263.94116 -60.15222 -52.992737
v -263.94116 -56.60901 -43.458984
v -263.94116 -56.60901 -62.52655
v -263.94116 -47.44055 -40.299316
v -263.94116 -47.44055 -65.68622
v -263.94116 -26.911865 -40.299316
v -263.94116 -26.911865 -65.68622
v -263.94116 -60.15222 -52.992737
v -263.94116 -56.60901 -62.52655
v -269.82214 -57.467407 -63.604126
v -269.82214 -62.48999 -52.992737
v -263.94116 -56.60901 -43.458984
v -269.82214 -57.467407 -42.38141
v -286.95367 -62.48999 -52.992737
v -286.95367 -57.467407 -63.604126
v -263.94116 -47.44055 -40.299316
v -263.94116 -56.60901 -43.458984
v -269.82214 -57.467407 -42.38141
v -269.82214 -47.44055 -38.326843
v -263.94116 -26.911865 -40.299316
v -286.95367 -57.467407 -42.38141
v -269.82214 -62.48999 -52.992737
v -286.95367 -62.48999 -52.992737
v -286.95367 -47.44055 -38.326843
v -269.82214 -26.911865 -38.326843
v -286.95367 -26.911865 -38.326843
v -263.94116 -19.569763 -41.997864
v -269.82214 -19.569763 -40.299316
v -286.95367 -19.569763 -40.299316
v -286.95367 -14.200195 -45.668945
v -269.82214 -14.200195 -45.668945
v -263.94116 -15.916992 -45.97943
v -269.82214 -19.569763 -65.68622
v -263.94116 -26.911865 -65.68622
v -263.94116 -19.569763 -63.98767
v -269.82214 -26.911865 -67.65869
v -286.95367 -19.569763 -65.68622
v -263.94116 -47.44055 -65.68622
v -286.95367 -26.911865 -67.65869
v -269.82214 -47.44055 -67.65869
v -263.94116 -56.60901 -62.52655
v -286.95367 -47.44055 -67.65869
v -269.82214 -57.467407 -63.604126
v -286.95367 -57.467407 -63.604126
v -263.94116 -15.916992 -60.006104
v -269.82214 -19.569763 -65.68622
v -263.94116 -19.569763 -63.98767
v -269.82214 -14.200195 -60.33484
v -286.95367 -19.569763 -65.68622
v -263.94116 -14.200195 -52.992737
v -286.95367 -14.200195 -60.33484
v -269.82214 -12.245972 -52.992737
v -263.94116 -15.916992 -45.97943
v -286.95367 -12.245972 -52.992737
v -269.82214 -14.200195 -45.668945
v -286.95367 -14.200195 -45.668945
v -286.95367 -26.911865 -38.326843
v -286.95367 -26.911865 -67.65869
v -286.95367 -19.569763 -65.68622
v -286.95367 -19.569763 -40.299316
v -286.95367 -14.200195 -45.668945
v -286.95367 -14.200195 -60.33484
v -286.95367 -12.245972 -52.992737
v -286.95367 -57.467407 -42.38141
v -286.95367 -62.48999 -52.992737
v -286.95367 -57.467407 -63.604126
v -286.95367 -47.44055 -38.326843
v -286.95367 -47.44055 -67.65869
v -286.95367 -26.911865 -38.326843
v -286.95367 -26.911865 -67.65869
v 409.4133 13.87146 -59.732178
v 409.8151 13.287048 -62.161255
v 416.07962 10.620483 -59.220764
v 414.70984 11.588501 -58.07013
v 387.86188 15.643066 -67.49432
v 409.04803 12.593018 -57.668335
v 387.0948 16.738892 -63.001404
v 354.74936 17.359863 -74.215454
v 386.419 14.364624 -59.184265
v 353.76312 18.784485 -68.33447
v 315.55496 18.145203 -81.28357
v 352.88644 15.679626 -63.34839
v 314.47742 19.697632 -74.927734
v 276.23273 17.907776 -87.639435
v 313.52768 16.337097 -69.52161
v 275.2282 19.332397 -81.75842
v 242.75497 16.647583 -92.29672
v 274.35156 16.22754 -76.7724
v 241.98788 17.743408 -87.8038
v 220.23553 14.602051 -94.56146
v 241.33038 15.36908 -83.98663
v 219.81546 15.186462 -92.132355
v 212.91171 12.026794 -93.95874
v 219.4502 13.90802 -90.06854
v 213.84317 12.9765625 -92.40631
v 212.91171 12.026794 -93.95874
v 214.2815 11.058838 -95.091125
v 220.45471 12.465149 -95.931244
v 220.23553 14.602051 -94.56146
v 220.34512 10.054321 -95.43814
v 242.75497 16.647583 -92.29672
v 243.15677 12.739075 -94.83542
v 242.97412 8.282715 -93.92224
v 276.23273 17.907776 -87.639435
v 276.7624 12.775635 -90.94522
v 276.5067 6.9677124 -89.75806
v 315.55496 18.145203 -81.28357
v 316.12115 12.593018 -84.86334
v 315.86545 6.3101807 -83.56659
v 354.74936 17.359863 -74.215454
v 355.279 12.227722 -77.52124
v 355.04156 6.4198 -76.334045
v 387.86188 15.643066 -67.49432
v 388.26367 11.716309 -70.03302
v 388.08102 7.2781982 -69.11981
v 409.8151 13.287048 -62.161255
v 410.03427 11.1501465 -63.531067
v 409.94293 8.757568 -63.037903
v 416.07962 10.620483 -59.220764
v 415.14816 9.670776 -60.754944
v -34.546204 56.755188 -35.276733
v -24.281921 51.750854 -30.016724
v -23.167786 53.047607 -25.359436
v -34.0531 49.17566 -37.358826
v -34.875 61.92389 -27.861633
v -75.95056 43.513794 -48.536377
v -77.174255 62.52655 -45.650696
v -78.014404 75.731384 -32.135376
v -128.76984 38.874756 -53.138855
v -130.2492 61.77777 -49.65045
v -131.30853 78.48926 -33.669556
v -183.79901 68.882385 -31.989258
v -182.95892 55.604553 -45.486267
v -181.73523 36.664856 -48.40851
v -224.78326 49.650513 -27.605896
v -224.45453 44.463562 -35.021057
v -223.97968 36.902283 -37.10315
v -235.24854 39.33136 -25.0672
v -233.98828 38.180725 -29.724548
v 331.24368 53.138916 14.528992
v 337.3621 55.330566 21.085693
v 331.33502 56.736877 18.072144
v 331.33502 56.736877 24.117554
v 319.9931 53.138916 14.382874
v 319.9931 57.39441 24.190613
v 319.9931 57.39441 17.999146
v 311.37253 53.138916 15.843994
v 311.28122 56.736877 23.514832
v 311.28122 56.736877 18.674866
v 303.793 53.138916 21.085693
v 304.17654 55.1662 21.085693
v -353.81793 -9.086304 -56.243774
v -263.94116 -15.880493 -62.033386
v -263.94116 -39.714905 -76.16968
v -354.0371 -28.939148 -70.03302
v -263.94116 -1.12323 -36.792664
v -435.82294 -18.30957 -61.85077
v -353.6718 1.7625122 -32.391052
v -263.94116 4.3742065 1.5250244
v -443.09198 -3.479248 -47.40399
v -529.4256 -3.5523071 -43.513794
v -533.24274 1.8903198 -32.391052
v -571.6518 4.703003 -19.204529
v -443.05548 3.972412 -25.578613
v -548.20087 6.565918 -16.04486
v -581.4047 7.1868896 1.5250244
v -353.6353 5.4335327 1.5250244
v -443.05548 6.4745483 1.5250244
v -549.5889 7.625183 1.5250244
v -548.20087 6.565918 19.09497
v -571.6518 4.703003 22.272888
v -353.6718 1.7625122 35.45941
v -263.94116 -1.12323 39.861023
v -443.05548 3.972412 28.646973
v -533.24274 1.8903198 35.45941
v -529.4256 -3.5523071 46.582153
v -443.09198 -3.479248 50.47235
v -435.82294 -18.30957 64.90088
v -353.81793 -9.086304 59.312134
v -263.94116 -15.880493 65.10181
v -354.0371 -28.939148 73.08313
v -263.94116 -39.714905 79.23804
v -136.33112 47.44055 -34.82019
v -163.12427 47.057007 -11.807617
v -157.3894 44.372253 -28.79309
v -136.33112 41.760498 -45.43152
v -62.069946 39.44098 -60.079163
v -136.33112 53.029297 -12.739075
v -157.3894 49.74182 5.196106
v -62.069946 49.94275 -46.05249
v 26.345703 39.605347 -59.019836
v -136.33112 54.508728 9.981262
v -136.33112 52.371826 21.834534
v -62.069946 54.691345 36.48224
v -62.069946 58.91034 -13.670532
v -62.069946 60.35315 19.89856
v 26.345703 54.526978 35.422913
v 26.345703 60.24359 19.16803
v 88.71701 51.568237 16.757141
v 26.345703 50.052307 -45.3219
v 88.71701 42.564087 -40.354126
v 26.345703 58.91034 -13.670532
v 88.71701 54.563477 7.0042114
v 102.99939 49.15735 1.5067749
v 88.71701 53.52246 -12.812134
v 101.52002 51.36731 0.63012695
v 105.8851 47.057007 -11.807617
v 88.71701 48.40857 -31.989258
v 101.52002 50.417603 -12.33728
v 101.52002 47.330994 -24.957642
v 102.99939 44.956665 -25.10376
v -34.80194 61.02893 -18.857483
v -23.167786 53.047607 -25.359436
v -24.42804 54.198242 -20.683899
v -34.875 61.92389 -27.861633
v -34.436646 55.476685 -13.323547
v -78.014404 75.731384 -32.135376
v -77.66736 70.78186 -13.853149
v -76.66284 55.69586 -2.0181274
v -131.30853 78.48926 -33.669556
v -130.83368 71.69507 -11.497131
v -129.64648 53.50421 2.7122192
v -182.46576 48.865173 -1.8720093
v -183.45203 63.859863 -13.688782
v -183.79901 68.882385 -31.989258
v -224.34497 43.18506 -13.06781
v -224.7102 48.737305 -18.601807
v -224.78326 49.650513 -27.605896
v -234.1344 40.628113 -20.409912
v -235.24854 39.33136 -25.0672
v -115.19971 -57.102173 -4.8308105
v -113.44641 -54.088623 -5.8535767
v -140.11176 -54.088623 -18.053894
v -109.95801 -54.088623 1.5250244
v -140.11176 -60.42621 -11.844116
v -194.28253 -53.686768 -27.204102
v -115.19971 -58.508484 1.5250244
v -194.28253 -64.06073 -18.108643
v -263.94116 -54.088623 -31.07605
v -115.19971 -57.102173 7.89917
v -113.44641 -54.088623 8.921936
v -140.11176 -63.34839 1.5250244
v -140.11176 -60.42621 14.912537
v -140.11176 -54.088623 21.122253
v -194.28253 -68.68146 1.5250244
v -194.28253 -64.06073 21.158752
v -194.28253 -54.088623 30.27246
v -263.94116 -65.50354 -20.738647
v -263.94116 -65.50354 23.807068
v -263.94116 -54.088623 34.14441
v -333.5998 -54.088623 30.27246
v -263.94116 -70.78186 1.5250244
v -333.5998 -64.06073 21.158752
v -387.77057 -54.088623 21.122253
v -333.5998 -64.06073 -18.108643
v -333.5998 -54.088623 -27.204102
v -333.5998 -68.68146 1.5250244
v -387.77057 -60.42621 14.912537
v -414.4359 -54.088623 8.921936
v -387.77057 -60.42621 -11.844116
v -387.77057 -54.088623 -18.053894
v -387.77057 -63.34839 1.5250244
v -412.68256 -57.102173 7.89917
v -417.92432 -54.088623 1.5250244
v -412.68256 -58.508484 1.5250244
v -412.68256 -57.102173 -4.8308105
v -414.4359 -54.088623 -5.8535767
vt 0.5996985 0.666882
vt 0.5987248 0.67953974
vt 0.60748786 0.6873291
vt 0.6834344 0.74672323
vt 0.61138254 0.6629873
vt 0.6863555 0.7165394
vt 0.78080183 0.7700914
vt 0.7827492 0.669803
vt 0.68927646 0.6425401
vt 0.890827 0.82072246
vt 0.77788085 0.8080647
vt 0.890827 0.86356413
vt 0.890827 0.6912238
vt 0.890827 0.5510148
vt 0.6143036 0.6133299
vt 0.5558831 0.6211193
vt 0.55880415 0.5909354
vt 0.5188835 0.58314604
vt 0.5218045 0.5695146
vt 0.5227782 0.5510148
vt 0.51401514 0.5695146
vt 0.5120678 0.5510148
vt 0.51401514 0.53348863
vt 0.55977786 0.5510148
vt 0.61527723 0.5510148
vt 0.69025016 0.5510148
vt 0.7827492 0.5510148
vt 0.7827492 0.4332002
vt 0.890827 0.41177937
vt 0.890827 0.2822807
vt 0.68927646 0.46046308
vt 0.6143036 0.4896733
vt 0.55880415 0.5120678
vt 0.5218045 0.53348863
vt 0.5188835 0.51985717
vt 0.51498884 0.51109415
vt 0.50914675 0.5305676
vt 0.5558831 0.4818839
vt 0.61138254 0.4400159
vt 0.5695146 0.46241042
vt 0.6863555 0.38646385
vt 0.78080183 0.33291176
vt 0.77788085 0.29493847
vt 0.890827 0.23943906
vt 0.6834344 0.35627994
vt 0.78080183 0.7700914
vt 0.6834344 0.74672323
vt 0.77788085 0.8080647
vt 0.7029079 0.7856702
vt 0.82948554 0.79540694
vt 0.82656455 0.8392223
vt 0.890827 0.26864928
vt 0.77788085 0.28617543
vt 0.890827 0.22580762
vt 0.7554863 0.89277434
vt 0.74380225 0.9025111
vt 0.7457496 0.91906357
vt 0.8528537 0.5724356
vt 0.85966945 0.56269884
vt 0.86453784 0.57730395
vt 0.8684325 0.53933066
vt 0.8674588 0.5675672
vt 0.8616168 0.53933066
vt 0.8606431 0.5159625
vt 0.8674588 0.51109415
vt 0.8129331 0.82072246
vt 0.77788085 0.80417
vt 0.81098574 0.8246172
vt 0.5510148 0.5695146
vt 0.5568568 0.5451727
vt 0.5510148 0.51985717
vt 0.39035854 0.7905386
vt 0.38256913 0.7905386
vt 0.38256913 0.82169616
vt 0.6532505 0.80611736
vt 0.65617156 0.83630127
vt 0.68538177 0.83045924
vt 0.68538177 0.7184867
vt 0.65617156 0.71264464
vt 0.6532505 0.74282855
vt 0.07683549 0.1965974
vt 0.07683549 0.40496364
vt 0.052493636 0.40496364
vt 0.052493636 0.1965974
vt 0.029125461 0.40496364
vt 0.029125461 0.1965974
vt 0.0057572834 0.1965974
vt 0.0057572834 0.40496364
vt 0.029125461 0.40496364
vt 0.029125461 0.1965974
vt 0.029125461 0.1965974
vt 0.029125461 0.40496364
vt 0.052493636 0.40496364
vt 0.052493636 0.1965974
vt 0.052493636 0.1965974
vt 0.052493636 0.40496364
vt 0.07683549 0.40496364
vt 0.07683549 0.1965974
vt 0.07683549 0.1965974
vt 0.07683549 0.40496364
vt 0.10020367 0.40496364
vt 0.10020367 0.1965974
vt 0.07683549 0.40496364
vt 0.07683549 0.1965974
vt 0.5996985 0.666882
vt 0.60748786 0.6873291
vt 0.61138254 0.6629873
vt 0.5695146 0.64059275
vt 0.5558831 0.6211193
vt 0.5519884 0.63767177
vt 0.5665935 0.65032953
vt 0.51498884 0.59190905
vt 0.5188835 0.58314604
vt 0.51401514 0.5695146
vt 0.50914675 0.5724356
vt 0.51401514 0.5685409
vt 0.5188835 0.58314604
vt 0.5120678 0.5510148
vt 0.5071994 0.5510148
vt 0.5227782 0.5510148
vt 0.51401514 0.53348863
vt 0.5218045 0.5695146
vt 0.5607515 0.5510148
vt 0.5218045 0.5325149
vt 0.5188835 0.5188835
vt 0.55977786 0.5227782
vt 0.55977786 0.5792513
vt 0.55783045 0.49843636
vt 0.55490947 0.48091024
vt 0.6143036 0.46825248
vt 0.61138254 0.4370949
vt 0.61625093 0.5071994
vt 0.6921975 0.48675227
vt 0.69025016 0.43027917
vt 0.6172246 0.5510148
vt 0.6873291 0.38646385
vt 0.78080183 0.3251224
vt 0.7827492 0.37477976
vt 0.890827 0.26864928
vt 0.890827 0.33680648
vt 0.79540694 0.38938487
vt 0.77203876 0.43125284
vt 0.76132834 0.47701553
vt 0.71264464 0.52472556
vt 0.70582896 0.5373833
vt 0.6931712 0.5510148
vt 0.7029079 0.5510148
vt 0.70582896 0.5646462
vt 0.6921975 0.6143036
vt 0.71264464 0.57730395
vt 0.76132834 0.625014
vt 0.77203876 0.67077667
vt 0.61625093 0.5948301
vt 0.6143036 0.6337771
vt 0.7827492 0.72724974
vt 0.79540694 0.71264464
vt 0.890827 0.7652231
vt 0.890827 0.8333802
vt 0.69025016 0.67175037
vt 0.78080183 0.77690715
vt 0.77788085 0.81585413
vt 0.890827 0.8762219
vt 0.6873291 0.7155657
vt 0.6834344 0.74672323
vt 0.61138254 0.66493464
vt 0.55783045 0.6035932
vt 0.55490947 0.6211193
vt 0.5695146 0.64059275
vt 0.5665935 0.6513032
vt 0.5996985 0.6688293
vt 0.5987248 0.68051344
vt 0.5996985 0.4332002
vt 0.5987248 0.42151612
vt 0.60748786 0.41372672
vt 0.61138254 0.4370949
vt 0.6873291 0.38646385
vt 0.5695146 0.46143675
vt 0.55490947 0.48091024
vt 0.5519884 0.46435776
vt 0.5665935 0.45072633
vt 0.5188835 0.5188835
vt 0.51498884 0.51012045
vt 0.51401514 0.53348863
vt 0.50914675 0.5305676
vt 0.5558831 0.4818839
vt 0.5188835 0.51985717
vt 0.5519884 0.46533144
vt 0.5695146 0.46241042
vt 0.5665935 0.45267367
vt 0.61138254 0.4400159
vt 0.5996985 0.43514755
vt 0.5987248 0.42346346
vt 0.60748786 0.41567406
vt 0.6834344 0.35627994
vt 0.6863555 0.38646385
vt 0.78080183 0.33291176
vt 0.7029079 0.7856702
vt 0.7029079 0.74282855
vt 0.82948554 0.79540694
vt 0.7029079 0.67564505
vt 0.80709106 0.7165394
vt 0.83727497 0.714592
vt 0.9628789 0.8343539
vt 0.82656455 0.8392223
vt 0.95216846 0.87524825
vt 0.9628789 0.717513
vt 0.86453784 0.69025016
vt 0.70972365 0.18588698
vt 0.8333802 0.28033337
vt 0.8333802 0.23651804
vt 0.70972365 0.230676
vt 0.8333802 0.4108057
vt 0.70972365 0.39035854
vt 0.8333802 0.5510148
vt 0.70972365 0.5519884
vt 0.70972365 0.71264464
vt 0.8333802 0.6921975
vt 0.70972365 0.8723272
vt 0.8333802 0.8226698
vt 0.64643484 0.21022883
vt 0.5071994 0.20828149
vt 0.6347507 0.1703082
vt 0.5071994 0.2530705
vt 0.6493558 0.3962006
vt 0.5071994 0.41275305
vt 0.5071994 0.57438296
vt 0.6493558 0.57340926
vt 0.5071994 0.7340655
vt 0.79151225 0.38354284
vt 0.79248595 0.57340926
vt 0.7905386 0.20633414
vt 0.93756336 0.19854476
vt 0.93756336 0.37575343
vt 0.93756336 0.672724
vt 0.6328034 0.6678557
vt 0.6542242 0.62988234
vt 0.6844081 0.6104089
vt 0.7184867 0.6035932
vt 0.62988234 0.6931712
vt 0.75353897 0.6104089
vt 0.7837229 0.62988234
vt 0.8051437 0.6678557
vt 0.8080647 0.6931712
vt 0.6328034 0.71946037
vt 0.6483822 0.8119594
vt 0.6542242 0.75840735
vt 0.5071994 0.8947217
vt 0.6834344 0.7788545
vt 0.8051437 0.71946037
vt 0.79151225 0.82559085
vt 0.93756336 0.9482738
vt 0.7827492 0.75840735
vt 0.7905386 0.94243175
vt 0.75353897 0.7788545
vt 0.64643484 0.93853706
vt 0.7184867 0.7856702
vt 0.77690715 0.18686067
vt 0.890827 0.19367638
vt 0.890827 0.21314986
vt 0.77593344 0.20341311
vt 0.6513032 0.1849133
vt 0.6590926 0.20146577
vt 0.66396093 0.28325438
vt 0.6581189 0.37185875
vt 0.6425401 0.45267367
vt 0.72724974 0.5695146
vt 0.890827 0.56367254
vt 0.6211193 0.5266729
vt 0.59677744 0.58119863
vt 0.890827 0.21314986
vt 0.890827 0.19367638
vt 0.77690715 0.18686067
vt 0.77593344 0.20341311
vt 0.6513032 0.1849133
vt 0.6590926 0.20146577
vt 0.66396093 0.28325438
vt 0.6581189 0.37185875
vt 0.6425401 0.45267367
vt 0.72724974 0.5695146
vt 0.890827 0.56367254
vt 0.6211193 0.5266729
vt 0.59677744 0.58119863
vt 0.57827765 0.21120252
vt 0.5159625 0.19562373
vt 0.5159625 0.21412353
vt 0.5763303 0.22970232
vt 0.5159625 0.5656199
vt 0.6474085 0.25599152
vt 0.6688293 0.5665935
vt 0.6435138 0.27741235
vt 0.7068026 0.34849057
vt 0.71361834 0.320254
vt 0.8129331 0.5685409
vt 0.7788545 0.38743752
vt 0.77203876 0.42151612
vt 0.83727497 0.48383126
vt 0.95314217 0.5714619
vt 0.84506434 0.44683164
vt 0.96677357 0.53446233
vt 0.57827765 0.21120252
vt 0.5159625 0.21412353
vt 0.5159625 0.19562373
vt 0.5763303 0.22970232
vt 0.5159625 0.5656199
vt 0.6474085 0.25599152
vt 0.6688293 0.5665935
vt 0.6435138 0.27741235
vt 0.7068026 0.34849057
vt 0.71361834 0.320254
vt 0.8129331 0.5685409
vt 0.77203876 0.42151612
vt 0.7788545 0.38743752
vt 0.84506434 0.44683164
vt 0.83727497 0.48383126
vt 0.95314217 0.5714619
vt 0.96677357 0.53446233
vt 0.50914675 0.5724356
vt 0.51401514 0.5695146
vt 0.5120678 0.5510148
vt 0.5071994 0.5510148
vt 0.50914675 0.5305676
vt 0.51401514 0.53348863
vt 0.5120678 0.5510148
vt 0.51401514 0.53348863
vt 0.5081731 0.6678557
vt 0.6620136 0.7827492
vt 0.5081731 0.78080183
vt 0.6620136 0.6883028
vt 0.8333802 0.70485526
vt 0.8333802 0.7856702
vt 0.9852734 0.7856702
vt 0.9852734 0.70972365
vt 0.81001204 0.70582896
vt 0.7029079 0.666882
vt 0.7029079 0.6396191
vt 0.81001204 0.67564505
vt 0.7029079 0.58898807
vt 0.83727497 0.67564505
vt 0.84116966 0.7038816
vt 0.83630127 0.6357244
vt 0.7029079 0.52472556
vt 0.85966945 0.66493464
vt 0.86940616 0.6873291
vt 0.9628789 0.70874995
vt 0.9628789 0.6357244
vt 0.83727497 0.54419905
vt 0.83727497 0.45267367
vt 0.9628789 0.5568568
vt 0.7029079 0.45267367
vt 0.9628789 0.45267367
vt 0.9628789 0.34946424
vt 0.7029079 0.3806218
vt 0.83727497 0.36114833
vt 0.9628789 0.27059662
vt 0.83630127 0.26962295
vt 0.7029079 0.3163593
vt 0.85966945 0.24041273
vt 0.9628789 0.19757107
vt 0.86940616 0.21801823
vt 0.84116966 0.20146577
vt 0.83727497 0.22970232
vt 0.81098574 0.19951843
vt 0.81001204 0.230676
vt 0.7029079 0.26572827
vt 0.7029079 0.23846538
vt 0.6620136 0.6824608
vt 0.5081731 0.6659083
vt 0.5081731 0.5958038
vt 0.6620136 0.61138254
vt 0.8333802 0.7019342
vt 0.6620136 0.5266729
vt 0.5081731 0.5188835
vt 0.5081731 0.4176214
vt 0.8333802 0.62696135
vt 0.9852734 0.7077763
vt 0.9852734 0.63085604
vt 0.8333802 0.53446233
vt 0.9852734 0.5373833
vt 0.6620136 0.4176214
vt 0.5081731 0.31733298
vt 0.8333802 0.4176214
vt 0.9852734 0.4176214
vt 0.9852734 0.2988332
vt 0.6620136 0.30954358
vt 0.5081731 0.24041273
vt 0.8333802 0.3017542
vt 0.9852734 0.20536047
vt 0.8333802 0.20925516
vt 0.9852734 0.12844022
vt 0.8333802 0.13428226
vt 0.6620136 0.22386028
vt 0.6620136 0.15278207
vt 0.5081731 0.16933453
vt 0.6970659 0.9005638
vt 0.8324066 0.8051437
vt 0.8324066 0.87914294
vt 0.6970659 0.8246172
vt 0.54419905 0.9151689
vt 0.54419905 0.83630127
vt 0.8324066 0.7360128
vt 0.6970659 0.7496443
vt 0.54419905 0.75743365
vt 0.54419905 0.66103995
vt 0.6970659 0.6551979
vt 0.6970659 0.538357
vt 0.8324066 0.6435138
vt 0.54419905 0.538357
vt 0.8324066 0.538357
vt 0.8324066 0.4332002
vt 0.54419905 0.41567406
vt 0.6970659 0.42151612
vt 0.8324066 0.34070116
vt 0.6970659 0.32706973
vt 0.54419905 0.31928033
vt 0.54419905 0.24041273
vt 0.6970659 0.25209683
vt 0.8324066 0.2715703
vt 0.6970659 0.17615025
vt 0.54419905 0.16154513
vt 0.8324066 0.19757107
vt 0.9161425 0.55783045
vt 0.9502211 0.55783045
vt 0.9511948 0.5909354
vt 0.91808987 0.5958038
vt 0.80222267 0.55783045
vt 0.80222267 0.49941003
vt 0.91808987 0.52083087
vt 0.8031964 0.45364735
vt 0.9200372 0.48772594
vt 0.73309183 0.43222654
vt 0.7321181 0.48675227
vt 0.6181983 0.37867445
vt 0.6045668 0.46435776
vt 0.6045668 0.35920098
vt 0.7321181 0.55783045
vt 0.9200372 0.6289087
vt 0.9550895 0.627935
vt 0.9687209 0.5870407
vt 0.80222267 0.6172246
vt 0.8031964 0.6620136
vt 0.73309183 0.6844081
vt 0.7321181 0.6289087
vt 0.619172 0.73796016
vt 0.6045668 0.55783045
vt 0.6045668 0.6522769
vt 0.6045668 0.75646
vt 0.5227782 0.66396093
vt 0.5237519 0.7554863
vt 0.5227782 0.55783045
vt 0.59775114 0.7895649
vt 0.5237519 0.82559085
vt 0.5227782 0.45267367
vt 0.5237519 0.36017466
vt 0.59775114 0.32609606
vt 0.5237519 0.2910438
vt 0.59775114 0.81585413
vt 0.59775114 0.30078053
vt 0.5227782 0.8995901
vt 0.5227782 0.21704456
vt 0.6045668 0.89277434
vt 0.5227782 0.9210109
vt 0.6055405 0.8324066
vt 0.6172246 0.84116966
vt 0.7340655 0.8528537
vt 0.6045668 0.22386028
vt 0.5227782 0.19465005
vt 0.6055405 0.28422806
vt 0.6172246 0.27449134
vt 0.7340655 0.26280725
vt 0.57730395 0.27449134
vt 0.58314604 0.2988332
vt 0.59190905 0.29201746
vt 0.586067 0.25793886
vt 0.9346424 0.32999074
vt 0.95314217 0.3543326
vt 0.9628789 0.34362218
vt 0.95801055 0.3134383
vt 0.94243175 0.28033337
vt 0.91322154 0.25209683
vt 0.90737945 0.3280434
vt 0.59677744 0.24333376
vt 0.586067 0.25793886
vt 0.59190905 0.29201746
vt 0.6045668 0.28812277
vt 0.7165394 0.20730782
vt 0.7184867 0.28033337
vt 0.7895649 0.20925516
vt 0.60748786 0.3358328
vt 0.78859127 0.2822807
vt 0.91322154 0.25209683
vt 0.90737945 0.3280434
vt 0.79248595 0.34849057
vt 0.5958038 0.3241487
vt 0.58314604 0.2988332
vt 0.5909354 0.33291176
vt 0.6055405 0.3543326
vt 0.7223814 0.34556952
vt 0.72432876 0.38743752
vt 0.79638064 0.3913322
vt 0.91808987 0.3806218
vt 0.95314217 0.3543326
vt 0.9346424 0.32999074
vt 0.9550895 0.627935
vt 0.9687209 0.5870407
vt 0.9813787 0.5938564
vt 0.9657999 0.63182974
vt 0.6873291 0.38646385
vt 0.60748786 0.41372672
vt 0.6834344 0.35530627
vt 0.77788085 0.28617543
vt 0.78080183 0.3251224
vt 0.890827 0.26864928
vt 0.82948554 0.12649287
vt 0.7029079 0.24625477
vt 0.7029079 0.17809759
vt 0.80709106 0.20536047
vt 0.83727497 0.20730782
vt 0.9628789 0.0875459
vt 0.9628789 0.20438679
vt 0.86453784 0.23164967
vt 0.5081731 0.17615025
vt 0.5081731 0.06223038
vt 0.6620136 0.061256703
vt 0.6620136 0.15570308
vt 0.8333802 0.13915063
vt 0.8333802 0.05833568
vt 0.9852734 0.05833568
vt 0.9852734 0.13428226
vt 0.6347507 0.43027917
vt 0.64059275 0.4176214
vt 0.6386454 0.43027917
vt 0.63669807 0.41567406
vt 0.64156646 0.3991216
vt 0.64643484 0.40983203
vt 0.6912238 0.3465432
vt 0.6999869 0.35530627
vt 0.71361834 0.31538564
vt 0.64643484 0.40983203
vt 0.6386454 0.43027917
vt 0.64059275 0.4176214
vt 0.6483822 0.43027917
vt 0.7029079 0.43027917
vt 0.7019342 0.38938487
vt 0.7554863 0.37283242
vt 0.6999869 0.35530627
vt 0.75451267 0.32609606
vt 0.71361834 0.31538564
vt 0.64643484 0.45072633
vt 0.7019342 0.47214717
vt 0.7554863 0.48772594
vt 0.75646 0.43027917
vt 0.64059275 0.44293693
vt 0.6347507 0.43027917
vt 0.63669807 0.44585797
vt 0.64156646 0.46143675
vt 0.6912238 0.51498884
vt 0.6999869 0.50525206
vt 0.71361834 0.5451727
vt 0.70582896 0.5558831
vt 0.7311445 0.5948301
vt 0.75451267 0.535436
vt 0.7321181 0.5753566
vt 0.8324066 0.6444875
vt 0.8324066 0.6172246
vt 0.8324066 0.5665935
vt 0.8324066 0.5023311
vt 0.8324066 0.43027917
vt 0.8324066 0.35822728
vt 0.8324066 0.2939648
vt 0.7321181 0.28617543
vt 0.8324066 0.24333376
vt 0.8324066 0.21607088
vt 0.7311445 0.26572827
vt 0.70582896 0.3056489
vt 0.6912238 0.3465432
vt 0.59677744 0.21607088
vt 0.59775114 0.16933453
vt 0.586067 0.20243944
vt 0.57730395 0.18588698
vt 0.58217233 0.16154513
vt 0.6006721 0.12941389
vt 0.5899617 0.12746654
vt 0.6035932 0.104098365
vt 0.72432876 0.07488814
vt 0.7223814 0.1177298
vt 0.7184867 0.18296596
vt 0.79638064 0.0729408
vt 0.79248595 0.115782455
vt 0.78859127 0.18199229
vt 0.91906357 0.08851958
vt 0.90737945 0.1401243
vt 0.77593344 0.96190524
vt 0.93853706 0.95216846
vt 0.9395107 0.5996985
vt 0.8236435 0.59190905
vt 0.6912238 0.84409064
vt 0.6688293 0.9161425
vt 0.6328034 0.99014175
vt 0.7068026 0.76230204
vt 0.711671 0.6736977
vt 0.7068026 0.59190905
vt 0.77593344 0.96190524
vt 0.9395107 0.5996985
vt 0.93853706 0.95216846
vt 0.8236435 0.59190905
vt 0.6912238 0.84409064
vt 0.7068026 0.76230204
vt 0.711671 0.6736977
vt 0.7068026 0.59190905
vt 0.6688293 0.9161425
vt 0.6328034 0.99014175
vt 0.66006625 0.90348476
vt 0.63085604 0.9696946
vt 0.53348863 0.60748786
vt 0.6883028 0.88498497
vt 0.53348863 0.8830376
vt 0.6873291 0.67564505
vt 0.6873291 0.30662256
vt 0.53348863 0.31149095
vt 0.6873291 0.13233492
vt 0.53348863 0.13428226
vt 0.8509064 0.1401243
vt 0.8509064 0.77593344
vt 0.8518801 0.87816924
vt 0.8509064 0.30467522
vt 0.9434054 0.8080647
vt 0.9589842 0.8382486
vt 0.9833261 0.8733009
vt 0.9317213 0.77301246
vt 0.84993273 0.6493558
vt 0.9317213 0.6474085
vt 0.84993273 0.50914675
vt 0.9317213 0.50914675
vt 0.9317213 0.36991137
vt 0.9317213 0.2452811
vt 0.9434054 0.20925516
vt 0.9589842 0.17907126
vt 0.9833261 0.14401901
vt 0.8197488 0.44098958
vt 0.9599579 0.44780532
vt 0.84506434 0.35627994
vt 0.7798282 0.29201746
vt 0.714592 0.2189919
vt 0.6766187 0.4370949
vt 0.6513032 0.14888737
vt 0.5841197 0.10117734
vt 0.5218045 0.4370949
vt 0.5227782 0.08559856
vt 0.9599579 0.44780532
vt 0.8197488 0.44098958
vt 0.84506434 0.35627994
vt 0.7798282 0.29201746
vt 0.714592 0.2189919
vt 0.6766187 0.4370949
vt 0.6513032 0.14888737
vt 0.5841197 0.10117734
vt 0.5218045 0.4370949
vt 0.5227782 0.08559856
vt 0.5987248 0.68051344
vt 0.61138254 0.66493464
vt 0.60748786 0.6883028
vt 0.6873291 0.7155657
vt 0.7447759 0.6912238
vt 0.7447759 0.72043407
vt 0.7486706 0.7165394
vt 0.7486706 0.69511855
vt 0.5364097 0.9015374
vt 0.5646462 0.9015374
vt 0.5724356 0.8577221
vt 0.54419905 0.8577221
vt 0.5646462 0.7973543
vt 0.5364097 0.7973543
vt 0.54419905 0.8421433
vt 0.5724356 0.8421433
vt 0.54419905 0.8577221
vt 0.5724356 0.8577221
vt 0.5724356 0.8421433
vt 0.54419905 0.8421433
vt 0.5364097 0.7973543
vt 0.5646462 0.7973543
vt 0.5646462 0.78177553
vt 0.5364097 0.78177553
vt 0.7301708 0.8031964
vt 0.7077763 0.82169616
vt 0.711671 0.82656455
vt 0.7311445 0.8187751
vt 0.7749598 0.80417
vt 0.77301246 0.8197488
vt 0.80709106 0.83045924
vt 0.80417 0.8324066
vt 0.7749598 0.87816924
vt 0.80709106 0.8509064
vt 0.80417 0.848959
vt 0.77301246 0.8616168
vt 0.7301708 0.87816924
vt 0.77301246 0.8197488
vt 0.80417 0.8324066
vt 0.7311445 0.8187751
vt 0.7311445 0.8625905
vt 0.711671 0.82656455
vt 0.711671 0.85577476
vt 0.7077763 0.8606431
vt 0.7077763 0.8606431
vt 0.711671 0.85577476
vt 0.711671 0.82656455
vt 0.7077763 0.82169616
vt 0.80709106 0.8509064
vt 0.80709106 0.83045924
vt 0.80417 0.8324066
vt 0.80417 0.848959
vt 0.711671 0.85577476
vt 0.70972365 0.8577221
vt 0.7301708 0.87816924
vt 0.7321181 0.8625905
vt 0.711671 0.82559085
vt 0.7321181 0.8187751
vt 0.7749598 0.8771956
vt 0.7739861 0.8197488
vt 0.7739861 0.8616168
vt 0.80709106 0.8509064
vt 0.80417 0.8324066
vt 0.80417 0.848959
vt 0.7749598 0.80417
vt 0.80417 0.8324066
vt 0.80709106 0.83045924
vt 0.7739861 0.8197488
vt 0.7301708 0.8031964
vt 0.7321181 0.8187751
vt 0.70972365 0.8236435
vt 0.711671 0.82559085
vt 0.711671 0.82559085
vt 0.70972365 0.8236435
vt 0.70972365 0.8577221
vt 0.711671 0.85577476
vt 0.80417 0.848959
vt 0.80709106 0.8509064
vt 0.80709106 0.83045924
vt 0.80417 0.8324066
vt 0.7603547 0.67467135
vt 0.7447759 0.6912238
vt 0.7486706 0.69511855
vt 0.76230204 0.6883028
vt 0.79151225 0.67564505
vt 0.7905386 0.68927646
vt 0.8129331 0.70582896
vt 0.81098574 0.70582896
vt 0.79151225 0.7360128
vt 0.8129331 0.70582896
vt 0.81098574 0.70582896
vt 0.7905386 0.7223814
vt 0.7905386 0.68927646
vt 0.7603547 0.7369865
vt 0.76230204 0.6883028
vt 0.76230204 0.72335505
vt 0.7447759 0.72043407
vt 0.7486706 0.69511855
vt 0.7486706 0.7165394
vt 0.7486706 0.717513
vt 0.74672323 0.7184867
vt 0.7603547 0.7360128
vt 0.76230204 0.72335505
vt 0.7486706 0.69414485
vt 0.76230204 0.6873291
vt 0.79151225 0.7360128
vt 0.7905386 0.6883028
vt 0.7905386 0.7223814
vt 0.8129331 0.70582896
vt 0.81098574 0.70582896
vt 0.79151225 0.67467135
vt 0.81098574 0.70582896
vt 0.8129331 0.70582896
vt 0.7905386 0.6883028
vt 0.7603547 0.67467135
vt 0.76230204 0.6873291
vt 0.74672323 0.6921975
vt 0.7486706 0.69414485
vt 0.7486706 0.69414485
vt 0.74672323 0.6921975
vt 0.74672323 0.7184867
vt 0.7486706 0.717513
vt 0.5364097 0.9005638
vt 0.5646462 0.9005638
vt 0.5724356 0.85577476
vt 0.54419905 0.85577476
vt 0.5646462 0.801249
vt 0.5364097 0.801249
vt 0.54419905 0.84506434
vt 0.5724356 0.84506434
vt 0.54419905 0.85577476
vt 0.5724356 0.85577476
vt 0.5724356 0.84506434
vt 0.54419905 0.84506434
vt 0.5364097 0.801249
vt 0.5646462 0.801249
vt 0.5646462 0.7905386
vt 0.5364097 0.7905386
vt 0.78859127 0.94145805
vt 0.8002753 0.91906357
vt 0.798328 0.91906357
vt 0.78761756 0.9307476
vt 0.7739861 0.94730014
vt 0.7739861 0.9346424
vt 0.7554863 0.9443791
vt 0.75743365 0.9336687
vt 0.74380225 0.9346424
vt 0.7457496 0.91906357
vt 0.74769694 0.8528537
vt 0.7457496 0.8528537
vt 0.75743365 0.87816924
vt 0.75840735 0.8684325
vt 0.74769694 0.8528537
vt 0.75840735 0.8684325
vt 0.75840735 0.83727497
vt 0.77593344 0.83630127
vt 0.77593344 0.8684325
vt 0.78859127 0.84019595
vt 0.77593344 0.8810903
vt 0.75743365 0.87816924
vt 0.7905386 0.87524825
vt 0.78859127 0.8655115
vt 0.7993016 0.8528537
vt 0.801249 0.8528537
vt 0.7905386 0.83045924
vt 0.7993016 0.8528537
vt 0.801249 0.8528537
vt 0.78859127 0.84019595
vt 0.77593344 0.8236435
vt 0.77593344 0.83630127
vt 0.75743365 0.82656455
vt 0.75840735 0.83727497
vt 0.7457496 0.8528537
vt 0.74769694 0.8528537
vt 0.5373833 0.9005638
vt 0.5646462 0.9005638
vt 0.5724356 0.85577476
vt 0.5451727 0.85577476
vt 0.5646462 0.801249
vt 0.5373833 0.801249
vt 0.5451727 0.84506434
vt 0.5724356 0.84506434
vt 0.5451727 0.85577476
vt 0.5724356 0.85577476
vt 0.5724356 0.84506434
vt 0.5451727 0.84506434
vt 0.5373833 0.801249
vt 0.5646462 0.801249
vt 0.5646462 0.7905386
vt 0.5373833 0.7905386
vt 0.8820639 0.16543983
vt 0.8771956 0.17517658
vt 0.84993273 0.16251881
vt 0.8509064 0.14304532
vt 0.8771956 0.17615025
vt 0.84993273 0.16251881
vt 0.7973543 0.15472941
vt 0.7973543 0.12844022
vt 0.7973543 0.15472941
vt 0.6736977 0.15278207
vt 0.6736977 0.13038756
vt 0.6736977 0.15278207
vt 0.6240403 0.15570308
vt 0.6201456 0.14596635
vt 0.6240403 0.15570308
vt 0.8771956 0.21120252
vt 0.8771956 0.17517658
vt 0.8830376 0.19270271
vt 0.84993273 0.16251881
vt 0.84993273 0.22386028
vt 0.7973543 0.15472941
vt 0.7973543 0.23262334
vt 0.6736977 0.15278207
vt 0.6736977 0.23457068
vt 0.6240403 0.23164967
vt 0.6240403 0.15570308
vt 0.619172 0.19367638
vt 0.8771956 0.21120252
vt 0.8820639 0.22191292
vt 0.8509064 0.24333376
vt 0.84993273 0.22386028
vt 0.7973543 0.25793886
vt 0.7973543 0.23262334
vt 0.6736977 0.23457068
vt 0.7973543 0.23262334
vt 0.84993273 0.22483395
vt 0.8810903 0.2228866
vt 0.8771956 0.21217619
vt 0.6736977 0.25599152
vt 0.6736977 0.23457068
vt 0.6240403 0.23164967
vt 0.6201456 0.24138641
vt 0.6240403 0.23164967
vt 0.6240403 0.23164967
vt 0.6240403 0.15570308
vt 0.6181983 0.19367638
vt 0.6736977 0.15278207
vt 0.6736977 0.23457068
vt 0.7973543 0.15472941
vt 0.7973543 0.23262334
vt 0.84993273 0.16251881
vt 0.84993273 0.22483395
vt 0.8771956 0.21217619
vt 0.8771956 0.17615025
vt 0.8830376 0.19367638
vt 0.8830376 0.19270271
vt 0.8771956 0.17517658
vt 0.8820639 0.16446616
vt 0.88985336 0.18588698
vt 0.8771956 0.17615025
vt 0.8830376 0.19367638
vt 0.88985336 0.20146577
vt 0.8830376 0.19367638
vt 0.8771956 0.21217619
vt 0.8810903 0.2228866
vt 0.8771956 0.21120252
vt 0.8830376 0.19270271
vt 0.890827 0.2004921
vt 0.8820639 0.22191292
vt 0.78664386 0.5714619
vt 0.58119863 0.56269884
vt 0.5792513 0.58119863
vt 0.78664386 0.59288275
vt 0.8538274 0.5675672
vt 0.85480106 0.58801436
vt 0.8616168 0.55783045
vt 0.8664852 0.5724356
vt 0.7856702 0.5948301
vt 0.580225 0.56367254
vt 0.7856702 0.57340926
vt 0.8538274 0.59190905
vt 0.8528537 0.5724356
vt 0.86453784 0.57730395
vt 0.78664386 0.4779892
vt 0.580225 0.4896733
vt 0.58119863 0.5081731
vt 0.78664386 0.49941003
vt 0.85480106 0.48091024
vt 0.8538274 0.5013574
vt 0.8606431 0.51109415
vt 0.8664852 0.49648902
vt 0.7856702 0.5013574
vt 0.580225 0.50914675
vt 0.5792513 0.49162063
vt 0.78664386 0.47993657
vt 0.8528537 0.50622576
vt 0.8538274 0.4857786
vt 0.8606431 0.5159625
vt 0.8655115 0.5013574
vt 0.7856702 0.57340926
vt 0.580225 0.56367254
vt 0.580225 0.50914675
vt 0.7856702 0.5013574
vt 0.8528537 0.5724356
vt 0.8528537 0.50622576
vt 0.8616168 0.53933066
vt 0.8606431 0.5159625
vt 0.85966945 0.56269884
vt 0.5724356 0.535436
vt 0.58119863 0.5081731
vt 0.57438296 0.51401514
vt 0.58119863 0.56269884
vt 0.57438296 0.5558831
vt 0.78664386 0.49941003
vt 0.78664386 0.5714619
vt 0.8538274 0.5013574
vt 0.8538274 0.5675672
vt 0.8625905 0.53446233
vt 0.8606431 0.51109415
vt 0.8616168 0.55783045
vt 0.8684325 0.56269884
vt 0.8625905 0.53446233
vt 0.8616168 0.55783045
vt 0.86940616 0.53446233
vt 0.8684325 0.50622576
vt 0.8606431 0.51109415
vt 0.8995901 0.74380225
vt 0.9161425 0.7700914
vt 0.9171162 0.74282855
vt 0.8956954 0.711671
vt 0.86356413 0.7077763
vt 0.84019595 0.73990756
vt 0.8129331 0.71946037
vt 0.78664386 0.7506179
vt 0.77788085 0.7360128
vt 0.81098574 0.7165394
vt 0.77203876 0.7525653
vt 0.7788545 0.7554863
vt 0.7788545 0.7554863
vt 0.77203876 0.7525653
vt 0.7700914 0.7700914
vt 0.78080183 0.7700914
vt 0.7788545 0.7846965
vt 0.77203876 0.78859127
vt 0.78664386 0.7506179
vt 0.7788545 0.7554863
vt 0.78080183 0.7700914
vt 0.7895649 0.7700914
vt 0.84019595 0.73990756
vt 0.78664386 0.7895649
vt 0.7788545 0.7846965
vt 0.84019595 0.7700914
vt 0.84019595 0.8002753
vt 0.8995901 0.7973543
vt 0.89666903 0.7700914
vt 0.8995901 0.74380225
vt 0.9161425 0.7700914
vt 0.79638064 0.9210109
vt 0.79638064 0.98722076
vt 0.81098574 0.9823524
vt 0.81098574 0.9258793
vt 0.7515916 0.9258793
vt 0.7515916 0.9833261
vt 0.79638064 0.98722076
vt 0.79638064 0.9210109
vt 0.7165394 0.9346424
vt 0.7486706 0.9833261
vt 0.7486706 0.9258793
vt 0.7165394 0.974563
vt 0.70874995 0.9395107
vt 0.70874995 0.9696946
vt 0.70582896 0.9541158
vt 0.7515916 0.9258793
vt 0.7486706 0.9258793
vt 0.7486706 0.9833261
vt 0.7515916 0.9833261
vt 0.6581189 0.9511948
vt 0.5510148 0.75840735
vt 0.5510148 0.9628789
vt 0.6581189 0.7710651
vt 0.7408812 0.9219846
vt 0.7408812 0.7993016
vt 0.7827492 0.88401127
vt 0.7827492 0.83727497
vt 0.78761756 0.8606431
vt 0.90932685 0.8995901
vt 0.9365897 0.88887966
vt 0.93756336 0.8723272
vt 0.90835315 0.8674588
vt 0.81585413 0.8577221
vt 0.8168278 0.91906357
vt 0.72432876 0.85480106
vt 0.72432876 0.9258793
vt 0.63182974 0.91906357
vt 0.6328034 0.8577221
vt 0.538357 0.8995901
vt 0.53933066 0.8674588
vt 0.50914675 0.8723272
vt 0.51012045 0.88887966
vt 0.90835315 0.8674588
vt 0.93756336 0.8723272
vt 0.91322154 0.83532757
vt 0.8178015 0.7944333
vt 0.81585413 0.8577221
vt 0.72335505 0.7837229
vt 0.72432876 0.85480106
vt 0.6328034 0.8577221
vt 0.6289087 0.79540694
vt 0.53933066 0.8674588
vt 0.53446233 0.83532757
vt 0.50914675 0.8723272
vt 0.90932685 0.8995901
vt 0.91322154 0.9210109
vt 0.9365897 0.88887966
vt 0.8168278 0.91906357
vt 0.8178015 0.96190524
vt 0.72432876 0.9258793
vt 0.72335505 0.97261566
vt 0.6289087 0.96093154
vt 0.63182974 0.91906357
vt 0.53446233 0.9210109
vt 0.538357 0.8995901
vt 0.51012045 0.88887966
vt 0.5948301 0.8168278
vt 0.57438296 0.8080647
vt 0.5850934 0.84019595
vt 0.5724356 0.7895649
vt 0.59775114 0.7895649
vt 0.6289087 0.7895649
vt 0.625014 0.8314329
vt 0.6844081 0.7895649
vt 0.68051344 0.85480106
vt 0.78761756 0.7895649
vt 0.7856702 0.87037987
vt 0.8918007 0.84019595
vt 0.890827 0.7895649
vt 0.94145805 0.7895649
vt 0.94632643 0.8382486
vt 0.8918007 0.62696135
vt 0.96093154 0.6883028
vt 0.97943133 0.64546114
vt 0.890827 0.6824608
vt 0.9541158 0.71361834
vt 0.7827492 0.6240403
vt 0.8918007 0.73990756
vt 0.94632643 0.7418549
vt 0.7856702 0.70972365
vt 0.890827 0.7895649
vt 0.94145805 0.7895649
vt 0.78761756 0.7895649
vt 0.6844081 0.7895649
vt 0.68051344 0.7253024
vt 0.67175037 0.6542242
vt 0.6289087 0.7895649
vt 0.625014 0.74769694
vt 0.61235625 0.6999869
vt 0.59775114 0.7895649
vt 0.5948301 0.7632757
vt 0.5850934 0.73990756
vt 0.5724356 0.7895649
vt 0.57438296 0.77203876
vt 0.5422517 0.627935
vt 0.53933066 0.67856604
vt 0.60261947 0.67856604
vt 0.6055405 0.63767177
vt 0.5471201 0.5685409
vt 0.6532505 0.67856604
vt 0.61235625 0.586067
vt 0.6551979 0.6532505
vt 0.68051344 0.67953974
vt 0.66396093 0.61625093
vt 0.6824608 0.6620136
vt 0.6999869 0.67953974
vt 0.6931712 0.65714526
vt 0.7934596 0.5451727
vt 0.7447759 0.59190905
vt 0.7993016 0.55880415
vt 0.74282855 0.5695146
vt 0.74282855 0.51985717
vt 0.6678557 0.6094352
vt 0.666882 0.51012045
vt 0.666882 0.5792513
vt 0.5958038 0.5763303
vt 0.5958038 0.5130415
vt 0.59288275 0.60261947
vt 0.5568568 0.5451727
vt 0.5510148 0.5695146
vt 0.7993016 0.5305676
vt 0.74282855 0.51985717
vt 0.7934596 0.5451727
vt 0.7447759 0.4974627
vt 0.666882 0.51012045
vt 0.6678557 0.48091024
vt 0.59288275 0.48675227
vt 0.5958038 0.5130415
vt 0.5510148 0.51985717
vt 0.5568568 0.5451727
vt 0.801249 0.85869575
vt 0.801249 0.8187751
vt 0.759381 0.8392223
vt 0.8616168 0.8606431
vt 0.8616168 0.8168278
vt 0.9219846 0.8567484
vt 0.9219846 0.82072246
vt 0.9638526 0.8392223
vt 0.759381 0.8392223
vt 0.7525653 0.8392223
vt 0.75646 0.85869575
vt 0.801249 0.85869575
vt 0.7993016 0.8801166
vt 0.8616168 0.8606431
vt 0.8616168 0.8869323
vt 0.9219846 0.8567484
vt 0.92393196 0.87816924
vt 0.9638526 0.8392223
vt 0.96677357 0.85480106
vt 0.97164196 0.8392223
vt 0.97164196 0.8392223
vt 0.96677357 0.8226698
vt 0.9638526 0.8392223
vt 0.9219846 0.82072246
vt 0.92393196 0.7993016
vt 0.8616168 0.8168278
vt 0.8616168 0.7905386
vt 0.801249 0.8187751
vt 0.7993016 0.798328
vt 0.759381 0.8392223
vt 0.75646 0.8187751
vt 0.7525653 0.8392223
vt 0.5500411 0.8051437
vt 0.6006721 0.7506179
vt 0.54322535 0.8051437
vt 0.6045668 0.7788545
vt 0.6844081 0.7321181
vt 0.6844081 0.7691178
vt 0.75743365 0.73893386
vt 0.75451267 0.7681441
vt 0.82169616 0.8051437
vt 0.8139068 0.8051437
vt 0.54322535 0.8051437
vt 0.6045668 0.8314329
vt 0.5500411 0.8051437
vt 0.6006721 0.85869575
vt 0.6844081 0.84116966
vt 0.6844081 0.8771956
vt 0.75451267 0.84116966
vt 0.75743365 0.8713535
vt 0.8139068 0.8051437
vt 0.82169616 0.8051437
vt 0.6045668 0.8314329
vt 0.6045668 0.7788545
vt 0.5500411 0.8051437
vt 0.6844081 0.84116966
vt 0.6844081 0.7691178
vt 0.75451267 0.84116966
vt 0.75451267 0.7681441
vt 0.8139068 0.8051437
vt 0.9677473 0.86453784
vt 0.97164196 0.8343539
vt 0.89861643 0.7749598
vt 0.8947217 0.8139068
vt 0.759381 0.7408812
vt 0.759381 0.79638064
vt 0.759381 0.932695
vt 0.6240403 0.9141952
vt 0.6240403 0.8139068
vt 0.6201456 0.7749598
vt 0.5510148 0.86453784
vt 0.5461464 0.8343539
vt 0.9677473 0.86453784
vt 0.97553664 0.86453784
vt 0.97164196 0.8343539
vt 0.97164196 0.8947217
vt 0.8947217 0.9141952
vt 0.8947217 0.8139068
vt 0.89861643 0.95314217
vt 0.759381 0.932695
vt 0.759381 0.9881944
vt 0.6201456 0.95314217
vt 0.6240403 0.9141952
vt 0.5461464 0.8947217
vt 0.5510148 0.86453784
vt 0.5510148 0.86453784
vt 0.5461464 0.8343539
vt 0.54322535 0.86453784
vt 0.5461464 0.8947217
vt 0.59288275 0.16251881
vt 0.57340926 0.19172902
vt 0.59677744 0.16446616
vt 0.5714619 0.17420289
vt 0.59190905 0.15375574
vt 0.541278 0.20146577
vt 0.5695146 0.15375574
vt 0.53933066 0.17907126
vt 0.57340926 0.115782455
vt 0.54030436 0.10604571
vt 0.53933066 0.12844022
vt 0.5714619 0.13330859
vt 0.59677744 0.14304532
vt 0.538357 0.15375574
vt 0.59288275 0.14499268
vt 0.59775114 0.15375574
vt 0.5695146 0.15375574
vt 0.53933066 0.17907126
vt 0.59190905 0.15375574
vt 0.59288275 0.16251881
vt 0.59677744 0.16446616
vt 0.7700914 0.2004921
vt 0.84116966 0.1703082
vt 0.8333802 0.1703082
vt 0.77203876 0.22970232
vt 0.67856604 0.20730782
vt 0.67856604 0.24430743
vt 0.5870407 0.2004921
vt 0.5850934 0.22970232
vt 0.5237519 0.18393964
vt 0.5159625 0.18783434
vt 0.51109415 0.1703082
vt 0.77203876 0.10994041
vt 0.8333802 0.1703082
vt 0.84116966 0.1703082
vt 0.7700914 0.13915063
vt 0.67856604 0.09630897
vt 0.67856604 0.13233492
vt 0.5850934 0.10994041
vt 0.5870407 0.13915063
vt 0.5159625 0.15278207
vt 0.5237519 0.15570308
vt 0.51109415 0.1703082
vt 0.7700914 0.2004921
vt 0.8333802 0.1703082
vt 0.7700914 0.13915063
vt 0.67856604 0.20730782
vt 0.67856604 0.13233492
vt 0.5870407 0.2004921
vt 0.5870407 0.13915063
vt 0.5237519 0.15570308
vt 0.5237519 0.18393964
vt 0.51109415 0.1703082
vt 0.666882 0.3397275
vt 0.62598765 0.3884112
vt 0.666882 0.40885836
vt 0.62598765 0.36017466
vt 0.619172 0.37477976
vt 0.96190524 0.4224898
vt 0.98722076 0.42151612
vt 0.8995901 0.32901707
vt 0.89666903 0.38256913
vt 0.74380225 0.2988332
vt 0.74380225 0.36991137
vt 0.5958038 0.3845165
vt 0.5958038 0.45754206
vt 0.5938564 0.33388543
vt 0.52862024 0.42151612
vt 0.5179098 0.42151612
vt 0.5179098 0.42151612
vt 0.5958038 0.45754206
vt 0.52862024 0.42151612
vt 0.5938564 0.5081731
vt 0.74380225 0.47312084
vt 0.74380225 0.54419905
vt 0.74380225 0.36991137
vt 0.89861643 0.5169362
vt 0.89666903 0.38256913
vt 0.89861643 0.46143675
vt 0.98722076 0.42151612
vt 0.96190524 0.4224898
vt 0.55783045 0.77593344
vt 0.5510148 0.7418549
vt 0.54322535 0.77593344
vt 0.63669807 0.7350392
vt 0.63182974 0.69025016
vt 0.7496443 0.7253024
vt 0.7496443 0.6688293
vt 0.8625905 0.7350392
vt 0.8674588 0.69025016
vt 0.94145805 0.77593344
vt 0.9482738 0.7418549
vt 0.95703685 0.77593344
vt 0.95703685 0.77593344
vt 0.94145805 0.77593344
vt 0.9482738 0.81098574
vt 0.8625905 0.8178015
vt 0.8674588 0.8616168
vt 0.8625905 0.7350392
vt 0.7496443 0.8275382
vt 0.7496443 0.8830376
vt 0.7496443 0.7253024
vt 0.63669807 0.8178015
vt 0.63669807 0.7350392
vt 0.63182974 0.8616168
vt 0.55783045 0.77593344
vt 0.5510148 0.81001204
vt 0.54322535 0.77593344
vt 0.34362218 0.2189919
vt 0.33778015 0.18296596
vt 0.34362218 0.18880801
vt 0.33778015 0.22191292
vt 0.33778015 0.24820213
vt 0.34362218 0.2569652
vt 0.22872865 0.14986104
vt 0.22093925 0.0077046314
vt 0.3358328 0.0077046314
vt 0.3358328 0.14986104
vt 0.26572827 0.38354284
vt 0.3358328 0.38354284
vt 0.22872865 0.14986104
vt 0.22093925 0.0077046314
vt 0.26572827 0.38354284
vt 0.30759624 0.43612123
vt 0.28033337 0.43027917
vt 0.29201746 0.44780532
vt 0.32122767 0.4779892
vt 0.3358328 0.48480493
vt 0.32122767 0.4779892
vt 0.30759624 0.43612123
vt 0.28033337 0.43027917
vt 0.29201746 0.44780532
vt 0.17712392 0.037888527
vt 0.3358328 0.012573002
vt 0.17809759 0.012573002
vt 0.3358328 0.037888527
vt 0.3358328 0.0875459
vt 0.18393964 0.0875459
vt 0.3358328 0.1177298
vt 0.19562373 0.1177298
vt 0.20828149 0.14109798
vt 0.3358328 0.14109798
vt 0.20828149 0.14109798
vt 0.19562373 0.1177298
vt 0.18393964 0.0875459
vt 0.17712392 0.037888527
vt 0.17809759 0.012573002
vt 0.33778015 0.19465005
vt 0.33778015 0.07391447
vt 0.34362218 0.07683549
vt 0.34362218 0.19757107
vt 0.34362218 0.4078847
vt 0.33778015 0.40496364
vt 0.34362218 0.45754206
vt 0.33778015 0.4565684
vt 0.33778015 0.27254397
vt 0.34362218 0.094361626
vt 0.33778015 0.0953353
vt 0.34362218 0.2715703
vt 0.33778015 0.38549018
vt 0.34362218 0.38354284
vt 0.33778015 0.40106896
vt 0.34362218 0.40106896
vt 0.33778015 0.43612123
vt 0.34362218 0.22872865
vt 0.33778015 0.18880801
vt 0.34362218 0.18199229
vt 0.33778015 0.22775497
vt 0.34362218 0.25404418
vt 0.33778015 0.25599152
vt 0.33778015 0.22775497
vt 0.34362218 0.22872865
vt 0.33778015 0.18880801
vt 0.34362218 0.18199229
vt 0.34362218 0.2189919
vt 0.34362218 0.18880801
vt 0.33778015 0.18296596
vt 0.33778015 0.22191292
vt 0.33778015 0.24820213
vt 0.34362218 0.2569652
vt 0.19367638 0.17420289
vt 0.22093925 0.4332002
vt 0.3358328 0.4332002
vt 0.3358328 0.17420289
vt 0.17809759 0.0077046314
vt 0.22093925 0.4332002
vt 0.3358328 0.0077046314
vt 0.19367638 0.17420289
vt 0.17809759 0.0077046314
vt 0.33778015 0.19465005
vt 0.34362218 0.07683549
vt 0.33778015 0.07391447
vt 0.34362218 0.19757107
vt 0.33778015 0.40496364
vt 0.34362218 0.4078847
vt 0.34362218 0.45754206
vt 0.33778015 0.4565684
vt 0.34362218 0.2715703
vt 0.33778015 0.0953353
vt 0.34362218 0.094361626
vt 0.33778015 0.27254397
vt 0.33778015 0.38549018
vt 0.34362218 0.38354284
vt 0.33778015 0.40106896
vt 0.34362218 0.40106896
vt 0.33778015 0.43612123
vt 0.26378092 0.4517
vt 0.23943906 0.49259433
vt 0.26962295 0.48869962
vt 0.22775497 0.4633841
vt 0.2189919 0.44391063
vt 0.26378092 0.4517
vt 0.26962295 0.48869962
vt 0.23943906 0.49259433
vt 0.22775497 0.4633841
vt 0.2189919 0.44391063
vt 0.18004493 0.4779892
vt 0.18588698 0.4779892
vt 0.19562373 0.4147004
vt 0.19075535 0.4147004
vt 0.17809759 0.4896733
vt 0.18588698 0.4779892
vt 0.18004493 0.4779892
vt 0.1849133 0.4896733
vt 0.18004493 0.4779892
vt 0.18588698 0.4779892
vt 0.19075535 0.4147004
vt 0.19562373 0.4147004
vt 0.19562373 0.4030163
vt 0.18880801 0.4030163
vt 0.19562373 0.4147004
vt 0.19075535 0.4147004
vt 0.19075535 0.4147004
vt 0.19562373 0.4147004
vt 0.18588698 0.4779892
vt 0.18004493 0.4779892
vt 0.20925516 0.4896733
vt 0.19854476 0.4896733
vt 0.20438679 0.49162063
vt 0.20925516 0.42443714
vt 0.19854476 0.42443714
vt 0.20438679 0.4224898
vt 0.0057572834 0.72432876
vt 0.0057572834 0.77690715
vt 0.0651514 0.7700914
vt 0.0651514 0.72432876
vt 0.12454552 0.76132834
vt 0.0651514 0.7700914
vt 0.0057572834 0.77690715
vt 0.12454552 0.72432876
vt 0.19367638 0.7486706
vt 0.12454552 0.76132834
vt 0.0651514 0.80611736
vt 0.0057572834 0.8168278
vt 0.0057572834 0.85480106
vt 0.0651514 0.8392223
vt 0.12941389 0.8168278
vt 0.12454552 0.79248595
vt 0.18101862 0.78761756
vt 0.18393964 0.7710651
vt 0.20925516 0.7525653
vt 0.19367638 0.7486706
vt 0.2150972 0.72432876
vt 0.19465005 0.72432876
vt 0.20925516 0.7525653
vt 0.42346346 0.83045924
vt 0.3806218 0.9599579
vt 0.37770078 0.95314217
vt 0.41859508 0.82656455
vt 0.45559472 0.586067
vt 0.45559472 0.53933066
vt 0.48091024 0.28520173
vt 0.47604185 0.28520173
vt 0.4974627 0.008678306
vt 0.493568 0.008678306
vt 0.0388622 0.44780532
vt 0.010625653 0.42833182
vt 0.010625653 0.44585797
vt 0.042756896 0.4293055
vt 0.05346731 0.44391063
vt 0.056388333 0.42346346
vt 0.069046095 0.4400159
vt 0.07196712 0.41664773
vt 0.09338795 0.43514755
vt 0.09338795 0.40983203
vt 0.07196712 0.41664773
vt 0.069046095 0.4400159
vt 0.33875382 0.8674588
vt 0.32706973 0.92393196
vt 0.33485913 0.92393196
vt 0.33291176 0.8674588
vt 0.34167483 0.8051437
vt 0.3358328 0.80611736
vt 0.3426485 0.7340655
vt 0.33680648 0.7350392
vt 0.3426485 0.66396093
vt 0.3358328 0.66493464
vt 0.34070116 0.6016458
vt 0.33388543 0.60261947
vt 0.33680648 0.5451727
vt 0.32901707 0.5451727
vt 0.33485913 0.92393196
vt 0.32706973 0.92393196
vt 0.32317504 0.9492475
vt 0.3319381 0.9502211
vt 0.32901707 0.95216846
vt 0.33680648 0.9511948
vt 0.33875382 0.9249056
vt 0.3319381 0.9258793
vt 0.3319381 0.9258793
vt 0.33875382 0.9249056
vt 0.34070116 0.8674588
vt 0.33388543 0.8674588
vt 0.34070116 0.8051437
vt 0.3358328 0.8051437
vt 0.34167483 0.7350392
vt 0.3358328 0.7350392
vt 0.34167483 0.66396093
vt 0.33485913 0.66493464
vt 0.34070116 0.6016458
vt 0.33388543 0.6016458
vt 0.33388543 0.6016458
vt 0.34070116 0.6016458
vt 0.33875382 0.54419905
vt 0.32999074 0.54322535
vt 0.33680648 0.5188835
vt 0.3280434 0.5169362
vt 0.33388543 0.5188835
vt 0.3251224 0.52083087
vt 0.32901707 0.5451727
vt 0.33680648 0.5451727
vt 0.1401243 0.11967715
vt 0.16543983 0.11967715
vt 0.15278207 0.11286143
vt 0.1216245 0.16446616
vt 0.18296596 0.16446616
vt 0.11188775 0.22386028
vt 0.19270271 0.22386028
vt 0.19562373 0.2939648
vt 0.10896673 0.2939648
vt 0.11188775 0.36406934
vt 0.19270271 0.36406934
vt 0.1216245 0.42346346
vt 0.18296596 0.42346346
vt 0.1401243 0.46825248
vt 0.16446616 0.46825248
vt 0.1518084 0.47604185
vt 0.2530705 0.6483822
vt 0.27838603 0.6483822
vt 0.27838603 0.6931712
vt 0.2530705 0.71264464
vt 0.17712392 0.6483822
vt 0.17712392 0.71264464
vt 0.25404418 0.64059275
vt 0.2793597 0.627935
vt 0.2793597 0.59677744
vt 0.25404418 0.58314604
vt 0.17712392 0.64059275
vt 0.17712392 0.58314604
vt 0.3017542 0.627935
vt 0.3017542 0.59677744
vt 0.2793597 0.59677744
vt 0.2793597 0.627935
vt 0.07391447 0.2491758
vt 0.07391447 0.40496364
vt 0.05736201 0.40496364
vt 0.05736201 0.2491758
vt 0.04080955 0.2491758
vt 0.04080955 0.40496364
vt 0.04080955 0.2491758
vt 0.04080955 0.40496364
vt 0.025230765 0.40496364
vt 0.025230765 0.2491758
vt 0.008678306 0.2491758
vt 0.008678306 0.40496364
vt 0.008678306 0.2491758
vt 0.008678306 0.40496364
vt 0.025230765 0.40496364
vt 0.025230765 0.2491758
vt 0.04080955 0.40496364
vt 0.025230765 0.2491758
vt 0.025230765 0.40496364
vt 0.04080955 0.2491758
vt 0.05736201 0.40496364
vt 0.05736201 0.2491758
vt 0.07391447 0.40496364
vt 0.07391447 0.2491758
vt 0.05736201 0.2491758
vt 0.05736201 0.40496364
vt 0.04178322 0.40496364
vt 0.06223038 0.40496364
vt 0.06223038 0.003809935
vt 0.04178322 0.003809935
vt 0.022309743 0.40496364
vt 0.022309743 0.003809935
vt 0.0018625869 0.40496364
vt 0.0018625869 0.003809935
vt 0.06223038 0.40496364
vt 0.082677536 0.003809935
vt 0.06223038 0.003809935
vt 0.082677536 0.40496364
vt 0.103124686 0.003809935
vt 0.103124686 0.40496364
vt 0.0018625869 0.40496364
vt 0.022309743 0.003809935
vt 0.0018625869 0.003809935
vt 0.022309743 0.40496364
vt 0.04178322 0.003809935
vt 0.04178322 0.40496364
vt 0.06223038 0.003809935
vt 0.06223038 0.40496364
vt 0.06223038 0.40496364
vt 0.082677536 0.003809935
vt 0.06223038 0.003809935
vt 0.082677536 0.40496364
vt 0.103124686 0.003809935
vt 0.103124686 0.40496364
vt 0.19172902 0.8324066
vt 0.20730782 0.84409064
vt 0.17615025 0.84409064
vt 0.21314986 0.87524825
vt 0.1703082 0.87524825
vt 0.21314986 0.94535273
vt 0.1703082 0.94535273
vt 0.10701939 0.5276466
vt 0.0914406 0.5276466
vt 0.0914406 0.5071994
vt 0.10896673 0.5071994
vt 0.0914406 0.5276466
vt 0.0914406 0.5071994
vt 0.10994041 0.45267367
vt 0.0914406 0.45267367
vt 0.07391447 0.5276466
vt 0.0914406 0.5276466
vt 0.0914406 0.5071994
vt 0.07391447 0.5071994
vt 0.0388622 0.5276466
vt 0.0914406 0.45267367
vt 0.10896673 0.5071994
vt 0.10994041 0.45267367
vt 0.07391447 0.45267367
vt 0.039835874 0.5071994
vt 0.039835874 0.45267367
vt 0.027178112 0.5276466
vt 0.028151788 0.5071994
vt 0.028151788 0.45267367
vt 0.016467698 0.45267367
vt 0.017441371 0.5071994
vt 0.01938872 0.5276466
vt 0.028151788 0.5071994
vt 0.0388622 0.5276466
vt 0.027178112 0.5276466
vt 0.039835874 0.5071994
vt 0.028151788 0.45267367
vt 0.07391447 0.5276466
vt 0.039835874 0.45267367
vt 0.07391447 0.5071994
vt 0.0914406 0.5276466
vt 0.07391447 0.45267367
vt 0.0914406 0.5071994
vt 0.0914406 0.45267367
vt 0.01938872 0.5276466
vt 0.028151788 0.5071994
vt 0.027178112 0.5276466
vt 0.017441371 0.5071994
vt 0.028151788 0.45267367
vt 0.0067309574 0.5276466
vt 0.016467698 0.45267367
vt 0.0057572834 0.5071994
vt 0.01938872 0.5276466
vt 0.004783609 0.45267367
vt 0.017441371 0.5071994
vt 0.016467698 0.45267367
vt 0.21704456 0.87524825
vt 0.1664135 0.87524825
vt 0.1703082 0.8509064
vt 0.21314986 0.8509064
vt 0.20438679 0.8324066
vt 0.17907126 0.8324066
vt 0.19172902 0.82559085
vt 0.20925516 0.8421433
vt 0.19172902 0.82559085
vt 0.17420289 0.8421433
vt 0.21704456 0.8762219
vt 0.1664135 0.8762219
vt 0.21704456 0.94632643
vt 0.1664135 0.94632643
vt 0.5607515 0.18978168
vt 0.5607515 0.18199229
vt 0.5500411 0.18199229
vt 0.5510148 0.18686067
vt 0.5958038 0.18199229
vt 0.55880415 0.1965974
vt 0.5948301 0.1965974
vt 0.64643484 0.18199229
vt 0.5938564 0.21022883
vt 0.64643484 0.20146577
vt 0.7077763 0.18199229
vt 0.64643484 0.21996558
vt 0.7077763 0.20243944
vt 0.7691178 0.18199229
vt 0.7077763 0.2228866
vt 0.7691178 0.20146577
vt 0.82072246 0.18199229
vt 0.7691178 0.21996558
vt 0.82072246 0.1965974
vt 0.85480106 0.18199229
vt 0.82169616 0.21022883
vt 0.85577476 0.18978168
vt 0.8664852 0.18199229
vt 0.8567484 0.1965974
vt 0.8655115 0.18686067
vt 0.8664852 0.18199229
vt 0.8655115 0.17615025
vt 0.85577476 0.17420289
vt 0.85480106 0.18199229
vt 0.8567484 0.1664135
vt 0.82072246 0.18199229
vt 0.82072246 0.16738717
vt 0.82169616 0.15278207
vt 0.7691178 0.18199229
vt 0.7691178 0.16251881
vt 0.7691178 0.14401901
vt 0.7077763 0.18199229
vt 0.7077763 0.16057146
vt 0.7077763 0.14109798
vt 0.64643484 0.18199229
vt 0.64643484 0.16251881
vt 0.64643484 0.14401901
vt 0.5958038 0.18199229
vt 0.5948301 0.16738717
vt 0.5938564 0.15278207
vt 0.5607515 0.18199229
vt 0.5607515 0.17420289
vt 0.55880415 0.1664135
vt 0.5500411 0.18199229
vt 0.5510148 0.17615025
vt 0.63085604 0.47896287
vt 0.61235625 0.49162063
vt 0.61138254 0.5071994
vt 0.625014 0.45754206
vt 0.6337771 0.5071994
vt 0.68927646 0.38743752
vt 0.6970659 0.44585797
vt 0.7009606 0.5071994
vt 0.77788085 0.3572536
vt 0.77788085 0.43027917
vt 0.77788085 0.5071994
vt 0.85480106 0.5071994
vt 0.85869575 0.44585797
vt 0.8664852 0.38743752
vt 0.9219846 0.5071994
vt 0.92393196 0.47896287
vt 0.9307476 0.45754206
vt 0.9443791 0.5071994
vt 0.94243175 0.49162063
vt 0.7554863 0.89277434
vt 0.7457496 0.91906357
vt 0.75743365 0.90348476
vt 0.75743365 0.9336687
vt 0.7739861 0.88985336
vt 0.7739861 0.9346424
vt 0.7739861 0.9025111
vt 0.78859127 0.89666903
vt 0.78761756 0.9307476
vt 0.78761756 0.9064058
vt 0.8002753 0.91906357
vt 0.798328 0.91906357
vt 0.43904224 0.28520173
vt 0.45072633 0.008678306
vt 0.493568 0.008678306
vt 0.47604185 0.28520173
vt 0.4059373 0.008678306
vt 0.45559472 0.53933066
vt 0.3991216 0.28520173
vt 0.3465432 0.008678306
vt 0.4224898 0.5607515
vt 0.41859508 0.82656455
vt 0.40009528 0.83727497
vt 0.37770078 0.95314217
vt 0.3884112 0.5607515
vt 0.3738061 0.8801166
vt 0.3465432 0.9813787
vt 0.3465432 0.28520173
vt 0.3465432 0.5607515
vt 0.3465432 0.88401127
vt 0.3738061 0.8801166
vt 0.37770078 0.95314217
vt 0.3991216 0.28520173
vt 0.4059373 0.008678306
vt 0.3884112 0.5607515
vt 0.40009528 0.83727497
vt 0.41859508 0.82656455
vt 0.4224898 0.5607515
vt 0.45559472 0.53933066
vt 0.43904224 0.28520173
vt 0.45072633 0.008678306
vt 0.47604185 0.28520173
vt 0.493568 0.008678306
vt 0.9434054 0.60748786
vt 0.9852734 0.67953974
vt 0.97651035 0.625014
vt 0.9443791 0.5695146
vt 0.82948554 0.5159625
vt 0.94243175 0.67953974
vt 0.97651035 0.7340655
vt 0.82948554 0.57340926
vt 0.6921975 0.51985717
vt 0.9434054 0.7506179
vt 0.9443791 0.78859127
vt 0.82948554 0.8421433
vt 0.8285119 0.67953974
vt 0.82948554 0.7856702
vt 0.6921975 0.8392223
vt 0.6931712 0.7827492
vt 0.5958038 0.7739861
vt 0.6931712 0.5753566
vt 0.5958038 0.5850934
vt 0.69414485 0.67953974
vt 0.59775114 0.7418549
vt 0.57438296 0.7223814
vt 0.5987248 0.67953974
vt 0.57827765 0.71946037
vt 0.5704883 0.67953974
vt 0.59775114 0.6172246
vt 0.57827765 0.67953974
vt 0.57827765 0.6386454
vt 0.57438296 0.6357244
vt 0.63085604 0.535436
vt 0.61138254 0.5071994
vt 0.61235625 0.5227782
vt 0.6337771 0.5071994
vt 0.625014 0.5558831
vt 0.7009606 0.5071994
vt 0.6970659 0.5685409
vt 0.68927646 0.62696135
vt 0.77788085 0.5071994
vt 0.77788085 0.5841197
vt 0.77788085 0.65714526
vt 0.8664852 0.62696135
vt 0.85869575 0.5685409
vt 0.85480106 0.5071994
vt 0.9307476 0.5558831
vt 0.92393196 0.535436
vt 0.9219846 0.5071994
vt 0.94243175 0.5227782
vt 0.9443791 0.5071994
vt 0.97553664 0.6590926
vt 0.98040503 0.6551979
vt 0.9404844 0.6094352
vt 0.9852734 0.67953974
vt 0.93756336 0.63669807
vt 0.85577476 0.57340926
vt 0.974563 0.67953974
vt 0.85480106 0.61625093
vt 0.74769694 0.55880415
vt 0.97553664 0.6999869
vt 0.98040503 0.7038816
vt 0.9365897 0.67953974
vt 0.93756336 0.7223814
vt 0.9404844 0.7496443
vt 0.8538274 0.67953974
vt 0.85480106 0.74282855
vt 0.85577476 0.7856702
vt 0.74769694 0.60748786
vt 0.74769694 0.7515916
vt 0.74769694 0.8002753
vt 0.6396191 0.7856702
vt 0.74769694 0.67953974
vt 0.64156646 0.74282855
vt 0.5558831 0.7496443
vt 0.64156646 0.61625093
vt 0.6396191 0.57340926
vt 0.64156646 0.67953974
vt 0.55783045 0.7223814
vt 0.51498884 0.7038816
vt 0.55783045 0.63669807
vt 0.5558831 0.6094352
vt 0.55977786 0.67953974
vt 0.52083087 0.6999869
vt 0.51109415 0.67953974
vt 0.5218045 0.67953974
vt 0.52083087 0.6590926
vt 0.51498884 0.6551979
vn 0.31764466 -0.30980158 -0.89617234
vn 0.3411739 -0.0039215684 -0.939992
vn 0.32548773 -0.0039215684 -0.94553816
vn 0.29411542 -0.0039215684 -0.95576185
vn 0.2705862 -0.6156816 -0.74008054
vn 0.23921388 -0.63136774 -0.7376663
vn 0.18431234 -0.6705831 -0.71857303
vn 0.11372465 -0.94509083 -0.3063821
vn 0.15294003 -0.93724775 -0.3133305
vn 0.14509696 -0.69411236 -0.70509213
vn 0.24705696 -0.0039215684 -0.968993
vn 0.20784158 0.003921509 -0.97815466
vn 0.08235234 -0.94509083 -0.31626153
vn 0.074303865 -0.99723566 -0
vn 0.18431234 -0.9294047 -0.31974342
vn 0.32548773 -0.59999543 -0.7307963
vn 0.22352773 -0.9215616 -0.31742647
vn 0.5058785 -0.5686231 -0.6486561
vn 0.41960466 -0.858817 -0.2938798
vn 0.41085276 -0.9117018 -0
vn 0.7490139 -0.5450939 -0.3766309
vn 0.80391544 -0.59215236 -0.05545755
vn 0.7490139 -0.5450939 0.3766309
vn 0.1840521 -0.9829164 -0
vn 0.15235074 -0.9883265 -0
vn 0.121567726 -0.9921493 -0.029343631
vn 0.09019542 -0.9921493 -0.086628996
vn 0.11372465 -0.94509083 0.3063821
vn 0.08235234 -0.94509083 0.31626153
vn 0.13725388 -0.76470006 0.6295992
vn 0.15294003 -0.93724775 0.3133305
vn 0.18431234 -0.9294047 0.31974342
vn 0.22352773 -0.9215616 0.31742647
vn 0.41960466 -0.858817 0.2938798
vn 0.5058785 -0.5686231 0.6486561
vn 0.5686231 0.003921509 0.8225888
vn 0.87450314 0.003921509 0.485004
vn 0.32548773 -0.59999543 0.7307963
vn 0.2705862 -0.6156816 0.74008054
vn 0.31764466 -0.3019585 0.8988453
vn 0.23921388 -0.63136774 0.7376663
vn 0.18431234 -0.6705831 0.71857303
vn 0.24705696 -0.0039215684 0.968993
vn 0.2313708 0.003921509 0.9728577
vn 0.29411542 -0.0039215684 0.95576185
vn 0.18431234 -0.6705831 -0.71857303
vn 0.29411542 -0.0039215684 -0.95576185
vn 0.24705696 -0.0039215684 -0.968993
vn 0.20784158 0.003921509 -0.97815466
vn 0.10588157 0.67842615 -0.7269986
vn 0.16078311 -0.0039215684 -0.986982
vn 0.15294003 0.7176415 0.67941153
vn 0.24705696 -0.0039215684 0.968993
vn 0.2313708 0.003921509 0.9728577
vn 0.3019585 0.043136835 -0.9523446
vn 0.9966261 -0.08207512 -0
vn 0.6392108 0.76469994 -0.08150824
vn 0.31764466 -0.5764662 0.75285363
vn 0.756857 -0.29411542 0.583664
vn 0.8901893 -0.45097697 -0.06467469
vn 0.9999924 0.003921509 -0
vn 0.8901893 -0.45097697 -0.06467469
vn 0.7490139 0.003921509 0.6625427
vn 0.756857 0.2941153 0.58366406
vn 0.8901893 0.45097685 -0.064675495
vn -0.5294076 -0.63136774 0.5666589
vn 0.0039215684 -0.9999924 -0
vn -0.53725076 -0.5686231 0.62292004
vn 0.4352908 0.8039154 0.40526778
vn 0.5058785 0.85881686 -0.080749676
vn 0.4352908 0.7333276 -0.5222571
vn -0.003921509 0.003921509 -0.9999846
vn -0.003921509 0.003921509 -0.9999846
vn -0.003921509 0.003921509 -0.9999846
vn 0.83528775 -0.09019542 -0.5423644
vn 0.28627235 -0.20784158 -0.9353342
vn -0.050979972 0.16078305 -0.9856723
vn -0.003921509 -0.16078311 0.986982
vn 0.5137216 -0.654897 0.5542563
vn 0.83528775 -0.09019542 0.5423644
vn -0.003921509 0.003921509 -0.9999846
vn -0.003921509 0.003921509 -0.9999846
vn -0.003921509 0.3803892 -0.9248182
vn -0.003921509 0.3803892 -0.9248182
vn -0.003921509 0.70979846 -0.7043939
vn -0.003921509 0.70979846 -0.7043939
vn -0.003921509 0.70979846 0.7043939
vn -0.003921509 0.70979846 0.7043939
vn -0.003921509 0.70979846 0.7043939
vn -0.003921509 0.70979846 0.7043939
vn -0.003921509 0.003921509 0.9999846
vn -0.003921509 0.003921509 0.9999846
vn -0.003921509 0.003921509 0.9999846
vn -0.003921509 0.003921509 0.9999846
vn -0.003921509 -0.7097985 0.70439386
vn -0.003921509 -0.7097985 0.70439386
vn -0.003921509 -0.9215616 0.38821238
vn -0.003921509 -0.9215616 0.38821238
vn -0.003921509 -0.9215616 0.38821238
vn -0.003921509 -0.9215616 0.38821238
vn -0.003921509 -0.9215616 -0.38821238
vn -0.003921509 -0.9215616 -0.38821238
vn -0.003921509 -0.7097985 -0.70439386
vn -0.003921509 -0.7097985 -0.70439386
vn 0.31764466 -0.30980158 -0.89617234
vn 0.32548773 -0.0039215684 -0.94553816
vn 0.2705862 -0.6156816 -0.74008054
vn 0.31764466 -0.3019585 -0.8988453
vn 0.32548773 -0.59999543 -0.7307963
vn 0.38038927 -0.0039215684 -0.92481816
vn 0.3333308 0.003921509 -0.9428018
vn 0.5686231 0.003921509 -0.8225888
vn 0.5058785 -0.5686231 -0.6486561
vn 0.7490139 -0.5450939 -0.3766309
vn 0.87450314 0.003921509 -0.485004
vn 0.7490139 0.5450938 -0.37663108
vn 0.5137216 0.5843092 -0.62823
vn 0.80391544 0.59215224 -0.055458896
vn 0.9999924 0.003921509 -0
vn 0.41960466 0.9058753 -0.05763529
vn 0.7490139 0.5450938 0.37663108
vn 0.42744774 0.86666 -0.25727198
vn 0.20784158 0.9764631 -0.05763477
vn 0.42744774 0.86666 0.25727198
vn 0.5137216 0.5843092 0.62823
vn 0.22352773 0.9450908 0.23840879
vn 0.22352773 0.9450908 -0.23840879
vn 0.25490004 0.8431307 0.47345182
vn 0.3333308 0.5529369 0.76364344
vn 0.1999985 0.86666 0.45705694
vn 0.27842927 0.5764661 0.76822126
vn 0.16078311 0.9607769 0.22595686
vn 0.11372465 0.9764631 0.18326637
vn 0.16862619 0.874503 0.4547633
vn 0.14470582 0.9894747 -0
vn 0.23921388 0.59215224 0.76950145
vn 0.1999985 0.62352455 0.75578946
vn 0.16078311 0.86666 0.47228095
vn 0.15294003 0.7176415 0.67941153
vn 0.1294108 0.7882292 0.60162073
vn 0.17646927 0.85097384 0.49467373
vn 0.3019585 0.88234615 0.360952
vn 0.3411739 0.7803861 0.5240209
vn 0.30980158 0.79607224 0.51989615
vn 0.45882004 0.82744455 0.32375863
vn 0.121567726 0.99214923 -0.029345663
vn 0.5133428 0.8581836 -0
vn 0.45882004 0.82744455 -0.32375863
vn 0.11372465 0.9764631 -0.18326637
vn 0.30980158 0.79607224 -0.51989615
vn 0.3411739 0.7803861 -0.5240209
vn 0.3019585 0.88234615 -0.360952
vn 0.16078311 0.9607769 -0.22595686
vn 0.1999985 0.86666 -0.45705694
vn 0.16078311 0.86666 -0.47228095
vn 0.17646927 0.85097384 -0.49467373
vn 0.1294108 0.7882292 -0.60162073
vn 0.16078311 0.65489686 -0.7384165
vn 0.16862619 0.874503 -0.4547633
vn 0.1999985 0.62352455 -0.75578946
vn 0.24705696 -0.0039215684 -0.968993
vn 0.20784158 0.003921509 -0.97815466
vn 0.23921388 0.59215224 -0.76950145
vn 0.29411542 -0.0039215684 -0.95576185
vn 0.27842927 0.5764661 -0.76822126
vn 0.25490004 0.8431307 -0.47345182
vn 0.3333308 0.5529369 -0.76364344
vn 0.31764466 0.30195844 -0.8988454
vn 0.3333308 0.003921509 -0.9428018
vn 0.31764466 0.30980146 -0.89617234
vn 0.3411739 -0.0039215684 -0.939992
vn 0.31764466 0.30980146 0.89617234
vn 0.3411739 -0.0039215684 0.939992
vn 0.32548773 -0.0039215684 0.94553816
vn 0.27842927 0.5764661 0.76822126
vn 0.23921388 0.59215224 0.76950145
vn 0.31764466 0.30195844 0.8988454
vn 0.3333308 0.5529369 0.76364344
vn 0.38038927 -0.0039215684 0.92481816
vn 0.3333308 0.003921509 0.9428018
vn 0.5137216 0.5843092 0.62823
vn 0.5686231 0.003921509 0.8225888
vn 0.7490139 0.5450938 0.37663108
vn 0.87450314 0.003921509 0.485004
vn 0.32548773 -0.59999543 0.7307963
vn 0.5058785 -0.5686231 0.6486561
vn 0.38038927 -0.0039215684 0.92481816
vn 0.31764466 -0.3019585 0.8988453
vn 0.3333308 0.003921509 0.9428018
vn 0.2705862 -0.6156816 0.74008054
vn 0.31764466 -0.30980158 0.89617234
vn 0.3411739 -0.0039215684 0.939992
vn 0.32548773 -0.0039215684 0.94553816
vn 0.29411542 -0.0039215684 0.95576185
vn 0.23921388 -0.63136774 0.7376663
vn 0.18431234 -0.6705831 0.71857303
vn 0.20784158 0.003921509 -0.97815466
vn 0.16078311 0.65489686 -0.7384165
vn 0.10588157 0.67842615 -0.7269986
vn 0.1294108 0.7882292 -0.60162073
vn 0.05098003 0.7803861 -0.62321633
vn -0.08235228 0.81960154 -0.56698453
vn 0.13725388 0.7490138 -0.64818186
vn 0.16078311 -0.0039215684 -0.986982
vn 0.21568465 -0.0039215684 -0.9764552
vn 0.035293877 0.85097384 -0.52402085
vn -0.043136835 0.874503 -0.48309797
vn 0.16078311 -0.0039215684 -0.986982
vn 0.14509696 -0.69411236 -0.70509213
vn 0.20784158 0.003921509 -0.97815466
vn 0.11372465 -0.6862693 -0.7184018
vn 0.08235234 -0.94509083 -0.31626153
vn 0.066666186 -0.94509083 -0.31993583
vn 0.074303865 -0.99723566 -0
vn 0.066519044 -0.9977852 -0
vn 0.07450926 -0.94509083 0.31820068
vn 0.08235234 -0.94509083 0.31626153
vn 0.08235234 -0.8901893 0.44808605
vn 0.13725388 -0.76470006 0.6295992
vn 0.14509696 -0.7097985 -0.68929887
vn 0.16078311 -0.0039215684 -0.986982
vn 0.21568465 -0.0039215684 -0.9764552
vn 0.11372465 -0.6862693 -0.7184018
vn 0.043136954 -0.94509083 -0.3239483
vn 0.066666186 -0.94509083 -0.31993583
vn 0.066519044 -0.9977852 -0
vn 0.043097205 -0.9990709 -0
vn 0.07450926 -0.94509083 0.31820068
vn 0.019607723 -0.94509083 -0.32621902
vn 0.019604106 -0.9998079 -0
vn 0.019607723 -0.960777 -0.27662814
vn 0.011764646 -0.94509083 -0.32659593
vn 0.019607723 -0.94509083 -0.32621902
vn 0.019607723 -0.97646314 0.21479131
vn 0.066666186 -0.9843062 0.16339192
vn 0.035293877 -0.9843062 0.17290345
vn 0.0274508 -0.9921493 0.12200926
vn 0.0274508 -0.9921493 0.12200926
vn 0.066666186 -0.97646314 0.20512287
vn 0.0274508 -0.9843062 0.17432085
vn 0.0274508 -0.9843062 0.17432085
vn 0.05882311 -0.9843062 0.16637641
vn 0.066666186 -0.97646314 0.20512287
vn 0.05098003 -0.9529339 0.29886124
vn 0.05098003 -0.9137185 0.4031371
vn 0.035293877 -0.9529339 0.30111676
vn 0.08235234 -0.8901893 0.44808605
vn 0.035293877 -0.9529339 0.30111676
vn 0.066666186 -0.960777 0.26918992
vn 0.019607723 -0.90587544 0.42309007
vn 0.0039215684 -0.9529339 0.30315277
vn 0.035293877 -0.9529339 0.30111676
vn 0.0039215684 -0.9529339 0.30315277
vn 0.035293877 -0.9529339 0.30111676
vn 0.043136954 -0.8901893 0.45354408
vn 0.035293877 -0.9529339 0.30111676
vn 0.011764646 0.003921509 -0.9999231
vn 0.07450926 0.003921509 -0.9972126
vn 0.035293877 0.85881686 -0.5110655
vn 0.0039215684 0.874503 -0.4850042
vn -0.019607663 0.003921509 -0.9998001
vn -0.011764526 0.8352877 -0.54968727
vn -0.003921509 0.99214923 -0.12499809
vn 0.011763923 0.99993086 -0
vn 0.0039215684 0.99999225 -0.00034526698
vn -0.011764526 0.96861994 -0.24826796
vn -0.003921509 0.9607769 -0.27729464
vn -0.003921509 0.99999225 -0.00034526698
vn -0.050979972 0.91371846 -0.40313724
vn 0.035293877 -0.86666006 -0.49764916
vn 0.07450926 0.003921509 -0.9972126
vn 0.011764646 0.003921509 -0.9999231
vn 0.0039215684 -0.87450314 -0.485004
vn -0.019607663 0.003921509 -0.9998001
vn -0.011764526 -0.83528775 -0.54968715
vn -0.003921509 -0.9921493 -0.124997616
vn 0.011763922 -0.99993086 -0
vn 0.0039215684 -0.9999924 -0
vn 0.0039215684 -0.93724775 -0.34864205
vn -0.003921509 -0.94509083 -0.32678422
vn -0.011763803 -0.99993086 -0
vn -0.011764526 -0.94509083 -0.32659593
vn 0.21568465 0.003921509 -0.9764552
vn 0.07450926 0.003921509 -0.9972126
vn 0.035293877 -0.86666006 -0.49764916
vn 0.10588157 -0.8509739 -0.51442444
vn -0.003921509 -0.94509083 -0.32678422
vn 0.38823235 0.003921509 -0.9215532
vn 0.011764646 -0.94509083 -0.32659593
vn 0.1999985 -0.83528775 -0.51214737
vn 0.23921388 -0.83528775 -0.4950466
vn 0.46666312 0.003921509 -0.8844265
vn 0.019607723 -0.960777 -0.27662814
vn 0.45097697 0.003921509 -0.892527
vn 0.23921388 -0.8196016 -0.5206054
vn 0.20784158 -0.8196016 -0.5339055
vn 0.14509696 -0.7097985 -0.68929887
vn 0.3725462 -0.0039215684 -0.92800534
vn 0.21568465 -0.0039215684 -0.9764552
vn 0.21568465 0.003921509 -0.9764552
vn 0.035293877 0.85881686 -0.5110655
vn 0.07450926 0.003921509 -0.9972126
vn 0.10588157 0.85097384 -0.5144245
vn -0.003921509 0.9607769 -0.27729464
vn 0.38823235 0.003921509 -0.9215532
vn 0.0039215684 0.9607769 -0.27729464
vn 0.1999985 0.8352877 -0.5121475
vn 0.23921388 0.8352877 -0.4950467
vn 0.46666312 0.003921509 -0.8844265
vn 0.011764646 0.9764631 -0.21536359
vn 0.23921388 0.81960154 -0.5206055
vn 0.45097697 0.003921509 -0.892527
vn 0.3725462 -0.0039215684 -0.92800534
vn 0.1999985 0.81960154 -0.53689283
vn 0.13725388 0.7490138 -0.64818186
vn 0.21568465 -0.0039215684 -0.9764552
vn 0.87450314 0.003921509 -0.485004
vn 0.7490139 -0.5450939 -0.3766309
vn 0.80391544 -0.59215236 -0.05545755
vn 0.9999924 0.003921509 -0
vn 0.87450314 0.003921509 0.485004
vn 0.7490139 -0.5450939 0.3766309
vn 0.80391544 0.59215224 -0.055458896
vn 0.7490139 0.5450938 0.37663108
vn 0.035293877 0.85097384 -0.52402085
vn 0.011764646 0.9764631 -0.21536359
vn 0.13725388 0.7490138 -0.64818186
vn 0.035293877 0.85097384 -0.52402085
vn 0.019607723 0.8431307 -0.5373511
vn 0.0039215684 0.9607769 -0.27729464
vn -0.003921509 0.9607769 -0.27729464
vn -0.011764526 0.8431307 -0.53757995
vn 0.05098003 0.7803861 -0.62321633
vn 0.1294108 0.7882292 -0.60162073
vn 0.11372465 0.874503 -0.47149882
vn 0.05882311 0.8352877 -0.5466574
vn 0.09019542 0.9294046 -0.35787126
vn -0.12941074 0.79607224 -0.59120375
vn -0.08235228 0.81960154 -0.56698453
vn 0.019607723 0.9294046 -0.36854118
vn 0.08235234 0.93724763 -0.3387993
vn -0.098038435 0.7254846 -0.6812199
vn -0.043136835 0.874503 -0.48309797
vn 0.035293877 0.85097384 -0.52402085
vn 0.043136954 0.8352877 -0.5481183
vn 0.05098003 0.9607769 -0.27259633
vn 0.03527219 0.9993777 -0
vn 0.0274508 0.96861994 -0.24702604
vn 0.06651905 0.9977852 -0
vn 0.019604107 0.9998079 -0
vn 0.0274508 0.96861994 0.24702604
vn 0.08235234 0.93724763 0.3387993
vn 0.05098003 0.9607769 0.27259633
vn 0.043136954 0.8352877 0.5481183
vn 0.019607723 0.9294046 0.36854118
vn 0.09019542 0.9294046 0.35787126
vn -0.098038435 0.7254846 0.6812199
vn 0.035293877 0.85097384 0.52402085
vn -0.043136835 0.874503 0.48309797
vn -0.08235228 0.81960154 0.56698453
vn -0.12941074 0.79607224 0.59120375
vn 0.05098003 0.7803861 0.62321633
vn 0.05882311 0.8352877 0.5466574
vn 0.11372465 0.874503 0.47149882
vn 0.1294108 0.7882292 0.60162073
vn 0.035293877 0.85097384 -0.52402085
vn 0.035293877 0.85097384 -0.52402085
vn 0.043136954 0.8352877 -0.5481183
vn 0.035293877 0.874503 -0.4837342
vn 0.019607723 0.8431307 -0.5373511
vn 0.019607723 0.96861994 -0.24777195
vn 0.0274508 0.96861994 -0.24702604
vn 0.019604107 0.9998079 -0
vn 0.019607723 0.88234615 -0.47019234
vn -0.011764526 0.8431307 -0.53757995
vn -0.011764526 0.88234615 -0.47045392
vn 0.0039215684 0.9764631 -0.21564901
vn -0.011764526 0.9764631 -0.21536359
vn 0.011763923 0.99993086 -0
vn 0.0274508 0.96861994 0.24702604
vn 0.0039215684 0.99999225 -0.00034526698
vn -0.003921509 0.99999225 -0.00034526698
vn -0.011764526 0.9764631 0.21536359
vn 0.019607723 0.96861994 0.24777195
vn 0.043136954 0.8352877 0.5481183
vn 0.0039215684 0.9764631 0.21564901
vn -0.011764526 0.88234615 0.47045392
vn 0.019607723 0.88234615 0.47019234
vn -0.011764526 0.8431307 0.53757995
vn 0.019607723 0.8431307 0.5373511
vn 0.035293877 0.874503 0.4837342
vn 0.035293877 0.85097384 0.52402085
vn 0.035293877 0.85097384 0.52402085
vn -0.011764526 0.96861994 -0.24826796
vn -0.050979972 0.85881686 -0.50973976
vn -0.050979972 0.91371846 -0.40313724
vn -0.035293818 0.85097384 -0.52402085
vn -0.003921509 0.9607769 -0.27729464
vn -0.011764526 0.8431307 -0.53757995
vn -0.043136835 0.86666 -0.49703085
vn -0.035293818 0.874503 -0.4837342
vn -0.011764526 0.88234615 -0.47045392
vn -0.011764526 0.9764631 -0.21536359
vn -0.02745068 0.96861994 -0.24702604
vn -0.019604048 0.9998079 -0
vn -0.035293818 0.96861994 -0.24602786
vn -0.003921509 0.99999225 -0.00034526698
vn -0.03527213 0.9993777 -0
vn -0.035293818 0.96861994 0.24602786
vn -0.011764526 0.9764631 0.21536359
vn -0.02745068 0.96861994 0.24702604
vn -0.043136835 0.86666 0.49703085
vn -0.035293818 0.874503 0.4837342
vn -0.011764526 0.88234615 0.47045392
vn -0.011764526 0.8431307 0.53757995
vn -0.035293818 0.85097384 0.52402085
vn -0.050979972 0.85881686 0.50973976
vn -0.011764526 0.96861994 0.24826796
vn -0.003921509 0.9607769 0.27729464
vn -0.050979972 0.91371846 0.40313724
vn -0.1450969 0.9843061 -0.10044095
vn -0.22352767 0.9607769 -0.1641435
vn -0.33333075 0.8039154 -0.49255526
vn -0.20784152 0.9294046 -0.30497366
vn -0.098038435 0.99214923 -0.07764248
vn -0.10588145 0.9764631 0.18790694
vn -0.12941074 0.96861994 0.21219866
vn -0.08207507 0.9966261 -0
vn -0.12156761 0.99214923 0.029346678
vn 0.0039215684 0.99999225 -0.00034526698
vn -0.05882299 0.9843061 0.16637713
vn 0.121567726 0.99214923 0.029345663
vn -0.019607663 0.9764631 0.21479158
vn 0.2313708 0.8980323 0.37417305
vn -0.050914247 0.998703 -0
vn -0.23921382 0.96861994 -0.06746945
vn -0.6392107 0.7019553 -0.31411532
vn -0.4980353 0.3490169 -0.7938186
vn -0.10588145 0.9764631 -0.18790694
vn -0.08207507 0.9966261 -0
vn 0.0039215684 0.99999225 -0.00034526698
vn -0.05882299 0.9843061 -0.16637713
vn 0.16078311 0.9843061 -0.072734654
vn -0.027440555 0.9996234 -0
vn -0.019607663 0.9764631 -0.21479158
vn 0.2705862 0.91371846 -0.30315286
vn -0.035293818 0.96861994 -0.24602786
vn -0.043136835 0.86666 -0.49703085
vn -0.03527213 0.9993777 -0
vn 0.3019585 0.62352455 -0.72113675
vn -0.050979972 0.85881686 -0.50973976
vn -0.035293818 0.96861994 0.24602786
vn -0.043136835 0.86666 0.49703085
vn 0.23921388 0.6392107 0.73088056
vn -0.050979972 0.85881686 0.50973976
vn 0.1999985 0.68626916 -0.69931054
vn 0.16862619 0.6941123 0.69983804
vn -0.050979972 0.91371846 -0.40313724
vn -0.050979972 0.91371846 0.40313724
vn -0.035293818 0.93724763 -0.3468735
vn -0.066666126 0.81960154 -0.56904215
vn 0.27842927 0.74117076 -0.6108543
vn 0.0274508 0.74117076 -0.6707551
vn -0.08235228 0.41176152 -0.907563
vn -0.035293818 0.93724763 0.3468735
vn -0.066666126 0.81960154 0.56904215
vn 0.26274312 0.7490138 0.6082306
vn 0.0274508 0.85881686 0.51154673
vn -0.05882299 0.9294046 0.36434445
vn 0.1999985 0.68626916 -0.69931054
vn 0.3019585 0.62352455 -0.72113675
vn 0.48234928 0.5764661 -0.65956503
vn 0.27842927 0.74117076 -0.6108543
vn -0.5999954 0.7803861 -0.17607702
vn -0.6392107 0.7019553 -0.31411532
vn -0.79607224 0.4352907 -0.4204652
vn -0.86666 0.4901923 -0.09280082
vn -0.5843092 0.45882 -0.66937804
vn -0.35685992 0.466663 -0.80924445
vn -0.33333075 0.8901892 -0.31057018
vn 0.0274508 0.74117076 -0.6707551
vn 0.27842927 0.74117076 -0.6108543
vn 0.48234928 0.5764661 -0.65956503
vn 0.13725388 0.6392107 -0.75668424
vn -0.08235228 0.41176152 -0.907563
vn -0.066666126 0.65489686 -0.75277203
vn -0.19999838 0.41176152 -0.88907427
vn 0.23921388 0.96861994 -0.06746945
vn -0.1764692 0.670583 -0.7205394
vn -0.35685992 0.466663 -0.80924445
vn -0.33333075 0.8901892 -0.31057018
vn -0.0901953 0.99214923 -0.08662968
vn 0.49803543 0.8352877 -0.23292743
vn 0.3019585 0.62352455 -0.72113675
vn 0.2705862 0.91371846 -0.30315286
vn 0.16078311 0.9843061 -0.072734654
vn 0.011763923 0.99993086 -0
vn 0.0039215684 0.99999225 -0.00034526698
vn -0.08207507 0.9966261 -0
vn -0.23921382 0.96861994 -0.06746945
vn -0.6392107 0.7019553 -0.31411532
vn -0.5999954 0.7803861 -0.17607702
vn -0.6392107 0.7019553 -0.31411532
vn -0.4980353 0.3490169 -0.7938186
vn -0.53725076 0.23137069 -0.81106675
vn -0.79607224 0.4352907 -0.4204652
vn 0.23921388 0.59215224 0.76950145
vn 0.32548773 -0.0039215684 0.94553816
vn 0.29411542 -0.0039215684 0.95576185
vn 0.24705696 -0.0039215684 0.968993
vn 0.1999985 0.62352455 0.75578946
vn 0.15294003 0.7176415 0.67941153
vn 0.05098003 0.8901892 0.45272982
vn 0.1294108 0.7882292 0.60162073
vn 0.15294003 0.7176415 0.67941153
vn 0.05098003 0.7803861 0.62321633
vn -0.08235228 0.81960154 0.56698453
vn 0.019607723 0.9529338 0.30254382
vn 0.035293877 0.85097384 0.52402085
vn -0.043136835 0.874503 0.48309797
vn 0.035293877 0.85097384 0.52402085
vn 0.019607723 0.9529338 0.30254382
vn 0.011764646 0.9764631 0.21536359
vn 0.035293877 0.85097384 0.52402085
vn 0.019607723 0.8431307 0.5373511
vn 0.0039215684 0.9607769 0.27729464
vn -0.003921509 0.9607769 0.27729464
vn -0.011764526 0.8431307 0.53757995
vn 0.5133428 0.8581836 -0
vn 0.69411236 0.56862307 0.44144744
vn 0.7803862 0.62352455 -0.04705838
vn 0.45882004 0.82744455 0.32375863
vn 0.30980158 0.79607224 0.51989615
vn 0.45882004 0.68626916 0.5643747
vn 0.3411739 0.7803861 0.5240209
vn 0.3411739 0.7490138 0.56796014
vn 0.31764466 0.86666 0.3847107
vn 0.45882004 0.68626916 0.5643747
vn 0.7803862 0.62352455 -0.04705838
vn 0.69411236 0.56862307 0.44144744
vn 0.38038927 0.9215615 -0.07764286
vn 0.18405212 0.9829164 -0
vn 0.1999985 0.9058753 0.37335032
vn 0.13725388 0.9215615 0.3631608
vn 0.3411739 0.7490138 0.56796014
vn 0.121567726 0.91371846 0.38773683
vn 0.31764466 0.86666 0.3847107
vn 0.45882004 0.68626916 -0.5643747
vn 0.1999985 0.9058753 -0.37335032
vn 0.13725388 0.9215615 -0.3631608
vn 0.11372465 0.99214923 -0.05202487
vn 0.69411236 0.56862307 -0.44144744
vn 0.5133428 0.8581836 -0
vn 0.45882004 0.82744455 -0.32375863
vn 0.30980158 0.79607224 -0.51989615
vn 0.3411739 0.7803861 -0.5240209
vn 0.3411739 0.7490138 -0.56796014
vn 0.31764466 0.86666 -0.3847107
vn 0.3019585 0.88234615 -0.360952
vn 0.17646927 0.85097384 -0.49467373
vn 0.121567726 0.91371846 -0.38773683
vn 0.1999985 0.8901892 -0.40934557
vn 0.1294108 0.7882292 -0.60162073
vn 0.11372465 0.874503 -0.47149882
vn 0.09019542 0.9294046 -0.35787126
vn 0.08235234 0.93724763 -0.3387993
vn 0.06651905 0.9977852 -0
vn 0.08235234 0.93724763 0.3387993
vn 0.09019542 0.9294046 0.35787126
vn 0.1999985 0.8901892 0.40934557
vn 0.11372465 0.874503 0.47149882
vn 0.1294108 0.7882292 0.60162073
vn 0.17646927 0.85097384 0.49467373
vn 0.3019585 0.88234615 0.360952
vn 0.3411739 0.7803861 0.5240209
vn 0.0274508 0.85881686 0.51154673
vn 0.35686004 0.6941123 0.6251872
vn 0.26274312 0.7490138 0.6082306
vn 0.16862619 0.6941123 0.69983804
vn 0.23921388 0.6392107 0.73088056
vn 0.3019585 0.93724763 0.17432137
vn 0.2313708 0.8980323 0.37417305
vn 0.121567726 0.99214923 0.029345663
vn 0.0039215684 0.99999225 -0.00034526698
vn 0.011764646 0.99214923 0.12450501
vn -0.035293818 0.86666 0.49764928
vn -0.08207507 0.9966261 -0
vn -0.0901953 0.99214923 0.08662968
vn -0.12156761 0.88234615 0.454628
vn -0.12156761 0.99214923 0.029346678
vn -0.0901953 0.96861994 -0.23160352
vn -0.011764526 0.96861994 0.24826796
vn -0.003921509 0.9607769 0.27729464
vn -0.003921509 0.99999225 -0.00034526698
vn 0.0039215684 0.99999225 -0.00034526698
vn 0.0039215684 0.99999225 -0.00034526698
vn -0.003921509 0.99999225 -0.00034526698
vn -0.050979972 0.91371846 0.40313724
vn 0.011763923 0.99993086 -0
vn -0.003921509 0.99214923 0.12499809
vn -0.003921509 0.99214923 0.12499809
vn 0.0039215684 -0.9294047 0.36904138
vn -0.003921509 -0.9999924 -0
vn 0.0039215684 -0.94509083 0.32678422
vn 0.0039215684 -0.9999924 -0
vn -0.019604046 -0.9998079 -0
vn 0.011763922 -0.99993086 -0
vn -0.003921509 -0.9921493 0.124997616
vn -0.003921509 -0.9921493 0.124997616
vn -0.22352767 -0.9529339 0.20482278
vn -0.27058613 -0.8823462 0.38503027
vn -0.4352907 -0.8196016 0.37252548
vn -0.41176152 -0.8196016 0.3983788
vn 0.019607723 -0.97646314 0.21479131
vn 0.0039215684 -0.94509083 0.32678422
vn 0.0039215684 -0.9529339 0.30315277
vn 0.0039215684 -0.960777 0.27729443
vn 0.0039215684 -0.94509083 -0.32678422
vn 0.019607723 -0.94509083 -0.32621902
vn -0.003921509 -0.94509083 -0.32678422
vn 0.011764646 -0.94509083 -0.32659593
vn 0.0039215684 -0.93724775 -0.34864205
vn -0.011764526 -0.858817 0.5121474
vn 0.0039215684 -0.9294047 0.36904138
vn 0.0039215684 -0.9294047 -0.36904138
vn -0.011764526 -0.7411708 0.6712134
vn -0.011764526 -0.73332775 0.6797735
vn -0.27058613 -0.8823462 0.38503027
vn -0.003921509 -0.83528775 0.549799
vn -0.019607663 -0.96862006 0.24777146
vn -0.003921509 -0.96862006 0.24851513
vn 0.0039215684 -0.9999924 -0
vn 0.019604106 -0.9998079 -0
vn 0.019607723 -0.96862006 -0.24777146
vn 0.035293877 -0.858817 -0.5110653
vn 0.019607723 -0.77254313 -0.63465947
vn -0.011764526 -0.73332775 -0.6797735
vn -0.011764526 -0.94509083 -0.32659593
vn 0.011764646 0.9764631 0.21536359
vn 0.019607723 0.9529338 0.30254382
vn 0.0039215684 0.99999225 -0.00034526698
vn 0.0039215684 0.99999225 -0.00034526698
vn -0.003921509 0.99999225 -0.00034526698
vn 0.0039215684 0.9607769 0.27729464
vn -0.003921509 0.99999225 -0.00034526698
vn -0.003921509 0.99999225 -0.00034526698
vn -0.003921509 0.9607769 0.27729464
vn -0.003921509 0.99999225 -0.00034526698
vn 0.043136954 -0.8901893 0.45354408
vn 0.0039215684 -0.9529339 0.30315277
vn 0.0039215684 -0.9999924 -0
vn 0.0039215684 -0.9999924 -0
vn -0.003921509 -0.9999924 -0
vn 0.0039215684 -0.9529339 0.30315277
vn -0.003921509 -0.9999924 -0
vn -0.003921509 -0.9999924 -0
vn 0.0039215684 -0.94509083 0.32678422
vn -0.003921509 -0.9999924 -0
vn 0.3411739 -0.0039215684 -0.939992
vn 0.27842927 0.5764661 -0.76822126
vn 0.32548773 -0.0039215684 -0.94553816
vn 0.23921388 0.59215224 -0.76950145
vn 0.8509739 -0.098038495 -0.51597667
vn 0.8509739 -0.098038495 0.51597667
vn 0.59215236 0.7019553 0.39574528
vn 0.59215236 0.7019553 -0.39574528
vn -0.74117076 0.23921382 0.6272501
vn -0.6078384 0.19999838 0.7684615
vn 0.7411708 -0.23921388 0.62724996
vn 0.6078385 -0.1999985 0.7684614
vn -0.6078384 0.19999838 -0.7684615
vn -0.74117076 0.23921382 -0.6272501
vn 0.6078385 -0.1999985 -0.7684614
vn 0.7411708 -0.23921388 -0.62724996
vn 0.6078385 -0.1999985 0.7684614
vn 0.7411708 -0.23921388 0.62724996
vn 0.7411708 -0.23921388 -0.62724996
vn 0.6078385 -0.1999985 -0.7684614
vn -0.74117076 0.23921382 -0.6272501
vn -0.6078384 0.19999838 -0.7684615
vn -0.6078384 0.19999838 0.7684615
vn -0.74117076 0.23921382 0.6272501
vn 0.121567726 -0.035293877 -0.99195546
vn 0.756857 -0.098038495 -0.6461857
vn 0.63136774 0.6941123 -0.34580755
vn 0.10588157 0.88234615 -0.45853502
vn -0.12941074 -0.019607723 -0.9913972
vn -0.0901953 0.88234615 -0.4618767
vn -0.79607224 -0.035293877 -0.60417163
vn -0.56862307 0.7333276 -0.3726907
vn -0.12941074 -0.019607723 0.9913972
vn -0.79607224 -0.035293877 0.60417163
vn -0.56862307 0.7333276 0.3726907
vn -0.0901953 0.88234615 0.4618767
vn 0.121567726 -0.035293877 0.99195546
vn -0.0901953 0.88234615 -0.4618767
vn -0.56862307 0.7333276 -0.3726907
vn 0.10588157 0.88234615 -0.45853502
vn 0.10588157 0.88234615 0.45853502
vn 0.63136774 0.6941123 -0.34580755
vn 0.63136774 0.6941123 0.34580755
vn 0.756857 -0.098038495 0.6461857
vn 0.756857 -0.098038495 0.6461857
vn 0.63136774 0.6941123 0.34580755
vn 0.63136774 0.6941123 -0.34580755
vn 0.756857 -0.098038495 -0.6461857
vn -0.79607224 -0.035293877 0.60417163
vn -0.79607224 -0.035293877 -0.60417163
vn -0.56862307 0.7333276 -0.3726907
vn -0.56862307 0.7333276 0.3726907
vn 0.5843093 -0.756857 -0.2928314
vn 0.756857 -0.098038495 -0.6461857
vn 0.121567726 -0.035293877 -0.99195546
vn 0.09019542 -0.90587544 -0.41382903
vn 0.5843093 -0.756857 0.2928314
vn 0.09019542 -0.90587544 0.41382903
vn -0.12941074 -0.019607723 -0.9913972
vn -0.0901953 -0.89803237 0.43058413
vn -0.0901953 -0.89803237 -0.43058413
vn -0.79607224 -0.035293877 -0.60417163
vn -0.5450938 -0.76470006 0.3436664
vn -0.5450938 -0.76470006 -0.3436664
vn -0.12941074 -0.019607723 0.9913972
vn -0.5450938 -0.76470006 0.3436664
vn -0.79607224 -0.035293877 0.60417163
vn -0.0901953 -0.89803237 0.43058413
vn 0.121567726 -0.035293877 0.99195546
vn 0.09019542 -0.90587544 0.41382903
vn 0.756857 -0.098038495 0.6461857
vn 0.5843093 -0.756857 0.2928314
vn 0.5843093 -0.756857 0.2928314
vn 0.756857 -0.098038495 0.6461857
vn 0.756857 -0.098038495 -0.6461857
vn 0.5843093 -0.756857 -0.2928314
vn -0.5450938 -0.76470006 -0.3436664
vn -0.79607224 -0.035293877 -0.60417163
vn -0.79607224 -0.035293877 0.60417163
vn -0.5450938 -0.76470006 0.3436664
vn 0.13725388 -0.011764646 -0.99046606
vn 0.8509739 -0.098038495 -0.51597667
vn 0.59215236 0.7019553 -0.39574528
vn 0.13725388 0.8980323 -0.41797045
vn -0.20784152 0.003921509 -0.97815466
vn -0.15293992 0.88234615 -0.44505584
vn -0.99999225 0.003921509 -0.00034492963
vn -0.51334274 0.8581837 -0
vn -0.20784152 0.003921509 0.97815466
vn -0.99999225 0.003921509 -0.00034492963
vn -0.51334274 0.8581837 -0
vn -0.15293992 0.88234615 0.44505584
vn -0.15293992 0.88234615 -0.44505584
vn 0.13725388 -0.011764646 0.99046606
vn 0.13725388 0.8980323 -0.41797045
vn 0.13725388 0.8980323 0.41797045
vn 0.8509739 -0.098038495 0.51597667
vn 0.59215236 0.7019553 -0.39574528
vn 0.59215236 0.7019553 0.39574528
vn 0.5137216 -0.7803862 -0.3564933
vn 0.8509739 -0.098038495 -0.51597667
vn 0.13725388 -0.011764646 -0.99046606
vn 0.121567726 -0.90587544 -0.4057227
vn 0.5137216 -0.7803862 0.3564933
vn 0.121567726 -0.90587544 0.4057227
vn -0.20784152 0.003921509 -0.97815466
vn -0.15293992 -0.8823462 0.4450557
vn -0.15293992 -0.8823462 -0.4450557
vn -0.99999225 0.003921509 -0.00034492963
vn -0.5133427 -0.85818374 -0
vn -0.20784152 0.003921509 0.97815466
vn -0.5133427 -0.85818374 -0
vn -0.99999225 0.003921509 -0.00034492963
vn -0.15293992 -0.8823462 0.4450557
vn 0.13725388 -0.011764646 0.99046606
vn 0.121567726 -0.90587544 0.4057227
vn 0.8509739 -0.098038495 0.51597667
vn 0.5137216 -0.7803862 0.3564933
vn 0.5137216 -0.7803862 0.3564933
vn 0.8509739 -0.098038495 0.51597667
vn 0.8509739 -0.098038495 -0.51597667
vn 0.5137216 -0.7803862 -0.3564933
vn -0.74117076 0.262743 0.6177637
vn -0.5999954 0.21568453 0.77038026
vn 0.7411708 -0.26274312 0.61776364
vn 0.59999543 -0.21568465 0.77038014
vn -0.5999954 0.21568453 -0.77038026
vn -0.74117076 0.262743 -0.6177637
vn 0.59999543 -0.21568465 -0.77038014
vn 0.7411708 -0.26274312 -0.61776364
vn 0.59999543 -0.21568465 0.77038014
vn 0.7411708 -0.26274312 0.61776364
vn 0.7411708 -0.26274312 -0.61776364
vn 0.59999543 -0.21568465 -0.77038014
vn -0.74117076 0.262743 -0.6177637
vn -0.5999954 0.21568453 -0.77038026
vn -0.5999954 0.21568453 0.77038026
vn -0.74117076 0.262743 0.6177637
vn -0.3254876 0.02745068 0.94514775
vn -0.998703 0.050914247 -0
vn -0.6459423 0.76338625 -0
vn -0.24705684 0.85097384 0.46347216
vn -0.05882299 0.035293818 0.9976443
vn -0.02745068 0.9058753 0.42265397
vn 0.3019585 0.043136835 0.9523446
vn 0.24705696 0.86666 0.43343207
vn 0.9966261 -0.08207512 -0
vn 0.6392108 0.76469994 -0.08150824
vn 0.62352467 -0.7803862 -0.047057115
vn 0.9966261 -0.08207512 -0
vn 0.3019585 0.043136835 -0.9523446
vn 0.23921388 -0.8431308 -0.48156735
vn 0.62352467 -0.7803862 -0.047057115
vn 0.23921388 -0.8431308 -0.48156735
vn 0.23921388 -0.8431308 0.48156735
vn -0.035293818 -0.8901893 0.45422173
vn -0.035293818 -0.8901893 -0.45422173
vn -0.262743 -0.83528775 0.4829705
vn -0.05882299 0.035293818 -0.9976443
vn 0.3019585 0.043136835 -0.9523446
vn -0.3254876 0.02745068 -0.94514775
vn -0.262743 -0.83528775 -0.4829705
vn -0.670583 -0.7411708 -0.03137278
vn -0.998703 0.050914247 -0
vn -0.3254876 0.02745068 0.94514775
vn -0.670583 -0.7411708 -0.03137278
vn -0.998703 0.050914247 -0
vn -0.262743 -0.83528775 0.4829705
vn -0.05882299 0.035293818 0.9976443
vn -0.035293818 -0.8901893 0.45422173
vn 0.3019585 0.043136835 0.9523446
vn 0.23921388 -0.8431308 0.48156735
vn 0.9966261 -0.08207512 -0
vn 0.62352467 -0.7803862 -0.047057115
vn -0.74117076 0.262743 0.6177637
vn -0.5999954 0.21568453 0.77038026
vn 0.7411708 -0.26274312 0.61776364
vn 0.59999543 -0.21568465 0.77038014
vn -0.5999954 0.21568453 -0.77038026
vn -0.74117076 0.262743 -0.6177637
vn 0.59999543 -0.21568465 -0.77038014
vn 0.7411708 -0.26274312 -0.61776364
vn 0.59999543 -0.21568465 0.77038014
vn 0.7411708 -0.26274312 0.61776364
vn 0.7411708 -0.26274312 -0.61776364
vn 0.59999543 -0.21568465 -0.77038014
vn -0.74117076 0.262743 -0.6177637
vn -0.5999954 0.21568453 -0.77038026
vn -0.5999954 0.21568453 0.77038026
vn -0.74117076 0.262743 0.6177637
vn 0.6470539 -0.756857 -0.09213454
vn 0.38823235 -0.5137216 -0.765092
vn 0.13725388 -0.5450939 -0.8270635
vn 0.19160226 -0.9814727 -0
vn 0.38823235 -0.5137216 0.765092
vn 0.13725388 -0.5450939 0.8270635
vn 0.043136954 -0.52156466 -0.8521206
vn 0.05872205 -0.9982743 -0
vn 0.043136954 -0.52156466 0.8521206
vn -0.043136835 -0.49803543 0.8660831
vn -0.043097086 -0.9990709 -0
vn -0.043136835 -0.49803543 -0.8660831
vn -0.0901953 -0.52156466 -0.848431
vn -0.08207506 -0.9966261 -0
vn -0.0901953 -0.52156466 0.848431
vn 0.38823235 0.51372147 -0.7650921
vn 0.38823235 -0.5137216 -0.765092
vn 0.6470539 0.003921509 -0.7624342
vn 0.13725388 -0.5450939 -0.8270635
vn 0.13725388 0.5450938 -0.82706356
vn 0.043136954 -0.52156466 -0.8521206
vn 0.043136954 0.5215646 -0.85212064
vn -0.043136835 -0.49803543 -0.8660831
vn -0.043136835 0.4980353 -0.86608315
vn -0.0901953 0.5215646 -0.848431
vn -0.0901953 -0.52156466 -0.848431
vn -0.16078305 0.003921509 -0.986982
vn 0.38823235 0.51372147 -0.7650921
vn 0.6470539 0.7568569 -0.09213487
vn 0.19160227 0.9814727 -0
vn 0.13725388 0.5450938 -0.82706356
vn 0.058722056 0.9982743 -0
vn 0.043136954 0.5215646 -0.85212064
vn -0.043136835 0.4980353 -0.86608315
vn 0.043136954 0.5215646 0.85212064
vn 0.13725388 0.5450938 0.82706356
vn 0.6470539 0.7568569 -0.09213487
vn 0.38823235 0.51372147 0.7650921
vn -0.04309709 0.9990709 -0
vn -0.043136835 0.4980353 0.86608315
vn -0.0901953 0.5215646 0.848431
vn -0.08207507 0.9966261 -0
vn -0.0901953 0.5215646 -0.848431
vn -0.0901953 0.5215646 0.848431
vn -0.0901953 -0.52156466 0.848431
vn -0.16078305 0.003921509 0.986982
vn -0.043136835 -0.49803543 0.8660831
vn -0.043136835 0.4980353 0.86608315
vn 0.043136954 -0.52156466 0.8521206
vn 0.043136954 0.5215646 0.85212064
vn 0.13725388 -0.5450939 0.8270635
vn 0.13725388 0.5450938 0.82706356
vn 0.38823235 0.51372147 0.7650921
vn 0.38823235 -0.5137216 0.765092
vn 0.6470539 0.003921509 0.7624342
vn 0.6470539 0.003921509 -0.7624342
vn 0.38823235 -0.5137216 -0.765092
vn 0.6470539 -0.756857 -0.09213454
vn 0.9999924 0.003921509 -0
vn 0.38823235 -0.5137216 0.765092
vn 0.6470539 0.003921509 0.7624342
vn 0.9999924 0.003921509 -0
vn 0.6470539 0.003921509 0.7624342
vn 0.38823235 0.51372147 0.7650921
vn 0.6470539 0.7568569 -0.09213487
vn 0.38823235 0.51372147 -0.7650921
vn 0.6470539 0.003921509 -0.7624342
vn 0.9999924 0.003921509 -0
vn 0.6470539 0.7568569 -0.09213487
vn -0.019607663 -0.59999543 -0.7997631
vn -0.12941074 -0.45882004 -0.8790546
vn -0.043097086 -0.9990709 -0
vn -0.019604046 -0.9998079 -0
vn 0.31764466 -0.5764662 -0.75285363
vn 0.36470312 -0.9294047 -0.05655585
vn 0.756857 -0.29411542 -0.583664
vn 0.8901893 -0.45097697 -0.06467469
vn -0.019604046 -0.9998079 -0
vn -0.02745068 -0.59215236 0.80535835
vn -0.019607663 -0.59999543 0.7997631
vn 0.36470312 -0.9294047 -0.05655585
vn 0.31764466 -0.5764662 0.75285363
vn 0.8901893 -0.45097697 -0.06467469
vn -0.019604048 0.9998079 -0
vn -0.04309709 0.9990709 -0
vn -0.12941074 0.45882 -0.87905467
vn -0.019607663 0.5999954 -0.7997632
vn 0.36470312 0.9294046 -0.056556903
vn 0.31764466 0.5764661 -0.7528537
vn 0.756857 0.2941153 -0.58366406
vn 0.8901893 0.45097685 -0.064675495
vn -0.019607663 0.5999954 0.7997632
vn -0.02745068 0.59215224 0.80535847
vn -0.04309709 0.9990709 -0
vn -0.019604048 0.9998079 -0
vn 0.31764466 0.5764661 0.7528537
vn 0.36470312 0.9294046 -0.056556903
vn 0.756857 0.2941153 0.58366406
vn 0.8901893 0.45097685 -0.064675495
vn -0.019607663 -0.59999543 0.7997631
vn -0.02745068 -0.59215236 0.80535835
vn -0.02745068 0.59215224 0.80535847
vn -0.019607663 0.5999954 0.7997632
vn 0.31764466 -0.5764662 0.75285363
vn 0.31764466 0.5764661 0.7528537
vn 0.7490139 0.003921509 0.6625427
vn 0.756857 0.2941153 0.58366406
vn 0.756857 -0.29411542 0.583664
vn -0.3490169 0.003921509 -0.9371082
vn -0.12941074 0.45882 -0.87905467
vn -0.42744768 0.05882299 -0.90212435
vn -0.12941074 -0.45882004 -0.8790546
vn -0.42744768 -0.05882311 -0.90212435
vn -0.019607663 0.5999954 -0.7997632
vn -0.019607663 -0.59999543 -0.7997631
vn 0.31764466 0.5764661 -0.7528537
vn 0.31764466 -0.5764662 -0.75285363
vn 0.7490139 0.003921509 -0.6625427
vn 0.756857 0.2941153 -0.58366406
vn 0.756857 -0.29411542 -0.583664
vn 0.8901893 -0.45097697 -0.06467469
vn 0.7490139 0.003921509 -0.6625427
vn 0.756857 -0.29411542 -0.583664
vn 0.9999924 0.003921509 -0
vn 0.8901893 0.45097685 -0.064675495
vn 0.756857 0.2941153 -0.58366406
vn -0.20784152 0.64705384 -0.73356885
vn -0.466663 0.8352877 -0.2907234
vn -0.42744768 0.41960454 -0.8007625
vn -0.050979972 0.16078305 -0.9856723
vn 0.28627235 -0.20784158 -0.9353342
vn 0.05882311 0.64705384 -0.76017183
vn -0.21568453 -0.19215542 -0.95736957
vn 0.2313708 0.6078384 -0.75960517
vn 0.13725388 -0.63136774 -0.7632405
vn -0.53725076 -0.5686231 -0.62292004
vn 0.552937 -0.5843093 -0.5940062
vn 0.62352467 0.3803892 -0.6830235
vn 0.62352467 0.3803892 -0.6830235
vn 0.552937 -0.5843093 -0.5940062
vn 0.7882293 -0.6078385 -0.096057005
vn 0.7948023 0.6068686 -0
vn 0.76470006 0.4901923 0.41826472
vn 0.5686231 -0.79607236 0.2072114
vn 0.2313708 0.6078384 -0.75960517
vn 0.62352467 0.3803892 -0.6830235
vn 0.7948023 0.6068686 -0
vn 0.25449336 0.9670746 -0
vn 0.05882311 0.64705384 -0.76017183
vn 0.23921388 0.88234615 0.40526783
vn 0.76470006 0.4901923 0.41826472
vn 0.058722056 0.9982743 -0
vn 0.05098003 0.93724763 0.3449173
vn -0.1450969 0.93724763 0.31703904
vn -0.1764692 0.9843061 -0.00034526698
vn -0.20784152 0.64705384 -0.73356885
vn -0.466663 0.8352877 -0.2907234
vn 0.5137216 -0.654897 0.5542563
vn 0.28627235 -0.20784158 -0.9353342
vn 0.83528775 -0.09019542 -0.5423644
vn 0.83528775 -0.09019542 0.5423644
vn -0.5294076 -0.63136774 0.5666589
vn -0.21568453 -0.19215542 -0.95736957
vn 0.28627235 -0.20784158 -0.9353342
vn 0.5137216 -0.654897 0.5542563
vn 0.0039215684 -0.9999924 -0
vn -0.53725076 -0.5686231 -0.62292004
vn -0.53725076 -0.5686231 0.62292004
vn 0.13725388 -0.63136774 -0.7632405
vn 0.5686231 -0.79607236 0.2072114
vn 0.552937 -0.5843093 -0.5940062
vn 0.7882293 -0.6078385 -0.096057005
vn -0.5294076 -0.63136774 0.5666589
vn -0.53725076 -0.5686231 0.62292004
vn -0.53725076 -0.5686231 -0.62292004
vn -0.21568453 -0.19215542 -0.95736957
vn -0.098038435 0.38823223 0.91633195
vn 0.0039215684 -0.2313708 -0.9728577
vn -0.003921509 -0.2313708 0.9728577
vn -0.098038435 0.38823223 -0.91633195
vn -0.24705684 0.38823223 0.88782805
vn -0.24705684 0.38823223 -0.88782805
vn -0.70979846 0.3176446 0.6287194
vn -0.70979846 0.3176446 -0.6287194
vn -0.9450908 0.3176446 -0.076846145
vn -0.24705684 0.96861994 0.027172094
vn -0.38823223 0.88234615 -0.2659718
vn -0.3803892 0.6941123 -0.6111564
vn -0.23137069 0.5607799 -0.7949801
vn -0.050979972 0.5843092 -0.8099283
vn -0.066666126 0.99214923 0.10580898
vn 0.0274508 0.5843092 -0.81106675
vn 0.011764646 0.99214923 0.12450501
vn 0.09019542 0.99214923 0.08662968
vn 0.10588157 0.5843092 -0.8045942
vn 0.2705862 0.9607769 0.060751785
vn 0.28627235 0.5607799 -0.7769003
vn 0.4431339 0.67842615 -0.5859781
vn 0.4352908 0.86666 -0.24376705
vn -0.23137069 0.5607799 -0.7949801
vn -0.3803892 0.6941123 -0.6111564
vn -0.1764692 0.098038435 -0.9794116
vn -0.035293818 0.08235228 -0.9959781
vn -0.050979972 0.5843092 -0.8099283
vn 0.0274508 0.08235228 -0.9962252
vn 0.0274508 0.5843092 -0.81106675
vn 0.10588157 0.5843092 -0.8045942
vn 0.09019542 0.0901953 -0.9918314
vn 0.28627235 0.5607799 -0.7769003
vn 0.23921388 0.0901953 -0.9667686
vn 0.4431339 0.67842615 -0.5859781
vn -0.24705684 0.96861994 0.027172094
vn -0.21568453 0.8117584 0.54270476
vn -0.38823223 0.88234615 -0.2659718
vn -0.066666126 0.99214923 0.10580898
vn -0.074509144 0.8352877 0.5447411
vn 0.011764646 0.99214923 0.12450501
vn -0.003921509 0.8352877 0.54979914
vn 0.07450926 0.8352877 0.5447411
vn 0.09019542 0.99214923 0.08662968
vn 0.21568465 0.8117584 0.5427047
vn 0.2705862 0.9607769 0.060751785
vn 0.4352908 0.86666 -0.24376705
vn 0.552937 0.7176415 0.42338094
vn 0.6705831 0.6156815 0.41382906
vn 0.5372508 0.3490169 0.7678208
vn 0.7097985 0.7019553 -0.058692593
vn 0.5372508 0.8431307 -0.022184579
vn 0.2705862 0.9607769 -0.060751785
vn 0.24705696 0.8980323 0.36400664
vn 0.09019542 0.99214923 -0.08662968
vn 0.08235234 0.8901892 0.44808626
vn 0.0039215684 0.99999225 -0.00034526698
vn 0.0039215684 0.8901892 0.45557418
vn -0.0901953 0.9294046 0.35787126
vn -0.098038435 0.99214923 -0.07764248
vn -0.16078305 0.9843061 -0.072734654
vn -0.15293992 0.9450908 0.2888128
vn -0.043136835 0.25489998 -0.9660047
vn -0.0901953 0.30195844 -0.9490447
vn -0.08235228 0.19999838 -0.9763292
vn -0.05882299 0.4352907 -0.8983662
vn -0.10588145 0.5764661 -0.8102321
vn 0.019607723 0.34117377 -0.93979573
vn -0.08235228 0.8117584 -0.5781578
vn -0.12941074 0.7882292 -0.6016208
vn 0.011764646 0.66274 -0.7487572
vn -0.098038435 0.99214923 -0.07764248
vn -0.16078305 0.9843061 -0.072734654
vn 0.0039215684 0.99999225 -0.00034526698
vn 0.09019542 0.99214923 -0.08662968
vn 0.098038495 0.670583 -0.7353277
vn 0.098038495 0.35685992 -0.9289992
vn 0.2705862 0.9607769 -0.060751785
vn 0.25490004 0.68626916 -0.68121994
vn 0.22352773 0.3490169 -0.9100673
vn 0.5372508 0.8431307 -0.022184579
vn 0.49803543 0.6313677 -0.5944203
vn 0.41176158 0.3490169 -0.8418073
vn 0.7097985 0.7019553 -0.058692593
vn 0.6705831 0.6156815 -0.41382906
vn -0.098038435 0.6078384 -0.7879854
vn -0.11372459 0.82744455 -0.54991114
vn -0.15293992 0.8431307 -0.5154998
vn -0.13725376 0.6078384 -0.78210866
vn -0.074509144 0.30195844 -0.9504049
vn -0.30195844 0.85097384 -0.4297262
vn -0.10588145 0.2941153 -0.94988704
vn -0.27842915 0.62352455 -0.73054385
vn -0.51372147 0.74117076 -0.4321529
vn -0.19999838 0.262743 -0.94391036
vn -0.45882 0.5529369 -0.6955178
vn -0.6392107 0.5999954 -0.4810564
vn -0.5450938 0.50587845 -0.6685505
vn -0.25489998 0.9607769 -0.1092414
vn -0.12156761 0.70979846 0.6938353
vn -0.18431222 0.70979846 0.67986405
vn -0.11372459 0.9294046 0.35110366
vn -0.11372459 0.86666 -0.48576456
vn -0.019607663 0.7176415 0.69613665
vn -0.019607663 0.874503 -0.48462358
vn -0.019607663 0.93724763 0.34811267
vn 0.10588157 0.9450908 0.30918038
vn 0.10588157 0.8901892 -0.44311658
vn 0.10588157 0.7725431 0.6260721
vn 0.5058785 0.85881686 -0.080749676
vn 0.4352908 0.8039154 0.40526778
vn -0.18431222 0.5999954 -0.7784822
vn -0.11372459 0.86666 -0.48576456
vn -0.25489998 0.9607769 -0.1092414
vn -0.12156761 0.59215224 -0.79660344
vn -0.019607663 0.874503 -0.48462358
vn -0.019607663 0.5999954 -0.7997632
vn 0.10588157 0.670583 -0.7342394
vn 0.10588157 0.8901892 -0.44311658
vn 0.4352908 0.7333276 -0.5222571
vn 0.5058785 0.85881686 -0.080749676
vn 0.09019542 0.99214923 0.08662968
vn 0.09019542 0.6313677 -0.7702205
vn 0.4352908 0.82744455 -0.3547639
vn -0.003921509 0.99214923 0.12499809
vn -0.003921509 0.5999954 -0.7999939
vn -0.098038435 0.99214923 0.07764248
vn -0.098038435 0.6078384 -0.7879854
vn -0.42744768 0.82744455 -0.36417583
vn 0.4352908 0.82744455 -0.3547639
vn 0.6784262 0.67842615 -0.28191462
vn 0.3019585 0.8901892 0.3411514
vn 0.09019542 0.99214923 0.08662968
vn 0.07450926 0.85881686 0.5068352
vn -0.003921509 0.99214923 0.12499809
vn -0.003921509 0.8039154 0.5947308
vn -0.098038435 0.99214923 0.07764248
vn -0.08235228 0.81960154 0.56698453
vn -0.42744768 0.82744455 -0.36417583
vn -0.2941153 0.8431307 0.4501409
vn -0.64705384 0.6941123 -0.3154829
vn -0.64705384 0.6941123 -0.3154829
vn -0.2941153 0.23921382 -0.9253502
vn -0.42744768 0.82744455 -0.36417583
vn -0.098038435 0.6078384 -0.7879854
vn -0.08235228 0.15293992 -0.9847982
vn -0.003921509 0.5999954 -0.7999939
vn -0.003921509 0.12156761 -0.9925754
vn 0.09019542 0.6313677 -0.7702205
vn 0.07450926 0.22352767 -0.97184557
vn 0.4352908 0.82744455 -0.3547639
vn 0.3019585 0.36470306 -0.88080233
vn 0.6784262 0.67842615 -0.28191462
vn 0.51334274 -0.8581836 -0
vn 0.14509696 -0.39607543 0.90668136
vn 0.5686231 -0.8196016 0.07014955
vn 0.13725388 -0.8274447 0.5445151
vn 0.0274508 -0.49019235 0.8711819
vn 0.011764646 -0.86666006 0.4987604
vn -0.12941074 -0.5058785 0.8528422
vn -0.12941074 -0.8509739 0.509015
vn -0.4980353 -0.86666006 -0.029345663
vn -0.45097685 -0.8901893 -0.064675614
vn 0.5686231 -0.8196016 0.07014955
vn 0.13725388 -0.8274447 -0.5445151
vn 0.51334274 -0.8581836 -0
vn 0.14509696 -0.39607543 -0.90668136
vn 0.011764646 -0.86666006 -0.4987604
vn 0.0274508 -0.49019235 -0.8711819
vn -0.12941074 -0.8509739 -0.509015
vn -0.12941074 -0.5058785 -0.8528422
vn -0.45097685 -0.8901893 -0.064675614
vn -0.4980353 -0.86666006 -0.029345663
vn 0.13725388 -0.8274447 -0.5445151
vn 0.13725388 -0.8274447 0.5445151
vn 0.51334274 -0.8581836 -0
vn 0.011764646 -0.86666006 -0.4987604
vn 0.011764646 -0.86666006 0.4987604
vn -0.12941074 -0.8509739 -0.509015
vn -0.12941074 -0.8509739 0.509015
vn -0.45097685 -0.8901893 -0.064675614
vn -0.39607537 -0.8901893 -0.22513843
vn -0.37254608 -0.8901893 0.262245
vn -0.12941074 -0.87450314 0.4674368
vn -0.12156761 -0.9843062 0.12791641
vn 0.0039215684 -0.83528775 0.549799
vn 0.0039215684 -0.9843062 0.17642535
vn -0.003921509 -0.7882293 -0.61536914
vn 0.121567726 -0.79607236 -0.592866
vn 0.121567726 -0.9843062 0.12791617
vn 0.1294108 -0.8431308 0.52190346
vn 0.5686231 -0.79607236 -0.2072114
vn 0.38038927 -0.8274447 0.41308513
vn -0.39607537 -0.8901893 -0.22513843
vn -0.6156815 -0.756857 -0.21932581
vn -0.37254608 -0.8901893 0.262245
vn -0.37254608 -0.6392108 -0.6727696
vn -0.12941074 -0.79607236 -0.5912036
vn -0.12156761 -0.9843062 0.12791641
vn -0.12941074 -0.5372508 -0.8334353
vn -0.003921509 -0.7882293 -0.61536914
vn -0.003921509 -0.49803543 -0.8671478
vn 0.1294108 -0.52940774 -0.83843917
vn 0.121567726 -0.79607236 -0.592866
vn 0.38823235 -0.5450939 -0.7430668
vn 0.5686231 -0.79607236 -0.2072114
vn 0.5686231 -0.79607236 -0.2072114
vn 0.38038927 -0.8274447 0.41308513
vn 0.86666006 -0.48234928 -0.12743439
vn 0.38823235 -0.5450939 -0.7430668
vn 0.52156466 -0.7803862 0.34491688
vn 0.18431234 -0.6470539 0.73983115
vn 0.654897 -0.6156816 0.4382307
vn 0.19215542 -0.89803237 0.3957451
vn 0.5764662 -0.76470006 -0.28795928
vn 0.08235234 -0.69411236 0.7151406
vn 0.16862619 -0.9215616 -0.34969905
vn 0.09019542 -0.9215616 0.37760964
vn 0.18431234 -0.05098003 -0.9815447
vn 0.08235234 -0.08235234 -0.99319494
vn 0.09019542 -0.45097697 -0.8879665
vn 0.19215542 -0.42744774 -0.88338256
vn 0.654897 -0.22352773 -0.7219039
vn 0.08235234 -0.9294047 -0.35975686
vn 0.5137216 -0.38038927 -0.7690215
vn 0.86666006 -0.46666312 -0.17642531
vn 0.16862619 -0.9215616 -0.34969905
vn 0.09019542 -0.9215616 0.37760964
vn 0.5764662 -0.76470006 -0.28795928
vn 0.52156466 -0.7803862 0.34491688
vn 0.654897 -0.6156816 0.4382307
vn -0.098038435 -0.89803237 -0.42886636
vn -0.4352907 -0.89803237 0.06371743
vn -0.39607537 -0.9137185 0.09078946
vn -0.11372459 -0.5686231 -0.814699
vn 0.011764646 -0.9215616 -0.3880539
vn 0.0039215684 -0.6156816 -0.78798527
vn 0.098038495 -0.9137185 -0.39434364
vn 0.09019542 -0.21568465 -0.9722885
vn 0.3333308 -0.8823462 -0.33219832
vn 0.49019235 0.2941153 -0.8204923
vn 0.960777 0.27058613 -0.060751293
vn -0.12156761 -0.4039185 0.9066814
vn -0.39607537 -0.9137185 0.09078946
vn -0.4352907 -0.89803237 0.06371743
vn -0.10588145 -0.80391544 0.58524275
vn 0.011764646 -0.4352908 0.900213
vn 0.011764646 -0.8196016 0.5728131
vn 0.10588157 0.05882299 0.99263734
vn 0.10588157 -0.80391544 0.5852427
vn 0.49019235 0.5215646 0.6983422
vn 0.3333308 -0.756857 0.5621905
vn 0.960777 0.27058613 -0.060751293
vn -0.098038435 -0.89803237 -0.42886636
vn -0.39607537 -0.9137185 0.09078946
vn -0.10588145 -0.80391544 0.58524275
vn 0.011764646 -0.9215616 -0.3880539
vn 0.011764646 -0.8196016 0.5728131
vn 0.098038495 -0.9137185 -0.39434364
vn 0.10588157 -0.80391544 0.5852427
vn 0.3333308 -0.756857 0.5621905
vn 0.3333308 -0.8823462 -0.33219832
vn 0.960777 0.27058613 -0.060751293
vn 0.09019542 -0.21568465 -0.9722885
vn 0.49019235 0.5215646 0.6983422
vn 0.10588157 0.05882299 0.99263734
vn 0.49019235 0.2941153 -0.8204923
vn 0.960777 0.27058613 -0.060751293
vn -0.35685992 -0.9215616 -0.15288955
vn -0.38823223 -0.90587544 -0.16930848
vn -0.1450969 -0.80391544 0.57677275
vn -0.12156761 -0.960777 0.2492567
vn 0.0274508 -0.8274447 0.56087595
vn 0.035293877 -0.97646314 0.21277706
vn 0.18431234 -0.94509083 0.26987445
vn 0.18431234 -0.8274447 -0.5304378
vn 0.19215542 -0.7882293 0.5846117
vn 0.4352908 -0.8901893 -0.13448027
vn 0.4745062 -0.87450314 -0.100439765
vn 0.4745062 -0.87450314 -0.100439765
vn 0.18431234 -0.8274447 -0.5304378
vn 0.4352908 -0.8901893 -0.13448027
vn 0.19215542 -0.5686231 -0.79984003
vn 0.035293877 -0.86666006 -0.49764916
vn 0.0274508 -0.62352467 -0.78132164
vn 0.035293877 -0.97646314 0.21277706
vn -0.1450969 -0.6078385 -0.7806915
vn -0.12156761 -0.960777 0.2492567
vn -0.11372459 -0.8431308 -0.5255446
vn -0.38823223 -0.90587544 -0.16930848
vn -0.35685992 -0.9215616 -0.15288955
vn 0.46666312 -0.7490139 -0.47032303
vn 0.3411739 -0.90587544 0.2509781
vn 0.6705831 -0.63136774 -0.38947788
vn 0.1294108 -0.9843062 -0.11997543
vn 0.121567726 -0.9294047 0.34846547
vn 0.0039215684 -0.9921493 -0.124997616
vn 0.0039215684 -0.9215616 0.38821238
vn -0.10588145 -0.9843062 -0.14117515
vn -0.10588145 -0.93724775 0.33219844
vn -0.44313383 -0.7490139 -0.49255514
vn -0.3254876 -0.9215616 0.21161768
vn -0.66274 -0.62352467 -0.41472
vn -0.66274 -0.62352467 -0.41472
vn -0.44313383 -0.7490139 -0.49255514
vn -0.3254876 -0.16078311 -0.93177605
vn -0.10588145 -0.48234928 -0.86955637
vn -0.10588145 -0.05098003 -0.9930711
vn -0.10588145 -0.9843062 -0.14117515
vn 0.0039215684 -0.4745062 -0.8802434
vn 0.0039215684 0.003921509 -0.9999846
vn 0.0039215684 -0.9921493 -0.124997616
vn 0.121567726 -0.49019235 -0.86309487
vn 0.1294108 -0.9843062 -0.11997543
vn 0.11372465 -0.05882311 -0.9917694
vn 0.46666312 -0.7490139 -0.47032303
vn 0.3333308 -0.18431234 -0.9246186
vn 0.6705831 -0.63136774 -0.38947788
vn -0.003921509 -0.9999924 -0
vn -0.003921509 -0.9999924 -0
vn -0.003921509 -0.9999924 -0
vn -0.003921509 -0.9999924 -0
vn -0.003921509 -0.9999924 -0
vn -0.003921509 -0.9999924 -0
vn 0.0039215684 -0.9999924 -0
vn -0.011763803 -0.99993086 -0
vn -0.011763803 -0.99993086 -0
vn 0.0039215684 -0.9999924 -0
vn -0.003921509 -0.9999924 -0
vn -0.003921509 -0.9999924 -0
vn 0.0039215684 -0.9999924 -0
vn -0.011763803 -0.99993086 -0
vn -0.003921509 -0.9999924 -0
vn -0.003921509 -0.9999924 -0
vn -0.003921509 -0.9999924 -0
vn -0.003921509 -0.9999924 -0
vn -0.003921509 -0.9999924 -0
vn -0.003921509 -0.9999924 -0
vn -0.003921509 -0.9999924 -0
vn -0.003921509 -0.9999924 -0
vn -0.003921509 -0.9999924 -0
vn -0.003921509 -0.9999924 -0
vn -0.066518985 -0.9977852 -0
vn -0.066518985 -0.9977852 -0
vn -0.066518985 -0.9977852 -0
vn -0.066518985 -0.9977852 -0
vn -0.027440554 -0.9996234 -0
vn -0.043097086 -0.9990709 -0
vn -0.003921509 -0.9999924 -0
vn -0.003921509 -0.9999924 -0
vn -0.003921509 -0.9999924 -0
vn -0.003921509 -0.9999924 -0
vn -0.003921509 -0.9999924 -0
vn -0.003921509 -0.9999924 -0
vn -0.043097086 -0.9990709 -0
vn -0.066518985 -0.9977852 -0
vn -0.066518985 -0.9977852 -0
vn 0.0039215684 -0.9999924 -0
vn -0.011763803 -0.99993086 -0
vn -0.011763803 -0.99993086 -0
vn 0.0039215684 -0.9999924 -0
vn -0.003921509 -0.9999924 -0
vn -0.003921509 -0.9999924 -0
vn -0.003921509 -0.9999924 -0
vn -0.003921509 -0.9999924 -0
vn -0.035272125 -0.9993777 -0
vn -0.011763803 -0.99993086 -0
vn -0.011763803 -0.99993086 -0
vn -0.035272125 -0.9993777 -0
vn -0.066518985 -0.9977852 -0
vn -0.066518985 -0.9977852 -0
vn -0.066518985 -0.9977852 -0
vn -0.066518985 -0.9977852 -0
vn -0.043097086 -0.9990709 -0
vn -0.003921509 -0.9999924 -0
vn -0.003921509 -0.9999924 -0
vn -0.003921509 -0.9999924 -0
vn -0.003921509 -0.9999924 -0
vn -0.003921509 -0.9999924 -0
vn -0.003921509 -0.9999924 -0
vn -0.003921509 -0.9999924 -0
vn -0.003921509 -0.9999924 -0
vn -0.003921509 -0.9999924 -0
vn -0.003921509 -0.9999924 -0
vn -0.003921509 -0.9999924 -0
vn -0.003921509 -0.9999924 -0
vn -0.003921509 -0.9999924 -0
vn -0.003921509 -0.9999924 -0
vn -0.003921509 -0.9999924 -0
vn -0.003921509 -0.9999924 -0
vn -0.035272125 -0.9993777 -0
vn -0.011763803 -0.99993086 -0
vn -0.011763803 -0.99993086 -0
vn -0.035272125 -0.9993777 -0
vn -0.066518985 -0.9977852 -0
vn -0.011763803 -0.99993086 -0
vn -0.066518985 -0.9977852 -0
vn -0.035272125 -0.9993777 -0
vn -0.066518985 -0.9977852 -0
vn 0.0039215684 -0.9999924 -0
vn -0.011763803 -0.99993086 -0
vn -0.011763803 -0.99993086 -0
vn 0.0039215684 -0.9999924 -0
vn -0.003921509 -0.9999924 -0
vn -0.003921509 -0.9999924 -0
vn -0.003921509 -0.9999924 -0
vn -0.003921509 -0.9999924 -0
vn -0.035272125 -0.9993777 -0
vn -0.011763803 -0.99993086 -0
vn -0.011763803 -0.99993086 -0
vn -0.035272125 -0.9993777 -0
vn -0.066518985 -0.9977852 -0
vn -0.066518985 -0.9977852 -0
vn -0.066518985 -0.9977852 -0
vn -0.066518985 -0.9977852 -0
vn -0.043097086 -0.9990709 -0
vn -0.043097086 -0.9990709 -0
vn -0.035272125 -0.9993777 -0
vn -0.035272125 -0.9993777 -0
vn -0.066518985 -0.9977852 -0
vn -0.066518985 -0.9977852 -0
vn -0.043097086 -0.9990709 -0
vn -0.035272125 -0.9993777 -0
vn -0.035272125 -0.9993777 -0
vn -0.066518985 -0.9977852 -0
vn -0.066518985 -0.9977852 -0
vn -0.003921509 -0.9999924 -0
vn -0.003921509 -0.9999924 -0
vn -0.003921509 -0.9999924 -0
vn -0.003921509 -0.9999924 -0
vn 0.9999924 0.003921509 -0
vn 0.9843062 -0.17646927 -0
vn 0.9843062 -0.17646927 -0
vn 0.9999924 0.003921509 -0
vn 0.9843062 0.1764692 -0
vn 0.9843062 0.1764692 -0
vn -0.9843061 -0.17646927 -0.00034255895
vn -0.9843061 -0.17646927 -0.00034255895
vn -0.99999225 0.003921509 -0.00034492963
vn -0.99999225 0.003921509 -0.00034492963
vn -0.9843061 0.1764692 -0.00037126237
vn -0.9843061 0.1764692 -0.00037126237
vn -0.003921509 0.99999225 -0.00034526698
vn -0.003921509 0.99999225 -0.00034526698
vn -0.003921509 0.99999225 -0.00034526698
vn -0.003921509 0.99999225 -0.00034526698
vn 0.31764466 0.003921509 -0.9482017
vn 0.31764466 0.003921509 -0.9482017
vn 0.3019585 0.003921509 -0.953313
vn 0.31764466 0.003921509 -0.9482017
vn 0.31764466 0.003921509 -0.9482017
vn 0.29411542 0.003921509 -0.95576185
vn 0.019604107 0.9998079 -0
vn 0.019607723 0.99214923 0.12351296
vn 0.019607723 0.99214923 0.12351296
vn 0.019604107 0.9998079 -0
vn 0.011764646 0.99214923 0.12450501
vn 0.019607723 0.9607769 -0.27662835
vn 0.019607723 0.9529338 -0.30254382
vn 0.011763923 0.99993086 -0
vn -0.011764526 0.99214923 0.12450501
vn 0.011764646 0.9764631 -0.21536359
vn 0.0039215684 0.7725431 -0.6349503
vn 0.011764646 0.7254846 -0.6881378
vn -0.003921509 0.53725076 -0.8434135
vn -0.011764526 0.5843092 -0.81144583
vn -0.019607663 0.68626916 -0.7270833
vn -0.011764526 0.85881686 -0.5121476
vn -0.043136835 0.82744455 -0.5598881
vn -0.035293818 0.91371846 -0.4048122
vn -0.043136835 0.9843061 -0.17111611
vn -0.02745068 0.9764631 -0.21393073
vn -0.03527213 0.9993777 -0
vn -0.011763804 0.99993086 -0
vn -0.035293818 0.99214923 0.11997593
vn -0.38823223 -0.3411739 -0.8560818
vn -0.5215646 -0.18431234 -0.8330662
vn -0.5215646 -0.18431234 -0.8330662
vn -0.39607537 -0.3411739 -0.8524814
vn -0.19999838 -0.63136774 -0.7492499
vn -0.21568453 -0.5764662 -0.7881414
vn -0.15293992 -0.76470006 -0.6259738
vn -0.15293992 -0.76470006 -0.6259738
vn -0.13725376 -0.8196016 -0.5562505
vn -0.13725376 -0.8196016 -0.5562505
vn -0.4901923 0.12941074 0.8619538
vn -0.47450614 0.25489998 0.84253776
vn -0.47450614 0.25489998 0.84253776
vn -0.4901923 0.035293818 0.87089944
vn -0.45882 -0.16078311 0.87386096
vn -0.4352907 -0.2313708 0.8700515
vn -0.4039184 -0.29411542 0.8662252
vn -0.4039184 -0.29411542 0.8662252
vn -0.34117377 -0.86666006 0.36400664
vn -0.34117377 -0.86666006 0.36400664
vn -0.34117377 -0.86666006 0.36400664
vn -0.34117377 -0.86666006 0.36400664
vn -0.44313383 -0.098038495 0.8910785
vn -0.85881686 -0.0274508 0.51154673
vn -0.8117584 -0.035293877 0.5829259
vn -0.48234916 -0.08235234 0.8720994
vn -0.1764692 -0.15294003 0.9723518
vn -0.19215536 -0.14509696 0.9705788
vn 0.011764646 -0.17646927 0.9842358
vn 0.0039215684 -0.17646927 0.98429835
vn 0.19215542 -0.16078311 0.9681039
vn 0.19215542 -0.16078311 0.9681039
vn 0.45097697 -0.11372465 0.8852607
vn 0.4745062 -0.11372465 0.87287486
vn 0.8117585 -0.05098003 0.5817638
vn 0.8431308 -0.043136954 0.53597534
vn -0.8117584 -0.035293877 0.5829259
vn -0.85881686 -0.0274508 0.51154673
vn -0.99993086 -0.011763923 -0
vn -0.99993086 -0.011763923 -0
vn -0.99993086 -0.011763923 -0
vn -0.99993086 -0.011763923 -0
vn -0.81960154 -0.05098003 -0.5706613
vn -0.85881686 -0.043136954 -0.5104633
vn -0.85881686 -0.043136954 -0.5104633
vn -0.81960154 -0.05098003 -0.5706613
vn -0.47450614 -0.121567726 -0.8718172
vn -0.48234916 -0.11372465 -0.86856544
vn -0.19215536 -0.17646927 -0.96536773
vn -0.19999838 -0.17646927 -0.9637734
vn 0.0039215684 -0.18431234 -0.9828599
vn 0.0039215684 -0.18431234 -0.9828599
vn 0.20784158 -0.15294003 -0.9661321
vn 0.20784158 -0.15294003 -0.9661321
vn 0.4745062 -0.09019542 -0.875619
vn 0.49019235 -0.08235234 -0.8677151
vn 0.49019235 -0.08235234 -0.8677151
vn 0.4745062 -0.09019542 -0.875619
vn 0.8117585 -0.0274508 -0.58334774
vn 0.8509739 -0.0274508 -0.5244901
vn 0.99993086 -0.011763922 -0
vn 0.99993086 -0.011763922 -0
vn 0.99993086 -0.011763922 -0
vn 0.99993086 -0.011763922 -0
vn 0.8431308 -0.043136954 0.53597534
vn 0.8117585 -0.05098003 0.5817638
vn 0.0274508 -0.97646314 0.21393044
vn 0.0274508 -0.97646314 0.21393044
vn 0.0274508 -0.97646314 0.21393044
vn 0.0274508 -0.97646314 0.21393044
vn 0.0274508 -0.97646314 0.21393044
vn 0.0274508 -0.97646314 0.21393044
vn 0.0274508 -0.97646314 0.21393044
vn 0.0274508 -0.97646314 0.21393044
vn 0.0274508 -0.97646314 0.21393044
vn 0.0274508 -0.97646314 0.21393044
vn 0.0274508 -0.97646314 0.21393044
vn 0.0274508 -0.97646314 0.21393044
vn 0.0274508 -0.97646314 0.21393044
vn 0.0274508 -0.97646314 0.21393044
vn 0.0274508 -0.97646314 0.21393044
vn 0.0274508 -0.97646314 0.21393044
vn 0.13725388 0.003921509 -0.9905281
vn 0.2705862 0.003921509 -0.96268773
vn 0.2705862 0.003921509 -0.96268773
vn 0.11372465 0.003921509 -0.9935046
vn -0.003921509 0.003921509 -0.9999846
vn -0.003921509 0.003921509 -0.9999846
vn 0.17646927 0.9843061 -0.00034526698
vn 0.38823235 0.9215615 -0.00024414062
vn 0.38823235 0.9215615 -0.00024414062
vn 0.17646927 0.9843061 -0.00034526698
vn -0.003921509 0.99999225 -0.00034526698
vn -0.003921509 0.99999225 -0.00034526698
vn 0.9999924 0.003921509 -0
vn 0.9999924 0.003921509 -0
vn 0.9999924 0.003921509 -0
vn 0.9999924 0.003921509 -0
vn -0.003921509 -0.7097985 -0.70439386
vn -0.003921509 -0.7097985 -0.70439386
vn -0.003921509 -0.38038927 -0.92481816
vn -0.003921509 -0.38038927 -0.92481816
vn -0.003921509 0.003921509 -0.9999846
vn -0.003921509 0.003921509 -0.9999846
vn -0.003921509 0.70979846 -0.7043939
vn -0.003921509 0.70979846 -0.7043939
vn -0.003921509 0.9215615 -0.38821262
vn -0.003921509 0.9215615 -0.38821262
vn -0.003921509 0.99999225 -0.00034526698
vn -0.003921509 0.99999225 -0.00034526698
vn -0.003921509 0.70979846 0.7043939
vn -0.003921509 0.70979846 0.7043939
vn -0.003921509 0.3803892 0.9248182
vn -0.003921509 0.3803892 0.9248182
vn -0.003921509 -0.38038927 0.92481816
vn -0.003921509 0.3803892 0.9248182
vn -0.003921509 0.3803892 0.9248182
vn -0.003921509 -0.38038927 0.92481816
vn -0.003921509 -0.7097985 0.70439386
vn -0.003921509 -0.7097985 0.70439386
vn -0.003921509 -0.9999924 -0
vn -0.003921509 -0.9999924 -0
vn -0.003921509 -0.9999924 -0
vn -0.003921509 -0.9999924 -0
vn -0.003921509 0.5843092 0.81152165
vn -0.003921509 0.003921509 0.9999846
vn -0.003921509 0.003921509 0.9999846
vn -0.003921509 0.5843092 0.81152165
vn -0.003921509 0.9529338 0.30315316
vn -0.003921509 0.9529338 0.30315316
vn -0.003921509 0.9529338 -0.30315316
vn -0.003921509 0.9529338 -0.30315316
vn -0.003921509 0.003921509 0.9999846
vn -0.003921509 -0.5843093 0.8115216
vn -0.003921509 0.003921509 0.9999846
vn -0.003921509 -0.5843093 0.8115216
vn -0.003921509 -0.9529339 0.30315277
vn -0.003921509 -0.9529339 0.30315277
vn -0.003921509 -0.9529339 0.30315277
vn -0.003921509 -0.9529339 -0.30315277
vn -0.003921509 -0.9529339 0.30315277
vn -0.003921509 -0.9529339 -0.30315277
vn -0.003921509 -0.5843093 -0.8115216
vn -0.003921509 -0.5843093 -0.8115216
vn -0.003921509 0.003921509 -0.9999846
vn -0.003921509 0.003921509 -0.9999846
vn -0.003921509 0.003921509 -0.9999846
vn -0.003921509 0.5843092 -0.81152165
vn -0.003921509 0.003921509 -0.9999846
vn -0.003921509 0.5843092 -0.81152165
vn -0.003921509 0.9529338 -0.30315316
vn -0.003921509 0.9529338 -0.30315316
vn 0.9999924 0.003921509 -0
vn 0.9999924 0.003921509 -0
vn 0.9999924 0.003921509 -0
vn 0.9999924 0.003921509 -0
vn 0.9999924 0.003921509 -0
vn 0.9999924 0.003921509 -0
vn 0.9999924 0.003921509 -0
vn 0.29411542 -0.9529339 -0.07357387
vn 0.28627235 -0.66274005 -0.69197094
vn 0.13725388 -0.6784262 -0.7217335
vn 0.14470582 -0.9894748 -0
vn 0.28627235 -0.66274005 0.69197094
vn 0.13725388 -0.6784262 0.7217335
vn -0.003921509 -0.9999924 -0
vn -0.003921509 -0.6862693 -0.727337
vn 0.29411542 -0.17646927 0.9393374
vn 0.28627235 -0.66274005 0.69197094
vn 0.13725388 -0.6784262 0.7217335
vn 0.14509696 -0.18431234 0.9720987
vn 0.3019585 0.12156761 0.94553816
vn -0.003921509 -0.6862693 0.727337
vn 0.14470582 -0.9894748 -0
vn -0.003921509 -0.9999924 -0
vn -0.003921509 -0.19215542 0.9813567
vn 0.15294003 0.12156761 0.98072964
vn -0.003921509 0.12941074 0.99158335
vn 0.26274312 0.50587845 0.8216161
vn 0.1294108 0.4901923 0.8619538
vn -0.003921509 0.4980353 0.86714786
vn -0.003921509 0.86666 0.49888384
vn 0.1294108 0.86666 0.48182288
vn 0.26274312 0.8352877 0.48297057
vn 0.1294108 0.4901923 -0.8619538
vn 0.3019585 0.12156761 -0.94553816
vn 0.26274312 0.50587845 -0.8216161
vn 0.15294003 0.12156761 -0.98072964
vn -0.003921509 0.4980353 -0.86714786
vn 0.29411542 -0.17646927 -0.9393374
vn -0.003921509 0.12941074 -0.99158335
vn 0.14509696 -0.18431234 -0.9720987
vn 0.28627235 -0.66274005 -0.69197094
vn -0.003921509 -0.19215542 -0.9813567
vn 0.13725388 -0.6784262 -0.7217335
vn -0.003921509 -0.6862693 -0.727337
vn 0.26274312 0.8352877 -0.48297057
vn 0.1294108 0.4901923 -0.8619538
vn 0.26274312 0.50587845 -0.8216161
vn 0.1294108 0.86666 -0.48182288
vn -0.003921509 0.4980353 -0.86714786
vn 0.3019585 0.9529338 -0.027170997
vn -0.003921509 0.86666 -0.49888384
vn 0.15235077 0.9883265 -0
vn 0.26274312 0.8352877 0.48297057
vn -0.003921509 0.99999225 -0.00034526698
vn 0.1294108 0.86666 0.48182288
vn -0.003921509 0.86666 0.49888384
vn -0.99999225 0.003921509 -0.00034492963
vn -0.99999225 0.003921509 -0.00034492963
vn -0.99999225 0.003921509 -0.00034492963
vn -0.99999225 0.003921509 -0.00034492963
vn -0.99999225 0.003921509 -0.00034492963
vn -0.99999225 0.003921509 -0.00034492963
vn -0.99999225 0.003921509 -0.00034492963
vn -0.99999225 0.003921509 -0.00034492963
vn -0.99999225 0.003921509 -0.00034492963
vn -0.99999225 0.003921509 -0.00034492963
vn -0.99999225 0.003921509 -0.00034492963
vn -0.99999225 0.003921509 -0.00034492963
vn -0.99999225 0.003921509 -0.00034492963
vn -0.99999225 0.003921509 -0.00034492963
vn 0.22352773 0.9607769 0.16414331
vn 0.36470312 0.7882292 -0.49566758
vn 0.5137216 0.74117076 -0.43215278
vn 0.41960466 0.9058753 -0.05763529
vn 0.18431234 0.8117584 -0.5541455
vn 0.10588157 0.8352877 0.53952163
vn 0.066666186 0.9843061 0.16339265
vn 0.13725388 0.81960154 -0.5562506
vn -0.003921509 0.85097384 0.5251934
vn 0.011764646 0.9843061 0.17607702
vn 0.10588157 0.81960154 -0.5630652
vn -0.050979972 0.85097384 0.522728
vn -0.019607663 0.9843061 0.17537694
vn 0.066666186 0.81960154 -0.56904215
vn -0.08235228 0.85097384 0.5187115
vn -0.050979972 0.9843061 0.16894549
vn 0.019607723 0.8117584 -0.5836642
vn -0.11372459 0.85097384 0.51274776
vn -0.10588145 0.9843061 0.14117599
vn -0.15293992 0.7882292 -0.5960739
vn -0.16078305 0.85097384 0.4999923
vn -0.23921382 0.96861994 0.06746945
vn -0.30195844 0.7490138 -0.5897453
vn -0.25489998 0.8431307 0.47345182
vn -0.34117377 0.9215615 -0.18526976
vn -0.30195844 0.7490138 -0.5897453
vn -0.23137069 0.44313383 -0.86608315
vn -0.066666126 0.20784152 -0.9758881
vn -0.15293992 0.7882292 -0.5960739
vn -0.011764526 -0.1999985 -0.97972554
vn 0.019607723 0.8117584 -0.5836642
vn 0.08235234 0.18431222 -0.9794116
vn 0.08235234 -0.1999985 -0.97632915
vn 0.066666186 0.81960154 -0.56904215
vn 0.1294108 0.18431222 -0.97431093
vn 0.1294108 -0.20784158 -0.9695642
vn 0.10588157 0.81960154 -0.5630652
vn 0.16862619 0.18431222 -0.96829444
vn 0.16078311 -0.20784158 -0.9648579
vn 0.13725388 0.81960154 -0.5562506
vn 0.1999985 0.18431222 -0.9623043
vn 0.1999985 -0.20784158 -0.957498
vn 0.18431234 0.8117584 -0.5541455
vn 0.25490004 0.18431222 -0.94923913
vn 0.24705696 -0.20784158 -0.9464485
vn 0.36470312 0.7882292 -0.49566758
vn 0.39607543 0.19999838 -0.89617234
vn 0.34901696 -0.1999985 -0.915526
vn 0.5137216 0.74117076 -0.43215278
vn 0.52940774 0.41960454 -0.7373327
vn 0.41960466 0.50587845 -0.7536703
vn 0.59215236 0.6156815 -0.519896
vn 0.59999543 0.7803861 -0.17607668
vn 0.3725462 0.22352767 -0.9006913
vn 0.4431339 0.86666 -0.22920047
vn 0.15294003 0.1764692 -0.9723518
vn 0.16862619 0.47450614 -0.8639497
vn 0.16862619 0.9529338 -0.25195715
vn -0.011764526 0.15293992 -0.9881655
vn -0.02745068 0.45097685 -0.89211345
vn -0.066666126 0.96861994 -0.23943898
vn -0.2862723 0.9215615 -0.26224533
vn -0.22352767 0.45097685 -0.8640922
vn -0.1764692 0.15293992 -0.9723518
vn -0.5529369 0.8039154 -0.2190453
vn -0.4901923 0.45097685 -0.74587625
vn -0.4039184 0.1764692 -0.8976127
vn -0.6941123 0.6941123 -0.19083045
vn -0.670583 0.5294076 -0.5196595
vn 0.3019585 0.043136835 -0.9523446
vn 0.6392108 0.76469994 -0.08150824
vn 0.24705696 0.86666 -0.43343207
vn 0.24705696 0.86666 0.43343207
vn -0.05882299 0.035293818 -0.9976443
vn -0.02745068 0.9058753 0.42265397
vn -0.02745068 0.9058753 -0.42265397
vn -0.3254876 0.02745068 -0.94514775
vn -0.24705684 0.85097384 0.46347216
vn -0.24705684 0.85097384 -0.46347216
vn -0.998703 0.050914247 -0
vn -0.6459423 0.76338625 -0
vn -0.003921509 -0.77254313 0.63495016
vn -0.011764526 -0.72548467 0.68813777
vn 0.0039215684 -0.5372508 0.8434134
vn 0.011764646 -0.5843093 0.8114458
vn -0.019607663 -0.9529339 0.30254343
vn 0.019607723 -0.6784262 0.7344068
vn -0.019607663 -0.960777 0.27662814
vn -0.019604046 -0.9998079 -0
vn 0.011764646 -0.8509739 0.5250762
vn 0.035293877 -0.8196016 0.5718457
vn 0.035293877 -0.9137185 0.40481204
vn 0.043136954 -0.9843062 0.17111541
vn -0.011764526 -0.97646314 0.21536331
vn 0.0274508 -0.97646314 0.21393044
vn 0.035272185 -0.9993777 -0
vn -0.019604046 -0.9998079 -0
vn -0.011763803 -0.99993086 -0
vn 0.011763922 -0.99993086 -0
vn 0.0274508 -0.97646314 -0.21393044
vn 0.043136954 -0.9843062 -0.17111541
vn -0.019607663 -0.960777 -0.27662814
vn -0.019607663 -0.9529339 -0.30254343
vn -0.011764526 -0.97646314 -0.21536331
vn 0.035293877 -0.9137185 -0.40481204
vn 0.035293877 -0.8196016 -0.5718457
vn 0.011764646 -0.8509739 -0.5250762
vn 0.019607723 -0.6784262 -0.7344068
vn -0.003921509 -0.77254313 -0.63495016
vn -0.011764526 -0.72548467 -0.68813777
vn 0.011764646 -0.5843093 -0.8114458
vn 0.0039215684 -0.5372508 -0.8434134
vn -0.16078305 0.91371846 -0.37318546
vn -0.21568453 0.96861994 -0.123513445
vn -0.22352767 0.93724763 -0.26758602
vn -0.15293992 0.8431307 -0.5154998
vn -0.043136835 0.8117584 -0.58239806
vn -0.1450969 0.9764631 -0.15958302
vn -0.22314367 0.97478557 -0
vn -0.043136835 0.8980323 -0.4378095
vn 0.066666186 0.79607224 -0.60151863
vn -0.16078305 0.9843061 0.072734654
vn -0.15293992 0.9607769 0.23133764
vn -0.043136835 0.9529338 0.300094
vn -0.035293818 0.9843061 -0.17290415
vn -0.043136835 0.99214923 0.11738443
vn 0.066666186 0.9450908 0.319936
vn 0.05882311 0.9843061 0.16637713
vn 0.23921388 0.91371846 0.32847422
vn 0.05882311 0.8901892 -0.45177767
vn 0.23921388 0.76469994 -0.59834003
vn 0.043136954 0.9843061 -0.17111611
vn 0.23921388 0.9607769 0.14030123
vn 0.5843093 0.79607224 0.15764415
vn 0.15294003 0.9764631 -0.15208295
vn 0.46666312 0.88234615 0.060752273
vn 0.69411236 0.70979846 -0.11997568
vn 0.23921388 0.85881686 -0.45300147
vn 0.4745062 0.874503 -0.10044065
vn 0.46666312 0.8039154 -0.36870804
vn 0.5843093 0.7019553 -0.40723634
vn 0.4039185 0.8117584 0.4217797
vn 0.59999543 0.7803861 -0.17607668
vn 0.5843093 0.79607224 0.15764415
vn 0.4431339 0.86666 -0.22920047
vn 0.34901696 0.6392107 0.6852714
vn 0.16862619 0.9529338 -0.25195715
vn 0.14509696 0.8352877 0.53032196
vn 0.1294108 0.6313677 0.76460946
vn -0.066666126 0.96861994 -0.23943898
vn -0.050979972 0.82744455 0.55922854
vn -0.035293818 0.6156815 0.78720427
vn -0.20784152 0.6078384 0.76637745
vn -0.24705684 0.8117584 0.52916086
vn -0.2862723 0.9215615 -0.26224533
vn -0.42744768 0.59215224 0.68311363
vn -0.50587845 0.7568569 0.41382915
vn -0.5529369 0.8039154 -0.2190453
vn -0.67842615 0.70979846 0.18953648
vn -0.6941123 0.6941123 -0.19083045
vn 0.42744774 -0.79607236 -0.42843577
vn 0.5450939 -0.6862693 -0.48156732
vn 0.20784158 -0.654897 -0.72657543
vn 0.7097985 -0.70195544 -0.05869107
vn 0.19215542 -0.8431308 -0.50220186
vn 0.08235234 -0.6705831 -0.73724914
vn 0.45097697 -0.8901893 -0.06467469
vn 0.07450926 -0.858817 -0.50683504
vn 0.0039215684 -0.2313708 -0.9728577
vn 0.42744774 -0.79607236 0.42843577
vn 0.5450939 -0.6862693 0.48156732
vn 0.14470582 -0.9894748 -0
vn 0.19215542 -0.8431308 0.50220186
vn 0.20784158 -0.654897 0.72657543
vn 0.05872205 -0.9982743 -0
vn 0.07450926 -0.858817 0.50683504
vn 0.08235234 -0.6784262 0.73003834
vn 0.0039215684 -0.858817 -0.51226753
vn -0.003921509 -0.858817 0.51226753
vn -0.003921509 -0.2313708 0.9728577
vn -0.098038435 0.38823223 0.91633195
vn -0.003921509 -0.9999924 -0
vn -0.074509144 -0.858817 0.50683504
vn -0.24705684 0.38823223 0.88782805
vn -0.074509144 -0.858817 -0.50683504
vn -0.098038435 0.38823223 -0.91633195
vn -0.05872193 -0.9982743 -0
vn -0.19215536 -0.8431308 0.50220186
vn -0.70979846 0.3176446 0.6287194
vn -0.19215536 -0.8431308 -0.50220186
vn -0.24705684 0.38823223 -0.88782805
vn -0.14470576 -0.9894748 -0
vn -0.42744768 -0.79607236 0.42843592
vn -0.9450908 0.3176446 -0.076846145
vn -0.45097685 -0.8901893 -0.064675614
vn -0.42744768 -0.79607236 -0.42843592
vn -0.70979846 0.3176446 -0.6287194
g ship_mc_liberty_cruiser_mesh_0
f 3/3/3 2/2/2 1/1/1
f 3/3/3 5/5/5 4/4/4
f 5/5/5 6/6/6 4/4/4
f 4/4/4 6/6/6 7/7/7
f 7/7/7 6/6/6 8/8/8
f 6/6/6 5/5/5 9/9/9
f 6/6/6 9/9/9 8/8/8
f 10/10/10 7/7/7 8/8/8
f 11/11/11 7/7/7 10/10/10
f 12/12/12 11/11/11 10/10/10
f 13/13/13 10/10/10 8/8/8
f 14/14/14 13/13/13 8/8/8
f 5/5/5 15/15/15 9/9/9
f 5/5/5 16/16/16 15/15/15
f 16/16/16 17/17/17 15/15/15
f 16/16/16 18/18/18 17/17/17
f 18/18/18 19/19/19 17/17/17
f 19/19/19 20/20/20 17/17/17
f 19/19/19 18/18/18 21/21/21
f 19/19/19 21/21/21 20/20/20
f 21/21/21 22/22/22 20/20/20
f 22/22/22 23/23/23 20/20/20
f 17/17/17 24/24/24 15/15/15
f 20/20/20 24/24/24 17/17/17
f 15/15/15 25/25/25 9/9/9
f 24/24/24 25/25/25 15/15/15
f 9/9/9 26/26/26 8/8/8
f 25/25/25 26/26/26 9/9/9
f 27/27/27 14/14/14 8/8/8
f 26/26/26 27/27/27 8/8/8
f 14/14/14 27/27/27 28/28/28
f 27/27/27 26/26/26 28/28/28
f 29/29/29 14/14/14 28/28/28
f 30/30/30 29/29/29 28/28/28
f 26/26/26 25/25/25 31/31/31
f 26/26/26 31/31/31 28/28/28
f 25/25/25 24/24/24 32/32/32
f 25/25/25 32/32/32 31/31/31
f 24/24/24 20/20/20 33/33/33
f 24/24/24 33/33/33 32/32/32
f 20/20/20 34/34/34 33/33/33
f 23/23/23 34/34/34 20/20/20
f 34/34/34 35/35/35 33/33/33
f 35/35/35 34/34/34 23/23/23
f 35/35/35 23/23/23 36/36/36
f 23/23/23 37/37/37 36/36/36
f 35/35/35 38/38/38 33/33/33
f 33/33/33 38/38/38 32/32/32
f 38/38/38 39/39/39 32/32/32
f 32/32/32 39/39/39 31/31/31
f 39/39/39 38/38/38 40/40/40
f 39/39/39 41/41/41 31/31/31
f 31/31/31 41/41/41 28/28/28
f 41/41/41 42/42/42 28/28/28
f 42/42/42 30/30/30 28/28/28
f 42/42/42 43/43/43 30/30/30
f 43/43/43 44/44/44 30/30/30
f 45/45/45 43/43/43 42/42/42
f 48/48/48 47/47/47 46/46/46
f 51/51/51 50/50/50 49/49/49
f 54/54/54 53/53/53 52/52/52
f 57/57/57 56/56/56 55/55/55
f 60/60/60 59/59/59 58/58/58
f 62/62/62 61/61/61 59/59/59
f 61/61/61 63/63/63 59/59/59
f 63/63/63 61/61/61 64/64/64
f 61/61/61 65/65/65 64/64/64
f 68/68/68 67/67/67 66/66/66
f 71/71/71 70/70/70 69/69/69
f 74/74/74 73/73/73 72/72/72
f 77/77/77 76/76/76 75/75/75
f 80/80/80 79/79/79 78/78/78
f 83/83/83 82/82/82 81/81/81
f 84/84/84 83/83/83 81/81/81
f 85/85/85 83/83/83 84/84/84
f 86/86/86 85/85/85 84/84/84
f 89/89/89 88/88/88 87/87/87
f 90/90/90 89/89/89 87/87/87
f 93/93/93 92/92/92 91/91/91
f 94/94/94 93/93/93 91/91/91
f 97/97/97 96/96/96 95/95/95
f 98/98/98 97/97/97 95/95/95
f 101/101/101 100/100/100 99/99/99
f 102/102/102 101/101/101 99/99/99
f 103/103/103 101/101/101 102/102/102
f 104/104/104 103/103/103 102/102/102
f 107/107/107 106/106/106 105/105/105
f 105/105/105 108/108/108 107/107/107
f 108/108/108 109/109/109 107/107/107
f 110/110/110 109/109/109 108/108/108
f 111/111/111 110/110/110 108/108/108
f 110/110/110 112/112/112 109/109/109
f 112/112/112 113/113/113 109/109/109
f 114/114/114 113/113/113 112/112/112
f 115/115/115 114/114/114 112/112/112
f 116/116/116 115/115/115 112/112/112
f 117/117/117 112/112/112 110/110/110
f 117/117/117 116/116/116 112/112/112
f 116/116/116 118/118/118 115/115/115
f 118/118/118 119/119/119 115/115/115
f 118/118/118 116/116/116 120/120/120
f 121/121/121 118/118/118 120/120/120
f 117/117/117 122/122/122 116/116/116
f 116/116/116 122/122/122 120/120/120
f 120/120/120 122/122/122 123/123/123
f 124/124/124 121/121/121 120/120/120
f 124/124/124 120/120/120 123/123/123
f 124/124/124 125/125/125 121/121/121
f 125/125/125 124/124/124 126/126/126
f 126/126/126 124/124/124 123/123/123
f 122/122/122 117/117/117 127/127/127
f 122/122/122 127/127/127 123/123/123
f 128/128/128 125/125/125 126/126/126
f 128/128/128 129/129/129 125/125/125
f 129/129/129 128/128/128 130/130/130
f 128/128/128 126/126/126 130/130/130
f 131/131/131 129/129/129 130/130/130
f 132/132/132 126/126/126 123/123/123
f 126/126/126 132/132/132 130/130/130
f 130/130/130 132/132/132 133/133/133
f 134/134/134 130/130/130 133/133/133
f 131/131/131 130/130/130 134/134/134
f 132/132/132 135/135/135 133/133/133
f 135/135/135 132/132/132 123/123/123
f 136/136/136 131/131/131 134/134/134
f 136/136/136 134/134/134 137/137/137
f 134/134/134 138/138/138 137/137/137
f 134/134/134 133/133/133 138/138/138
f 137/137/137 138/138/138 139/139/139
f 138/138/138 140/140/140 139/139/139
f 138/138/138 141/141/141 140/140/140
f 142/142/142 141/141/141 138/138/138
f 133/133/133 142/142/142 138/138/138
f 142/142/142 133/133/133 143/143/143
f 133/133/133 144/144/144 143/143/143
f 145/145/145 144/144/144 133/133/133
f 145/145/145 133/133/133 146/146/146
f 135/135/135 146/146/146 133/133/133
f 147/147/147 145/145/145 146/146/146
f 148/148/148 147/147/147 146/146/146
f 149/149/149 148/148/148 146/146/146
f 146/146/146 135/135/135 149/149/149
f 150/150/150 148/148/148 149/149/149
f 151/151/151 150/150/150 149/149/149
f 152/152/152 151/151/151 149/149/149
f 135/135/135 153/153/153 149/149/149
f 153/153/153 135/135/135 123/123/123
f 127/127/127 153/153/153 123/123/123
f 153/153/153 127/127/127 154/154/154
f 153/153/153 154/154/154 149/149/149
f 152/152/152 149/149/149 155/155/155
f 156/156/156 152/152/152 155/155/155
f 156/156/156 155/155/155 157/157/157
f 157/157/157 155/155/155 158/158/158
f 149/149/149 159/159/159 155/155/155
f 154/154/154 159/159/159 149/149/149
f 155/155/155 160/160/160 158/158/158
f 155/155/155 159/159/159 160/160/160
f 160/160/160 161/161/161 158/158/158
f 161/161/161 162/162/162 158/158/158
f 160/160/160 163/163/163 161/161/161
f 159/159/159 163/163/163 160/160/160
f 163/163/163 164/164/164 161/161/161
f 165/165/165 163/163/163 159/159/159
f 154/154/154 165/165/165 159/159/159
f 127/127/127 166/166/166 154/154/154
f 117/117/117 166/166/166 127/127/127
f 166/166/166 167/167/167 154/154/154
f 167/167/167 166/166/166 117/117/117
f 167/167/167 165/165/165 154/154/154
f 167/167/167 117/117/117 110/110/110
f 168/168/168 167/167/167 110/110/110
f 165/165/165 167/167/167 168/168/168
f 169/169/169 168/168/168 110/110/110
f 170/170/170 165/165/165 168/168/168
f 165/165/165 170/170/170 171/171/171
f 174/174/174 173/173/173 172/172/172
f 175/175/175 174/174/174 172/172/172
f 174/174/174 175/175/175 176/176/176
f 172/172/172 177/177/177 175/175/175
f 177/177/177 178/178/178 175/175/175
f 179/179/179 178/178/178 177/177/177
f 180/180/180 179/179/179 177/177/177
f 181/181/181 178/178/178 179/179/179
f 182/182/182 181/181/181 179/179/179
f 183/183/183 181/181/181 182/182/182
f 184/184/184 183/183/183 182/182/182
f 186/186/186 182/182/182 185/185/185
f 182/182/182 187/187/187 185/185/185
f 188/188/188 185/185/185 187/187/187
f 189/189/189 188/188/188 187/187/187
f 191/191/191 190/190/190 188/188/188
f 190/190/190 191/191/191 192/192/192
f 193/193/193 190/190/190 192/192/192
f 190/190/190 193/193/193 194/194/194
f 195/195/195 190/190/190 194/194/194
f 195/195/195 194/194/194 196/196/196
f 199/199/199 198/198/198 197/197/197
f 200/200/200 198/198/198 199/199/199
f 201/201/201 200/200/200 199/199/199
f 202/202/202 201/201/201 199/199/199
f 202/202/202 199/199/199 203/203/203
f 199/199/199 204/204/204 203/203/203
f 204/204/204 205/205/205 203/203/203
f 202/202/202 203/203/203 206/206/206
f 207/207/207 202/202/202 206/206/206
f 210/210/210 209/209/209 208/208/208
f 209/209/209 211/211/211 208/208/208
f 209/209/209 212/212/212 211/211/211
f 212/212/212 213/213/213 211/211/211
f 212/212/212 214/214/214 213/213/213
f 214/214/214 215/215/215 213/213/213
f 215/215/215 214/214/214 216/216/216
f 214/214/214 217/217/217 216/216/216
f 216/216/216 217/217/217 218/218/218
f 217/217/217 219/219/219 218/218/218
f 222/222/222 221/221/221 220/220/220
f 221/221/221 223/223/223 220/220/220
f 220/220/220 223/223/223 224/224/224
f 223/223/223 225/225/225 224/224/224
f 225/225/225 226/226/226 224/224/224
f 226/226/226 227/227/227 224/224/224
f 226/226/226 228/228/228 227/227/227
f 224/224/224 229/229/229 220/220/220
f 224/224/224 227/227/227 229/229/229
f 227/227/227 230/230/230 229/229/229
f 229/229/229 231/231/231 220/220/220
f 232/232/232 231/231/231 229/229/229
f 233/233/233 232/232/232 229/229/229
f 229/229/229 230/230/230 233/233/233
f 230/230/230 234/234/234 233/233/233
f 228/228/228 235/235/235 227/227/227
f 235/235/235 236/236/236 227/227/227
f 236/236/236 237/237/237 227/227/227
f 237/237/237 238/238/238 227/227/227
f 238/238/238 230/230/230 227/227/227
f 239/239/239 235/235/235 228/228/228
f 240/240/240 230/230/230 238/238/238
f 240/240/240 241/241/241 230/230/230
f 241/241/241 242/242/242 230/230/230
f 234/234/234 230/230/230 242/242/242
f 234/234/234 242/242/242 243/243/243
f 239/239/239 228/228/228 244/244/244
f 228/228/228 245/245/245 244/244/244
f 245/245/245 246/246/246 244/244/244
f 228/228/228 247/247/247 245/245/245
f 245/245/245 248/248/248 246/246/246
f 249/249/249 234/234/234 243/243/243
f 234/234/234 249/249/249 250/250/250
f 251/251/251 234/234/234 250/250/250
f 250/250/250 249/249/249 252/252/252
f 253/253/253 251/251/251 250/250/250
f 254/254/254 250/250/250 252/252/252
f 247/247/247 255/255/255 245/245/245
f 253/253/253 250/250/250 255/255/255
f 250/250/250 245/245/245 255/255/255
f 248/248/248 245/245/245 256/256/256
f 256/256/256 250/250/250 254/254/254
f 245/245/245 250/250/250 256/256/256
f 259/259/259 258/258/258 257/257/257
f 260/260/260 259/259/259 257/257/257
f 260/260/260 257/257/257 261/261/261
f 262/262/262 260/260/260 261/261/261
f 262/262/262 263/263/263 260/260/260
f 260/260/260 263/263/263 264/264/264
f 260/260/260 264/264/264 265/265/265
f 259/259/259 260/260/260 266/266/266
f 266/266/266 260/260/260 265/265/265
f 267/267/267 259/259/259 266/266/266
f 265/265/265 268/268/268 266/266/266
f 269/269/269 266/266/266 268/268/268
f 272/272/272 271/271/271 270/270/270
f 273/273/273 272/272/272 270/270/270
f 272/272/272 273/273/273 274/274/274
f 273/273/273 275/275/275 274/274/274
f 276/276/276 275/275/275 273/273/273
f 276/276/276 273/273/273 277/277/277
f 277/277/277 273/273/273 278/278/278
f 273/273/273 270/270/270 279/279/279
f 273/273/273 279/279/279 278/278/278
f 270/270/270 280/280/280 279/279/279
f 279/279/279 281/281/281 278/278/278
f 279/279/279 282/282/282 281/281/281
f 285/285/285 284/284/284 283/283/283
f 286/286/286 285/285/285 283/283/283
f 287/287/287 285/285/285 286/286/286
f 286/286/286 283/283/283 288/288/288
f 289/289/289 287/287/287 286/286/286
f 290/290/290 286/286/286 288/288/288
f 290/290/290 289/289/289 286/286/286
f 291/291/291 290/290/290 288/288/288
f 289/289/289 290/290/290 291/291/291
f 292/292/292 291/291/291 288/288/288
f 289/289/289 291/291/291 293/293/293
f 292/292/292 294/294/294 291/291/291
f 291/291/291 295/295/295 293/293/293
f 294/294/294 295/295/295 291/291/291
f 296/296/296 293/293/293 295/295/295
f 295/295/295 294/294/294 296/296/296
f 293/293/293 296/296/296 297/297/297
f 294/294/294 298/298/298 296/296/296
f 297/297/297 296/296/296 299/299/299
f 296/296/296 298/298/298 299/299/299
f 302/302/302 301/301/301 300/300/300
f 301/301/301 303/303/303 300/300/300
f 303/303/303 301/301/301 304/304/304
f 300/300/300 303/303/303 305/305/305
f 303/303/303 304/304/304 306/306/306
f 303/303/303 307/307/307 305/305/305
f 307/307/307 303/303/303 306/306/306
f 307/307/307 308/308/308 305/305/305
f 307/307/307 306/306/306 308/308/308
f 308/308/308 309/309/309 305/305/305
f 308/308/308 306/306/306 310/310/310
f 309/309/309 308/308/308 311/311/311
f 311/311/311 308/308/308 310/310/310
f 312/312/312 309/309/309 311/311/311
f 312/312/312 311/311/311 313/313/313
f 310/310/310 314/314/314 311/311/311
f 311/311/311 314/314/314 313/313/313
f 315/315/315 314/314/314 310/310/310
f 313/313/313 314/314/314 316/316/316
f 314/314/314 315/315/315 316/316/316
f 319/319/319 318/318/318 317/317/317
f 320/320/320 319/319/319 317/317/317
f 319/319/319 320/320/320 321/321/321
f 322/322/322 319/319/319 321/321/321
f 320/320/320 323/323/323 321/321/321
f 323/323/323 324/324/324 321/321/321
f 327/327/327 326/326/326 325/325/325
f 326/326/326 328/328/328 325/325/325
f 329/329/329 328/328/328 326/326/326
f 330/330/330 329/329/329 326/326/326
f 329/329/329 330/330/330 331/331/331
f 332/332/332 329/329/329 331/331/331
f 335/335/335 334/334/334 333/333/333
f 336/336/336 335/335/335 333/333/333
f 335/335/335 336/336/336 337/337/337
f 338/338/338 336/336/336 333/333/333
f 339/339/339 338/338/338 333/333/333
f 336/336/336 340/340/340 337/337/337
f 336/336/336 338/338/338 340/340/340
f 341/341/341 337/337/337 340/340/340
f 342/342/342 338/338/338 339/339/339
f 338/338/338 342/342/342 340/340/340
f 343/343/343 342/342/342 339/339/339
f 343/343/343 344/344/344 342/342/342
f 344/344/344 345/345/345 342/342/342
f 345/345/345 340/340/340 342/342/342
f 340/340/340 345/345/345 346/346/346
f 346/346/346 341/341/341 340/340/340
f 341/341/341 346/346/346 347/347/347
f 345/345/345 348/348/348 346/346/346
f 347/347/347 346/346/346 348/348/348
f 349/349/349 341/341/341 347/347/347
f 350/350/350 347/347/347 348/348/348
f 347/347/347 350/350/350 351/351/351
f 352/352/352 349/349/349 347/347/347
f 353/353/353 347/347/347 351/351/351
f 353/353/353 352/352/352 347/347/347
f 351/351/351 354/354/354 353/353/353
f 352/352/352 353/353/353 355/355/355
f 354/354/354 355/355/355 353/353/353
f 356/356/356 352/352/352 355/355/355
f 355/355/355 354/354/354 357/357/357
f 354/354/354 358/358/358 357/357/357
f 358/358/358 359/359/359 357/357/357
f 357/357/357 359/359/359 360/360/360
f 361/361/361 357/357/357 360/360/360
f 357/357/357 361/361/361 355/355/355
f 361/361/361 360/360/360 362/362/362
f 355/355/355 363/363/363 356/356/356
f 361/361/361 363/363/363 355/355/355
f 363/363/363 361/361/361 362/362/362
f 363/363/363 364/364/364 356/356/356
f 364/364/364 363/363/363 362/362/362
f 365/365/365 364/364/364 362/362/362
f 368/368/368 367/367/367 366/366/366
f 369/369/369 368/368/368 366/366/366
f 369/369/369 366/366/366 370/370/370
f 368/368/368 369/369/369 371/371/371
f 372/372/372 368/368/368 371/371/371
f 373/373/373 372/372/372 371/371/371
f 374/374/374 369/369/369 370/370/370
f 371/371/371 369/369/369 374/374/374
f 374/374/374 370/370/370 375/375/375
f 376/376/376 374/374/374 375/375/375
f 377/377/377 374/374/374 376/376/376
f 377/377/377 371/371/371 374/374/374
f 378/378/378 377/377/377 376/376/376
f 379/379/379 373/373/373 371/371/371
f 379/379/379 371/371/371 377/377/377
f 380/380/380 373/373/373 379/379/379
f 381/381/381 377/377/377 378/378/378
f 381/381/381 379/379/379 377/377/377
f 382/382/382 381/381/381 378/378/378
f 382/382/382 383/383/383 381/381/381
f 384/384/384 380/380/380 379/379/379
f 384/384/384 379/379/379 381/381/381
f 385/385/385 380/380/380 384/384/384
f 383/383/383 386/386/386 381/381/381
f 386/386/386 384/384/384 381/381/381
f 383/383/383 387/387/387 386/386/386
f 387/387/387 388/388/388 386/386/386
f 384/384/384 386/386/386 388/388/388
f 387/387/387 389/389/389 388/388/388
f 389/389/389 390/390/390 388/388/388
f 391/391/391 384/384/384 388/388/388
f 388/388/388 390/390/390 391/391/391
f 391/391/391 385/385/385 384/384/384
f 390/390/390 392/392/392 391/391/391
f 391/391/391 392/392/392 385/385/385
f 392/392/392 393/393/393 385/385/385
f 396/396/396 395/395/395 394/394/394
f 395/395/395 397/397/397 394/394/394
f 394/394/394 397/397/397 398/398/398
f 397/397/397 399/399/399 398/398/398
f 395/395/395 400/400/400 397/397/397
f 397/397/397 401/401/401 399/399/399
f 400/400/400 401/401/401 397/397/397
f 401/401/401 402/402/402 399/399/399
f 403/403/403 402/402/402 401/401/401
f 401/401/401 400/400/400 404/404/404
f 404/404/404 403/403/403 401/401/401
f 404/404/404 405/405/405 403/403/403
f 400/400/400 406/406/406 404/404/404
f 404/404/404 406/406/406 405/405/405
f 405/405/405 407/407/407 403/403/403
f 406/406/406 408/408/408 405/405/405
f 408/408/408 409/409/409 405/405/405
f 407/407/407 405/405/405 410/410/410
f 409/409/409 411/411/411 405/405/405
f 405/405/405 411/411/411 410/410/410
f 409/409/409 412/412/412 411/411/411
f 411/411/411 413/413/413 410/410/410
f 412/412/412 413/413/413 411/411/411
f 413/413/413 414/414/414 410/410/410
f 414/414/414 413/413/413 415/415/415
f 413/413/413 412/412/412 416/416/416
f 413/413/413 416/416/416 415/415/415
f 412/412/412 417/417/417 416/416/416
f 416/416/416 418/418/418 415/415/415
f 418/418/418 416/416/416 417/417/417
f 418/418/418 419/419/419 415/415/415
f 420/420/420 418/418/418 417/417/417
f 423/423/423 422/422/422 421/421/421
f 424/424/424 423/423/423 421/421/421
f 421/421/421 425/425/425 424/424/424
f 426/426/426 425/425/425 421/421/421
f 427/427/427 426/426/426 421/421/421
f 428/428/428 426/426/426 427/427/427
f 429/429/429 428/428/428 427/427/427
f 428/428/428 430/430/430 426/426/426
f 430/430/430 431/431/431 426/426/426
f 425/425/425 426/426/426 431/431/431
f 430/430/430 432/432/432 431/431/431
f 432/432/432 433/433/433 431/431/431
f 432/432/432 434/434/434 433/433/433
f 435/435/435 425/425/425 431/431/431
f 431/431/431 433/433/433 435/435/435
f 424/424/424 436/436/436 423/423/423
f 436/436/436 437/437/437 423/423/423
f 437/437/437 438/438/438 423/423/423
f 424/424/424 439/439/439 436/436/436
f 425/425/425 439/439/439 424/424/424
f 439/439/439 440/440/440 436/436/436
f 441/441/441 440/440/440 439/439/439
f 439/439/439 425/425/425 442/442/442
f 442/442/442 441/441/441 439/439/439
f 425/425/425 435/435/435 442/442/442
f 441/441/441 442/442/442 443/443/443
f 433/433/433 444/444/444 435/435/435
f 435/435/435 444/444/444 442/442/442
f 442/442/442 445/445/445 443/443/443
f 444/444/444 445/445/445 442/442/442
f 445/445/445 446/446/446 443/443/443
f 445/445/445 447/447/447 446/446/446
f 445/445/445 444/444/444 447/447/447
f 447/447/447 448/448/448 446/446/446
f 444/444/444 449/449/449 447/447/447
f 448/448/448 450/450/450 446/446/446
f 448/448/448 451/451/451 450/450/450
f 449/449/449 444/444/444 452/452/452
f 444/444/444 433/433/433 452/452/452
f 452/452/452 433/433/433 434/434/434
f 453/453/453 452/452/452 434/434/434
f 454/454/454 453/453/453 434/434/434
f 455/455/455 453/453/453 454/454/454
f 451/451/451 456/456/456 450/450/450
f 457/457/457 455/455/455 454/454/454
f 456/456/456 451/451/451 458/458/458
f 455/455/455 457/457/457 459/459/459
f 460/460/460 456/456/456 458/458/458
f 460/460/460 458/458/458 461/461/461
f 460/460/460 462/462/462 456/456/456
f 460/460/460 463/463/463 462/462/462
f 463/463/463 460/460/460 464/464/464
f 457/457/457 465/465/465 459/459/459
f 459/459/459 465/465/465 466/466/466
f 465/465/465 457/457/457 467/467/467
f 468/468/468 465/465/465 467/467/467
f 469/469/469 465/465/465 468/468/468
f 472/472/472 471/471/471 470/470/470
f 473/473/473 472/472/472 470/470/470
f 476/476/476 475/475/475 474/474/474
f 477/477/477 476/476/476 474/474/474
f 478/478/478 477/477/477 474/474/474
f 478/478/478 474/474/474 479/479/479
f 474/474/474 480/480/480 479/479/479
f 483/483/483 482/482/482 481/481/481
f 484/484/484 483/483/483 481/481/481
f 481/481/481 485/485/485 484/484/484
f 485/485/485 486/486/486 484/484/484
f 486/486/486 485/485/485 487/487/487
f 483/483/483 484/484/484 488/488/488
f 484/484/484 486/486/486 488/488/488
f 489/489/489 486/486/486 487/487/487
f 487/487/487 490/490/490 489/489/489
f 490/490/490 491/491/491 489/489/489
f 489/489/489 492/492/492 486/486/486
f 489/489/489 491/491/491 492/492/492
f 493/493/493 483/483/483 488/488/488
f 483/483/483 493/493/493 494/494/494
f 493/493/493 495/495/495 494/494/494
f 495/495/495 493/493/493 496/496/496
f 493/493/493 488/488/488 496/496/496
f 486/486/486 497/497/497 488/488/488
f 488/488/488 497/497/497 496/496/496
f 492/492/492 497/497/497 486/486/486
f 497/497/497 498/498/498 496/496/496
f 498/498/498 497/497/497 499/499/499
f 497/497/497 492/492/492 499/499/499
f 499/499/499 492/492/492 500/500/500
f 492/492/492 491/491/491 500/500/500
f 500/500/500 491/491/491 501/501/501
f 491/491/491 502/502/502 501/501/501
f 505/505/505 504/504/504 503/503/503
f 506/506/506 505/505/505 503/503/503
f 509/509/509 508/508/508 507/507/507
f 509/509/509 507/507/507 510/510/510
f 507/507/507 511/511/511 510/510/510
f 510/510/510 511/511/511 512/512/512
f 515/515/515 514/514/514 513/513/513
f 514/514/514 516/516/516 513/513/513
f 513/513/513 516/516/516 517/517/517
f 518/518/518 513/513/513 517/517/517
f 518/518/518 517/517/517 519/519/519
f 517/517/517 520/520/520 519/519/519
f 523/523/523 522/522/522 521/521/521
f 524/524/524 523/523/523 521/521/521
f 524/524/524 525/525/525 523/523/523
f 525/525/525 526/526/526 523/523/523
f 527/527/527 526/526/526 525/525/525
f 528/528/528 527/527/527 525/525/525
f 531/531/531 530/530/530 529/529/529
f 530/530/530 532/532/532 529/529/529
f 532/532/532 530/530/530 533/533/533
f 530/530/530 534/534/534 533/533/533
f 533/533/533 534/534/534 535/535/535
f 534/534/534 536/536/536 535/535/535
f 536/536/536 537/537/537 535/535/535
f 540/540/540 539/539/539 538/538/538
f 539/539/539 541/541/541 538/538/538
f 541/541/541 542/542/542 538/538/538
f 542/542/542 543/543/543 538/538/538
f 543/543/543 542/542/542 544/544/544
f 543/543/543 545/545/545 538/538/538
f 545/545/545 543/543/543 544/544/544
f 546/546/546 545/545/545 544/544/544
f 546/546/546 547/547/547 545/545/545
f 541/541/541 539/539/539 548/548/548
f 549/549/549 542/542/542 541/541/541
f 548/548/548 549/549/549 541/541/541
f 542/542/542 549/549/549 550/550/550
f 542/542/542 551/551/551 544/544/544
f 551/551/551 542/542/542 550/550/550
f 539/539/539 552/552/552 548/548/548
f 552/552/552 539/539/539 553/553/553
f 554/554/554 552/552/552 553/553/553
f 552/552/552 554/554/554 555/555/555
f 548/548/548 552/552/552 555/555/555
f 555/555/555 556/556/556 548/548/548
f 557/557/557 549/549/549 548/548/548
f 556/556/556 557/557/557 548/548/548
f 549/549/549 557/557/557 550/550/550
f 558/558/558 557/557/557 556/556/556
f 559/559/559 558/558/558 556/556/556
f 558/558/558 559/559/559 560/560/560
f 558/558/558 561/561/561 557/557/557
f 557/557/557 561/561/561 550/550/550
f 562/562/562 558/558/558 560/560/560
f 558/558/558 562/562/562 561/561/561
f 560/560/560 563/563/563 562/562/562
f 563/563/563 564/564/564 562/562/562
f 564/564/564 565/565/565 562/562/562
f 565/565/565 561/561/561 562/562/562
f 550/550/550 561/561/561 565/565/565
f 566/566/566 550/550/550 565/565/565
f 550/550/550 566/566/566 567/567/567
f 551/551/551 550/550/550 567/567/567
f 544/544/544 551/551/551 567/567/567
f 568/568/568 544/544/544 567/567/567
f 544/544/544 568/568/568 569/569/569
f 546/546/546 544/544/544 569/569/569
f 546/546/546 569/569/569 570/570/570
f 569/569/569 571/571/571 570/570/570
f 570/570/570 571/571/571 572/572/572
f 573/573/573 570/570/570 572/572/572
f 570/570/570 547/547/547 546/546/546
f 547/547/547 570/570/570 573/573/573
f 574/574/574 547/547/547 573/573/573
f 547/547/547 574/574/574 575/575/575
f 578/578/578 577/577/577 576/576/576
f 577/577/577 578/578/578 579/579/579
f 580/580/580 577/577/577 579/579/579
f 581/581/581 577/577/577 580/580/580
f 582/582/582 581/581/581 580/580/580
f 581/581/581 582/582/582 583/583/583
f 583/583/583 584/584/584 581/581/581
f 581/581/581 585/585/585 577/577/577
f 584/584/584 585/585/585 581/581/581
f 585/585/585 586/586/586 577/577/577
f 585/585/585 584/584/584 587/587/587
f 586/586/586 585/585/585 588/588/588
f 588/588/588 585/585/585 587/587/587
f 589/589/589 586/586/586 588/588/588
f 587/587/587 590/590/590 588/588/588
f 588/588/588 591/591/591 589/589/589
f 590/590/590 591/591/591 588/588/588
f 594/594/594 593/593/593 592/592/592
f 595/595/595 594/594/594 592/592/592
f 595/595/595 592/592/592 596/596/596
f 597/597/597 596/596/596 592/592/592
f 592/592/592 598/598/598 597/597/597
f 599/599/599 595/595/595 596/596/596
f 600/600/600 595/595/595 599/599/599
f 600/600/600 601/601/601 595/595/595
f 604/604/604 603/603/603 602/602/602
f 603/603/603 605/605/605 602/602/602
f 602/602/602 605/605/605 606/606/606
f 605/605/605 607/607/607 606/606/606
f 605/605/605 608/608/608 607/607/607
f 609/609/609 608/608/608 605/605/605
f 602/602/602 606/606/606 610/610/610
f 602/602/602 610/610/610 611/611/611
f 612/612/612 610/610/610 606/606/606
f 611/611/611 610/610/610 613/613/613
f 610/610/610 612/612/612 613/613/613
f 616/616/616 615/615/615 614/614/614
f 615/615/615 617/617/617 614/614/614
f 614/614/614 617/617/617 618/618/618
f 619/619/619 614/614/614 618/618/618
f 618/618/618 620/620/620 619/619/619
f 620/620/620 621/621/621 619/619/619
f 622/622/622 620/620/620 618/618/618
f 623/623/623 617/617/617 615/615/615
f 624/624/624 623/623/623 615/615/615
f 625/625/625 622/622/622 618/618/618
f 618/618/618 617/617/617 625/625/625
f 623/623/623 624/624/624 626/626/626
f 624/624/624 627/627/627 626/626/626
f 628/628/628 627/627/627 624/624/624
f 629/629/629 623/623/623 626/626/626
f 630/630/630 623/623/623 629/629/629
f 617/617/617 623/623/623 630/630/630
f 631/631/631 630/630/630 629/629/629
f 632/632/632 617/617/617 630/630/630
f 630/630/630 631/631/631 632/632/632
f 617/617/617 632/632/632 625/625/625
f 631/631/631 633/633/633 632/632/632
f 633/633/633 634/634/634 632/632/632
f 634/634/634 625/625/625 632/632/632
f 635/635/635 625/625/625 634/634/634
f 625/625/625 635/635/635 636/636/636
f 622/622/622 625/625/625 636/636/636
f 637/637/637 622/622/622 636/636/636
f 637/637/637 638/638/638 622/622/622
f 641/641/641 640/640/640 639/639/639
f 641/641/641 639/639/639 642/642/642
f 643/643/643 642/642/642 639/639/639
f 644/644/644 643/643/643 639/639/639
f 644/644/644 645/645/645 643/643/643
f 646/646/646 645/645/645 644/644/644
f 647/647/647 646/646/646 644/644/644
f 648/648/648 646/646/646 647/647/647
f 651/651/651 650/650/650 649/649/649
f 650/650/650 651/651/651 652/652/652
f 652/652/652 653/653/653 650/650/650
f 653/653/653 654/654/654 650/650/650
f 655/655/655 654/654/654 653/653/653
f 654/654/654 655/655/655 656/656/656
f 657/657/657 654/654/654 656/656/656
f 658/658/658 657/657/657 656/656/656
f 661/661/661 660/660/660 659/659/659
f 660/660/660 661/661/661 662/662/662
f 661/661/661 4/4/4 662/662/662
f 665/665/665 664/664/664 663/663/663
f 666/666/666 665/665/665 663/663/663
f 669/669/669 668/668/668 667/667/667
f 670/670/670 669/669/669 667/667/667
f 673/673/673 672/672/672 671/671/671
f 674/674/674 673/673/673 671/671/671
f 677/677/677 676/676/676 675/675/675
f 678/678/678 677/677/677 675/675/675
f 681/681/681 680/680/680 679/679/679
f 682/682/682 681/681/681 679/679/679
f 685/685/685 684/684/684 683/683/683
f 686/686/686 685/685/685 683/683/683
f 683/683/683 687/687/687 686/686/686
f 687/687/687 688/688/688 686/686/686
f 687/687/687 689/689/689 688/688/688
f 689/689/689 690/690/690 688/688/688
f 693/693/693 692/692/692 691/691/691
f 694/694/694 693/693/693 691/691/691
f 694/694/694 691/691/691 695/695/695
f 694/694/694 696/696/696 693/693/693
f 696/696/696 697/697/697 693/693/693
f 698/698/698 696/696/696 694/694/694
f 699/699/699 698/698/698 694/694/694
f 699/699/699 694/694/694 695/695/695
f 700/700/700 698/698/698 699/699/699
f 701/701/701 700/700/700 699/699/699
f 699/699/699 695/695/695 701/701/701
f 695/695/695 702/702/702 701/701/701
f 705/705/705 704/704/704 703/703/703
f 706/706/706 705/705/705 703/703/703
f 709/709/709 708/708/708 707/707/707
f 710/710/710 709/709/709 707/707/707
f 713/713/713 712/712/712 711/711/711
f 714/714/714 713/713/713 711/711/711
f 714/714/714 711/711/711 715/715/715
f 716/716/716 714/714/714 715/715/715
f 717/717/717 713/713/713 714/714/714
f 716/716/716 718/718/718 714/714/714
f 719/719/719 717/717/717 714/714/714
f 718/718/718 719/719/719 714/714/714
f 720/720/720 717/717/717 719/719/719
f 718/718/718 721/721/721 719/719/719
f 722/722/722 720/720/720 719/719/719
f 721/721/721 722/722/722 719/719/719
f 725/725/725 724/724/724 723/723/723
f 724/724/724 726/726/726 723/723/723
f 723/723/723 726/726/726 727/727/727
f 726/726/726 728/728/728 727/727/727
f 727/727/727 728/728/728 729/729/729
f 728/728/728 730/730/730 729/729/729
f 733/733/733 732/732/732 731/731/731
f 734/734/734 733/733/733 731/731/731
f 737/737/737 736/736/736 735/735/735
f 738/738/738 737/737/737 735/735/735
f 741/741/741 740/740/740 739/739/739
f 742/742/742 741/741/741 739/739/739
f 739/739/739 743/743/743 742/742/742
f 743/743/743 744/744/744 742/742/742
f 743/743/743 745/745/745 744/744/744
f 745/745/745 746/746/746 744/744/744
f 749/749/749 748/748/748 747/747/747
f 750/750/750 749/749/749 747/747/747
f 750/750/750 751/751/751 749/749/749
f 750/750/750 747/747/747 752/752/752
f 753/753/753 751/751/751 750/750/750
f 754/754/754 750/750/750 752/752/752
f 754/754/754 753/753/753 750/750/750
f 754/754/754 752/752/752 755/755/755
f 756/756/756 753/753/753 754/754/754
f 757/757/757 754/754/754 755/755/755
f 757/757/757 756/756/756 754/754/754
f 760/760/760 759/759/759 758/758/758
f 761/761/761 760/760/760 758/758/758
f 761/761/761 758/758/758 762/762/762
f 763/763/763 761/761/761 762/762/762
f 764/764/764 760/760/760 761/761/761
f 763/763/763 765/765/765 761/761/761
f 766/766/766 764/764/764 761/761/761
f 765/765/765 766/766/766 761/761/761
f 767/767/767 764/764/764 766/766/766
f 765/765/765 768/768/768 766/766/766
f 768/768/768 767/767/767 766/766/766
f 771/771/771 770/770/770 769/769/769
f 770/770/770 772/772/772 769/769/769
f 769/769/769 772/772/772 773/773/773
f 772/772/772 774/774/774 773/773/773
f 773/773/773 774/774/774 775/775/775
f 774/774/774 776/776/776 775/775/775
f 779/779/779 778/778/778 777/777/777
f 780/780/780 779/779/779 777/777/777
f 783/783/783 782/782/782 781/781/781
f 784/784/784 783/783/783 781/781/781
f 787/787/787 786/786/786 785/785/785
f 788/788/788 787/787/787 785/785/785
f 791/791/791 790/790/790 789/789/789
f 792/792/792 791/791/791 789/789/789
f 795/795/795 794/794/794 793/793/793
f 796/796/796 795/795/795 793/793/793
f 799/799/799 798/798/798 797/797/797
f 800/800/800 799/799/799 797/797/797
f 800/800/800 797/797/797 801/801/801
f 802/802/802 800/800/800 801/801/801
f 802/802/802 801/801/801 803/803/803
f 804/804/804 802/802/802 803/803/803
f 804/804/804 803/803/803 805/805/805
f 806/806/806 804/804/804 805/805/805
f 809/809/809 808/808/808 807/807/807
f 810/810/810 809/809/809 807/807/807
f 813/813/813 812/812/812 811/811/811
f 813/813/813 814/814/814 812/812/812
f 814/814/814 815/815/815 812/812/812
f 814/814/814 816/816/816 815/815/815
f 815/815/815 817/817/817 812/812/812
f 817/817/817 818/818/818 812/812/812
f 819/819/819 817/817/817 815/815/815
f 816/816/816 820/820/820 815/815/815
f 820/820/820 819/819/819 815/815/815
f 816/816/816 821/821/821 820/820/820
f 822/822/822 819/819/819 820/820/820
f 821/821/821 822/822/822 820/820/820
f 825/825/825 824/824/824 823/823/823
f 824/824/824 826/826/826 823/823/823
f 823/823/823 826/826/826 827/827/827
f 826/826/826 828/828/828 827/827/827
f 827/827/827 828/828/828 829/829/829
f 828/828/828 830/830/830 829/829/829
f 829/829/829 830/830/830 831/831/831
f 830/830/830 832/832/832 831/831/831
f 835/835/835 834/834/834 833/833/833
f 836/836/836 835/835/835 833/833/833
f 839/839/839 838/838/838 837/837/837
f 840/840/840 839/839/839 837/837/837
f 843/843/843 842/842/842 841/841/841
f 844/844/844 843/843/843 841/841/841
f 847/847/847 846/846/846 845/845/845
f 848/848/848 847/847/847 845/845/845
f 851/851/851 850/850/850 849/849/849
f 852/852/852 851/851/851 849/849/849
f 852/852/852 849/849/849 853/853/853
f 854/854/854 852/852/852 853/853/853
f 855/855/855 851/851/851 852/852/852
f 856/856/856 852/852/852 854/854/854
f 856/856/856 855/855/855 852/852/852
f 857/857/857 856/856/856 854/854/854
f 857/857/857 858/858/858 856/856/856
f 856/856/856 859/859/859 855/855/855
f 858/858/858 859/859/859 856/856/856
f 859/859/859 860/860/860 855/855/855
f 861/861/861 860/860/860 859/859/859
f 862/862/862 861/861/861 859/859/859
f 862/862/862 859/859/859 858/858/858
f 863/863/863 862/862/862 858/858/858
f 866/866/866 865/865/865 864/864/864
f 864/864/864 865/865/865 867/867/867
f 868/868/868 864/864/864 867/867/867
f 868/868/868 867/867/867 869/869/869
f 870/870/870 868/868/868 869/869/869
f 869/869/869 871/871/871 870/870/870
f 871/871/871 872/872/872 870/870/870
f 873/873/873 872/872/872 871/871/871
f 874/874/874 873/873/873 871/871/871
f 875/875/875 873/873/873 874/874/874
f 878/878/878 877/877/877 876/876/876
f 879/879/879 878/878/878 876/876/876
f 880/880/880 878/878/878 879/879/879
f 881/881/881 880/880/880 879/879/879
f 881/881/881 882/882/882 880/880/880
f 880/880/880 883/883/883 878/878/878
f 883/883/883 884/884/884 878/878/878
f 878/878/878 884/884/884 885/885/885
f 884/884/884 886/886/886 885/885/885
f 880/880/880 887/887/887 883/883/883
f 882/882/882 887/887/887 880/880/880
f 887/887/887 888/888/888 883/883/883
f 889/889/889 888/888/888 887/887/887
f 890/890/890 889/889/889 887/887/887
f 890/890/890 887/887/887 882/882/882
f 891/891/891 890/890/890 882/882/882
f 894/894/894 893/893/893 892/892/892
f 892/892/892 893/893/893 895/895/895
f 896/896/896 892/892/892 895/895/895
f 896/896/896 895/895/895 897/897/897
f 898/898/898 896/896/896 897/897/897
f 898/898/898 897/897/897 899/899/899
f 900/900/900 898/898/898 899/899/899
f 901/901/901 900/900/900 899/899/899
f 902/902/902 901/901/901 899/899/899
f 903/903/903 901/901/901 902/902/902
f 906/906/906 905/905/905 904/904/904
f 907/907/907 906/906/906 904/904/904
f 906/906/906 907/907/907 908/908/908
f 907/907/907 909/909/909 908/908/908
f 912/912/912 911/911/911 910/910/910
f 913/913/913 912/912/912 910/910/910
f 916/916/916 915/915/915 914/914/914
f 917/917/917 916/916/916 914/914/914
f 920/920/920 919/919/919 918/918/918
f 921/921/921 920/920/920 918/918/918
f 918/918/918 922/922/922 921/921/921
f 922/922/922 923/923/923 921/921/921
f 922/922/922 924/924/924 923/923/923
f 924/924/924 925/925/925 923/923/923
f 927/927/927 920/920/920 926/926/926
f 928/928/928 927/927/927 926/926/926
f 926/926/926 929/929/929 928/928/928
f 929/929/929 930/930/930 928/928/928
f 929/929/929 931/931/931 930/930/930
f 934/934/934 933/933/933 932/932/932
f 935/935/935 934/934/934 932/932/932
f 932/932/932 936/936/936 935/935/935
f 936/936/936 937/937/937 935/935/935
f 938/938/938 937/937/937 936/936/936
f 939/939/939 938/938/938 936/936/936
f 942/942/942 941/941/941 940/940/940
f 943/943/943 942/942/942 940/940/940
f 940/940/940 944/944/944 943/943/943
f 944/944/944 945/945/945 943/943/943
f 944/944/944 946/946/946 945/945/945
f 946/946/946 947/947/947 945/945/945
f 950/950/950 949/949/949 948/948/948
f 951/951/951 950/950/950 948/948/948
f 951/951/951 948/948/948 952/952/952
f 953/953/953 951/951/951 952/952/952
f 953/953/953 952/952/952 954/954/954
f 955/955/955 953/953/953 954/954/954
f 952/952/952 956/956/956 954/954/954
f 959/959/959 958/958/958 957/957/957
f 957/957/957 958/958/958 960/960/960
f 961/961/961 957/957/957 960/960/960
f 960/960/960 958/958/958 962/962/962
f 963/963/963 960/960/960 962/962/962
f 962/962/962 964/964/964 963/963/963
f 964/964/964 965/965/965 963/963/963
f 966/966/966 965/965/965 964/964/964
f 967/967/967 966/966/966 964/964/964
f 968/968/968 965/965/965 966/966/966
f 971/971/971 970/970/970 969/969/969
f 970/970/970 972/972/972 969/969/969
f 972/972/972 970/970/970 973/973/973
f 970/970/970 974/974/974 973/973/973
f 977/977/977 976/976/976 975/975/975
f 978/978/978 977/977/977 975/975/975
f 979/979/979 978/978/978 975/975/975
f 980/980/980 979/979/979 975/975/975
f 981/981/981 979/979/979 980/980/980
f 980/980/980 982/982/982 981/981/981
f 982/982/982 983/983/983 981/981/981
f 983/983/983 984/984/984 981/981/981
f 985/985/985 983/983/983 982/982/982
f 986/986/986 985/985/985 982/982/982
f 989/989/989 988/988/988 987/987/987
f 990/990/990 989/989/989 987/987/987
f 989/989/989 990/990/990 991/991/991
f 992/992/992 989/989/989 991/991/991
f 995/995/995 994/994/994 993/993/993
f 996/996/996 995/995/995 993/993/993
f 993/993/993 997/997/997 996/996/996
f 995/995/995 996/996/996 998/998/998
f 999/999/999 995/995/995 998/998/998
f 996/996/996 1000/1000/1000 998/998/998
f 997/997/997 1000/1000/1000 996/996/996
f 1000/1000/1000 1001/1001/1001 998/998/998
f 1001/1001/1001 1000/1000/1000 1002/1002/1002
f 1000/1000/1000 997/997/997 1003/1003/1003
f 1000/1000/1000 1003/1003/1003 1002/1002/1002
f 997/997/997 1004/1004/1004 1003/1003/1003
f 1002/1002/1002 1003/1003/1003 1005/1005/1005
f 1005/1005/1005 1003/1003/1003 1004/1004/1004
f 1008/1008/1008 1007/1007/1007 1006/1006/1006
f 1009/1009/1009 1008/1008/1008 1006/1006/1006
f 1012/1012/1012 1011/1011/1011 1010/1010/1010
f 1013/1013/1013 1012/1012/1012 1010/1010/1010
f 1016/1016/1016 1015/1015/1015 1014/1014/1014
f 1015/1015/1015 1017/1017/1017 1014/1014/1014
f 1014/1014/1014 1017/1017/1017 1018/1018/1018
f 1017/1017/1017 1019/1019/1019 1018/1018/1018
f 1018/1018/1018 1019/1019/1019 1020/1020/1020
f 1023/1023/1023 1022/1022/1022 1021/1021/1021
f 1024/1024/1024 1023/1023/1023 1021/1021/1021
f 1027/1027/1027 1026/1026/1026 1025/1025/1025
f 1026/1026/1026 1028/1028/1028 1025/1025/1025
f 1025/1025/1025 1028/1028/1028 1029/1029/1029
f 1028/1028/1028 1030/1030/1030 1029/1029/1029
f 1031/1031/1031 1029/1029/1029 1030/1030/1030
f 1032/1032/1032 1031/1031/1031 1030/1030/1030
f 1031/1031/1031 1032/1032/1032 1033/1033/1033
f 1036/1036/1036 1035/1035/1035 1034/1034/1034
f 1037/1037/1037 1036/1036/1036 1034/1034/1034
f 1038/1038/1038 1037/1037/1037 1034/1034/1034
f 1039/1039/1039 1038/1038/1038 1034/1034/1034
f 1040/1040/1040 1038/1038/1038 1039/1039/1039
f 1041/1041/1041 1040/1040/1040 1039/1039/1039
f 1040/1040/1040 1041/1041/1041 1042/1042/1042
f 1043/1043/1043 1040/1040/1040 1042/1042/1042
f 1043/1043/1043 1042/1042/1042 1044/1044/1044
f 1045/1045/1045 1043/1043/1043 1044/1044/1044
f 1046/1046/1046 1045/1045/1045 1044/1044/1044
f 1047/1047/1047 1046/1046/1046 1044/1044/1044
f 1050/1050/1050 1049/1049/1049 1048/1048/1048
f 1051/1051/1051 1050/1050/1050 1048/1048/1048
f 1052/1052/1052 1051/1051/1051 1048/1048/1048
f 1053/1053/1053 1051/1051/1051 1052/1052/1052
f 1054/1054/1054 1053/1053/1053 1052/1052/1052
f 1053/1053/1053 1054/1054/1054 1055/1055/1055
f 1056/1056/1056 1053/1053/1053 1055/1055/1055
f 1056/1056/1056 1055/1055/1055 1057/1057/1057
f 1058/1058/1058 1056/1056/1056 1057/1057/1057
f 1059/1059/1059 1058/1058/1058 1057/1057/1057
f 1062/1062/1062 1061/1061/1061 1060/1060/1060
f 1063/1063/1063 1060/1060/1060 1061/1061/1061
f 1064/1064/1064 1063/1063/1063 1061/1061/1061
f 1065/1065/1065 1063/1063/1063 1064/1064/1064
f 1066/1066/1066 1065/1065/1065 1064/1064/1064
f 1065/1065/1065 1066/1066/1066 1067/1067/1067
f 1068/1068/1068 1065/1065/1065 1067/1067/1067
f 1068/1068/1068 1067/1067/1067 1069/1069/1069
f 1070/1070/1070 1068/1068/1068 1069/1069/1069
f 1069/1069/1069 1071/1071/1071 1070/1070/1070
f 1074/1074/1074 1073/1073/1073 1072/1072/1072
f 1073/1073/1073 1075/1075/1075 1072/1072/1072
f 1075/1075/1075 1076/1076/1076 1072/1072/1072
f 1076/1076/1076 1077/1077/1077 1072/1072/1072
f 1077/1077/1077 1078/1078/1078 1072/1072/1072
f 1077/1077/1077 1079/1079/1079 1078/1078/1078
f 1079/1079/1079 1080/1080/1080 1078/1078/1078
f 1079/1079/1079 1081/1081/1081 1080/1080/1080
f 1081/1081/1081 1082/1082/1082 1080/1080/1080
f 1082/1082/1082 1081/1081/1081 1083/1083/1083
f 1081/1081/1081 1084/1084/1084 1083/1083/1083
f 1083/1083/1083 1084/1084/1084 1085/1085/1085
f 1086/1086/1086 1083/1083/1083 1085/1085/1085
f 1089/1089/1089 1088/1088/1088 1087/1087/1087
f 1088/1088/1088 1090/1090/1090 1087/1087/1087
f 1088/1088/1088 1091/1091/1091 1090/1090/1090
f 1092/1092/1092 1087/1087/1087 1090/1090/1090
f 1093/1093/1093 1090/1090/1090 1091/1091/1091
f 1094/1094/1094 1093/1093/1093 1091/1091/1091
f 1095/1095/1095 1092/1092/1092 1090/1090/1090
f 1095/1095/1095 1090/1090/1090 1093/1093/1093
f 1096/1096/1096 1093/1093/1093 1094/1094/1094
f 1095/1095/1095 1093/1093/1093 1096/1096/1096
f 1097/1097/1097 1096/1096/1096 1094/1094/1094
f 1098/1098/1098 1095/1095/1095 1096/1096/1096
f 1095/1095/1095 1098/1098/1098 1099/1099/1099
f 1092/1092/1092 1095/1095/1095 1100/1100/1100
f 1100/1100/1100 1095/1095/1095 1099/1099/1099
f 1101/1101/1101 1092/1092/1092 1100/1100/1100
f 1100/1100/1100 1099/1099/1099 1102/1102/1102
f 1101/1101/1101 1100/1100/1100 1103/1103/1103
f 1103/1103/1103 1100/1100/1100 1102/1102/1102
f 1104/1104/1104 1101/1101/1101 1103/1103/1103
f 1103/1103/1103 1102/1102/1102 1105/1105/1105
f 1104/1104/1104 1103/1103/1103 1106/1106/1106
f 1106/1106/1106 1103/1103/1103 1105/1105/1105
f 1107/1107/1107 1104/1104/1104 1106/1106/1106
f 1105/1105/1105 1108/1108/1108 1106/1106/1106
f 1109/1109/1109 1107/1107/1107 1106/1106/1106
f 1108/1108/1108 1109/1109/1109 1106/1106/1106
f 1112/1112/1112 1111/1111/1111 1110/1110/1110
f 1113/1113/1113 1112/1112/1112 1110/1110/1110
f 1110/1110/1110 1114/1114/1114 1113/1113/1113
f 1112/1112/1112 1113/1113/1113 1115/1115/1115
f 1114/1114/1114 1116/1116/1116 1113/1113/1113
f 1113/1113/1113 1117/1117/1117 1115/1115/1115
f 1117/1117/1117 1113/1113/1113 1116/1116/1116
f 1115/1115/1115 1117/1117/1117 1118/1118/1118
f 1119/1119/1119 1117/1117/1117 1116/1116/1116
f 1117/1117/1117 1120/1120/1120 1118/1118/1118
f 1117/1117/1117 1119/1119/1119 1120/1120/1120
f 1121/1121/1121 1118/1118/1118 1120/1120/1120
f 1119/1119/1119 1122/1122/1122 1120/1120/1120
f 1122/1122/1122 1121/1121/1121 1120/1120/1120
f 1125/1125/1125 1124/1124/1124 1123/1123/1123
f 1124/1124/1124 1126/1126/1126 1123/1123/1123
f 1123/1123/1123 1126/1126/1126 1127/1127/1127
f 1124/1124/1124 1128/1128/1128 1126/1126/1126
f 1127/1127/1127 1126/1126/1126 1129/1129/1129
f 1128/1128/1128 1130/1130/1130 1126/1126/1126
f 1126/1126/1126 1130/1130/1130 1129/1129/1129
f 1130/1130/1130 1128/1128/1128 1131/1131/1131
f 1129/1129/1129 1130/1130/1130 1131/1131/1131
f 1132/1132/1132 1129/1129/1129 1131/1131/1131
f 1128/1128/1128 1133/1133/1133 1131/1131/1131
f 1132/1132/1132 1131/1131/1131 1134/1134/1134
f 1131/1131/1131 1133/1133/1133 1134/1134/1134
f 1133/1133/1133 1135/1135/1135 1134/1134/1134
f 1138/1138/1138 1137/1137/1137 1136/1136/1136
f 1137/1137/1137 1139/1139/1139 1136/1136/1136
f 1137/1137/1137 1140/1140/1140 1139/1139/1139
f 1140/1140/1140 1141/1141/1141 1139/1139/1139
f 1141/1141/1141 1140/1140/1140 1142/1142/1142
f 1140/1140/1140 1143/1143/1143 1142/1142/1142
f 1142/1142/1142 1143/1143/1143 1144/1144/1144
f 1143/1143/1143 1145/1145/1145 1144/1144/1144
f 1148/1148/1148 1147/1147/1147 1146/1146/1146
f 1146/1146/1146 1147/1147/1147 1149/1149/1149
f 1147/1147/1147 1150/1150/1150 1149/1149/1149
f 1149/1149/1149 1150/1150/1150 1151/1151/1151
f 1150/1150/1150 1152/1152/1152 1151/1151/1151
f 1151/1151/1151 1152/1152/1152 1153/1153/1153
f 1156/1156/1156 1155/1155/1155 1154/1154/1154
f 1154/1154/1154 1157/1157/1157 1156/1156/1156
f 1157/1157/1157 1158/1158/1158 1156/1156/1156
f 1157/1157/1157 1159/1159/1159 1158/1158/1158
f 1159/1159/1159 1160/1160/1160 1158/1158/1158
f 1159/1159/1159 1161/1161/1161 1160/1160/1160
f 1161/1161/1161 1162/1162/1162 1160/1160/1160
f 1161/1161/1161 1163/1163/1163 1162/1162/1162
f 1163/1163/1163 1164/1164/1164 1162/1162/1162
f 1164/1164/1164 1163/1163/1163 1165/1165/1165
f 1168/1168/1168 1167/1167/1167 1166/1166/1166
f 1167/1167/1167 1168/1168/1168 1169/1169/1169
f 1170/1170/1170 1167/1167/1167 1169/1169/1169
f 1170/1170/1170 1169/1169/1169 1171/1171/1171
f 1172/1172/1172 1170/1170/1170 1171/1171/1171
f 1172/1172/1172 1171/1171/1171 1173/1173/1173
f 1174/1174/1174 1172/1172/1172 1173/1173/1173
f 1174/1174/1174 1173/1173/1173 1175/1175/1175
f 1176/1176/1176 1174/1174/1174 1175/1175/1175
f 1177/1177/1177 1176/1176/1176 1175/1175/1175
f 1180/1180/1180 1179/1179/1179 1178/1178/1178
f 1179/1179/1179 1181/1181/1181 1178/1178/1178
f 1179/1179/1179 1182/1182/1182 1181/1181/1181
f 1182/1182/1182 1183/1183/1183 1181/1181/1181
f 1182/1182/1182 1184/1184/1184 1183/1183/1183
f 1184/1184/1184 1185/1185/1185 1183/1183/1183
f 1184/1184/1184 1186/1186/1186 1185/1185/1185
f 1186/1186/1186 1187/1187/1187 1185/1185/1185
f 1190/1190/1190 1189/1189/1189 1188/1188/1188
f 1189/1189/1189 1191/1191/1191 1188/1188/1188
f 1189/1189/1189 1192/1192/1192 1191/1191/1191
f 1192/1192/1192 1193/1193/1193 1191/1191/1191
f 1192/1192/1192 1194/1194/1194 1193/1193/1193
f 1194/1194/1194 1195/1195/1195 1193/1193/1193
f 1194/1194/1194 1196/1196/1196 1195/1195/1195
f 1196/1196/1196 1197/1197/1197 1195/1195/1195
f 1200/1200/1200 1199/1199/1199 1198/1198/1198
f 1198/1198/1198 1199/1199/1199 1201/1201/1201
f 1199/1199/1199 1202/1202/1202 1201/1201/1201
f 1201/1201/1201 1202/1202/1202 1203/1203/1203
f 1202/1202/1202 1204/1204/1204 1203/1203/1203
f 1203/1203/1203 1204/1204/1204 1205/1205/1205
f 1208/1208/1208 1207/1207/1207 1206/1206/1206
f 1209/1209/1209 1208/1208/1208 1206/1206/1206
f 1210/1210/1210 1208/1208/1208 1209/1209/1209
f 1211/1211/1211 1210/1210/1210 1209/1209/1209
f 1212/1212/1212 1211/1211/1211 1209/1209/1209
f 1212/1212/1212 1213/1213/1213 1211/1211/1211
f 1210/1210/1210 1211/1211/1211 1214/1214/1214
f 1213/1213/1213 1214/1214/1214 1211/1211/1211
f 1215/1215/1215 1210/1210/1210 1214/1214/1214
f 1216/1216/1216 1214/1214/1214 1213/1213/1213
f 1215/1215/1215 1214/1214/1214 1216/1216/1216
f 1217/1217/1217 1215/1215/1215 1216/1216/1216
f 1220/1220/1220 1219/1219/1219 1218/1218/1218
f 1219/1219/1219 1221/1221/1221 1218/1218/1218
f 1222/1222/1222 1218/1218/1218 1221/1221/1221
f 1222/1222/1222 1223/1223/1223 1218/1218/1218
f 1224/1224/1224 1222/1222/1222 1221/1221/1221
f 1222/1222/1222 1225/1225/1225 1223/1223/1223
f 1225/1225/1225 1222/1222/1222 1224/1224/1224
f 1226/1226/1226 1225/1225/1225 1224/1224/1224
f 1225/1225/1225 1226/1226/1226 1227/1227/1227
f 1228/1228/1228 1225/1225/1225 1227/1227/1227
f 1228/1228/1228 1227/1227/1227 1229/1229/1229
f 1230/1230/1230 1228/1228/1228 1229/1229/1229
f 1233/1233/1233 1232/1232/1232 1231/1231/1231
f 1234/1234/1234 1233/1233/1233 1231/1231/1231
f 1237/1237/1237 1236/1236/1236 1235/1235/1235
f 1236/1236/1236 1238/1238/1238 1235/1235/1235
f 1235/1235/1235 1238/1238/1238 1239/1239/1239
f 1236/1236/1236 1240/1240/1240 1238/1238/1238
f 1238/1238/1238 1241/1241/1241 1239/1239/1239
f 1240/1240/1240 1242/1242/1242 1238/1238/1238
f 1238/1238/1238 1242/1242/1242 1241/1241/1241
f 1245/1245/1245 1244/1244/1244 1243/1243/1243
f 1246/1246/1246 1245/1245/1245 1243/1243/1243
f 1246/1246/1246 1243/1243/1243 1247/1247/1247
f 1248/1248/1248 1245/1245/1245 1246/1246/1246
f 1249/1249/1249 1246/1246/1246 1247/1247/1247
f 1247/1247/1247 1250/1250/1250 1249/1249/1249
f 1251/1251/1251 1248/1248/1248 1246/1246/1246
f 1251/1251/1251 1246/1246/1246 1249/1249/1249
f 1252/1252/1252 1248/1248/1248 1251/1251/1251
f 1253/1253/1253 1251/1251/1251 1249/1249/1249
f 1250/1250/1250 1253/1253/1253 1249/1249/1249
f 1253/1253/1253 1250/1250/1250 1254/1254/1254
f 1250/1250/1250 1255/1255/1255 1254/1254/1254
f 1258/1258/1258 1257/1257/1257 1256/1256/1256
f 1257/1257/1257 1259/1259/1259 1256/1256/1256
f 1256/1256/1256 1259/1259/1259 1260/1260/1260
f 1259/1259/1259 1261/1261/1261 1260/1260/1260
f 1260/1260/1260 1261/1261/1261 1262/1262/1262
f 1261/1261/1261 1263/1263/1263 1262/1262/1262
f 1262/1262/1262 1263/1263/1263 1264/1264/1264
f 1263/1263/1263 1265/1265/1265 1264/1264/1264
f 1264/1264/1264 1265/1265/1265 1266/1266/1266
f 1269/1269/1269 1268/1268/1268 1267/1267/1267
f 1268/1268/1268 1270/1270/1270 1267/1267/1267
f 1267/1267/1267 1270/1270/1270 1271/1271/1271
f 1270/1270/1270 1272/1272/1272 1271/1271/1271
f 1271/1271/1271 1272/1272/1272 1273/1273/1273
f 1272/1272/1272 1274/1274/1274 1273/1273/1273
f 1273/1273/1273 1274/1274/1274 1275/1275/1275
f 1274/1274/1274 1276/1276/1276 1275/1275/1275
f 1277/1277/1277 1275/1275/1275 1276/1276/1276
f 1280/1280/1280 1279/1279/1279 1278/1278/1278
f 1280/1280/1280 1278/1278/1278 1281/1281/1281
f 1282/1282/1282 1280/1280/1280 1281/1281/1281
f 1282/1282/1282 1281/1281/1281 1283/1283/1283
f 1284/1284/1284 1282/1282/1282 1283/1283/1283
f 1284/1284/1284 1283/1283/1283 1285/1285/1285
f 1283/1283/1283 1286/1286/1286 1285/1285/1285
f 1286/1286/1286 1287/1287/1287 1285/1285/1285
f 1290/1290/1290 1289/1289/1289 1288/1288/1288
f 1289/1289/1289 1291/1291/1291 1288/1288/1288
f 1291/1291/1291 1289/1289/1289 1292/1292/1292
f 1295/1295/1295 1294/1294/1294 1293/1293/1293
f 1296/1296/1296 1295/1295/1295 1293/1293/1293
f 1297/1297/1297 1295/1295/1295 1296/1296/1296
f 1298/1298/1298 1297/1297/1297 1296/1296/1296
f 1297/1297/1297 1298/1298/1298 1299/1299/1299
f 1300/1300/1300 1299/1299/1299 1298/1298/1298
f 1301/1301/1301 1297/1297/1297 1299/1299/1299
f 1302/1302/1302 1299/1299/1299 1300/1300/1300
f 1301/1301/1301 1299/1299/1299 1302/1302/1302
f 1303/1303/1303 1301/1301/1301 1302/1302/1302
f 1306/1306/1306 1305/1305/1305 1304/1304/1304
f 1305/1305/1305 1307/1307/1307 1304/1304/1304
f 1305/1305/1305 1308/1308/1308 1307/1307/1307
f 1308/1308/1308 1309/1309/1309 1307/1307/1307
f 1308/1308/1308 1305/1305/1305 1310/1310/1310
f 1309/1309/1309 1308/1308/1308 1311/1311/1311
f 1308/1308/1308 1310/1310/1310 1312/1312/1312
f 1308/1308/1308 1313/1313/1313 1311/1311/1311
f 1313/1313/1313 1308/1308/1308 1312/1312/1312
f 1311/1311/1311 1313/1313/1313 1314/1314/1314
f 1313/1313/1313 1312/1312/1312 1315/1315/1315
f 1313/1313/1313 1315/1315/1315 1314/1314/1314
f 1318/1318/1318 1317/1317/1317 1316/1316/1316
f 1319/1319/1319 1316/1316/1316 1317/1317/1317
f 1320/1320/1320 1319/1319/1319 1317/1317/1317
f 1321/1321/1321 1319/1319/1319 1320/1320/1320
f 1322/1322/1322 1321/1321/1321 1320/1320/1320
f 1323/1323/1323 1321/1321/1321 1322/1322/1322
f 1324/1324/1324 1323/1323/1323 1322/1322/1322
f 1325/1325/1325 1323/1323/1323 1324/1324/1324
f 1326/1326/1326 1325/1325/1325 1324/1324/1324
f 1325/1325/1325 1326/1326/1326 1327/1327/1327
f 1330/1330/1330 1329/1329/1329 1328/1328/1328
f 1329/1329/1329 1330/1330/1330 1331/1331/1331
f 1330/1330/1330 1332/1332/1332 1331/1331/1331
f 1333/1333/1333 1329/1329/1329 1331/1331/1331
f 1331/1331/1331 1332/1332/1332 1334/1334/1334
f 1333/1333/1333 1331/1331/1331 1334/1334/1334
f 1332/1332/1332 1335/1335/1335 1334/1334/1334
f 1336/1336/1336 1333/1333/1333 1334/1334/1334
f 1334/1334/1334 1335/1335/1335 1337/1337/1337
f 1336/1336/1336 1334/1334/1334 1337/1337/1337
f 1338/1338/1338 1336/1336/1336 1337/1337/1337
f 1335/1335/1335 1339/1339/1339 1337/1337/1337
f 1338/1338/1338 1337/1337/1337 1340/1340/1340
f 1337/1337/1337 1339/1339/1339 1340/1340/1340
f 1339/1339/1339 1341/1341/1341 1340/1340/1340
f 1341/1341/1341 1342/1342/1342 1340/1340/1340
f 1345/1345/1345 1344/1344/1344 1343/1343/1343
f 1344/1344/1344 1346/1346/1346 1343/1343/1343
f 1343/1343/1343 1346/1346/1346 1347/1347/1347
f 1348/1348/1348 1343/1343/1343 1347/1347/1347
f 1351/1351/1351 1350/1350/1350 1349/1349/1349
f 1352/1352/1352 1351/1351/1351 1349/1349/1349
f 1349/1349/1349 1353/1353/1353 1352/1352/1352
f 1353/1353/1353 1354/1354/1354 1352/1352/1352
f 1352/1352/1352 1354/1354/1354 1355/1355/1355
f 1351/1351/1351 1352/1352/1352 1355/1355/1355
f 1356/1356/1356 1351/1351/1351 1355/1355/1355
f 1354/1354/1354 1357/1357/1357 1355/1355/1355
f 1358/1358/1358 1354/1354/1354 1353/1353/1353
f 1359/1359/1359 1358/1358/1358 1353/1353/1353
f 1360/1360/1360 1358/1358/1358 1359/1359/1359
f 1358/1358/1358 1361/1361/1361 1354/1354/1354
f 1361/1361/1361 1362/1362/1362 1354/1354/1354
f 1362/1362/1362 1363/1363/1363 1354/1354/1354
f 1363/1363/1363 1364/1364/1364 1354/1354/1354
f 1354/1354/1354 1364/1364/1364 1357/1357/1357
f 1364/1364/1364 1365/1365/1365 1357/1357/1357
f 1364/1364/1364 1366/1366/1366 1365/1365/1365
f 1369/1369/1369 1368/1368/1368 1367/1367/1367
f 1368/1368/1368 1370/1370/1370 1367/1367/1367
f 1367/1367/1367 1370/1370/1370 1371/1371/1371
f 1372/1372/1372 1367/1367/1367 1371/1371/1371
f 1372/1372/1372 1371/1371/1371 1373/1373/1373
f 1374/1374/1374 1372/1372/1372 1373/1373/1373
f 1374/1374/1374 1373/1373/1373 1375/1375/1375
f 1373/1373/1373 1376/1376/1376 1375/1375/1375
f 1376/1376/1376 1373/1373/1373 1377/1377/1377
f 1373/1373/1373 1378/1378/1378 1377/1377/1377
f 1379/1379/1379 1378/1378/1378 1373/1373/1373
f 1371/1371/1371 1379/1379/1379 1373/1373/1373
f 1380/1380/1380 1379/1379/1379 1371/1371/1371
f 1370/1370/1370 1380/1380/1380 1371/1371/1371
f 1370/1370/1370 1368/1368/1368 1380/1380/1380
f 1368/1368/1368 1381/1381/1381 1380/1380/1380
f 1384/1384/1384 1383/1383/1383 1382/1382/1382
f 1385/1385/1385 1384/1384/1384 1382/1382/1382
f 1386/1386/1386 1385/1385/1385 1382/1382/1382
f 1387/1387/1387 1386/1386/1386 1382/1382/1382
f 1386/1386/1386 1387/1387/1387 1388/1388/1388
f 1387/1387/1387 1389/1389/1389 1388/1388/1388
f 1392/1392/1392 1391/1391/1391 1390/1390/1390
f 1391/1391/1391 1393/1393/1393 1390/1390/1390
f 1390/1390/1390 1393/1393/1393 1394/1394/1394
f 1393/1393/1393 1395/1395/1395 1394/1394/1394
f 1394/1394/1394 1395/1395/1395 1396/1396/1396
f 1395/1395/1395 1397/1397/1397 1396/1396/1396
f 1396/1396/1396 1397/1397/1397 1398/1398/1398
f 1401/1401/1401 1400/1400/1400 1399/1399/1399
f 1400/1400/1400 1402/1402/1402 1399/1399/1399
f 1403/1403/1403 1399/1399/1399 1402/1402/1402
f 1404/1404/1404 1403/1403/1403 1402/1402/1402
f 1403/1403/1403 1404/1404/1404 1405/1405/1405
f 1406/1406/1406 1403/1403/1403 1405/1405/1405
f 1405/1405/1405 1407/1407/1407 1406/1406/1406
f 1407/1407/1407 1408/1408/1408 1406/1406/1406
f 1411/1411/1411 1410/1410/1410 1409/1409/1409
f 1412/1412/1412 1411/1411/1411 1409/1409/1409
f 1412/1412/1412 1409/1409/1409 1413/1413/1413
f 1409/1409/1409 1414/1414/1414 1413/1413/1413
f 1417/1417/1417 1416/1416/1416 1415/1415/1415
f 1418/1418/1418 1417/1417/1417 1415/1415/1415
f 1418/1418/1418 1415/1415/1415 1419/1419/1419
f 1420/1420/1420 1417/1417/1417 1418/1418/1418
f 1421/1421/1421 1418/1418/1418 1419/1419/1419
f 1422/1422/1422 1420/1420/1420 1418/1418/1418
f 1418/1418/1418 1421/1421/1421 1423/1423/1423
f 1422/1422/1422 1418/1418/1418 1423/1423/1423
f 1426/1426/1426 1425/1425/1425 1424/1424/1424
f 1425/1425/1425 1427/1427/1427 1424/1424/1424
f 1428/1428/1428 1424/1424/1424 1427/1427/1427
f 1429/1429/1429 1428/1428/1428 1427/1427/1427
f 1428/1428/1428 1429/1429/1429 1430/1430/1430
f 1431/1431/1431 1428/1428/1428 1430/1430/1430
f 1434/1434/1434 1433/1433/1433 1432/1432/1432
f 1433/1433/1433 1435/1435/1435 1432/1432/1432
f 1432/1432/1432 1435/1435/1435 1436/1436/1436
f 1437/1437/1437 1432/1432/1432 1436/1436/1436
f 1437/1437/1437 1436/1436/1436 1438/1438/1438
f 1439/1439/1439 1437/1437/1437 1438/1438/1438
f 1439/1439/1439 1438/1438/1438 1440/1440/1440
f 1443/1443/1443 1442/1442/1442 1441/1441/1441
f 1442/1442/1442 1444/1444/1444 1441/1441/1441
f 1444/1444/1444 1445/1445/1445 1441/1441/1441
f 1448/1448/1448 1447/1447/1447 1446/1446/1446
f 1449/1449/1449 1448/1448/1448 1446/1446/1446
f 1450/1450/1450 1449/1449/1449 1446/1446/1446
f 1453/1453/1453 1452/1452/1452 1451/1451/1451
f 1454/1454/1454 1453/1453/1453 1451/1451/1451
f 1457/1457/1457 1456/1456/1456 1455/1455/1455
f 1456/1456/1456 1458/1458/1458 1455/1455/1455
f 1455/1455/1455 1458/1458/1458 1459/1459/1459
f 1458/1458/1458 1460/1460/1460 1459/1459/1459
f 1463/1463/1463 1462/1462/1462 1461/1461/1461
f 1464/1464/1464 1463/1463/1463 1461/1461/1461
f 1465/1465/1465 1463/1463/1463 1464/1464/1464
f 1466/1466/1466 1465/1465/1465 1464/1464/1464
f 1469/1469/1469 1468/1468/1468 1467/1467/1467
f 1470/1470/1470 1469/1469/1469 1467/1467/1467
f 1473/1473/1473 1472/1472/1472 1471/1471/1471
f 1471/1471/1471 1472/1472/1472 1474/1474/1474
f 1472/1472/1472 1475/1475/1475 1474/1474/1474
f 1474/1474/1474 1475/1475/1475 1476/1476/1476
f 1479/1479/1479 1478/1478/1478 1477/1477/1477
f 1480/1480/1480 1479/1479/1479 1477/1477/1477
f 1481/1481/1481 1479/1479/1479 1480/1480/1480
f 1482/1482/1482 1480/1480/1480 1477/1477/1477
f 1483/1483/1483 1482/1482/1482 1477/1477/1477
f 1484/1484/1484 1481/1481/1481 1480/1480/1480
f 1485/1485/1485 1481/1481/1481 1484/1484/1484
f 1482/1482/1482 1486/1486/1486 1480/1480/1480
f 1486/1486/1486 1484/1484/1484 1480/1480/1480
f 1487/1487/1487 1482/1482/1482 1483/1483/1483
f 1488/1488/1488 1487/1487/1487 1483/1483/1483
f 1488/1488/1488 1489/1489/1489 1487/1487/1487
f 1489/1489/1489 1490/1490/1490 1487/1487/1487
f 1490/1490/1490 1491/1491/1491 1487/1487/1487
f 1487/1487/1487 1492/1492/1492 1482/1482/1482
f 1491/1491/1491 1492/1492/1492 1487/1487/1487
f 1492/1492/1492 1486/1486/1486 1482/1482/1482
f 1491/1491/1491 1493/1493/1493 1492/1492/1492
f 1493/1493/1493 1494/1494/1494 1492/1492/1492
f 1492/1492/1492 1494/1494/1494 1486/1486/1486
f 1493/1493/1493 1495/1495/1495 1494/1494/1494
f 1494/1494/1494 1496/1496/1496 1486/1486/1486
f 1495/1495/1495 1496/1496/1496 1494/1494/1494
f 1486/1486/1486 1496/1496/1496 1484/1484/1484
f 1496/1496/1496 1495/1495/1495 1497/1497/1497
f 1496/1496/1496 1498/1498/1498 1484/1484/1484
f 1498/1498/1498 1496/1496/1496 1497/1497/1497
f 1498/1498/1498 1485/1485/1485 1484/1484/1484
f 1485/1485/1485 1498/1498/1498 1497/1497/1497
f 1499/1499/1499 1485/1485/1485 1497/1497/1497
f 1502/1502/1502 1501/1501/1501 1500/1500/1500
f 1503/1503/1503 1502/1502/1502 1500/1500/1500
f 1503/1503/1503 1500/1500/1500 1504/1504/1504
f 1505/1505/1505 1503/1503/1503 1504/1504/1504
f 1505/1505/1505 1504/1504/1504 1506/1506/1506
f 1507/1507/1507 1505/1505/1505 1506/1506/1506
f 1507/1507/1507 1506/1506/1506 1508/1508/1508
f 1509/1509/1509 1507/1507/1507 1508/1508/1508
f 1512/1512/1512 1511/1511/1511 1510/1510/1510
f 1511/1511/1511 1513/1513/1513 1510/1510/1510
f 1510/1510/1510 1513/1513/1513 1514/1514/1514
f 1513/1513/1513 1515/1515/1515 1514/1514/1514
f 1514/1514/1514 1515/1515/1515 1516/1516/1516
f 1515/1515/1515 1517/1517/1517 1516/1516/1516
f 1520/1520/1520 1519/1519/1519 1518/1518/1518
f 1521/1521/1521 1520/1520/1520 1518/1518/1518
f 1524/1524/1524 1523/1523/1523 1522/1522/1522
f 1523/1523/1523 1525/1525/1525 1522/1522/1522
f 1522/1522/1522 1525/1525/1525 1526/1526/1526
f 1525/1525/1525 1527/1527/1527 1526/1526/1526
f 1526/1526/1526 1527/1527/1527 1528/1528/1528
f 1527/1527/1527 1529/1529/1529 1528/1528/1528
f 1528/1528/1528 1529/1529/1529 1530/1530/1530
f 1529/1529/1529 1531/1531/1531 1530/1530/1530
f 1530/1530/1530 1531/1531/1531 1532/1532/1532
f 1531/1531/1531 1533/1533/1533 1532/1532/1532
f 1532/1532/1532 1533/1533/1533 1534/1534/1534
f 1533/1533/1533 1535/1535/1535 1534/1534/1534
f 1538/1538/1538 1537/1537/1537 1536/1536/1536
f 1539/1539/1539 1538/1538/1538 1536/1536/1536
f 1542/1542/1542 1541/1541/1541 1540/1540/1540
f 1543/1543/1543 1542/1542/1542 1540/1540/1540
f 1546/1546/1546 1545/1545/1545 1544/1544/1544
f 1547/1547/1547 1546/1546/1546 1544/1544/1544
f 1548/1548/1548 1546/1546/1546 1547/1547/1547
f 1549/1549/1549 1548/1548/1548 1547/1547/1547
f 1550/1550/1550 1548/1548/1548 1549/1549/1549
f 1551/1551/1551 1550/1550/1550 1549/1549/1549
f 1552/1552/1552 1550/1550/1550 1551/1551/1551
f 1553/1553/1553 1552/1552/1552 1551/1551/1551
f 1554/1554/1554 1552/1552/1552 1553/1553/1553
f 1555/1555/1555 1554/1554/1554 1553/1553/1553
f 1558/1558/1558 1557/1557/1557 1556/1556/1556
f 1559/1559/1559 1558/1558/1558 1556/1556/1556
f 1560/1560/1560 1558/1558/1558 1559/1559/1559
f 1561/1561/1561 1560/1560/1560 1559/1559/1559
f 1564/1564/1564 1563/1563/1563 1562/1562/1562
f 1565/1565/1565 1564/1564/1564 1562/1562/1562
f 1568/1568/1568 1567/1567/1567 1566/1566/1566
f 1566/1566/1566 1567/1567/1567 1569/1569/1569
f 1567/1567/1567 1570/1570/1570 1569/1569/1569
f 1569/1569/1569 1570/1570/1570 1571/1571/1571
f 1570/1570/1570 1572/1572/1572 1571/1571/1571
f 1571/1571/1571 1572/1572/1572 1573/1573/1573
f 1574/1574/1574 1571/1571/1571 1573/1573/1573
f 1575/1575/1575 1574/1574/1574 1573/1573/1573
f 1576/1576/1576 1575/1575/1575 1573/1573/1573
f 1577/1577/1577 1575/1575/1575 1576/1576/1576
f 1578/1578/1578 1577/1577/1577 1576/1576/1576
f 1579/1579/1579 1577/1577/1577 1578/1578/1578
f 1580/1580/1580 1579/1579/1579 1578/1578/1578
f 1581/1581/1581 1579/1579/1579 1580/1580/1580
f 1584/1584/1584 1583/1583/1583 1582/1582/1582
f 1585/1585/1585 1584/1584/1584 1582/1582/1582
f 1585/1585/1585 1582/1582/1582 1586/1586/1586
f 1587/1587/1587 1585/1585/1585 1586/1586/1586
f 1590/1590/1590 1589/1589/1589 1588/1588/1588
f 1591/1591/1591 1590/1590/1590 1588/1588/1588
f 1591/1591/1591 1588/1588/1588 1592/1592/1592
f 1593/1593/1593 1591/1591/1591 1592/1592/1592
f 1596/1596/1596 1595/1595/1595 1594/1594/1594
f 1597/1597/1597 1596/1596/1596 1594/1594/1594
f 1600/1600/1600 1599/1599/1599 1598/1598/1598
f 1601/1601/1601 1600/1600/1600 1598/1598/1598
f 1600/1600/1600 1601/1601/1601 1602/1602/1602
f 1603/1603/1603 1600/1600/1600 1602/1602/1602
f 1606/1606/1606 1605/1605/1605 1604/1604/1604
f 1607/1607/1607 1606/1606/1606 1604/1604/1604
f 1606/1606/1606 1607/1607/1607 1608/1608/1608
f 1609/1609/1609 1606/1606/1606 1608/1608/1608
f 1612/1612/1612 1611/1611/1611 1610/1610/1610
f 1613/1613/1613 1612/1612/1612 1610/1610/1610
f 1616/1616/1616 1615/1615/1615 1614/1614/1614
f 1615/1615/1615 1617/1617/1617 1614/1614/1614
f 1618/1618/1618 1614/1614/1614 1617/1617/1617
f 1619/1619/1619 1618/1618/1618 1617/1617/1617
f 1622/1622/1622 1621/1621/1621 1620/1620/1620
f 1623/1623/1623 1622/1622/1622 1620/1620/1620
f 1626/1626/1626 1625/1625/1625 1624/1624/1624
f 1627/1627/1627 1626/1626/1626 1624/1624/1624
f 1627/1627/1627 1624/1624/1624 1628/1628/1628
f 1629/1629/1629 1627/1627/1627 1628/1628/1628
f 1629/1629/1629 1628/1628/1628 1630/1630/1630
f 1631/1631/1631 1629/1629/1629 1630/1630/1630
f 1634/1634/1634 1633/1633/1633 1632/1632/1632
f 1633/1633/1633 1635/1635/1635 1632/1632/1632
f 1633/1633/1633 1636/1636/1636 1635/1635/1635
f 1636/1636/1636 1637/1637/1637 1635/1635/1635
f 1640/1640/1640 1639/1639/1639 1638/1638/1638
f 1639/1639/1639 1641/1641/1641 1638/1638/1638
f 1639/1639/1639 1642/1642/1642 1641/1641/1641
f 1642/1642/1642 1643/1643/1643 1641/1641/1641
f 1642/1642/1642 1644/1644/1644 1643/1643/1643
f 1644/1644/1644 1645/1645/1645 1643/1643/1643
f 1648/1648/1648 1647/1647/1647 1646/1646/1646
f 1647/1647/1647 1649/1649/1649 1646/1646/1646
f 1647/1647/1647 1650/1650/1650 1649/1649/1649
f 1650/1650/1650 1651/1651/1651 1649/1649/1649
f 1654/1654/1654 1653/1653/1653 1652/1652/1652
f 1655/1655/1655 1653/1653/1653 1654/1654/1654
f 1656/1656/1656 1655/1655/1655 1654/1654/1654
f 1657/1657/1657 1655/1655/1655 1656/1656/1656
f 1658/1658/1658 1657/1657/1657 1656/1656/1656
f 1661/1661/1661 1660/1660/1660 1659/1659/1659
f 1662/1662/1662 1661/1661/1661 1659/1659/1659
f 1662/1662/1662 1659/1659/1659 1663/1663/1663
f 1664/1664/1664 1662/1662/1662 1663/1663/1663
f 1662/1662/1662 1665/1665/1665 1661/1661/1661
f 1665/1665/1665 1666/1666/1666 1661/1661/1661
f 1669/1669/1669 1668/1668/1668 1667/1667/1667
f 1670/1670/1670 1669/1669/1669 1667/1667/1667
f 1670/1670/1670 1667/1667/1667 1671/1671/1671
f 1672/1672/1672 1669/1669/1669 1670/1670/1670
f 1669/1669/1669 1672/1672/1672 1673/1673/1673
f 1672/1672/1672 1674/1674/1674 1673/1673/1673
f 1675/1675/1675 1672/1672/1672 1670/1670/1670
f 1676/1676/1676 1670/1670/1670 1671/1671/1671
f 1675/1675/1675 1670/1670/1670 1676/1676/1676
f 1677/1677/1677 1675/1675/1675 1676/1676/1676
f 1676/1676/1676 1671/1671/1671 1678/1678/1678
f 1677/1677/1677 1676/1676/1676 1679/1679/1679
f 1679/1679/1679 1676/1676/1676 1678/1678/1678
f 1680/1680/1680 1677/1677/1677 1679/1679/1679
f 1681/1681/1681 1680/1680/1680 1679/1679/1679
f 1682/1682/1682 1681/1681/1681 1679/1679/1679
f 1682/1682/1682 1679/1679/1679 1678/1678/1678
f 1683/1683/1683 1682/1682/1682 1678/1678/1678
f 1686/1686/1686 1685/1685/1685 1684/1684/1684
f 1685/1685/1685 1687/1687/1687 1684/1684/1684
f 1684/1684/1684 1687/1687/1687 1688/1688/1688
f 1685/1685/1685 1689/1689/1689 1687/1687/1687
f 1687/1687/1687 1690/1690/1690 1688/1688/1688
f 1689/1689/1689 1691/1691/1691 1687/1687/1687
f 1687/1687/1687 1691/1691/1691 1690/1690/1690
f 1689/1689/1689 1692/1692/1692 1691/1691/1691
f 1691/1691/1691 1693/1693/1693 1690/1690/1690
f 1692/1692/1692 1694/1694/1694 1691/1691/1691
f 1691/1691/1691 1694/1694/1694 1693/1693/1693
f 1694/1694/1694 1695/1695/1695 1693/1693/1693
f 1698/1698/1698 1697/1697/1697 1696/1696/1696
f 1697/1697/1697 1699/1699/1699 1696/1696/1696
f 1697/1697/1697 1700/1700/1700 1699/1699/1699
f 1696/1696/1696 1699/1699/1699 1701/1701/1701
f 1700/1700/1700 1702/1702/1702 1699/1699/1699
f 1699/1699/1699 1703/1703/1703 1701/1701/1701
f 1699/1699/1699 1702/1702/1702 1703/1703/1703
f 1701/1701/1701 1703/1703/1703 1704/1704/1704
f 1702/1702/1702 1705/1705/1705 1703/1703/1703
f 1703/1703/1703 1706/1706/1706 1704/1704/1704
f 1703/1703/1703 1705/1705/1705 1706/1706/1706
f 1705/1705/1705 1707/1707/1707 1706/1706/1706
f 1710/1710/1710 1709/1709/1709 1708/1708/1708
f 1711/1711/1711 1710/1710/1710 1708/1708/1708
f 1711/1711/1711 1712/1712/1712 1710/1710/1710
f 1712/1712/1712 1713/1713/1713 1710/1710/1710
f 1712/1712/1712 1714/1714/1714 1713/1713/1713
f 1717/1717/1717 1716/1716/1716 1715/1715/1715
f 1717/1717/1717 1715/1715/1715 1718/1718/1718
f 1719/1719/1719 1717/1717/1717 1718/1718/1718
f 1719/1719/1719 1718/1718/1718 1720/1720/1720
f 1721/1721/1721 1719/1719/1719 1720/1720/1720
f 1724/1724/1724 1723/1723/1723 1722/1722/1722
f 1725/1725/1725 1724/1724/1724 1722/1722/1722
f 1723/1723/1723 1726/1726/1726 1722/1722/1722
f 1727/1727/1727 1725/1725/1725 1722/1722/1722
f 1726/1726/1726 1728/1728/1728 1722/1722/1722
f 1722/1722/1722 1728/1728/1728 1727/1727/1727
f 1726/1726/1726 1729/1729/1729 1728/1728/1728
f 1728/1728/1728 1730/1730/1730 1727/1727/1727
f 1729/1729/1729 1731/1731/1731 1728/1728/1728
f 1728/1728/1728 1731/1731/1731 1730/1730/1730
f 1729/1729/1729 1732/1732/1732 1731/1731/1731
f 1731/1731/1731 1733/1733/1733 1730/1730/1730
f 1732/1732/1732 1734/1734/1734 1731/1731/1731
f 1731/1731/1731 1734/1734/1734 1733/1733/1733
f 1732/1732/1732 1735/1735/1735 1734/1734/1734
f 1734/1734/1734 1736/1736/1736 1733/1733/1733
f 1735/1735/1735 1737/1737/1737 1734/1734/1734
f 1734/1734/1734 1737/1737/1737 1736/1736/1736
f 1735/1735/1735 1738/1738/1738 1737/1737/1737
f 1737/1737/1737 1739/1739/1739 1736/1736/1736
f 1738/1738/1738 1740/1740/1740 1737/1737/1737
f 1737/1737/1737 1740/1740/1740 1739/1739/1739
f 1738/1738/1738 1741/1741/1741 1740/1740/1740
f 1740/1740/1740 1742/1742/1742 1739/1739/1739
f 1741/1741/1741 1743/1743/1743 1740/1740/1740
f 1740/1740/1740 1743/1743/1743 1742/1742/1742
f 1743/1743/1743 1741/1741/1741 1744/1744/1744
f 1743/1743/1743 1745/1745/1745 1742/1742/1742
f 1746/1746/1746 1743/1743/1743 1744/1744/1744
f 1745/1745/1745 1743/1743/1743 1746/1746/1746
f 1749/1749/1749 1748/1748/1748 1747/1747/1747
f 1750/1750/1750 1749/1749/1749 1747/1747/1747
f 1749/1749/1749 1751/1751/1751 1748/1748/1748
f 1749/1749/1749 1750/1750/1750 1752/1752/1752
f 1751/1751/1751 1749/1749/1749 1753/1753/1753
f 1753/1753/1753 1749/1749/1749 1752/1752/1752
f 1754/1754/1754 1751/1751/1751 1753/1753/1753
f 1753/1753/1753 1752/1752/1752 1755/1755/1755
f 1754/1754/1754 1753/1753/1753 1756/1756/1756
f 1756/1756/1756 1753/1753/1753 1755/1755/1755
f 1757/1757/1757 1754/1754/1754 1756/1756/1756
f 1756/1756/1756 1755/1755/1755 1758/1758/1758
f 1757/1757/1757 1756/1756/1756 1759/1759/1759
f 1759/1759/1759 1756/1756/1756 1758/1758/1758
f 1760/1760/1760 1757/1757/1757 1759/1759/1759
f 1759/1759/1759 1758/1758/1758 1761/1761/1761
f 1760/1760/1760 1759/1759/1759 1762/1762/1762
f 1762/1762/1762 1759/1759/1759 1761/1761/1761
f 1763/1763/1763 1760/1760/1760 1762/1762/1762
f 1762/1762/1762 1761/1761/1761 1764/1764/1764
f 1763/1763/1763 1762/1762/1762 1765/1765/1765
f 1765/1765/1765 1762/1762/1762 1764/1764/1764
f 1766/1766/1766 1763/1763/1763 1765/1765/1765
f 1765/1765/1765 1764/1764/1764 1767/1767/1767
f 1766/1766/1766 1765/1765/1765 1768/1768/1768
f 1768/1768/1768 1765/1765/1765 1767/1767/1767
f 1769/1769/1769 1766/1766/1766 1768/1768/1768
f 1767/1767/1767 1770/1770/1770 1768/1768/1768
f 1771/1771/1771 1769/1769/1769 1768/1768/1768
f 1770/1770/1770 1771/1771/1771 1768/1768/1768
f 1774/1774/1774 1773/1773/1773 1772/1772/1772
f 1773/1773/1773 1775/1775/1775 1772/1772/1772
f 1776/1776/1776 1774/1774/1774 1772/1772/1772
f 1775/1775/1775 1777/1777/1777 1772/1772/1772
f 1772/1772/1772 1778/1778/1778 1776/1776/1776
f 1777/1777/1777 1778/1778/1778 1772/1772/1772
f 1778/1778/1778 1779/1779/1779 1776/1776/1776
f 1777/1777/1777 1780/1780/1780 1778/1778/1778
f 1778/1778/1778 1781/1781/1781 1779/1779/1779
f 1780/1780/1780 1781/1781/1781 1778/1778/1778
f 1781/1781/1781 1782/1782/1782 1779/1779/1779
f 1782/1782/1782 1781/1781/1781 1783/1783/1783
f 1781/1781/1781 1780/1780/1780 1784/1784/1784
f 1781/1781/1781 1784/1784/1784 1783/1783/1783
f 1780/1780/1780 1785/1785/1785 1784/1784/1784
f 1783/1783/1783 1784/1784/1784 1786/1786/1786
f 1784/1784/1784 1785/1785/1785 1787/1787/1787
f 1784/1784/1784 1787/1787/1787 1786/1786/1786
f 1785/1785/1785 1788/1788/1788 1787/1787/1787
f 1789/1789/1789 1786/1786/1786 1787/1787/1787
f 1788/1788/1788 1790/1790/1790 1787/1787/1787
f 1790/1790/1790 1789/1789/1789 1787/1787/1787
f 1793/1793/1793 1792/1792/1792 1791/1791/1791
f 1792/1792/1792 1793/1793/1793 1794/1794/1794
f 1791/1791/1791 1795/1795/1795 1793/1793/1793
f 1794/1794/1794 1793/1793/1793 1796/1796/1796
f 1795/1795/1795 1797/1797/1797 1793/1793/1793
f 1793/1793/1793 1797/1797/1797 1796/1796/1796
f 1795/1795/1795 1798/1798/1798 1797/1797/1797
f 1796/1796/1796 1797/1797/1797 1799/1799/1799
f 1798/1798/1798 1800/1800/1800 1797/1797/1797
f 1797/1797/1797 1800/1800/1800 1799/1799/1799
f 1798/1798/1798 1801/1801/1801 1800/1800/1800
f 1799/1799/1799 1800/1800/1800 1802/1802/1802
f 1801/1801/1801 1802/1802/1802 1800/1800/1800
f 1805/1805/1805 1804/1804/1804 1803/1803/1803
f 1806/1806/1806 1805/1805/1805 1803/1803/1803
f 1803/1803/1803 1804/1804/1804 1807/1807/1807
f 1808/1808/1808 1806/1806/1806 1803/1803/1803
f 1809/1809/1809 1803/1803/1803 1807/1807/1807
f 1809/1809/1809 1807/1807/1807 1810/1810/1810
f 1811/1811/1811 1808/1808/1808 1803/1803/1803
f 1811/1811/1811 1803/1803/1803 1809/1809/1809
f 1812/1812/1812 1808/1808/1808 1811/1811/1811
f 1813/1813/1813 1812/1812/1812 1811/1811/1811
f 1814/1814/1814 1812/1812/1812 1813/1813/1813
f 1815/1815/1815 1811/1811/1811 1809/1809/1809
f 1813/1813/1813 1811/1811/1811 1815/1815/1815
f 1816/1816/1816 1814/1814/1814 1813/1813/1813
f 1816/1816/1816 1813/1813/1813 1815/1815/1815
f 1814/1814/1814 1816/1816/1816 1817/1817/1817
f 1818/1818/1818 1809/1809/1809 1810/1810/1810
f 1815/1815/1815 1809/1809/1809 1818/1818/1818
f 1816/1816/1816 1815/1815/1815 1819/1819/1819
f 1819/1819/1819 1815/1815/1815 1818/1818/1818
f 1816/1816/1816 1820/1820/1820 1817/1817/1817
f 1820/1820/1820 1816/1816/1816 1819/1819/1819
f 1820/1820/1820 1821/1821/1821 1817/1817/1817
f 1821/1821/1821 1820/1820/1820 1819/1819/1819
f 1821/1821/1821 1822/1822/1822 1817/1817/1817
f 1823/1823/1823 1818/1818/1818 1810/1810/1810
f 1824/1824/1824 1823/1823/1823 1810/1810/1810
f 1825/1825/1825 1819/1819/1819 1818/1818/1818
f 1825/1825/1825 1821/1821/1821 1819/1819/1819
f 1823/1823/1823 1825/1825/1825 1818/1818/1818
f 1822/1822/1822 1821/1821/1821 1826/1826/1826
f 1826/1826/1826 1821/1821/1821 1825/1825/1825
f 1827/1827/1827 1822/1822/1822 1826/1826/1826
f 1828/1828/1828 1826/1826/1826 1825/1825/1825
f 1827/1827/1827 1826/1826/1826 1828/1828/1828
f 1828/1828/1828 1825/1825/1825 1823/1823/1823
f 1829/1829/1829 1827/1827/1827 1828/1828/1828
f 1830/1830/1830 1823/1823/1823 1824/1824/1824
f 1830/1830/1830 1828/1828/1828 1823/1823/1823
f 1829/1829/1829 1828/1828/1828 1830/1830/1830
f 1831/1831/1831 1830/1830/1830 1824/1824/1824
f 1832/1832/1832 1829/1829/1829 1830/1830/1830
f 1831/1831/1831 1833/1833/1833 1830/1830/1830
f 1833/1833/1833 1832/1832/1832 1830/1830/1830
f 1836/1836/1836 1835/1835/1835 1834/1834/1834
f 1837/1837/1837 1836/1836/1836 1834/1834/1834
f 1837/1837/1837 1834/1834/1834 1838/1838/1838
f 1835/1835/1835 1839/1839/1839 1834/1834/1834
f 1839/1839/1839 1835/1835/1835 1840/1840/1840
f 1834/1834/1834 1841/1841/1841 1838/1838/1838
f 1838/1838/1838 1841/1841/1841 1842/1842/1842
f 1843/1843/1843 1839/1839/1839 1840/1840/1840
f 1840/1840/1840 1844/1844/1844 1843/1843/1843
f 1844/1844/1844 1845/1845/1845 1843/1843/1843
f 1839/1839/1839 1846/1846/1846 1834/1834/1834
f 1846/1846/1846 1839/1839/1839 1843/1843/1843
f 1846/1846/1846 1841/1841/1841 1834/1834/1834
f 1845/1845/1845 1847/1847/1847 1843/1843/1843
f 1847/1847/1847 1846/1846/1846 1843/1843/1843
f 1845/1845/1845 1848/1848/1848 1847/1847/1847
f 1848/1848/1848 1849/1849/1849 1847/1847/1847
f 1847/1847/1847 1849/1849/1849 1846/1846/1846
f 1848/1848/1848 1850/1850/1850 1849/1849/1849
f 1841/1841/1841 1851/1851/1851 1842/1842/1842
f 1842/1842/1842 1851/1851/1851 1852/1852/1852
f 1846/1846/1846 1853/1853/1853 1841/1841/1841
f 1849/1849/1849 1853/1853/1853 1846/1846/1846
f 1853/1853/1853 1851/1851/1851 1841/1841/1841
f 1850/1850/1850 1854/1854/1854 1849/1849/1849
f 1849/1849/1849 1854/1854/1854 1853/1853/1853
f 1850/1850/1850 1855/1855/1855 1854/1854/1854
f 1853/1853/1853 1856/1856/1856 1851/1851/1851
f 1854/1854/1854 1856/1856/1856 1853/1853/1853
f 1855/1855/1855 1857/1857/1857 1854/1854/1854
f 1854/1854/1854 1857/1857/1857 1856/1856/1856
f 1857/1857/1857 1855/1855/1855 1858/1858/1858
f 1851/1851/1851 1859/1859/1859 1852/1852/1852
f 1856/1856/1856 1859/1859/1859 1851/1851/1851
f 1857/1857/1857 1860/1860/1860 1856/1856/1856
f 1860/1860/1860 1857/1857/1857 1858/1858/1858
f 1856/1856/1856 1860/1860/1860 1859/1859/1859
f 1859/1859/1859 1861/1861/1861 1852/1852/1852
f 1860/1860/1860 1861/1861/1861 1859/1859/1859
f 1861/1861/1861 1860/1860/1860 1858/1858/1858
f 1861/1861/1861 1862/1862/1862 1852/1852/1852
f 1862/1862/1862 1861/1861/1861 1858/1858/1858
f 1865/1865/1865 1864/1864/1864 1863/1863/1863
f 1864/1864/1864 1866/1866/1866 1863/1863/1863
f 1867/1867/1867 1865/1865/1865 1863/1863/1863
f 1866/1866/1866 1868/1868/1868 1863/1863/1863
f 1863/1863/1863 1869/1869/1869 1867/1867/1867
f 1868/1868/1868 1869/1869/1869 1863/1863/1863
f 1869/1869/1869 1870/1870/1870 1867/1867/1867
f 1868/1868/1868 1871/1871/1871 1869/1869/1869
f 1869/1869/1869 1872/1872/1872 1870/1870/1870
f 1871/1871/1871 1872/1872/1872 1869/1869/1869
f 1872/1872/1872 1873/1873/1873 1870/1870/1870
f 1873/1873/1873 1872/1872/1872 1874/1874/1874
f 1872/1872/1872 1871/1871/1871 1875/1875/1875
f 1872/1872/1872 1875/1875/1875 1874/1874/1874
f 1871/1871/1871 1876/1876/1876 1875/1875/1875
f 1874/1874/1874 1875/1875/1875 1877/1877/1877
f 1875/1875/1875 1876/1876/1876 1878/1878/1878
f 1875/1875/1875 1878/1878/1878 1877/1877/1877
f 1876/1876/1876 1879/1879/1879 1878/1878/1878
f 1880/1880/1880 1877/1877/1877 1878/1878/1878
f 1879/1879/1879 1881/1881/1881 1878/1878/1878
f 1881/1881/1881 1880/1880/1880 1878/1878/1878
f 1884/1884/1884 1883/1883/1883 1882/1882/1882
f 1883/1883/1883 1885/1885/1885 1882/1882/1882
f 1886/1886/1886 1884/1884/1884 1882/1882/1882
f 1887/1887/1887 1884/1884/1884 1886/1886/1886
f 1885/1885/1885 1888/1888/1888 1882/1882/1882
f 1886/1886/1886 1882/1882/1882 1888/1888/1888
f 1889/1889/1889 1887/1887/1887 1886/1886/1886
f 1890/1890/1890 1887/1887/1887 1889/1889/1889
f 1888/1888/1888 1885/1885/1885 1891/1891/1891
f 1885/1885/1885 1892/1892/1892 1891/1891/1891
f 1893/1893/1893 1886/1886/1886 1888/1888/1888
f 1893/1893/1893 1888/1888/1888 1891/1891/1891
f 1889/1889/1889 1886/1886/1886 1893/1893/1893
f 1894/1894/1894 1891/1891/1891 1892/1892/1892
f 1894/1894/1894 1893/1893/1893 1891/1891/1891
f 1895/1895/1895 1894/1894/1894 1892/1892/1892
f 1896/1896/1896 1889/1889/1889 1893/1893/1893
f 1896/1896/1896 1893/1893/1893 1894/1894/1894
f 1897/1897/1897 1894/1894/1894 1895/1895/1895
f 1897/1897/1897 1896/1896/1896 1894/1894/1894
f 1898/1898/1898 1897/1897/1897 1895/1895/1895
f 1899/1899/1899 1890/1890/1890 1889/1889/1889
f 1899/1899/1899 1889/1889/1889 1896/1896/1896
f 1900/1900/1900 1897/1897/1897 1898/1898/1898
f 1901/1901/1901 1900/1900/1900 1898/1898/1898
f 1900/1900/1900 1901/1901/1901 1902/1902/1902
f 1903/1903/1903 1896/1896/1896 1897/1897/1897
f 1900/1900/1900 1903/1903/1903 1897/1897/1897
f 1903/1903/1903 1899/1899/1899 1896/1896/1896
f 1904/1904/1904 1900/1900/1900 1902/1902/1902
f 1903/1903/1903 1900/1900/1900 1904/1904/1904
f 1904/1904/1904 1902/1902/1902 1905/1905/1905
f 1890/1890/1890 1899/1899/1899 1906/1906/1906
f 1907/1907/1907 1890/1890/1890 1906/1906/1906
f 1899/1899/1899 1903/1903/1903 1908/1908/1908
f 1908/1908/1908 1903/1903/1903 1904/1904/1904
f 1906/1906/1906 1899/1899/1899 1908/1908/1908
f 1909/1909/1909 1904/1904/1904 1905/1905/1905
f 1908/1908/1908 1904/1904/1904 1909/1909/1909
f 1909/1909/1909 1905/1905/1905 1910/1910/1910
f 1907/1907/1907 1906/1906/1906 1911/1911/1911
f 1912/1912/1912 1907/1907/1907 1911/1911/1911
f 1906/1906/1906 1908/1908/1908 1913/1913/1913
f 1913/1913/1913 1908/1908/1908 1909/1909/1909
f 1911/1911/1911 1906/1906/1906 1913/1913/1913
f 1914/1914/1914 1909/1909/1909 1910/1910/1910
f 1913/1913/1913 1909/1909/1909 1914/1914/1914
f 1910/1910/1910 1915/1915/1915 1914/1914/1914
f 1916/1916/1916 1913/1913/1913 1914/1914/1914
f 1911/1911/1911 1913/1913/1913 1916/1916/1916
f 1915/1915/1915 1916/1916/1916 1914/1914/1914
f 1912/1912/1912 1911/1911/1911 1917/1917/1917
f 1917/1917/1917 1911/1911/1911 1916/1916/1916
f 1916/1916/1916 1915/1915/1915 1917/1917/1917
f 1918/1918/1918 1912/1912/1912 1917/1917/1917
f 1915/1915/1915 1918/1918/1918 1917/1917/1917
