g dstr_planet_mesh
v -1.0120938 -1.6677536 9.807932
v -0.50851786 -0.8378657 9.951926
v -0.42396173 -0.8836761 9.951926
v -0.84378254 -1.7589307 9.807932
v -1.5059361 -2.4815814 9.569483
v -0.33529627 -0.9209704 9.951926
v -1.2554779 -2.6172447 9.569483
v -1.9852757 -3.27151 9.2388735
v -0.6673055 -1.83316 9.807932
v -0.24340239 -0.9493943 9.951926
v -1.6550832 -3.450353 9.2388735
v -2.4454963 -4.0299306 8.819291
v -0.48440278 -1.8897341 9.807932
v -0.1491648 -0.96867406 9.951926
v -0.9928888 -2.7276943 9.569483
v -2.0387492 -4.250231 8.819291
v -2.8821657 -4.74954 8.3147745
v -0.29683536 -1.9281081 9.807932
v -0.053491265 -0.97862417 9.951926
v -0.72073853 -2.811874 9.569483
v -1.3089108 -3.595959 9.2388735
v -2.4027815 -5.0091763 8.3147745
v -3.2910776 -5.4234076 7.7301826
v -2.7436745 -5.7198796 7.7301826
v -0.10640961 -1.9479126 9.807932
v 0.042696685 -0.97914886 9.951926
v -1.6123276 -4.429591 8.819291
v -1.900218 -5.220564 8.3147745
v -2.1698084 -5.9612584 7.7301826
v -0.4416474 -2.8689725 9.569483
v -0.9501338 -3.706933 9.2388735
v 0.08504015 -1.9489566 9.807932
v 0.13847303 -0.97024274 9.951926
v -1.1703794 -4.5662913 8.819291
v -1.379354 -5.3816733 8.3147745
v -1.5750456 -6.1452255 7.7301826
v -0.15830374 -2.8984406 9.569483
v -0.5822072 -3.7822063 9.2388735
v 0.27567047 -1.9312303 9.807932
v 0.23286892 -0.95203227 9.951946
v 0.46359628 -1.8949314 9.807951
v -0.71715987 -4.6590147 8.819291
v -0.8452072 -5.4909534 8.3147745
v -0.9651153 -6.27001 7.7301826
v 0.1265639 -2.8999941 9.569483
v 0.41021216 -2.8736184 9.569483
v 0.6898602 -2.819594 9.569502
v -0.2086736 -3.821054 9.2388735
v -0.25703454 -4.706868 8.819291
v -0.30292106 -5.5473514 8.3147745
v -0.34589028 -6.334409 7.7301826
v 0.16686857 -3.8231025 9.2388735
v 0.54080343 -3.788331 9.2388735
v 0.90947974 -3.7171018 9.238893
v 0.20556545 -4.7093906 8.819291
v 0.24228191 -5.5503244 8.3147745
v 0.27666473 -6.337805 7.7301826
v 0.66618514 -4.6665583 8.819291
v 1.1203389 -4.578811 8.819311
v 0.78515077 -5.499844 8.3147745
v 0.8965547 -6.280163 7.7301826
v 1.3204079 -5.396424 8.314794
v 1.5077596 -6.1620646 7.730202
v -3.6682959 -6.045044 7.071146
v -3.2910776 -5.4234076 7.7301826
v -2.7436745 -5.7198796 7.7301826
v -3.0581448 -6.3754964 7.071146
v -4.010186 -6.6084623 6.3440113
v -2.1698084 -5.9612584 7.7301826
v -3.3431642 -6.9697123 6.3440113
v -4.3134556 -7.1082363 5.555781
v -2.418502 -6.6445413 7.071146
v -1.5750456 -6.1452255 7.7301826
v -3.5959883 -7.4968066 5.5557804
v -4.575185 -7.5395536 4.7140455
v -1.7555695 -6.8495946 7.071146
v -0.9651153 -6.27001 7.7301826
v -2.6439056 -7.2638335 6.3440113
v -3.8141809 -7.9517 4.7140455
v -4.7928534 -7.8982587 3.8269122
v -1.0757287 -6.988682 7.071146
v -0.34589028 -6.334409 7.7301826
v -1.9191856 -7.4879985 6.344011
v -2.8438473 -7.81317 5.5557804
v -3.9956403 -8.330014 3.826912
v -4.964364 -8.180901 2.902924
v -0.38552952 -7.0604625 7.071146
v 0.27666473 -6.337805 7.7301826
v -3.0164025 -8.28726 4.7140455
v -1.1759834 -7.6400485 6.344011
v -2.0643206 -8.054286 5.5557804
v -4.138622 -8.628105 2.902924
v -5.088065 -8.384754 1.9509801
v 0.3083825 -7.0642467 7.071146
v 0.8965547 -6.280163 7.7301826
v -3.159908 -8.681539 3.826912
v -2.1895754 -8.543007 4.7140455
v -0.4214561 -7.7185197 6.344011
v -1.2649126 -8.217835 5.5557804
v -4.2417464 -8.8431015 1.9509801
v -5.1627655 -8.507855 0.9802478
v 0.99932337 -6.9999976 7.071146
v 1.5077596 -6.1620646 7.730202
v 1.6805899 -6.868361 7.071165
v 0.33712912 -7.7226567 6.344011
v 1.0924675 -7.6524186 6.344011
v 1.8372337 -7.5085115 6.34403
v -0.45332408 -8.302241 5.5557804
v 0.36262894 -8.306691 5.5557804
v 1.1750906 -8.231142 5.5557804
v 1.9761832 -8.07635 5.5558
v -1.3416615 -8.71648 4.7140455
v -0.48082733 -8.806007 4.7140455
v 0.38463688 -8.810727 4.7140455
v 1.2463958 -8.730594 4.7140455
v 2.0960996 -8.566407 4.714065
v -2.2937434 -8.949453 3.826912
v -1.4054897 -9.131181 3.826912
v -0.50370073 -9.224967 3.826912
v 0.40293884 -9.229911 3.826912
v 1.3056962 -9.145966 3.826912
v 2.1958284 -8.973965 3.8269315
v -3.272982 -8.9922085 2.902924
v -2.3758225 -9.269711 2.902924
v -1.4557827 -9.457939 2.902924
v -0.5217228 -9.555082 2.9029238
v 0.41735983 -9.5602045 2.9029238
v 1.3524237 -9.473254 2.902924
v 2.2744093 -9.295098 2.9029436
v -3.3545365 -9.216278 1.95098
v -2.4350219 -9.500694 1.95098
v -1.4920564 -9.693614 1.9509798
v -0.5347223 -9.793177 1.9509798
v 0.4277606 -9.798427 1.9509798
v 1.3861237 -9.70931 1.9509798
v 2.3310857 -9.526715 1.9509994
v -4.304021 -8.972933 0.98024774
v -5.1852 -8.5448265 0.062137157
v -4.3227234 -9.011925 0.06213718
v -3.4037857 -9.351588 0.9802477
v -3.418577 -9.392226 0.0621371
v -2.4707708 -9.640181 0.9802477
v -2.4815068 -9.682072 0.06213704
v -1.5139608 -9.835932 0.9802476
v -1.5205398 -9.878675 0.062137
v -0.542572 -9.936956 0.9802476
v -0.544929 -9.980139 0.06213698
v 0.43404198 -9.942284 0.9802476
v 0.43592882 -9.985489 0.062136978
v 1.4064751 -9.851858 0.9802476
v 1.4125876 -9.8946705 0.062136997
v 2.3653107 -9.666582 0.98026717
v 2.3755898 -9.708589 0.062156487
v -5.1627655 -8.507855 -0.9800958
v -5.1852 -8.5448265 -0.061987564
v -4.3227234 -9.011925 -0.06198754
v -4.304021 -8.972933 -0.98009586
v -5.088065 -8.384753 -1.9508278
v -3.418577 -9.392226 -0.06198762
v -4.241746 -8.843101 -1.9508278
v -4.964363 -8.180899 -2.902772
v -3.4037857 -9.351588 -0.9800959
v -2.4815068 -9.682072 -0.06198768
v -4.1386213 -8.628103 -2.902772
v -4.7928524 -7.898257 -3.8267593
v -2.4707708 -9.640181 -0.9800959
v -1.5205398 -9.878675 -0.06198772
v -3.3545363 -9.216276 -1.950828
v -3.9956403 -8.330011 -3.8267596
v -4.575184 -7.5395503 -4.713893
v -1.5139608 -9.835932 -0.980096
v -0.544929 -9.980139 -0.06198774
v -2.4350214 -9.500694 -1.950828
v -3.272982 -8.992207 -2.902772
v -3.8141794 -7.9516964 -4.713893
v -4.3134546 -7.108233 -5.5556273
v -0.542572 -9.936956 -0.980096
v 0.43592882 -9.985489 -0.061987743
v -3.1599069 -8.681535 -3.8267596
v -1.4920559 -9.693613 -1.9508281
v -2.3758228 -9.269709 -2.902772
v -3.5959873 -7.496802 -5.555628
v -4.0101843 -6.608458 -6.3438582
v 0.43404198 -9.942284 -0.980096
v 1.4125876 -9.8946705 -0.061987724
v -3.0164018 -8.287257 -4.713893
v -2.2937431 -8.9494505 -3.8267596
v -0.53472185 -9.793177 -1.9508281
v -1.4557824 -9.457939 -2.902772
v -3.343163 -6.969708 -6.3438582
v -3.668293 -6.0450387 -7.0709934
v 1.4064751 -9.851858 -0.980096
v 2.3755898 -9.708589 -0.061968233
v 2.3653104 -9.666582 -0.98007643
v 0.42776108 -9.798426 -1.9508281
v 1.3861237 -9.709309 -1.9508281
v 2.331085 -9.526714 -1.9508085
v -0.5217233 -9.55508 -2.9027722
v 0.41735983 -9.560203 -2.9027722
v 1.3524232 -9.473253 -2.902772
v 2.2744086 -9.295097 -2.9027524
v -1.4054894 -9.131176 -3.8267596
v -0.50370026 -9.224963 -3.8267596
v 0.40293932 -9.229907 -3.8267596
v 1.3056972 -9.145962 -3.8267596
v 2.1958275 -8.973963 -3.8267398
v -2.189575 -8.543005 -4.713893
v -1.3416612 -8.716476 -4.713893
v -0.48082733 -8.806005 -4.713893
v 0.38463593 -8.810724 -4.713893
v 1.2463953 -8.730592 -4.713893
v 2.0960984 -8.566404 -4.7138734
v -2.843847 -7.813165 -5.555628
v -2.0643198 -8.054282 -5.555628
v -1.2649133 -8.217832 -5.555628
v -0.45332384 -8.3022375 -5.555628
v 0.36262918 -8.306688 -5.555628
v 1.1750894 -8.231138 -5.555628
v 1.976181 -8.076346 -5.5556083
v -2.643905 -7.263828 -6.3438582
v -1.9191852 -7.487993 -6.3438587
v -1.1759834 -7.640043 -6.3438587
v -0.4214561 -7.718514 -6.3438587
v 0.33712935 -7.722652 -6.3438587
v 1.0924673 -7.6524134 -6.3438587
v 1.8372316 -7.508507 -6.343839
v -3.058144 -6.3754907 -7.0709934
v -3.2910745 -5.423401 -7.73003
v -2.4185014 -6.644536 -7.0709934
v -2.7436728 -5.7198725 -7.73003
v -2.882162 -4.749533 -8.314621
v -2.40278 -5.0091686 -8.314621
v -2.1698067 -5.961251 -7.73003
v -1.900216 -5.220556 -8.314621
v -1.755568 -6.849589 -7.0709934
v -1.5750449 -6.145218 -7.73003
v -1.3793529 -5.3816648 -8.314621
v -1.0757284 -6.988676 -7.0709934
v -0.96511436 -6.2700024 -7.73003
v -0.84520626 -5.4909444 -8.314621
v -0.38552928 -7.0604568 -7.0709934
v -0.34589028 -6.334401 -7.73003
v -0.30292034 -5.547343 -8.314621
v 0.30838227 -7.0642414 -7.0709934
v 0.2766645 -6.3377967 -7.73003
v 0.24228191 -5.5503163 -8.314621
v 0.9993231 -6.999992 -7.0709934
v 1.6805873 -6.8683558 -7.0709743
v 0.89655423 -6.280154 -7.73003
v 0.7851505 -5.499836 -8.314621
v 1.507757 -6.1620574 -7.7300105
v 1.3204052 -5.396416 -8.314601
v -2.445492 -4.0299225 -8.819137
v -2.882162 -4.749533 -8.314621
v -2.40278 -5.0091686 -8.314621
v -2.0387468 -4.250222 -8.819137
v -1.9852713 -3.2715015 -9.23872
v -1.900216 -5.220556 -8.314621
v -1.6550803 -3.4503434 -9.23872
v -1.5059314 -2.4815726 -9.569326
v -1.6123258 -4.4295826 -8.819137
v -1.3793529 -5.3816648 -8.314621
v -1.255475 -2.6172347 -9.569326
v -1.0120885 -1.667744 -9.8077755
v -1.170378 -4.5662823 -8.819137
v -0.84520626 -5.4909444 -8.314621
v -1.3089088 -3.5959494 -9.23872
v -0.84377956 -1.7589203 -9.8077755
v -0.508513 -0.8378556 -9.951769
v -0.42395842 -0.88366514 -9.951769
v -0.71715915 -4.6590056 -8.819137
v -0.30292034 -5.547343 -8.314621
v -0.95013237 -3.7069232 -9.23872
v -0.99288666 -2.7276843 -9.569326
v -0.66730326 -1.8331493 -9.8077755
v -0.33529368 -0.9209592 -9.951769
v -0.2570343 -4.7068586 -8.819137
v 0.24228191 -5.5503163 -8.314621
v -0.582206 -3.7821965 -9.23872
v -0.7207371 -2.8118637 -9.569326
v -0.48440093 -1.8897232 -9.8077755
v -0.24340042 -0.9493829 -9.951769
v 0.20556521 -4.709382 -8.819137
v 0.7851505 -5.499836 -8.314621
v -0.20867336 -3.821044 -9.23872
v -0.44164658 -2.868962 -9.569326
v -0.2968343 -1.9280971 -9.8077755
v -0.1491637 -0.9686625 -9.951769
v 0.6661844 -4.6665497 -8.819137
v 1.3204052 -5.396416 -8.314601
v 1.120336 -4.5788026 -8.819117
v 0.16686845 -3.8230925 -9.23872
v -0.15830326 -2.8984299 -9.569326
v -0.10640925 -1.9479015 -9.8077755
v -0.053490967 -0.9786126 -9.951769
v 0.5408026 -3.788321 -9.23872
v 0.90947634 -3.7170928 -9.2387
v 0.12656379 -2.8999836 -9.569326
v 0.085039854 -1.9489454 -9.8077755
v 0.042696387 -0.9791372 -9.951769
v 0.41021144 -2.8736079 -9.569326
v 0.6898569 -2.8195841 -9.569307
v 0.27566934 -1.9312191 -9.8077755
v 0.13847196 -0.9702311 -9.951769
v 0.46359265 -1.894921 -9.807756
v 0.23286504 -0.9520219 -9.95175
v -4.2967434 -8.957762 0.04213719
v -5.1540365 -8.493471 -0.041987553
v -5.1540365 -8.493471 0.04213717
v -4.2967434 -8.957762 -0.04198753
v -3.3980308 -9.335776 0.042137112
v -3.3980308 -9.335776 -0.04198761
v -2.4665928 -9.62388 0.042137053
v -2.4665928 -9.62388 -0.04198767
v -1.5114017 -9.819302 0.042137016
v -1.5114017 -9.819302 -0.041987706
v -0.5416541 -9.9201565 0.042136993
v -0.5416541 -9.9201565 -0.04198773
v 0.4333086 -9.925474 0.042136993
v 0.4333086 -9.925474 -0.04198773
v 1.4040971 -9.835201 0.042137012
v 1.4040971 -9.835201 -0.04198771
v 2.3613117 -9.650238 0.042156503
v 2.3613117 -9.650238 -0.04196822
v 1.4125876 -9.8946705 0.062136997
v 1.4040971 -9.835201 0.042137012
v 0.4333086 -9.925474 0.042136993
v 0.43592882 -9.985489 0.062136978
v 0.43592882 -9.985489 0.062136978
v 0.4333086 -9.925474 0.042136993
v -0.5416541 -9.9201565 0.042136993
v -0.544929 -9.980139 0.06213698
v -0.544929 -9.980139 0.06213698
v -0.5416541 -9.9201565 0.042136993
v -1.5114017 -9.819302 0.042137016
v -1.5205398 -9.878675 0.062137
v -1.5205398 -9.878675 0.062137
v -1.5114017 -9.819302 0.042137016
v -2.4665928 -9.62388 0.042137053
v -2.4815068 -9.682072 0.06213704
v -2.4815068 -9.682072 0.06213704
v -2.4665928 -9.62388 0.042137053
v -3.3980308 -9.335776 0.042137112
v -3.418577 -9.392226 0.0621371
v -3.418577 -9.392226 0.0621371
v -3.3980308 -9.335776 0.042137112
v -4.2967434 -8.957762 0.04213719
v -4.3227234 -9.011925 0.06213718
v -4.3227234 -9.011925 0.06213718
v -4.2967434 -8.957762 0.04213719
v -5.1540365 -8.493471 0.04213717
v -5.1852 -8.5448265 0.062137157
v -5.1852 -8.5448265 -0.061987564
v -5.1540365 -8.493471 -0.041987553
v -4.2967434 -8.957762 -0.04198753
v -4.3227234 -9.011925 -0.06198754
v -4.3227234 -9.011925 -0.06198754
v -4.2967434 -8.957762 -0.04198753
v -3.3980308 -9.335776 -0.04198761
v -3.418577 -9.392226 -0.06198762
v -3.418577 -9.392226 -0.06198762
v -3.3980308 -9.335776 -0.04198761
v -2.4665928 -9.62388 -0.04198767
v -2.4815068 -9.682072 -0.06198768
v -2.4815068 -9.682072 -0.06198768
v -2.4665928 -9.62388 -0.04198767
v -1.5114017 -9.819302 -0.041987706
v -1.5205398 -9.878675 -0.06198772
v -1.5205398 -9.878675 -0.06198772
v -1.5114017 -9.819302 -0.041987706
v -0.5416541 -9.9201565 -0.04198773
v -0.544929 -9.980139 -0.06198774
v -0.544929 -9.980139 -0.06198774
v -0.5416541 -9.9201565 -0.04198773
v 0.4333086 -9.925474 -0.04198773
v 0.43592882 -9.985489 -0.061987743
v 0.43592882 -9.985489 -0.061987743
v 0.4333086 -9.925474 -0.04198773
v 1.4040971 -9.835201 -0.04198771
v 1.4125876 -9.8946705 -0.061987724
v 2.3755898 -9.708589 0.062156487
v 2.3613117 -9.650238 0.042156503
v 1.4040971 -9.835201 0.042137012
v 1.4125876 -9.8946705 0.062136997
v 1.4125876 -9.8946705 -0.061987724
v 1.4040971 -9.835201 -0.04198771
v 2.3613117 -9.650238 -0.04196822
v 2.3755898 -9.708589 -0.061968233
v -1.8949382 -0.46362156 9.807932
v -0.95206374 -0.232889 9.951926
v -0.9246799 -0.32507452 9.951926
v -1.840396 -0.6471075 9.807932
v -2.8196008 -0.68988544 9.569483
v -0.888355 -0.4141415 9.951926
v -2.7384284 -0.96291447 9.569483
v -3.7171087 -0.90950483 9.238874
v -1.7680961 -0.8243837 9.807932
v -0.84347486 -0.49921903 9.951926
v -3.6100883 -1.2694474 9.238874
v -4.5788183 -1.1203641 8.819292
v -1.6787683 -0.99371934 9.807932
v -0.7904718 -0.579488 9.951926
v -2.6308496 -1.2266926 9.569483
v -4.44698 -1.5637535 8.819292
v -5.396431 -1.3204329 8.3147745
v -1.5732726 -1.153484 9.807932
v -0.7298562 -0.6541751 9.951926
v -2.497934 -1.4786559 9.569483
v -3.4682665 -1.6171871 9.238874
v -5.2410455 -1.8429995 8.3147745
v -6.162071 -1.5077848 7.7301826
v -5.9846363 -2.1044946 7.7301826
v -1.4526252 -1.3021392 9.807932
v -0.662212 -0.7225613 9.951926
v -4.2722816 -1.9921061 8.819292
v -5.035153 -2.3478389 8.314775
v -5.749532 -2.68096 7.7301826
v -2.3409617 -1.7163779 9.569483
v -3.2930436 -1.9493515 9.238874
v -1.3179879 -1.4382529 9.807932
v -0.5881903 -0.7839879 9.951926
v -4.0564384 -2.4012723 8.819292
v -4.780768 -2.830067 8.314775
v -5.459056 -3.231605 7.7301826
v -2.1614444 -1.9375691 9.569483
v -3.0861063 -2.262741 9.238874
v -1.1706576 -1.5605145 9.807932
v -0.50851786 -0.8378657 9.951926
v -1.0120938 -1.6677536 9.807932
v -3.8015294 -2.787312 8.819292
v -4.480342 -3.2850385 8.3147745
v -5.116006 -3.7511268 7.7301826
v -1.9611112 -2.1400998 9.569483
v -1.741891 -2.3220189 9.569483
v -1.5059361 -2.4815814 9.569483
v -2.8494477 -2.5543385 9.238874
v -3.510009 -3.1465075 8.819291
v -4.1367674 -3.708372 8.3147745
v -4.723685 -4.2345223 7.7301826
v -2.5853477 -2.8213353 9.238874
v -2.2963488 -3.0611603 9.2388735
v -1.9852757 -3.27151 9.2388735
v -3.1846852 -3.4753985 8.819291
v -3.7533526 -4.095991 8.3147745
v -4.285873 -4.677136 7.730182
v -2.8286908 -3.770819 8.819291
v -2.4454963 -4.0299306 8.819291
v -3.3337913 -4.4441624 8.3147745
v -3.8067856 -5.074705 7.7301826
v -2.8821657 -4.74954 8.3147745
v -3.2910776 -5.4234076 7.7301826
v -6.868368 -1.6806148 7.0711455
v -6.162071 -1.5077848 7.7301826
v -5.9846363 -2.1044946 7.7301826
v -6.6705914 -2.345722 7.071146
v -7.508518 -1.8372587 6.344011
v -5.749532 -2.68096 7.7301826
v -7.292305 -2.5643566 6.344011
v -8.076357 -1.9762082 5.5557804
v -6.40854 -2.9882612 7.071146
v -5.459056 -3.231605 7.7301826
v -7.8437905 -2.758295 5.5557804
v -8.566414 -2.0961244 4.7140455
v -6.0847697 -3.6020198 7.071146
v -5.116006 -3.7511268 7.7301826
v -7.00583 -3.2667825 6.3440113
v -8.319735 -2.9256675 4.7140455
v -8.973971 -2.195853 3.826912
v -5.7023993 -4.181089 7.071146
v -4.723685 -4.2345223 7.7301826
v -6.6518836 -3.9377453 6.3440113
v -7.535649 -3.5138416 5.555781
v -8.715553 -3.0648649 3.826912
v -9.295105 -2.274434 2.902924
v -5.265112 -4.71989 7.0711455
v -4.285873 -4.677136 7.730182
v -7.9928966 -3.7270591 4.7140455
v -6.233876 -4.570784 6.344011
v -7.1549354 -4.2355447 5.555781
v -9.027439 -3.1745446 2.902924
v -9.526722 -2.3311107 1.9509801
v -4.7771173 -5.213236 7.0711455
v -3.8067856 -5.074705 7.7301826
v -8.373166 -3.904382 3.826912
v -7.5890813 -4.4925547 4.7140455
v -5.7558327 -5.159803 6.344011
v -6.705315 -4.9164586 5.5557804
v -9.252384 -3.2536495 1.9509801
v -9.666589 -2.3653355 0.9802478
v -4.243118 -5.656374 7.071146
v -3.2910776 -5.4234076 7.7301826
v -3.6682959 -6.045044 7.071146
v -5.222357 -5.6991286 6.344011
v -4.638586 -6.1835685 6.344011
v -4.010186 -6.6084623 6.3440113
v -6.191119 -5.550022 5.5557804
v -5.6173 -6.1301346 5.5557804
v -4.989382 -6.651211 5.5557804
v -4.3134556 -7.1082363 5.555781
v -7.11218 -5.2147846 4.7140455
v -6.5667834 -5.886791 4.7140455
v -5.958145 -6.5021043 4.7140455
v -5.292127 -7.054797 4.7140455
v -4.575185 -7.5395536 4.7140455
v -7.9501405 -4.7062974 3.826912
v -7.4505506 -5.4628882 3.8269117
v -6.8792067 -6.1668663 3.826912
v -6.2416115 -6.811453 3.8269117
v -5.5439076 -7.3904405 3.826912
v -4.7928534 -7.8982587 3.8269122
v -8.672799 -4.044104 2.902924
v -8.234635 -4.8747153 2.902924
v -7.717167 -5.6583796 2.9029238
v -7.1253777 -6.3875504 2.902924
v -6.4649677 -7.0552034 2.9029238
v -5.742295 -7.6549106 2.902924
v -4.964364 -8.180901 2.902924
v -8.888908 -4.1448774 1.95098
v -8.439826 -4.9961853 1.95098
v -7.9094634 -5.7993774 1.9509798
v -7.302927 -6.546716 1.9509798
v -6.6260614 -7.231007 1.9509797
v -5.885381 -7.8456564 1.9509797
v -5.088065 -8.384754 1.9509801
v -9.388224 -3.3014195 0.98024774
v -9.708595 -2.3756146 0.062137157
v -9.42902 -3.315766 0.06213718
v -9.019411 -4.2057314 0.98024774
v -9.058605 -4.224008 0.0621371
v -8.563736 -5.069538 0.9802477
v -8.600949 -5.0915685 0.062137038
v -8.025586 -5.884522 0.9802476
v -8.060462 -5.9100943 0.062137
v -7.4101458 -6.6428328 0.9802476
v -7.4423466 -6.6717005 0.062136978
v -6.7233424 -7.33717 0.9802476
v -6.7525587 -7.369055 0.06213698
v -5.9717875 -7.960844 0.9802476
v -5.9977384 -7.995439 0.062136997
v -5.1627655 -8.507855 0.9802478
v -5.1852 -8.5448265 0.062137157
v -9.666589 -2.3653352 -0.9800958
v -9.708595 -2.3756146 -0.061987564
v -9.42902 -3.315766 -0.06198754
v -9.388224 -3.301419 -0.98009586
v -9.526721 -2.3311098 -1.9508278
v -9.058605 -4.224008 -0.06198762
v -9.252384 -3.253649 -1.9508278
v -9.295104 -2.2744336 -2.902772
v -9.019411 -4.2057314 -0.98009586
v -8.600949 -5.0915685 -0.061987683
v -9.027437 -3.174543 -2.902772
v -8.973969 -2.1958525 -3.8267596
v -8.563736 -5.069538 -0.9800959
v -8.060462 -5.9100943 -0.06198772
v -8.8889065 -4.144876 -1.950828
v -8.715552 -3.0648634 -3.8267596
v -8.566411 -2.0961235 -4.713893
v -8.025586 -5.884522 -0.980096
v -7.4423466 -6.6717005 -0.061987743
v -8.439825 -4.996185 -1.950828
v -8.672798 -4.0441017 -2.902772
v -8.31973 -2.9256663 -4.713893
v -8.076353 -1.9762063 -5.555628
v -7.4101458 -6.6428328 -0.980096
v -6.7525587 -7.369055 -0.06198774
v -8.373164 -3.9043806 -3.8267596
v -7.909462 -5.799376 -1.9508281
v -8.234634 -4.874713 -2.902772
v -7.8437867 -2.7582924 -5.555628
v -7.5085135 -1.8372568 -6.3438587
v -6.7233424 -7.33717 -0.980096
v -5.9977384 -7.995439 -0.061987724
v -7.9928937 -3.7270577 -4.713893
v -7.9501386 -4.7062955 -3.8267596
v -7.302927 -6.5467153 -1.9508281
v -7.717166 -5.6583786 -2.9027722
v -7.2923007 -2.5643547 -6.3438587
v -6.8683624 -1.6806127 -7.070994
v -5.9717875 -7.960844 -0.980096
v -5.1852 -8.5448265 -0.061987564
v -5.1627655 -8.507855 -0.9800958
v -6.6260605 -7.231005 -1.9508282
v -5.8853803 -7.8456545 -1.9508282
v -5.088065 -8.384753 -1.9508278
v -7.1253757 -6.3875475 -2.902772
v -6.464966 -7.0552015 -2.9027722
v -5.742294 -7.6549087 -2.902772
v -4.964363 -8.180899 -2.902772
v -7.4505477 -5.4628854 -3.8267598
v -6.879204 -6.1668644 -3.8267596
v -6.2416086 -6.811451 -3.8267598
v -5.5439043 -7.390439 -3.8267596
v -4.7928524 -7.898257 -3.8267593
v -7.5890803 -4.4925528 -4.713893
v -7.1121774 -5.2147818 -4.713893
v -6.566782 -5.886789 -4.713893
v -5.958144 -6.5021014 -4.713893
v -5.292126 -7.0547953 -4.713893
v -4.575184 -7.5395503 -4.713893
v -7.535646 -3.5138383 -5.5556273
v -7.154932 -4.2355433 -5.5556273
v -6.705313 -4.9164557 -5.555628
v -6.1911173 -5.55002 -5.555628
v -5.617298 -6.1301336 -5.555628
v -4.9893804 -6.6512074 -5.555628
v -4.3134546 -7.108233 -5.5556273
v -7.0058246 -3.2667787 -6.3438582
v -6.6518793 -3.9377418 -6.3438582
v -6.2338715 -4.5707803 -6.3438587
v -5.755828 -5.159799 -6.3438587
v -5.2223525 -5.6991262 -6.3438587
v -4.638582 -6.1835647 -6.3438587
v -4.0101843 -6.608458 -6.3438582
v -6.6705866 -2.3457181 -7.0709934
v -6.1620646 -1.5077823 -7.73003
v -6.408535 -2.9882574 -7.0709934
v -5.98463 -2.104491 -7.73003
v -5.3964233 -1.3204308 -8.314621
v -5.2410393 -1.8429949 -8.314621
v -5.749526 -2.6809561 -7.73003
v -5.0351458 -2.3478348 -8.31462
v -6.0847645 -3.6020164 -7.0709934
v -5.45905 -3.2316003 -7.73003
v -4.7807612 -2.830062 -8.31462
v -5.702395 -4.1810856 -7.0709934
v -5.116 -3.7511227 -7.73003
v -4.480335 -3.285033 -8.314621
v -5.2651067 -4.719887 -7.070994
v -4.723679 -4.2345166 -7.73003
v -4.1367607 -3.7083669 -8.314621
v -4.7771134 -5.213232 -7.070994
v -4.2858677 -4.6771307 -7.7300305
v -3.7533472 -4.0959854 -8.314621
v -4.243113 -5.65637 -7.0709934
v -3.668293 -6.0450387 -7.0709934
v -3.80678 -5.0746994 -7.73003
v -3.333786 -4.4441566 -8.314621
v -3.2910745 -5.423401 -7.73003
v -2.882162 -4.749533 -8.314621
v -4.5788097 -1.1203616 -8.819136
v -5.3964233 -1.3204308 -8.314621
v -5.2410393 -1.8429949 -8.314621
v -4.4469724 -1.5637492 -8.819136
v -3.7170997 -0.90950185 -9.238719
v -5.0351458 -2.3478348 -8.31462
v -3.6100798 -1.2694426 -9.238719
v -2.819591 -0.6898825 -9.569326
v -4.2722745 -1.9921013 -8.819136
v -4.7807612 -2.830062 -8.31462
v -2.7384193 -0.9629096 -9.569326
v -1.8949277 -0.46361834 -9.8077755
v -4.0564313 -2.401267 -8.819136
v -4.480335 -3.285033 -8.314621
v -3.4682586 -1.6171819 -9.238719
v -1.8403867 -0.6471022 -9.8077755
v -0.9520542 -0.23288485 -9.951769
v -0.9246713 -0.32506853 -9.951769
v -3.8015227 -2.7873063 -8.819136
v -4.1367607 -3.7083669 -8.314621
v -3.2930355 -1.9493455 -9.238719
v -2.6308408 -1.2266873 -9.569326
v -1.768087 -0.8243776 -9.8077755
v -0.8883467 -0.41413474 -9.951769
v -3.5100024 -3.1465008 -8.819137
v -3.7533472 -4.0959854 -8.314621
v -3.0860987 -2.262735 -9.238719
v -2.497926 -1.4786499 -9.569326
v -1.6787593 -0.99371284 -9.8077755
v -0.8434669 -0.49921173 -9.951769
v -3.1846793 -3.4753926 -8.819137
v -3.333786 -4.4441566 -8.314621
v -2.8494406 -2.5543318 -9.238719
v -2.3409538 -1.7163713 -9.569326
v -1.5732641 -1.153477 -9.8077755
v -0.7904642 -0.57948 -9.951769
v -2.8286853 -3.7708125 -8.819137
v -2.882162 -4.749533 -8.314621
v -2.445492 -4.0299225 -8.819137
v -2.5853407 -2.8213284 -9.238719
v -2.1614366 -1.9375621 -9.569326
v -1.452617 -1.3021315 -9.8077755
v -0.7298492 -0.6541666 -9.951769
v -2.2963421 -3.0611527 -9.23872
v -1.9852713 -3.2715015 -9.23872
v -1.9611042 -2.1400921 -9.569326
v -1.3179803 -1.4382448 -9.8077755
v -0.66220546 -0.72255224 -9.951769
v -1.7418845 -2.322011 -9.569326
v -1.5059314 -2.4815726 -9.569326
v -1.1706505 -1.5605059 -9.8077755
v -0.58818436 -0.7839783 -9.951769
v -1.0120885 -1.667744 -9.8077755
v -0.508513 -0.8378556 -9.951769
v -9.372351 -3.2958376 0.04213719
v -9.650245 -2.3613365 -0.041987553
v -9.650245 -2.3613365 0.04213717
v -9.372351 -3.2958376 -0.04198753
v -9.004162 -4.1986203 0.04213711
v -9.004162 -4.1986203 -0.041987613
v -8.549255 -5.0609665 0.042137053
v -8.549255 -5.0609665 -0.04198767
v -8.012017 -5.8745723 0.042137012
v -8.012017 -5.8745723 -0.04198771
v -7.3976173 -6.6316023 0.042136993
v -7.3976173 -6.6316023 -0.04198773
v -6.7119746 -7.3247657 0.042136993
v -6.7119746 -7.3247657 -0.04198773
v -5.961691 -7.947384 0.04213701
v -5.961691 -7.947384 -0.041987713
v -5.1540365 -8.493471 0.04213717
v -5.1540365 -8.493471 -0.041987553
v -5.9977384 -7.995439 0.062136997
v -5.961691 -7.947384 0.04213701
v -6.7119746 -7.3247657 0.042136993
v -6.7525587 -7.369055 0.06213698
v -6.7525587 -7.369055 0.06213698
v -6.7119746 -7.3247657 0.042136993
v -7.3976173 -6.6316023 0.042136993
v -7.4423466 -6.6717005 0.062136978
v -7.4423466 -6.6717005 0.062136978
v -7.3976173 -6.6316023 0.042136993
v -8.012017 -5.8745723 0.042137012
v -8.060462 -5.9100943 0.062137
v -8.060462 -5.9100943 0.062137
v -8.012017 -5.8745723 0.042137012
v -8.549255 -5.0609665 0.042137053
v -8.600949 -5.0915685 0.062137038
v -8.600949 -5.0915685 0.062137038
v -8.549255 -5.0609665 0.042137053
v -9.004162 -4.1986203 0.04213711
v -9.058605 -4.224008 0.0621371
v -9.058605 -4.224008 0.0621371
v -9.004162 -4.1986203 0.04213711
v -9.372351 -3.2958376 0.04213719
v -9.42902 -3.315766 0.06213718
v -9.42902 -3.315766 0.06213718
v -9.372351 -3.2958376 0.04213719
v -9.650245 -2.3613365 0.04213717
v -9.708595 -2.3756146 0.062137157
v -9.708595 -2.3756146 -0.061987564
v -9.650245 -2.3613365 -0.041987553
v -9.372351 -3.2958376 -0.04198753
v -9.42902 -3.315766 -0.06198754
v -9.42902 -3.315766 -0.06198754
v -9.372351 -3.2958376 -0.04198753
v -9.004162 -4.1986203 -0.041987613
v -9.058605 -4.224008 -0.06198762
v -9.058605 -4.224008 -0.06198762
v -9.004162 -4.1986203 -0.041987613
v -8.549255 -5.0609665 -0.04198767
v -8.600949 -5.0915685 -0.061987683
v -8.600949 -5.0915685 -0.061987683
v -8.549255 -5.0609665 -0.04198767
v -8.012017 -5.8745723 -0.04198771
v -8.060462 -5.9100943 -0.06198772
v -8.060462 -5.9100943 -0.06198772
v -8.012017 -5.8745723 -0.04198771
v -7.3976173 -6.6316023 -0.04198773
v -7.4423466 -6.6717005 -0.061987743
v -7.4423466 -6.6717005 -0.061987743
v -7.3976173 -6.6316023 -0.04198773
v -6.7119746 -7.3247657 -0.04198773
v -6.7525587 -7.369055 -0.06198774
v -6.7525587 -7.369055 -0.06198774
v -6.7119746 -7.3247657 -0.04198773
v -5.961691 -7.947384 -0.041987713
v -5.9977384 -7.995439 -0.061987724
v -5.1852 -8.5448265 0.062137157
v -5.1540365 -8.493471 0.04213717
v -5.961691 -7.947384 0.04213701
v -5.9977384 -7.995439 0.062136997
v -5.9977384 -7.995439 -0.061987724
v -5.961691 -7.947384 -0.041987713
v -5.1540365 -8.493471 -0.041987553
v -5.1852 -8.5448265 -0.061987564
v -1.6677537 1.0120939 9.807932
v -0.83791494 0.5085285 9.951926
v -0.8837501 0.4239776 9.951926
v -1.7589307 0.8437826 9.807932
v -2.4815817 1.5059361 9.569482
v -0.92104435 0.33531216 9.951926
v -2.6172447 1.255478 9.569482
v -3.27151 1.9852759 9.2388735
v -1.83316 0.6673056 9.807932
v -0.94946826 0.24341832 9.951926
v -3.450353 1.6550833 9.2388735
v -4.0299306 2.4454966 8.819291
v -1.8897341 0.48440287 9.807932
v -0.9687481 0.14918076 9.951926
v -2.7276943 0.9928889 9.569482
v -4.250231 2.0387495 8.819291
v -4.7495403 2.882166 8.3147745
v -1.9281081 0.29683545 9.807932
v -0.97869825 0.053507272 9.951926
v -2.811874 0.72073865 9.569482
v -3.595959 1.308911 9.2388735
v -5.0091763 2.4027817 8.3147745
v -5.4234076 3.2910779 7.730183
v -5.7198796 2.7436748 7.7301826
v -1.9479126 0.10640969 9.807932
v -0.9792229 -0.04268075 9.951926
v -4.429591 1.6123278 8.819291
v -5.220564 1.9002182 8.3147745
v -5.9612584 2.1698086 7.7301826
v -2.8689725 0.44164753 9.569482
v -3.706933 0.950134 9.2388735
v -1.9489566 -0.08504007 9.807932
v -0.9703168 -0.13845713 9.951926
v -4.5662913 1.1703796 8.819291
v -5.3816733 1.3793542 8.3147745
v -6.1452255 1.5750458 7.7301826
v -2.8984406 0.15830387 9.569482
v -3.7822063 0.5822074 9.2388735
v -1.9312303 -0.27567038 9.807932
v -0.95206374 -0.232889 9.951926
v -1.8949382 -0.46362156 9.807932
v -4.6590147 0.71716005 8.819291
v -5.4909534 0.84520745 8.3147745
v -6.27001 0.9651156 7.7301826
v -2.8999941 -0.12656377 9.569483
v -2.8736184 -0.41021204 9.569483
v -2.8196008 -0.68988544 9.569483
v -3.821054 0.20867376 9.2388735
v -4.706868 0.25703475 8.819291
v -5.5473514 0.3029213 8.3147745
v -6.334409 0.34589055 7.7301826
v -3.8231025 -0.1668684 9.2388735
v -3.788331 -0.54080325 9.2388735
v -3.7171087 -0.90950483 9.238874
v -4.7093906 -0.20556524 8.819291
v -5.5503244 -0.24228168 8.3147745
v -6.337805 -0.27666447 7.7301826
v -4.6665583 -0.66618496 8.819291
v -4.5788183 -1.1203641 8.819292
v -5.499844 -0.7851505 8.3147745
v -6.280163 -0.8965544 7.7301826
v -5.396431 -1.3204329 8.3147745
v -6.162071 -1.5077848 7.7301826
v -6.045044 3.6682959 7.0711455
v -5.4234076 3.2910779 7.730183
v -5.7198796 2.7436748 7.7301826
v -6.3754964 3.058145 7.071146
v -6.6084623 4.010186 6.344011
v -5.9612584 2.1698086 7.7301826
v -6.9697123 3.3431644 6.344011
v -7.1082363 4.313456 5.5557804
v -6.6445413 2.4185023 7.071146
v -6.1452255 1.5750458 7.7301826
v -7.4968066 3.5959885 5.5557804
v -7.5395536 4.5751853 4.714046
v -6.8495946 1.7555698 7.071146
v -6.27001 0.9651156 7.7301826
v -7.2638335 2.6439059 6.3440113
v -7.9517 3.814181 4.7140455
v -7.898259 4.792854 3.8269122
v -6.988682 1.075729 7.0711455
v -6.334409 0.34589055 7.7301826
v -7.4879985 1.919186 6.3440113
v -7.81317 2.8438475 5.5557804
v -8.330014 3.9956408 3.8269122
v -8.180901 4.9643645 2.902924
v -7.0604625 0.38552982 7.0711455
v -6.337805 -0.27666447 7.7301826
v -8.28726 3.016403 4.7140455
v -7.6400485 1.1759838 6.344011
v -8.054286 2.0643208 5.555781
v -8.628105 4.1386223 2.902924
v -8.384754 5.0880656 1.9509801
v -7.0642467 -0.3083822 7.071146
v -6.280163 -0.8965544 7.7301826
v -8.681539 3.1599085 3.826912
v -8.543007 2.189576 4.7140455
v -7.7185197 0.42145643 6.344011
v -8.217835 1.264913 5.5557804
v -8.8431015 4.241747 1.9509801
v -8.507855 5.162766 0.98024774
v -6.9999976 -0.99932307 7.071146
v -6.162071 -1.5077848 7.7301826
v -6.868368 -1.6806148 7.0711455
v -7.7226567 -0.3371288 6.344011
v -7.6524186 -1.0924672 6.3440113
v -7.508518 -1.8372587 6.344011
v -8.302241 0.45332444 5.5557804
v -8.306691 -0.36262858 5.5557804
v -8.231142 -1.1750902 5.555781
v -8.076357 -1.9762082 5.5557804
v -8.71648 1.3416618 4.7140455
v -8.806007 0.48082772 4.7140455
v -8.810727 -0.3846365 4.7140455
v -8.730594 -1.2463955 4.7140455
v -8.566414 -2.0961244 4.7140455
v -8.949453 2.2937438 3.826912
v -9.131181 1.40549 3.826912
v -9.224967 0.50370115 3.8269117
v -9.229911 -0.40293843 3.826912
v -9.145966 -1.3056959 3.826912
v -8.973971 -2.195853 3.826912
v -8.9922085 3.2729824 2.902924
v -9.269711 2.375823 2.902924
v -9.457939 1.455783 2.902924
v -9.555082 0.5217232 2.9029238
v -9.5602045 -0.4173594 2.902924
v -9.473254 -1.3524233 2.9029238
v -9.295105 -2.274434 2.902924
v -9.216278 3.354537 1.9509801
v -9.500694 2.4350224 1.95098
v -9.693614 1.4920568 1.9509798
v -9.793177 0.53472275 1.9509798
v -9.798427 -0.42776018 1.9509797
v -9.70931 -1.3861232 1.9509798
v -9.526722 -2.3311107 1.9509801
v -8.972933 4.3040214 0.9802478
v -8.5448265 5.1852007 0.06213716
v -9.011925 4.322724 0.06213718
v -9.351588 3.4037862 0.9802477
v -9.392226 3.4185774 0.062137105
v -9.640181 2.4707713 0.9802477
v -9.682072 2.4815073 0.06213704
v -9.835932 1.5139613 0.9802476
v -9.878675 1.5205402 0.062136997
v -9.936956 0.54257244 0.98024756
v -9.980139 0.54492944 0.06213698
v -9.942284 -0.43404153 0.9802476
v -9.985489 -0.43592837 0.062136978
v -9.851858 -1.4064746 0.9802476
v -9.8946705 -1.4125872 0.062136997
v -9.666589 -2.3653355 0.9802478
v -9.708595 -2.3756146 0.062137157
v -8.507855 5.1627655 -0.98009586
v -8.5448265 5.1852007 -0.06198756
v -9.011925 4.322724 -0.06198754
v -8.972933 4.3040214 -0.9800958
v -8.384753 5.0880656 -1.9508278
v -9.392226 3.4185774 -0.061987616
v -8.843101 4.2417464 -1.9508278
v -8.180899 4.9643636 -2.902772
v -9.351588 3.4037862 -0.9800959
v -9.682072 2.4815073 -0.06198768
v -8.628103 4.138622 -2.902772
v -7.8982573 4.7928524 -3.8267596
v -9.640181 2.4707713 -0.9800959
v -9.878675 1.5205402 -0.061987724
v -9.216276 3.3545368 -1.9508278
v -8.330011 3.9956408 -3.8267593
v -7.539551 4.5751843 -4.7138925
v -9.835932 1.5139613 -0.980096
v -9.980139 0.54492944 -0.06198774
v -9.500694 2.4350219 -1.950828
v -8.992207 3.2729824 -2.902772
v -7.9516964 3.8141797 -4.713893
v -7.108233 4.313455 -5.555628
v -9.936956 0.54257244 -0.98009604
v -9.985489 -0.43592837 -0.061987743
v -8.681535 3.1599073 -3.8267596
v -9.693613 1.4920564 -1.9508281
v -9.269709 2.3758233 -2.902772
v -7.496802 3.5959876 -5.555628
v -6.6084576 4.0101843 -6.3438587
v -9.942284 -0.43404153 -0.980096
v -9.8946705 -1.4125872 -0.061987724
v -8.287257 3.0164022 -4.713893
v -8.9494505 2.2937436 -3.8267596
v -9.793177 0.53472227 -1.9508281
v -9.457939 1.4557828 -2.902772
v -6.969708 3.3431633 -6.3438587
v -6.045038 3.6682932 -7.070994
v -9.851858 -1.4064746 -0.980096
v -9.708595 -2.3756146 -0.061987564
v -9.666589 -2.3653352 -0.9800958
v -9.798426 -0.42776066 -1.9508282
v -9.709309 -1.3861232 -1.9508281
v -9.526721 -2.3311098 -1.9508278
v -9.55508 0.5217237 -2.9027722
v -9.560203 -0.4173594 -2.902772
v -9.473253 -1.3524228 -2.9027722
v -9.295104 -2.2744336 -2.902772
v -9.131176 1.4054898 -3.8267596
v -9.224963 0.5037007 -3.8267598
v -9.229907 -0.4029389 -3.8267596
v -9.145962 -1.3056968 -3.8267596
v -8.973969 -2.1958525 -3.8267596
v -8.543005 2.1895754 -4.713893
v -8.716476 1.3416616 -4.713893
v -8.806005 0.48082772 -4.713893
v -8.810724 -0.38463554 -4.713893
v -8.730592 -1.246395 -4.713893
v -8.566411 -2.0961235 -4.713893
v -7.813165 2.8438473 -5.555628
v -8.054282 2.06432 -5.5556273
v -8.217832 1.2649137 -5.555628
v -8.3022375 0.4533242 -5.555628
v -8.306688 -0.36262882 -5.555628
v -8.231138 -1.175089 -5.5556273
v -8.076353 -1.9762063 -5.555628
v -7.263828 2.6439052 -6.3438582
v -7.487993 1.9191855 -6.3438582
v -7.640043 1.1759838 -6.3438587
v -7.718514 0.42145643 -6.3438587
v -7.722652 -0.33712903 -6.3438587
v -7.6524134 -1.092467 -6.3438582
v -7.5085135 -1.8372568 -6.3438587
v -6.3754907 3.0581443 -7.0709934
v -5.423401 3.2910745 -7.7300296
v -6.644536 2.4185016 -7.0709934
v -5.7198725 2.743673 -7.73003
v -4.749533 2.882162 -8.314621
v -5.0091686 2.4027803 -8.314621
v -5.961251 2.169807 -7.73003
v -5.220556 1.9002162 -8.314621
v -6.849589 1.7555684 -7.0709934
v -6.145218 1.5750451 -7.73003
v -5.3816648 1.3793532 -8.314621
v -6.988676 1.0757288 -7.070994
v -6.2700024 0.96511465 -7.73003
v -5.4909444 0.8452065 -8.314621
v -7.0604568 0.38552958 -7.070994
v -6.334401 0.34589055 -7.73003
v -5.547343 0.30292058 -8.314621
v -7.0642414 -0.30838197 -7.0709934
v -6.3377967 -0.27666423 -7.73003
v -5.5503163 -0.24228168 -8.314621
v -6.999992 -0.99932283 -7.0709934
v -6.8683624 -1.6806127 -7.070994
v -6.280154 -0.89655393 -7.73003
v -5.499836 -0.7851503 -8.314621
v -6.1620646 -1.5077823 -7.73003
v -5.3964233 -1.3204308 -8.314621
v -4.0299225 2.4454923 -8.819137
v -4.749533 2.882162 -8.314621
v -5.0091686 2.4027803 -8.314621
v -4.250222 2.038747 -8.819137
v -3.2715015 1.9852713 -9.23872
v -5.220556 1.9002162 -8.314621
v -3.4503434 1.6550804 -9.23872
v -2.4815726 1.5059315 -9.569327
v -4.4295826 1.612326 -8.819137
v -5.3816648 1.3793532 -8.314621
v -2.6172347 1.2554752 -9.569327
v -1.6677439 1.0120887 -9.8077755
v -4.5662823 1.1703782 -8.819137
v -5.4909444 0.8452065 -8.314621
v -3.5959494 1.3089089 -9.23872
v -1.7589203 0.8437796 -9.8077755
v -0.83790624 0.50852495 -9.951769
v -0.88374114 0.42397636 -9.951769
v -4.6590056 0.71715933 -8.819137
v -5.547343 0.30292058 -8.314621
v -3.7069232 0.95013255 -9.23872
v -2.7276843 0.9928868 -9.569327
v -1.8331493 0.6673033 -9.8077755
v -0.9210352 0.3353116 -9.951769
v -4.7068586 0.2570345 -8.819137
v -5.5503163 -0.24228168 -8.314621
v -3.7821965 0.5822062 -9.23872
v -2.8118637 0.7207372 -9.569327
v -1.8897232 0.48440102 -9.8077755
v -0.94945884 0.24341847 -9.951769
v -4.709382 -0.205565 -8.819137
v -5.499836 -0.7851503 -8.314621
v -3.821044 0.20867352 -9.23872
v -2.868962 0.4416467 -9.569327
v -1.9280971 0.29683438 -9.8077755
v -0.96873856 0.14918168 -9.951769
v -4.6665497 -0.66618425 -8.819137
v -5.3964233 -1.3204308 -8.314621
v -4.5788097 -1.1203616 -8.819136
v -3.8230925 -0.16686828 -9.23872
v -2.8984299 0.1583034 -9.569327
v -1.9479015 0.10640933 -9.8077755
v -0.97868866 0.053508956 -9.951769
v -3.788321 -0.5408024 -9.23872
v -3.7170997 -0.90950185 -9.238719
v -2.8999836 -0.12656365 -9.569326
v -1.9489454 -0.08503977 -9.8077755
v -0.97921324 -0.042678382 -9.951769
v -2.8736079 -0.41021132 -9.569326
v -2.819591 -0.6898825 -9.569326
v -1.9312191 -0.27566925 -9.8077755
v -0.97030723 -0.13845398 -9.951769
v -1.8949277 -0.46361834 -9.8077755
v -0.9520542 -0.23288485 -9.951769
v -8.957762 4.296744 0.04213719
v -8.493471 5.1540365 -0.041987557
v -8.493471 5.1540365 0.042137165
v -8.957762 4.296744 -0.04198753
v -9.335776 3.3980312 0.042137112
v -9.335776 3.3980312 -0.04198761
v -9.62388 2.4665933 0.042137053
v -9.62388 2.4665933 -0.04198767
v -9.819302 1.5114021 0.042137012
v -9.819302 1.5114021 -0.04198771
v -9.9201565 0.5416545 0.042136993
v -9.9201565 0.5416545 -0.04198773
v -9.925474 -0.43330815 0.042136993
v -9.925474 -0.43330815 -0.04198773
v -9.835201 -1.4040966 0.042137012
v -9.835201 -1.4040966 -0.04198771
v -9.650245 -2.3613365 0.04213717
v -9.650245 -2.3613365 -0.041987553
v -9.8946705 -1.4125872 0.062136997
v -9.835201 -1.4040966 0.042137012
v -9.925474 -0.43330815 0.042136993
v -9.985489 -0.43592837 0.062136978
v -9.985489 -0.43592837 0.062136978
v -9.925474 -0.43330815 0.042136993
v -9.9201565 0.5416545 0.042136993
v -9.980139 0.54492944 0.06213698
v -9.980139 0.54492944 0.06213698
v -9.9201565 0.5416545 0.042136993
v -9.819302 1.5114021 0.042137012
v -9.878675 1.5205402 0.062136997
v -9.878675 1.5205402 0.062136997
v -9.819302 1.5114021 0.042137012
v -9.62388 2.4665933 0.042137053
v -9.682072 2.4815073 0.06213704
v -9.682072 2.4815073 0.06213704
v -9.62388 2.4665933 0.042137053
v -9.335776 3.3980312 0.042137112
v -9.392226 3.4185774 0.062137105
v -9.392226 3.4185774 0.062137105
v -9.335776 3.3980312 0.042137112
v -8.957762 4.296744 0.04213719
v -9.011925 4.322724 0.06213718
v -9.011925 4.322724 0.06213718
v -8.957762 4.296744 0.04213719
v -8.493471 5.1540365 0.042137165
v -8.5448265 5.1852007 0.06213716
v -8.5448265 5.1852007 -0.06198756
v -8.493471 5.1540365 -0.041987557
v -8.957762 4.296744 -0.04198753
v -9.011925 4.322724 -0.06198754
v -9.011925 4.322724 -0.06198754
v -8.957762 4.296744 -0.04198753
v -9.335776 3.3980312 -0.04198761
v -9.392226 3.4185774 -0.061987616
v -9.392226 3.4185774 -0.061987616
v -9.335776 3.3980312 -0.04198761
v -9.62388 2.4665933 -0.04198767
v -9.682072 2.4815073 -0.06198768
v -9.682072 2.4815073 -0.06198768
v -9.62388 2.4665933 -0.04198767
v -9.819302 1.5114021 -0.04198771
v -9.878675 1.5205402 -0.061987724
v -9.878675 1.5205402 -0.061987724
v -9.819302 1.5114021 -0.04198771
v -9.9201565 0.5416545 -0.04198773
v -9.980139 0.54492944 -0.06198774
v -9.980139 0.54492944 -0.06198774
v -9.9201565 0.5416545 -0.04198773
v -9.925474 -0.43330815 -0.04198773
v -9.985489 -0.43592837 -0.061987743
v -9.985489 -0.43592837 -0.061987743
v -9.925474 -0.43330815 -0.04198773
v -9.835201 -1.4040966 -0.04198771
v -9.8946705 -1.4125872 -0.061987724
v -9.708595 -2.3756146 0.062137157
v -9.650245 -2.3613365 0.04213717
v -9.835201 -1.4040966 0.042137012
v -9.8946705 -1.4125872 0.062136997
v -9.8946705 -1.4125872 -0.061987724
v -9.835201 -1.4040966 -0.04198771
v -9.650245 -2.3613365 -0.041987553
v -9.708595 -2.3756146 -0.061987564
v -0.46362153 1.8949383 9.807931
v -0.23295087 0.95206046 9.951926
v -0.32516742 0.92467487 9.951926
v -0.6471075 1.8403962 9.807931
v -0.6898854 2.8196006 9.569482
v -0.41423428 0.88835 9.951926
v -0.96291447 2.738428 9.569482
v -0.9095048 3.717109 9.238874
v -0.8243837 1.7680962 9.807931
v -0.49931186 0.8434699 9.951926
v -1.2694474 3.6100886 9.238874
v -1.1203641 4.578818 8.819291
v -0.99371934 1.6787684 9.807931
v -0.5795808 0.79046685 9.951926
v -1.2266926 2.6308494 9.569482
v -1.5637536 4.44698 8.819292
v -1.3204328 5.3964305 8.3147745
v -1.153484 1.5732727 9.807931
v -0.654268 0.7298513 9.951926
v -1.4786559 2.4979339 9.569482
v -1.6171871 3.4682667 9.238874
v -1.8429995 5.2410455 8.3147745
v -1.5077846 6.162071 7.7301826
v -2.1044948 5.9846363 7.7301826
v -1.3021392 1.4526253 9.807931
v -0.7226447 0.66221744 9.951926
v -1.9921062 4.2722816 8.819292
v -2.3478389 5.035153 8.3147745
v -2.6809602 5.749532 7.7301826
v -1.7163779 2.3409615 9.569482
v -1.9493515 3.2930439 9.238874
v -1.4382529 1.317988 9.807931
v -0.7840618 0.58820623 9.951926
v -2.4012723 4.0564384 8.819292
v -2.830067 4.780768 8.3147745
v -3.2316053 5.459056 7.7301826
v -1.9375691 2.1614442 9.569482
v -2.262741 3.0861065 9.238874
v -1.5605145 1.1706578 9.807931
v -0.83791494 0.5085285 9.951926
v -1.6677537 1.0120939 9.807932
v -2.787312 3.8015294 8.819292
v -3.2850385 4.480342 8.3147745
v -3.751127 5.116006 7.7301826
v -2.1400998 1.9611112 9.569482
v -2.3220189 1.741891 9.569482
v -2.4815817 1.5059361 9.569482
v -2.5543385 2.849448 9.2388735
v -3.1465075 3.510009 8.819292
v -3.708372 4.1367674 8.3147745
v -4.2345223 4.723685 7.7301826
v -2.8213353 2.585348 9.2388735
v -3.0611603 2.296349 9.2388735
v -3.27151 1.9852759 9.2388735
v -3.4753985 3.1846852 8.819292
v -4.095991 3.7533526 8.3147745
v -4.677136 4.285873 7.730182
v -3.770819 2.8286908 8.819291
v -4.0299306 2.4454966 8.819291
v -4.4441624 3.3337913 8.3147745
v -5.074705 3.8067856 7.7301826
v -4.7495403 2.882166 8.3147745
v -5.4234076 3.2910779 7.730183
v -1.6806147 6.8683686 7.071146
v -1.5077846 6.162071 7.7301826
v -2.1044948 5.9846363 7.7301826
v -2.3457217 6.6705914 7.071146
v -1.8372586 7.508518 6.3440113
v -2.6809602 5.749532 7.7301826
v -2.5643566 7.292305 6.344011
v -1.976208 8.076356 5.555781
v -2.988261 6.40854 7.071146
v -3.2316053 5.459056 7.7301826
v -2.758295 7.8437905 5.555781
v -2.0961244 8.566413 4.7140455
v -3.6020195 6.0847697 7.071146
v -3.751127 5.116006 7.7301826
v -3.2667825 7.00583 6.344011
v -2.9256675 8.319734 4.7140455
v -2.195853 8.973971 3.826912
v -4.1810894 5.7023993 7.071146
v -4.2345223 4.723685 7.7301826
v -3.9377453 6.6518836 6.344011
v -3.5138416 7.535649 5.555781
v -3.0648649 8.715553 3.826912
v -2.274434 9.295107 2.902924
v -4.7198906 5.265112 7.071146
v -4.677136 4.285873 7.730182
v -3.7270591 7.9928966 4.7140455
v -4.5707846 6.233876 6.344011
v -4.2355447 7.1549354 5.5557804
v -3.1745446 9.02744 2.902924
v -2.3311105 9.526723 1.9509801
v -5.2132363 4.7771173 7.071146
v -5.074705 3.8067856 7.7301826
v -3.904382 8.373166 3.826912
v -4.492554 7.5890813 4.7140455
v -5.1598034 5.7558327 6.344011
v -4.9164586 6.705315 5.5557804
v -3.2536495 9.252385 1.9509801
v -2.365335 9.666589 0.98024774
v -5.6563745 4.243118 7.0711455
v -5.4234076 3.2910779 7.730183
v -6.045044 3.6682959 7.0711455
v -5.699129 5.222357 6.3440113
v -6.183569 4.638586 6.3440113
v -6.6084623 4.010186 6.344011
v -5.550022 6.191119 5.5557804
v -6.1301346 5.6173 5.5557804
v -6.651211 4.989382 5.5557804
v -7.1082363 4.313456 5.5557804
v -5.214784 7.11218 4.7140455
v -5.8867908 6.5667834 4.7140455
v -6.502104 5.958145 4.7140455
v -7.0547967 5.292127 4.7140455
v -7.5395536 4.5751853 4.714046
v -4.7062974 7.9501405 3.8269117
v -5.4628882 7.4505506 3.826912
v -6.1668663 6.8792067 3.826912
v -6.811453 6.2416115 3.8269117
v -7.3904405 5.5439076 3.826912
v -7.898259 4.792854 3.8269122
v -4.044104 8.6728 2.902924
v -4.8747153 8.234636 2.902924
v -5.6583796 7.717167 2.9029238
v -6.3875504 7.1253777 2.902924
v -7.0552034 6.4649677 2.9029238
v -7.6549106 5.742295 2.902924
v -8.180901 4.9643645 2.902924
v -4.144877 8.888909 1.95098
v -4.996185 8.439827 1.95098
v -5.799377 7.9094634 1.9509798
v -6.5467157 7.302927 1.9509798
v -7.2310066 6.6260614 1.9509798
v -7.845656 5.885381 1.9509798
v -8.384754 5.0880656 1.9509801
v -3.3014193 9.388224 0.9802478
v -2.3756144 9.708595 0.06213716
v -3.315766 9.42902 0.06213718
v -4.2057314 9.019411 0.98024774
v -4.224008 9.058605 0.0621371
v -5.069538 8.563736 0.9802476
v -5.0915685 8.600949 0.062137038
v -5.884522 8.025586 0.9802476
v -5.9100943 8.060462 0.062137
v -6.6428328 7.410146 0.9802476
v -6.6717005 7.4423466 0.062136978
v -7.33717 6.723343 0.98024756
v -7.369055 6.7525587 0.062136978
v -7.960844 5.971788 0.9802476
v -7.995439 5.9977384 0.062136997
v -8.507855 5.162766 0.98024774
v -8.5448265 5.1852007 0.06213716
v -2.365335 9.666589 -0.98009586
v -2.3756144 9.708595 -0.06198756
v -3.315766 9.42902 -0.06198754
v -3.3014193 9.388224 -0.9800958
v -2.3311098 9.52672 -1.9508278
v -4.224008 9.058605 -0.06198762
v -3.253649 9.252383 -1.9508278
v -2.2744336 9.295103 -2.902772
v -4.2057314 9.019411 -0.98009586
v -5.0915685 8.600949 -0.061987683
v -3.174543 9.027436 -2.902772
v -2.1958523 8.973969 -3.8267593
v -5.069538 8.563736 -0.980096
v -5.9100943 8.060462 -0.06198772
v -4.1448765 8.888906 -1.950828
v -3.0648634 8.715552 -3.8267596
v -2.0961232 8.566411 -4.713893
v -5.884522 8.025586 -0.980096
v -6.6717005 7.4423466 -0.061987743
v -4.9961853 8.439824 -1.950828
v -4.0441017 8.672797 -2.902772
v -2.9256663 8.319731 -4.713893
v -1.9762061 8.076352 -5.5556273
v -6.6428328 7.4101453 -0.980096
v -7.369055 6.7525587 -0.061987743
v -3.9043806 8.373164 -3.8267596
v -5.7993765 7.909462 -1.9508281
v -4.874713 8.234633 -2.902772
v -2.7582924 7.8437867 -5.5556273
v -1.8372567 7.5085135 -6.3438582
v -7.33717 6.723342 -0.98009604
v -7.995439 5.9977384 -0.061987724
v -3.7270577 7.9928937 -4.713893
v -4.7062955 7.9501386 -3.8267598
v -6.5467157 7.302927 -1.9508281
v -5.6583786 7.717166 -2.9027722
v -2.5643547 7.2923007 -6.3438587
v -1.6806126 6.8683624 -7.0709934
v -7.960844 5.971787 -0.980096
v -8.5448265 5.1852007 -0.06198756
v -8.507855 5.1627655 -0.98009586
v -7.2310057 6.6260605 -1.9508281
v -7.845655 5.8853803 -1.9508281
v -8.384753 5.0880656 -1.9508278
v -6.3875475 7.1253757 -2.902772
v -7.0552015 6.464966 -2.9027722
v -7.6549087 5.742294 -2.902772
v -8.180899 4.9643636 -2.902772
v -5.4628854 7.4505477 -3.8267596
v -6.1668644 6.879204 -3.8267596
v -6.811451 6.2416086 -3.8267598
v -7.390439 5.5439043 -3.8267596
v -7.8982573 4.7928524 -3.8267596
v -4.492553 7.5890803 -4.713893
v -5.214782 7.1121774 -4.713893
v -5.8867893 6.566782 -4.713893
v -6.502102 5.958144 -4.713893
v -7.0547957 5.292126 -4.713893
v -7.539551 4.5751843 -4.7138925
v -3.5138383 7.535646 -5.5556273
v -4.2355433 7.154932 -5.555628
v -4.9164557 6.705313 -5.555628
v -5.55002 6.1911173 -5.555628
v -6.1301336 5.617298 -5.555628
v -6.6512074 4.9893804 -5.555628
v -7.108233 4.313455 -5.555628
v -3.2667787 7.0058246 -6.3438587
v -3.9377418 6.6518793 -6.3438587
v -4.57078 6.2338715 -6.3438587
v -5.1597986 5.755828 -6.3438587
v -5.699126 5.2223525 -6.3438582
v -6.183564 4.638582 -6.3438582
v -6.6084576 4.0101843 -6.3438587
v -2.3457184 6.6705866 -7.0709934
v -1.5077822 6.162065 -7.73003
v -2.9882576 6.408535 -7.0709934
v -2.1044908 5.98463 -7.73003
v -1.3204306 5.3964233 -8.314621
v -1.8429949 5.2410393 -8.314621
v -2.680956 5.749526 -7.73003
v -2.3478348 5.0351458 -8.314621
v -3.6020167 6.0847645 -7.0709934
v -3.2316 5.45905 -7.73003
v -2.830062 4.7807612 -8.314621
v -4.181085 5.702395 -7.0709934
v -3.7511225 5.116 -7.73003
v -3.285033 4.480335 -8.314621
v -4.7198863 5.2651067 -7.0709934
v -4.2345166 4.723679 -7.73003
v -3.7083669 4.1367607 -8.314621
v -5.2132316 4.7771134 -7.0709934
v -4.6771307 4.2858677 -7.7300305
v -4.0959854 3.7533472 -8.314621
v -5.6563697 4.243113 -7.070994
v -6.045038 3.6682932 -7.070994
v -5.0746994 3.80678 -7.73003
v -4.4441566 3.333786 -8.314621
v -5.423401 3.2910745 -7.7300296
v -4.749533 2.882162 -8.314621
v -1.1203613 4.5788093 -8.819137
v -1.3204306 5.3964233 -8.314621
v -1.8429949 5.2410393 -8.314621
v -1.5637491 4.4469724 -8.819136
v -0.9095018 3.7170994 -9.238719
v -2.3478348 5.0351458 -8.314621
v -1.2694426 3.6100795 -9.238719
v -0.68988246 2.8195913 -9.569327
v -1.9921012 4.2722745 -8.819136
v -2.830062 4.7807612 -8.314621
v -0.9629096 2.7384195 -9.569327
v -0.46361828 1.8949276 -9.807776
v -2.401267 4.0564313 -8.819136
v -3.285033 4.480335 -8.314621
v -1.6171819 3.4682584 -9.238719
v -0.6471022 1.8403866 -9.807776
v -0.2329481 0.9520522 -9.951769
v -0.32516342 0.92466825 -9.951769
v -2.7873063 3.8015227 -8.819136
v -3.7083669 4.1367607 -8.314621
v -1.9493455 3.2930353 -9.238719
v -1.2266873 2.630841 -9.569327
v -0.8243776 1.7680869 -9.807776
v -0.41422963 0.8883437 -9.951769
v -3.1465008 3.5100024 -8.819136
v -4.0959854 3.7533472 -8.314621
v -2.262735 3.0860984 -9.238719
v -1.4786499 2.4979262 -9.569327
v -0.99371284 1.6787592 -9.807776
v -0.49930662 0.84346396 -9.951769
v -3.4753926 3.1846793 -8.819136
v -4.4441566 3.333786 -8.314621
v -2.5543318 2.8494403 -9.23872
v -1.7163713 2.340954 -9.569327
v -1.153477 1.573264 -9.807776
v -0.5795749 0.79046136 -9.951769
v -3.7708125 2.8286853 -8.819137
v -4.749533 2.882162 -8.314621
v -4.0299225 2.4454923 -8.819137
v -2.8213284 2.5853405 -9.23872
v -1.9375621 2.1614368 -9.569327
v -1.3021315 1.4526169 -9.807776
v -0.65426147 0.7298463 -9.951769
v -3.0611527 2.296342 -9.23872
v -3.2715015 1.9852713 -9.23872
v -2.1400921 1.9611042 -9.569327
v -1.4382448 1.3179802 -9.807776
v -0.72263765 0.6622129 -9.951769
v -2.322011 1.7418845 -9.569327
v -2.4815726 1.5059315 -9.569327
v -1.5605059 1.1706504 -9.807776
v -0.7840543 0.58820224 -9.951769
v -1.6677439 1.0120887 -9.8077755
v -0.83790624 0.50852495 -9.951769
v -3.2958376 9.372351 0.04213719
v -2.3613362 9.650245 -0.041987553
v -2.3613362 9.650245 0.04213717
v -3.2958376 9.372351 -0.04198753
v -4.1986203 9.004162 0.042137112
v -4.1986203 9.004162 -0.04198761
v -5.0609665 8.549255 0.042137053
v -5.0609665 8.549255 -0.04198767
v -5.8745723 8.012017 0.042137012
v -5.8745723 8.012017 -0.04198771
v -6.6316023 7.3976173 0.042136997
v -6.6316023 7.3976173 -0.041987725
v -7.3247657 6.7119746 0.042136993
v -7.3247657 6.7119746 -0.04198773
v -7.947384 5.961691 0.042137012
v -7.947384 5.961691 -0.04198771
v -8.493471 5.1540365 0.042137165
v -8.493471 5.1540365 -0.041987557
v -7.995439 5.9977384 0.062136997
v -7.947384 5.961691 0.042137012
v -7.3247657 6.7119746 0.042136993
v -7.369055 6.7525587 0.062136978
v -7.369055 6.7525587 0.062136978
v -7.3247657 6.7119746 0.042136993
v -6.6316023 7.3976173 0.042136997
v -6.6717005 7.4423466 0.062136978
v -6.6717005 7.4423466 0.062136978
v -6.6316023 7.3976173 0.042136997
v -5.8745723 8.012017 0.042137012
v -5.9100943 8.060462 0.062137
v -5.9100943 8.060462 0.062137
v -5.8745723 8.012017 0.042137012
v -5.0609665 8.549255 0.042137053
v -5.0915685 8.600949 0.062137038
v -5.0915685 8.600949 0.062137038
v -5.0609665 8.549255 0.042137053
v -4.1986203 9.004162 0.042137112
v -4.224008 9.058605 0.0621371
v -4.224008 9.058605 0.0621371
v -4.1986203 9.004162 0.042137112
v -3.2958376 9.372351 0.04213719
v -3.315766 9.42902 0.06213718
v -3.315766 9.42902 0.06213718
v -3.2958376 9.372351 0.04213719
v -2.3613362 9.650245 0.04213717
v -2.3756144 9.708595 0.06213716
v -2.3756144 9.708595 -0.06198756
v -2.3613362 9.650245 -0.041987553
v -3.2958376 9.372351 -0.04198753
v -3.315766 9.42902 -0.06198754
v -3.315766 9.42902 -0.06198754
v -3.2958376 9.372351 -0.04198753
v -4.1986203 9.004162 -0.04198761
v -4.224008 9.058605 -0.06198762
v -4.224008 9.058605 -0.06198762
v -4.1986203 9.004162 -0.04198761
v -5.0609665 8.549255 -0.04198767
v -5.0915685 8.600949 -0.061987683
v -5.0915685 8.600949 -0.061987683
v -5.0609665 8.549255 -0.04198767
v -5.8745723 8.012017 -0.04198771
v -5.9100943 8.060462 -0.06198772
v -5.9100943 8.060462 -0.06198772
v -5.8745723 8.012017 -0.04198771
v -6.6316023 7.3976173 -0.041987725
v -6.6717005 7.4423466 -0.061987743
v -6.6717005 7.4423466 -0.061987743
v -6.6316023 7.3976173 -0.041987725
v -7.3247657 6.7119746 -0.04198773
v -7.369055 6.7525587 -0.061987743
v -7.369055 6.7525587 -0.061987743
v -7.3247657 6.7119746 -0.04198773
v -7.947384 5.961691 -0.04198771
v -7.995439 5.9977384 -0.061987724
v -8.5448265 5.1852007 0.06213716
v -8.493471 5.1540365 0.042137165
v -7.947384 5.961691 0.042137012
v -7.995439 5.9977384 0.062136997
v -7.995439 5.9977384 -0.061987724
v -7.947384 5.961691 -0.04198771
v -8.493471 5.1540365 -0.041987557
v -8.5448265 5.1852007 -0.06198756
v 1.0120939 1.6677536 9.807931
v 0.5084666 0.8379114 9.951926
v 0.4238848 0.8837448 9.951926
v 0.8437827 1.7589307 9.807931
v 1.5059364 2.481581 9.569482
v 0.33521938 0.9210391 9.951926
v 1.2554781 2.6172445 9.569482
v 1.9852762 3.27151 9.238874
v 0.6673057 1.8331602 9.807931
v 0.24332549 0.94946307 9.951926
v 1.6550835 3.450353 9.238874
v 2.4454966 4.02993 8.819292
v 0.48440295 1.8897343 9.807931
v 0.14908794 0.9687429 9.951926
v 0.99288905 2.727694 9.569482
v 2.0387497 4.250231 8.819292
v 2.8821664 4.74954 8.3147745
v 0.29683554 1.9281082 9.807931
v 0.05341448 0.97869307 9.951926
v 0.72073877 2.8118737 9.569482
v 1.3089112 3.5959592 9.238874
v 2.402782 5.0091763 8.3147745
v 3.291078 5.4234066 7.7301826
v 2.743675 5.7198787 7.7301826
v 0.10640978 1.9479127 9.807931
v -0.04277356 0.9792177 9.951926
v 1.6123279 4.429591 8.819291
v 1.9002185 5.220564 8.3147745
v 2.1698089 5.961258 7.7301826
v 0.44164765 2.8689723 9.569482
v 0.9501341 3.7069333 9.238874
v -0.08503998 1.9489567 9.807931
v -0.13854991 0.97031176 9.951926
v 1.1703798 4.5662913 8.819291
v 1.3793545 5.3816733 8.3147745
v 1.5750462 6.145225 7.7301826
v 0.15830399 2.8984404 9.569482
v 0.58220756 3.7822065 9.238874
v -0.2756703 1.9312304 9.807931
v -0.23295087 0.95206046 9.951926
v -0.46362153 1.8949383 9.807931
v 0.7171603 4.6590147 8.819291
v 0.8452077 5.4909534 8.3147745
v 0.96511585 6.2700095 7.7301826
v -0.12656365 2.899994 9.569482
v -0.41021192 2.8736181 9.569482
v -0.6898854 2.8196006 9.569482
v 0.20867392 3.8210542 9.238874
v 0.25703496 4.706868 8.819291
v 0.30292153 5.5473514 8.3147745
v 0.34589085 6.3344088 7.7301826
v -0.16686824 3.8231027 9.238874
v -0.5408031 3.7883313 9.238874
v -0.9095048 3.717109 9.238874
v -0.20556504 4.7093906 8.819291
v -0.24228142 5.5503244 8.3147745
v -0.27666417 6.3378043 7.7301826
v -0.6661847 4.6665583 8.819291
v -1.1203641 4.578818 8.819291
v -0.7851503 5.499844 8.3147745
v -0.8965542 6.2801623 7.7301826
v -1.3204328 5.3964305 8.3147745
v -1.5077846 6.162071 7.7301826
v 3.6682963 6.045044 7.071146
v 3.291078 5.4234066 7.7301826
v 2.743675 5.7198787 7.7301826
v 3.0581453 6.3754964 7.071146
v 4.010187 6.608462 6.344011
v 2.1698089 5.961258 7.7301826
v 3.343165 6.969712 6.344011
v 4.3134565 7.108236 5.5557804
v 2.4185026 6.6445417 7.0711455
v 1.5750462 6.145225 7.7301826
v 3.595989 7.496806 5.555781
v 4.575186 7.5395527 4.714046
v 1.75557 6.849595 7.0711455
v 0.96511585 6.2700095 7.7301826
v 2.6439064 7.2638335 6.344011
v 3.8141816 7.9516993 4.714046
v 4.7928543 7.8982587 3.826912
v 1.0757293 6.9886823 7.0711455
v 0.34589085 6.3344088 7.7301826
v 1.9191862 7.4879985 6.3440113
v 2.843848 7.8131695 5.555781
v 3.995641 8.330013 3.8269122
v 4.964365 8.180901 2.9029243
v 0.38553014 7.060463 7.0711455
v -0.27666417 6.3378043 7.7301826
v 3.0164032 8.28726 4.7140455
v 1.1759841 7.6400485 6.3440113
v 2.0643213 8.054286 5.5557804
v 4.1386228 8.628106 2.902924
v 5.088066 8.384754 1.9509801
v -0.3083819 7.064247 7.0711455
v -0.8965542 6.2801623 7.7301826
v 3.1599088 8.681538 3.826912
v 2.1895761 8.543007 4.7140455
v 0.42145678 7.7185197 6.3440113
v 1.2649133 8.217835 5.5557804
v 4.2417474 8.843102 1.9509801
v 5.162767 8.507854 0.98024774
v -0.9993228 6.999998 7.0711455
v -1.5077846 6.162071 7.7301826
v -1.6806147 6.8683686 7.071146
v -0.33712843 7.7226567 6.3440113
v -1.0924668 7.6524186 6.3440113
v -1.8372586 7.508518 6.3440113
v 0.4533248 8.302241 5.5557804
v -0.36262822 8.306691 5.5557804
v -1.1750898 8.231142 5.5557804
v -1.976208 8.076356 5.555781
v 1.3416622 8.71648 4.7140455
v 0.4808281 8.806007 4.7140455
v -0.3846361 8.810727 4.7140455
v -1.2463951 8.730594 4.7140455
v -2.0961244 8.566413 4.7140455
v 2.293744 8.949452 3.826912
v 1.4054905 9.13118 3.826912
v 0.50370157 9.224966 3.8269117
v -0.40293804 9.22991 3.8269117
v -1.3056954 9.145965 3.826912
v -2.195853 8.973971 3.826912
v 3.2729826 8.992209 2.902924
v 2.3758233 9.2697115 2.9029238
v 1.4557835 9.45794 2.9029238
v 0.5217236 9.555083 2.902924
v -0.417359 9.560205 2.902924
v -1.3524228 9.473255 2.9029238
v -2.274434 9.295107 2.902924
v 3.3545372 9.216279 1.9509801
v 2.4350226 9.500695 1.95098
v 1.4920572 9.693615 1.9509798
v 0.53472316 9.793178 1.9509797
v -0.42775974 9.798428 1.9509797
v -1.3861228 9.709311 1.9509797
v -2.3311105 9.526723 1.9509801
v 4.304022 8.972933 0.9802478
v 5.185201 8.5448265 0.062137157
v 4.3227243 9.011925 0.06213718
v 3.4037864 9.351588 0.98024774
v 3.4185777 9.392226 0.0621371
v 2.4707718 9.640181 0.9802476
v 2.4815078 9.682072 0.062137038
v 1.5139617 9.835932 0.9802476
v 1.5205406 9.878675 0.062137
v 0.5425729 9.936956 0.9802476
v 0.5449299 9.980139 0.062136978
v -0.4340411 9.942284 0.9802476
v -0.43592796 9.985489 0.06213698
v -1.4064742 9.851858 0.9802476
v -1.4125868 9.8946705 0.062137
v -2.365335 9.666589 0.98024774
v -2.3756144 9.708595 0.06213716
v 5.162767 8.507854 -0.98009586
v 5.185201 8.5448265 -0.061987564
v 4.3227243 9.011925 -0.06198754
v 4.304022 8.972933 -0.9800958
v 5.088066 8.384752 -1.950828
v 3.4185777 9.392226 -0.06198762
v 4.241747 8.8431 -1.9508278
v 4.964364 8.180897 -2.9027717
v 3.4037864 9.351588 -0.98009586
v 2.4815078 9.682072 -0.061987683
v 4.1386223 8.628102 -2.902772
v 4.7928534 7.898256 -3.8267596
v 2.4707718 9.640181 -0.980096
v 1.5205406 9.878675 -0.06198772
v 3.354537 9.216275 -1.9508278
v 3.995641 8.330012 -3.8267593
v 4.575185 7.53955 -4.7138925
v 1.5139617 9.835932 -0.980096
v 0.5449299 9.980139 -0.061987743
v 2.435022 9.500693 -1.950828
v 3.2729826 8.992206 -2.902772
v 3.8141801 7.9516964 -4.7138925
v 4.3134556 7.1082325 -5.555628
v 0.5425729 9.936956 -0.980096
v -0.43592796 9.985489 -0.06198774
v 3.1599076 8.681536 -3.8267596
v 1.4920567 9.693612 -1.9508281
v 2.3758235 9.269708 -2.9027722
v 3.595988 7.4968014 -5.5556273
v 4.010185 6.6084576 -6.3438587
v -0.4340411 9.942284 -0.980096
v -1.4125868 9.8946705 -0.06198772
v 3.0164025 8.287257 -4.713893
v 2.2937438 8.949451 -3.8267596
v 0.5347227 9.793176 -1.9508282
v 1.4557832 9.457938 -2.9027722
v 3.3431637 6.9697075 -6.3438587
v 3.668294 6.0450377 -7.0709934
v -1.4064742 9.851858 -0.980096
v -2.3756144 9.708595 -0.06198756
v -2.365335 9.666589 -0.98009586
v -0.4277602 9.798425 -1.9508282
v -1.3861228 9.709308 -1.9508282
v -2.3311098 9.52672 -1.9508278
v 0.5217241 9.555079 -2.902772
v -0.417359 9.560202 -2.902772
v -1.3524224 9.473252 -2.9027722
v -2.2744336 9.295103 -2.902772
v 1.4054903 9.131177 -3.8267596
v 0.5037011 9.224964 -3.8267598
v -0.40293851 9.229908 -3.8267598
v -1.3056964 9.145963 -3.8267596
v -2.1958523 8.973969 -3.8267593
v 2.1895757 8.543005 -4.713893
v 1.3416619 8.716476 -4.713893
v 0.4808281 8.806005 -4.713893
v -0.38463515 8.810724 -4.713893
v -1.2463946 8.730592 -4.713893
v -2.0961232 8.566411 -4.713893
v 2.8438478 7.8131647 -5.5556273
v 2.0643206 8.054282 -5.555628
v 1.264914 8.217832 -5.555628
v 0.45332456 8.3022375 -5.555628
v -0.36262846 8.306688 -5.555628
v -1.1750886 8.231138 -5.555628
v -1.9762061 8.076352 -5.5556273
v 2.6439056 7.263828 -6.3438587
v 1.9191858 7.487993 -6.3438582
v 1.1759841 7.640043 -6.3438582
v 0.42145678 7.718514 -6.3438582
v -0.33712867 7.722652 -6.3438582
v -1.0924666 7.6524134 -6.3438582
v -1.8372567 7.5085135 -6.3438582
v 3.0581446 6.3754897 -7.0709934
v 3.2910752 5.4234004 -7.73003
v 2.4185019 6.6445355 -7.070994
v 2.7436733 5.7198725 -7.73003
v 2.8821626 4.7495327 -8.314621
v 2.4027805 5.0091686 -8.314621
v 2.1698072 5.9612513 -7.73003
v 1.9002165 5.220556 -8.314621
v 1.7555686 6.8495884 -7.070994
v 1.5750455 6.1452184 -7.73003
v 1.3793534 5.3816648 -8.314621
v 1.075729 6.9886756 -7.070994
v 0.9651149 6.270003 -7.73003
v 0.84520674 5.4909444 -8.314621
v 0.3855299 7.0604563 -7.070994
v 0.34589085 6.3344016 -7.73003
v 0.30292082 5.547343 -8.314621
v -0.30838165 7.064241 -7.070994
v -0.27666393 6.337797 -7.73003
v -0.24228142 5.5503163 -8.314621
v -0.99932253 6.9999914 -7.070994
v -1.6806126 6.8683624 -7.0709934
v -0.8965537 6.2801547 -7.73003
v -0.78515005 5.499836 -8.314621
v -1.5077822 6.162065 -7.73003
v -1.3204306 5.3964233 -8.314621
v 2.4454927 4.029922 -8.819136
v 2.8821626 4.7495327 -8.314621
v 2.4027805 5.0091686 -8.314621
v 2.0387473 4.250222 -8.819136
v 1.9852717 3.271501 -9.238719
v 1.9002165 5.220556 -8.314621
v 1.6550807 3.450343 -9.238719
v 1.5059316 2.4815726 -9.569327
v 1.6123261 4.4295826 -8.819137
v 1.3793534 5.3816648 -8.314621
v 1.2554753 2.617235 -9.569327
v 1.0120888 1.6677438 -9.807776
v 1.1703783 4.5662823 -8.819137
v 0.84520674 5.4909444 -8.314621
v 1.3089092 3.5959492 -9.238719
v 0.84377974 1.7589201 -9.807776
v 0.5084617 0.83790404 -9.951769
v 0.42388153 0.88373786 -9.951769
v 0.71715957 4.6590056 -8.819137
v 0.30292082 5.547343 -8.314621
v 0.95013267 3.706923 -9.238719
v 0.9928869 2.7276845 -9.569327
v 0.66730344 1.8331492 -9.807776
v 0.33521676 0.9210319 -9.951769
v 0.25703472 4.7068586 -8.819137
v -0.24228142 5.5503163 -8.314621
v 0.58220637 3.7821963 -9.238719
v 0.72073734 2.811864 -9.569327
v 0.4844011 1.8897231 -9.807776
v 0.24332358 0.9494557 -9.951769
v -0.2055648 4.709382 -8.819137
v -0.78515005 5.499836 -8.314621
v 0.20867369 3.8210437 -9.238719
v 0.4416468 2.8689623 -9.569327
v 0.29683447 1.928097 -9.807776
v 0.1490868 0.9687354 -9.951769
v -0.666184 4.6665497 -8.819137
v -1.3204306 5.3964233 -8.314621
v -1.1203613 4.5788093 -8.819137
v -0.16686812 3.8230922 -9.238719
v 0.15830351 2.89843 -9.569327
v 0.10640942 1.9479014 -9.807776
v 0.05341409 0.97868556 -9.951769
v -0.54080224 3.7883208 -9.238719
v -0.9095018 3.7170994 -9.238719
v -0.12656353 2.899984 -9.569327
v -0.08503968 1.9489453 -9.807776
v -0.04277326 0.97921014 -9.951769
v -0.4102112 2.873608 -9.569327
v -0.68988246 2.8195913 -9.569327
v -0.27566916 1.931219 -9.807776
v -0.13854884 0.9703042 -9.951769
v -0.46361828 1.8949276 -9.807776
v -0.2329481 0.9520522 -9.951769
v 4.2967443 8.957762 0.04213719
v 5.1540375 8.493471 -0.041987557
v 5.1540375 8.493471 0.042137165
v 4.2967443 8.957762 -0.04198753
v 3.3980315 9.335776 0.04213711
v 3.3980315 9.335776 -0.041987613
v 2.4665937 9.62388 0.042137053
v 2.4665937 9.62388 -0.04198767
v 1.5114025 9.819302 0.042137012
v 1.5114025 9.819302 -0.04198771
v 0.541655 9.9201565 0.042136993
v 0.541655 9.9201565 -0.04198773
v -0.43330774 9.925474 0.042136993
v -0.43330774 9.925474 -0.04198773
v -1.4040962 9.835201 0.042137012
v -1.4040962 9.835201 -0.04198771
v -2.3613362 9.650245 0.04213717
v -2.3613362 9.650245 -0.041987553
v -1.4125868 9.8946705 0.062137
v -1.4040962 9.835201 0.042137012
v -0.43330774 9.925474 0.042136993
v -0.43592796 9.985489 0.06213698
v -0.43592796 9.985489 0.06213698
v -0.43330774 9.925474 0.042136993
v 0.541655 9.9201565 0.042136993
v 0.5449299 9.980139 0.062136978
v 0.5449299 9.980139 0.062136978
v 0.541655 9.9201565 0.042136993
v 1.5114025 9.819302 0.042137012
v 1.5205406 9.878675 0.062137
v 1.5205406 9.878675 0.062137
v 1.5114025 9.819302 0.042137012
v 2.4665937 9.62388 0.042137053
v 2.4815078 9.682072 0.062137038
v 2.4815078 9.682072 0.062137038
v 2.4665937 9.62388 0.042137053
v 3.3980315 9.335776 0.04213711
v 3.4185777 9.392226 0.0621371
v 3.4185777 9.392226 0.0621371
v 3.3980315 9.335776 0.04213711
v 4.2967443 8.957762 0.04213719
v 4.3227243 9.011925 0.06213718
v 4.3227243 9.011925 0.06213718
v 4.2967443 8.957762 0.04213719
v 5.1540375 8.493471 0.042137165
v 5.185201 8.5448265 0.062137157
v 5.185201 8.5448265 -0.061987564
v 5.1540375 8.493471 -0.041987557
v 4.2967443 8.957762 -0.04198753
v 4.3227243 9.011925 -0.06198754
v 4.3227243 9.011925 -0.06198754
v 4.2967443 8.957762 -0.04198753
v 3.3980315 9.335776 -0.041987613
v 3.4185777 9.392226 -0.06198762
v 3.4185777 9.392226 -0.06198762
v 3.3980315 9.335776 -0.041987613
v 2.4665937 9.62388 -0.04198767
v 2.4815078 9.682072 -0.061987683
v 2.4815078 9.682072 -0.061987683
v 2.4665937 9.62388 -0.04198767
v 1.5114025 9.819302 -0.04198771
v 1.5205406 9.878675 -0.06198772
v 1.5205406 9.878675 -0.06198772
v 1.5114025 9.819302 -0.04198771
v 0.541655 9.9201565 -0.04198773
v 0.5449299 9.980139 -0.061987743
v 0.5449299 9.980139 -0.061987743
v 0.541655 9.9201565 -0.04198773
v -0.43330774 9.925474 -0.04198773
v -0.43592796 9.985489 -0.06198774
v -0.43592796 9.985489 -0.06198774
v -0.43330774 9.925474 -0.04198773
v -1.4040962 9.835201 -0.04198771
v -1.4125868 9.8946705 -0.06198772
v -2.3756144 9.708595 0.06213716
v -2.3613362 9.650245 0.04213717
v -1.4040962 9.835201 0.042137012
v -1.4125868 9.8946705 0.062137
v -1.4125868 9.8946705 -0.06198772
v -1.4040962 9.835201 -0.04198771
v -2.3613362 9.650245 -0.041987553
v -2.3756144 9.708595 -0.06198756
v 1.8949128 0.46362847 9.807951
v 0.951988 0.23292397 9.951946
v 0.9246027 0.32514286 9.951926
v 1.8403963 0.6471071 9.807932
v 2.8195753 0.68989235 9.569502
v 0.8882778 0.41420984 9.951926
v 2.7384286 0.96291405 9.569482
v 3.7170835 0.90951186 9.2388935
v 1.7680963 0.8243833 9.807932
v 0.8433978 0.49928743 9.951926
v 3.6100886 1.2694467 9.2388735
v 4.5787926 1.1203712 8.819311
v 1.6787684 0.99371904 9.807932
v 0.7903947 0.5795564 9.951926
v 2.6308496 1.2266921 9.569482
v 4.4469805 1.5637528 8.819291
v 5.396405 1.3204399 8.314795
v 1.5732728 1.1534839 9.807931
v 0.72977924 0.6542436 9.951926
v 2.4979346 1.4786555 9.569482
v 3.4682667 1.6171868 9.2388735
v 5.241046 1.8429984 8.3147745
v 6.1620464 1.5077916 7.730202
v 5.984637 2.1044936 7.7301826
v 1.4526254 1.302139 9.807931
v 0.662135 0.72262985 9.951926
v 4.2722816 1.9921055 8.819291
v 5.0351534 2.3478382 8.3147745
v 5.7495327 2.6809587 7.7301826
v 2.3409622 1.7163776 9.569482
v 3.2930436 1.949351 9.2388735
v 1.3179882 1.4382528 9.807931
v 0.5881134 0.78405637 9.951926
v 4.0564394 2.4012716 8.819291
v 4.7807684 2.8300662 8.3147745
v 5.4590564 3.231604 7.7301826
v 2.161445 1.9375689 9.569482
v 3.0861068 2.2627409 9.2388735
v 1.1706579 1.5605145 9.807931
v 0.5084666 0.8379114 9.951926
v 1.0120939 1.6677536 9.807931
v 3.80153 2.7873116 8.819291
v 4.4803424 3.285038 8.314775
v 5.1160064 3.7511258 7.7301826
v 1.9611114 2.140099 9.569482
v 1.7418914 2.3220184 9.569482
v 1.5059364 2.481581 9.569482
v 2.849448 2.5543382 9.2388735
v 3.5100095 3.1465068 8.819292
v 4.136768 3.7083714 8.3147745
v 4.7236857 4.2345214 7.730182
v 2.5853481 2.821335 9.2388735
v 2.296349 3.06116 9.238874
v 1.9852762 3.27151 9.238874
v 3.184686 3.475398 8.819292
v 3.7533534 4.09599 8.3147745
v 4.285874 4.6771355 7.7301826
v 2.8286915 3.7708185 8.819292
v 2.4454966 4.02993 8.819292
v 3.3337922 4.444162 8.3147745
v 3.8067865 5.074705 7.7301826
v 2.8821664 4.74954 8.3147745
v 3.291078 5.4234066 7.7301826
v 6.8683424 1.6806219 7.071165
v 6.1620464 1.5077916 7.730202
v 5.984637 2.1044936 7.7301826
v 6.6705923 2.3457208 7.071146
v 7.508493 1.8372658 6.3440304
v 5.7495327 2.6809587 7.7301826
v 7.2923055 2.5643554 6.3440113
v 8.07633 1.9762151 5.5558
v 6.40854 2.9882598 7.071146
v 5.4590564 3.231604 7.7301826
v 7.8437905 2.7582936 5.5557804
v 8.566388 2.0961318 4.714065
v 6.0847707 3.6020188 7.0711455
v 5.1160064 3.7511258 7.7301826
v 7.00583 3.266781 6.344011
v 8.319735 2.925666 4.7140455
v 8.973946 2.1958606 3.8269315
v 5.7024 4.1810884 7.0711455
v 4.7236857 4.2345214 7.730182
v 6.6518846 3.937744 6.344011
v 7.5356493 3.51384 5.5557804
v 8.715553 3.0648632 3.826912
v 9.295079 2.2744415 2.9029436
v 5.2651124 4.7198896 7.071146
v 4.285874 4.6771355 7.7301826
v 7.992897 3.7270572 4.7140455
v 6.233877 4.5707836 6.3440113
v 7.154936 4.2355437 5.5557804
v 9.027439 3.174543 2.902924
v 9.526696 2.3311179 1.9509993
v 4.777118 5.2132354 7.071146
v 3.8067865 5.074705 7.7301826
v 8.373167 3.9043806 3.826912
v 7.5890822 4.4925528 4.714046
v 5.7558327 5.1598024 6.3440113
v 6.705316 4.9164577 5.555781
v 9.252385 3.253648 1.95098
v 9.666563 2.3653429 0.9802669
v 4.2431183 5.6563735 7.071146
v 3.291078 5.4234066 7.7301826
v 3.6682963 6.045044 7.071146
v 5.2223577 5.699128 6.344011
v 4.638587 6.183568 6.344011
v 4.010187 6.608462 6.344011
v 6.19112 5.550021 5.5557804
v 5.617301 6.1301336 5.5557804
v 4.9893827 6.6512094 5.5557804
v 4.3134565 7.108236 5.5557804
v 7.1121807 5.2147827 4.7140455
v 6.566785 5.88679 4.7140455
v 5.958146 6.502103 4.7140455
v 5.292128 7.0547957 4.7140455
v 4.575186 7.5395527 4.714046
v 7.950141 4.7062964 3.826912
v 7.450552 5.462887 3.826912
v 6.8792076 6.1668653 3.8269117
v 6.2416124 6.811452 3.826912
v 5.5439086 7.39044 3.826912
v 4.7928543 7.8982587 3.826912
v 8.6728 4.044103 2.902924
v 8.234636 4.8747144 2.9029238
v 7.717168 5.658378 2.902924
v 7.1253786 6.387549 2.9029238
v 6.464969 7.0552025 2.902924
v 5.7422957 7.6549096 2.9029238
v 4.964365 8.180901 2.9029243
v 8.888908 4.1448755 1.9509801
v 8.439826 4.9961834 1.95098
v 7.909464 5.7993755 1.9509798
v 7.3029284 6.546715 1.9509798
v 6.6260624 7.231005 1.9509798
v 5.885382 7.8456545 1.9509798
v 5.088066 8.384754 1.9509801
v 9.388224 3.3014176 0.98024774
v 9.70857 2.375622 0.06215633
v 9.429021 3.3157642 0.06213718
v 9.019412 4.2057304 0.9802477
v 9.058606 4.224006 0.062137105
v 8.563736 5.069537 0.9802477
v 8.600949 5.0915666 0.06213704
v 8.025587 5.884521 0.9802476
v 8.060463 5.9100933 0.062136997
v 7.4101467 6.642832 0.9802476
v 7.442348 6.6716995 0.06213698
v 6.7233434 7.337169 0.9802476
v 6.75256 7.369054 0.062136978
v 5.971789 7.960843 0.9802476
v 5.99774 7.9954376 0.062137
v 5.162767 8.507854 0.98024774
v 5.185201 8.5448265 0.062137157
v 9.666563 2.3653429 -0.9800767
v 9.70857 2.375622 -0.06196839
v 9.429021 3.3157642 -0.06198754
v 9.388224 3.3014176 -0.98009586
v 9.526695 2.3311174 -1.9508086
v 9.058606 4.224006 -0.061987616
v 9.252384 3.253647 -1.950828
v 9.295078 2.274441 -2.9027524
v 9.019412 4.2057295 -0.9800959
v 8.600949 5.0915666 -0.06198768
v 9.027438 3.1745415 -2.902772
v 8.973944 2.1958597 -3.8267403
v 8.563736 5.069536 -0.9800959
v 8.060463 5.9100933 -0.061987724
v 8.888907 4.1448746 -1.9508278
v 8.715553 3.0648623 -3.8267596
v 8.566385 2.0961306 -4.7138734
v 8.025587 5.88452 -0.980096
v 7.442348 6.6716995 -0.06198774
v 8.439826 4.996184 -1.950828
v 8.672798 4.0441003 -2.902772
v 8.319731 2.9256654 -4.713893
v 8.076326 1.9762135 -5.5556083
v 7.4101467 6.642831 -0.980096
v 6.75256 7.369054 -0.061987743
v 8.373165 3.9043794 -3.8267596
v 7.9094634 5.7993755 -1.9508281
v 8.234634 4.8747115 -2.9027722
v 7.843787 2.7582912 -5.555628
v 7.5084877 1.8372642 -6.343839
v 6.7233434 7.337168 -0.980096
v 5.99774 7.9954376 -0.06198772
v 7.9928946 3.7270565 -4.713893
v 7.9501395 4.7062945 -3.8267596
v 7.302928 6.546715 -1.9508281
v 7.7171664 5.6583776 -2.902772
v 7.292301 2.5643532 -6.3438582
v 6.8683367 1.6806197 -7.0709743
v 5.971789 7.960842 -0.980096
v 5.185201 8.5448265 -0.061987564
v 5.162767 8.507854 -0.98009586
v 6.626062 7.2310047 -1.9508281
v 5.8853817 7.8456545 -1.9508281
v 5.088066 8.384752 -1.950828
v 7.1253767 6.387546 -2.9027722
v 6.464967 7.0552 -2.902772
v 5.742295 7.6549077 -2.9027722
v 4.964364 8.180897 -2.9027717
v 7.4505486 5.4628844 -3.8267596
v 6.8792048 6.1668634 -3.8267598
v 6.24161 6.81145 -3.8267596
v 5.5439053 7.390438 -3.8267596
v 4.7928534 7.898256 -3.8267596
v 7.589081 4.4925523 -4.7138925
v 7.1121783 5.214781 -4.713893
v 6.566783 5.8867884 -4.713893
v 5.9581456 6.502101 -4.713893
v 5.2921276 7.0547943 -4.713893
v 4.575185 7.53955 -4.7138925
v 7.535646 3.5138373 -5.555628
v 7.154933 4.235542 -5.555628
v 6.705314 4.916455 -5.5556273
v 6.191118 5.550019 -5.555628
v 5.6172996 6.1301327 -5.555628
v 4.9893813 6.6512065 -5.555628
v 4.3134556 7.1082325 -5.555628
v 7.005825 3.2667773 -6.3438587
v 6.6518793 3.9377406 -6.3438587
v 6.2338724 4.570779 -6.3438582
v 5.755829 5.1597977 -6.3438582
v 5.2223535 5.699125 -6.3438587
v 4.638583 6.183563 -6.3438587
v 4.010185 6.6084576 -6.3438587
v 6.670587 2.345717 -7.0709934
v 6.162039 1.5077895 -7.7300105
v 6.408535 2.9882565 -7.0709934
v 5.9846306 2.10449 -7.73003
v 5.3963976 1.3204378 -8.314602
v 5.2410393 1.8429942 -8.314621
v 5.749526 2.6809547 -7.73003
v 5.0351467 2.3478339 -8.314621
v 6.0847654 3.6020155 -7.070994
v 5.4590507 3.2315993 -7.73003
v 4.7807617 2.8300612 -8.314621
v 5.7023954 4.181084 -7.070994
v 5.1160007 3.7511213 -7.73003
v 4.4803357 3.285032 -8.31462
v 5.2651076 4.7198853 -7.0709934
v 4.72368 4.234516 -7.7300305
v 4.136761 3.708366 -8.314621
v 4.7771144 5.213231 -7.0709934
v 4.285868 4.6771297 -7.73003
v 3.7533476 4.095985 -8.314621
v 4.2431145 5.6563687 -7.0709934
v 3.668294 6.0450377 -7.0709934
v 3.806781 5.0746984 -7.73003
v 3.333787 4.4441557 -8.314621
v 3.2910752 5.4234004 -7.73003
v 2.8821626 4.7495327 -8.314621
v 4.578784 1.1203685 -8.819117
v 5.3963976 1.3204378 -8.314602
v 5.2410393 1.8429942 -8.314621
v 4.446973 1.5637484 -8.819137
v 3.717074 0.909509 -9.238701
v 5.0351467 2.3478339 -8.314621
v 3.6100798 1.2694418 -9.23872
v 2.8195653 0.68988955 -9.569307
v 4.2722745 1.9921006 -8.819137
v 4.7807617 2.8300612 -8.314621
v 2.7384195 0.96290904 -9.569327
v 1.894902 0.46362528 -9.807756
v 4.056432 2.4012663 -8.819137
v 4.4803357 3.285032 -8.31462
v 3.4682586 1.6171813 -9.23872
v 1.8403869 0.6471019 -9.8077755
v 0.95197725 0.23292188 -9.95175
v 0.92459404 0.32514092 -9.951769
v 3.801523 2.7873058 -8.819137
v 4.136761 3.708366 -8.314621
v 3.293036 1.9493448 -9.23872
v 2.630841 1.2266868 -9.569327
v 1.7680871 0.8243773 -9.8077755
v 0.8882695 0.41420722 -9.951769
v 3.510003 3.1465003 -8.819136
v 3.7533476 4.095985 -8.314621
v 3.086099 2.2627342 -9.23872
v 2.4979262 1.4786494 -9.569327
v 1.6787595 0.9937126 -9.8077755
v 0.8433898 0.49928415 -9.951769
v 3.18468 3.475392 -8.819136
v 3.333787 4.4441557 -8.314621
v 2.849441 2.554331 -9.23872
v 2.340954 1.7163709 -9.569327
v 1.5732642 1.1534766 -9.807776
v 0.79038715 0.5795525 -9.951769
v 2.828686 3.770812 -8.819136
v 2.8821626 4.7495327 -8.314621
v 2.4454927 4.029922 -8.819136
v 2.5853412 2.8213277 -9.23872
v 2.161437 1.9375619 -9.569327
v 1.4526172 1.3021313 -9.807776
v 0.7297722 0.65423906 -9.951769
v 2.2963428 3.061152 -9.238719
v 1.9852717 3.271501 -9.238719
v 1.9611044 2.1400921 -9.569327
v 1.3179805 1.4382445 -9.807776
v 0.66212845 0.72262484 -9.951769
v 1.7418847 2.3220108 -9.569327
v 1.5059316 2.4815726 -9.569327
v 1.1706507 1.5605055 -9.807776
v 0.5881074 0.7840509 -9.951769
v 1.0120888 1.6677438 -9.807776
v 0.5084617 0.83790404 -9.951769
v 9.372351 3.2958362 0.04213719
v 9.65022 2.3613439 -0.04196838
v 9.65022 2.3613439 0.042156342
v 9.372351 3.2958362 -0.04198753
v 9.004162 4.1986184 0.042137112
v 9.004162 4.1986184 -0.04198761
v 8.549256 5.060965 0.042137053
v 8.549256 5.060965 -0.04198767
v 8.012018 5.874571 0.042137016
v 8.012018 5.874571 -0.041987706
v 7.397618 6.631601 0.042136993
v 7.397618 6.631601 -0.04198773
v 6.7119756 7.3247643 0.042136993
v 6.7119756 7.3247643 -0.04198773
v 5.961692 7.947383 0.042137012
v 5.961692 7.947383 -0.04198771
v 5.1540375 8.493471 0.042137165
v 5.1540375 8.493471 -0.041987557
v 5.99774 7.9954376 0.062137
v 5.961692 7.947383 0.042137012
v 6.7119756 7.3247643 0.042136993
v 6.75256 7.369054 0.062136978
v 6.75256 7.369054 0.062136978
v 6.7119756 7.3247643 0.042136993
v 7.397618 6.631601 0.042136993
v 7.442348 6.6716995 0.06213698
v 7.442348 6.6716995 0.06213698
v 7.397618 6.631601 0.042136993
v 8.012018 5.874571 0.042137016
v 8.060463 5.9100933 0.062136997
v 8.060463 5.9100933 0.062136997
v 8.012018 5.874571 0.042137016
v 8.549256 5.060965 0.042137053
v 8.600949 5.0915666 0.06213704
v 8.600949 5.0915666 0.06213704
v 8.549256 5.060965 0.042137053
v 9.004162 4.1986184 0.042137112
v 9.058606 4.224006 0.062137105
v 9.058606 4.224006 0.062137105
v 9.004162 4.1986184 0.042137112
v 9.372351 3.2958362 0.04213719
v 9.429021 3.3157642 0.06213718
v 9.429021 3.3157642 0.06213718
v 9.372351 3.2958362 0.04213719
v 9.65022 2.3613439 0.042156342
v 9.70857 2.375622 0.06215633
v 9.70857 2.375622 -0.06196839
v 9.65022 2.3613439 -0.04196838
v 9.372351 3.2958362 -0.04198753
v 9.429021 3.3157642 -0.06198754
v 9.429021 3.3157642 -0.06198754
v 9.372351 3.2958362 -0.04198753
v 9.004162 4.1986184 -0.04198761
v 9.058606 4.224006 -0.061987616
v 9.058606 4.224006 -0.061987616
v 9.004162 4.1986184 -0.04198761
v 8.549256 5.060965 -0.04198767
v 8.600949 5.0915666 -0.06198768
v 8.600949 5.0915666 -0.06198768
v 8.549256 5.060965 -0.04198767
v 8.012018 5.874571 -0.041987706
v 8.060463 5.9100933 -0.061987724
v 8.060463 5.9100933 -0.061987724
v 8.012018 5.874571 -0.041987706
v 7.397618 6.631601 -0.04198773
v 7.442348 6.6716995 -0.06198774
v 7.442348 6.6716995 -0.06198774
v 7.397618 6.631601 -0.04198773
v 6.7119756 7.3247643 -0.04198773
v 6.75256 7.369054 -0.061987743
v 6.75256 7.369054 -0.061987743
v 6.7119756 7.3247643 -0.04198773
v 5.961692 7.947383 -0.04198771
v 5.99774 7.9954376 -0.06198772
v 5.185201 8.5448265 0.062137157
v 5.1540375 8.493471 0.042137165
v 5.961692 7.947383 0.042137012
v 5.99774 7.9954376 0.062137
v 5.99774 7.9954376 -0.06198772
v 5.961692 7.947383 -0.04198771
v 5.1540375 8.493471 -0.041987557
v 5.185201 8.5448265 -0.061987564
v 1.6677028 -1.01208 9.807971
v 0.78396076 -0.5881569 9.951946
v 0.8378391 -0.50849324 9.951946
v 1.5604637 -1.1706438 9.807971
v 2.4815307 -1.5059223 9.569522
v 0.72253895 -0.66217333 9.951946
v 2.321968 -1.7418772 9.569522
v 3.271459 -1.9852619 9.238914
v 1.4382021 -1.3179741 9.807971
v 0.65415746 -0.72981244 9.951946
v 3.0611095 -2.2963347 9.238914
v 4.02988 -2.4454823 8.819331
v 1.3020885 -1.4526114 9.807971
v 0.57947034 -0.7904279 9.951946
v 2.140049 -1.9610974 9.569522
v 3.7707684 -2.8286767 8.819331
v 4.7494893 -2.8821516 8.314815
v 1.1534333 -1.5732589 9.807971
v 0.49920148 -0.843431 9.951946
v 1.9375185 -2.1614306 9.569522
v 2.8212845 -2.5853336 9.238914
v 4.444112 -3.3337772 8.314814
v 5.423357 -3.2910635 7.7302213
v 5.0746546 -3.8067715 7.7302217
v 0.9936686 -1.6787546 9.807971
v 0.41412398 -0.8883111 9.951946
v 3.475348 -3.1846712 8.81933
v 4.0959406 -3.7533386 8.314814
v 4.6770854 -4.285859 7.7302213
v 1.7163272 -2.3409479 9.569522
v 2.554288 -2.849434 9.238914
v 0.82433295 -1.7680824 9.807971
v 0.32505703 -0.92463595 9.951946
v 3.7083216 -4.1367536 8.314814
v 4.234472 -4.723671 7.730221
v 3.146457 -3.509995 8.81933
v 1.4786053 -2.4979203 9.569522
v 2.2626905 -3.0860925 9.238913
v 0.64705676 -1.8403823 9.807971
v 0.23286892 -0.95203227 9.951946
v 0.46359628 -1.8949314 9.807951
v 3.284988 -4.480328 8.314814
v 3.751076 -5.115992 7.730221
v 2.7872615 -3.8015153 8.81933
v 1.2266419 -2.6308358 9.569522
v 0.9628638 -2.7384145 9.569522
v 0.6898602 -2.819594 9.569502
v 1.9493008 -3.2930298 9.238913
v 2.8300164 -4.780754 8.314814
v 3.2315543 -5.459042 7.7302213
v 2.4012218 -4.0564246 8.81933
v 1.6171364 -3.4682527 9.238913
v 1.2693967 -3.6100745 9.238913
v 0.90947974 -3.7171018 9.238893
v 1.9920554 -4.272268 8.81933
v 2.3477883 -5.035139 8.314814
v 2.6809092 -5.7495184 7.7302213
v 1.5637028 -4.446966 8.81933
v 1.1203389 -4.578811 8.819311
v 1.8429488 -5.2410316 8.314814
v 2.1044438 -5.9846225 7.7302213
v 1.3204079 -5.396424 8.314794
v 1.5077596 -6.1620646 7.730202
v 5.719829 -2.7436604 7.730221
v 5.423357 -3.2910635 7.7302213
v 4.7494893 -2.8821516 8.314815
v 5.0091257 -2.4027674 8.314815
v 5.961208 -2.1697943 7.730221
v 4.02988 -2.4454823 8.819331
v 5.2205133 -1.9002041 8.314814
v 6.145175 -1.5750316 7.7302203
v 4.2501802 -2.0387352 8.819331
v 3.271459 -1.9852619 9.238914
v 5.381623 -1.37934 8.314814
v 6.2699594 -0.96510124 7.730221
v 3.4503021 -1.6550694 9.238914
v 2.4815307 -1.5059223 9.569522
v 4.4295406 -1.6123136 8.819331
v 5.490903 -0.8451932 8.314814
v 6.3343587 -0.34587628 7.730221
v 2.617194 -1.2554641 9.569522
v 1.6677028 -1.01208 9.807971
v 3.5959082 -1.308897 9.238914
v 4.566241 -1.1703655 8.81933
v 5.547301 -0.30290708 8.314814
v 6.3377542 0.27667874 7.730221
v 1.7588799 -0.8437687 9.807971
v 0.8378391 -0.50849324 9.951946
v 0.883649 -0.42392838 9.951946
v 4.658964 -0.7171459 8.81933
v 2.7276435 -0.9928749 9.569522
v 1.8331093 -0.6672917 9.807971
v 0.9209432 -0.335263 9.951946
v 3.7068822 -0.95011985 9.238914
v 5.550274 0.24229589 8.314814
v 6.2801123 0.8965688 7.730221
v 1.8896834 -0.48438895 9.807971
v 0.9493671 -0.24336915 9.951946
v 2.8118231 -0.72072464 9.569522
v 3.7821555 -0.58219326 9.238913
v 4.7068176 -0.2570206 8.81933
v 5.4997935 0.7851648 8.314814
v 6.1620464 1.5077916 7.730202
v 5.396405 1.3204399 8.314795
v 1.9280573 -0.29682153 9.807971
v 0.96864694 -0.14913164 9.951946
v 2.8689218 -0.44163355 9.569522
v 3.8210032 -0.2086597 9.238913
v 4.70934 0.2055794 8.81933
v 4.6665077 0.6661991 8.81933
v 4.5787926 1.1203712 8.819311
v 1.9478618 -0.10639579 9.807971
v 0.97859704 -0.053458188 9.951946
v 2.8983898 -0.15828986 9.569522
v 3.8230517 0.16688247 9.238913
v 3.7882802 0.5408174 9.238913
v 3.7170835 0.90951186 9.2388935
v 2.8999434 0.12657778 9.569521
v 1.9489058 0.08505397 9.807971
v 0.9791218 0.042729806 9.951946
v 2.8735676 0.41022602 9.569521
v 2.8195753 0.68989235 9.569502
v 1.9311795 0.2756843 9.807971
v 0.9702157 0.13850613 9.951946
v 1.8949128 0.46362847 9.807951
v 0.951988 0.23292397 9.951946
v 6.0449934 -3.6682818 7.071184
v 5.0746546 -3.8067715 7.7302217
v 5.423357 -3.2910635 7.7302213
v 5.6563234 -4.2431035 7.0711846
v 6.608412 -4.010172 6.3440495
v 4.6770854 -4.285859 7.7302213
v 6.183518 -4.6385717 6.3440485
v 7.108186 -4.3134413 5.555819
v 5.2131853 -4.7771034 7.071184
v 4.234472 -4.723671 7.730221
v 4.7198396 -5.265098 7.071184
v 3.751076 -5.115992 7.730221
v 5.699078 -5.2223425 6.344049
v 4.181039 -5.7023854 7.0711846
v 3.2315543 -5.459042 7.7302213
v 3.601969 -6.084756 7.0711846
v 2.6809092 -5.7495184 7.7302213
v 2.9882104 -6.408526 7.0711846
v 2.1044438 -5.9846225 7.7302213
v 3.9376945 -6.65187 6.34405
v 4.5692177 -6.2316713 6.3469777
v 2.3456712 -6.6705775 7.0711846
v 1.5077596 -6.1620646 7.730202
v 1.6805899 -6.868361 7.071165
v 5.159753 -5.755819 6.3440495
v 5.1183953 -5.8554854 6.2747574
v 5.670956 -5.540312 6.065572
v 4.045344 -6.6422844 6.274759
v 6.2081428 -5.3141828 5.7360344
v 3.5786037 -7.074503 6.0655766
v 3.2667317 -7.005816 6.34405
v 3.2014117 -7.518835 5.7360415
v 6.6511602 -4.9893675 5.555818
v 6.6954656 -5.178141 5.297508
v 7.111777 -5.1434927 4.7742314
v 7.5395026 -4.5751705 4.7140837
v 7.4233108 -5.1943936 4.1836367
v 7.8982077 -4.792839 3.8269508
v 7.6319966 -5.3522253 3.567327
v 8.180849 -4.9643497 2.902963
v 7.7249327 -5.605753 2.9545455
v 7.681646 -5.9206967 2.3652139
v 8.384703 -5.088051 1.9510183
v 7.845606 -5.885367 1.9510181
v 8.507804 -5.162751 0.98028624
v 7.5203447 -6.3031373 1.839842
v 7.9607935 -5.971773 0.9802861
v 8.544775 -5.185186 0.062175557
v 7.9953885 -5.997724 0.062175423
v 7.3371196 -6.723328 0.9802861
v 7.2443223 -6.7273574 1.4014969
v 7.3690042 -6.7525444 0.062175434
v 6.866104 -7.1702905 1.0712612
v 6.67165 -7.4423323 0.062175464
v 6.405004 -7.6102014 0.8659327
v 5.9100437 -8.060449 0.062175512
v 5.8896747 -8.032547 0.7995806
v 5.091518 -8.600936 0.062175587
v 5.3319573 -8.396999 0.8659349
v 4.7737556 -8.704482 1.0712672
v 4.2239575 -9.058592 0.062175687
v 4.205681 -9.019398 0.9802863
v 4.237591 -8.932003 1.4015026
v 3.7500093 -9.067692 1.8398515
v 3.3013687 -9.38821 0.9802864
v 3.3157153 -9.429007 0.062175807
v 2.3653107 -9.666582 0.98026717
v 2.3755898 -9.708589 0.062156487
v 2.3310857 -9.526715 1.9509994
v 3.2535987 -9.252371 1.9510186
v 3.3367643 -9.1065235 2.365223
v 3.0233831 -9.053106 2.954556
v 2.2744093 -9.295098 2.9029436
v 2.809533 -8.88823 3.5673366
v 2.1958284 -8.973965 3.8269315
v 2.7217581 -8.641743 4.183645
v 2.0960996 -8.566407 4.714065
v 2.766896 -8.329323 4.7742414
v 1.9761832 -8.07635 5.5558
v 2.7582443 -7.8437767 5.555819
v 2.9251256 -7.9426947 5.297517
v 1.8372337 -7.5085115 6.34403
v 2.5643058 -7.292291 6.34405
v 6.8683424 1.6806219 7.071165
v 6.2801123 0.8965688 7.730221
v 6.1620464 1.5077916 7.730202
v 6.999947 0.99933743 7.0711837
v 7.508493 1.8372658 6.3440304
v 6.3377542 0.27667874 7.730221
v 7.652368 1.0924816 6.344049
v 8.07633 1.9762151 5.5558
v 7.064196 0.30839655 7.0711837
v 6.3343587 -0.34587628 7.730221
v 8.231091 1.1751046 5.5558186
v 8.566388 2.0961318 4.714065
v 7.060412 -0.38551548 7.071184
v 6.2699594 -0.96510124 7.730221
v 7.722606 0.33714318 6.344049
v 8.730542 1.2464099 4.7140837
v 8.973946 2.1958606 3.8269315
v 6.9886312 -1.0757146 7.071184
v 6.145175 -1.5750316 7.7302203
v 7.718469 -0.42144203 6.3440495
v 8.30664 0.36264303 5.5558186
v 9.145914 1.3057103 3.8269503
v 9.295079 2.2744415 2.9029436
v 6.849544 -1.7555554 7.0711837
v 5.961208 -2.1697943 7.730221
v 8.810676 0.384651 4.7140837
v 7.639998 -1.1759694 6.3440495
v 8.30219 -0.45330998 5.5558186
v 9.473203 1.3524377 2.9029624
v 9.526696 2.3311179 1.9509993
v 6.6444907 -2.418488 7.071184
v 5.719829 -2.7436604 7.730221
v 9.229859 0.402953 3.82695
v 8.805956 -0.4808132 4.7140837
v 7.487948 -1.9191716 6.344049
v 8.217784 -1.2648985 5.555819
v 9.709258 1.3861378 1.9510181
v 9.666563 2.3653429 0.9802669
v 6.375446 -3.0581307 7.071184
v 5.423357 -3.2910635 7.7302213
v 6.0449934 -3.6682818 7.071184
v 7.263783 -2.6438916 6.344049
v 6.9696617 -3.3431501 6.3440495
v 6.608412 -4.010172 6.3440495
v 8.0542345 -2.0643065 5.5558186
v 7.496756 -3.5959742 5.555819
v 7.108186 -4.3134413 5.555819
v 7.8131194 -2.8438332 5.5558186
v 8.716429 -1.3416474 4.7140837
v 7.951649 -3.8141668 4.714084
v 7.5395026 -4.5751705 4.7140837
v 8.287209 -3.0163882 4.7140837
v 8.542955 -2.1895611 4.7140837
v 9.2249155 -0.50368655 3.8269503
v 8.329963 -3.995626 3.8269503
v 7.8982077 -4.792839 3.8269508
v 9.131129 -1.4054756 3.8269503
v 8.681487 -3.1598938 3.8269503
v 8.949402 -2.293729 3.82695
v 9.560153 0.41737399 2.9029622
v 8.628054 -4.1386075 2.9029624
v 8.180849 -4.9643497 2.902963
v 9.555031 -0.5217086 2.9029624
v 9.457888 -1.4557686 2.9029624
v 8.992157 -3.2729676 2.9029624
v 9.269659 -2.3758082 2.9029622
v 9.798375 0.42777476 1.9510181
v 8.84305 -4.241732 1.9510185
v 8.384703 -5.088051 1.9510183
v 9.793125 -0.53470814 1.951018
v 9.6935625 -1.4920422 1.9510181
v 9.216227 -3.3545222 1.9510183
v 9.500643 -2.4350076 1.9510183
v 9.851807 1.4064893 0.980286
v 9.70857 2.375622 0.06215633
v 9.894619 1.4126018 0.062175337
v 9.942232 0.43405616 0.980286
v 9.985437 0.435943 0.062175315
v 9.936905 -0.54255784 0.980286
v 9.980087 -0.54491484 0.062175315
v 9.83588 -1.5139467 0.980286
v 9.878624 -1.5205256 0.06217534
v 9.640129 -2.4707565 0.980286
v 9.68202 -2.4814925 0.062175386
v 9.351537 -3.4037714 0.9802861
v 9.392175 -3.4185627 0.062175464
v 8.972881 -4.3040066 0.9802861
v 9.011873 -4.322709 0.062175557
v 8.507804 -5.162751 0.98028624
v 8.544775 -5.185186 0.062175557
v 8.544775 -5.185186 0.062175557
v 8.95771 -4.296729 0.042175572
v 8.49342 -5.154022 0.04217557
v 9.011873 -4.322709 0.062175557
v 9.335725 -3.3980165 0.04217547
v 9.392175 -3.4185627 0.062175464
v 9.623829 -2.4665785 0.042175405
v 9.68202 -2.4814925 0.062175386
v 9.81925 -1.5113875 0.04217536
v 9.878624 -1.5205256 0.06217534
v 9.920105 -0.5416399 0.042175334
v 9.980087 -0.54491484 0.062175315
v 9.925423 0.4333228 0.042175334
v 9.985437 0.435943 0.062175315
v 9.83515 1.4041113 0.042175353
v 9.894619 1.4126018 0.062175337
v 9.65022 2.3613439 0.042156342
v 9.70857 2.375622 0.06215633
v 7.9953885 -5.997724 0.062175423
v 8.544775 -5.185186 0.062175557
v 8.49342 -5.154022 0.04217557
v 7.9473333 -5.9616766 0.042175435
v 7.3690042 -6.7525444 0.062175434
v 7.324715 -6.7119603 0.042175442
v 6.67165 -7.4423323 0.062175464
v 6.6315517 -7.397603 0.042175476
v 5.9100437 -8.060449 0.062175512
v 5.8745217 -8.012004 0.042175528
v 5.091518 -8.600936 0.062175587
v 5.060916 -8.549242 0.042175606
v 4.2239575 -9.058592 0.062175687
v 4.19857 -9.0041485 0.0421757
v 3.3157153 -9.429007 0.062175807
v 3.2957869 -9.372337 0.04217582
v 2.3755898 -9.708589 0.062156487
v 2.3613117 -9.650238 0.042156503
v 8.49342 -5.154022 0.04217557
v 8.95771 -4.296729 -0.04194915
v 8.49342 -5.154022 -0.041949153
v 8.95771 -4.296729 0.042175572
v 9.335725 -3.3980165 -0.04194925
v 9.335725 -3.3980165 0.04217547
v 9.623829 -2.4665785 -0.041949317
v 9.623829 -2.4665785 0.042175405
v 9.81925 -1.5113875 -0.04194936
v 9.81925 -1.5113875 0.04217536
v 9.920105 -0.5416399 -0.041949388
v 9.920105 -0.5416399 0.042175334
v 9.925423 0.4333228 -0.041949388
v 9.925423 0.4333228 0.042175334
v 9.83515 1.4041113 -0.04194937
v 9.83515 1.4041113 0.042175353
v 9.65022 2.3613439 -0.04196838
v 9.65022 2.3613439 0.042156342
v 7.9473333 -5.9616766 0.042175435
v 8.49342 -5.154022 0.04217557
v 8.49342 -5.154022 -0.041949153
v 7.9473333 -5.9616766 -0.041949287
v 7.324715 -6.7119603 0.042175442
v 7.324715 -6.7119603 -0.04194928
v 6.6315517 -7.397603 0.042175476
v 6.6315517 -7.397603 -0.041949246
v 5.8745217 -8.012004 0.042175528
v 5.8745217 -8.012004 -0.041949194
v 5.060916 -8.549242 0.042175606
v 5.060916 -8.549242 -0.041949116
v 4.19857 -9.0041485 0.0421757
v 4.19857 -9.0041485 -0.041949023
v 3.2957869 -9.372337 0.04217582
v 3.2957869 -9.372337 -0.041948903
v 2.3613117 -9.650238 0.042156503
v 2.3613117 -9.650238 -0.04196822
v 9.011873 -4.322709 -0.061949164
v 8.544775 -5.185186 -0.061949164
v 8.49342 -5.154022 -0.041949153
v 8.95771 -4.296729 -0.04194915
v 9.392175 -3.4185627 -0.061949257
v 9.335725 -3.3980165 -0.04194925
v 9.68202 -2.4814925 -0.061949335
v 9.623829 -2.4665785 -0.041949317
v 9.878624 -1.5205256 -0.06194938
v 9.81925 -1.5113875 -0.04194936
v 9.980087 -0.54491484 -0.061949406
v 9.920105 -0.5416399 -0.041949388
v 9.985437 0.435943 -0.061949406
v 9.925423 0.4333228 -0.041949388
v 9.894619 1.4126018 -0.061949383
v 9.83515 1.4041113 -0.04194937
v 9.70857 2.375622 -0.06196839
v 9.65022 2.3613439 -0.04196838
v 8.544775 -5.185186 -0.061949164
v 7.9473333 -5.9616766 -0.041949287
v 8.49342 -5.154022 -0.041949153
v 7.9953885 -5.997724 -0.061949298
v 7.324715 -6.7119603 -0.04194928
v 7.3690042 -6.7525444 -0.061949287
v 6.6315517 -7.397603 -0.041949246
v 6.67165 -7.4423323 -0.061949257
v 5.8745217 -8.012004 -0.041949194
v 5.9100437 -8.060449 -0.06194921
v 5.060916 -8.549242 -0.041949116
v 5.091518 -8.600936 -0.061949134
v 4.19857 -9.0041485 -0.041949023
v 4.2239575 -9.058592 -0.061949033
v 3.2957869 -9.372337 -0.041948903
v 3.3157153 -9.429007 -0.061948914
v 2.3613117 -9.650238 -0.04196822
v 2.3755898 -9.708589 -0.061968233
v 8.507804 -5.162751 -0.98005736
v 7.9953885 -5.997724 -0.061949298
v 8.544775 -5.185186 -0.061949164
v 7.9607935 -5.971773 -0.9800575
v 8.384702 -5.088051 -1.9507896
v 7.3690042 -6.7525444 -0.061949287
v 7.845604 -5.885366 -1.9507898
v 8.180847 -4.964349 -2.902733
v 7.3371196 -6.723328 -0.9800575
v 6.67165 -7.4423323 -0.061949257
v 7.654858 -5.7422795 -2.9027333
v 7.8982058 -4.792838 -3.8267207
v 6.642782 -7.4101315 -0.9800575
v 5.9100437 -8.060449 -0.06194921
v 7.2309546 -6.626046 -1.9507898
v 7.3903885 -5.54389 -3.826721
v 7.5394993 -4.5751696 -4.713855
v 5.8844714 -8.025573 -0.9800574
v 5.091518 -8.600936 -0.061949134
v 6.5466647 -7.3029127 -1.9507896
v 7.055151 -6.4649515 -2.9027333
v 7.0547442 -5.292112 -4.7138553
v 7.1081815 -4.3134403 -5.555589
v 5.0694876 -8.563723 -0.9800573
v 4.2239575 -9.058592 -0.061949033
v 6.8114004 -6.2415943 -3.826721
v 5.7993255 -7.9094477 -1.9507896
v 6.387497 -7.1253614 -2.9027333
v 6.651156 -4.989366 -5.55559
v 6.6084065 -4.01017 -6.34382
v 4.205681 -9.019398 -0.9800573
v 3.3157153 -9.429007 -0.061948914
v 6.502051 -5.95813 -4.713855
v 6.166814 -6.8791895 -3.8267212
v 4.9961343 -8.439812 -1.9507895
v 5.658328 -7.7171516 -2.9027336
v 6.183513 -4.638568 -6.343821
v 6.044987 -3.668279 -7.0709553
v 3.3013682 -9.38821 -0.9800572
v 2.3755898 -9.708589 -0.061968233
v 2.3653104 -9.666582 -0.98007643
v 4.1448255 -8.888893 -1.9507895
v 3.2535982 -9.252371 -1.9507893
v 2.331085 -9.526714 -1.9508085
v 4.8746624 -8.234621 -2.9027336
v 4.044051 -8.672785 -2.9027333
v 3.174492 -9.027424 -2.9027333
v 2.2744086 -9.295097 -2.9027524
v 5.462835 -7.4505334 -3.8267212
v 4.706245 -7.9501247 -3.826721
v 3.9043295 -8.373151 -3.826721
v 3.0648124 -8.715539 -3.826721
v 2.1958275 -8.973963 -3.8267398
v 5.8867383 -6.5667677 -4.713855
v 5.214731 -7.1121635 -4.713854
v 4.492502 -7.5890665 -4.7138543
v 3.7270064 -7.99288 -4.713855
v 2.9256153 -8.319716 -4.7138543
v 2.0960984 -8.566404 -4.7138734
v 6.1300826 -5.617284 -5.5555897
v 5.549969 -6.191103 -5.5555897
v 4.9164047 -6.7052994 -5.5555887
v 4.235492 -7.154918 -5.5555887
v 3.513787 -7.535632 -5.555589
v 2.7582412 -7.843773 -5.555589
v 1.976181 -8.076346 -5.5556083
v 5.6990747 -5.222338 -6.3438206
v 5.159748 -5.755814 -6.34382
v 4.5707293 -6.2338576 -6.3438196
v 3.9376905 -6.6518655 -6.3438196
v 3.2667274 -7.0058107 -6.3438196
v 2.5643034 -7.292287 -6.3438196
v 1.8372316 -7.508507 -6.343839
v 5.6563187 -4.2430987 -7.070955
v 5.4233494 -3.2910604 -7.7299914
v 5.2131805 -4.7770996 -7.0709553
v 5.074648 -3.806766 -7.729991
v 4.7494817 -2.882148 -8.314581
v 4.444105 -3.333772 -8.314582
v 4.677079 -4.285854 -7.7299914
v 4.095934 -3.753333 -8.314582
v 4.7198353 -5.265093 -7.0709553
v 4.234465 -4.723665 -7.729992
v 3.7083154 -4.136747 -8.314582
v 4.1810346 -5.702381 -7.070955
v 3.7510715 -5.1159863 -7.729992
v 3.2849815 -4.4803214 -8.314582
v 3.6019652 -6.0847507 -7.070955
v 3.231549 -5.4590364 -7.7299914
v 2.8300104 -4.7807474 -8.314582
v 2.9882061 -6.408521 -7.070955
v 2.6809049 -5.749512 -7.7299914
v 2.3477833 -5.035132 -8.314582
v 2.345667 -6.6705728 -7.070955
v 1.6805873 -6.8683558 -7.0709743
v 2.1044397 -5.9846163 -7.7299914
v 1.8429435 -5.2410254 -8.314582
v 1.507757 -6.1620574 -7.7300105
v 1.3204052 -5.396416 -8.314601
v 9.666563 2.3653429 -0.9800767
v 9.894619 1.4126018 -0.061949383
v 9.70857 2.375622 -0.06196839
v 9.851807 1.4064893 -0.9800576
v 9.526695 2.3311174 -1.9508086
v 9.985437 0.435943 -0.061949406
v 9.709257 1.3861378 -1.9507898
v 9.295078 2.274441 -2.9027524
v 9.942232 0.43405616 -0.9800576
v 9.980087 -0.54491484 -0.061949406
v 9.473202 1.3524373 -2.9027336
v 8.973944 2.1958597 -3.8267403
v 9.936905 -0.54255784 -0.9800576
v 9.878624 -1.5205256 -0.06194938
v 9.798374 0.42777523 -1.9507898
v 9.14591 1.3057113 -3.8267212
v 8.566385 2.0961306 -4.7138734
v 9.83588 -1.5139467 -0.9800576
v 9.68202 -2.4814925 -0.061949335
v 9.793125 -0.53470767 -1.9507899
v 9.560151 0.41737399 -2.9027338
v 8.73054 1.2464094 -4.713855
v 8.076326 1.9762135 -5.5556083
v 9.640129 -2.4707565 -0.9800576
v 9.392175 -3.4185627 -0.061949257
v 9.229856 0.40295348 -3.8267214
v 9.693562 -1.4920417 -1.9507898
v 9.555029 -0.5217091 -2.9027336
v 8.231087 1.1751034 -5.5555897
v 7.5084877 1.8372642 -6.343839
v 9.351537 -3.4037714 -0.9800575
v 9.011873 -4.322709 -0.061949164
v 8.810673 0.38465005 -4.713855
v 9.224912 -0.5036861 -3.8267212
v 9.500643 -2.435007 -1.9507896
v 9.457888 -1.4557683 -2.9027336
v 7.652362 1.0924814 -6.3438206
v 6.8683367 1.6806197 -7.0709743
v 8.972881 -4.3040066 -0.9800575
v 8.544775 -5.185186 -0.061949164
v 8.507804 -5.162751 -0.98005736
v 9.216225 -3.354522 -1.9507896
v 8.843049 -4.2417316 -1.9507895
v 8.384702 -5.088051 -1.9507896
v 9.269657 -2.3758085 -2.9027338
v 8.628052 -4.138607 -2.9027336
v 8.180847 -4.964349 -2.902733
v 8.992155 -3.2729676 -2.9027336
v 9.1311245 -1.4054754 -3.8267212
v 8.32996 -3.995626 -3.8267212
v 7.8982058 -4.792838 -3.8267207
v 8.681483 -3.1598926 -3.8267212
v 8.949399 -2.2937288 -3.8267214
v 8.805953 -0.4808132 -4.713855
v 7.9516454 -3.8141654 -4.7138543
v 7.5394993 -4.5751696 -4.713855
v 8.716425 -1.3416471 -4.713855
v 8.287206 -3.0163875 -4.713855
v 8.5429535 -2.1895607 -4.713855
v 8.306637 0.36264327 -5.5555897
v 7.4967504 -3.5959733 -5.555589
v 7.1081815 -4.3134403 -5.555589
v 8.302186 -0.45330974 -5.5555897
v 8.21778 -1.2648993 -5.555589
v 7.8131137 -2.843833 -5.5555897
v 8.054231 -2.0643058 -5.5555897
v 7.7226005 0.33714342 -6.3438206
v 6.9696565 -3.343149 -6.34382
v 6.6084065 -4.01017 -6.34382
v 7.7184625 -0.42144203 -6.34382
v 7.6399913 -1.1759694 -6.34382
v 7.2637763 -2.6438909 -6.3438206
v 7.4879413 -1.9191711 -6.3438206
v 6.9999404 0.9993372 -7.0709558
v 6.162039 1.5077895 -7.7300105
v 7.06419 0.3083963 -7.0709558
v 6.2801027 0.8965683 -7.729992
v 5.3963976 1.3204378 -8.314602
v 5.4997845 0.78516454 -8.314582
v 6.337745 0.2766785 -7.729992
v 5.550265 0.24229589 -8.314582
v 7.0604053 -0.38551524 -7.0709553
v 6.3343496 -0.34587628 -7.729992
v 5.5472913 -0.30290636 -8.314582
v 6.9886246 -1.0757143 -7.0709553
v 6.269951 -0.9651003 -7.729992
v 5.490893 -0.84519225 -8.314582
v 6.8495374 -1.755554 -7.0709558
v 6.1451664 -1.5750309 -7.7299924
v 5.3816133 -1.379339 -8.314582
v 6.6444845 -2.4184873 -7.0709553
v 5.9611993 -2.1697927 -7.729992
v 5.2205043 -1.900202 -8.314582
v 6.375439 -3.05813 -7.0709553
v 6.044987 -3.668279 -7.0709553
v 5.719821 -2.7436588 -7.729992
v 5.009117 -2.402766 -8.314581
v 5.4233494 -3.2910604 -7.7299914
v 4.7494817 -2.882148 -8.314581
v 4.029871 -2.445478 -8.819097
v 4.444105 -3.333772 -8.314582
v 4.7494817 -2.882148 -8.314581
v 3.770761 -2.8286712 -8.819097
v 3.2714498 -1.9852575 -9.23868
v 4.095934 -3.753333 -8.314582
v 3.061101 -2.296328 -9.23868
v 2.481521 -1.5059175 -9.569287
v 3.475341 -3.1846652 -8.8190975
v 3.7083154 -4.136747 -8.314582
v 2.3219593 -1.7418706 -9.569287
v 1.6676923 -1.0120747 -9.807736
v 3.1464493 -3.5099883 -8.8190975
v 3.2849815 -4.4803214 -8.314582
v 2.8212767 -2.5853267 -9.23868
v 1.5604541 -1.1706367 -9.807736
v 0.83782923 -0.5084877 -9.95175
v 0.78395176 -0.58814985 -9.95175
v 2.7872548 -3.8015087 -8.8190975
v 2.8300104 -4.7807474 -8.314582
v 2.5542803 -2.8494267 -9.23868
v 2.1400404 -1.9610903 -9.569287
v 1.4381931 -1.3179665 -9.807736
v 0.7225305 -0.6621658 -9.95175
v 2.4012156 -4.0564175 -8.8190975
v 2.3477833 -5.035132 -8.314582
v 2.2626834 -3.0860848 -9.238681
v 1.9375105 -2.1614227 -9.569287
v 1.3020799 -1.4526033 -9.807736
v 0.65414953 -0.7298044 -9.95175
v 1.9920499 -4.2722607 -8.8190975
v 1.8429435 -5.2410254 -8.314582
v 1.949294 -3.2930217 -9.238681
v 1.7163197 -2.34094 -9.569287
v 1.1534253 -1.5732504 -9.807736
v 0.57946295 -0.7904194 -9.95175
v 1.5636978 -4.4469585 -8.8190975
v 1.3204052 -5.396416 -8.314601
v 1.120336 -4.5788026 -8.819117
v 1.6171304 -3.4682448 -9.238681
v 1.4785982 -2.4979122 -9.569287
v 0.9936613 -1.6787456 -9.807736
v 0.49919474 -0.843422 -9.95175
v 1.2693911 -3.610066 -9.238681
v 0.90947634 -3.7170928 -9.2387
v 1.2266357 -2.630827 -9.569287
v 0.82432604 -1.7680733 -9.807736
v 0.4141178 -0.88830173 -9.95175
v 0.9628581 -2.7384055 -9.569287
v 0.6898569 -2.8195841 -9.569307
v 0.6470506 -1.840373 -9.807736
v 0.32505164 -0.92462635 -9.95175
v 0.46359265 -1.894921 -9.807756
v 0.23286504 -0.9520219 -9.95175
v 0.88363856 -0.42392406 -9.95175
v 0.83782923 -0.5084877 -9.95175
v 1.6676923 -1.0120747 -9.807736
v 1.7588686 -0.84376574 -9.807736
v 0.92093253 -0.33525938 -9.95175
v 2.481521 -1.5059175 -9.569287
v 1.8330976 -0.66728944 -9.807736
v 0.9493563 -0.24336618 -9.95175
v 2.617183 -1.2554612 -9.569287
v 3.2714498 -1.9852575 -9.23868
v 1.8896714 -0.4843871 -9.807736
v 0.968636 -0.1491295 -9.95175
v 3.4502916 -1.6550665 -9.23868
v 4.029871 -2.445478 -8.819097
v 2.7276325 -0.9928728 -9.569287
v 1.9280454 -0.29682046 -9.807736
v 0.9785861 -0.053456824 -9.95175
v 4.2501707 -2.0387328 -8.819097
v 4.7494817 -2.882148 -8.314581
v 5.009117 -2.402766 -8.314581
v 3.5958977 -1.308895 -9.23868
v 2.811812 -0.7207232 -9.569287
v 4.429531 -1.6123118 -8.819097
v 5.2205043 -1.900202 -8.314582
v 1.9478498 -0.10639543 -9.807736
v 0.9791107 0.04273052 -9.95175
v 3.7068715 -0.9501184 -9.23868
v 4.566231 -1.170364 -8.8190975
v 5.3816133 -1.379339 -8.314582
v 2.8689103 -0.44163272 -9.569287
v 1.9488937 0.085053675 -9.807736
v 0.9702047 0.13850611 -9.95175
v 4.658954 -0.7171452 -8.8190975
v 5.490893 -0.84519225 -8.314582
v 3.7821448 -0.58219206 -9.238681
v 2.8983781 -0.15828939 -9.569287
v 1.9311674 0.27568316 -9.807736
v 0.95197725 0.23292188 -9.95175
v 1.894902 0.46362528 -9.807756
v 4.706807 -0.25702035 -8.8190975
v 5.5472913 -0.30290636 -8.314582
v 3.8209922 -0.20865946 -9.238681
v 2.899932 0.12657766 -9.569288
v 2.8735561 0.4102253 -9.569288
v 2.8195653 0.68988955 -9.569307
v 3.8230407 0.16688235 -9.238681
v 4.7093306 0.20557916 -8.8190975
v 5.550265 0.24229589 -8.314582
v 3.7882693 0.54081655 -9.238681
v 3.717074 0.909509 -9.238701
v 4.666498 0.6661984 -8.8190975
v 5.4997845 0.78516454 -8.314582
v 4.578784 1.1203685 -8.819117
v 5.3963976 1.3204378 -8.314602
v 2.809533 -8.88823 3.5673366
v 3.093123 -8.920782 2.961147
v 3.0233831 -9.053106 2.954556
v 2.8948789 -8.771341 3.5495722
v 2.7217581 -8.641743 4.183645
v 3.2792926 -8.6769285 2.9986243
v 2.8119674 -8.537335 4.1379967
v 2.766896 -8.329323 4.7742414
v 3.1020322 -8.543304 3.5247624
v 3.7992299 -8.058679 3.1146119
v 2.8485453 -8.230499 4.6969166
v 2.9251256 -7.9426947 5.297517
v 3.0027773 -7.866216 5.1983047
v 3.0278988 -8.33407 4.0509005
v 3.67793 -7.9672403 3.474651
v 4.7552295 -7.039628 3.3490944
v 3.0606046 -8.059713 4.550657
v 3.1985104 -7.7339916 4.998971
v 3.6272 -7.8240595 3.8346906
v 4.7318597 -7.022011 3.4184601
v 4.9946427 -6.8118377 3.4127614
v 3.6495802 -7.6363144 4.176677
v 3.7439506 -7.4134216 4.483461
v 4.7220855 -6.994425 3.4878275
v 4.7263975 -6.9582515 3.5537183
v 4.74458 -6.9153075 3.6128244
v 3.2014117 -7.518835 5.7360415
v 3.0027773 -7.866216 5.1983047
v 2.9251256 -7.9426947 5.297517
v 3.2669318 -7.4627576 5.6170163
v 3.5786037 -7.074503 6.0655766
v 3.1985104 -7.7339916 4.998971
v 3.6277635 -7.0403514 5.9320583
v 4.045344 -6.6422844 6.274759
v 3.4347026 -7.3732405 5.3733606
v 3.7439506 -7.4134216 4.483461
v 3.905578 -7.1665583 4.739658
v 4.74458 -6.9153075 3.6128244
v 3.7573402 -6.9955487 5.6550546
v 4.0671754 -6.620178 6.127632
v 4.775718 -6.8677483 3.6621823
v 4.9946427 -6.8118377 3.4127614
v 4.563123 -6.223319 6.1939335
v 4.5692177 -6.2316713 6.3469777
v 4.150238 -6.619851 5.8299265
v 4.5936875 -6.2650027 5.8892093
v 4.1263604 -6.908101 4.932422
v 4.395224 -6.6510086 5.0520887
v 4.6986747 -6.408187 5.092656
v 4.8182545 -6.817953 3.6993215
v 4.8700566 -6.7684183 3.7223773
v 4.928511 -6.721644 3.7301931
v 7.6319966 -5.3522253 3.567327
v 7.7249327 -5.605753 2.9545455
v 7.5777783 -5.632498 2.9611478
v 7.4948664 -5.3984914 3.5495727
v 7.4233108 -5.1943936 4.1836367
v 7.289228 -5.7367225 2.9986248
v 7.296623 -5.2490506 4.1379976
v 7.111777 -5.1434927 4.7742314
v 7.215093 -5.5274844 3.5247629
v 6.543246 -6.0466843 3.1146123
v 6.992988 -5.191668 4.6969175
v 6.6954656 -5.178141 5.297508
v 6.5991883 -5.229219 5.198305
v 7.0378346 -5.3938646 4.0509014
v 6.492514 -5.903502 3.4746513
v 5.283884 -6.652003 3.3490944
v 6.76634 -5.342556 4.5506577
v 6.414225 -5.3761325 4.998972
v 6.3712153 -5.812064 3.834691
v 5.2741103 -6.6244164 3.4184601
v 4.9946427 -6.8118377 3.4127614
v 6.1854296 -5.776953 4.176678
v 5.944474 -5.7999306 4.483462
v 5.2507405 -6.606799 3.4878275
v 5.214945 -6.6000347 3.5537183
v 5.168521 -6.604461 3.6128247
v 5.1183953 -5.8554854 6.2747574
v 4.563123 -6.223319 6.1939335
v 4.5692177 -6.2316713 6.3469777
v 5.0907493 -5.8696632 6.1276326
v 5.623609 -5.576937 5.9320593
v 5.670956 -5.540312 6.065572
v 5.0654597 -5.948783 5.829927
v 4.5936875 -6.2650027 5.8892093
v 6.1349688 -5.3598256 5.6170177
v 6.2081428 -5.3141828 5.7360344
v 5.541915 -5.6870437 5.655055
v 5.0215073 -6.191799 5.0520887
v 4.6986747 -6.408187 5.092656
v 6.5991883 -5.229219 5.198305
v 6.6954656 -5.178141 5.297508
v 6.414225 -5.3761325 4.998972
v 5.999146 -5.4929132 5.373362
v 5.944474 -5.7999306 4.483462
v 5.6604347 -5.879844 4.7396584
v 5.168521 -6.604461 3.6128247
v 5.347549 -6.0126886 4.9324226
v 5.1137986 -6.619858 3.6621823
v 4.9946427 -6.8118377 3.4127614
v 5.053517 -6.6454515 3.6993215
v 4.990699 -6.6799607 3.7223773
v 4.928511 -6.721644 3.7301931
v 6.044084 -6.9626436 2.0168817
v 5.135911 -6.878007 3.1145446
v 5.187714 -6.828475 3.1376011
v 4.9946427 -6.8118377 3.4127614
v 5.7752194 -7.2197347 1.8972156
v 6.5597854 -7.0752454 1.3944733
v 5.077458 -6.9247828 3.1067286
v 6.166886 -7.4509406 1.2196018
v 6.7619805 -7.129482 1.1670877
v 5.0152698 -6.966464 3.1145444
v 4.9524536 -7.0009756 3.137601
v 4.822897 -7.858055 2.0168815
v 5.1489387 -7.6789436 1.8972155
v 4.775213 -8.383748 1.3944731
v 5.471771 -7.4625564 1.8566486
v 5.2516665 -8.122006 1.2196015
v 4.7661386 -8.592895 1.1670873
v 6.3225675 -7.5496535 0.9715138
v 6.866104 -7.1702905 1.0712612
v 6.405004 -7.6102014 0.8659327
v 5.7234387 -7.8057885 1.1603198
v 5.298997 -8.300167 0.9715137
v 4.7737556 -8.704482 1.0712672
v 5.3319573 -8.396999 0.8659349
v 5.8266225 -7.9465127 0.9052138
v 5.8896747 -8.032547 0.7995806
v 6.543246 -6.0466843 3.1146123
v 5.2795725 -6.688175 3.283206
v 5.283884 -6.652003 3.3490944
v 4.9946427 -6.8118377 3.4127614
v 6.520865 -6.2344294 2.772627
v 7.289228 -5.7367225 2.9986248
v 5.2613893 -6.731117 3.2240994
v 7.256522 -6.0110803 2.4988697
v 7.5777783 -5.632498 2.9611478
v 5.2302494 -6.7786794 3.174739
v 5.187714 -6.828475 3.1376011
v 6.426493 -6.4573207 2.4658434
v 6.2648644 -6.704186 2.2096453
v 6.044084 -6.9626436 2.0168817
v 7.5412025 -5.9393363 2.4022286
v 7.7249327 -5.605753 2.9545455
v 7.681646 -5.9206967 2.3652139
v 7.118614 -6.3368 2.0505564
v 6.882421 -6.6975517 1.6761663
v 6.5597854 -7.0752454 1.3944733
v 7.386967 -6.3036156 1.900842
v 7.5203447 -6.3031373 1.839842
v 7.122812 -6.7070756 1.4821293
v 6.7619805 -7.129482 1.1670877
v 7.2443223 -6.7273574 1.4014969
v 6.866104 -7.1702905 1.0712612
v 3.7992299 -8.058679 3.1146119
v 4.7552295 -7.039628 3.3490944
v 4.7910247 -7.0463934 3.283206
v 4.9946427 -6.8118377 3.4127614
v 3.985016 -8.093791 2.7726266
v 3.2792926 -8.6769285 2.9986243
v 4.8374467 -7.0419645 3.2240994
v 3.5507872 -8.728237 2.4988692
v 3.093123 -8.920782 2.961147
v 4.892172 -7.0265684 3.1747386
v 4.9524536 -7.0009756 3.137601
v 4.2259693 -8.070811 2.465843
v 4.5100117 -7.9908977 2.2096453
v 4.822897 -7.858055 2.0168815
v 3.3967586 -8.978167 2.4022279
v 3.0233831 -9.053106 2.954556
v 3.3367643 -9.1065235 2.365223
v 3.9029012 -8.694658 2.050556
v 4.3179812 -8.577877 1.6761658
v 4.775213 -8.383748 1.3944731
v 3.7905579 -8.940611 1.9008412
v 3.7500093 -9.067692 1.8398515
v 4.254778 -8.810005 1.4821287
v 4.7661386 -8.592895 1.1670873
v 4.237591 -8.932003 1.4015026
v 4.7737556 -8.704482 1.0712672
v -7.742806E-05 7.301608E-05 -9.999921
v 0.95197725 0.23292188 -9.95175
v 0.92459404 0.32514092 -9.951769
v 0.8882695 0.41420722 -9.951769
v 0.9702047 0.13850611 -9.95175
v 0.8433898 0.49928415 -9.951769
v 0.9791107 0.04273052 -9.95175
v 0.79038715 0.5795525 -9.951769
v 0.9785861 -0.053456824 -9.95175
v 0.7297722 0.65423906 -9.951769
v 0.968636 -0.1491295 -9.95175
v 0.66212845 0.72262484 -9.951769
v 0.9493563 -0.24336618 -9.95175
v 0.5881074 0.7840509 -9.951769
v 0.92093253 -0.33525938 -9.95175
v 0.5084617 0.83790404 -9.951769
v 0.88363856 -0.42392406 -9.95175
v 0.42388153 0.88373786 -9.951769
v 0.83782923 -0.5084877 -9.95175
v 0.33521676 0.9210319 -9.951769
v 0.78395176 -0.58814985 -9.95175
v 0.24332358 0.9494557 -9.951769
v 0.7225305 -0.6621658 -9.95175
v 0.1490868 0.9687354 -9.951769
v 0.65414953 -0.7298044 -9.95175
v 0.05341409 0.97868556 -9.951769
v 0.57946295 -0.7904194 -9.95175
v -0.04277326 0.97921014 -9.951769
v 0.49919474 -0.843422 -9.95175
v -0.13854884 0.9703042 -9.951769
v 0.4141178 -0.88830173 -9.95175
v -0.2329481 0.9520522 -9.951769
v 0.32505164 -0.92462635 -9.95175
v -0.32516342 0.92466825 -9.951769
v 0.23286504 -0.9520219 -9.95175
v -0.41422963 0.8883437 -9.951769
v 0.13847196 -0.9702311 -9.951769
v -0.49930662 0.84346396 -9.951769
v 0.042696387 -0.9791372 -9.951769
v -0.5795749 0.79046136 -9.951769
v -0.053490967 -0.9786126 -9.951769
v -0.65426147 0.7298463 -9.951769
v -0.1491637 -0.9686625 -9.951769
v -0.72263765 0.6622129 -9.951769
v -0.24340042 -0.9493829 -9.951769
v -0.7840543 0.58820224 -9.951769
v -0.33529368 -0.9209592 -9.951769
v -0.83790624 0.50852495 -9.951769
v -0.42395842 -0.88366514 -9.951769
v -0.88374114 0.42397636 -9.951769
v -0.508513 -0.8378556 -9.951769
v -0.9210352 0.3353116 -9.951769
v -0.58818436 -0.7839783 -9.951769
v -0.94945884 0.24341847 -9.951769
v -0.66220546 -0.72255224 -9.951769
v -0.96873856 0.14918168 -9.951769
v -0.7298492 -0.6541666 -9.951769
v -0.97868866 0.053508956 -9.951769
v -0.7904642 -0.57948 -9.951769
v -0.97921324 -0.042678382 -9.951769
v -0.8434669 -0.49921173 -9.951769
v -0.97030723 -0.13845398 -9.951769
v -0.8883467 -0.41413474 -9.951769
v -0.9520542 -0.23288485 -9.951769
v -0.9246713 -0.32506853 -9.951769
v -7.742806E-05 6.888344E-05 10.00008
v 0.9246027 0.32514286 9.951926
v 0.951988 0.23292397 9.951946
v 0.8882778 0.41420984 9.951926
v 0.9702157 0.13850613 9.951946
v 0.8433978 0.49928743 9.951926
v 0.9791218 0.042729806 9.951946
v 0.7903947 0.5795564 9.951926
v 0.97859704 -0.053458188 9.951946
v 0.72977924 0.6542436 9.951926
v 0.96864694 -0.14913164 9.951946
v 0.662135 0.72262985 9.951926
v 0.9493671 -0.24336915 9.951946
v 0.5881134 0.78405637 9.951926
v 0.9209432 -0.335263 9.951946
v 0.5084666 0.8379114 9.951926
v 0.883649 -0.42392838 9.951946
v 0.4238848 0.8837448 9.951926
v 0.8378391 -0.50849324 9.951946
v 0.33521938 0.9210391 9.951926
v 0.78396076 -0.5881569 9.951946
v 0.24332549 0.94946307 9.951926
v 0.72253895 -0.66217333 9.951946
v 0.14908794 0.9687429 9.951926
v 0.65415746 -0.72981244 9.951946
v 0.05341448 0.97869307 9.951926
v 0.57947034 -0.7904279 9.951946
v -0.04277356 0.9792177 9.951926
v 0.49920148 -0.843431 9.951946
v -0.13854991 0.97031176 9.951926
v 0.41412398 -0.8883111 9.951946
v -0.23295087 0.95206046 9.951926
v 0.32505703 -0.92463595 9.951946
v -0.32516742 0.92467487 9.951926
v 0.23286892 -0.95203227 9.951946
v -0.41423428 0.88835 9.951926
v 0.13847303 -0.97024274 9.951926
v -0.49931186 0.8434699 9.951926
v 0.042696685 -0.97914886 9.951926
v -0.5795808 0.79046685 9.951926
v -0.053491265 -0.97862417 9.951926
v -0.654268 0.7298513 9.951926
v -0.1491648 -0.96867406 9.951926
v -0.7226447 0.66221744 9.951926
v -0.24340239 -0.9493943 9.951926
v -0.7840618 0.58820623 9.951926
v -0.33529627 -0.9209704 9.951926
v -0.83791494 0.5085285 9.951926
v -0.42396173 -0.8836761 9.951926
v -0.8837501 0.4239776 9.951926
v -0.50851786 -0.8378657 9.951926
v -0.92104435 0.33531216 9.951926
v -0.5881903 -0.7839879 9.951926
v -0.94946826 0.24341832 9.951926
v -0.662212 -0.7225613 9.951926
v -0.9687481 0.14918076 9.951926
v -0.7298562 -0.6541751 9.951926
v -0.97869825 0.053507272 9.951926
v -0.7904718 -0.579488 9.951926
v -0.9792229 -0.04268075 9.951926
v -0.84347486 -0.49921903 9.951926
v -0.9703168 -0.13845713 9.951926
v -0.888355 -0.4141415 9.951926
v -0.95206374 -0.232889 9.951926
v -0.9246799 -0.32507452 9.951926
vt 0.71240234 0.24316406
vt 0.71240234 0.29077148
vt 0.7495117 0.29077148
vt 0.7495117 0.24316406
vt 0.71240234 0.19543457
vt 0.7861328 0.29077148
vt 0.7495117 0.19543457
vt 0.71240234 0.14782715
vt 0.7861328 0.24316406
vt 0.8227539 0.29077148
vt 0.7495117 0.14782715
vt 0.71240234 0.10021973
vt 0.8227539 0.24316406
vt 0.859375 0.29077148
vt 0.7861328 0.19543457
vt 0.7495117 0.10021973
vt 0.71240234 0.052581787
vt 0.859375 0.24316406
vt 0.8959961 0.29077148
vt 0.8227539 0.19543457
vt 0.7861328 0.14782715
vt 0.7495117 0.052581787
vt 0.71240234 0.004940033
vt 0.7495117 0.004940033
vt 0.8959961 0.24316406
vt 0.9326172 0.29077148
vt 0.7861328 0.10021973
vt 0.7861328 0.052581787
vt 0.7861328 0.004940033
vt 0.859375 0.19543457
vt 0.8227539 0.14782715
vt 0.9326172 0.24316406
vt 0.96972656 0.29077148
vt 0.8227539 0.10021973
vt 0.8227539 0.052581787
vt 0.8227539 0.004940033
vt 0.8959961 0.19543457
vt 0.859375 0.14782715
vt 0.96972656 0.24316406
vt 0.99560547 0.29077148
vt 0.99560547 0.24316406
vt 0.859375 0.10021973
vt 0.859375 0.052581787
vt 0.859375 0.004940033
vt 0.9326172 0.19543457
vt 0.96972656 0.19543457
vt 0.99560547 0.19543457
vt 0.8959961 0.14782715
vt 0.8959961 0.10021973
vt 0.8959961 0.052581787
vt 0.8959961 0.004940033
vt 0.9326172 0.14782715
vt 0.96972656 0.14782715
vt 0.99560547 0.14782715
vt 0.9326172 0.10021973
vt 0.9326172 0.052581787
vt 0.9326172 0.004940033
vt 0.96972656 0.10021973
vt 0.99560547 0.10021973
vt 0.96972656 0.052581787
vt 0.96972656 0.004940033
vt 0.99560547 0.052581787
vt 0.99560547 0.004940033
vt 0.3544922 0.75683594
vt 0.3544922 0.85253906
vt 0.3984375 0.85253906
vt 0.3984375 0.75683594
vt 0.3544922 0.6616211
vt 0.44262695 0.85253906
vt 0.3984375 0.6616211
vt 0.3544922 0.56591797
vt 0.44262695 0.75683594
vt 0.4868164 0.85253906
vt 0.3984375 0.56591797
vt 0.3544922 0.47070312
vt 0.4868164 0.75683594
vt 0.5307617 0.85253906
vt 0.44262695 0.6616211
vt 0.3984375 0.47070312
vt 0.3544922 0.37524414
vt 0.5307617 0.75683594
vt 0.5751953 0.85253906
vt 0.4868164 0.6616211
vt 0.44262695 0.56591797
vt 0.3984375 0.37524414
vt 0.3544922 0.27978516
vt 0.5751953 0.75683594
vt 0.6191406 0.85253906
vt 0.44262695 0.47070312
vt 0.5307617 0.6616211
vt 0.4868164 0.56591797
vt 0.3984375 0.27978516
vt 0.3544922 0.1842041
vt 0.6191406 0.75683594
vt 0.6635742 0.85253906
vt 0.44262695 0.37524414
vt 0.4868164 0.47070312
vt 0.5751953 0.6616211
vt 0.5307617 0.56591797
vt 0.3984375 0.1842041
vt 0.3544922 0.08868408
vt 0.6635742 0.75683594
vt 0.70654297 0.85253906
vt 0.70654297 0.75683594
vt 0.6191406 0.6616211
vt 0.6635742 0.6616211
vt 0.70654297 0.6616211
vt 0.5751953 0.56591797
vt 0.6191406 0.56591797
vt 0.6635742 0.56591797
vt 0.70654297 0.56591797
vt 0.5307617 0.47070312
vt 0.5751953 0.47070312
vt 0.6191406 0.47070312
vt 0.6635742 0.47070312
vt 0.70654297 0.47070312
vt 0.4868164 0.37524414
vt 0.5307617 0.37524414
vt 0.5751953 0.37524414
vt 0.6191406 0.37524414
vt 0.6635742 0.37524414
vt 0.70654297 0.37524414
vt 0.44262695 0.27978516
vt 0.4868164 0.27978516
vt 0.5307617 0.27978516
vt 0.5751953 0.27978516
vt 0.6191406 0.27978516
vt 0.6635742 0.27978516
vt 0.70654297 0.27978516
vt 0.44262695 0.1842041
vt 0.4868164 0.1842041
vt 0.5307617 0.1842041
vt 0.5751953 0.1842041
vt 0.6191406 0.1842041
vt 0.6635742 0.1842041
vt 0.70654297 0.1842041
vt 0.3984375 0.08868408
vt 0.3544922 0.0029506683
vt 0.3984375 0.0029506683
vt 0.44262695 0.08868408
vt 0.44262695 0.0029506683
vt 0.4868164 0.08868408
vt 0.4868164 0.0029506683
vt 0.5307617 0.08868408
vt 0.5307617 0.0029506683
vt 0.5751953 0.08868408
vt 0.5751953 0.0029506683
vt 0.6191406 0.08868408
vt 0.6191406 0.0029506683
vt 0.6635742 0.08868408
vt 0.6635742 0.0029506683
vt 0.70654297 0.08868408
vt 0.70654297 0.0029506683
vt 0.0072898865 0.8486328
vt 0.0072898865 0.93310547
vt 0.049957275 0.93310547
vt 0.049957275 0.8486328
vt 0.0072898865 0.7548828
vt 0.09265137 0.93310547
vt 0.049957275 0.7548828
vt 0.0072898865 0.6611328
vt 0.09265137 0.8486328
vt 0.13537598 0.93310547
vt 0.049957275 0.6611328
vt 0.0072898865 0.56689453
vt 0.13537598 0.8486328
vt 0.17797852 0.93310547
vt 0.09265137 0.7548828
vt 0.049957275 0.56689453
vt 0.0072898865 0.47314453
vt 0.17797852 0.8486328
vt 0.22070312 0.93310547
vt 0.13537598 0.7548828
vt 0.09265137 0.6611328
vt 0.049957275 0.47314453
vt 0.0072898865 0.3791504
vt 0.22070312 0.8486328
vt 0.26342773 0.93310547
vt 0.09265137 0.56689453
vt 0.17797852 0.7548828
vt 0.13537598 0.6611328
vt 0.049957275 0.3791504
vt 0.0072898865 0.2854004
vt 0.26342773 0.8486328
vt 0.30615234 0.93310547
vt 0.09265137 0.47314453
vt 0.13537598 0.56689453
vt 0.22070312 0.7548828
vt 0.17797852 0.6611328
vt 0.049957275 0.2854004
vt 0.0072898865 0.19140625
vt 0.30615234 0.8486328
vt 0.3474121 0.93310547
vt 0.3474121 0.8486328
vt 0.26342773 0.7548828
vt 0.30615234 0.7548828
vt 0.3474121 0.7548828
vt 0.22070312 0.6611328
vt 0.26342773 0.6611328
vt 0.30615234 0.6611328
vt 0.3474121 0.6611328
vt 0.17797852 0.56689453
vt 0.22070312 0.56689453
vt 0.26342773 0.56689453
vt 0.30615234 0.56689453
vt 0.3474121 0.56689453
vt 0.13537598 0.47314453
vt 0.17797852 0.47314453
vt 0.22070312 0.47314453
vt 0.26342773 0.47314453
vt 0.30615234 0.47314453
vt 0.3474121 0.47314453
vt 0.09265137 0.3791504
vt 0.13537598 0.3791504
vt 0.17797852 0.3791504
vt 0.22070312 0.3791504
vt 0.26342773 0.3791504
vt 0.30615234 0.3791504
vt 0.3474121 0.3791504
vt 0.09265137 0.2854004
vt 0.13537598 0.2854004
vt 0.17797852 0.2854004
vt 0.22070312 0.2854004
vt 0.26342773 0.2854004
vt 0.30615234 0.2854004
vt 0.3474121 0.2854004
vt 0.049957275 0.19140625
vt 0.0072898865 0.097473145
vt 0.09265137 0.19140625
vt 0.049957275 0.097473145
vt 0.0072898865 0.0035648346
vt 0.049957275 0.0035648346
vt 0.09265137 0.097473145
vt 0.09265137 0.0035648346
vt 0.13537598 0.19140625
vt 0.13537598 0.097473145
vt 0.13537598 0.0035648346
vt 0.17797852 0.19140625
vt 0.17797852 0.097473145
vt 0.17797852 0.0035648346
vt 0.22070312 0.19140625
vt 0.22070312 0.097473145
vt 0.22070312 0.0035648346
vt 0.26342773 0.19140625
vt 0.26342773 0.097473145
vt 0.26342773 0.0035648346
vt 0.30615234 0.19140625
vt 0.3474121 0.19140625
vt 0.30615234 0.097473145
vt 0.30615234 0.0035648346
vt 0.3474121 0.097473145
vt 0.3474121 0.0035648346
vt 0.73779297 0.5263672
vt 0.73779297 0.58251953
vt 0.7675781 0.58251953
vt 0.7675781 0.5263672
vt 0.73779297 0.46972656
vt 0.796875 0.58251953
vt 0.7675781 0.46972656
vt 0.73779297 0.41333008
vt 0.796875 0.5263672
vt 0.8261719 0.58251953
vt 0.7675781 0.41333008
vt 0.73779297 0.35668945
vt 0.8261719 0.5263672
vt 0.85546875 0.58251953
vt 0.796875 0.46972656
vt 0.7675781 0.35668945
vt 0.73779297 0.30029297
vt 0.7675781 0.30029297
vt 0.85546875 0.5263672
vt 0.8847656 0.58251953
vt 0.8261719 0.46972656
vt 0.796875 0.41333008
vt 0.796875 0.35668945
vt 0.796875 0.30029297
vt 0.8847656 0.5263672
vt 0.9145508 0.58251953
vt 0.85546875 0.46972656
vt 0.8261719 0.41333008
vt 0.8261719 0.35668945
vt 0.8261719 0.30029297
vt 0.9145508 0.5263672
vt 0.94384766 0.58251953
vt 0.8847656 0.46972656
vt 0.85546875 0.41333008
vt 0.85546875 0.35668945
vt 0.85546875 0.30029297
vt 0.94384766 0.5263672
vt 0.97509766 0.58251953
vt 0.97509766 0.5263672
vt 0.9145508 0.46972656
vt 0.8847656 0.41333008
vt 0.8847656 0.35668945
vt 0.8847656 0.30029297
vt 0.94384766 0.46972656
vt 0.97509766 0.46972656
vt 0.9145508 0.41333008
vt 0.9145508 0.35668945
vt 0.9145508 0.30029297
vt 0.94384766 0.41333008
vt 0.97509766 0.41333008
vt 0.94384766 0.35668945
vt 0.94384766 0.30029297
vt 0.97509766 0.35668945
vt 0.97509766 0.30029297
vt 0.124938965 0.9838867
vt 0 0.94970703
vt 0 0.9838867
vt 0.124938965 0.94970703
vt 0.24987793 0.9838867
vt 0.24987793 0.94970703
vt 0.37475586 0.9838867
vt 0.37475586 0.94970703
vt 0.49975586 0.9838867
vt 0.49975586 0.94970703
vt 0.6245117 0.9838867
vt 0.6245117 0.94970703
vt 0.7495117 0.9838867
vt 0.7495117 0.94970703
vt 0.8745117 0.9838867
vt 0.8745117 0.94970703
vt 1 0.9838867
vt 1 0.94970703
vt 0.8745117 0.99609375
vt 0.8745117 0.9838867
vt 0.7495117 0.9838867
vt 0.7495117 0.99609375
vt 0.7495117 0.99609375
vt 0.7495117 0.9838867
vt 0.6245117 0.9838867
vt 0.6245117 0.99609375
vt 0.6245117 0.99609375
vt 0.6245117 0.9838867
vt 0.49975586 0.9838867
vt 0.49975586 0.99609375
vt 0.49975586 0.99609375
vt 0.49975586 0.9838867
vt 0.37475586 0.9838867
vt 0.37475586 0.99609375
vt 0.37475586 0.99609375
vt 0.37475586 0.9838867
vt 0.24987793 0.9838867
vt 0.24987793 0.99609375
vt 0.24987793 0.99609375
vt 0.24987793 0.9838867
vt 0.124938965 0.9838867
vt 0.124938965 0.99609375
vt 0.124938965 0.99609375
vt 0.124938965 0.9838867
vt 0 0.9838867
vt 0 0.99609375
vt 0 0.9375
vt 0 0.94970703
vt 0.124938965 0.94970703
vt 0.124938965 0.9375
vt 0.124938965 0.9375
vt 0.124938965 0.94970703
vt 0.24987793 0.94970703
vt 0.24987793 0.9375
vt 0.24987793 0.9375
vt 0.24987793 0.94970703
vt 0.37475586 0.94970703
vt 0.37475586 0.9375
vt 0.37475586 0.9375
vt 0.37475586 0.94970703
vt 0.49975586 0.94970703
vt 0.49975586 0.9375
vt 0.49975586 0.9375
vt 0.49975586 0.94970703
vt 0.6245117 0.94970703
vt 0.6245117 0.9375
vt 0.6245117 0.9375
vt 0.6245117 0.94970703
vt 0.7495117 0.94970703
vt 0.7495117 0.9375
vt 0.7495117 0.9375
vt 0.7495117 0.94970703
vt 0.8745117 0.94970703
vt 0.8745117 0.9375
vt 1 0.99609375
vt 1 0.9838867
vt 0.8745117 0.9838867
vt 0.8745117 0.99609375
vt 0.8745117 0.9375
vt 0.8745117 0.94970703
vt 1 0.94970703
vt 1 0.9375
vt 0.71240234 0.24316406
vt 0.71240234 0.29077148
vt 0.7495117 0.29077148
vt 0.7495117 0.24316406
vt 0.71240234 0.19543457
vt 0.7861328 0.29077148
vt 0.7495117 0.19543457
vt 0.71240234 0.14782715
vt 0.7861328 0.24316406
vt 0.8227539 0.29077148
vt 0.7495117 0.14782715
vt 0.71240234 0.10021973
vt 0.8227539 0.24316406
vt 0.859375 0.29077148
vt 0.7861328 0.19543457
vt 0.7495117 0.10021973
vt 0.71240234 0.052581787
vt 0.859375 0.24316406
vt 0.8959961 0.29077148
vt 0.8227539 0.19543457
vt 0.7861328 0.14782715
vt 0.7495117 0.052581787
vt 0.71240234 0.004940033
vt 0.7495117 0.004940033
vt 0.8959961 0.24316406
vt 0.9326172 0.29077148
vt 0.7861328 0.10021973
vt 0.7861328 0.052581787
vt 0.7861328 0.004940033
vt 0.859375 0.19543457
vt 0.8227539 0.14782715
vt 0.9326172 0.24316406
vt 0.96972656 0.29077148
vt 0.8227539 0.10021973
vt 0.8227539 0.052581787
vt 0.8227539 0.004940033
vt 0.8959961 0.19543457
vt 0.859375 0.14782715
vt 0.96972656 0.24316406
vt 0.99560547 0.29077148
vt 0.99560547 0.24316406
vt 0.859375 0.10021973
vt 0.859375 0.052581787
vt 0.859375 0.004940033
vt 0.9326172 0.19543457
vt 0.96972656 0.19543457
vt 0.99560547 0.19543457
vt 0.8959961 0.14782715
vt 0.8959961 0.10021973
vt 0.8959961 0.052581787
vt 0.8959961 0.004940033
vt 0.9326172 0.14782715
vt 0.96972656 0.14782715
vt 0.99560547 0.14782715
vt 0.9326172 0.10021973
vt 0.9326172 0.052581787
vt 0.9326172 0.004940033
vt 0.96972656 0.10021973
vt 0.99560547 0.10021973
vt 0.96972656 0.052581787
vt 0.96972656 0.004940033
vt 0.99560547 0.052581787
vt 0.99560547 0.004940033
vt 0.3544922 0.75683594
vt 0.3544922 0.85253906
vt 0.3984375 0.85253906
vt 0.3984375 0.75683594
vt 0.3544922 0.6616211
vt 0.44262695 0.85253906
vt 0.3984375 0.6616211
vt 0.3544922 0.56591797
vt 0.44262695 0.75683594
vt 0.4868164 0.85253906
vt 0.3984375 0.56591797
vt 0.3544922 0.47070312
vt 0.4868164 0.75683594
vt 0.5307617 0.85253906
vt 0.44262695 0.6616211
vt 0.3984375 0.47070312
vt 0.3544922 0.37524414
vt 0.5307617 0.75683594
vt 0.5751953 0.85253906
vt 0.4868164 0.6616211
vt 0.44262695 0.56591797
vt 0.3984375 0.37524414
vt 0.3544922 0.27978516
vt 0.5751953 0.75683594
vt 0.6191406 0.85253906
vt 0.44262695 0.47070312
vt 0.5307617 0.6616211
vt 0.4868164 0.56591797
vt 0.3984375 0.27978516
vt 0.3544922 0.1842041
vt 0.6191406 0.75683594
vt 0.6635742 0.85253906
vt 0.44262695 0.37524414
vt 0.4868164 0.47070312
vt 0.5751953 0.6616211
vt 0.5307617 0.56591797
vt 0.3984375 0.1842041
vt 0.3544922 0.08868408
vt 0.6635742 0.75683594
vt 0.70654297 0.85253906
vt 0.70654297 0.75683594
vt 0.6191406 0.6616211
vt 0.6635742 0.6616211
vt 0.70654297 0.6616211
vt 0.5751953 0.56591797
vt 0.6191406 0.56591797
vt 0.6635742 0.56591797
vt 0.70654297 0.56591797
vt 0.5307617 0.47070312
vt 0.5751953 0.47070312
vt 0.6191406 0.47070312
vt 0.6635742 0.47070312
vt 0.70654297 0.47070312
vt 0.4868164 0.37524414
vt 0.5307617 0.37524414
vt 0.5751953 0.37524414
vt 0.6191406 0.37524414
vt 0.6635742 0.37524414
vt 0.70654297 0.37524414
vt 0.44262695 0.27978516
vt 0.4868164 0.27978516
vt 0.5307617 0.27978516
vt 0.5751953 0.27978516
vt 0.6191406 0.27978516
vt 0.6635742 0.27978516
vt 0.70654297 0.27978516
vt 0.44262695 0.1842041
vt 0.4868164 0.1842041
vt 0.5307617 0.1842041
vt 0.5751953 0.1842041
vt 0.6191406 0.1842041
vt 0.6635742 0.1842041
vt 0.70654297 0.1842041
vt 0.3984375 0.08868408
vt 0.3544922 0.0029506683
vt 0.3984375 0.0029506683
vt 0.44262695 0.08868408
vt 0.44262695 0.0029506683
vt 0.4868164 0.08868408
vt 0.4868164 0.0029506683
vt 0.5307617 0.08868408
vt 0.5307617 0.0029506683
vt 0.5751953 0.08868408
vt 0.5751953 0.0029506683
vt 0.6191406 0.08868408
vt 0.6191406 0.0029506683
vt 0.6635742 0.08868408
vt 0.6635742 0.0029506683
vt 0.70654297 0.08868408
vt 0.70654297 0.0029506683
vt 0.0072898865 0.8486328
vt 0.0072898865 0.93310547
vt 0.049957275 0.93310547
vt 0.049957275 0.8486328
vt 0.0072898865 0.7548828
vt 0.09265137 0.93310547
vt 0.049957275 0.7548828
vt 0.0072898865 0.6611328
vt 0.09265137 0.8486328
vt 0.13537598 0.93310547
vt 0.049957275 0.6611328
vt 0.0072898865 0.56689453
vt 0.13537598 0.8486328
vt 0.17797852 0.93310547
vt 0.09265137 0.7548828
vt 0.049957275 0.56689453
vt 0.0072898865 0.47314453
vt 0.17797852 0.8486328
vt 0.22070312 0.93310547
vt 0.13537598 0.7548828
vt 0.09265137 0.6611328
vt 0.049957275 0.47314453
vt 0.0072898865 0.3791504
vt 0.22070312 0.8486328
vt 0.26342773 0.93310547
vt 0.09265137 0.56689453
vt 0.17797852 0.7548828
vt 0.13537598 0.6611328
vt 0.049957275 0.3791504
vt 0.0072898865 0.2854004
vt 0.26342773 0.8486328
vt 0.30615234 0.93310547
vt 0.09265137 0.47314453
vt 0.13537598 0.56689453
vt 0.22070312 0.7548828
vt 0.17797852 0.6611328
vt 0.049957275 0.2854004
vt 0.0072898865 0.19140625
vt 0.30615234 0.8486328
vt 0.3474121 0.93310547
vt 0.3474121 0.8486328
vt 0.26342773 0.7548828
vt 0.30615234 0.7548828
vt 0.3474121 0.7548828
vt 0.22070312 0.6611328
vt 0.26342773 0.6611328
vt 0.30615234 0.6611328
vt 0.3474121 0.6611328
vt 0.17797852 0.56689453
vt 0.22070312 0.56689453
vt 0.26342773 0.56689453
vt 0.30615234 0.56689453
vt 0.3474121 0.56689453
vt 0.13537598 0.47314453
vt 0.17797852 0.47314453
vt 0.22070312 0.47314453
vt 0.26342773 0.47314453
vt 0.30615234 0.47314453
vt 0.3474121 0.47314453
vt 0.09265137 0.3791504
vt 0.13537598 0.3791504
vt 0.17797852 0.3791504
vt 0.22070312 0.3791504
vt 0.26342773 0.3791504
vt 0.30615234 0.3791504
vt 0.3474121 0.3791504
vt 0.09265137 0.2854004
vt 0.13537598 0.2854004
vt 0.17797852 0.2854004
vt 0.22070312 0.2854004
vt 0.26342773 0.2854004
vt 0.30615234 0.2854004
vt 0.3474121 0.2854004
vt 0.049957275 0.19140625
vt 0.0072898865 0.097473145
vt 0.09265137 0.19140625
vt 0.049957275 0.097473145
vt 0.0072898865 0.0035648346
vt 0.049957275 0.0035648346
vt 0.09265137 0.097473145
vt 0.09265137 0.0035648346
vt 0.13537598 0.19140625
vt 0.13537598 0.097473145
vt 0.13537598 0.0035648346
vt 0.17797852 0.19140625
vt 0.17797852 0.097473145
vt 0.17797852 0.0035648346
vt 0.22070312 0.19140625
vt 0.22070312 0.097473145
vt 0.22070312 0.0035648346
vt 0.26342773 0.19140625
vt 0.26342773 0.097473145
vt 0.26342773 0.0035648346
vt 0.30615234 0.19140625
vt 0.3474121 0.19140625
vt 0.30615234 0.097473145
vt 0.30615234 0.0035648346
vt 0.3474121 0.097473145
vt 0.3474121 0.0035648346
vt 0.73779297 0.5263672
vt 0.73779297 0.58251953
vt 0.7675781 0.58251953
vt 0.7675781 0.5263672
vt 0.73779297 0.46972656
vt 0.796875 0.58251953
vt 0.7675781 0.46972656
vt 0.73779297 0.41333008
vt 0.796875 0.5263672
vt 0.8261719 0.58251953
vt 0.7675781 0.41333008
vt 0.73779297 0.35668945
vt 0.8261719 0.5263672
vt 0.85546875 0.58251953
vt 0.796875 0.46972656
vt 0.7675781 0.35668945
vt 0.73779297 0.30029297
vt 0.7675781 0.30029297
vt 0.85546875 0.5263672
vt 0.8847656 0.58251953
vt 0.8261719 0.46972656
vt 0.796875 0.41333008
vt 0.796875 0.35668945
vt 0.796875 0.30029297
vt 0.8847656 0.5263672
vt 0.9145508 0.58251953
vt 0.85546875 0.46972656
vt 0.8261719 0.41333008
vt 0.8261719 0.35668945
vt 0.8261719 0.30029297
vt 0.9145508 0.5263672
vt 0.94384766 0.58251953
vt 0.8847656 0.46972656
vt 0.85546875 0.41333008
vt 0.85546875 0.35668945
vt 0.85546875 0.30029297
vt 0.94384766 0.5263672
vt 0.97509766 0.58251953
vt 0.97509766 0.5263672
vt 0.9145508 0.46972656
vt 0.8847656 0.41333008
vt 0.8847656 0.35668945
vt 0.8847656 0.30029297
vt 0.94384766 0.46972656
vt 0.97509766 0.46972656
vt 0.9145508 0.41333008
vt 0.9145508 0.35668945
vt 0.9145508 0.30029297
vt 0.94384766 0.41333008
vt 0.97509766 0.41333008
vt 0.94384766 0.35668945
vt 0.94384766 0.30029297
vt 0.97509766 0.35668945
vt 0.97509766 0.30029297
vt 0.124938965 0.9838867
vt 0 0.94970703
vt 0 0.9838867
vt 0.124938965 0.94970703
vt 0.24987793 0.9838867
vt 0.24987793 0.94970703
vt 0.37475586 0.9838867
vt 0.37475586 0.94970703
vt 0.49975586 0.9838867
vt 0.49975586 0.94970703
vt 0.6245117 0.9838867
vt 0.6245117 0.94970703
vt 0.7495117 0.9838867
vt 0.7495117 0.94970703
vt 0.8745117 0.9838867
vt 0.8745117 0.94970703
vt 1 0.9838867
vt 1 0.94970703
vt 0.8745117 0.99609375
vt 0.8745117 0.9838867
vt 0.7495117 0.9838867
vt 0.7495117 0.99609375
vt 0.7495117 0.99609375
vt 0.7495117 0.9838867
vt 0.6245117 0.9838867
vt 0.6245117 0.99609375
vt 0.6245117 0.99609375
vt 0.6245117 0.9838867
vt 0.49975586 0.9838867
vt 0.49975586 0.99609375
vt 0.49975586 0.99609375
vt 0.49975586 0.9838867
vt 0.37475586 0.9838867
vt 0.37475586 0.99609375
vt 0.37475586 0.99609375
vt 0.37475586 0.9838867
vt 0.24987793 0.9838867
vt 0.24987793 0.99609375
vt 0.24987793 0.99609375
vt 0.24987793 0.9838867
vt 0.124938965 0.9838867
vt 0.124938965 0.99609375
vt 0.124938965 0.99609375
vt 0.124938965 0.9838867
vt 0 0.9838867
vt 0 0.99609375
vt 0 0.9375
vt 0 0.94970703
vt 0.124938965 0.94970703
vt 0.124938965 0.9375
vt 0.124938965 0.9375
vt 0.124938965 0.94970703
vt 0.24987793 0.94970703
vt 0.24987793 0.9375
vt 0.24987793 0.9375
vt 0.24987793 0.94970703
vt 0.37475586 0.94970703
vt 0.37475586 0.9375
vt 0.37475586 0.9375
vt 0.37475586 0.94970703
vt 0.49975586 0.94970703
vt 0.49975586 0.9375
vt 0.49975586 0.9375
vt 0.49975586 0.94970703
vt 0.6245117 0.94970703
vt 0.6245117 0.9375
vt 0.6245117 0.9375
vt 0.6245117 0.94970703
vt 0.7495117 0.94970703
vt 0.7495117 0.9375
vt 0.7495117 0.9375
vt 0.7495117 0.94970703
vt 0.8745117 0.94970703
vt 0.8745117 0.9375
vt 1 0.99609375
vt 1 0.9838867
vt 0.8745117 0.9838867
vt 0.8745117 0.99609375
vt 0.8745117 0.9375
vt 0.8745117 0.94970703
vt 1 0.94970703
vt 1 0.9375
vt 0.71240234 0.24316406
vt 0.71240234 0.29077148
vt 0.7495117 0.29077148
vt 0.7495117 0.24316406
vt 0.71240234 0.19543457
vt 0.7861328 0.29077148
vt 0.7495117 0.19543457
vt 0.71240234 0.14782715
vt 0.7861328 0.24316406
vt 0.8227539 0.29077148
vt 0.7495117 0.14782715
vt 0.71240234 0.10021973
vt 0.8227539 0.24316406
vt 0.859375 0.29077148
vt 0.7861328 0.19543457
vt 0.7495117 0.10021973
vt 0.71240234 0.052581787
vt 0.859375 0.24316406
vt 0.8959961 0.29077148
vt 0.8227539 0.19543457
vt 0.7861328 0.14782715
vt 0.7495117 0.052581787
vt 0.71240234 0.004940033
vt 0.7495117 0.004940033
vt 0.8959961 0.24316406
vt 0.9326172 0.29077148
vt 0.7861328 0.10021973
vt 0.7861328 0.052581787
vt 0.7861328 0.004940033
vt 0.859375 0.19543457
vt 0.8227539 0.14782715
vt 0.9326172 0.24316406
vt 0.96972656 0.29077148
vt 0.8227539 0.10021973
vt 0.8227539 0.052581787
vt 0.8227539 0.004940033
vt 0.8959961 0.19543457
vt 0.859375 0.14782715
vt 0.96972656 0.24316406
vt 0.99560547 0.29077148
vt 0.99560547 0.24316406
vt 0.859375 0.10021973
vt 0.859375 0.052581787
vt 0.859375 0.004940033
vt 0.9326172 0.19543457
vt 0.96972656 0.19543457
vt 0.99560547 0.19543457
vt 0.8959961 0.14782715
vt 0.8959961 0.10021973
vt 0.8959961 0.052581787
vt 0.8959961 0.004940033
vt 0.9326172 0.14782715
vt 0.96972656 0.14782715
vt 0.99560547 0.14782715
vt 0.9326172 0.10021973
vt 0.9326172 0.052581787
vt 0.9326172 0.004940033
vt 0.96972656 0.10021973
vt 0.99560547 0.10021973
vt 0.96972656 0.052581787
vt 0.96972656 0.004940033
vt 0.99560547 0.052581787
vt 0.99560547 0.004940033
vt 0.3544922 0.75683594
vt 0.3544922 0.85253906
vt 0.3984375 0.85253906
vt 0.3984375 0.75683594
vt 0.3544922 0.6616211
vt 0.44262695 0.85253906
vt 0.3984375 0.6616211
vt 0.3544922 0.56591797
vt 0.44262695 0.75683594
vt 0.4868164 0.85253906
vt 0.3984375 0.56591797
vt 0.3544922 0.47070312
vt 0.4868164 0.75683594
vt 0.5307617 0.85253906
vt 0.44262695 0.6616211
vt 0.3984375 0.47070312
vt 0.3544922 0.37524414
vt 0.5307617 0.75683594
vt 0.5751953 0.85253906
vt 0.4868164 0.6616211
vt 0.44262695 0.56591797
vt 0.3984375 0.37524414
vt 0.3544922 0.27978516
vt 0.5751953 0.75683594
vt 0.6191406 0.85253906
vt 0.44262695 0.47070312
vt 0.5307617 0.6616211
vt 0.4868164 0.56591797
vt 0.3984375 0.27978516
vt 0.3544922 0.1842041
vt 0.6191406 0.75683594
vt 0.6635742 0.85253906
vt 0.44262695 0.37524414
vt 0.4868164 0.47070312
vt 0.5751953 0.6616211
vt 0.5307617 0.56591797
vt 0.3984375 0.1842041
vt 0.3544922 0.08868408
vt 0.6635742 0.75683594
vt 0.70654297 0.85253906
vt 0.70654297 0.75683594
vt 0.6191406 0.6616211
vt 0.6635742 0.6616211
vt 0.70654297 0.6616211
vt 0.5751953 0.56591797
vt 0.6191406 0.56591797
vt 0.6635742 0.56591797
vt 0.70654297 0.56591797
vt 0.5307617 0.47070312
vt 0.5751953 0.47070312
vt 0.6191406 0.47070312
vt 0.6635742 0.47070312
vt 0.70654297 0.47070312
vt 0.4868164 0.37524414
vt 0.5307617 0.37524414
vt 0.5751953 0.37524414
vt 0.6191406 0.37524414
vt 0.6635742 0.37524414
vt 0.70654297 0.37524414
vt 0.44262695 0.27978516
vt 0.4868164 0.27978516
vt 0.5307617 0.27978516
vt 0.5751953 0.27978516
vt 0.6191406 0.27978516
vt 0.6635742 0.27978516
vt 0.70654297 0.27978516
vt 0.44262695 0.1842041
vt 0.4868164 0.1842041
vt 0.5307617 0.1842041
vt 0.5751953 0.1842041
vt 0.6191406 0.1842041
vt 0.6635742 0.1842041
vt 0.70654297 0.1842041
vt 0.3984375 0.08868408
vt 0.3544922 0.0029506683
vt 0.3984375 0.0029506683
vt 0.44262695 0.08868408
vt 0.44262695 0.0029506683
vt 0.4868164 0.08868408
vt 0.4868164 0.0029506683
vt 0.5307617 0.08868408
vt 0.5307617 0.0029506683
vt 0.5751953 0.08868408
vt 0.5751953 0.0029506683
vt 0.6191406 0.08868408
vt 0.6191406 0.0029506683
vt 0.6635742 0.08868408
vt 0.6635742 0.0029506683
vt 0.70654297 0.08868408
vt 0.70654297 0.0029506683
vt 0.0072898865 0.8486328
vt 0.0072898865 0.93310547
vt 0.049957275 0.93310547
vt 0.049957275 0.8486328
vt 0.0072898865 0.7548828
vt 0.09265137 0.93310547
vt 0.049957275 0.7548828
vt 0.0072898865 0.6611328
vt 0.09265137 0.8486328
vt 0.13537598 0.93310547
vt 0.049957275 0.6611328
vt 0.0072898865 0.56689453
vt 0.13537598 0.8486328
vt 0.17797852 0.93310547
vt 0.09265137 0.7548828
vt 0.049957275 0.56689453
vt 0.0072898865 0.47314453
vt 0.17797852 0.8486328
vt 0.22070312 0.93310547
vt 0.13537598 0.7548828
vt 0.09265137 0.6611328
vt 0.049957275 0.47314453
vt 0.0072898865 0.3791504
vt 0.22070312 0.8486328
vt 0.26342773 0.93310547
vt 0.09265137 0.56689453
vt 0.17797852 0.7548828
vt 0.13537598 0.6611328
vt 0.049957275 0.3791504
vt 0.0072898865 0.2854004
vt 0.26342773 0.8486328
vt 0.30615234 0.93310547
vt 0.09265137 0.47314453
vt 0.13537598 0.56689453
vt 0.22070312 0.7548828
vt 0.17797852 0.6611328
vt 0.049957275 0.2854004
vt 0.0072898865 0.19140625
vt 0.30615234 0.8486328
vt 0.3474121 0.93310547
vt 0.3474121 0.8486328
vt 0.26342773 0.7548828
vt 0.30615234 0.7548828
vt 0.3474121 0.7548828
vt 0.22070312 0.6611328
vt 0.26342773 0.6611328
vt 0.30615234 0.6611328
vt 0.3474121 0.6611328
vt 0.17797852 0.56689453
vt 0.22070312 0.56689453
vt 0.26342773 0.56689453
vt 0.30615234 0.56689453
vt 0.3474121 0.56689453
vt 0.13537598 0.47314453
vt 0.17797852 0.47314453
vt 0.22070312 0.47314453
vt 0.26342773 0.47314453
vt 0.30615234 0.47314453
vt 0.3474121 0.47314453
vt 0.09265137 0.3791504
vt 0.13537598 0.3791504
vt 0.17797852 0.3791504
vt 0.22070312 0.3791504
vt 0.26342773 0.3791504
vt 0.30615234 0.3791504
vt 0.3474121 0.3791504
vt 0.09265137 0.2854004
vt 0.13537598 0.2854004
vt 0.17797852 0.2854004
vt 0.22070312 0.2854004
vt 0.26342773 0.2854004
vt 0.30615234 0.2854004
vt 0.3474121 0.2854004
vt 0.049957275 0.19140625
vt 0.0072898865 0.097473145
vt 0.09265137 0.19140625
vt 0.049957275 0.097473145
vt 0.0072898865 0.0035648346
vt 0.049957275 0.0035648346
vt 0.09265137 0.097473145
vt 0.09265137 0.0035648346
vt 0.13537598 0.19140625
vt 0.13537598 0.097473145
vt 0.13537598 0.0035648346
vt 0.17797852 0.19140625
vt 0.17797852 0.097473145
vt 0.17797852 0.0035648346
vt 0.22070312 0.19140625
vt 0.22070312 0.097473145
vt 0.22070312 0.0035648346
vt 0.26342773 0.19140625
vt 0.26342773 0.097473145
vt 0.26342773 0.0035648346
vt 0.30615234 0.19140625
vt 0.3474121 0.19140625
vt 0.30615234 0.097473145
vt 0.30615234 0.0035648346
vt 0.3474121 0.097473145
vt 0.3474121 0.0035648346
vt 0.73779297 0.5263672
vt 0.73779297 0.58251953
vt 0.7675781 0.58251953
vt 0.7675781 0.5263672
vt 0.73779297 0.46972656
vt 0.796875 0.58251953
vt 0.7675781 0.46972656
vt 0.73779297 0.41333008
vt 0.796875 0.5263672
vt 0.8261719 0.58251953
vt 0.7675781 0.41333008
vt 0.73779297 0.35668945
vt 0.8261719 0.5263672
vt 0.85546875 0.58251953
vt 0.796875 0.46972656
vt 0.7675781 0.35668945
vt 0.73779297 0.30029297
vt 0.7675781 0.30029297
vt 0.85546875 0.5263672
vt 0.8847656 0.58251953
vt 0.8261719 0.46972656
vt 0.796875 0.41333008
vt 0.796875 0.35668945
vt 0.796875 0.30029297
vt 0.8847656 0.5263672
vt 0.9145508 0.58251953
vt 0.85546875 0.46972656
vt 0.8261719 0.41333008
vt 0.8261719 0.35668945
vt 0.8261719 0.30029297
vt 0.9145508 0.5263672
vt 0.94384766 0.58251953
vt 0.8847656 0.46972656
vt 0.85546875 0.41333008
vt 0.85546875 0.35668945
vt 0.85546875 0.30029297
vt 0.94384766 0.5263672
vt 0.97509766 0.58251953
vt 0.97509766 0.5263672
vt 0.9145508 0.46972656
vt 0.8847656 0.41333008
vt 0.8847656 0.35668945
vt 0.8847656 0.30029297
vt 0.94384766 0.46972656
vt 0.97509766 0.46972656
vt 0.9145508 0.41333008
vt 0.9145508 0.35668945
vt 0.9145508 0.30029297
vt 0.94384766 0.41333008
vt 0.97509766 0.41333008
vt 0.94384766 0.35668945
vt 0.94384766 0.30029297
vt 0.97509766 0.35668945
vt 0.97509766 0.30029297
vt 0.124938965 0.9838867
vt 0 0.94970703
vt 0 0.9838867
vt 0.124938965 0.94970703
vt 0.24987793 0.9838867
vt 0.24987793 0.94970703
vt 0.37475586 0.9838867
vt 0.37475586 0.94970703
vt 0.49975586 0.9838867
vt 0.49975586 0.94970703
vt 0.6245117 0.9838867
vt 0.6245117 0.94970703
vt 0.7495117 0.9838867
vt 0.7495117 0.94970703
vt 0.8745117 0.9838867
vt 0.8745117 0.94970703
vt 1 0.9838867
vt 1 0.94970703
vt 0.8745117 0.99609375
vt 0.8745117 0.9838867
vt 0.7495117 0.9838867
vt 0.7495117 0.99609375
vt 0.7495117 0.99609375
vt 0.7495117 0.9838867
vt 0.6245117 0.9838867
vt 0.6245117 0.99609375
vt 0.6245117 0.99609375
vt 0.6245117 0.9838867
vt 0.49975586 0.9838867
vt 0.49975586 0.99609375
vt 0.49975586 0.99609375
vt 0.49975586 0.9838867
vt 0.37475586 0.9838867
vt 0.37475586 0.99609375
vt 0.37475586 0.99609375
vt 0.37475586 0.9838867
vt 0.24987793 0.9838867
vt 0.24987793 0.99609375
vt 0.24987793 0.99609375
vt 0.24987793 0.9838867
vt 0.124938965 0.9838867
vt 0.124938965 0.99609375
vt 0.124938965 0.99609375
vt 0.124938965 0.9838867
vt 0 0.9838867
vt 0 0.99609375
vt 0 0.9375
vt 0 0.94970703
vt 0.124938965 0.94970703
vt 0.124938965 0.9375
vt 0.124938965 0.9375
vt 0.124938965 0.94970703
vt 0.24987793 0.94970703
vt 0.24987793 0.9375
vt 0.24987793 0.9375
vt 0.24987793 0.94970703
vt 0.37475586 0.94970703
vt 0.37475586 0.9375
vt 0.37475586 0.9375
vt 0.37475586 0.94970703
vt 0.49975586 0.94970703
vt 0.49975586 0.9375
vt 0.49975586 0.9375
vt 0.49975586 0.94970703
vt 0.6245117 0.94970703
vt 0.6245117 0.9375
vt 0.6245117 0.9375
vt 0.6245117 0.94970703
vt 0.7495117 0.94970703
vt 0.7495117 0.9375
vt 0.7495117 0.9375
vt 0.7495117 0.94970703
vt 0.8745117 0.94970703
vt 0.8745117 0.9375
vt 1 0.99609375
vt 1 0.9838867
vt 0.8745117 0.9838867
vt 0.8745117 0.99609375
vt 0.8745117 0.9375
vt 0.8745117 0.94970703
vt 1 0.94970703
vt 1 0.9375
vt 0.71240234 0.24316406
vt 0.71240234 0.29077148
vt 0.7495117 0.29077148
vt 0.7495117 0.24316406
vt 0.71240234 0.19543457
vt 0.7861328 0.29077148
vt 0.7495117 0.19543457
vt 0.71240234 0.14782715
vt 0.7861328 0.24316406
vt 0.8227539 0.29077148
vt 0.7495117 0.14782715
vt 0.71240234 0.10021973
vt 0.8227539 0.24316406
vt 0.859375 0.29077148
vt 0.7861328 0.19543457
vt 0.7495117 0.10021973
vt 0.71240234 0.052581787
vt 0.859375 0.24316406
vt 0.8959961 0.29077148
vt 0.8227539 0.19543457
vt 0.7861328 0.14782715
vt 0.7495117 0.052581787
vt 0.71240234 0.004940033
vt 0.7495117 0.004940033
vt 0.8959961 0.24316406
vt 0.9326172 0.29077148
vt 0.7861328 0.10021973
vt 0.7861328 0.052581787
vt 0.7861328 0.004940033
vt 0.859375 0.19543457
vt 0.8227539 0.14782715
vt 0.9326172 0.24316406
vt 0.96972656 0.29077148
vt 0.8227539 0.10021973
vt 0.8227539 0.052581787
vt 0.8227539 0.004940033
vt 0.8959961 0.19543457
vt 0.859375 0.14782715
vt 0.96972656 0.24316406
vt 0.99560547 0.29077148
vt 0.99560547 0.24316406
vt 0.859375 0.10021973
vt 0.859375 0.052581787
vt 0.859375 0.004940033
vt 0.9326172 0.19543457
vt 0.96972656 0.19543457
vt 0.99560547 0.19543457
vt 0.8959961 0.14782715
vt 0.8959961 0.10021973
vt 0.8959961 0.052581787
vt 0.8959961 0.004940033
vt 0.9326172 0.14782715
vt 0.96972656 0.14782715
vt 0.99560547 0.14782715
vt 0.9326172 0.10021973
vt 0.9326172 0.052581787
vt 0.9326172 0.004940033
vt 0.96972656 0.10021973
vt 0.99560547 0.10021973
vt 0.96972656 0.052581787
vt 0.96972656 0.004940033
vt 0.99560547 0.052581787
vt 0.99560547 0.004940033
vt 0.3544922 0.75683594
vt 0.3544922 0.85253906
vt 0.3984375 0.85253906
vt 0.3984375 0.75683594
vt 0.3544922 0.6616211
vt 0.44262695 0.85253906
vt 0.3984375 0.6616211
vt 0.3544922 0.56591797
vt 0.44262695 0.75683594
vt 0.4868164 0.85253906
vt 0.3984375 0.56591797
vt 0.3544922 0.47070312
vt 0.4868164 0.75683594
vt 0.5307617 0.85253906
vt 0.44262695 0.6616211
vt 0.3984375 0.47070312
vt 0.3544922 0.37524414
vt 0.5307617 0.75683594
vt 0.5751953 0.85253906
vt 0.4868164 0.6616211
vt 0.44262695 0.56591797
vt 0.3984375 0.37524414
vt 0.3544922 0.27978516
vt 0.5751953 0.75683594
vt 0.6191406 0.85253906
vt 0.44262695 0.47070312
vt 0.5307617 0.6616211
vt 0.4868164 0.56591797
vt 0.3984375 0.27978516
vt 0.3544922 0.1842041
vt 0.6191406 0.75683594
vt 0.6635742 0.85253906
vt 0.44262695 0.37524414
vt 0.4868164 0.47070312
vt 0.5751953 0.6616211
vt 0.5307617 0.56591797
vt 0.3984375 0.1842041
vt 0.3544922 0.08868408
vt 0.6635742 0.75683594
vt 0.70654297 0.85253906
vt 0.70654297 0.75683594
vt 0.6191406 0.6616211
vt 0.6635742 0.6616211
vt 0.70654297 0.6616211
vt 0.5751953 0.56591797
vt 0.6191406 0.56591797
vt 0.6635742 0.56591797
vt 0.70654297 0.56591797
vt 0.5307617 0.47070312
vt 0.5751953 0.47070312
vt 0.6191406 0.47070312
vt 0.6635742 0.47070312
vt 0.70654297 0.47070312
vt 0.4868164 0.37524414
vt 0.5307617 0.37524414
vt 0.5751953 0.37524414
vt 0.6191406 0.37524414
vt 0.6635742 0.37524414
vt 0.70654297 0.37524414
vt 0.44262695 0.27978516
vt 0.4868164 0.27978516
vt 0.5307617 0.27978516
vt 0.5751953 0.27978516
vt 0.6191406 0.27978516
vt 0.6635742 0.27978516
vt 0.70654297 0.27978516
vt 0.44262695 0.1842041
vt 0.4868164 0.1842041
vt 0.5307617 0.1842041
vt 0.5751953 0.1842041
vt 0.6191406 0.1842041
vt 0.6635742 0.1842041
vt 0.70654297 0.1842041
vt 0.3984375 0.08868408
vt 0.3544922 0.0029506683
vt 0.3984375 0.0029506683
vt 0.44262695 0.08868408
vt 0.44262695 0.0029506683
vt 0.4868164 0.08868408
vt 0.4868164 0.0029506683
vt 0.5307617 0.08868408
vt 0.5307617 0.0029506683
vt 0.5751953 0.08868408
vt 0.5751953 0.0029506683
vt 0.6191406 0.08868408
vt 0.6191406 0.0029506683
vt 0.6635742 0.08868408
vt 0.6635742 0.0029506683
vt 0.70654297 0.08868408
vt 0.70654297 0.0029506683
vt 0.0072898865 0.8486328
vt 0.0072898865 0.93310547
vt 0.049957275 0.93310547
vt 0.049957275 0.8486328
vt 0.0072898865 0.7548828
vt 0.09265137 0.93310547
vt 0.049957275 0.7548828
vt 0.0072898865 0.6611328
vt 0.09265137 0.8486328
vt 0.13537598 0.93310547
vt 0.049957275 0.6611328
vt 0.0072898865 0.56689453
vt 0.13537598 0.8486328
vt 0.17797852 0.93310547
vt 0.09265137 0.7548828
vt 0.049957275 0.56689453
vt 0.0072898865 0.47314453
vt 0.17797852 0.8486328
vt 0.22070312 0.93310547
vt 0.13537598 0.7548828
vt 0.09265137 0.6611328
vt 0.049957275 0.47314453
vt 0.0072898865 0.3791504
vt 0.22070312 0.8486328
vt 0.26342773 0.93310547
vt 0.09265137 0.56689453
vt 0.17797852 0.7548828
vt 0.13537598 0.6611328
vt 0.049957275 0.3791504
vt 0.0072898865 0.2854004
vt 0.26342773 0.8486328
vt 0.30615234 0.93310547
vt 0.09265137 0.47314453
vt 0.13537598 0.56689453
vt 0.22070312 0.7548828
vt 0.17797852 0.6611328
vt 0.049957275 0.2854004
vt 0.0072898865 0.19140625
vt 0.30615234 0.8486328
vt 0.3474121 0.93310547
vt 0.3474121 0.8486328
vt 0.26342773 0.7548828
vt 0.30615234 0.7548828
vt 0.3474121 0.7548828
vt 0.22070312 0.6611328
vt 0.26342773 0.6611328
vt 0.30615234 0.6611328
vt 0.3474121 0.6611328
vt 0.17797852 0.56689453
vt 0.22070312 0.56689453
vt 0.26342773 0.56689453
vt 0.30615234 0.56689453
vt 0.3474121 0.56689453
vt 0.13537598 0.47314453
vt 0.17797852 0.47314453
vt 0.22070312 0.47314453
vt 0.26342773 0.47314453
vt 0.30615234 0.47314453
vt 0.3474121 0.47314453
vt 0.09265137 0.3791504
vt 0.13537598 0.3791504
vt 0.17797852 0.3791504
vt 0.22070312 0.3791504
vt 0.26342773 0.3791504
vt 0.30615234 0.3791504
vt 0.3474121 0.3791504
vt 0.09265137 0.2854004
vt 0.13537598 0.2854004
vt 0.17797852 0.2854004
vt 0.22070312 0.2854004
vt 0.26342773 0.2854004
vt 0.30615234 0.2854004
vt 0.3474121 0.2854004
vt 0.049957275 0.19140625
vt 0.0072898865 0.097473145
vt 0.09265137 0.19140625
vt 0.049957275 0.097473145
vt 0.0072898865 0.0035648346
vt 0.049957275 0.0035648346
vt 0.09265137 0.097473145
vt 0.09265137 0.0035648346
vt 0.13537598 0.19140625
vt 0.13537598 0.097473145
vt 0.13537598 0.0035648346
vt 0.17797852 0.19140625
vt 0.17797852 0.097473145
vt 0.17797852 0.0035648346
vt 0.22070312 0.19140625
vt 0.22070312 0.097473145
vt 0.22070312 0.0035648346
vt 0.26342773 0.19140625
vt 0.26342773 0.097473145
vt 0.26342773 0.0035648346
vt 0.30615234 0.19140625
vt 0.3474121 0.19140625
vt 0.30615234 0.097473145
vt 0.30615234 0.0035648346
vt 0.3474121 0.097473145
vt 0.3474121 0.0035648346
vt 0.73779297 0.5263672
vt 0.73779297 0.58251953
vt 0.7675781 0.58251953
vt 0.7675781 0.5263672
vt 0.73779297 0.46972656
vt 0.796875 0.58251953
vt 0.7675781 0.46972656
vt 0.73779297 0.41333008
vt 0.796875 0.5263672
vt 0.8261719 0.58251953
vt 0.7675781 0.41333008
vt 0.73779297 0.35668945
vt 0.8261719 0.5263672
vt 0.85546875 0.58251953
vt 0.796875 0.46972656
vt 0.7675781 0.35668945
vt 0.73779297 0.30029297
vt 0.7675781 0.30029297
vt 0.85546875 0.5263672
vt 0.8847656 0.58251953
vt 0.8261719 0.46972656
vt 0.796875 0.41333008
vt 0.796875 0.35668945
vt 0.796875 0.30029297
vt 0.8847656 0.5263672
vt 0.9145508 0.58251953
vt 0.85546875 0.46972656
vt 0.8261719 0.41333008
vt 0.8261719 0.35668945
vt 0.8261719 0.30029297
vt 0.9145508 0.5263672
vt 0.94384766 0.58251953
vt 0.8847656 0.46972656
vt 0.85546875 0.41333008
vt 0.85546875 0.35668945
vt 0.85546875 0.30029297
vt 0.94384766 0.5263672
vt 0.97509766 0.58251953
vt 0.97509766 0.5263672
vt 0.9145508 0.46972656
vt 0.8847656 0.41333008
vt 0.8847656 0.35668945
vt 0.8847656 0.30029297
vt 0.94384766 0.46972656
vt 0.97509766 0.46972656
vt 0.9145508 0.41333008
vt 0.9145508 0.35668945
vt 0.9145508 0.30029297
vt 0.94384766 0.41333008
vt 0.97509766 0.41333008
vt 0.94384766 0.35668945
vt 0.94384766 0.30029297
vt 0.97509766 0.35668945
vt 0.97509766 0.30029297
vt 0.124938965 0.9838867
vt 0 0.94970703
vt 0 0.9838867
vt 0.124938965 0.94970703
vt 0.24987793 0.9838867
vt 0.24987793 0.94970703
vt 0.37475586 0.9838867
vt 0.37475586 0.94970703
vt 0.49975586 0.9838867
vt 0.49975586 0.94970703
vt 0.6245117 0.9838867
vt 0.6245117 0.94970703
vt 0.7495117 0.9838867
vt 0.7495117 0.94970703
vt 0.8745117 0.9838867
vt 0.8745117 0.94970703
vt 1 0.9838867
vt 1 0.94970703
vt 0.8745117 0.99609375
vt 0.8745117 0.9838867
vt 0.7495117 0.9838867
vt 0.7495117 0.99609375
vt 0.7495117 0.99609375
vt 0.7495117 0.9838867
vt 0.6245117 0.9838867
vt 0.6245117 0.99609375
vt 0.6245117 0.99609375
vt 0.6245117 0.9838867
vt 0.49975586 0.9838867
vt 0.49975586 0.99609375
vt 0.49975586 0.99609375
vt 0.49975586 0.9838867
vt 0.37475586 0.9838867
vt 0.37475586 0.99609375
vt 0.37475586 0.99609375
vt 0.37475586 0.9838867
vt 0.24987793 0.9838867
vt 0.24987793 0.99609375
vt 0.24987793 0.99609375
vt 0.24987793 0.9838867
vt 0.124938965 0.9838867
vt 0.124938965 0.99609375
vt 0.124938965 0.99609375
vt 0.124938965 0.9838867
vt 0 0.9838867
vt 0 0.99609375
vt 0 0.9375
vt 0 0.94970703
vt 0.124938965 0.94970703
vt 0.124938965 0.9375
vt 0.124938965 0.9375
vt 0.124938965 0.94970703
vt 0.24987793 0.94970703
vt 0.24987793 0.9375
vt 0.24987793 0.9375
vt 0.24987793 0.94970703
vt 0.37475586 0.94970703
vt 0.37475586 0.9375
vt 0.37475586 0.9375
vt 0.37475586 0.94970703
vt 0.49975586 0.94970703
vt 0.49975586 0.9375
vt 0.49975586 0.9375
vt 0.49975586 0.94970703
vt 0.6245117 0.94970703
vt 0.6245117 0.9375
vt 0.6245117 0.9375
vt 0.6245117 0.94970703
vt 0.7495117 0.94970703
vt 0.7495117 0.9375
vt 0.7495117 0.9375
vt 0.7495117 0.94970703
vt 0.8745117 0.94970703
vt 0.8745117 0.9375
vt 1 0.99609375
vt 1 0.9838867
vt 0.8745117 0.9838867
vt 0.8745117 0.99609375
vt 0.8745117 0.9375
vt 0.8745117 0.94970703
vt 1 0.94970703
vt 1 0.9375
vt 0.71240234 0.24316406
vt 0.71240234 0.29077148
vt 0.7495117 0.29077148
vt 0.7495117 0.24316406
vt 0.71240234 0.19543457
vt 0.7861328 0.29077148
vt 0.7495117 0.19543457
vt 0.71240234 0.14782715
vt 0.7861328 0.24316406
vt 0.8227539 0.29077148
vt 0.7495117 0.14782715
vt 0.71240234 0.10021973
vt 0.8227539 0.24316406
vt 0.859375 0.29077148
vt 0.7861328 0.19543457
vt 0.7495117 0.10021973
vt 0.71240234 0.052581787
vt 0.859375 0.24316406
vt 0.8959961 0.29077148
vt 0.8227539 0.19543457
vt 0.7861328 0.14782715
vt 0.7495117 0.052581787
vt 0.71240234 0.004940033
vt 0.7495117 0.004940033
vt 0.8959961 0.24316406
vt 0.9326172 0.29077148
vt 0.7861328 0.10021973
vt 0.7861328 0.052581787
vt 0.7861328 0.004940033
vt 0.859375 0.19543457
vt 0.8227539 0.14782715
vt 0.9326172 0.24316406
vt 0.96972656 0.29077148
vt 0.8227539 0.10021973
vt 0.8227539 0.052581787
vt 0.8227539 0.004940033
vt 0.8959961 0.19543457
vt 0.859375 0.14782715
vt 0.96972656 0.24316406
vt 0.99560547 0.29077148
vt 0.99560547 0.24316406
vt 0.859375 0.10021973
vt 0.859375 0.052581787
vt 0.859375 0.004940033
vt 0.9326172 0.19543457
vt 0.96972656 0.19543457
vt 0.99560547 0.19543457
vt 0.8959961 0.14782715
vt 0.8959961 0.10021973
vt 0.8959961 0.052581787
vt 0.8959961 0.004940033
vt 0.9326172 0.14782715
vt 0.96972656 0.14782715
vt 0.99560547 0.14782715
vt 0.9326172 0.10021973
vt 0.9326172 0.052581787
vt 0.9326172 0.004940033
vt 0.96972656 0.10021973
vt 0.99560547 0.10021973
vt 0.96972656 0.052581787
vt 0.96972656 0.004940033
vt 0.99560547 0.052581787
vt 0.99560547 0.004940033
vt 0.3544922 0.75683594
vt 0.3544922 0.85253906
vt 0.3984375 0.85253906
vt 0.3984375 0.75683594
vt 0.3544922 0.6616211
vt 0.44262695 0.85253906
vt 0.3984375 0.6616211
vt 0.3544922 0.56591797
vt 0.44262695 0.75683594
vt 0.4868164 0.85253906
vt 0.3984375 0.56591797
vt 0.3544922 0.47070312
vt 0.4868164 0.75683594
vt 0.5307617 0.85253906
vt 0.44262695 0.6616211
vt 0.3984375 0.47070312
vt 0.3544922 0.37524414
vt 0.5307617 0.75683594
vt 0.5751953 0.85253906
vt 0.4868164 0.6616211
vt 0.44262695 0.56591797
vt 0.3984375 0.37524414
vt 0.3544922 0.27978516
vt 0.5751953 0.75683594
vt 0.6191406 0.85253906
vt 0.44262695 0.47070312
vt 0.5307617 0.6616211
vt 0.4868164 0.56591797
vt 0.3984375 0.27978516
vt 0.3544922 0.1842041
vt 0.6191406 0.75683594
vt 0.6635742 0.85253906
vt 0.44262695 0.37524414
vt 0.4868164 0.47070312
vt 0.5751953 0.6616211
vt 0.5307617 0.56591797
vt 0.3984375 0.1842041
vt 0.3544922 0.08868408
vt 0.6635742 0.75683594
vt 0.70654297 0.85253906
vt 0.70654297 0.75683594
vt 0.6191406 0.6616211
vt 0.6635742 0.6616211
vt 0.70654297 0.6616211
vt 0.5751953 0.56591797
vt 0.6191406 0.56591797
vt 0.6635742 0.56591797
vt 0.70654297 0.56591797
vt 0.5307617 0.47070312
vt 0.5751953 0.47070312
vt 0.6191406 0.47070312
vt 0.6635742 0.47070312
vt 0.70654297 0.47070312
vt 0.4868164 0.37524414
vt 0.5307617 0.37524414
vt 0.5751953 0.37524414
vt 0.6191406 0.37524414
vt 0.6635742 0.37524414
vt 0.70654297 0.37524414
vt 0.44262695 0.27978516
vt 0.4868164 0.27978516
vt 0.5307617 0.27978516
vt 0.5751953 0.27978516
vt 0.6191406 0.27978516
vt 0.6635742 0.27978516
vt 0.70654297 0.27978516
vt 0.44262695 0.1842041
vt 0.4868164 0.1842041
vt 0.5307617 0.1842041
vt 0.5751953 0.1842041
vt 0.6191406 0.1842041
vt 0.6635742 0.1842041
vt 0.70654297 0.1842041
vt 0.3984375 0.08868408
vt 0.3544922 0.0029506683
vt 0.3984375 0.0029506683
vt 0.44262695 0.08868408
vt 0.44262695 0.0029506683
vt 0.4868164 0.08868408
vt 0.4868164 0.0029506683
vt 0.5307617 0.08868408
vt 0.5307617 0.0029506683
vt 0.5751953 0.08868408
vt 0.5751953 0.0029506683
vt 0.6191406 0.08868408
vt 0.6191406 0.0029506683
vt 0.6635742 0.08868408
vt 0.6635742 0.0029506683
vt 0.70654297 0.08868408
vt 0.70654297 0.0029506683
vt 0.0072898865 0.8486328
vt 0.0072898865 0.93310547
vt 0.049957275 0.93310547
vt 0.049957275 0.8486328
vt 0.0072898865 0.7548828
vt 0.09265137 0.93310547
vt 0.049957275 0.7548828
vt 0.0072898865 0.6611328
vt 0.09265137 0.8486328
vt 0.13537598 0.93310547
vt 0.049957275 0.6611328
vt 0.0072898865 0.56689453
vt 0.13537598 0.8486328
vt 0.17797852 0.93310547
vt 0.09265137 0.7548828
vt 0.049957275 0.56689453
vt 0.0072898865 0.47314453
vt 0.17797852 0.8486328
vt 0.22070312 0.93310547
vt 0.13537598 0.7548828
vt 0.09265137 0.6611328
vt 0.049957275 0.47314453
vt 0.0072898865 0.3791504
vt 0.22070312 0.8486328
vt 0.26342773 0.93310547
vt 0.09265137 0.56689453
vt 0.17797852 0.7548828
vt 0.13537598 0.6611328
vt 0.049957275 0.3791504
vt 0.0072898865 0.2854004
vt 0.26342773 0.8486328
vt 0.30615234 0.93310547
vt 0.09265137 0.47314453
vt 0.13537598 0.56689453
vt 0.22070312 0.7548828
vt 0.17797852 0.6611328
vt 0.049957275 0.2854004
vt 0.0072898865 0.19140625
vt 0.30615234 0.8486328
vt 0.3474121 0.93310547
vt 0.3474121 0.8486328
vt 0.26342773 0.7548828
vt 0.30615234 0.7548828
vt 0.3474121 0.7548828
vt 0.22070312 0.6611328
vt 0.26342773 0.6611328
vt 0.30615234 0.6611328
vt 0.3474121 0.6611328
vt 0.17797852 0.56689453
vt 0.22070312 0.56689453
vt 0.26342773 0.56689453
vt 0.30615234 0.56689453
vt 0.3474121 0.56689453
vt 0.13537598 0.47314453
vt 0.17797852 0.47314453
vt 0.22070312 0.47314453
vt 0.26342773 0.47314453
vt 0.30615234 0.47314453
vt 0.3474121 0.47314453
vt 0.09265137 0.3791504
vt 0.13537598 0.3791504
vt 0.17797852 0.3791504
vt 0.22070312 0.3791504
vt 0.26342773 0.3791504
vt 0.30615234 0.3791504
vt 0.3474121 0.3791504
vt 0.09265137 0.2854004
vt 0.13537598 0.2854004
vt 0.17797852 0.2854004
vt 0.22070312 0.2854004
vt 0.26342773 0.2854004
vt 0.30615234 0.2854004
vt 0.3474121 0.2854004
vt 0.049957275 0.19140625
vt 0.0072898865 0.097473145
vt 0.09265137 0.19140625
vt 0.049957275 0.097473145
vt 0.0072898865 0.0035648346
vt 0.049957275 0.0035648346
vt 0.09265137 0.097473145
vt 0.09265137 0.0035648346
vt 0.13537598 0.19140625
vt 0.13537598 0.097473145
vt 0.13537598 0.0035648346
vt 0.17797852 0.19140625
vt 0.17797852 0.097473145
vt 0.17797852 0.0035648346
vt 0.22070312 0.19140625
vt 0.22070312 0.097473145
vt 0.22070312 0.0035648346
vt 0.26342773 0.19140625
vt 0.26342773 0.097473145
vt 0.26342773 0.0035648346
vt 0.30615234 0.19140625
vt 0.3474121 0.19140625
vt 0.30615234 0.097473145
vt 0.30615234 0.0035648346
vt 0.3474121 0.097473145
vt 0.3474121 0.0035648346
vt 0.73779297 0.5263672
vt 0.73779297 0.58251953
vt 0.7675781 0.58251953
vt 0.7675781 0.5263672
vt 0.73779297 0.46972656
vt 0.796875 0.58251953
vt 0.7675781 0.46972656
vt 0.73779297 0.41333008
vt 0.796875 0.5263672
vt 0.8261719 0.58251953
vt 0.7675781 0.41333008
vt 0.73779297 0.35668945
vt 0.8261719 0.5263672
vt 0.85546875 0.58251953
vt 0.796875 0.46972656
vt 0.7675781 0.35668945
vt 0.73779297 0.30029297
vt 0.7675781 0.30029297
vt 0.85546875 0.5263672
vt 0.8847656 0.58251953
vt 0.8261719 0.46972656
vt 0.796875 0.41333008
vt 0.796875 0.35668945
vt 0.796875 0.30029297
vt 0.8847656 0.5263672
vt 0.9145508 0.58251953
vt 0.85546875 0.46972656
vt 0.8261719 0.41333008
vt 0.8261719 0.35668945
vt 0.8261719 0.30029297
vt 0.9145508 0.5263672
vt 0.94384766 0.58251953
vt 0.8847656 0.46972656
vt 0.85546875 0.41333008
vt 0.85546875 0.35668945
vt 0.85546875 0.30029297
vt 0.94384766 0.5263672
vt 0.97509766 0.58251953
vt 0.97509766 0.5263672
vt 0.9145508 0.46972656
vt 0.8847656 0.41333008
vt 0.8847656 0.35668945
vt 0.8847656 0.30029297
vt 0.94384766 0.46972656
vt 0.97509766 0.46972656
vt 0.9145508 0.41333008
vt 0.9145508 0.35668945
vt 0.9145508 0.30029297
vt 0.94384766 0.41333008
vt 0.97509766 0.41333008
vt 0.94384766 0.35668945
vt 0.94384766 0.30029297
vt 0.97509766 0.35668945
vt 0.97509766 0.30029297
vt 0.124938965 0.9838867
vt 0 0.94970703
vt 0 0.9838867
vt 0.124938965 0.94970703
vt 0.24987793 0.9838867
vt 0.24987793 0.94970703
vt 0.37475586 0.9838867
vt 0.37475586 0.94970703
vt 0.49975586 0.9838867
vt 0.49975586 0.94970703
vt 0.6245117 0.9838867
vt 0.6245117 0.94970703
vt 0.7495117 0.9838867
vt 0.7495117 0.94970703
vt 0.8745117 0.9838867
vt 0.8745117 0.94970703
vt 1 0.9838867
vt 1 0.94970703
vt 0.8745117 0.99609375
vt 0.8745117 0.9838867
vt 0.7495117 0.9838867
vt 0.7495117 0.99609375
vt 0.7495117 0.99609375
vt 0.7495117 0.9838867
vt 0.6245117 0.9838867
vt 0.6245117 0.99609375
vt 0.6245117 0.99609375
vt 0.6245117 0.9838867
vt 0.49975586 0.9838867
vt 0.49975586 0.99609375
vt 0.49975586 0.99609375
vt 0.49975586 0.9838867
vt 0.37475586 0.9838867
vt 0.37475586 0.99609375
vt 0.37475586 0.99609375
vt 0.37475586 0.9838867
vt 0.24987793 0.9838867
vt 0.24987793 0.99609375
vt 0.24987793 0.99609375
vt 0.24987793 0.9838867
vt 0.124938965 0.9838867
vt 0.124938965 0.99609375
vt 0.124938965 0.99609375
vt 0.124938965 0.9838867
vt 0 0.9838867
vt 0 0.99609375
vt 0 0.9375
vt 0 0.94970703
vt 0.124938965 0.94970703
vt 0.124938965 0.9375
vt 0.124938965 0.9375
vt 0.124938965 0.94970703
vt 0.24987793 0.94970703
vt 0.24987793 0.9375
vt 0.24987793 0.9375
vt 0.24987793 0.94970703
vt 0.37475586 0.94970703
vt 0.37475586 0.9375
vt 0.37475586 0.9375
vt 0.37475586 0.94970703
vt 0.49975586 0.94970703
vt 0.49975586 0.9375
vt 0.49975586 0.9375
vt 0.49975586 0.94970703
vt 0.6245117 0.94970703
vt 0.6245117 0.9375
vt 0.6245117 0.9375
vt 0.6245117 0.94970703
vt 0.7495117 0.94970703
vt 0.7495117 0.9375
vt 0.7495117 0.9375
vt 0.7495117 0.94970703
vt 0.8745117 0.94970703
vt 0.8745117 0.9375
vt 1 0.99609375
vt 1 0.9838867
vt 0.8745117 0.9838867
vt 0.8745117 0.99609375
vt 0.8745117 0.9375
vt 0.8745117 0.94970703
vt 1 0.94970703
vt 1 0.9375
vt 0.71240234 0.24316406
vt 0.71240234 0.29077148
vt 0.7495117 0.29077148
vt 0.7495117 0.24316406
vt 0.71240234 0.19543457
vt 0.7861328 0.29077148
vt 0.7495117 0.19543457
vt 0.71240234 0.14782715
vt 0.7861328 0.24316406
vt 0.8227539 0.29077148
vt 0.7495117 0.14782715
vt 0.71240234 0.10021973
vt 0.8227539 0.24316406
vt 0.859375 0.29077148
vt 0.7861328 0.19543457
vt 0.7495117 0.10021973
vt 0.71240234 0.052581787
vt 0.859375 0.24316406
vt 0.8959961 0.29077148
vt 0.8227539 0.19543457
vt 0.7861328 0.14782715
vt 0.7495117 0.052581787
vt 0.71240234 0.004940033
vt 0.7495117 0.004940033
vt 0.8959961 0.24316406
vt 0.9326172 0.29077148
vt 0.7861328 0.10021973
vt 0.7861328 0.052581787
vt 0.7861328 0.004940033
vt 0.859375 0.19543457
vt 0.8227539 0.14782715
vt 0.9326172 0.24316406
vt 0.96972656 0.29077148
vt 0.8227539 0.10021973
vt 0.8227539 0.052581787
vt 0.8227539 0.004940033
vt 0.8959961 0.19543457
vt 0.859375 0.14782715
vt 0.96972656 0.24316406
vt 0.99560547 0.29077148
vt 0.99560547 0.24316406
vt 0.859375 0.10021973
vt 0.859375 0.052581787
vt 0.859375 0.004940033
vt 0.9326172 0.19543457
vt 0.96972656 0.19543457
vt 0.99560547 0.19543457
vt 0.8959961 0.14782715
vt 0.8959961 0.10021973
vt 0.8959961 0.052581787
vt 0.8959961 0.004940033
vt 0.9326172 0.14782715
vt 0.96972656 0.14782715
vt 0.99560547 0.14782715
vt 0.9326172 0.10021973
vt 0.9326172 0.052581787
vt 0.9326172 0.004940033
vt 0.96972656 0.10021973
vt 0.99560547 0.10021973
vt 0.96972656 0.052581787
vt 0.96972656 0.004940033
vt 0.99560547 0.052581787
vt 0.99560547 0.004940033
vt 0.3544922 0.75683594
vt 0.3544922 0.85253906
vt 0.3984375 0.85253906
vt 0.3984375 0.75683594
vt 0.3544922 0.6616211
vt 0.44262695 0.85253906
vt 0.3984375 0.6616211
vt 0.3544922 0.56591797
vt 0.44262695 0.75683594
vt 0.4868164 0.85253906
vt 0.3984375 0.56591797
vt 0.3544922 0.47070312
vt 0.4868164 0.75683594
vt 0.5307617 0.85253906
vt 0.44262695 0.6616211
vt 0.3984375 0.47070312
vt 0.3544922 0.37524414
vt 0.5307617 0.75683594
vt 0.5751953 0.85253906
vt 0.4868164 0.6616211
vt 0.44262695 0.56591797
vt 0.3984375 0.37524414
vt 0.3544922 0.27978516
vt 0.5751953 0.75683594
vt 0.6191406 0.85253906
vt 0.44262695 0.47070312
vt 0.5307617 0.6616211
vt 0.4868164 0.56591797
vt 0.3984375 0.27978516
vt 0.3544922 0.1842041
vt 0.6191406 0.75683594
vt 0.6635742 0.85253906
vt 0.44262695 0.37524414
vt 0.4868164 0.47070312
vt 0.5751953 0.6616211
vt 0.5307617 0.56591797
vt 0.3984375 0.1842041
vt 0.3544922 0.08868408
vt 0.6635742 0.75683594
vt 0.70654297 0.85253906
vt 0.70654297 0.75683594
vt 0.6191406 0.6616211
vt 0.6635742 0.6616211
vt 0.70654297 0.6616211
vt 0.5751953 0.56591797
vt 0.6191406 0.56591797
vt 0.6635742 0.56591797
vt 0.70654297 0.56591797
vt 0.5307617 0.47070312
vt 0.5751953 0.47070312
vt 0.6191406 0.47070312
vt 0.6635742 0.47070312
vt 0.70654297 0.47070312
vt 0.4868164 0.37524414
vt 0.5307617 0.37524414
vt 0.5751953 0.37524414
vt 0.6191406 0.37524414
vt 0.6635742 0.37524414
vt 0.70654297 0.37524414
vt 0.44262695 0.27978516
vt 0.4868164 0.27978516
vt 0.5307617 0.27978516
vt 0.5751953 0.27978516
vt 0.6191406 0.27978516
vt 0.6635742 0.27978516
vt 0.70654297 0.27978516
vt 0.44262695 0.1842041
vt 0.4868164 0.1842041
vt 0.5307617 0.1842041
vt 0.5751953 0.1842041
vt 0.6191406 0.1842041
vt 0.6635742 0.1842041
vt 0.70654297 0.1842041
vt 0.3984375 0.08868408
vt 0.3544922 0.0029506683
vt 0.3984375 0.0029506683
vt 0.44262695 0.08868408
vt 0.44262695 0.0029506683
vt 0.4868164 0.08868408
vt 0.4868164 0.0029506683
vt 0.5307617 0.08868408
vt 0.5307617 0.0029506683
vt 0.5751953 0.08868408
vt 0.5751953 0.0029506683
vt 0.6191406 0.08868408
vt 0.6191406 0.0029506683
vt 0.6635742 0.08868408
vt 0.6635742 0.0029506683
vt 0.70654297 0.08868408
vt 0.70654297 0.0029506683
vt 0.0072898865 0.8486328
vt 0.0072898865 0.93310547
vt 0.049957275 0.93310547
vt 0.049957275 0.8486328
vt 0.0072898865 0.7548828
vt 0.09265137 0.93310547
vt 0.049957275 0.7548828
vt 0.0072898865 0.6611328
vt 0.09265137 0.8486328
vt 0.13537598 0.93310547
vt 0.049957275 0.6611328
vt 0.0072898865 0.56689453
vt 0.13537598 0.8486328
vt 0.17797852 0.93310547
vt 0.09265137 0.7548828
vt 0.049957275 0.56689453
vt 0.0072898865 0.47314453
vt 0.17797852 0.8486328
vt 0.22070312 0.93310547
vt 0.13537598 0.7548828
vt 0.09265137 0.6611328
vt 0.049957275 0.47314453
vt 0.0072898865 0.3791504
vt 0.22070312 0.8486328
vt 0.26342773 0.93310547
vt 0.09265137 0.56689453
vt 0.17797852 0.7548828
vt 0.13537598 0.6611328
vt 0.049957275 0.3791504
vt 0.0072898865 0.2854004
vt 0.26342773 0.8486328
vt 0.30615234 0.93310547
vt 0.09265137 0.47314453
vt 0.13537598 0.56689453
vt 0.22070312 0.7548828
vt 0.17797852 0.6611328
vt 0.049957275 0.2854004
vt 0.0072898865 0.19140625
vt 0.30615234 0.8486328
vt 0.3474121 0.93310547
vt 0.3474121 0.8486328
vt 0.26342773 0.7548828
vt 0.30615234 0.7548828
vt 0.3474121 0.7548828
vt 0.22070312 0.6611328
vt 0.26342773 0.6611328
vt 0.30615234 0.6611328
vt 0.3474121 0.6611328
vt 0.17797852 0.56689453
vt 0.22070312 0.56689453
vt 0.26342773 0.56689453
vt 0.30615234 0.56689453
vt 0.3474121 0.56689453
vt 0.13537598 0.47314453
vt 0.17797852 0.47314453
vt 0.22070312 0.47314453
vt 0.26342773 0.47314453
vt 0.30615234 0.47314453
vt 0.3474121 0.47314453
vt 0.09265137 0.3791504
vt 0.13537598 0.3791504
vt 0.17797852 0.3791504
vt 0.22070312 0.3791504
vt 0.26342773 0.3791504
vt 0.30615234 0.3791504
vt 0.3474121 0.3791504
vt 0.09265137 0.2854004
vt 0.13537598 0.2854004
vt 0.17797852 0.2854004
vt 0.22070312 0.2854004
vt 0.26342773 0.2854004
vt 0.30615234 0.2854004
vt 0.3474121 0.2854004
vt 0.049957275 0.19140625
vt 0.0072898865 0.097473145
vt 0.09265137 0.19140625
vt 0.049957275 0.097473145
vt 0.0072898865 0.0035648346
vt 0.049957275 0.0035648346
vt 0.09265137 0.097473145
vt 0.09265137 0.0035648346
vt 0.13537598 0.19140625
vt 0.13537598 0.097473145
vt 0.13537598 0.0035648346
vt 0.17797852 0.19140625
vt 0.17797852 0.097473145
vt 0.17797852 0.0035648346
vt 0.22070312 0.19140625
vt 0.22070312 0.097473145
vt 0.22070312 0.0035648346
vt 0.26342773 0.19140625
vt 0.26342773 0.097473145
vt 0.26342773 0.0035648346
vt 0.30615234 0.19140625
vt 0.3474121 0.19140625
vt 0.30615234 0.097473145
vt 0.30615234 0.0035648346
vt 0.3474121 0.097473145
vt 0.3474121 0.0035648346
vt 0.73779297 0.5263672
vt 0.73779297 0.58251953
vt 0.7675781 0.58251953
vt 0.7675781 0.5263672
vt 0.73779297 0.46972656
vt 0.796875 0.58251953
vt 0.7675781 0.46972656
vt 0.73779297 0.41333008
vt 0.796875 0.5263672
vt 0.8261719 0.58251953
vt 0.7675781 0.41333008
vt 0.73779297 0.35668945
vt 0.8261719 0.5263672
vt 0.85546875 0.58251953
vt 0.796875 0.46972656
vt 0.7675781 0.35668945
vt 0.73779297 0.30029297
vt 0.7675781 0.30029297
vt 0.85546875 0.5263672
vt 0.8847656 0.58251953
vt 0.8261719 0.46972656
vt 0.796875 0.41333008
vt 0.796875 0.35668945
vt 0.796875 0.30029297
vt 0.8847656 0.5263672
vt 0.9145508 0.58251953
vt 0.85546875 0.46972656
vt 0.8261719 0.41333008
vt 0.8261719 0.35668945
vt 0.8261719 0.30029297
vt 0.9145508 0.5263672
vt 0.94384766 0.58251953
vt 0.8847656 0.46972656
vt 0.85546875 0.41333008
vt 0.85546875 0.35668945
vt 0.85546875 0.30029297
vt 0.94384766 0.5263672
vt 0.97509766 0.58251953
vt 0.97509766 0.5263672
vt 0.9145508 0.46972656
vt 0.8847656 0.41333008
vt 0.8847656 0.35668945
vt 0.8847656 0.30029297
vt 0.94384766 0.46972656
vt 0.97509766 0.46972656
vt 0.9145508 0.41333008
vt 0.9145508 0.35668945
vt 0.9145508 0.30029297
vt 0.94384766 0.41333008
vt 0.97509766 0.41333008
vt 0.94384766 0.35668945
vt 0.94384766 0.30029297
vt 0.97509766 0.35668945
vt 0.97509766 0.30029297
vt 0.124938965 0.9838867
vt 0 0.94970703
vt 0 0.9838867
vt 0.124938965 0.94970703
vt 0.24987793 0.9838867
vt 0.24987793 0.94970703
vt 0.37475586 0.9838867
vt 0.37475586 0.94970703
vt 0.49975586 0.9838867
vt 0.49975586 0.94970703
vt 0.6245117 0.9838867
vt 0.6245117 0.94970703
vt 0.7495117 0.9838867
vt 0.7495117 0.94970703
vt 0.8745117 0.9838867
vt 0.8745117 0.94970703
vt 1 0.9838867
vt 1 0.94970703
vt 0.8745117 0.99609375
vt 0.8745117 0.9838867
vt 0.7495117 0.9838867
vt 0.7495117 0.99609375
vt 0.7495117 0.99609375
vt 0.7495117 0.9838867
vt 0.6245117 0.9838867
vt 0.6245117 0.99609375
vt 0.6245117 0.99609375
vt 0.6245117 0.9838867
vt 0.49975586 0.9838867
vt 0.49975586 0.99609375
vt 0.49975586 0.99609375
vt 0.49975586 0.9838867
vt 0.37475586 0.9838867
vt 0.37475586 0.99609375
vt 0.37475586 0.99609375
vt 0.37475586 0.9838867
vt 0.24987793 0.9838867
vt 0.24987793 0.99609375
vt 0.24987793 0.99609375
vt 0.24987793 0.9838867
vt 0.124938965 0.9838867
vt 0.124938965 0.99609375
vt 0.124938965 0.99609375
vt 0.124938965 0.9838867
vt 0 0.9838867
vt 0 0.99609375
vt 0 0.9375
vt 0 0.94970703
vt 0.124938965 0.94970703
vt 0.124938965 0.9375
vt 0.124938965 0.9375
vt 0.124938965 0.94970703
vt 0.24987793 0.94970703
vt 0.24987793 0.9375
vt 0.24987793 0.9375
vt 0.24987793 0.94970703
vt 0.37475586 0.94970703
vt 0.37475586 0.9375
vt 0.37475586 0.9375
vt 0.37475586 0.94970703
vt 0.49975586 0.94970703
vt 0.49975586 0.9375
vt 0.49975586 0.9375
vt 0.49975586 0.94970703
vt 0.6245117 0.94970703
vt 0.6245117 0.9375
vt 0.6245117 0.9375
vt 0.6245117 0.94970703
vt 0.7495117 0.94970703
vt 0.7495117 0.9375
vt 0.7495117 0.9375
vt 0.7495117 0.94970703
vt 0.8745117 0.94970703
vt 0.8745117 0.9375
vt 1 0.99609375
vt 1 0.9838867
vt 0.8745117 0.9838867
vt 0.8745117 0.99609375
vt 0.8745117 0.9375
vt 0.8745117 0.94970703
vt 1 0.94970703
vt 1 0.9375
vt 0.99560547 0.24316406
vt 0.96972656 0.29077148
vt 0.99560547 0.29077148
vt 0.96972656 0.24316406
vt 0.99560547 0.19543457
vt 0.9326172 0.29077148
vt 0.96972656 0.19543457
vt 0.99560547 0.14782715
vt 0.9326172 0.24316406
vt 0.8959961 0.29077148
vt 0.96972656 0.14782715
vt 0.99560547 0.10021973
vt 0.8959961 0.24316406
vt 0.859375 0.29077148
vt 0.9326172 0.19543457
vt 0.96972656 0.10021973
vt 0.99560547 0.052581787
vt 0.859375 0.24316406
vt 0.8227539 0.29077148
vt 0.8959961 0.19543457
vt 0.9326172 0.14782715
vt 0.96972656 0.052581787
vt 0.99560547 0.004940033
vt 0.96972656 0.004940033
vt 0.8227539 0.24316406
vt 0.7861328 0.29077148
vt 0.9326172 0.10021973
vt 0.9326172 0.052581787
vt 0.9326172 0.004940033
vt 0.859375 0.19543457
vt 0.8959961 0.14782715
vt 0.7861328 0.24316406
vt 0.7495117 0.29077148
vt 0.8959961 0.052581787
vt 0.8959961 0.004940033
vt 0.8959961 0.10021973
vt 0.8227539 0.19543457
vt 0.859375 0.14782715
vt 0.7495117 0.24316406
vt 0.71240234 0.29077148
vt 0.71240234 0.24316406
vt 0.859375 0.052581787
vt 0.859375 0.004940033
vt 0.859375 0.10021973
vt 0.7861328 0.19543457
vt 0.7495117 0.19543457
vt 0.71240234 0.19543457
vt 0.8227539 0.14782715
vt 0.8227539 0.052581787
vt 0.8227539 0.004940033
vt 0.8227539 0.10021973
vt 0.7861328 0.14782715
vt 0.7495117 0.14782715
vt 0.71240234 0.14782715
vt 0.7861328 0.10021973
vt 0.7861328 0.052581787
vt 0.7861328 0.004940033
vt 0.7495117 0.10021973
vt 0.71240234 0.10021973
vt 0.7495117 0.052581787
vt 0.7495117 0.004940033
vt 0.71240234 0.052581787
vt 0.71240234 0.004940033
vt 0.7495117 0.004940033
vt 0.71240234 0.004940033
vt 0.71240234 0.052581787
vt 0.7495117 0.052581787
vt 0.7861328 0.004940033
vt 0.71240234 0.10021973
vt 0.7861328 0.052581787
vt 0.8227539 0.004940033
vt 0.7495117 0.10021973
vt 0.71240234 0.14782715
vt 0.8227539 0.052581787
vt 0.859375 0.004940033
vt 0.7495117 0.14782715
vt 0.71240234 0.19543457
vt 0.7861328 0.10021973
vt 0.859375 0.052581787
vt 0.8959961 0.004940033
vt 0.7495117 0.19543457
vt 0.71240234 0.24316406
vt 0.7861328 0.14782715
vt 0.8227539 0.10021973
vt 0.8959961 0.052581787
vt 0.9326172 0.004940033
vt 0.7495117 0.24316406
vt 0.71240234 0.29077148
vt 0.7495117 0.29077148
vt 0.859375 0.10021973
vt 0.7861328 0.19543457
vt 0.7861328 0.24316406
vt 0.7861328 0.29077148
vt 0.8227539 0.14782715
vt 0.9326172 0.052581787
vt 0.96972656 0.004940033
vt 0.8227539 0.24316406
vt 0.8227539 0.29077148
vt 0.8227539 0.19543457
vt 0.859375 0.14782715
vt 0.8959961 0.10021973
vt 0.96972656 0.052581787
vt 0.99560547 0.004940033
vt 0.99560547 0.052581787
vt 0.859375 0.24316406
vt 0.859375 0.29077148
vt 0.859375 0.19543457
vt 0.8959961 0.14782715
vt 0.9326172 0.10021973
vt 0.96972656 0.10021973
vt 0.99560547 0.10021973
vt 0.8959961 0.24316406
vt 0.8959961 0.29077148
vt 0.8959961 0.19543457
vt 0.9326172 0.14782715
vt 0.96972656 0.14782715
vt 0.99560547 0.14782715
vt 0.9326172 0.19543457
vt 0.9326172 0.24316406
vt 0.9326172 0.29077148
vt 0.96972656 0.19543457
vt 0.99560547 0.19543457
vt 0.96972656 0.24316406
vt 0.96972656 0.29077148
vt 0.99560547 0.24316406
vt 0.99560547 0.29077148
vt 0.70654297 0.75683594
vt 0.6635742 0.85253906
vt 0.70654297 0.85253906
vt 0.6635742 0.75683594
vt 0.70654297 0.6616211
vt 0.6191406 0.85253906
vt 0.6635742 0.6616211
vt 0.70654297 0.56591797
vt 0.6191406 0.75683594
vt 0.5751953 0.85253906
vt 0.5751953 0.75683594
vt 0.5307617 0.85253906
vt 0.6191406 0.6616211
vt 0.5307617 0.75683594
vt 0.4868164 0.85253906
vt 0.4868164 0.75683594
vt 0.44262695 0.85253906
vt 0.44262695 0.75683594
vt 0.3984375 0.85253906
vt 0.4868164 0.6616211
vt 0.5307617 0.6621094
vt 0.3984375 0.75683594
vt 0.3544922 0.85253906
vt 0.3544922 0.75683594
vt 0.5751953 0.6616211
vt 0.56933594 0.6533203
vt 0.60498047 0.6279297
vt 0.49243164 0.6533203
vt 0.63427734 0.5878906
vt 0.45703125 0.6279297
vt 0.44262695 0.6616211
vt 0.42749023 0.5878906
vt 0.6635742 0.56591797
vt 0.6567383 0.5366211
vt 0.67089844 0.47753906
vt 0.70654297 0.47070312
vt 0.6777344 0.41357422
vt 0.70654297 0.37524414
vt 0.6772461 0.34838867
vt 0.70654297 0.27978516
vt 0.67041016 0.2849121
vt 0.65722656 0.22570801
vt 0.70654297 0.1842041
vt 0.6635742 0.1842041
vt 0.70654297 0.08868408
vt 0.63916016 0.17321777
vt 0.6635742 0.08868408
vt 0.70654297 0.0029506683
vt 0.6635742 0.0029506683
vt 0.6191406 0.08868408
vt 0.61621094 0.13012695
vt 0.6191406 0.0029506683
vt 0.58984375 0.09765625
vt 0.5751953 0.0029506683
vt 0.56103516 0.07800293
vt 0.5307617 0.0029506683
vt 0.5307617 0.07183838
vt 0.4868164 0.0029506683
vt 0.50097656 0.07800293
vt 0.47192383 0.09765625
vt 0.44262695 0.0029506683
vt 0.44262695 0.08868408
vt 0.44555664 0.13012695
vt 0.42285156 0.17321777
vt 0.3984375 0.08868408
vt 0.3984375 0.0029506683
vt 0.3544922 0.08868408
vt 0.3544922 0.0029506683
vt 0.3544922 0.1842041
vt 0.3984375 0.1842041
vt 0.40454102 0.22570801
vt 0.39135742 0.2849121
vt 0.3544922 0.27978516
vt 0.38427734 0.34838867
vt 0.3544922 0.37524414
vt 0.38378906 0.41357422
vt 0.3544922 0.47070312
vt 0.390625 0.47753906
vt 0.3544922 0.56591797
vt 0.3984375 0.56591797
vt 0.40527344 0.5366211
vt 0.3544922 0.6616211
vt 0.3984375 0.6616211
vt 0.70654297 0.75683594
vt 0.6635742 0.85253906
vt 0.70654297 0.85253906
vt 0.6635742 0.75683594
vt 0.70654297 0.6616211
vt 0.6191406 0.85253906
vt 0.6635742 0.6616211
vt 0.70654297 0.56591797
vt 0.6191406 0.75683594
vt 0.5751953 0.85253906
vt 0.6635742 0.56591797
vt 0.70654297 0.47070312
vt 0.5751953 0.75683594
vt 0.5307617 0.85253906
vt 0.6191406 0.6616211
vt 0.6635742 0.47070312
vt 0.70654297 0.37524414
vt 0.5307617 0.75683594
vt 0.4868164 0.85253906
vt 0.5751953 0.6616211
vt 0.6191406 0.56591797
vt 0.6635742 0.37524414
vt 0.70654297 0.27978516
vt 0.4868164 0.75683594
vt 0.44262695 0.85253906
vt 0.6191406 0.47070312
vt 0.5307617 0.6616211
vt 0.5751953 0.56591797
vt 0.6635742 0.27978516
vt 0.70654297 0.1842041
vt 0.44262695 0.75683594
vt 0.3984375 0.85253906
vt 0.6191406 0.37524414
vt 0.5751953 0.47070312
vt 0.4868164 0.6616211
vt 0.5307617 0.56591797
vt 0.6635742 0.1842041
vt 0.70654297 0.08868408
vt 0.3984375 0.75683594
vt 0.3544922 0.85253906
vt 0.3544922 0.75683594
vt 0.44262695 0.6616211
vt 0.3984375 0.6616211
vt 0.3544922 0.6616211
vt 0.4868164 0.56591797
vt 0.3984375 0.56591797
vt 0.3544922 0.56591797
vt 0.44262695 0.56591797
vt 0.5307617 0.47070312
vt 0.3984375 0.47070312
vt 0.3544922 0.47070312
vt 0.44262695 0.47070312
vt 0.4868164 0.47070312
vt 0.5751953 0.37524414
vt 0.3984375 0.37524414
vt 0.3544922 0.37524414
vt 0.5307617 0.37524414
vt 0.44262695 0.37524414
vt 0.4868164 0.37524414
vt 0.6191406 0.27978516
vt 0.3984375 0.27978516
vt 0.3544922 0.27978516
vt 0.5751953 0.27978516
vt 0.5307617 0.27978516
vt 0.44262695 0.27978516
vt 0.4868164 0.27978516
vt 0.6191406 0.1842041
vt 0.3984375 0.1842041
vt 0.3544922 0.1842041
vt 0.5751953 0.1842041
vt 0.5307617 0.1842041
vt 0.44262695 0.1842041
vt 0.4868164 0.1842041
vt 0.6635742 0.08868408
vt 0.70654297 0.0029506683
vt 0.6635742 0.0029506683
vt 0.6191406 0.08868408
vt 0.6191406 0.0029506683
vt 0.5751953 0.08868408
vt 0.5751953 0.0029506683
vt 0.5307617 0.08868408
vt 0.5307617 0.0029506683
vt 0.4868164 0.08868408
vt 0.4868164 0.0029506683
vt 0.44262695 0.08868408
vt 0.44262695 0.0029506683
vt 0.3984375 0.08868408
vt 0.3984375 0.0029506683
vt 0.3544922 0.08868408
vt 0.3544922 0.0029506683
vt 0 0.99609375
vt 0.124938965 0.9838867
vt 0 0.9838867
vt 0.124938965 0.99609375
vt 0.24987793 0.9838867
vt 0.24987793 0.99609375
vt 0.37475586 0.9838867
vt 0.37475586 0.99609375
vt 0.49975586 0.9838867
vt 0.49975586 0.99609375
vt 0.6245117 0.9838867
vt 0.6245117 0.99609375
vt 0.7495117 0.9838867
vt 0.7495117 0.99609375
vt 0.8745117 0.9838867
vt 0.8745117 0.99609375
vt 1 0.9838867
vt 1 0.99609375
vt 0.8745117 0.99609375
vt 1 0.99609375
vt 1 0.9838867
vt 0.8745117 0.9838867
vt 0.7495117 0.99609375
vt 0.7495117 0.9838867
vt 0.6245117 0.99609375
vt 0.6245117 0.9838867
vt 0.49975586 0.99609375
vt 0.49975586 0.9838867
vt 0.37475586 0.99609375
vt 0.37475586 0.9838867
vt 0.24987793 0.99609375
vt 0.24987793 0.9838867
vt 0.124938965 0.99609375
vt 0.124938965 0.9838867
vt 0 0.99609375
vt 0 0.9838867
vt 0 0.9838867
vt 0.124938965 0.94970703
vt 0 0.94970703
vt 0.124938965 0.9838867
vt 0.24987793 0.94970703
vt 0.24987793 0.9838867
vt 0.37475586 0.94970703
vt 0.37475586 0.9838867
vt 0.49975586 0.94970703
vt 0.49975586 0.9838867
vt 0.6245117 0.94970703
vt 0.6245117 0.9838867
vt 0.7495117 0.94970703
vt 0.7495117 0.9838867
vt 0.8745117 0.94970703
vt 0.8745117 0.9838867
vt 1 0.94970703
vt 1 0.9838867
vt 0.8745117 0.9838867
vt 1 0.9838867
vt 1 0.94970703
vt 0.8745117 0.94970703
vt 0.7495117 0.9838867
vt 0.7495117 0.94970703
vt 0.6245117 0.9838867
vt 0.6245117 0.94970703
vt 0.49975586 0.9838867
vt 0.49975586 0.94970703
vt 0.37475586 0.9838867
vt 0.37475586 0.94970703
vt 0.24987793 0.9838867
vt 0.24987793 0.94970703
vt 0.124938965 0.9838867
vt 0.124938965 0.94970703
vt 0 0.9838867
vt 0 0.94970703
vt 0.124938965 0.9375
vt 0 0.9375
vt 0 0.94970703
vt 0.124938965 0.94970703
vt 0.24987793 0.9375
vt 0.24987793 0.94970703
vt 0.37475586 0.9375
vt 0.37475586 0.94970703
vt 0.49975586 0.9375
vt 0.49975586 0.94970703
vt 0.6245117 0.9375
vt 0.6245117 0.94970703
vt 0.7495117 0.9375
vt 0.7495117 0.94970703
vt 0.8745117 0.9375
vt 0.8745117 0.94970703
vt 1 0.9375
vt 1 0.94970703
vt 1 0.9375
vt 0.8745117 0.94970703
vt 1 0.94970703
vt 0.8745117 0.9375
vt 0.7495117 0.94970703
vt 0.7495117 0.9375
vt 0.6245117 0.94970703
vt 0.6245117 0.9375
vt 0.49975586 0.94970703
vt 0.49975586 0.9375
vt 0.37475586 0.94970703
vt 0.37475586 0.9375
vt 0.24987793 0.94970703
vt 0.24987793 0.9375
vt 0.124938965 0.94970703
vt 0.124938965 0.9375
vt 0 0.94970703
vt 0 0.9375
vt 0.3474121 0.8486328
vt 0.30615234 0.93310547
vt 0.3474121 0.93310547
vt 0.30615234 0.8486328
vt 0.3474121 0.7548828
vt 0.26342773 0.93310547
vt 0.30615234 0.7548828
vt 0.3474121 0.6611328
vt 0.26342773 0.8486328
vt 0.22070312 0.93310547
vt 0.30615234 0.6611328
vt 0.3474121 0.56689453
vt 0.22070312 0.8486328
vt 0.17797852 0.93310547
vt 0.26342773 0.7548828
vt 0.30615234 0.56689453
vt 0.3474121 0.47314453
vt 0.17797852 0.8486328
vt 0.13537598 0.93310547
vt 0.22070312 0.7548828
vt 0.26342773 0.6611328
vt 0.30615234 0.47314453
vt 0.3474121 0.3791504
vt 0.13537598 0.8486328
vt 0.09265137 0.93310547
vt 0.26342773 0.56689453
vt 0.17797852 0.7548828
vt 0.22070312 0.6611328
vt 0.30615234 0.3791504
vt 0.3474121 0.2854004
vt 0.09265137 0.8486328
vt 0.049957275 0.93310547
vt 0.26342773 0.47314453
vt 0.22070312 0.56689453
vt 0.13537598 0.7548828
vt 0.17797852 0.6611328
vt 0.30615234 0.2854004
vt 0.3474121 0.19140625
vt 0.049957275 0.8486328
vt 0.0072898865 0.93310547
vt 0.0072898865 0.8486328
vt 0.09265137 0.7548828
vt 0.049957275 0.7548828
vt 0.0072898865 0.7548828
vt 0.13537598 0.6611328
vt 0.09265137 0.6611328
vt 0.049957275 0.6611328
vt 0.0072898865 0.6611328
vt 0.17797852 0.56689453
vt 0.13537598 0.56689453
vt 0.09265137 0.56689453
vt 0.049957275 0.56689453
vt 0.0072898865 0.56689453
vt 0.22070312 0.47314453
vt 0.17797852 0.47314453
vt 0.13537598 0.47314453
vt 0.09265137 0.47314453
vt 0.049957275 0.47314453
vt 0.0072898865 0.47314453
vt 0.26342773 0.3791504
vt 0.22070312 0.3791504
vt 0.17797852 0.3791504
vt 0.13537598 0.3791504
vt 0.09265137 0.3791504
vt 0.049957275 0.3791504
vt 0.0072898865 0.3791504
vt 0.26342773 0.2854004
vt 0.22070312 0.2854004
vt 0.17797852 0.2854004
vt 0.13537598 0.2854004
vt 0.09265137 0.2854004
vt 0.049957275 0.2854004
vt 0.0072898865 0.2854004
vt 0.30615234 0.19140625
vt 0.3474121 0.097473145
vt 0.26342773 0.19140625
vt 0.30615234 0.097473145
vt 0.3474121 0.0035648346
vt 0.30615234 0.0035648346
vt 0.26342773 0.097473145
vt 0.26342773 0.0035648346
vt 0.22070312 0.19140625
vt 0.22070312 0.097473145
vt 0.22070312 0.0035648346
vt 0.17797852 0.19140625
vt 0.17797852 0.097473145
vt 0.17797852 0.0035648346
vt 0.13537598 0.19140625
vt 0.13537598 0.097473145
vt 0.13537598 0.0035648346
vt 0.09265137 0.19140625
vt 0.09265137 0.097473145
vt 0.09265137 0.0035648346
vt 0.049957275 0.19140625
vt 0.0072898865 0.19140625
vt 0.049957275 0.097473145
vt 0.049957275 0.0035648346
vt 0.0072898865 0.097473145
vt 0.0072898865 0.0035648346
vt 0.3474121 0.8486328
vt 0.30615234 0.93310547
vt 0.3474121 0.93310547
vt 0.30615234 0.8486328
vt 0.3474121 0.7548828
vt 0.26342773 0.93310547
vt 0.30615234 0.7548828
vt 0.3474121 0.6611328
vt 0.26342773 0.8486328
vt 0.22070312 0.93310547
vt 0.30615234 0.6611328
vt 0.3474121 0.56689453
vt 0.22070312 0.8486328
vt 0.17797852 0.93310547
vt 0.26342773 0.7548828
vt 0.30615234 0.56689453
vt 0.3474121 0.47314453
vt 0.17797852 0.8486328
vt 0.13537598 0.93310547
vt 0.22070312 0.7548828
vt 0.26342773 0.6611328
vt 0.30615234 0.47314453
vt 0.3474121 0.3791504
vt 0.13537598 0.8486328
vt 0.09265137 0.93310547
vt 0.26342773 0.56689453
vt 0.17797852 0.7548828
vt 0.22070312 0.6611328
vt 0.30615234 0.3791504
vt 0.3474121 0.2854004
vt 0.09265137 0.8486328
vt 0.049957275 0.93310547
vt 0.26342773 0.47314453
vt 0.22070312 0.56689453
vt 0.13537598 0.7548828
vt 0.17797852 0.6611328
vt 0.30615234 0.2854004
vt 0.3474121 0.19140625
vt 0.049957275 0.8486328
vt 0.0072898865 0.93310547
vt 0.0072898865 0.8486328
vt 0.09265137 0.7548828
vt 0.049957275 0.7548828
vt 0.0072898865 0.7548828
vt 0.13537598 0.6611328
vt 0.049957275 0.6611328
vt 0.0072898865 0.6611328
vt 0.09265137 0.6611328
vt 0.17797852 0.56689453
vt 0.049957275 0.56689453
vt 0.0072898865 0.56689453
vt 0.09265137 0.56689453
vt 0.13537598 0.56689453
vt 0.22070312 0.47314453
vt 0.049957275 0.47314453
vt 0.0072898865 0.47314453
vt 0.17797852 0.47314453
vt 0.09265137 0.47314453
vt 0.13537598 0.47314453
vt 0.26342773 0.3791504
vt 0.049957275 0.3791504
vt 0.0072898865 0.3791504
vt 0.22070312 0.3791504
vt 0.17797852 0.3791504
vt 0.09265137 0.3791504
vt 0.13537598 0.3791504
vt 0.26342773 0.2854004
vt 0.049957275 0.2854004
vt 0.0072898865 0.2854004
vt 0.22070312 0.2854004
vt 0.17797852 0.2854004
vt 0.09265137 0.2854004
vt 0.13537598 0.2854004
vt 0.30615234 0.19140625
vt 0.3474121 0.097473145
vt 0.26342773 0.19140625
vt 0.30615234 0.097473145
vt 0.3474121 0.0035648346
vt 0.30615234 0.0035648346
vt 0.26342773 0.097473145
vt 0.26342773 0.0035648346
vt 0.22070312 0.19140625
vt 0.22070312 0.097473145
vt 0.22070312 0.0035648346
vt 0.17797852 0.19140625
vt 0.17797852 0.097473145
vt 0.17797852 0.0035648346
vt 0.13537598 0.19140625
vt 0.13537598 0.097473145
vt 0.13537598 0.0035648346
vt 0.09265137 0.19140625
vt 0.09265137 0.097473145
vt 0.09265137 0.0035648346
vt 0.049957275 0.19140625
vt 0.0072898865 0.19140625
vt 0.049957275 0.097473145
vt 0.049957275 0.0035648346
vt 0.0072898865 0.097473145
vt 0.0072898865 0.0035648346
vt 0.97509766 0.5263672
vt 0.94384766 0.58251953
vt 0.97509766 0.58251953
vt 0.94384766 0.5263672
vt 0.97509766 0.46972656
vt 0.9145508 0.58251953
vt 0.94384766 0.46972656
vt 0.97509766 0.41333008
vt 0.9145508 0.5263672
vt 0.8847656 0.58251953
vt 0.94384766 0.41333008
vt 0.97509766 0.35668945
vt 0.8847656 0.5263672
vt 0.85546875 0.58251953
vt 0.9145508 0.46972656
vt 0.94384766 0.35668945
vt 0.97509766 0.30029297
vt 0.94384766 0.30029297
vt 0.85546875 0.5263672
vt 0.8261719 0.58251953
vt 0.8847656 0.46972656
vt 0.9145508 0.41333008
vt 0.9145508 0.35668945
vt 0.9145508 0.30029297
vt 0.8261719 0.5263672
vt 0.796875 0.58251953
vt 0.85546875 0.46972656
vt 0.8847656 0.41333008
vt 0.8847656 0.35668945
vt 0.8847656 0.30029297
vt 0.796875 0.5263672
vt 0.7675781 0.58251953
vt 0.8261719 0.46972656
vt 0.85546875 0.41333008
vt 0.85546875 0.35668945
vt 0.85546875 0.30029297
vt 0.7675781 0.5263672
vt 0.73779297 0.58251953
vt 0.73779297 0.5263672
vt 0.796875 0.46972656
vt 0.8261719 0.41333008
vt 0.8261719 0.35668945
vt 0.8261719 0.30029297
vt 0.7675781 0.46972656
vt 0.73779297 0.46972656
vt 0.796875 0.41333008
vt 0.796875 0.35668945
vt 0.796875 0.30029297
vt 0.7675781 0.41333008
vt 0.73779297 0.41333008
vt 0.7675781 0.35668945
vt 0.7675781 0.30029297
vt 0.73779297 0.35668945
vt 0.73779297 0.30029297
vt 0.7675781 0.30029297
vt 0.73779297 0.30029297
vt 0.73779297 0.35668945
vt 0.7675781 0.35668945
vt 0.796875 0.30029297
vt 0.73779297 0.41333008
vt 0.796875 0.35668945
vt 0.8261719 0.30029297
vt 0.7675781 0.41333008
vt 0.73779297 0.46972656
vt 0.8261719 0.35668945
vt 0.85546875 0.30029297
vt 0.7675781 0.46972656
vt 0.73779297 0.5263672
vt 0.796875 0.41333008
vt 0.85546875 0.35668945
vt 0.8847656 0.30029297
vt 0.7675781 0.5263672
vt 0.73779297 0.58251953
vt 0.7675781 0.58251953
vt 0.796875 0.46972656
vt 0.8261719 0.41333008
vt 0.796875 0.5263672
vt 0.796875 0.58251953
vt 0.8847656 0.35668945
vt 0.9145508 0.30029297
vt 0.8261719 0.46972656
vt 0.8261719 0.5263672
vt 0.8261719 0.58251953
vt 0.85546875 0.41333008
vt 0.9145508 0.35668945
vt 0.94384766 0.30029297
vt 0.85546875 0.5263672
vt 0.85546875 0.58251953
vt 0.85546875 0.46972656
vt 0.8847656 0.41333008
vt 0.94384766 0.35668945
vt 0.97509766 0.30029297
vt 0.97509766 0.35668945
vt 0.8847656 0.5263672
vt 0.8847656 0.58251953
vt 0.8847656 0.46972656
vt 0.9145508 0.41333008
vt 0.94384766 0.41333008
vt 0.97509766 0.41333008
vt 0.9145508 0.46972656
vt 0.9145508 0.5263672
vt 0.9145508 0.58251953
vt 0.94384766 0.46972656
vt 0.97509766 0.46972656
vt 0.94384766 0.5263672
vt 0.94384766 0.58251953
vt 0.97509766 0.5263672
vt 0.97509766 0.58251953
vt 0.7607422 0.9296875
vt 0.69433594 0.9135742
vt 0.68652344 0.9296875
vt 0.76416016 0.9135742
vt 0.8388672 0.9296875
vt 0.7089844 0.87939453
vt 0.8388672 0.9135742
vt 0.9169922 0.9296875
vt 0.77197266 0.87939453
vt 0.7495117 0.7890625
vt 0.91259766 0.9135742
vt 0.99072266 0.9296875
vt 0.98291016 0.9135742
vt 0.8378906 0.87939453
vt 0.7915039 0.7890625
vt 0.81933594 0.63134766
vt 0.9042969 0.87939453
vt 0.9667969 0.87939453
vt 0.8364258 0.7890625
vt 0.828125 0.63134766
vt 0.8364258 0.59375
vt 0.88183594 0.7890625
vt 0.9243164 0.7890625
vt 0.8364258 0.63134766
vt 0.84472656 0.63134766
vt 0.85302734 0.63134766
vt 0.7607422 0.9296875
vt 0.69433594 0.9135742
vt 0.68652344 0.9296875
vt 0.76416016 0.9135742
vt 0.8388672 0.9296875
vt 0.7089844 0.87939453
vt 0.8388672 0.9135742
vt 0.9169922 0.9296875
vt 0.77197266 0.87939453
vt 0.7495117 0.7890625
vt 0.7915039 0.7890625
vt 0.81933594 0.63134766
vt 0.8378906 0.87939453
vt 0.91259766 0.9135742
vt 0.828125 0.63134766
vt 0.8364258 0.59375
vt 0.98291016 0.9135742
vt 0.99072266 0.9296875
vt 0.9042969 0.87939453
vt 0.9667969 0.87939453
vt 0.8364258 0.7890625
vt 0.88183594 0.7890625
vt 0.9243164 0.7890625
vt 0.8364258 0.63134766
vt 0.84472656 0.63134766
vt 0.85302734 0.63134766
vt 0.9169922 0.9296875
vt 0.99072266 0.9296875
vt 0.98291016 0.9135742
vt 0.91259766 0.9135742
vt 0.8388672 0.9296875
vt 0.9667969 0.87939453
vt 0.8388672 0.9135742
vt 0.7607422 0.9296875
vt 0.9042969 0.87939453
vt 0.9243164 0.7890625
vt 0.76416016 0.9135742
vt 0.68652344 0.9296875
vt 0.69433594 0.9135742
vt 0.8378906 0.87939453
vt 0.88183594 0.7890625
vt 0.85302734 0.63134766
vt 0.77197266 0.87939453
vt 0.7089844 0.87939453
vt 0.8364258 0.7890625
vt 0.84472656 0.63134766
vt 0.8364258 0.59375
vt 0.7915039 0.7890625
vt 0.7495117 0.7890625
vt 0.8364258 0.63134766
vt 0.828125 0.63134766
vt 0.81933594 0.63134766
vt 0.7607422 0.9296875
vt 0.69433594 0.9135742
vt 0.68652344 0.9296875
vt 0.76416016 0.9135742
vt 0.8388672 0.9135742
vt 0.8388672 0.9296875
vt 0.77197266 0.87939453
vt 0.7089844 0.87939453
vt 0.91259766 0.9135742
vt 0.9169922 0.9296875
vt 0.8378906 0.87939453
vt 0.7915039 0.7890625
vt 0.7495117 0.7890625
vt 0.98291016 0.9135742
vt 0.99072266 0.9296875
vt 0.9667969 0.87939453
vt 0.9042969 0.87939453
vt 0.9243164 0.7890625
vt 0.88183594 0.7890625
vt 0.85302734 0.63134766
vt 0.8364258 0.7890625
vt 0.84472656 0.63134766
vt 0.8364258 0.59375
vt 0.8364258 0.63134766
vt 0.828125 0.63134766
vt 0.81933594 0.63134766
vt 0.7495117 0.7890625
vt 0.828125 0.63134766
vt 0.81933594 0.63134766
vt 0.8364258 0.59375
vt 0.7915039 0.7890625
vt 0.7089844 0.87939453
vt 0.8364258 0.63134766
vt 0.77197266 0.87939453
vt 0.69433594 0.9135742
vt 0.84472656 0.63134766
vt 0.85302734 0.63134766
vt 0.9243164 0.7890625
vt 0.88183594 0.7890625
vt 0.9667969 0.87939453
vt 0.8364258 0.7890625
vt 0.9042969 0.87939453
vt 0.98291016 0.9135742
vt 0.76416016 0.9135742
vt 0.68652344 0.9296875
vt 0.7607422 0.9296875
vt 0.8378906 0.87939453
vt 0.91259766 0.9135742
vt 0.99072266 0.9296875
vt 0.9169922 0.9296875
vt 0.8388672 0.9135742
vt 0.8388672 0.9296875
vt 0.7495117 0.7890625
vt 0.828125 0.63134766
vt 0.81933594 0.63134766
vt 0.8364258 0.59375
vt 0.7915039 0.7890625
vt 0.7089844 0.87939453
vt 0.8364258 0.63134766
vt 0.77197266 0.87939453
vt 0.69433594 0.9135742
vt 0.84472656 0.63134766
vt 0.85302734 0.63134766
vt 0.8364258 0.7890625
vt 0.88183594 0.7890625
vt 0.9243164 0.7890625
vt 0.76416016 0.9135742
vt 0.68652344 0.9296875
vt 0.7607422 0.9296875
vt 0.8378906 0.87939453
vt 0.9042969 0.87939453
vt 0.9667969 0.87939453
vt 0.8388672 0.9135742
vt 0.8388672 0.9296875
vt 0.91259766 0.9135742
vt 0.98291016 0.9135742
vt 0.9169922 0.9296875
vt 0.99072266 0.9296875
vt 0.9243164 0.7890625
vt 0.85302734 0.63134766
vt 0.84472656 0.63134766
vt 0.8364258 0.59375
vt 0.88183594 0.7890625
vt 0.9667969 0.87939453
vt 0.8364258 0.63134766
vt 0.9042969 0.87939453
vt 0.98291016 0.9135742
vt 0.828125 0.63134766
vt 0.81933594 0.63134766
vt 0.8364258 0.7890625
vt 0.7915039 0.7890625
vt 0.7495117 0.7890625
vt 0.91259766 0.9135742
vt 0.99072266 0.9296875
vt 0.9169922 0.9296875
vt 0.8378906 0.87939453
vt 0.77197266 0.87939453
vt 0.7089844 0.87939453
vt 0.8388672 0.9135742
vt 0.8388672 0.9296875
vt 0.76416016 0.9135742
vt 0.69433594 0.9135742
vt 0.7607422 0.9296875
vt 0.68652344 0.9296875
vt 0.9301758 0.64404297
vt 0.93603516 0.6020508
vt 0.9321289 0.6015625
vt 0.9277344 0.6015625
vt 0.9404297 0.60253906
vt 0.92333984 0.6020508
vt 0.94433594 0.6040039
vt 0.9194336 0.60253906
vt 0.9482422 0.60546875
vt 0.91552734 0.6040039
vt 0.95214844 0.6074219
vt 0.9116211 0.60546875
vt 0.9555664 0.6098633
vt 0.90771484 0.6074219
vt 0.9584961 0.6123047
vt 0.9042969 0.6098633
vt 0.96191406 0.6152344
vt 0.9008789 0.61279297
vt 0.96435547 0.61865234
vt 0.8979492 0.61572266
vt 0.9667969 0.6220703
vt 0.8955078 0.61865234
vt 0.96875 0.62597656
vt 0.8930664 0.6220703
vt 0.97021484 0.6298828
vt 0.8911133 0.62597656
vt 0.9716797 0.63378906
vt 0.88964844 0.6298828
vt 0.97216797 0.6376953
vt 0.8881836 0.63378906
vt 0.97265625 0.64208984
vt 0.8876953 0.6381836
vt 0.97265625 0.6459961
vt 0.88720703 0.64208984
vt 0.97265625 0.6503906
vt 0.88720703 0.6464844
vt 0.9716797 0.6542969
vt 0.8876953 0.6503906
vt 0.97021484 0.6586914
vt 0.8881836 0.65478516
vt 0.96875 0.66259766
vt 0.88964844 0.6586914
vt 0.9667969 0.6660156
vt 0.8911133 0.66259766
vt 0.96435547 0.6694336
vt 0.8930664 0.6665039
vt 0.96191406 0.67285156
vt 0.8955078 0.6699219
vt 0.9589844 0.67578125
vt 0.8984375 0.67285156
vt 0.9555664 0.67871094
vt 0.9013672 0.67626953
vt 0.95214844 0.68066406
vt 0.9042969 0.67871094
vt 0.9482422 0.68310547
vt 0.9082031 0.68115234
vt 0.94433594 0.6845703
vt 0.9116211 0.68310547
vt 0.9404297 0.6855469
vt 0.91552734 0.6845703
vt 0.93652344 0.68652344
vt 0.9199219 0.68603516
vt 0.9321289 0.6870117
vt 0.9238281 0.68652344
vt 0.92822266 0.6870117
vt 0.7573242 0.63964844
vt 0.79296875 0.65625
vt 0.7944336 0.65283203
vt 0.7915039 0.65966797
vt 0.79589844 0.6489258
vt 0.7890625 0.66308594
vt 0.7963867 0.6455078
vt 0.7866211 0.6660156
vt 0.796875 0.64160156
vt 0.7836914 0.6689453
vt 0.796875 0.6376953
vt 0.7807617 0.6713867
vt 0.7963867 0.63378906
vt 0.77783203 0.67333984
vt 0.79589844 0.6298828
vt 0.77441406 0.67529297
vt 0.7944336 0.62597656
vt 0.7705078 0.6767578
vt 0.79296875 0.6225586
vt 0.76708984 0.6777344
vt 0.7915039 0.6191406
vt 0.7631836 0.67871094
vt 0.7890625 0.61572266
vt 0.75927734 0.6791992
vt 0.7866211 0.61279297
vt 0.7553711 0.6791992
vt 0.7841797 0.61035156
vt 0.75146484 0.67871094
vt 0.7807617 0.60791016
vt 0.7475586 0.6777344
vt 0.77783203 0.60546875
vt 0.7441406 0.6767578
vt 0.77441406 0.6035156
vt 0.7402344 0.67529297
vt 0.7705078 0.6020508
vt 0.7368164 0.67333984
vt 0.76708984 0.6010742
vt 0.7338867 0.6713867
vt 0.7631836 0.60009766
vt 0.73095703 0.6689453
vt 0.75927734 0.60009766
vt 0.72802734 0.6660156
vt 0.7553711 0.60009766
vt 0.72558594 0.66308594
vt 0.75146484 0.60009766
vt 0.72314453 0.65966797
vt 0.7475586 0.6010742
vt 0.7216797 0.65625
vt 0.7441406 0.6020508
vt 0.72021484 0.65283203
vt 0.7402344 0.6035156
vt 0.71875 0.6489258
vt 0.7368164 0.60546875
vt 0.7182617 0.64501953
vt 0.7338867 0.6074219
vt 0.71777344 0.6411133
vt 0.73095703 0.6098633
vt 0.71777344 0.6376953
vt 0.72802734 0.61279297
vt 0.7182617 0.63378906
vt 0.72558594 0.61572266
vt 0.71875 0.6298828
vt 0.7236328 0.6191406
vt 0.72021484 0.62597656
vt 0.7216797 0.6225586
vn -0.101989746 -0.16809082 0.98046875
vn -0.051635742 -0.08508301 0.9951172
vn -0.043060303 -0.08972168 0.9951172
vn -0.08502197 -0.1772461 0.98046875
vn -0.15136719 -0.24938965 0.95654297
vn -0.0340271 -0.09350586 0.9951172
vn -0.12609863 -0.26293945 0.95654297
vn -0.19921875 -0.32836914 0.92333984
vn -0.06719971 -0.18469238 0.98046875
vn -0.02470398 -0.09643555 0.9951172
vn -0.16601562 -0.3461914 0.92333984
vn -0.24511719 -0.40405273 0.88134766
vn -0.048797607 -0.19042969 0.98046875
vn -0.015144348 -0.09838867 0.9951172
vn -0.099731445 -0.27416992 0.95654297
vn -0.2043457 -0.4260254 0.88134766
vn -0.28881836 -0.47583008 0.8305664
vn -0.029907227 -0.19433594 0.98046875
vn -0.0054244995 -0.099365234 0.9951172
vn -0.072387695 -0.2824707 0.95654297
vn -0.13134766 -0.36083984 0.92333984
vn -0.24072266 -0.5019531 0.8305664
vn -0.32958984 -0.54296875 0.77246094
vn -0.2746582 -0.5727539 0.77246094
vn -0.010719299 -0.19628906 0.98046875
vn 0.0043411255 -0.09942627 0.9951172
vn -0.1616211 -0.4440918 0.88134766
vn -0.19042969 -0.5229492 0.8305664
vn -0.21728516 -0.59716797 0.77246094
vn -0.04437256 -0.28833008 0.95654297
vn -0.095336914 -0.3720703 0.92333984
vn 0.008575439 -0.19641113 0.98046875
vn 0.0140686035 -0.09851074 0.9951172
vn -0.11730957 -0.45776367 0.88134766
vn -0.1381836 -0.5390625 0.8305664
vn -0.15771484 -0.6152344 0.77246094
vn -0.015899658 -0.29125977 0.95654297
vn -0.058410645 -0.37939453 0.92333984
vn 0.027786255 -0.19458008 0.98046875
vn 0.023651123 -0.09667969 0.9951172
vn 0.046722412 -0.19091797 0.98046875
vn -0.071899414 -0.46704102 0.88134766
vn -0.08465576 -0.55029297 0.8305664
vn -0.09661865 -0.6279297 0.77246094
vn 0.01272583 -0.2915039 0.95654297
vn 0.041229248 -0.28881836 0.95654297
vn 0.06933594 -0.28344727 0.95654297
vn -0.020935059 -0.38330078 0.92333984
vn -0.025756836 -0.47192383 0.88134766
vn -0.030349731 -0.55566406 0.8305664
vn -0.03463745 -0.63427734 0.77246094
vn 0.01675415 -0.38354492 0.92333984
vn 0.054260254 -0.38012695 0.92333984
vn 0.09124756 -0.37304688 0.92333984
vn 0.020614624 -0.47216797 0.88134766
vn 0.024276733 -0.55615234 0.8305664
vn 0.027709961 -0.6347656 0.77246094
vn 0.06677246 -0.46777344 0.88134766
vn 0.11230469 -0.45898438 0.88134766
vn 0.07867432 -0.55126953 0.8305664
vn 0.089782715 -0.62890625 0.77246094
vn 0.13232422 -0.54052734 0.8305664
vn 0.15100098 -0.6171875 0.77246094
vn -0.3671875 -0.60498047 0.70654297
vn -0.32958984 -0.54296875 0.77246094
vn -0.2746582 -0.5727539 0.77246094
vn -0.30615234 -0.6381836 0.70654297
vn -0.4013672 -0.6616211 0.63378906
vn -0.21728516 -0.59716797 0.77246094
vn -0.33447266 -0.6977539 0.63378906
vn -0.43164062 -0.7114258 0.5546875
vn -0.24206543 -0.66503906 0.70654297
vn -0.15771484 -0.6152344 0.77246094
vn -0.35986328 -0.75 0.5546875
vn -0.45776367 -0.75439453 0.47070312
vn -0.17578125 -0.6855469 0.70654297
vn -0.09661865 -0.6279297 0.77246094
vn -0.26464844 -0.7270508 0.63378906
vn -0.3815918 -0.79541016 0.47070312
vn -0.4794922 -0.79003906 0.38208008
vn -0.107666016 -0.69970703 0.70654297
vn -0.03463745 -0.63427734 0.77246094
vn -0.1920166 -0.7495117 0.63378906
vn -0.28442383 -0.7817383 0.5546875
vn -0.3996582 -0.8330078 0.38208008
vn -0.49658203 -0.8183594 0.28979492
vn -0.03857422 -0.70703125 0.70654297
vn 0.027709961 -0.6347656 0.77246094
vn -0.3017578 -0.82910156 0.47070312
vn -0.11767578 -0.76464844 0.63378906
vn -0.20654297 -0.80566406 0.5546875
vn -0.41381836 -0.86279297 0.28979492
vn -0.50878906 -0.8383789 0.19482422
vn 0.030883789 -0.70703125 0.70654297
vn 0.089782715 -0.62890625 0.77246094
vn -0.3161621 -0.86816406 0.38208008
vn -0.21899414 -0.8544922 0.47070312
vn -0.042175293 -0.77246094 0.63378906
vn -0.12658691 -0.8222656 0.5546875
vn -0.4243164 -0.88427734 0.19482422
vn -0.5161133 -0.8510742 0.09686279
vn 0.10003662 -0.7006836 0.70654297
vn 0.15100098 -0.6171875 0.77246094
vn 0.16821289 -0.6875 0.70654297
vn 0.03375244 -0.7729492 0.63378906
vn 0.109313965 -0.765625 0.63378906
vn 0.18383789 -0.75146484 0.63378906
vn -0.04534912 -0.8305664 0.5546875
vn 0.0362854 -0.8310547 0.5546875
vn 0.11755371 -0.82373047 0.5546875
vn 0.1977539 -0.80810547 0.5546875
vn -0.13415527 -0.8720703 0.47070312
vn -0.048095703 -0.8808594 0.47070312
vn 0.038482666 -0.88134766 0.47070312
vn 0.124694824 -0.87353516 0.47070312
vn 0.2097168 -0.8569336 0.47070312
vn -0.22937012 -0.89501953 0.38208008
vn -0.140625 -0.9135742 0.38208008
vn -0.05038452 -0.92285156 0.38208008
vn 0.04031372 -0.92333984 0.38208008
vn 0.13061523 -0.91503906 0.38208008
vn 0.21960449 -0.89746094 0.38208008
vn -0.32739258 -0.89941406 0.28979492
vn -0.2376709 -0.9272461 0.28979492
vn -0.14562988 -0.9458008 0.28979492
vn -0.05218506 -0.9555664 0.28979492
vn 0.041748047 -0.9560547 0.28979492
vn 0.1352539 -0.9472656 0.28979492
vn 0.22741699 -0.9296875 0.28979492
vn -0.33544922 -0.921875 0.19482422
vn -0.24353027 -0.9501953 0.19482422
vn -0.14916992 -0.9692383 0.19482422
vn -0.053466797 -0.9794922 0.19482422
vn 0.042785645 -0.97998047 0.19482422
vn 0.13867188 -0.9711914 0.19482422
vn 0.2331543 -0.9526367 0.19482422
vn -0.43041992 -0.89746094 0.09686279
vn -0.5180664 -0.8540039 0.047058105
vn -0.4321289 -0.9008789 0.047058105
vn -0.34033203 -0.9350586 0.09686279
vn -0.34155273 -0.93847656 0.047058105
vn -0.24707031 -0.96435547 0.09686279
vn -0.24804688 -0.96777344 0.047058105
vn -0.15136719 -0.9838867 0.09686279
vn -0.15197754 -0.9873047 0.047058105
vn -0.054260254 -0.99365234 0.09686279
vn -0.05444336 -0.9975586 0.047058105
vn 0.043426514 -0.9941406 0.09686279
vn 0.0435791 -0.9980469 0.047058105
vn 0.140625 -0.98535156 0.09686279
vn 0.14123535 -0.98876953 0.047058105
vn 0.23657227 -0.9667969 0.09686279
vn 0.23742676 -0.97021484 0.047058105
vn -0.5161133 -0.8510742 -0.09686279
vn -0.5180664 -0.8540039 -0.047058105
vn -0.4321289 -0.9008789 -0.047058105
vn -0.43041992 -0.89746094 -0.09686279
vn -0.50878906 -0.8383789 -0.19482422
vn -0.34155273 -0.93847656 -0.047058105
vn -0.4243164 -0.88427734 -0.19482422
vn -0.49658203 -0.8183594 -0.28979492
vn -0.34033203 -0.9350586 -0.09686279
vn -0.24804688 -0.96777344 -0.047058105
vn -0.41381836 -0.86279297 -0.28979492
vn -0.4794922 -0.79003906 -0.38208008
vn -0.24707031 -0.96435547 -0.09686279
vn -0.15197754 -0.9873047 -0.047058105
vn -0.33544922 -0.921875 -0.19482422
vn -0.3996582 -0.8330078 -0.38208008
vn -0.45776367 -0.75439453 -0.47070312
vn -0.15136719 -0.9838867 -0.09686279
vn -0.05444336 -0.9975586 -0.047058105
vn -0.24353027 -0.9501953 -0.19482422
vn -0.32739258 -0.89941406 -0.28979492
vn -0.3815918 -0.79541016 -0.47070312
vn -0.43164062 -0.7114258 -0.5546875
vn -0.054260254 -0.99365234 -0.09686279
vn 0.0435791 -0.9980469 -0.047058105
vn -0.3161621 -0.86816406 -0.38208008
vn -0.14916992 -0.9692383 -0.19482422
vn -0.2376709 -0.9272461 -0.28979492
vn -0.35986328 -0.75 -0.5546875
vn -0.4013672 -0.6616211 -0.63378906
vn 0.043426514 -0.9941406 -0.09686279
vn 0.14123535 -0.98876953 -0.047058105
vn -0.3017578 -0.82910156 -0.47070312
vn -0.22937012 -0.89501953 -0.38208008
vn -0.053466797 -0.9794922 -0.19482422
vn -0.14562988 -0.9458008 -0.28979492
vn -0.33447266 -0.6977539 -0.63378906
vn -0.3671875 -0.60498047 -0.70654297
vn 0.140625 -0.98535156 -0.09686279
vn 0.23742676 -0.97021484 -0.047058105
vn 0.23657227 -0.9667969 -0.09686279
vn 0.042785645 -0.97998047 -0.19482422
vn 0.13867188 -0.9711914 -0.19482422
vn 0.2331543 -0.9526367 -0.19482422
vn -0.05218506 -0.9555664 -0.28979492
vn 0.041748047 -0.9560547 -0.28979492
vn 0.1352539 -0.9472656 -0.28979492
vn 0.22741699 -0.9296875 -0.28979492
vn -0.140625 -0.9135742 -0.38208008
vn -0.05038452 -0.92285156 -0.38208008
vn 0.04031372 -0.92333984 -0.38208008
vn 0.13061523 -0.91503906 -0.38208008
vn 0.21960449 -0.89746094 -0.38208008
vn -0.21899414 -0.8544922 -0.47070312
vn -0.13415527 -0.8720703 -0.47070312
vn -0.048095703 -0.8808594 -0.47070312
vn 0.038482666 -0.88134766 -0.47070312
vn 0.124694824 -0.87353516 -0.47070312
vn 0.2097168 -0.8569336 -0.47070312
vn -0.28442383 -0.7817383 -0.5546875
vn -0.20654297 -0.80566406 -0.5546875
vn -0.12658691 -0.8222656 -0.5546875
vn -0.04534912 -0.8305664 -0.5546875
vn 0.0362854 -0.8310547 -0.5546875
vn 0.11755371 -0.82373047 -0.5546875
vn 0.1977539 -0.80810547 -0.5546875
vn -0.26464844 -0.7270508 -0.63378906
vn -0.1920166 -0.7495117 -0.63378906
vn -0.11767578 -0.76464844 -0.63378906
vn -0.042175293 -0.77246094 -0.63378906
vn 0.03375244 -0.7729492 -0.63378906
vn 0.109313965 -0.765625 -0.63378906
vn 0.18383789 -0.75146484 -0.63378906
vn -0.30615234 -0.6381836 -0.70654297
vn -0.32958984 -0.54296875 -0.77246094
vn -0.24206543 -0.66503906 -0.70654297
vn -0.2746582 -0.5727539 -0.77246094
vn -0.28881836 -0.47583008 -0.8305664
vn -0.24072266 -0.5019531 -0.8305664
vn -0.21728516 -0.59716797 -0.77246094
vn -0.19042969 -0.5229492 -0.8305664
vn -0.17578125 -0.6855469 -0.70654297
vn -0.15771484 -0.6152344 -0.77246094
vn -0.1381836 -0.5390625 -0.8305664
vn -0.107666016 -0.69970703 -0.70654297
vn -0.09661865 -0.6279297 -0.77246094
vn -0.08465576 -0.55029297 -0.8305664
vn -0.03857422 -0.70703125 -0.70654297
vn -0.03463745 -0.63427734 -0.77246094
vn -0.030349731 -0.55566406 -0.8305664
vn 0.030883789 -0.70703125 -0.70654297
vn 0.027709961 -0.6347656 -0.77246094
vn 0.024276733 -0.55615234 -0.8305664
vn 0.10003662 -0.7006836 -0.70654297
vn 0.16821289 -0.6875 -0.70654297
vn 0.089782715 -0.62890625 -0.77246094
vn 0.07867432 -0.55126953 -0.8305664
vn 0.15100098 -0.6171875 -0.77246094
vn 0.13232422 -0.54052734 -0.8305664
vn -0.24511719 -0.40405273 -0.88134766
vn -0.28881836 -0.47583008 -0.8305664
vn -0.24072266 -0.5019531 -0.8305664
vn -0.2043457 -0.4260254 -0.88134766
vn -0.19921875 -0.32836914 -0.92333984
vn -0.19042969 -0.5229492 -0.8305664
vn -0.16601562 -0.3461914 -0.92333984
vn -0.15136719 -0.24938965 -0.95654297
vn -0.1616211 -0.4440918 -0.88134766
vn -0.1381836 -0.5390625 -0.8305664
vn -0.12609863 -0.26293945 -0.95654297
vn -0.101989746 -0.16809082 -0.98046875
vn -0.11730957 -0.45776367 -0.88134766
vn -0.08465576 -0.55029297 -0.8305664
vn -0.13134766 -0.36083984 -0.92333984
vn -0.08502197 -0.1772461 -0.98046875
vn -0.051635742 -0.08508301 -0.9951172
vn -0.043060303 -0.08972168 -0.9951172
vn -0.071899414 -0.46704102 -0.88134766
vn -0.030349731 -0.55566406 -0.8305664
vn -0.095336914 -0.3720703 -0.92333984
vn -0.099731445 -0.27416992 -0.95654297
vn -0.06719971 -0.18469238 -0.98046875
vn -0.0340271 -0.09350586 -0.9951172
vn -0.025756836 -0.47192383 -0.88134766
vn 0.024276733 -0.55615234 -0.8305664
vn -0.058410645 -0.37939453 -0.92333984
vn -0.072387695 -0.2824707 -0.95654297
vn -0.048797607 -0.19042969 -0.98046875
vn -0.02470398 -0.09643555 -0.9951172
vn 0.020614624 -0.47216797 -0.88134766
vn 0.07867432 -0.55126953 -0.8305664
vn -0.020935059 -0.38330078 -0.92333984
vn -0.04437256 -0.28833008 -0.95654297
vn -0.029907227 -0.19433594 -0.98046875
vn -0.015144348 -0.09838867 -0.9951172
vn 0.06677246 -0.46777344 -0.88134766
vn 0.13232422 -0.54052734 -0.8305664
vn 0.11230469 -0.45898438 -0.88134766
vn 0.01675415 -0.38354492 -0.92333984
vn -0.015899658 -0.29125977 -0.95654297
vn -0.010719299 -0.19628906 -0.98046875
vn -0.0054244995 -0.099365234 -0.9951172
vn 0.054260254 -0.38012695 -0.92333984
vn 0.09124756 -0.37304688 -0.92333984
vn 0.01272583 -0.2915039 -0.95654297
vn 0.008575439 -0.19641113 -0.98046875
vn 0.0043411255 -0.09942627 -0.9951172
vn 0.041229248 -0.28881836 -0.95654297
vn 0.06933594 -0.28344727 -0.95654297
vn 0.027786255 -0.19458008 -0.98046875
vn 0.0140686035 -0.09851074 -0.9951172
vn 0.046722412 -0.19091797 -0.98046875
vn 0.023651123 -0.09667969 -0.9951172
vn -0.4326172 -0.90185547 0
vn -0.5185547 -0.85498047 0
vn -0.5185547 -0.85498047 0
vn -0.4326172 -0.90185547 0
vn -0.34204102 -0.9394531 0
vn -0.34204102 -0.9394531 0
vn -0.24829102 -0.96875 0
vn -0.24829102 -0.96875 0
vn -0.15209961 -0.98828125 0
vn -0.15209961 -0.98828125 0
vn -0.054504395 -0.99853516 0
vn -0.054504395 -0.99853516 0
vn 0.04360962 -0.99902344 0
vn 0.04360962 -0.99902344 0
vn 0.14135742 -0.9897461 0
vn 0.14135742 -0.9897461 0
vn 0.2376709 -0.9711914 0
vn 0.2376709 -0.9711914 0
vn 0.029281616 -0.3149414 -0.94873047
vn 0.029281616 -0.3149414 -0.94873047
vn 0.029281616 -0.3149414 -0.94873047
vn 0.029281616 -0.3149414 -0.94873047
vn -0.0017251968 -0.3161621 -0.94873047
vn -0.0017251968 -0.3161621 -0.94873047
vn -0.0017223358 -0.3161621 -0.94873047
vn -0.0017223358 -0.3161621 -0.94873047
vn -0.032714844 -0.31445312 -0.94873047
vn -0.032714844 -0.31445312 -0.94873047
vn -0.032714844 -0.31445312 -0.94873047
vn -0.032714844 -0.31445312 -0.94873047
vn -0.06335449 -0.30981445 -0.94873047
vn -0.06335449 -0.30981445 -0.94873047
vn -0.06341553 -0.30981445 -0.94873047
vn -0.06341553 -0.30981445 -0.94873047
vn -0.093444824 -0.30200195 -0.94873047
vn -0.093444824 -0.30200195 -0.94873047
vn -0.093444824 -0.30200195 -0.94873047
vn -0.093444824 -0.30200195 -0.94873047
vn -0.12261963 -0.2915039 -0.94873047
vn -0.12261963 -0.2915039 -0.94873047
vn -0.12261963 -0.2915039 -0.94873047
vn -0.12261963 -0.2915039 -0.94873047
vn -0.15063477 -0.27807617 -0.94873047
vn -0.15063477 -0.27807617 -0.94873047
vn -0.15063477 -0.27807617 -0.94873047
vn -0.15063477 -0.27807617 -0.94873047
vn -0.15063477 -0.27807617 0.94873047
vn -0.15063477 -0.27807617 0.94873047
vn -0.15063477 -0.27807617 0.94873047
vn -0.15063477 -0.27807617 0.94873047
vn -0.12261963 -0.2915039 0.94873047
vn -0.12261963 -0.2915039 0.94873047
vn -0.12261963 -0.2915039 0.94873047
vn -0.12261963 -0.2915039 0.94873047
vn -0.093444824 -0.30200195 0.94873047
vn -0.093444824 -0.30200195 0.94873047
vn -0.093444824 -0.30200195 0.94873047
vn -0.093444824 -0.30200195 0.94873047
vn -0.06335449 -0.30981445 0.94873047
vn -0.06341553 -0.30981445 0.94873047
vn -0.06335449 -0.30981445 0.94873047
vn -0.06335449 -0.30981445 0.94873047
vn -0.032714844 -0.31445312 0.94873047
vn -0.032714844 -0.31445312 0.94873047
vn -0.032714844 -0.31445312 0.94873047
vn -0.032714844 -0.31445312 0.94873047
vn -0.0017223358 -0.3161621 0.94873047
vn -0.0017223358 -0.3161621 0.94873047
vn -0.0017251968 -0.3161621 0.94873047
vn -0.0017251968 -0.3161621 0.94873047
vn 0.029281616 -0.3149414 0.94873047
vn 0.029281616 -0.3149414 0.94873047
vn 0.029281616 -0.3149414 0.94873047
vn 0.029281616 -0.3149414 0.94873047
vn 0.05999756 -0.31054688 -0.94873047
vn 0.05999756 -0.31054688 -0.94873047
vn 0.05999756 -0.31054688 -0.94873047
vn 0.05999756 -0.31054688 -0.94873047
vn 0.05999756 -0.31054688 0.94873047
vn 0.05999756 -0.31054688 0.94873047
vn 0.05999756 -0.31054688 0.94873047
vn 0.05999756 -0.31054688 0.94873047
vn -0.19091797 -0.046722412 0.98046875
vn -0.09667969 -0.023651123 0.9951172
vn -0.09387207 -0.03302002 0.9951172
vn -0.1854248 -0.06518555 0.98046875
vn -0.28344727 -0.06933594 0.95654297
vn -0.09020996 -0.042053223 0.9951172
vn -0.27514648 -0.09674072 0.95654297
vn -0.37304688 -0.09124756 0.92333984
vn -0.17810059 -0.08306885 0.98046875
vn -0.085632324 -0.050689697 0.9951172
vn -0.3623047 -0.1274414 0.92333984
vn -0.45898438 -0.11230469 0.88134766
vn -0.16918945 -0.10015869 0.98046875
vn -0.08026123 -0.05886841 0.9951172
vn -0.2644043 -0.123291016 0.95654297
vn -0.44580078 -0.15673828 0.88134766
vn -0.54052734 -0.13232422 0.8305664
vn -0.15856934 -0.11621094 0.98046875
vn -0.07409668 -0.066467285 0.9951172
vn -0.25097656 -0.14855957 0.95654297
vn -0.3479004 -0.16223145 0.92333984
vn -0.52490234 -0.18469238 0.8305664
vn -0.6171875 -0.15100098 0.77246094
vn -0.5991211 -0.21081543 0.77246094
vn -0.1463623 -0.13122559 0.98046875
vn -0.06726074 -0.07336426 0.9951172
vn -0.42822266 -0.19970703 0.88134766
vn -0.50439453 -0.23522949 0.8305664
vn -0.5756836 -0.2685547 0.77246094
vn -0.23522949 -0.17248535 0.95654297
vn -0.33032227 -0.19555664 0.92333984
vn -0.1328125 -0.14489746 0.98046875
vn -0.0597229 -0.07965088 0.9951172
vn -0.40673828 -0.24072266 0.88134766
vn -0.4790039 -0.28344727 0.8305664
vn -0.546875 -0.32373047 0.77246094
vn -0.21716309 -0.19470215 0.95654297
vn -0.3095703 -0.22705078 0.92333984
vn -0.11798096 -0.15722656 0.98046875
vn -0.051635742 -0.08508301 0.9951172
vn -0.101989746 -0.16809082 0.98046875
vn -0.38110352 -0.27954102 0.88134766
vn -0.4489746 -0.32910156 0.8305664
vn -0.51220703 -0.37573242 0.77246094
vn -0.19702148 -0.21508789 0.95654297
vn -0.17504883 -0.23327637 0.95654297
vn -0.15136719 -0.24938965 0.95654297
vn -0.28588867 -0.25634766 0.92333984
vn -0.35180664 -0.3154297 0.88134766
vn -0.41455078 -0.37158203 0.8305664
vn -0.47314453 -0.42407227 0.77246094
vn -0.25952148 -0.28320312 0.92333984
vn -0.23046875 -0.3071289 0.92333984
vn -0.19921875 -0.32836914 0.92333984
vn -0.31933594 -0.34838867 0.88134766
vn -0.37597656 -0.4104004 0.8305664
vn -0.42919922 -0.46850586 0.77246094
vn -0.2836914 -0.3779297 0.88134766
vn -0.24511719 -0.40405273 0.88134766
vn -0.33398438 -0.4453125 0.8305664
vn -0.38134766 -0.5083008 0.77246094
vn -0.28881836 -0.47583008 0.8305664
vn -0.32958984 -0.54296875 0.77246094
vn -0.6875 -0.16821289 0.70654297
vn -0.6171875 -0.15100098 0.77246094
vn -0.5991211 -0.21081543 0.77246094
vn -0.66796875 -0.23486328 0.70654297
vn -0.75146484 -0.18383789 0.63378906
vn -0.5756836 -0.2685547 0.77246094
vn -0.72998047 -0.2565918 0.63378906
vn -0.80810547 -0.1977539 0.5546875
vn -0.64160156 -0.29907227 0.70654297
vn -0.546875 -0.32373047 0.77246094
vn -0.78466797 -0.2758789 0.5546875
vn -0.8569336 -0.2097168 0.47070312
vn -0.609375 -0.3605957 0.70654297
vn -0.51220703 -0.37573242 0.77246094
vn -0.7011719 -0.3269043 0.63378906
vn -0.83251953 -0.2927246 0.47070312
vn -0.89746094 -0.21960449 0.38208008
vn -0.5708008 -0.41845703 0.70654297
vn -0.47314453 -0.42407227 0.77246094
vn -0.66552734 -0.39404297 0.63378906
vn -0.75390625 -0.3515625 0.5546875
vn -0.87158203 -0.30664062 0.38208008
vn -0.9296875 -0.22741699 0.28979492
vn -0.52685547 -0.4724121 0.70654297
vn -0.42919922 -0.46850586 0.77246094
vn -0.7998047 -0.37280273 0.47070312
vn -0.62402344 -0.45751953 0.63378906
vn -0.7158203 -0.42382812 0.5546875
vn -0.90283203 -0.31762695 0.28979492
vn -0.9526367 -0.2331543 0.19482422
vn -0.47827148 -0.52197266 0.70654297
vn -0.38134766 -0.5083008 0.77246094
vn -0.83740234 -0.390625 0.38208008
vn -0.75927734 -0.4494629 0.47070312
vn -0.5761719 -0.51660156 0.63378906
vn -0.67089844 -0.49194336 0.5546875
vn -0.92529297 -0.32543945 0.19482422
vn -0.9667969 -0.23657227 0.09686279
vn -0.4248047 -0.56640625 0.70654297
vn -0.32958984 -0.54296875 0.77246094
vn -0.3671875 -0.60498047 0.70654297
vn -0.52246094 -0.5703125 0.63378906
vn -0.46435547 -0.61865234 0.63378906
vn -0.4013672 -0.6616211 0.63378906
vn -0.6196289 -0.5551758 0.5546875
vn -0.5620117 -0.61328125 0.5546875
vn -0.49926758 -0.66552734 0.5546875
vn -0.43164062 -0.7114258 0.5546875
vn -0.7114258 -0.5214844 0.47070312
vn -0.6567383 -0.5888672 0.47070312
vn -0.5961914 -0.6503906 0.47070312
vn -0.5292969 -0.7055664 0.47070312
vn -0.45776367 -0.75439453 0.47070312
vn -0.79541016 -0.47070312 0.38208008
vn -0.7451172 -0.5463867 0.38208008
vn -0.6879883 -0.6166992 0.38208008
vn -0.6245117 -0.68115234 0.38208008
vn -0.5546875 -0.7392578 0.38208008
vn -0.4794922 -0.79003906 0.38208008
vn -0.8671875 -0.40454102 0.28979492
vn -0.82373047 -0.48754883 0.28979492
vn -0.77197266 -0.56591797 0.28979492
vn -0.71240234 -0.6386719 0.28979492
vn -0.6464844 -0.7055664 0.28979492
vn -0.57421875 -0.765625 0.28979492
vn -0.49658203 -0.8183594 0.28979492
vn -0.88916016 -0.41455078 0.19482422
vn -0.8442383 -0.49975586 0.19482422
vn -0.7910156 -0.5800781 0.19482422
vn -0.73046875 -0.65478516 0.19482422
vn -0.66259766 -0.72314453 0.19482422
vn -0.5883789 -0.78466797 0.19482422
vn -0.50878906 -0.8383789 0.19482422
vn -0.93896484 -0.33007812 0.09686279
vn -0.97021484 -0.23742676 0.047058105
vn -0.9423828 -0.33129883 0.047058105
vn -0.90185547 -0.4206543 0.09686279
vn -0.90527344 -0.42211914 0.047058105
vn -0.8564453 -0.50683594 0.09686279
vn -0.859375 -0.50878906 0.047058105
vn -0.8027344 -0.5883789 0.09686279
vn -0.80566406 -0.5908203 0.047058105
vn -0.74121094 -0.6645508 0.09686279
vn -0.74365234 -0.6669922 0.047058105
vn -0.6723633 -0.7338867 0.09686279
vn -0.6748047 -0.7363281 0.047058105
vn -0.59716797 -0.7963867 0.09686279
vn -0.5996094 -0.7988281 0.047058105
vn -0.5161133 -0.8510742 0.09686279
vn -0.5180664 -0.8540039 0.047058105
vn -0.9667969 -0.23657227 -0.09686279
vn -0.97021484 -0.23742676 -0.047058105
vn -0.9423828 -0.33129883 -0.047058105
vn -0.93896484 -0.33007812 -0.09686279
vn -0.9526367 -0.2331543 -0.19482422
vn -0.90527344 -0.42211914 -0.047058105
vn -0.92529297 -0.32543945 -0.19482422
vn -0.9296875 -0.22741699 -0.28979492
vn -0.90185547 -0.4206543 -0.09686279
vn -0.859375 -0.50878906 -0.047058105
vn -0.90283203 -0.31762695 -0.28979492
vn -0.89746094 -0.21960449 -0.38208008
vn -0.8564453 -0.50683594 -0.09686279
vn -0.80566406 -0.5908203 -0.047058105
vn -0.88916016 -0.41455078 -0.19482422
vn -0.87158203 -0.30664062 -0.38208008
vn -0.8569336 -0.2097168 -0.47070312
vn -0.8027344 -0.5883789 -0.09686279
vn -0.74365234 -0.6669922 -0.047058105
vn -0.8442383 -0.49975586 -0.19482422
vn -0.8671875 -0.40454102 -0.28979492
vn -0.83251953 -0.2927246 -0.47070312
vn -0.80810547 -0.1977539 -0.5546875
vn -0.74121094 -0.6645508 -0.09686279
vn -0.6748047 -0.7363281 -0.047058105
vn -0.83740234 -0.390625 -0.38208008
vn -0.7910156 -0.5800781 -0.19482422
vn -0.82373047 -0.48754883 -0.28979492
vn -0.78466797 -0.2758789 -0.5546875
vn -0.75146484 -0.18383789 -0.63378906
vn -0.6723633 -0.7338867 -0.09686279
vn -0.5996094 -0.7988281 -0.047058105
vn -0.7998047 -0.37280273 -0.47070312
vn -0.79541016 -0.47070312 -0.38208008
vn -0.73046875 -0.65478516 -0.19482422
vn -0.77197266 -0.56591797 -0.28979492
vn -0.72998047 -0.2565918 -0.63378906
vn -0.6875 -0.16821289 -0.70654297
vn -0.59716797 -0.7963867 -0.09686279
vn -0.5180664 -0.8540039 -0.047058105
vn -0.5161133 -0.8510742 -0.09686279
vn -0.66259766 -0.72314453 -0.19482422
vn -0.5883789 -0.78466797 -0.19482422
vn -0.50878906 -0.8383789 -0.19482422
vn -0.71240234 -0.6386719 -0.28979492
vn -0.6464844 -0.7055664 -0.28979492
vn -0.57421875 -0.765625 -0.28979492
vn -0.49658203 -0.8183594 -0.28979492
vn -0.7451172 -0.5463867 -0.38208008
vn -0.6879883 -0.6166992 -0.38208008
vn -0.6245117 -0.68115234 -0.38208008
vn -0.5546875 -0.7392578 -0.38208008
vn -0.4794922 -0.79003906 -0.38208008
vn -0.75927734 -0.4494629 -0.47070312
vn -0.7114258 -0.5214844 -0.47070312
vn -0.6567383 -0.5888672 -0.47070312
vn -0.5961914 -0.6503906 -0.47070312
vn -0.5292969 -0.7055664 -0.47070312
vn -0.45776367 -0.75439453 -0.47070312
vn -0.75390625 -0.3515625 -0.5546875
vn -0.7158203 -0.42382812 -0.5546875
vn -0.67089844 -0.49194336 -0.5546875
vn -0.6196289 -0.5551758 -0.5546875
vn -0.5620117 -0.61328125 -0.5546875
vn -0.49926758 -0.66552734 -0.5546875
vn -0.43164062 -0.7114258 -0.5546875
vn -0.7011719 -0.3269043 -0.63378906
vn -0.66552734 -0.39404297 -0.63378906
vn -0.62402344 -0.45751953 -0.63378906
vn -0.5761719 -0.51660156 -0.63378906
vn -0.52246094 -0.5703125 -0.63378906
vn -0.46435547 -0.61865234 -0.63378906
vn -0.4013672 -0.6616211 -0.63378906
vn -0.66796875 -0.23486328 -0.70654297
vn -0.6171875 -0.15100098 -0.77246094
vn -0.64160156 -0.29907227 -0.70654297
vn -0.5991211 -0.21081543 -0.77246094
vn -0.54052734 -0.13232422 -0.8305664
vn -0.52490234 -0.18469238 -0.8305664
vn -0.5756836 -0.2685547 -0.77246094
vn -0.50439453 -0.23522949 -0.8305664
vn -0.609375 -0.3605957 -0.70654297
vn -0.546875 -0.32373047 -0.77246094
vn -0.4790039 -0.28344727 -0.8305664
vn -0.5708008 -0.41845703 -0.70654297
vn -0.51220703 -0.37573242 -0.77246094
vn -0.4489746 -0.32910156 -0.8305664
vn -0.52685547 -0.4724121 -0.70654297
vn -0.47314453 -0.42407227 -0.77246094
vn -0.41455078 -0.37158203 -0.8305664
vn -0.47827148 -0.52197266 -0.70654297
vn -0.42919922 -0.46850586 -0.77246094
vn -0.37597656 -0.4104004 -0.8305664
vn -0.4248047 -0.56640625 -0.70654297
vn -0.3671875 -0.60498047 -0.70654297
vn -0.38134766 -0.5083008 -0.77246094
vn -0.33398438 -0.4453125 -0.8305664
vn -0.32958984 -0.54296875 -0.77246094
vn -0.28881836 -0.47583008 -0.8305664
vn -0.45898438 -0.11230469 -0.88134766
vn -0.54052734 -0.13232422 -0.8305664
vn -0.52490234 -0.18469238 -0.8305664
vn -0.44580078 -0.15673828 -0.88134766
vn -0.37304688 -0.09124756 -0.92333984
vn -0.50439453 -0.23522949 -0.8305664
vn -0.3623047 -0.1274414 -0.92333984
vn -0.28344727 -0.06933594 -0.95654297
vn -0.42822266 -0.19970703 -0.88134766
vn -0.4790039 -0.28344727 -0.8305664
vn -0.27514648 -0.09674072 -0.95654297
vn -0.19091797 -0.046722412 -0.98046875
vn -0.40673828 -0.24072266 -0.88134766
vn -0.4489746 -0.32910156 -0.8305664
vn -0.3479004 -0.16223145 -0.92333984
vn -0.1854248 -0.06518555 -0.98046875
vn -0.09667969 -0.023651123 -0.9951172
vn -0.09387207 -0.03302002 -0.9951172
vn -0.38110352 -0.27954102 -0.88134766
vn -0.41455078 -0.37158203 -0.8305664
vn -0.33032227 -0.19555664 -0.92333984
vn -0.2644043 -0.123291016 -0.95654297
vn -0.17810059 -0.08306885 -0.98046875
vn -0.09020996 -0.042053223 -0.9951172
vn -0.35180664 -0.3154297 -0.88134766
vn -0.37597656 -0.4104004 -0.8305664
vn -0.3095703 -0.22705078 -0.92333984
vn -0.25097656 -0.14855957 -0.95654297
vn -0.16918945 -0.10015869 -0.98046875
vn -0.085632324 -0.050689697 -0.9951172
vn -0.31933594 -0.34838867 -0.88134766
vn -0.33398438 -0.4453125 -0.8305664
vn -0.28588867 -0.25634766 -0.92333984
vn -0.23522949 -0.17248535 -0.95654297
vn -0.15856934 -0.11621094 -0.98046875
vn -0.08026123 -0.05883789 -0.9951172
vn -0.2836914 -0.3779297 -0.88134766
vn -0.28881836 -0.47583008 -0.8305664
vn -0.24511719 -0.40405273 -0.88134766
vn -0.25952148 -0.28320312 -0.92333984
vn -0.21716309 -0.19470215 -0.95654297
vn -0.1463623 -0.13122559 -0.98046875
vn -0.07409668 -0.066467285 -0.9951172
vn -0.23046875 -0.3071289 -0.92333984
vn -0.19921875 -0.32836914 -0.92333984
vn -0.19702148 -0.21508789 -0.95654297
vn -0.1328125 -0.14489746 -0.98046875
vn -0.06726074 -0.07336426 -0.9951172
vn -0.17504883 -0.23327637 -0.95654297
vn -0.15136719 -0.24938965 -0.95654297
vn -0.11798096 -0.15722656 -0.98046875
vn -0.0597229 -0.079589844 -0.9951172
vn -0.101989746 -0.16809082 -0.98046875
vn -0.051635742 -0.08508301 -0.9951172
vn -0.9433594 -0.3317871 0
vn -0.9711914 -0.2376709 0
vn -0.9711914 -0.2376709 0
vn -0.9433594 -0.3317871 0
vn -0.90625 -0.42260742 0
vn -0.90625 -0.42260742 0
vn -0.86035156 -0.50927734 0
vn -0.86035156 -0.50927734 0
vn -0.8066406 -0.5913086 0
vn -0.8066406 -0.5913086 0
vn -0.7446289 -0.66748047 0
vn -0.7446289 -0.66748047 0
vn -0.67578125 -0.7373047 0
vn -0.67578125 -0.7373047 0
vn -0.60009766 -0.7998047 0
vn -0.60009766 -0.7998047 0
vn -0.5185547 -0.85498047 0
vn -0.5185547 -0.85498047 0
vn -0.2019043 -0.24328613 -0.94873047
vn -0.2019043 -0.24328613 -0.94873047
vn -0.2019043 -0.24328613 -0.94873047
vn -0.2019043 -0.24328613 -0.94873047
vn -0.22485352 -0.22241211 -0.94873047
vn -0.22485352 -0.22241211 -0.94873047
vn -0.22485352 -0.22241211 -0.94873047
vn -0.22485352 -0.22241211 -0.94873047
vn -0.2454834 -0.19921875 -0.94873047
vn -0.2454834 -0.19921875 -0.94873047
vn -0.24560547 -0.19921875 -0.94873047
vn -0.24560547 -0.19921875 -0.94873047
vn -0.26391602 -0.17419434 -0.94873047
vn -0.26391602 -0.17419434 -0.94873047
vn -0.26391602 -0.17419434 -0.94873047
vn -0.26391602 -0.17419434 -0.94873047
vn -0.27978516 -0.14758301 -0.94873047
vn -0.27978516 -0.14758301 -0.94873047
vn -0.27978516 -0.14758301 -0.94873047
vn -0.27978516 -0.14758301 -0.94873047
vn -0.2927246 -0.119384766 -0.94873047
vn -0.2927246 -0.119384766 -0.94873047
vn -0.2927246 -0.1194458 -0.94873047
vn -0.2927246 -0.1194458 -0.94873047
vn -0.30297852 -0.090148926 -0.94873047
vn -0.30297852 -0.090148926 -0.94873047
vn -0.30297852 -0.090148926 -0.94873047
vn -0.30297852 -0.090148926 -0.94873047
vn -0.30297852 -0.090148926 0.94873047
vn -0.30297852 -0.090148926 0.94873047
vn -0.30297852 -0.090148926 0.94873047
vn -0.30297852 -0.090148926 0.94873047
vn -0.2927246 -0.1194458 0.94873047
vn -0.2927246 -0.1194458 0.94873047
vn -0.2927246 -0.119384766 0.94873047
vn -0.2927246 -0.119384766 0.94873047
vn -0.27978516 -0.14758301 0.94873047
vn -0.27978516 -0.14758301 0.94873047
vn -0.27978516 -0.14758301 0.94873047
vn -0.27978516 -0.14758301 0.94873047
vn -0.26391602 -0.17419434 0.94873047
vn -0.26391602 -0.17419434 0.94873047
vn -0.26391602 -0.17419434 0.94873047
vn -0.26391602 -0.17419434 0.94873047
vn -0.24560547 -0.19921875 0.94873047
vn -0.24560547 -0.19921875 0.94873047
vn -0.2454834 -0.19921875 0.94873047
vn -0.2454834 -0.19921875 0.94873047
vn -0.22485352 -0.22241211 0.94873047
vn -0.22485352 -0.22241211 0.94873047
vn -0.22485352 -0.22241211 0.94873047
vn -0.22485352 -0.22241211 0.94873047
vn -0.2019043 -0.24328613 0.94873047
vn -0.2019043 -0.24328613 0.94873047
vn -0.2019043 -0.24328613 0.94873047
vn -0.2019043 -0.24328613 0.94873047
vn -0.17712402 -0.2619629 -0.94873047
vn -0.17712402 -0.2619629 -0.94873047
vn -0.17712402 -0.2619629 -0.94873047
vn -0.17712402 -0.2619629 -0.94873047
vn -0.17712402 -0.2619629 0.94873047
vn -0.17712402 -0.2619629 0.94873047
vn -0.17712402 -0.2619629 0.94873047
vn -0.17712402 -0.2619629 0.94873047
vn -0.16809082 0.101989746 0.98046875
vn -0.08508301 0.051635742 0.9951172
vn -0.08972168 0.043060303 0.9951172
vn -0.1772461 0.08502197 0.98046875
vn -0.24938965 0.15136719 0.95654297
vn -0.09350586 0.0340271 0.9951172
vn -0.26293945 0.12609863 0.95654297
vn -0.32836914 0.19921875 0.92333984
vn -0.18469238 0.06719971 0.98046875
vn -0.09643555 0.02470398 0.9951172
vn -0.3461914 0.16601562 0.92333984
vn -0.40405273 0.24511719 0.88134766
vn -0.19042969 0.048797607 0.98046875
vn -0.09838867 0.015144348 0.9951172
vn -0.27416992 0.099731445 0.95654297
vn -0.4260254 0.2043457 0.88134766
vn -0.47583008 0.28881836 0.8305664
vn -0.19433594 0.029907227 0.98046875
vn -0.099365234 0.0054244995 0.9951172
vn -0.2824707 0.072387695 0.95654297
vn -0.36083984 0.13134766 0.92333984
vn -0.5019531 0.24072266 0.8305664
vn -0.54296875 0.32958984 0.77246094
vn -0.5727539 0.2746582 0.77246094
vn -0.19628906 0.01071167 0.98046875
vn -0.09942627 -0.0043411255 0.9951172
vn -0.4440918 0.1616211 0.88134766
vn -0.5229492 0.19042969 0.8305664
vn -0.59716797 0.21728516 0.77246094
vn -0.28833008 0.04437256 0.95654297
vn -0.3720703 0.095336914 0.92333984
vn -0.19641113 -0.008575439 0.98046875
vn -0.09851074 -0.0140686035 0.9951172
vn -0.45776367 0.11730957 0.88134766
vn -0.5390625 0.1381836 0.8305664
vn -0.6152344 0.15771484 0.77246094
vn -0.29125977 0.015899658 0.95654297
vn -0.37939453 0.058410645 0.92333984
vn -0.19458008 -0.027786255 0.98046875
vn -0.09667969 -0.023651123 0.9951172
vn -0.19091797 -0.046722412 0.98046875
vn -0.46704102 0.071899414 0.88134766
vn -0.55029297 0.08465576 0.8305664
vn -0.6279297 0.09661865 0.77246094
vn -0.2915039 -0.01272583 0.95654297
vn -0.28881836 -0.041229248 0.95654297
vn -0.28344727 -0.06933594 0.95654297
vn -0.38330078 0.020935059 0.92333984
vn -0.47192383 0.025756836 0.88134766
vn -0.55566406 0.030349731 0.8305664
vn -0.63427734 0.03463745 0.77246094
vn -0.38354492 -0.01675415 0.92333984
vn -0.38012695 -0.054260254 0.92333984
vn -0.37304688 -0.09124756 0.92333984
vn -0.47216797 -0.020614624 0.88134766
vn -0.55615234 -0.024276733 0.8305664
vn -0.6347656 -0.027709961 0.77246094
vn -0.46777344 -0.06677246 0.88134766
vn -0.45898438 -0.11230469 0.88134766
vn -0.55126953 -0.07867432 0.8305664
vn -0.62890625 -0.089782715 0.77246094
vn -0.54052734 -0.13232422 0.8305664
vn -0.6171875 -0.15100098 0.77246094
vn -0.60498047 0.3671875 0.70654297
vn -0.54296875 0.32958984 0.77246094
vn -0.5727539 0.2746582 0.77246094
vn -0.6381836 0.30615234 0.70654297
vn -0.6616211 0.4013672 0.63378906
vn -0.59716797 0.21728516 0.77246094
vn -0.6977539 0.33447266 0.63378906
vn -0.7114258 0.43164062 0.5546875
vn -0.66503906 0.24206543 0.70654297
vn -0.6152344 0.15771484 0.77246094
vn -0.75 0.35986328 0.5546875
vn -0.75439453 0.45776367 0.47070312
vn -0.6855469 0.17578125 0.70654297
vn -0.6279297 0.09661865 0.77246094
vn -0.7270508 0.26464844 0.63378906
vn -0.79541016 0.3815918 0.47070312
vn -0.79003906 0.4794922 0.38208008
vn -0.69970703 0.107666016 0.70654297
vn -0.63427734 0.03463745 0.77246094
vn -0.7495117 0.1920166 0.63378906
vn -0.7817383 0.28442383 0.5546875
vn -0.8330078 0.3996582 0.38208008
vn -0.8183594 0.49658203 0.28979492
vn -0.70703125 0.03857422 0.70654297
vn -0.6347656 -0.027709961 0.77246094
vn -0.82910156 0.3017578 0.47070312
vn -0.76464844 0.11767578 0.63378906
vn -0.80566406 0.20654297 0.5546875
vn -0.86279297 0.41381836 0.28979492
vn -0.8383789 0.50878906 0.19482422
vn -0.70703125 -0.030883789 0.70654297
vn -0.62890625 -0.089782715 0.77246094
vn -0.86816406 0.3161621 0.38208008
vn -0.8544922 0.21899414 0.47070312
vn -0.77246094 0.042175293 0.63378906
vn -0.8222656 0.12658691 0.5546875
vn -0.88427734 0.4243164 0.19482422
vn -0.8510742 0.5161133 0.09686279
vn -0.7006836 -0.10003662 0.70654297
vn -0.6171875 -0.15100098 0.77246094
vn -0.6875 -0.16821289 0.70654297
vn -0.7729492 -0.03375244 0.63378906
vn -0.765625 -0.109313965 0.63378906
vn -0.75146484 -0.18383789 0.63378906
vn -0.8305664 0.04534912 0.5546875
vn -0.8310547 -0.0362854 0.5546875
vn -0.82373047 -0.11755371 0.5546875
vn -0.80810547 -0.1977539 0.5546875
vn -0.8720703 0.13415527 0.47070312
vn -0.8808594 0.048095703 0.47070312
vn -0.88134766 -0.038482666 0.47070312
vn -0.87353516 -0.124694824 0.47070312
vn -0.8569336 -0.2097168 0.47070312
vn -0.89501953 0.22937012 0.38208008
vn -0.9135742 0.140625 0.38208008
vn -0.92285156 0.05038452 0.38208008
vn -0.92333984 -0.04031372 0.38208008
vn -0.91503906 -0.13061523 0.38208008
vn -0.89746094 -0.21960449 0.38208008
vn -0.89941406 0.32739258 0.28979492
vn -0.9272461 0.2376709 0.28979492
vn -0.9458008 0.14562988 0.28979492
vn -0.9555664 0.05218506 0.28979492
vn -0.9560547 -0.041748047 0.28979492
vn -0.9472656 -0.1352539 0.28979492
vn -0.9296875 -0.22741699 0.28979492
vn -0.921875 0.33544922 0.19482422
vn -0.9501953 0.24353027 0.19482422
vn -0.9692383 0.14916992 0.19482422
vn -0.9794922 0.053466797 0.19482422
vn -0.97998047 -0.042785645 0.19482422
vn -0.9711914 -0.13867188 0.19482422
vn -0.9526367 -0.2331543 0.19482422
vn -0.89746094 0.43041992 0.09686279
vn -0.8540039 0.5180664 0.047058105
vn -0.9008789 0.4321289 0.047058105
vn -0.9350586 0.34033203 0.09686279
vn -0.93847656 0.34155273 0.047058105
vn -0.96435547 0.24707031 0.09686279
vn -0.96777344 0.24804688 0.047058105
vn -0.9838867 0.15136719 0.09686279
vn -0.9873047 0.15197754 0.047058105
vn -0.99365234 0.054260254 0.09686279
vn -0.9975586 0.05444336 0.047058105
vn -0.9941406 -0.043426514 0.09686279
vn -0.9980469 -0.0435791 0.047058105
vn -0.98535156 -0.140625 0.09686279
vn -0.98876953 -0.14123535 0.047058105
vn -0.9667969 -0.23657227 0.09686279
vn -0.97021484 -0.23742676 0.047058105
vn -0.8510742 0.5161133 -0.09686279
vn -0.8540039 0.5180664 -0.047058105
vn -0.9008789 0.4321289 -0.047058105
vn -0.89746094 0.43041992 -0.09686279
vn -0.8383789 0.50878906 -0.19482422
vn -0.93847656 0.34155273 -0.047058105
vn -0.88427734 0.4243164 -0.19482422
vn -0.8183594 0.49658203 -0.28979492
vn -0.9350586 0.34033203 -0.09686279
vn -0.96777344 0.24804688 -0.047058105
vn -0.86279297 0.41381836 -0.28979492
vn -0.79003906 0.4794922 -0.38208008
vn -0.96435547 0.24707031 -0.09686279
vn -0.9873047 0.15197754 -0.047058105
vn -0.921875 0.33544922 -0.19482422
vn -0.8330078 0.3996582 -0.38208008
vn -0.75439453 0.45776367 -0.47070312
vn -0.9838867 0.15136719 -0.09686279
vn -0.9975586 0.05444336 -0.047058105
vn -0.9501953 0.24353027 -0.19482422
vn -0.89941406 0.32739258 -0.28979492
vn -0.79541016 0.3815918 -0.47070312
vn -0.7114258 0.43164062 -0.5546875
vn -0.99365234 0.054260254 -0.09686279
vn -0.9980469 -0.0435791 -0.047058105
vn -0.86816406 0.3161621 -0.38208008
vn -0.9692383 0.14916992 -0.19482422
vn -0.9272461 0.2376709 -0.28979492
vn -0.75 0.35986328 -0.5546875
vn -0.6616211 0.4013672 -0.63378906
vn -0.9941406 -0.043426514 -0.09686279
vn -0.98876953 -0.14123535 -0.047058105
vn -0.82910156 0.3017578 -0.47070312
vn -0.89501953 0.22937012 -0.38208008
vn -0.9794922 0.053466797 -0.19482422
vn -0.9458008 0.14562988 -0.28979492
vn -0.6977539 0.33447266 -0.63378906
vn -0.60498047 0.3671875 -0.70654297
vn -0.98535156 -0.140625 -0.09686279
vn -0.97021484 -0.23742676 -0.047058105
vn -0.9667969 -0.23657227 -0.09686279
vn -0.97998047 -0.042785645 -0.19482422
vn -0.9711914 -0.13867188 -0.19482422
vn -0.9526367 -0.2331543 -0.19482422
vn -0.9555664 0.05218506 -0.28979492
vn -0.9560547 -0.041748047 -0.28979492
vn -0.9472656 -0.1352539 -0.28979492
vn -0.9296875 -0.22741699 -0.28979492
vn -0.9135742 0.140625 -0.38208008
vn -0.92285156 0.05038452 -0.38208008
vn -0.92333984 -0.04031372 -0.38208008
vn -0.91503906 -0.13061523 -0.38208008
vn -0.89746094 -0.21960449 -0.38208008
vn -0.8544922 0.21899414 -0.47070312
vn -0.8720703 0.13415527 -0.47070312
vn -0.8808594 0.048095703 -0.47070312
vn -0.88134766 -0.038482666 -0.47070312
vn -0.87353516 -0.124694824 -0.47070312
vn -0.8569336 -0.2097168 -0.47070312
vn -0.7817383 0.28442383 -0.5546875
vn -0.80566406 0.20654297 -0.5546875
vn -0.8222656 0.12658691 -0.5546875
vn -0.8305664 0.04534912 -0.5546875
vn -0.8310547 -0.0362854 -0.5546875
vn -0.82373047 -0.11755371 -0.5546875
vn -0.80810547 -0.1977539 -0.5546875
vn -0.7270508 0.26464844 -0.63378906
vn -0.7495117 0.1920166 -0.63378906
vn -0.76464844 0.11767578 -0.63378906
vn -0.77246094 0.042175293 -0.63378906
vn -0.7729492 -0.03375244 -0.63378906
vn -0.765625 -0.109313965 -0.63378906
vn -0.75146484 -0.18383789 -0.63378906
vn -0.6381836 0.30615234 -0.70654297
vn -0.54296875 0.32958984 -0.77246094
vn -0.66503906 0.24206543 -0.70654297
vn -0.5727539 0.2746582 -0.77246094
vn -0.47583008 0.28881836 -0.8305664
vn -0.5019531 0.24072266 -0.8305664
vn -0.59716797 0.21728516 -0.77246094
vn -0.5229492 0.19042969 -0.8305664
vn -0.6855469 0.17578125 -0.70654297
vn -0.6152344 0.15771484 -0.77246094
vn -0.5390625 0.1381836 -0.8305664
vn -0.69970703 0.107666016 -0.70654297
vn -0.6279297 0.09661865 -0.77246094
vn -0.55029297 0.08465576 -0.8305664
vn -0.70703125 0.03857422 -0.70654297
vn -0.63427734 0.03463745 -0.77246094
vn -0.55566406 0.030349731 -0.8305664
vn -0.70703125 -0.030883789 -0.70654297
vn -0.6347656 -0.027709961 -0.77246094
vn -0.55615234 -0.024276733 -0.8305664
vn -0.7006836 -0.10003662 -0.70654297
vn -0.6875 -0.16821289 -0.70654297
vn -0.62890625 -0.089782715 -0.77246094
vn -0.55126953 -0.07867432 -0.8305664
vn -0.6171875 -0.15100098 -0.77246094
vn -0.54052734 -0.13232422 -0.8305664
vn -0.40405273 0.24511719 -0.88134766
vn -0.47583008 0.28881836 -0.8305664
vn -0.5019531 0.24072266 -0.8305664
vn -0.4260254 0.2043457 -0.88134766
vn -0.32836914 0.19921875 -0.92333984
vn -0.5229492 0.19042969 -0.8305664
vn -0.3461914 0.16601562 -0.92333984
vn -0.24938965 0.15136719 -0.95654297
vn -0.4440918 0.1616211 -0.88134766
vn -0.5390625 0.1381836 -0.8305664
vn -0.26293945 0.12609863 -0.95654297
vn -0.16809082 0.101989746 -0.98046875
vn -0.45776367 0.11730957 -0.88134766
vn -0.55029297 0.08465576 -0.8305664
vn -0.36083984 0.13134766 -0.92333984
vn -0.1772461 0.08502197 -0.98046875
vn -0.08508301 0.051635742 -0.9951172
vn -0.08972168 0.043060303 -0.9951172
vn -0.46704102 0.071899414 -0.88134766
vn -0.55566406 0.030349731 -0.8305664
vn -0.3720703 0.095336914 -0.92333984
vn -0.27416992 0.099731445 -0.95654297
vn -0.18469238 0.06719971 -0.98046875
vn -0.09350586 0.0340271 -0.9951172
vn -0.47192383 0.025756836 -0.88134766
vn -0.55615234 -0.024276733 -0.8305664
vn -0.37939453 0.058410645 -0.92333984
vn -0.2824707 0.072387695 -0.95654297
vn -0.19042969 0.048797607 -0.98046875
vn -0.09643555 0.02470398 -0.9951172
vn -0.47216797 -0.020614624 -0.88134766
vn -0.55126953 -0.07867432 -0.8305664
vn -0.38330078 0.020935059 -0.92333984
vn -0.28833008 0.04437256 -0.95654297
vn -0.19433594 0.029907227 -0.98046875
vn -0.09838867 0.015144348 -0.9951172
vn -0.46777344 -0.06677246 -0.88134766
vn -0.54052734 -0.13232422 -0.8305664
vn -0.45898438 -0.11230469 -0.88134766
vn -0.38354492 -0.01675415 -0.92333984
vn -0.29125977 0.015899658 -0.95654297
vn -0.19628906 0.010719299 -0.98046875
vn -0.099365234 0.0054244995 -0.9951172
vn -0.38012695 -0.054260254 -0.92333984
vn -0.37304688 -0.09124756 -0.92333984
vn -0.2915039 -0.01272583 -0.95654297
vn -0.19641113 -0.008575439 -0.98046875
vn -0.09942627 -0.0043411255 -0.9951172
vn -0.28881836 -0.041229248 -0.95654297
vn -0.28344727 -0.06933594 -0.95654297
vn -0.19458008 -0.027786255 -0.98046875
vn -0.09851074 -0.0140686035 -0.9951172
vn -0.19091797 -0.046722412 -0.98046875
vn -0.09667969 -0.023651123 -0.9951172
vn -0.90185547 0.4326172 0
vn -0.85498047 0.5185547 0
vn -0.85498047 0.5185547 0
vn -0.90185547 0.4326172 0
vn -0.9394531 0.34204102 0
vn -0.9394531 0.34204102 0
vn -0.96875 0.24829102 0
vn -0.96875 0.24829102 0
vn -0.98828125 0.15209961 0
vn -0.98828125 0.15209961 0
vn -0.99853516 0.054504395 0
vn -0.99853516 0.054504395 0
vn -0.99902344 -0.04360962 0
vn -0.99902344 -0.04360962 0
vn -0.9897461 -0.14135742 0
vn -0.9897461 -0.14135742 0
vn -0.9711914 -0.2376709 0
vn -0.9711914 -0.2376709 0
vn -0.3149414 -0.029281616 -0.94873047
vn -0.3149414 -0.029281616 -0.94873047
vn -0.3149414 -0.029281616 -0.94873047
vn -0.3149414 -0.029281616 -0.94873047
vn -0.3161621 0.0017251968 -0.94873047
vn -0.3161621 0.0017251968 -0.94873047
vn -0.3161621 0.0017223358 -0.94873047
vn -0.3161621 0.0017223358 -0.94873047
vn -0.31445312 0.032714844 -0.94873047
vn -0.31445312 0.032714844 -0.94873047
vn -0.31445312 0.032714844 -0.94873047
vn -0.31445312 0.032714844 -0.94873047
vn -0.30981445 0.06335449 -0.94873047
vn -0.30981445 0.06335449 -0.94873047
vn -0.30981445 0.06341553 -0.94873047
vn -0.30981445 0.06341553 -0.94873047
vn -0.30200195 0.093444824 -0.94873047
vn -0.30200195 0.093444824 -0.94873047
vn -0.30200195 0.093444824 -0.94873047
vn -0.30200195 0.093444824 -0.94873047
vn -0.2915039 0.12261963 -0.94873047
vn -0.2915039 0.12261963 -0.94873047
vn -0.2915039 0.12261963 -0.94873047
vn -0.2915039 0.12261963 -0.94873047
vn -0.27807617 0.15063477 -0.94873047
vn -0.27807617 0.15063477 -0.94873047
vn -0.27807617 0.15063477 -0.94873047
vn -0.27807617 0.15063477 -0.94873047
vn -0.27807617 0.15063477 0.94873047
vn -0.27807617 0.15063477 0.94873047
vn -0.27807617 0.15063477 0.94873047
vn -0.27807617 0.15063477 0.94873047
vn -0.2915039 0.12261963 0.94873047
vn -0.2915039 0.12261963 0.94873047
vn -0.2915039 0.12261963 0.94873047
vn -0.2915039 0.12261963 0.94873047
vn -0.30200195 0.093444824 0.94873047
vn -0.30200195 0.093444824 0.94873047
vn -0.30200195 0.093444824 0.94873047
vn -0.30200195 0.093444824 0.94873047
vn -0.30981445 0.06335449 0.94873047
vn -0.30981445 0.06341553 0.94873047
vn -0.30981445 0.06335449 0.94873047
vn -0.30981445 0.06335449 0.94873047
vn -0.31445312 0.032714844 0.94873047
vn -0.31445312 0.032714844 0.94873047
vn -0.31445312 0.032714844 0.94873047
vn -0.31445312 0.032714844 0.94873047
vn -0.3161621 0.0017223358 0.94873047
vn -0.3161621 0.0017223358 0.94873047
vn -0.3161621 0.0017251968 0.94873047
vn -0.3161621 0.0017251968 0.94873047
vn -0.3149414 -0.029281616 0.94873047
vn -0.3149414 -0.029281616 0.94873047
vn -0.3149414 -0.029281616 0.94873047
vn -0.3149414 -0.029281616 0.94873047
vn -0.31054688 -0.05999756 -0.94873047
vn -0.31054688 -0.05999756 -0.94873047
vn -0.31054688 -0.05999756 -0.94873047
vn -0.31054688 -0.05999756 -0.94873047
vn -0.31054688 -0.05999756 0.94873047
vn -0.31054688 -0.05999756 0.94873047
vn -0.31054688 -0.05999756 0.94873047
vn -0.31054688 -0.05999756 0.94873047
vn -0.046722412 0.19091797 0.98046875
vn -0.023651123 0.09667969 0.9951172
vn -0.03302002 0.09387207 0.9951172
vn -0.06518555 0.1854248 0.98046875
vn -0.06933594 0.28344727 0.95654297
vn -0.042053223 0.09020996 0.9951172
vn -0.09674072 0.27514648 0.95654297
vn -0.09124756 0.37304688 0.92333984
vn -0.08306885 0.17810059 0.98046875
vn -0.050689697 0.085632324 0.9951172
vn -0.1274414 0.3623047 0.92333984
vn -0.11230469 0.45898438 0.88134766
vn -0.10015869 0.16918945 0.98046875
vn -0.05886841 0.08026123 0.9951172
vn -0.123291016 0.2644043 0.95654297
vn -0.15673828 0.44580078 0.88134766
vn -0.13232422 0.54052734 0.8305664
vn -0.11621094 0.15856934 0.98046875
vn -0.066467285 0.07409668 0.9951172
vn -0.14855957 0.25097656 0.95654297
vn -0.16223145 0.3479004 0.92333984
vn -0.18469238 0.52490234 0.8305664
vn -0.15100098 0.6171875 0.77246094
vn -0.21081543 0.5991211 0.77246094
vn -0.13122559 0.1463623 0.98046875
vn -0.07336426 0.06726074 0.9951172
vn -0.19970703 0.42822266 0.88134766
vn -0.23522949 0.50439453 0.8305664
vn -0.2685547 0.5756836 0.77246094
vn -0.17248535 0.23522949 0.95654297
vn -0.19555664 0.33032227 0.92333984
vn -0.14489746 0.1328125 0.98046875
vn -0.07965088 0.0597229 0.9951172
vn -0.24072266 0.40673828 0.88134766
vn -0.28344727 0.4790039 0.8305664
vn -0.32373047 0.546875 0.77246094
vn -0.19470215 0.21716309 0.95654297
vn -0.22705078 0.3095703 0.92333984
vn -0.15722656 0.11798096 0.98046875
vn -0.08508301 0.051635742 0.9951172
vn -0.16809082 0.101989746 0.98046875
vn -0.27954102 0.38110352 0.88134766
vn -0.32910156 0.4489746 0.8305664
vn -0.37573242 0.51220703 0.77246094
vn -0.21508789 0.19702148 0.95654297
vn -0.23327637 0.17504883 0.95654297
vn -0.24938965 0.15136719 0.95654297
vn -0.25634766 0.28588867 0.92333984
vn -0.3154297 0.35180664 0.88134766
vn -0.37158203 0.41455078 0.8305664
vn -0.42407227 0.47314453 0.77246094
vn -0.28320312 0.25952148 0.92333984
vn -0.3071289 0.23046875 0.92333984
vn -0.32836914 0.19921875 0.92333984
vn -0.34838867 0.31933594 0.88134766
vn -0.4104004 0.37597656 0.8305664
vn -0.46850586 0.42919922 0.77246094
vn -0.3779297 0.2836914 0.88134766
vn -0.40405273 0.24511719 0.88134766
vn -0.4453125 0.33398438 0.8305664
vn -0.5083008 0.38134766 0.77246094
vn -0.47583008 0.28881836 0.8305664
vn -0.54296875 0.32958984 0.77246094
vn -0.16821289 0.6875 0.70654297
vn -0.15100098 0.6171875 0.77246094
vn -0.21081543 0.5991211 0.77246094
vn -0.23486328 0.66796875 0.70654297
vn -0.18383789 0.75146484 0.63378906
vn -0.2685547 0.5756836 0.77246094
vn -0.2565918 0.72998047 0.63378906
vn -0.1977539 0.80810547 0.5546875
vn -0.29907227 0.64160156 0.70654297
vn -0.32373047 0.546875 0.77246094
vn -0.2758789 0.78466797 0.5546875
vn -0.2097168 0.8569336 0.47070312
vn -0.3605957 0.609375 0.70654297
vn -0.37573242 0.51220703 0.77246094
vn -0.3269043 0.7011719 0.63378906
vn -0.2927246 0.83251953 0.47070312
vn -0.21960449 0.89746094 0.38208008
vn -0.41845703 0.5708008 0.70654297
vn -0.42407227 0.47314453 0.77246094
vn -0.39404297 0.66552734 0.63378906
vn -0.3515625 0.75390625 0.5546875
vn -0.30664062 0.87158203 0.38208008
vn -0.22741699 0.9296875 0.28979492
vn -0.4724121 0.52685547 0.70654297
vn -0.46850586 0.42919922 0.77246094
vn -0.37280273 0.7998047 0.47070312
vn -0.45751953 0.62402344 0.63378906
vn -0.42382812 0.7158203 0.5546875
vn -0.31762695 0.90283203 0.28979492
vn -0.2331543 0.9526367 0.19482422
vn -0.52197266 0.47827148 0.70654297
vn -0.5083008 0.38134766 0.77246094
vn -0.390625 0.83740234 0.38208008
vn -0.4494629 0.75927734 0.47070312
vn -0.51660156 0.5761719 0.63378906
vn -0.49194336 0.67089844 0.5546875
vn -0.32543945 0.92529297 0.19482422
vn -0.23657227 0.9667969 0.09686279
vn -0.56640625 0.4248047 0.70654297
vn -0.54296875 0.32958984 0.77246094
vn -0.60498047 0.3671875 0.70654297
vn -0.5703125 0.52246094 0.63378906
vn -0.61865234 0.46435547 0.63378906
vn -0.6616211 0.4013672 0.63378906
vn -0.5551758 0.6196289 0.5546875
vn -0.61328125 0.5620117 0.5546875
vn -0.66552734 0.49926758 0.5546875
vn -0.7114258 0.43164062 0.5546875
vn -0.5214844 0.7114258 0.47070312
vn -0.5888672 0.6567383 0.47070312
vn -0.6503906 0.5961914 0.47070312
vn -0.7055664 0.5292969 0.47070312
vn -0.75439453 0.45776367 0.47070312
vn -0.47070312 0.79541016 0.38208008
vn -0.5463867 0.7451172 0.38208008
vn -0.6166992 0.6879883 0.38208008
vn -0.68115234 0.6245117 0.38208008
vn -0.7392578 0.5546875 0.38208008
vn -0.79003906 0.4794922 0.38208008
vn -0.40454102 0.8671875 0.28979492
vn -0.48754883 0.82373047 0.28979492
vn -0.56591797 0.77197266 0.28979492
vn -0.6386719 0.71240234 0.28979492
vn -0.7055664 0.6464844 0.28979492
vn -0.765625 0.57421875 0.28979492
vn -0.8183594 0.49658203 0.28979492
vn -0.41455078 0.88916016 0.19482422
vn -0.49975586 0.8442383 0.19482422
vn -0.5800781 0.7910156 0.19482422
vn -0.65478516 0.73046875 0.19482422
vn -0.72314453 0.66259766 0.19482422
vn -0.78466797 0.5883789 0.19482422
vn -0.8383789 0.50878906 0.19482422
vn -0.33007812 0.93896484 0.09686279
vn -0.23742676 0.97021484 0.047058105
vn -0.33129883 0.9423828 0.047058105
vn -0.4206543 0.90185547 0.09686279
vn -0.42211914 0.90527344 0.047058105
vn -0.50683594 0.8564453 0.09686279
vn -0.50878906 0.859375 0.047058105
vn -0.5883789 0.8027344 0.09686279
vn -0.5908203 0.80566406 0.047058105
vn -0.6645508 0.74121094 0.09686279
vn -0.6669922 0.74365234 0.047058105
vn -0.7338867 0.6723633 0.09686279
vn -0.7363281 0.6748047 0.047058105
vn -0.7963867 0.59716797 0.09686279
vn -0.7988281 0.5996094 0.047058105
vn -0.8510742 0.5161133 0.09686279
vn -0.8540039 0.5180664 0.047058105
vn -0.23657227 0.9667969 -0.09686279
vn -0.23742676 0.97021484 -0.047058105
vn -0.33129883 0.9423828 -0.047058105
vn -0.33007812 0.93896484 -0.09686279
vn -0.2331543 0.9526367 -0.19482422
vn -0.42211914 0.90527344 -0.047058105
vn -0.32543945 0.92529297 -0.19482422
vn -0.22741699 0.9296875 -0.28979492
vn -0.4206543 0.90185547 -0.09686279
vn -0.50878906 0.859375 -0.047058105
vn -0.31762695 0.90283203 -0.28979492
vn -0.21960449 0.89746094 -0.38208008
vn -0.50683594 0.8564453 -0.09686279
vn -0.5908203 0.80566406 -0.047058105
vn -0.41455078 0.88916016 -0.19482422
vn -0.30664062 0.87158203 -0.38208008
vn -0.2097168 0.8569336 -0.47070312
vn -0.5883789 0.8027344 -0.09686279
vn -0.6669922 0.74365234 -0.047058105
vn -0.49975586 0.8442383 -0.19482422
vn -0.40454102 0.8671875 -0.28979492
vn -0.2927246 0.83251953 -0.47070312
vn -0.1977539 0.80810547 -0.5546875
vn -0.6645508 0.74121094 -0.09686279
vn -0.7363281 0.6748047 -0.047058105
vn -0.390625 0.83740234 -0.38208008
vn -0.5800781 0.7910156 -0.19482422
vn -0.48754883 0.82373047 -0.28979492
vn -0.2758789 0.78466797 -0.5546875
vn -0.18383789 0.75146484 -0.63378906
vn -0.7338867 0.6723633 -0.09686279
vn -0.7988281 0.5996094 -0.047058105
vn -0.37280273 0.7998047 -0.47070312
vn -0.47070312 0.79541016 -0.38208008
vn -0.65478516 0.73046875 -0.19482422
vn -0.56591797 0.77197266 -0.28979492
vn -0.2565918 0.72998047 -0.63378906
vn -0.16821289 0.6875 -0.70654297
vn -0.7963867 0.59716797 -0.09686279
vn -0.8540039 0.5180664 -0.047058105
vn -0.8510742 0.5161133 -0.09686279
vn -0.72314453 0.66259766 -0.19482422
vn -0.78466797 0.5883789 -0.19482422
vn -0.8383789 0.50878906 -0.19482422
vn -0.6386719 0.71240234 -0.28979492
vn -0.7055664 0.6464844 -0.28979492
vn -0.765625 0.57421875 -0.28979492
vn -0.8183594 0.49658203 -0.28979492
vn -0.5463867 0.7451172 -0.38208008
vn -0.6166992 0.6879883 -0.38208008
vn -0.68115234 0.6245117 -0.38208008
vn -0.7392578 0.5546875 -0.38208008
vn -0.79003906 0.4794922 -0.38208008
vn -0.4494629 0.75927734 -0.47070312
vn -0.5214844 0.7114258 -0.47070312
vn -0.5888672 0.6567383 -0.47070312
vn -0.6503906 0.5961914 -0.47070312
vn -0.7055664 0.5292969 -0.47070312
vn -0.75439453 0.45776367 -0.47070312
vn -0.3515625 0.75390625 -0.5546875
vn -0.42382812 0.7158203 -0.5546875
vn -0.49194336 0.67089844 -0.5546875
vn -0.5551758 0.6196289 -0.5546875
vn -0.61328125 0.5620117 -0.5546875
vn -0.66552734 0.49926758 -0.5546875
vn -0.7114258 0.43164062 -0.5546875
vn -0.3269043 0.7011719 -0.63378906
vn -0.39404297 0.66552734 -0.63378906
vn -0.45751953 0.62402344 -0.63378906
vn -0.51660156 0.5761719 -0.63378906
vn -0.5703125 0.52246094 -0.63378906
vn -0.61865234 0.46435547 -0.63378906
vn -0.6616211 0.4013672 -0.63378906
vn -0.23486328 0.66796875 -0.70654297
vn -0.15100098 0.6171875 -0.77246094
vn -0.29907227 0.64160156 -0.70654297
vn -0.21081543 0.5991211 -0.77246094
vn -0.13232422 0.54052734 -0.8305664
vn -0.18469238 0.52490234 -0.8305664
vn -0.2685547 0.5756836 -0.77246094
vn -0.23522949 0.50439453 -0.8305664
vn -0.3605957 0.609375 -0.70654297
vn -0.32373047 0.546875 -0.77246094
vn -0.28344727 0.4790039 -0.8305664
vn -0.41845703 0.5708008 -0.70654297
vn -0.37573242 0.51220703 -0.77246094
vn -0.32910156 0.4489746 -0.8305664
vn -0.4724121 0.52685547 -0.70654297
vn -0.42407227 0.47314453 -0.77246094
vn -0.37158203 0.41455078 -0.8305664
vn -0.52197266 0.47827148 -0.70654297
vn -0.46850586 0.42919922 -0.77246094
vn -0.4104004 0.37597656 -0.8305664
vn -0.56640625 0.4248047 -0.70654297
vn -0.60498047 0.3671875 -0.70654297
vn -0.5083008 0.38134766 -0.77246094
vn -0.4453125 0.33398438 -0.8305664
vn -0.54296875 0.32958984 -0.77246094
vn -0.47583008 0.28881836 -0.8305664
vn -0.11230469 0.45898438 -0.88134766
vn -0.13232422 0.54052734 -0.8305664
vn -0.18469238 0.52490234 -0.8305664
vn -0.15673828 0.44580078 -0.88134766
vn -0.09124756 0.37304688 -0.92333984
vn -0.23522949 0.50439453 -0.8305664
vn -0.1274414 0.3623047 -0.92333984
vn -0.06933594 0.28344727 -0.95654297
vn -0.19970703 0.42822266 -0.88134766
vn -0.28344727 0.4790039 -0.8305664
vn -0.09674072 0.27514648 -0.95654297
vn -0.046722412 0.19091797 -0.98046875
vn -0.24072266 0.40673828 -0.88134766
vn -0.32910156 0.4489746 -0.8305664
vn -0.16223145 0.3479004 -0.92333984
vn -0.06518555 0.1854248 -0.98046875
vn -0.023651123 0.09667969 -0.9951172
vn -0.03302002 0.09387207 -0.9951172
vn -0.27954102 0.38110352 -0.88134766
vn -0.37158203 0.41455078 -0.8305664
vn -0.19555664 0.33032227 -0.92333984
vn -0.123291016 0.2644043 -0.95654297
vn -0.08306885 0.17810059 -0.98046875
vn -0.042053223 0.09020996 -0.9951172
vn -0.3154297 0.35180664 -0.88134766
vn -0.4104004 0.37597656 -0.8305664
vn -0.22705078 0.3095703 -0.92333984
vn -0.14855957 0.25097656 -0.95654297
vn -0.10015869 0.16918945 -0.98046875
vn -0.050689697 0.085632324 -0.9951172
vn -0.34838867 0.31933594 -0.88134766
vn -0.4453125 0.33398438 -0.8305664
vn -0.25634766 0.28588867 -0.92333984
vn -0.17248535 0.23522949 -0.95654297
vn -0.11621094 0.15856934 -0.98046875
vn -0.05883789 0.08026123 -0.9951172
vn -0.3779297 0.2836914 -0.88134766
vn -0.47583008 0.28881836 -0.8305664
vn -0.40405273 0.24511719 -0.88134766
vn -0.28320312 0.25952148 -0.92333984
vn -0.19470215 0.21716309 -0.95654297
vn -0.13122559 0.1463623 -0.98046875
vn -0.066467285 0.07409668 -0.9951172
vn -0.3071289 0.23046875 -0.92333984
vn -0.32836914 0.19921875 -0.92333984
vn -0.21508789 0.19702148 -0.95654297
vn -0.14489746 0.1328125 -0.98046875
vn -0.07336426 0.06726074 -0.9951172
vn -0.23327637 0.17504883 -0.95654297
vn -0.24938965 0.15136719 -0.95654297
vn -0.15722656 0.11798096 -0.98046875
vn -0.079589844 0.0597229 -0.9951172
vn -0.16809082 0.101989746 -0.98046875
vn -0.08508301 0.051635742 -0.9951172
vn -0.3317871 0.9433594 0
vn -0.2376709 0.9711914 0
vn -0.2376709 0.9711914 0
vn -0.3317871 0.9433594 0
vn -0.42260742 0.90625 0
vn -0.42260742 0.90625 0
vn -0.50927734 0.86035156 0
vn -0.50927734 0.86035156 0
vn -0.5913086 0.8066406 0
vn -0.5913086 0.8066406 0
vn -0.66748047 0.7446289 0
vn -0.66748047 0.7446289 0
vn -0.7373047 0.67578125 0
vn -0.7373047 0.67578125 0
vn -0.7998047 0.60009766 0
vn -0.7998047 0.60009766 0
vn -0.85498047 0.5185547 0
vn -0.85498047 0.5185547 0
vn -0.24328613 0.2019043 -0.94873047
vn -0.24328613 0.2019043 -0.94873047
vn -0.24328613 0.2019043 -0.94873047
vn -0.24328613 0.2019043 -0.94873047
vn -0.22241211 0.22485352 -0.94873047
vn -0.22241211 0.22485352 -0.94873047
vn -0.22241211 0.22485352 -0.94873047
vn -0.22241211 0.22485352 -0.94873047
vn -0.19921875 0.2454834 -0.94873047
vn -0.19921875 0.2454834 -0.94873047
vn -0.19921875 0.24560547 -0.94873047
vn -0.19921875 0.24560547 -0.94873047
vn -0.17419434 0.26391602 -0.94873047
vn -0.17419434 0.26391602 -0.94873047
vn -0.17419434 0.26391602 -0.94873047
vn -0.17419434 0.26391602 -0.94873047
vn -0.14758301 0.27978516 -0.94873047
vn -0.14758301 0.27978516 -0.94873047
vn -0.14758301 0.27978516 -0.94873047
vn -0.14758301 0.27978516 -0.94873047
vn -0.119384766 0.2927246 -0.94873047
vn -0.119384766 0.2927246 -0.94873047
vn -0.1194458 0.2927246 -0.94873047
vn -0.1194458 0.2927246 -0.94873047
vn -0.090148926 0.30297852 -0.94873047
vn -0.090148926 0.30297852 -0.94873047
vn -0.090148926 0.30297852 -0.94873047
vn -0.090148926 0.30297852 -0.94873047
vn -0.090148926 0.30297852 0.94873047
vn -0.090148926 0.30297852 0.94873047
vn -0.090148926 0.30297852 0.94873047
vn -0.090148926 0.30297852 0.94873047
vn -0.1194458 0.2927246 0.94873047
vn -0.1194458 0.2927246 0.94873047
vn -0.119384766 0.2927246 0.94873047
vn -0.119384766 0.2927246 0.94873047
vn -0.14758301 0.27978516 0.94873047
vn -0.14758301 0.27978516 0.94873047
vn -0.14758301 0.27978516 0.94873047
vn -0.14758301 0.27978516 0.94873047
vn -0.17419434 0.26391602 0.94873047
vn -0.17419434 0.26391602 0.94873047
vn -0.17419434 0.26391602 0.94873047
vn -0.17419434 0.26391602 0.94873047
vn -0.19921875 0.24560547 0.94873047
vn -0.19921875 0.24560547 0.94873047
vn -0.19921875 0.2454834 0.94873047
vn -0.19921875 0.2454834 0.94873047
vn -0.22241211 0.22485352 0.94873047
vn -0.22241211 0.22485352 0.94873047
vn -0.22241211 0.22485352 0.94873047
vn -0.22241211 0.22485352 0.94873047
vn -0.24328613 0.2019043 0.94873047
vn -0.24328613 0.2019043 0.94873047
vn -0.24328613 0.2019043 0.94873047
vn -0.24328613 0.2019043 0.94873047
vn -0.2619629 0.17712402 -0.94873047
vn -0.2619629 0.17712402 -0.94873047
vn -0.2619629 0.17712402 -0.94873047
vn -0.2619629 0.17712402 -0.94873047
vn -0.2619629 0.17712402 0.94873047
vn -0.2619629 0.17712402 0.94873047
vn -0.2619629 0.17712402 0.94873047
vn -0.2619629 0.17712402 0.94873047
vn 0.101989746 0.16809082 0.98046875
vn 0.051635742 0.08508301 0.9951172
vn 0.043060303 0.08972168 0.9951172
vn 0.08502197 0.1772461 0.98046875
vn 0.15136719 0.24938965 0.95654297
vn 0.0340271 0.09350586 0.9951172
vn 0.12609863 0.26293945 0.95654297
vn 0.19921875 0.32836914 0.92333984
vn 0.06719971 0.18469238 0.98046875
vn 0.02470398 0.09643555 0.9951172
vn 0.16601562 0.3461914 0.92333984
vn 0.24511719 0.40405273 0.88134766
vn 0.048797607 0.19042969 0.98046875
vn 0.015144348 0.09838867 0.9951172
vn 0.099731445 0.27416992 0.95654297
vn 0.2043457 0.4260254 0.88134766
vn 0.28881836 0.47583008 0.8305664
vn 0.029907227 0.19433594 0.98046875
vn 0.0054244995 0.099365234 0.9951172
vn 0.072387695 0.2824707 0.95654297
vn 0.13134766 0.36083984 0.92333984
vn 0.24072266 0.5019531 0.8305664
vn 0.32958984 0.54296875 0.77246094
vn 0.2746582 0.5727539 0.77246094
vn 0.010719299 0.19628906 0.98046875
vn -0.0043411255 0.09942627 0.9951172
vn 0.1616211 0.4440918 0.88134766
vn 0.19042969 0.5229492 0.8305664
vn 0.21728516 0.59716797 0.77246094
vn 0.04437256 0.28833008 0.95654297
vn 0.095336914 0.3720703 0.92333984
vn -0.008575439 0.19641113 0.98046875
vn -0.0140686035 0.09851074 0.9951172
vn 0.11730957 0.45776367 0.88134766
vn 0.1381836 0.5390625 0.8305664
vn 0.15771484 0.6152344 0.77246094
vn 0.015899658 0.29125977 0.95654297
vn 0.058410645 0.37939453 0.92333984
vn -0.027786255 0.19458008 0.98046875
vn -0.023651123 0.09667969 0.9951172
vn -0.046722412 0.19091797 0.98046875
vn 0.071899414 0.46704102 0.88134766
vn 0.08465576 0.55029297 0.8305664
vn 0.09661865 0.6279297 0.77246094
vn -0.01272583 0.2915039 0.95654297
vn -0.041229248 0.28881836 0.95654297
vn -0.06933594 0.28344727 0.95654297
vn 0.020935059 0.38330078 0.92333984
vn 0.025756836 0.47192383 0.88134766
vn 0.030349731 0.55566406 0.8305664
vn 0.03463745 0.63427734 0.77246094
vn -0.01675415 0.38354492 0.92333984
vn -0.054260254 0.38012695 0.92333984
vn -0.09124756 0.37304688 0.92333984
vn -0.020614624 0.47216797 0.88134766
vn -0.024276733 0.55615234 0.8305664
vn -0.027709961 0.6347656 0.77246094
vn -0.06677246 0.46777344 0.88134766
vn -0.11230469 0.45898438 0.88134766
vn -0.07867432 0.55126953 0.8305664
vn -0.089782715 0.62890625 0.77246094
vn -0.13232422 0.54052734 0.8305664
vn -0.15100098 0.6171875 0.77246094
vn 0.3671875 0.60498047 0.70654297
vn 0.32958984 0.54296875 0.77246094
vn 0.2746582 0.5727539 0.77246094
vn 0.30615234 0.6381836 0.70654297
vn 0.4013672 0.6616211 0.63378906
vn 0.21728516 0.59716797 0.77246094
vn 0.33447266 0.6977539 0.63378906
vn 0.43164062 0.7114258 0.5546875
vn 0.24206543 0.66503906 0.70654297
vn 0.15771484 0.6152344 0.77246094
vn 0.35986328 0.75 0.5546875
vn 0.45776367 0.75439453 0.47070312
vn 0.17578125 0.6855469 0.70654297
vn 0.09661865 0.6279297 0.77246094
vn 0.26464844 0.7270508 0.63378906
vn 0.3815918 0.79541016 0.47070312
vn 0.4794922 0.79003906 0.38208008
vn 0.107666016 0.69970703 0.70654297
vn 0.03463745 0.63427734 0.77246094
vn 0.1920166 0.7495117 0.63378906
vn 0.28442383 0.7817383 0.5546875
vn 0.3996582 0.8330078 0.38208008
vn 0.49658203 0.8183594 0.28979492
vn 0.03857422 0.70703125 0.70654297
vn -0.027709961 0.6347656 0.77246094
vn 0.3017578 0.82910156 0.47070312
vn 0.11767578 0.76464844 0.63378906
vn 0.20654297 0.80566406 0.5546875
vn 0.41381836 0.86279297 0.28979492
vn 0.50878906 0.8383789 0.19482422
vn -0.030883789 0.70703125 0.70654297
vn -0.089782715 0.62890625 0.77246094
vn 0.3161621 0.86816406 0.38208008
vn 0.21899414 0.8544922 0.47070312
vn 0.042175293 0.77246094 0.63378906
vn 0.12658691 0.8222656 0.5546875
vn 0.4243164 0.88427734 0.19482422
vn 0.5161133 0.8510742 0.09686279
vn -0.10003662 0.7006836 0.70654297
vn -0.15100098 0.6171875 0.77246094
vn -0.16821289 0.6875 0.70654297
vn -0.03375244 0.7729492 0.63378906
vn -0.109313965 0.765625 0.63378906
vn -0.18383789 0.75146484 0.63378906
vn 0.04534912 0.8305664 0.5546875
vn -0.0362854 0.8310547 0.5546875
vn -0.11755371 0.82373047 0.5546875
vn -0.1977539 0.80810547 0.5546875
vn 0.13415527 0.8720703 0.47070312
vn 0.048095703 0.8808594 0.47070312
vn -0.038482666 0.88134766 0.47070312
vn -0.124694824 0.87353516 0.47070312
vn -0.2097168 0.8569336 0.47070312
vn 0.22937012 0.89501953 0.38208008
vn 0.140625 0.9135742 0.38208008
vn 0.05038452 0.92285156 0.38208008
vn -0.04031372 0.92333984 0.38208008
vn -0.13061523 0.91503906 0.38208008
vn -0.21960449 0.89746094 0.38208008
vn 0.32739258 0.89941406 0.28979492
vn 0.2376709 0.9272461 0.28979492
vn 0.14562988 0.9458008 0.28979492
vn 0.05218506 0.9555664 0.28979492
vn -0.041748047 0.9560547 0.28979492
vn -0.1352539 0.9472656 0.28979492
vn -0.22741699 0.9296875 0.28979492
vn 0.33544922 0.921875 0.19482422
vn 0.24353027 0.9501953 0.19482422
vn 0.14916992 0.9692383 0.19482422
vn 0.053466797 0.9794922 0.19482422
vn -0.042785645 0.97998047 0.19482422
vn -0.13867188 0.9711914 0.19482422
vn -0.2331543 0.9526367 0.19482422
vn 0.43041992 0.89746094 0.09686279
vn 0.5180664 0.8540039 0.047058105
vn 0.4321289 0.9008789 0.047058105
vn 0.34033203 0.9350586 0.09686279
vn 0.34155273 0.93847656 0.047058105
vn 0.24707031 0.96435547 0.09686279
vn 0.24804688 0.96777344 0.047058105
vn 0.15136719 0.9838867 0.09686279
vn 0.15197754 0.9873047 0.047058105
vn 0.054260254 0.99365234 0.09686279
vn 0.05444336 0.9975586 0.047058105
vn -0.043426514 0.9941406 0.09686279
vn -0.0435791 0.9980469 0.047058105
vn -0.140625 0.98535156 0.09686279
vn -0.14123535 0.98876953 0.047058105
vn -0.23657227 0.9667969 0.09686279
vn -0.23742676 0.97021484 0.047058105
vn 0.5161133 0.8510742 -0.09686279
vn 0.5180664 0.8540039 -0.047058105
vn 0.4321289 0.9008789 -0.047058105
vn 0.43041992 0.89746094 -0.09686279
vn 0.50878906 0.8383789 -0.19482422
vn 0.34155273 0.93847656 -0.047058105
vn 0.4243164 0.88427734 -0.19482422
vn 0.49658203 0.8183594 -0.28979492
vn 0.34033203 0.9350586 -0.09686279
vn 0.24804688 0.96777344 -0.047058105
vn 0.41381836 0.86279297 -0.28979492
vn 0.4794922 0.79003906 -0.38208008
vn 0.24707031 0.96435547 -0.09686279
vn 0.15197754 0.9873047 -0.047058105
vn 0.33544922 0.921875 -0.19482422
vn 0.3996582 0.8330078 -0.38208008
vn 0.45776367 0.75439453 -0.47070312
vn 0.15136719 0.9838867 -0.09686279
vn 0.05444336 0.9975586 -0.047058105
vn 0.24353027 0.9501953 -0.19482422
vn 0.32739258 0.89941406 -0.28979492
vn 0.3815918 0.79541016 -0.47070312
vn 0.43164062 0.7114258 -0.5546875
vn 0.054260254 0.99365234 -0.09686279
vn -0.0435791 0.9980469 -0.047058105
vn 0.3161621 0.86816406 -0.38208008
vn 0.14916992 0.9692383 -0.19482422
vn 0.2376709 0.9272461 -0.28979492
vn 0.35986328 0.75 -0.5546875
vn 0.4013672 0.6616211 -0.63378906
vn -0.043426514 0.9941406 -0.09686279
vn -0.14123535 0.98876953 -0.047058105
vn 0.3017578 0.82910156 -0.47070312
vn 0.22937012 0.89501953 -0.38208008
vn 0.053466797 0.9794922 -0.19482422
vn 0.14562988 0.9458008 -0.28979492
vn 0.33447266 0.6977539 -0.63378906
vn 0.3671875 0.60498047 -0.70654297
vn -0.140625 0.98535156 -0.09686279
vn -0.23742676 0.97021484 -0.047058105
vn -0.23657227 0.9667969 -0.09686279
vn -0.042785645 0.97998047 -0.19482422
vn -0.13867188 0.9711914 -0.19482422
vn -0.2331543 0.9526367 -0.19482422
vn 0.05218506 0.9555664 -0.28979492
vn -0.041748047 0.9560547 -0.28979492
vn -0.1352539 0.9472656 -0.28979492
vn -0.22741699 0.9296875 -0.28979492
vn 0.140625 0.9135742 -0.38208008
vn 0.05038452 0.92285156 -0.38208008
vn -0.04031372 0.92333984 -0.38208008
vn -0.13061523 0.91503906 -0.38208008
vn -0.21960449 0.89746094 -0.38208008
vn 0.21899414 0.8544922 -0.47070312
vn 0.13415527 0.8720703 -0.47070312
vn 0.048095703 0.8808594 -0.47070312
vn -0.038482666 0.88134766 -0.47070312
vn -0.124694824 0.87353516 -0.47070312
vn -0.2097168 0.8569336 -0.47070312
vn 0.28442383 0.7817383 -0.5546875
vn 0.20654297 0.80566406 -0.5546875
vn 0.12658691 0.8222656 -0.5546875
vn 0.04534912 0.8305664 -0.5546875
vn -0.0362854 0.8310547 -0.5546875
vn -0.11755371 0.82373047 -0.5546875
vn -0.1977539 0.80810547 -0.5546875
vn 0.26464844 0.7270508 -0.63378906
vn 0.1920166 0.7495117 -0.63378906
vn 0.11767578 0.76464844 -0.63378906
vn 0.042175293 0.77246094 -0.63378906
vn -0.03375244 0.7729492 -0.63378906
vn -0.109313965 0.765625 -0.63378906
vn -0.18383789 0.75146484 -0.63378906
vn 0.30615234 0.6381836 -0.70654297
vn 0.32958984 0.54296875 -0.77246094
vn 0.24206543 0.66503906 -0.70654297
vn 0.2746582 0.5727539 -0.77246094
vn 0.28881836 0.47583008 -0.8305664
vn 0.24072266 0.5019531 -0.8305664
vn 0.21728516 0.59716797 -0.77246094
vn 0.19042969 0.5229492 -0.8305664
vn 0.17578125 0.6855469 -0.70654297
vn 0.15771484 0.6152344 -0.77246094
vn 0.1381836 0.5390625 -0.8305664
vn 0.107666016 0.69970703 -0.70654297
vn 0.09661865 0.6279297 -0.77246094
vn 0.08465576 0.55029297 -0.8305664
vn 0.03857422 0.70703125 -0.70654297
vn 0.03463745 0.63427734 -0.77246094
vn 0.030349731 0.55566406 -0.8305664
vn -0.030883789 0.70703125 -0.70654297
vn -0.027709961 0.6347656 -0.77246094
vn -0.024276733 0.55615234 -0.8305664
vn -0.10003662 0.7006836 -0.70654297
vn -0.16821289 0.6875 -0.70654297
vn -0.089782715 0.62890625 -0.77246094
vn -0.07867432 0.55126953 -0.8305664
vn -0.15100098 0.6171875 -0.77246094
vn -0.13232422 0.54052734 -0.8305664
vn 0.24511719 0.40405273 -0.88134766
vn 0.28881836 0.47583008 -0.8305664
vn 0.24072266 0.5019531 -0.8305664
vn 0.2043457 0.4260254 -0.88134766
vn 0.19921875 0.32836914 -0.92333984
vn 0.19042969 0.5229492 -0.8305664
vn 0.16601562 0.3461914 -0.92333984
vn 0.15136719 0.24938965 -0.95654297
vn 0.1616211 0.4440918 -0.88134766
vn 0.1381836 0.5390625 -0.8305664
vn 0.12609863 0.26293945 -0.95654297
vn 0.101989746 0.16809082 -0.98046875
vn 0.11730957 0.45776367 -0.88134766
vn 0.08465576 0.55029297 -0.8305664
vn 0.13134766 0.36083984 -0.92333984
vn 0.08502197 0.1772461 -0.98046875
vn 0.051635742 0.08508301 -0.9951172
vn 0.043060303 0.08972168 -0.9951172
vn 0.071899414 0.46704102 -0.88134766
vn 0.030349731 0.55566406 -0.8305664
vn 0.095336914 0.3720703 -0.92333984
vn 0.099731445 0.27416992 -0.95654297
vn 0.06719971 0.18469238 -0.98046875
vn 0.0340271 0.09350586 -0.9951172
vn 0.025756836 0.47192383 -0.88134766
vn -0.024276733 0.55615234 -0.8305664
vn 0.058410645 0.37939453 -0.92333984
vn 0.072387695 0.2824707 -0.95654297
vn 0.048797607 0.19042969 -0.98046875
vn 0.02470398 0.09643555 -0.9951172
vn -0.020614624 0.47216797 -0.88134766
vn -0.07867432 0.55126953 -0.8305664
vn 0.020935059 0.38330078 -0.92333984
vn 0.04437256 0.28833008 -0.95654297
vn 0.029907227 0.19433594 -0.98046875
vn 0.015144348 0.09838867 -0.9951172
vn -0.06677246 0.46777344 -0.88134766
vn -0.13232422 0.54052734 -0.8305664
vn -0.11230469 0.45898438 -0.88134766
vn -0.01675415 0.38354492 -0.92333984
vn 0.015899658 0.29125977 -0.95654297
vn 0.010719299 0.19628906 -0.98046875
vn 0.0054244995 0.099365234 -0.9951172
vn -0.054260254 0.38012695 -0.92333984
vn -0.09124756 0.37304688 -0.92333984
vn -0.01272583 0.2915039 -0.95654297
vn -0.008575439 0.19641113 -0.98046875
vn -0.0043411255 0.09942627 -0.9951172
vn -0.041229248 0.28881836 -0.95654297
vn -0.06933594 0.28344727 -0.95654297
vn -0.027786255 0.19458008 -0.98046875
vn -0.0140686035 0.09851074 -0.9951172
vn -0.046722412 0.19091797 -0.98046875
vn -0.023651123 0.09667969 -0.9951172
vn 0.4326172 0.90185547 0
vn 0.5185547 0.85498047 0
vn 0.5185547 0.85498047 0
vn 0.4326172 0.90185547 0
vn 0.34204102 0.9394531 0
vn 0.34204102 0.9394531 0
vn 0.24829102 0.96875 0
vn 0.24829102 0.96875 0
vn 0.15209961 0.98828125 0
vn 0.15209961 0.98828125 0
vn 0.054504395 0.99853516 0
vn 0.054504395 0.99853516 0
vn -0.04360962 0.99902344 0
vn -0.04360962 0.99902344 0
vn -0.14135742 0.9897461 0
vn -0.14135742 0.9897461 0
vn -0.2376709 0.9711914 0
vn -0.2376709 0.9711914 0
vn -0.029281616 0.3149414 -0.94873047
vn -0.029281616 0.3149414 -0.94873047
vn -0.029281616 0.3149414 -0.94873047
vn -0.029281616 0.3149414 -0.94873047
vn 0.0017251968 0.3161621 -0.94873047
vn 0.0017251968 0.3161621 -0.94873047
vn 0.0017223358 0.3161621 -0.94873047
vn 0.0017223358 0.3161621 -0.94873047
vn 0.032714844 0.31445312 -0.94873047
vn 0.032714844 0.31445312 -0.94873047
vn 0.032714844 0.31445312 -0.94873047
vn 0.032714844 0.31445312 -0.94873047
vn 0.06335449 0.30981445 -0.94873047
vn 0.06335449 0.30981445 -0.94873047
vn 0.06341553 0.30981445 -0.94873047
vn 0.06341553 0.30981445 -0.94873047
vn 0.093444824 0.30200195 -0.94873047
vn 0.093444824 0.30200195 -0.94873047
vn 0.093444824 0.30200195 -0.94873047
vn 0.093444824 0.30200195 -0.94873047
vn 0.12261963 0.2915039 -0.94873047
vn 0.12261963 0.2915039 -0.94873047
vn 0.12261963 0.2915039 -0.94873047
vn 0.12261963 0.2915039 -0.94873047
vn 0.15063477 0.27807617 -0.94873047
vn 0.15063477 0.27807617 -0.94873047
vn 0.15063477 0.27807617 -0.94873047
vn 0.15063477 0.27807617 -0.94873047
vn 0.15063477 0.27807617 0.94873047
vn 0.15063477 0.27807617 0.94873047
vn 0.15063477 0.27807617 0.94873047
vn 0.15063477 0.27807617 0.94873047
vn 0.12261963 0.2915039 0.94873047
vn 0.12261963 0.2915039 0.94873047
vn 0.12261963 0.2915039 0.94873047
vn 0.12261963 0.2915039 0.94873047
vn 0.093444824 0.30200195 0.94873047
vn 0.093444824 0.30200195 0.94873047
vn 0.093444824 0.30200195 0.94873047
vn 0.093444824 0.30200195 0.94873047
vn 0.06335449 0.30981445 0.94873047
vn 0.06341553 0.30981445 0.94873047
vn 0.06335449 0.30981445 0.94873047
vn 0.06335449 0.30981445 0.94873047
vn 0.032714844 0.31445312 0.94873047
vn 0.032714844 0.31445312 0.94873047
vn 0.032714844 0.31445312 0.94873047
vn 0.032714844 0.31445312 0.94873047
vn 0.0017223358 0.3161621 0.94873047
vn 0.0017223358 0.3161621 0.94873047
vn 0.0017251968 0.3161621 0.94873047
vn 0.0017251968 0.3161621 0.94873047
vn -0.029281616 0.3149414 0.94873047
vn -0.029281616 0.3149414 0.94873047
vn -0.029281616 0.3149414 0.94873047
vn -0.029281616 0.3149414 0.94873047
vn -0.05999756 0.31054688 -0.94873047
vn -0.05999756 0.31054688 -0.94873047
vn -0.05999756 0.31054688 -0.94873047
vn -0.05999756 0.31054688 -0.94873047
vn -0.05999756 0.31054688 0.94873047
vn -0.05999756 0.31054688 0.94873047
vn -0.05999756 0.31054688 0.94873047
vn -0.05999756 0.31054688 0.94873047
vn 0.19091797 0.046722412 0.98046875
vn 0.09667969 0.023651123 0.9951172
vn 0.09387207 0.03302002 0.9951172
vn 0.1854248 0.06518555 0.98046875
vn 0.28344727 0.06933594 0.95654297
vn 0.09020996 0.042053223 0.9951172
vn 0.27514648 0.09674072 0.95654297
vn 0.37304688 0.09124756 0.92333984
vn 0.17810059 0.08306885 0.98046875
vn 0.085632324 0.050689697 0.9951172
vn 0.3623047 0.1274414 0.92333984
vn 0.45898438 0.11230469 0.88134766
vn 0.16918945 0.10015869 0.98046875
vn 0.08026123 0.05886841 0.9951172
vn 0.2644043 0.123291016 0.95654297
vn 0.44580078 0.15673828 0.88134766
vn 0.54052734 0.13232422 0.8305664
vn 0.15856934 0.11621094 0.98046875
vn 0.07409668 0.066467285 0.9951172
vn 0.25097656 0.14855957 0.95654297
vn 0.3479004 0.16223145 0.92333984
vn 0.52490234 0.18469238 0.8305664
vn 0.6171875 0.15100098 0.77246094
vn 0.5991211 0.21081543 0.77246094
vn 0.1463623 0.13122559 0.98046875
vn 0.06726074 0.07336426 0.9951172
vn 0.42822266 0.19970703 0.88134766
vn 0.50439453 0.23522949 0.8305664
vn 0.5756836 0.2685547 0.77246094
vn 0.23522949 0.17248535 0.95654297
vn 0.33032227 0.19555664 0.92333984
vn 0.1328125 0.14489746 0.98046875
vn 0.0597229 0.07965088 0.9951172
vn 0.40673828 0.24072266 0.88134766
vn 0.4790039 0.28344727 0.8305664
vn 0.546875 0.32373047 0.77246094
vn 0.21716309 0.19470215 0.95654297
vn 0.3095703 0.22705078 0.92333984
vn 0.11798096 0.15722656 0.98046875
vn 0.051635742 0.08508301 0.9951172
vn 0.101989746 0.16809082 0.98046875
vn 0.38110352 0.27954102 0.88134766
vn 0.4489746 0.32910156 0.8305664
vn 0.51220703 0.37573242 0.77246094
vn 0.19702148 0.21508789 0.95654297
vn 0.17504883 0.23327637 0.95654297
vn 0.15136719 0.24938965 0.95654297
vn 0.28588867 0.25634766 0.92333984
vn 0.35180664 0.3154297 0.88134766
vn 0.41455078 0.37158203 0.8305664
vn 0.47314453 0.42407227 0.77246094
vn 0.25952148 0.28320312 0.92333984
vn 0.23046875 0.3071289 0.92333984
vn 0.19921875 0.32836914 0.92333984
vn 0.31933594 0.34838867 0.88134766
vn 0.37597656 0.4104004 0.8305664
vn 0.42919922 0.46850586 0.77246094
vn 0.2836914 0.3779297 0.88134766
vn 0.24511719 0.40405273 0.88134766
vn 0.33398438 0.4453125 0.8305664
vn 0.38134766 0.5083008 0.77246094
vn 0.28881836 0.47583008 0.8305664
vn 0.32958984 0.54296875 0.77246094
vn 0.6875 0.16821289 0.70654297
vn 0.6171875 0.15100098 0.77246094
vn 0.5991211 0.21081543 0.77246094
vn 0.66796875 0.23486328 0.70654297
vn 0.75146484 0.18383789 0.63378906
vn 0.5756836 0.2685547 0.77246094
vn 0.72998047 0.2565918 0.63378906
vn 0.80810547 0.1977539 0.5546875
vn 0.64160156 0.29907227 0.70654297
vn 0.546875 0.32373047 0.77246094
vn 0.78466797 0.2758789 0.5546875
vn 0.8569336 0.2097168 0.47070312
vn 0.609375 0.3605957 0.70654297
vn 0.51220703 0.37573242 0.77246094
vn 0.7011719 0.3269043 0.63378906
vn 0.83251953 0.2927246 0.47070312
vn 0.89746094 0.21960449 0.38208008
vn 0.5708008 0.41845703 0.70654297
vn 0.47314453 0.42407227 0.77246094
vn 0.66552734 0.39404297 0.63378906
vn 0.75390625 0.3515625 0.5546875
vn 0.87158203 0.30664062 0.38208008
vn 0.9296875 0.22741699 0.28979492
vn 0.52685547 0.4724121 0.70654297
vn 0.42919922 0.46850586 0.77246094
vn 0.7998047 0.37280273 0.47070312
vn 0.62402344 0.45751953 0.63378906
vn 0.7158203 0.42382812 0.5546875
vn 0.90283203 0.31762695 0.28979492
vn 0.9526367 0.2331543 0.19482422
vn 0.47827148 0.52197266 0.70654297
vn 0.38134766 0.5083008 0.77246094
vn 0.83740234 0.390625 0.38208008
vn 0.75927734 0.4494629 0.47070312
vn 0.5761719 0.51660156 0.63378906
vn 0.67089844 0.49194336 0.5546875
vn 0.92529297 0.32543945 0.19482422
vn 0.9667969 0.23657227 0.09686279
vn 0.4248047 0.56640625 0.70654297
vn 0.32958984 0.54296875 0.77246094
vn 0.3671875 0.60498047 0.70654297
vn 0.52246094 0.5703125 0.63378906
vn 0.46435547 0.61865234 0.63378906
vn 0.4013672 0.6616211 0.63378906
vn 0.6196289 0.5551758 0.5546875
vn 0.5620117 0.61328125 0.5546875
vn 0.49926758 0.66552734 0.5546875
vn 0.43164062 0.7114258 0.5546875
vn 0.7114258 0.5214844 0.47070312
vn 0.6567383 0.5888672 0.47070312
vn 0.5961914 0.6503906 0.47070312
vn 0.5292969 0.7055664 0.47070312
vn 0.45776367 0.75439453 0.47070312
vn 0.79541016 0.47070312 0.38208008
vn 0.7451172 0.5463867 0.38208008
vn 0.6879883 0.6166992 0.38208008
vn 0.6245117 0.68115234 0.38208008
vn 0.5546875 0.7392578 0.38208008
vn 0.4794922 0.79003906 0.38208008
vn 0.8671875 0.40454102 0.28979492
vn 0.82373047 0.48754883 0.28979492
vn 0.77197266 0.56591797 0.28979492
vn 0.71240234 0.6386719 0.28979492
vn 0.6464844 0.7055664 0.28979492
vn 0.57421875 0.765625 0.28979492
vn 0.49658203 0.8183594 0.28979492
vn 0.88916016 0.41455078 0.19482422
vn 0.8442383 0.49975586 0.19482422
vn 0.7910156 0.5800781 0.19482422
vn 0.73046875 0.65478516 0.19482422
vn 0.66259766 0.72314453 0.19482422
vn 0.5883789 0.78466797 0.19482422
vn 0.50878906 0.8383789 0.19482422
vn 0.93896484 0.33007812 0.09686279
vn 0.97021484 0.23742676 0.047058105
vn 0.9423828 0.33129883 0.047058105
vn 0.90185547 0.4206543 0.09686279
vn 0.90527344 0.42211914 0.047058105
vn 0.8564453 0.50683594 0.09686279
vn 0.859375 0.50878906 0.047058105
vn 0.8027344 0.5883789 0.09686279
vn 0.80566406 0.5908203 0.047058105
vn 0.74121094 0.6645508 0.09686279
vn 0.74365234 0.6669922 0.047058105
vn 0.6723633 0.7338867 0.09686279
vn 0.6748047 0.7363281 0.047058105
vn 0.59716797 0.7963867 0.09686279
vn 0.5996094 0.7993164 0.047058105
vn 0.5161133 0.8510742 0.09686279
vn 0.5180664 0.8540039 0.047058105
vn 0.9667969 0.23657227 -0.09686279
vn 0.97021484 0.23742676 -0.047058105
vn 0.9423828 0.33129883 -0.047058105
vn 0.93896484 0.33007812 -0.09686279
vn 0.9526367 0.2331543 -0.19482422
vn 0.90527344 0.42211914 -0.047058105
vn 0.92529297 0.32543945 -0.19482422
vn 0.9296875 0.22741699 -0.28979492
vn 0.90185547 0.4206543 -0.09686279
vn 0.859375 0.50878906 -0.047058105
vn 0.90283203 0.31762695 -0.28979492
vn 0.89746094 0.21960449 -0.38208008
vn 0.8564453 0.50683594 -0.09686279
vn 0.80566406 0.5908203 -0.047058105
vn 0.88916016 0.41455078 -0.19482422
vn 0.87158203 0.30664062 -0.38208008
vn 0.8569336 0.2097168 -0.47070312
vn 0.8027344 0.5883789 -0.09686279
vn 0.74365234 0.6669922 -0.047058105
vn 0.8442383 0.49975586 -0.19482422
vn 0.8671875 0.40454102 -0.28979492
vn 0.83251953 0.2927246 -0.47070312
vn 0.80810547 0.1977539 -0.5546875
vn 0.74121094 0.6645508 -0.09686279
vn 0.6748047 0.7363281 -0.047058105
vn 0.83740234 0.390625 -0.38208008
vn 0.7910156 0.5800781 -0.19482422
vn 0.82373047 0.48754883 -0.28979492
vn 0.78466797 0.2758789 -0.5546875
vn 0.75146484 0.18383789 -0.63378906
vn 0.6723633 0.7338867 -0.09686279
vn 0.5996094 0.7993164 -0.047058105
vn 0.7998047 0.37280273 -0.47070312
vn 0.79541016 0.47070312 -0.38208008
vn 0.73046875 0.65478516 -0.19482422
vn 0.77197266 0.56591797 -0.28979492
vn 0.72998047 0.2565918 -0.63378906
vn 0.6875 0.16821289 -0.70654297
vn 0.59716797 0.7963867 -0.09686279
vn 0.5180664 0.8540039 -0.047058105
vn 0.5161133 0.8510742 -0.09686279
vn 0.66259766 0.72314453 -0.19482422
vn 0.5883789 0.78466797 -0.19482422
vn 0.50878906 0.8383789 -0.19482422
vn 0.71240234 0.6386719 -0.28979492
vn 0.6464844 0.7055664 -0.28979492
vn 0.57421875 0.765625 -0.28979492
vn 0.49658203 0.8183594 -0.28979492
vn 0.7451172 0.5463867 -0.38208008
vn 0.6879883 0.6166992 -0.38208008
vn 0.6245117 0.68115234 -0.38208008
vn 0.5546875 0.7392578 -0.38208008
vn 0.4794922 0.79003906 -0.38208008
vn 0.75927734 0.4494629 -0.47070312
vn 0.7114258 0.5214844 -0.47070312
vn 0.6567383 0.5888672 -0.47070312
vn 0.5961914 0.6503906 -0.47070312
vn 0.5292969 0.7055664 -0.47070312
vn 0.45776367 0.75439453 -0.47070312
vn 0.75390625 0.3515625 -0.5546875
vn 0.7158203 0.42382812 -0.5546875
vn 0.67089844 0.49194336 -0.5546875
vn 0.6196289 0.5551758 -0.5546875
vn 0.5620117 0.61328125 -0.5546875
vn 0.49926758 0.66552734 -0.5546875
vn 0.43164062 0.7114258 -0.5546875
vn 0.7011719 0.3269043 -0.63378906
vn 0.66552734 0.39404297 -0.63378906
vn 0.62402344 0.45751953 -0.63378906
vn 0.5761719 0.51660156 -0.63378906
vn 0.52246094 0.5703125 -0.63378906
vn 0.46435547 0.61865234 -0.63378906
vn 0.4013672 0.6616211 -0.63378906
vn 0.66796875 0.23486328 -0.70654297
vn 0.6171875 0.15100098 -0.77246094
vn 0.64160156 0.29907227 -0.70654297
vn 0.5991211 0.21081543 -0.77246094
vn 0.54052734 0.13232422 -0.8305664
vn 0.52490234 0.18469238 -0.8305664
vn 0.5756836 0.2685547 -0.77246094
vn 0.50439453 0.23522949 -0.8305664
vn 0.609375 0.3605957 -0.70654297
vn 0.546875 0.32373047 -0.77246094
vn 0.4790039 0.28344727 -0.8305664
vn 0.5708008 0.41845703 -0.70654297
vn 0.51220703 0.37573242 -0.77246094
vn 0.4489746 0.32910156 -0.8305664
vn 0.52685547 0.4724121 -0.70654297
vn 0.47314453 0.42407227 -0.77246094
vn 0.41455078 0.37158203 -0.8305664
vn 0.47827148 0.52197266 -0.70654297
vn 0.42919922 0.46850586 -0.77246094
vn 0.37597656 0.4104004 -0.8305664
vn 0.4248047 0.56640625 -0.70654297
vn 0.3671875 0.60498047 -0.70654297
vn 0.38134766 0.5083008 -0.77246094
vn 0.33398438 0.4453125 -0.8305664
vn 0.32958984 0.54296875 -0.77246094
vn 0.28881836 0.47583008 -0.8305664
vn 0.45898438 0.11230469 -0.88134766
vn 0.54052734 0.13232422 -0.8305664
vn 0.52490234 0.18469238 -0.8305664
vn 0.44580078 0.15673828 -0.88134766
vn 0.37304688 0.09124756 -0.92333984
vn 0.50439453 0.23522949 -0.8305664
vn 0.3623047 0.1274414 -0.92333984
vn 0.28344727 0.06933594 -0.95654297
vn 0.42822266 0.19970703 -0.88134766
vn 0.4790039 0.28344727 -0.8305664
vn 0.27514648 0.09674072 -0.95654297
vn 0.19091797 0.046722412 -0.98046875
vn 0.40673828 0.24072266 -0.88134766
vn 0.4489746 0.32910156 -0.8305664
vn 0.3479004 0.16223145 -0.92333984
vn 0.1854248 0.06518555 -0.98046875
vn 0.09667969 0.023651123 -0.9951172
vn 0.09387207 0.03302002 -0.9951172
vn 0.38110352 0.27954102 -0.88134766
vn 0.41455078 0.37158203 -0.8305664
vn 0.33032227 0.19555664 -0.92333984
vn 0.2644043 0.123291016 -0.95654297
vn 0.17810059 0.08306885 -0.98046875
vn 0.09020996 0.042053223 -0.9951172
vn 0.35180664 0.3154297 -0.88134766
vn 0.37597656 0.4104004 -0.8305664
vn 0.3095703 0.22705078 -0.92333984
vn 0.25097656 0.14855957 -0.95654297
vn 0.16918945 0.10015869 -0.98046875
vn 0.085632324 0.050689697 -0.9951172
vn 0.31933594 0.34838867 -0.88134766
vn 0.33398438 0.4453125 -0.8305664
vn 0.28588867 0.25634766 -0.92333984
vn 0.23522949 0.17248535 -0.95654297
vn 0.15856934 0.11621094 -0.98046875
vn 0.08026123 0.05883789 -0.9951172
vn 0.2836914 0.3779297 -0.88134766
vn 0.28881836 0.47583008 -0.8305664
vn 0.24511719 0.40405273 -0.88134766
vn 0.25952148 0.28320312 -0.92333984
vn 0.21716309 0.19470215 -0.95654297
vn 0.1463623 0.13122559 -0.98046875
vn 0.07409668 0.066467285 -0.9951172
vn 0.23046875 0.3071289 -0.92333984
vn 0.19921875 0.32836914 -0.92333984
vn 0.19702148 0.21508789 -0.95654297
vn 0.1328125 0.14489746 -0.98046875
vn 0.06726074 0.07336426 -0.9951172
vn 0.17504883 0.23327637 -0.95654297
vn 0.15136719 0.24938965 -0.95654297
vn 0.11798096 0.15722656 -0.98046875
vn 0.0597229 0.079589844 -0.9951172
vn 0.101989746 0.16809082 -0.98046875
vn 0.051635742 0.08508301 -0.9951172
vn 0.9433594 0.3317871 0
vn 0.9711914 0.2376709 0
vn 0.9711914 0.2376709 0
vn 0.9433594 0.3317871 0
vn 0.90625 0.42260742 0
vn 0.90625 0.42260742 0
vn 0.86035156 0.50927734 0
vn 0.86035156 0.50927734 0
vn 0.8066406 0.5913086 0
vn 0.8066406 0.5913086 0
vn 0.7446289 0.66748047 0
vn 0.7446289 0.66748047 0
vn 0.67578125 0.7373047 0
vn 0.67578125 0.7373047 0
vn 0.60009766 0.7998047 0
vn 0.60009766 0.7998047 0
vn 0.5185547 0.85498047 0
vn 0.5185547 0.85498047 0
vn 0.2019043 0.24328613 -0.94873047
vn 0.2019043 0.24328613 -0.94873047
vn 0.2019043 0.24328613 -0.94873047
vn 0.2019043 0.24328613 -0.94873047
vn 0.22485352 0.22241211 -0.94873047
vn 0.22485352 0.22241211 -0.94873047
vn 0.22485352 0.22241211 -0.94873047
vn 0.22485352 0.22241211 -0.94873047
vn 0.2454834 0.19921875 -0.94873047
vn 0.2454834 0.19921875 -0.94873047
vn 0.24560547 0.19921875 -0.94873047
vn 0.24560547 0.19921875 -0.94873047
vn 0.26391602 0.17419434 -0.94873047
vn 0.26391602 0.17419434 -0.94873047
vn 0.26391602 0.17419434 -0.94873047
vn 0.26391602 0.17419434 -0.94873047
vn 0.27978516 0.14758301 -0.94873047
vn 0.27978516 0.14758301 -0.94873047
vn 0.27978516 0.14758301 -0.94873047
vn 0.27978516 0.14758301 -0.94873047
vn 0.2927246 0.119384766 -0.94873047
vn 0.2927246 0.119384766 -0.94873047
vn 0.2927246 0.1194458 -0.94873047
vn 0.2927246 0.1194458 -0.94873047
vn 0.30297852 0.090148926 -0.94873047
vn 0.30297852 0.090148926 -0.94873047
vn 0.30297852 0.090148926 -0.94873047
vn 0.30297852 0.090148926 -0.94873047
vn 0.30297852 0.090148926 0.94873047
vn 0.30297852 0.090148926 0.94873047
vn 0.30297852 0.090148926 0.94873047
vn 0.30297852 0.090148926 0.94873047
vn 0.2927246 0.1194458 0.94873047
vn 0.2927246 0.1194458 0.94873047
vn 0.2927246 0.119384766 0.94873047
vn 0.2927246 0.119384766 0.94873047
vn 0.27978516 0.14758301 0.94873047
vn 0.27978516 0.14758301 0.94873047
vn 0.27978516 0.14758301 0.94873047
vn 0.27978516 0.14758301 0.94873047
vn 0.26391602 0.17419434 0.94873047
vn 0.26391602 0.17419434 0.94873047
vn 0.26391602 0.17419434 0.94873047
vn 0.26391602 0.17419434 0.94873047
vn 0.24560547 0.19921875 0.94873047
vn 0.24560547 0.19921875 0.94873047
vn 0.2454834 0.19921875 0.94873047
vn 0.2454834 0.19921875 0.94873047
vn 0.22485352 0.22241211 0.94873047
vn 0.22485352 0.22241211 0.94873047
vn 0.22485352 0.22241211 0.94873047
vn 0.22485352 0.22241211 0.94873047
vn 0.2019043 0.24328613 0.94873047
vn 0.2019043 0.24328613 0.94873047
vn 0.2019043 0.24328613 0.94873047
vn 0.2019043 0.24328613 0.94873047
vn 0.17712402 0.2619629 -0.94873047
vn 0.17712402 0.2619629 -0.94873047
vn 0.17712402 0.2619629 -0.94873047
vn 0.17712402 0.2619629 -0.94873047
vn 0.17712402 0.2619629 0.94873047
vn 0.17712402 0.2619629 0.94873047
vn 0.17712402 0.2619629 0.94873047
vn 0.17712402 0.2619629 0.94873047
vn 0.16796875 -0.101989746 0.98046875
vn 0.117370605 -0.08807373 0.9892578
vn 0.12536621 -0.07611084 0.9892578
vn 0.15722656 -0.11798096 0.98046875
vn 0.24938965 -0.15136719 0.95654297
vn 0.1081543 -0.099121094 0.9892578
vn 0.23327637 -0.17504883 0.95654297
vn 0.32836914 -0.19921875 0.92333984
vn 0.14489746 -0.1328125 0.98046875
vn 0.097961426 -0.10925293 0.9892578
vn 0.3071289 -0.23046875 0.92333984
vn 0.40405273 -0.24523926 0.88134766
vn 0.13122559 -0.1463623 0.98046875
vn 0.08673096 -0.11834717 0.9892578
vn 0.21508789 -0.19702148 0.95654297
vn 0.3779297 -0.2836914 0.88134766
vn 0.47583008 -0.28881836 0.8305664
vn 0.11621094 -0.15856934 0.98046875
vn 0.07476807 -0.1262207 0.9892578
vn 0.19470215 -0.21716309 0.95654297
vn 0.28320312 -0.25952148 0.92333984
vn 0.4453125 -0.33398438 0.8305664
vn 0.54296875 -0.32958984 0.77246094
vn 0.5083008 -0.38134766 0.77246094
vn 0.10015869 -0.16918945 0.98046875
vn 0.06201172 -0.13293457 0.9892578
vn 0.34838867 -0.31933594 0.88134766
vn 0.4104004 -0.37597656 0.8305664
vn 0.46850586 -0.42919922 0.77246094
vn 0.17248535 -0.23522949 0.95654297
vn 0.25634766 -0.28588867 0.92333984
vn 0.08306885 -0.17810059 0.98046875
vn 0.04864502 -0.13842773 0.9892578
vn 0.37158203 -0.41455078 0.8305664
vn 0.42407227 -0.47314453 0.77246094
vn 0.3154297 -0.35180664 0.88134766
vn 0.14855957 -0.25097656 0.95654297
vn 0.22705078 -0.3095703 0.92333984
vn 0.06518555 -0.1854248 0.98046875
vn 0.041778564 -0.14086914 0.9892578
vn 0.055999756 -0.18859863 0.98046875
vn 0.32910156 -0.4489746 0.8305664
vn 0.37573242 -0.51220703 0.77246094
vn 0.27954102 -0.38110352 0.88134766
vn 0.123291016 -0.2644043 0.95654297
vn 0.09674072 -0.27514648 0.95654297
vn 0.08319092 -0.2800293 0.95654297
vn 0.19555664 -0.33032227 0.92333984
vn 0.28344727 -0.4790039 0.8305664
vn 0.32373047 -0.546875 0.77246094
vn 0.24072266 -0.40673828 0.88134766
vn 0.16223145 -0.3479004 0.92333984
vn 0.12731934 -0.3623047 0.92333984
vn 0.10949707 -0.3684082 0.92333984
vn 0.19970703 -0.42822266 0.88134766
vn 0.23522949 -0.50439453 0.8305664
vn 0.2685547 -0.5756836 0.77246094
vn 0.15673828 -0.44580078 0.88134766
vn 0.13476562 -0.45336914 0.8808594
vn 0.18469238 -0.52490234 0.8305664
vn 0.21069336 -0.5991211 0.77246094
vn 0.15881348 -0.5341797 0.8305664
vn 0.18115234 -0.609375 0.77197266
vn 0.5727539 -0.2746582 0.77246094
vn 0.54296875 -0.32958984 0.77246094
vn 0.47583008 -0.28881836 0.8305664
vn 0.5019531 -0.24072266 0.8305664
vn 0.59716797 -0.21728516 0.77246094
vn 0.40405273 -0.24523926 0.88134766
vn 0.5229492 -0.19042969 0.8305664
vn 0.6152344 -0.15771484 0.77246094
vn 0.4260254 -0.2043457 0.88134766
vn 0.32836914 -0.19921875 0.92333984
vn 0.5390625 -0.1381836 0.8305664
vn 0.6279297 -0.09661865 0.77246094
vn 0.3461914 -0.1661377 0.92333984
vn 0.24938965 -0.15136719 0.95654297
vn 0.4440918 -0.1616211 0.88134766
vn 0.55029297 -0.08465576 0.8305664
vn 0.63427734 -0.03463745 0.77246094
vn 0.26293945 -0.1262207 0.95654297
vn 0.16796875 -0.101989746 0.98046875
vn 0.36083984 -0.13134766 0.92333984
vn 0.45776367 -0.11730957 0.88134766
vn 0.55566406 -0.030349731 0.8305664
vn 0.6347656 0.027709961 0.77246094
vn 0.1772461 -0.08502197 0.98046875
vn 0.12536621 -0.07611084 0.9892578
vn 0.13232422 -0.06347656 0.9892578
vn 0.46704102 -0.071899414 0.88134766
vn 0.27416992 -0.09979248 0.95654297
vn 0.18469238 -0.06719971 0.98046875
vn 0.13781738 -0.0501709 0.9892578
vn 0.3720703 -0.095336914 0.92333984
vn 0.55615234 0.024276733 0.8305664
vn 0.62890625 0.089782715 0.77246094
vn 0.19042969 -0.048797607 0.98046875
vn 0.14208984 -0.03643799 0.9892578
vn 0.2824707 -0.072387695 0.95654297
vn 0.37963867 -0.058410645 0.92333984
vn 0.47192383 -0.025756836 0.88134766
vn 0.55126953 0.07867432 0.8305664
vn 0.62402344 0.12060547 0.77197266
vn 0.546875 0.105651855 0.8305664
vn 0.19421387 -0.029907227 0.98046875
vn 0.14501953 -0.022323608 0.9892578
vn 0.28833008 -0.04437256 0.95654297
vn 0.38330078 -0.020935059 0.92333984
vn 0.47216797 0.020614624 0.88134766
vn 0.46777344 0.06677246 0.88134766
vn 0.46435547 0.08972168 0.8808594
vn 0.19628906 -0.01071167 0.98046875
vn 0.14648438 -0.0079956055 0.9892578
vn 0.29125977 -0.015899658 0.95654297
vn 0.38354492 0.01675415 0.92333984
vn 0.38012695 0.054260254 0.92333984
vn 0.3774414 0.07293701 0.92333984
vn 0.2915039 0.01272583 0.95654297
vn 0.19641113 0.008575439 0.98046875
vn 0.14660645 0.006401062 0.9892578
vn 0.28881836 0.041229248 0.95654297
vn 0.2866211 0.055419922 0.95654297
vn 0.19458008 0.027801514 0.98046875
vn 0.14526367 0.020751953 0.9892578
vn 0.1932373 0.037384033 0.98046875
vn 0.14416504 0.027908325 0.9892578
vn 0.60498047 -0.3671875 0.70654297
vn 0.5083008 -0.38134766 0.77246094
vn 0.54296875 -0.32958984 0.77246094
vn 0.56640625 -0.4248047 0.70654297
vn 0.6611328 -0.4013672 0.63378906
vn 0.46850586 -0.42919922 0.77246094
vn 0.61865234 -0.46435547 0.63378906
vn 0.7114258 -0.43164062 0.5546875
vn 0.52197266 -0.47827148 0.70654297
vn 0.42407227 -0.47314453 0.77246094
vn 0.4724121 -0.52685547 0.70654297
vn 0.37573242 -0.51220703 0.77246094
vn 0.57177734 -0.52441406 0.63134766
vn 0.41845703 -0.5708008 0.70654297
vn 0.32373047 -0.546875 0.77246094
vn 0.3605957 -0.609375 0.70654297
vn 0.2685547 -0.5756836 0.77246094
vn 0.29907227 -0.64160156 0.70654297
vn 0.21069336 -0.5991211 0.77246094
vn 0.3984375 -0.6748047 0.62109375
vn 0.4411621 -0.6015625 0.6660156
vn 0.23486328 -0.66796875 0.70654297
vn 0.18115234 -0.609375 0.77197266
vn 0.2019043 -0.67871094 0.7060547
vn 0.5234375 -0.5830078 0.62158203
vn 0.5239258 -0.6220703 0.58203125
vn 0.5776367 -0.56884766 0.5859375
vn 0.43579102 -0.68652344 0.58203125
vn 0.61621094 -0.52978516 0.58251953
vn 0.36865234 -0.7216797 0.5859375
vn 0.328125 -0.7026367 0.63134766
vn 0.32006836 -0.7470703 0.58251953
vn 0.6616211 -0.5078125 0.5522461
vn 0.66503906 -0.5439453 0.51171875
vn 0.7207031 -0.49682617 0.48364258
vn 0.75390625 -0.45874023 0.47045898
vn 0.74658203 -0.51708984 0.41845703
vn 0.78759766 -0.48291016 0.38232422
vn 0.76953125 -0.5307617 0.35498047
vn 0.8173828 -0.49902344 0.28808594
vn 0.79345703 -0.5415039 0.27807617
vn 0.7817383 -0.5722656 0.24731445
vn 0.83691406 -0.5102539 0.19641113
vn 0.78271484 -0.58740234 0.20471191
vn 0.8510742 -0.5161133 0.09686279
vn 0.75439453 -0.63427734 0.16723633
vn 0.79541016 -0.59765625 0.09729004
vn 0.8540039 -0.5180664 0.047058105
vn 0.7988281 -0.5996094 0.047058105
vn 0.7319336 -0.6748047 0.095336914
vn 0.73583984 -0.66064453 0.14831543
vn 0.7348633 -0.6767578 0.049926758
vn 0.6904297 -0.7192383 0.07537842
vn 0.66845703 -0.7416992 0.055419922
vn 0.6489258 -0.7583008 0.056915283
vn 0.5908203 -0.80566406 0.046844482
vn 0.5908203 -0.80566406 0.046844482
vn 0.50634766 -0.86083984 0.055419922
vn 0.5283203 -0.84716797 0.056915283
vn 0.47851562 -0.875 0.07537842
vn 0.4243164 -0.9042969 0.049957275
vn 0.42407227 -0.9003906 0.09576416
vn 0.41870117 -0.89501953 0.15393066
vn 0.3786621 -0.91015625 0.16748047
vn 0.33007812 -0.93896484 0.09686279
vn 0.33129883 -0.9423828 0.047058105
vn 0.2836914 -0.95410156 0.09674072
vn 0.28466797 -0.95751953 0.04699707
vn 0.28100586 -0.9394531 0.19592285
vn 0.3293457 -0.92333984 0.19812012
vn 0.34179688 -0.9057617 0.25024414
vn 0.2788086 -0.9169922 0.2849121
vn 0.27441406 -0.9169922 0.28881836
vn 0.27490234 -0.8935547 0.35498047
vn 0.27148438 -0.8833008 0.38208008
vn 0.26879883 -0.8676758 0.41845703
vn 0.2541504 -0.84521484 0.46972656
vn 0.25732422 -0.83691406 0.48364258
vn 0.23718262 -0.79785156 0.5541992
vn 0.28515625 -0.7836914 0.5522461
vn 0.3190918 -0.79785156 0.51171875
vn 0.22058105 -0.7416992 0.6333008
vn 0.2565918 -0.72998047 0.63378906
vn 0.6953125 0.13439941 0.7060547
vn 0.62890625 0.089782715 0.77246094
vn 0.62402344 0.12060547 0.77197266
vn 0.7006836 0.10003662 0.70654297
vn 0.7597656 0.14685059 0.6333008
vn 0.6347656 0.027709961 0.77246094
vn 0.765625 0.109313965 0.63378906
vn 0.8173828 0.15783691 0.5541992
vn 0.70703125 0.030883789 0.70654297
vn 0.63427734 -0.03463745 0.77246094
vn 0.82373047 0.11755371 0.5546875
vn 0.8666992 0.1673584 0.47021484
vn 0.70703125 -0.03857422 0.70654297
vn 0.6279297 -0.09661865 0.77246094
vn 0.7729492 0.03375244 0.63378906
vn 0.87353516 0.124694824 0.47070312
vn 0.90771484 0.17529297 0.38183594
vn 0.69970703 -0.107666016 0.70654297
vn 0.6152344 -0.15771484 0.77246094
vn 0.77246094 -0.042175293 0.63378906
vn 0.8310547 0.0362854 0.5546875
vn 0.91503906 0.13061523 0.38208008
vn 0.9399414 0.18151855 0.28955078
vn 0.6855469 -0.17578125 0.70654297
vn 0.59716797 -0.21728516 0.77246094
vn 0.88134766 0.038482666 0.47070312
vn 0.76464844 -0.11767578 0.63378906
vn 0.8305664 -0.04534912 0.5546875
vn 0.9472656 0.1352539 0.28979492
vn 0.9628906 0.18603516 0.19458008
vn 0.66503906 -0.24206543 0.70654297
vn 0.5727539 -0.2746582 0.77246094
vn 0.92333984 0.04031372 0.38208008
vn 0.8808594 -0.048095703 0.47070312
vn 0.7495117 -0.1920166 0.63378906
vn 0.8222656 -0.12658691 0.5546875
vn 0.9711914 0.1385498 0.19482422
vn 0.9770508 0.18884277 0.09674072
vn 0.6381836 -0.30615234 0.70654297
vn 0.54296875 -0.32958984 0.77246094
vn 0.60498047 -0.3671875 0.70654297
vn 0.7270508 -0.26464844 0.63378906
vn 0.6977539 -0.33447266 0.63378906
vn 0.6611328 -0.4013672 0.63378906
vn 0.80566406 -0.20654297 0.5546875
vn 0.75 -0.35986328 0.5546875
vn 0.7114258 -0.43164062 0.5546875
vn 0.7817383 -0.28442383 0.5546875
vn 0.8720703 -0.13415527 0.47070312
vn 0.79541016 -0.3815918 0.47070312
vn 0.75390625 -0.45874023 0.47045898
vn 0.82910156 -0.3017578 0.47070312
vn 0.8544922 -0.21899414 0.47070312
vn 0.92285156 -0.05038452 0.38208008
vn 0.8330078 -0.3996582 0.38208008
vn 0.78759766 -0.48291016 0.38232422
vn 0.9135742 -0.140625 0.38208008
vn 0.86816406 -0.3161621 0.38208008
vn 0.89501953 -0.22937012 0.38208008
vn 0.9560547 0.041748047 0.28979492
vn 0.86279297 -0.41381836 0.28979492
vn 0.8173828 -0.49902344 0.28808594
vn 0.9555664 -0.05218506 0.28979492
vn 0.9458008 -0.14562988 0.28979492
vn 0.89941406 -0.32739258 0.28979492
vn 0.9272461 -0.23754883 0.28979492
vn 0.97998047 0.042785645 0.19482422
vn 0.88427734 -0.4243164 0.19482422
vn 0.83691406 -0.5102539 0.19641113
vn 0.9794922 -0.053466797 0.19482422
vn 0.9692383 -0.14916992 0.19482422
vn 0.921875 -0.33544922 0.19482422
vn 0.9501953 -0.24353027 0.19482422
vn 0.98535156 0.140625 0.09686279
vn 0.98095703 0.18945312 0.04699707
vn 0.98876953 0.14111328 0.047058105
vn 0.9941406 0.043426514 0.09686279
vn 0.9980469 0.0435791 0.047058105
vn 0.99365234 -0.054260254 0.09686279
vn 0.9975586 -0.05444336 0.047058105
vn 0.9838867 -0.15136719 0.09686279
vn 0.9873047 -0.15197754 0.047058105
vn 0.96435547 -0.24707031 0.09686279
vn 0.96777344 -0.24804688 0.047058105
vn 0.9350586 -0.34033203 0.09686279
vn 0.93847656 -0.34155273 0.047058105
vn 0.89746094 -0.43041992 0.09686279
vn 0.9008789 -0.4321289 0.047058105
vn 0.8510742 -0.5161133 0.09686279
vn 0.8540039 -0.5180664 0.047058105
vn 0.27001953 -0.16394043 -0.94873047
vn 0.2849121 -0.13659668 -0.94873047
vn 0.27001953 -0.16394043 -0.94873047
vn 0.2849121 -0.13659668 -0.94873047
vn 0.296875 -0.10803223 -0.94873047
vn 0.296875 -0.10803223 -0.94873047
vn 0.3059082 -0.078430176 -0.94873047
vn 0.3059082 -0.078430176 -0.94873047
vn 0.31225586 -0.048065186 -0.94873047
vn 0.31225586 -0.048065186 -0.94873047
vn 0.3154297 -0.017227173 -0.94873047
vn 0.3154297 -0.017227173 -0.94873047
vn 0.31567383 0.0137786865 -0.94873047
vn 0.31567383 0.0137786865 -0.94873047
vn 0.31274414 0.0446167 -0.94873047
vn 0.31274414 0.0446167 -0.94873047
vn 0.31054688 0.05996704 -0.94873047
vn 0.31054688 0.05996704 -0.94873047
vn 0.25268555 -0.1895752 -0.94873047
vn 0.27001953 -0.16394043 -0.94873047
vn 0.27001953 -0.16394043 -0.94873047
vn 0.25268555 -0.1895752 -0.94873047
vn 0.23291016 -0.2133789 -0.94873047
vn 0.23291016 -0.2133789 -0.94873047
vn 0.21081543 -0.23522949 -0.94873047
vn 0.21081543 -0.23522949 -0.94873047
vn 0.18676758 -0.25463867 -0.94873047
vn 0.18676758 -0.25463867 -0.94873047
vn 0.16088867 -0.27172852 -0.94873047
vn 0.16088867 -0.27172852 -0.94873047
vn 0.13354492 -0.28637695 -0.94873047
vn 0.13354492 -0.28637695 -0.94873047
vn 0.10479736 -0.2980957 -0.94873047
vn 0.10479736 -0.2980957 -0.94873047
vn 0.090148926 -0.30322266 -0.94873047
vn 0.090148926 -0.30322266 -0.94873047
vn 0.85498047 -0.5185547 0
vn 0.90185547 -0.43237305 0
vn 0.85498047 -0.5185547 0
vn 0.90185547 -0.43237305 0
vn 0.9394531 -0.34204102 0
vn 0.9394531 -0.34204102 0
vn 0.96875 -0.24829102 0
vn 0.96875 -0.24829102 0
vn 0.98828125 -0.15209961 0
vn 0.98828125 -0.15209961 0
vn 0.99853516 -0.054504395 0
vn 0.99853516 -0.054504395 0
vn 0.99902344 0.04360962 0
vn 0.99902344 0.04360962 0
vn 0.9897461 0.14135742 0
vn 0.9897461 0.14135742 0
vn 0.9819336 0.18969727 0
vn 0.9819336 0.18969727 0
vn 0.7998047 -0.60009766 0
vn 0.85498047 -0.5185547 0
vn 0.85498047 -0.5185547 0
vn 0.7998047 -0.60009766 0
vn 0.7373047 -0.67578125 0
vn 0.7373047 -0.67578125 0
vn 0.66748047 -0.7446289 0
vn 0.66748047 -0.7446289 0
vn 0.5913086 -0.8066406 0
vn 0.5913086 -0.8066406 0
vn 0.50927734 -0.86035156 0
vn 0.50927734 -0.86035156 0
vn 0.42260742 -0.90625 0
vn 0.42260742 -0.90625 0
vn 0.3317871 -0.9433594 0
vn 0.3317871 -0.9433594 0
vn 0.28515625 -0.9584961 0
vn 0.28515625 -0.9584961 0
vn 0.2849121 -0.13659668 0.94873047
vn 0.27001953 -0.16394043 0.94873047
vn 0.27001953 -0.16394043 0.94873047
vn 0.2849121 -0.13659668 0.94873047
vn 0.296875 -0.10803223 0.94873047
vn 0.296875 -0.10803223 0.94873047
vn 0.3059082 -0.078430176 0.94873047
vn 0.3059082 -0.078430176 0.94873047
vn 0.31225586 -0.048065186 0.94873047
vn 0.31225586 -0.048065186 0.94873047
vn 0.3154297 -0.017227173 0.94873047
vn 0.3154297 -0.017227173 0.94873047
vn 0.31567383 0.0137786865 0.94873047
vn 0.31567383 0.0137786865 0.94873047
vn 0.31274414 0.044647217 0.94873047
vn 0.31274414 0.044647217 0.94873047
vn 0.31054688 0.05999756 0.94873047
vn 0.31054688 0.05999756 0.94873047
vn 0.27001953 -0.16394043 0.94873047
vn 0.25268555 -0.1895752 0.94873047
vn 0.27001953 -0.16394043 0.94873047
vn 0.25268555 -0.1895752 0.94873047
vn 0.23291016 -0.2133789 0.94873047
vn 0.23291016 -0.2133789 0.94873047
vn 0.21081543 -0.23522949 0.94873047
vn 0.21081543 -0.23522949 0.94873047
vn 0.18676758 -0.25463867 0.94873047
vn 0.18676758 -0.25463867 0.94873047
vn 0.16088867 -0.27172852 0.94873047
vn 0.16088867 -0.27172852 0.94873047
vn 0.13354492 -0.28637695 0.94873047
vn 0.13354492 -0.28637695 0.94873047
vn 0.10479736 -0.2980957 0.94873047
vn 0.10479736 -0.2980957 0.94873047
vn 0.090148926 -0.30322266 0.94873047
vn 0.090148926 -0.30322266 0.94873047
vn 0.8510742 -0.5161133 -0.09686279
vn 0.7988281 -0.5996094 -0.047058105
vn 0.8540039 -0.5180664 -0.047058105
vn 0.7963867 -0.59716797 -0.09686279
vn 0.8383789 -0.50878906 -0.19482422
vn 0.7363281 -0.6748047 -0.047058105
vn 0.78466797 -0.5883789 -0.19482422
vn 0.8183594 -0.49658203 -0.28979492
vn 0.7338867 -0.6723633 -0.09686279
vn 0.6669922 -0.74365234 -0.047058105
vn 0.765625 -0.57421875 -0.28979492
vn 0.79003906 -0.4794922 -0.38208008
vn 0.6645508 -0.74121094 -0.09686279
vn 0.5908203 -0.80566406 -0.047058105
vn 0.72314453 -0.66259766 -0.19482422
vn 0.7392578 -0.5546875 -0.38208008
vn 0.75439453 -0.45776367 -0.47070312
vn 0.5883789 -0.8027344 -0.09686279
vn 0.50878906 -0.859375 -0.047058105
vn 0.65478516 -0.73046875 -0.19482422
vn 0.7055664 -0.6464844 -0.28979492
vn 0.7055664 -0.5292969 -0.47070312
vn 0.7114258 -0.43164062 -0.5546875
vn 0.50683594 -0.8564453 -0.09686279
vn 0.42211914 -0.90527344 -0.047058105
vn 0.68115234 -0.6245117 -0.38208008
vn 0.5800781 -0.7910156 -0.19482422
vn 0.6386719 -0.71240234 -0.28979492
vn 0.66552734 -0.49926758 -0.5546875
vn 0.6611328 -0.4013672 -0.63378906
vn 0.4206543 -0.90185547 -0.09686279
vn 0.33129883 -0.9423828 -0.047058105
vn 0.6503906 -0.5961914 -0.47070312
vn 0.6166992 -0.6879883 -0.38208008
vn 0.49975586 -0.8442383 -0.19482422
vn 0.56591797 -0.77197266 -0.28979492
vn 0.61865234 -0.46435547 -0.63378906
vn 0.60498047 -0.3671875 -0.70654297
vn 0.33007812 -0.93896484 -0.09686279
vn 0.28466797 -0.95751953 -0.04699707
vn 0.2836914 -0.95410156 -0.09674072
vn 0.41455078 -0.88916016 -0.19482422
vn 0.32543945 -0.92529297 -0.19482422
vn 0.27954102 -0.9404297 -0.19458008
vn 0.48754883 -0.82373047 -0.28979492
vn 0.40454102 -0.8671875 -0.28979492
vn 0.3173828 -0.90283203 -0.28979492
vn 0.27294922 -0.91748047 -0.28955078
vn 0.5463867 -0.7451172 -0.38208008
vn 0.47070312 -0.79541016 -0.38208008
vn 0.390625 -0.83740234 -0.38208008
vn 0.30664062 -0.87158203 -0.38208008
vn 0.26342773 -0.8857422 -0.38183594
vn 0.5888672 -0.6567383 -0.47070312
vn 0.5214844 -0.7114258 -0.47070312
vn 0.4494629 -0.75927734 -0.47070312
vn 0.37280273 -0.7998047 -0.47070312
vn 0.2927246 -0.83251953 -0.47070312
vn 0.25146484 -0.8457031 -0.47021484
vn 0.61328125 -0.5620117 -0.5546875
vn 0.5551758 -0.6196289 -0.5546875
vn 0.49194336 -0.67089844 -0.5546875
vn 0.42382812 -0.7158203 -0.5546875
vn 0.3515625 -0.75390625 -0.5546875
vn 0.2758789 -0.78466797 -0.5546875
vn 0.23730469 -0.79785156 -0.5541992
vn 0.5703125 -0.52246094 -0.63378906
vn 0.51660156 -0.5761719 -0.63378906
vn 0.45751953 -0.62402344 -0.63378906
vn 0.39404297 -0.66552734 -0.63378906
vn 0.3269043 -0.7011719 -0.63378906
vn 0.2565918 -0.72998047 -0.63378906
vn 0.22058105 -0.7416992 -0.6333008
vn 0.56640625 -0.4248047 -0.70654297
vn 0.54296875 -0.32958984 -0.77246094
vn 0.52197266 -0.47827148 -0.70654297
vn 0.5083008 -0.38134766 -0.77246094
vn 0.47583008 -0.28881836 -0.8305664
vn 0.4453125 -0.33398438 -0.8305664
vn 0.46850586 -0.42919922 -0.77246094
vn 0.4104004 -0.37597656 -0.8305664
vn 0.4724121 -0.52685547 -0.70654297
vn 0.42407227 -0.47314453 -0.77246094
vn 0.37158203 -0.41455078 -0.8305664
vn 0.41845703 -0.5708008 -0.70654297
vn 0.37573242 -0.51220703 -0.77246094
vn 0.32910156 -0.4489746 -0.8305664
vn 0.3605957 -0.609375 -0.70654297
vn 0.32373047 -0.546875 -0.77246094
vn 0.28344727 -0.4790039 -0.8305664
vn 0.29907227 -0.64160156 -0.70654297
vn 0.2685547 -0.5756836 -0.77246094
vn 0.23522949 -0.50439453 -0.8305664
vn 0.23486328 -0.66796875 -0.70654297
vn 0.2019043 -0.67871094 -0.7060547
vn 0.21081543 -0.5991211 -0.77246094
vn 0.18469238 -0.52490234 -0.8305664
vn 0.18127441 -0.609375 -0.77197266
vn 0.15881348 -0.5341797 -0.8305664
vn 0.9770508 0.18884277 -0.09674072
vn 0.98876953 0.14111328 -0.047058105
vn 0.98095703 0.18945312 -0.04699707
vn 0.98535156 0.140625 -0.09686279
vn 0.9628906 0.18603516 -0.19458008
vn 0.9980469 0.0435791 -0.047058105
vn 0.9711914 0.1385498 -0.19482422
vn 0.9399414 0.18151855 -0.28955078
vn 0.9941406 0.043426514 -0.09686279
vn 0.9975586 -0.05444336 -0.047058105
vn 0.9472656 0.1352539 -0.28979492
vn 0.90771484 0.17529297 -0.38183594
vn 0.99365234 -0.054260254 -0.09686279
vn 0.9873047 -0.15197754 -0.047058105
vn 0.97998047 0.042785645 -0.19482422
vn 0.91503906 0.13061523 -0.38208008
vn 0.8666992 0.1673584 -0.47021484
vn 0.9838867 -0.15136719 -0.09686279
vn 0.96777344 -0.24804688 -0.047058105
vn 0.9794922 -0.053466797 -0.19482422
vn 0.9560547 0.041748047 -0.28979492
vn 0.87353516 0.12463379 -0.47070312
vn 0.8173828 0.15783691 -0.5541992
vn 0.96435547 -0.24707031 -0.09686279
vn 0.93847656 -0.34155273 -0.047058105
vn 0.92333984 0.04031372 -0.38208008
vn 0.9692383 -0.14916992 -0.19482422
vn 0.9555664 -0.05218506 -0.28979492
vn 0.82373047 0.11755371 -0.5546875
vn 0.7597656 0.14672852 -0.6333008
vn 0.9350586 -0.34033203 -0.09686279
vn 0.9008789 -0.4321289 -0.047058105
vn 0.88134766 0.038482666 -0.47070312
vn 0.92285156 -0.05038452 -0.38208008
vn 0.9501953 -0.24353027 -0.19482422
vn 0.9458008 -0.14562988 -0.28979492
vn 0.765625 0.109313965 -0.63378906
vn 0.6953125 0.13427734 -0.7060547
vn 0.89746094 -0.43041992 -0.09686279
vn 0.8540039 -0.5180664 -0.047058105
vn 0.8510742 -0.5161133 -0.09686279
vn 0.921875 -0.33544922 -0.19482422
vn 0.88427734 -0.4243164 -0.19482422
vn 0.8383789 -0.50878906 -0.19482422
vn 0.9272461 -0.23754883 -0.28979492
vn 0.86279297 -0.41381836 -0.28979492
vn 0.8183594 -0.49658203 -0.28979492
vn 0.89941406 -0.32739258 -0.28979492
vn 0.9135742 -0.140625 -0.38208008
vn 0.8330078 -0.3996582 -0.38208008
vn 0.79003906 -0.4794922 -0.38208008
vn 0.86816406 -0.3161621 -0.38208008
vn 0.89501953 -0.22937012 -0.38208008
vn 0.8808594 -0.048095703 -0.47070312
vn 0.79541016 -0.3815918 -0.47070312
vn 0.75439453 -0.45776367 -0.47070312
vn 0.8720703 -0.13415527 -0.47070312
vn 0.82910156 -0.3017578 -0.47070312
vn 0.8544922 -0.21899414 -0.47070312
vn 0.8310547 0.0362854 -0.5546875
vn 0.75 -0.35986328 -0.5546875
vn 0.7114258 -0.43164062 -0.5546875
vn 0.8305664 -0.04534912 -0.5546875
vn 0.8222656 -0.12658691 -0.5546875
vn 0.7817383 -0.28442383 -0.5546875
vn 0.80566406 -0.20654297 -0.5546875
vn 0.7729492 0.03375244 -0.63378906
vn 0.6977539 -0.33447266 -0.63378906
vn 0.6611328 -0.4013672 -0.63378906
vn 0.77246094 -0.042175293 -0.63378906
vn 0.76464844 -0.11767578 -0.63378906
vn 0.7270508 -0.26464844 -0.63378906
vn 0.7495117 -0.1920166 -0.63378906
vn 0.7006836 0.10003662 -0.70654297
vn 0.62402344 0.12054443 -0.77197266
vn 0.70703125 0.030883789 -0.70654297
vn 0.62890625 0.08972168 -0.77246094
vn 0.546875 0.10559082 -0.8305664
vn 0.55126953 0.07861328 -0.8305664
vn 0.6347656 0.027709961 -0.77246094
vn 0.55615234 0.024276733 -0.8305664
vn 0.70703125 -0.03857422 -0.70654297
vn 0.63427734 -0.03463745 -0.77246094
vn 0.55566406 -0.030349731 -0.8305664
vn 0.69970703 -0.107666016 -0.70654297
vn 0.6279297 -0.09661865 -0.77246094
vn 0.55029297 -0.08465576 -0.8305664
vn 0.6855469 -0.17578125 -0.70654297
vn 0.6152344 -0.15771484 -0.77246094
vn 0.5390625 -0.1381836 -0.8305664
vn 0.66503906 -0.24206543 -0.70654297
vn 0.59716797 -0.21728516 -0.77246094
vn 0.5229492 -0.19042969 -0.8305664
vn 0.6381836 -0.30615234 -0.70654297
vn 0.60498047 -0.3671875 -0.70654297
vn 0.5727539 -0.2746582 -0.77246094
vn 0.5019531 -0.24072266 -0.8305664
vn 0.54296875 -0.32958984 -0.77246094
vn 0.47583008 -0.28881836 -0.8305664
vn 0.40405273 -0.24523926 -0.88134766
vn 0.4453125 -0.33398438 -0.8305664
vn 0.47583008 -0.28881836 -0.8305664
vn 0.3779297 -0.2836914 -0.88134766
vn 0.32836914 -0.19921875 -0.92333984
vn 0.4104004 -0.37597656 -0.8305664
vn 0.3071289 -0.23046875 -0.92333984
vn 0.24938965 -0.15136719 -0.95654297
vn 0.34838867 -0.31933594 -0.88134766
vn 0.37158203 -0.41455078 -0.8305664
vn 0.23327637 -0.17504883 -0.95654297
vn 0.16809082 -0.101989746 -0.98046875
vn 0.3154297 -0.35180664 -0.88134766
vn 0.32910156 -0.4489746 -0.8305664
vn 0.28320312 -0.25952148 -0.92333984
vn 0.15722656 -0.11798096 -0.98046875
vn 0.12548828 -0.076171875 -0.9892578
vn 0.117370605 -0.08807373 -0.9892578
vn 0.27954102 -0.38110352 -0.88134766
vn 0.28344727 -0.4790039 -0.8305664
vn 0.25634766 -0.28588867 -0.92333984
vn 0.21508789 -0.19702148 -0.95654297
vn 0.14489746 -0.1328125 -0.98046875
vn 0.10821533 -0.099121094 -0.9892578
vn 0.24072266 -0.40673828 -0.88134766
vn 0.23522949 -0.50439453 -0.8305664
vn 0.22705078 -0.3095703 -0.92333984
vn 0.19470215 -0.21716309 -0.95654297
vn 0.13122559 -0.1463623 -0.98046875
vn 0.097961426 -0.10925293 -0.9892578
vn 0.19970703 -0.42822266 -0.88134766
vn 0.18469238 -0.52490234 -0.8305664
vn 0.19555664 -0.33032227 -0.92333984
vn 0.17248535 -0.23522949 -0.95654297
vn 0.11621094 -0.15856934 -0.98046875
vn 0.08679199 -0.11834717 -0.9892578
vn 0.15673828 -0.44580078 -0.88134766
vn 0.15881348 -0.5341797 -0.8305664
vn 0.1348877 -0.45336914 -0.8808594
vn 0.16223145 -0.3479004 -0.92333984
vn 0.14855957 -0.25097656 -0.95654297
vn 0.10015869 -0.16918945 -0.98046875
vn 0.07476807 -0.12634277 -0.9892578
vn 0.1274414 -0.3623047 -0.92333984
vn 0.10961914 -0.3684082 -0.92333984
vn 0.123291016 -0.2644043 -0.95654297
vn 0.08306885 -0.17810059 -0.98046875
vn 0.06201172 -0.13305664 -0.9892578
vn 0.09680176 -0.27514648 -0.95654297
vn 0.08331299 -0.27978516 -0.95654297
vn 0.06524658 -0.1854248 -0.98046875
vn 0.048706055 -0.13842773 -0.9892578
vn 0.056152344 -0.18859863 -0.98046875
vn 0.041931152 -0.14074707 -0.9892578
vn 0.13232422 -0.06347656 -0.9892578
vn 0.12548828 -0.076171875 -0.9892578
vn 0.16809082 -0.101989746 -0.98046875
vn 0.1772461 -0.08502197 -0.98046875
vn 0.13793945 -0.050201416 -0.9892578
vn 0.24938965 -0.15136719 -0.95654297
vn 0.18469238 -0.06726074 -0.98046875
vn 0.14221191 -0.03643799 -0.9892578
vn 0.26293945 -0.1262207 -0.95654297
vn 0.32836914 -0.19921875 -0.92333984
vn 0.19042969 -0.048797607 -0.98046875
vn 0.14501953 -0.022323608 -0.9892578
vn 0.3461914 -0.1661377 -0.92333984
vn 0.40405273 -0.24523926 -0.88134766
vn 0.27416992 -0.09979248 -0.95654297
vn 0.19433594 -0.029907227 -0.98046875
vn 0.14648438 -0.008003235 -0.9892578
vn 0.4260254 -0.2043457 -0.88134766
vn 0.47583008 -0.28881836 -0.8305664
vn 0.5019531 -0.24072266 -0.8305664
vn 0.36083984 -0.13134766 -0.92333984
vn 0.2824707 -0.072387695 -0.95654297
vn 0.4440918 -0.1616211 -0.88134766
vn 0.5229492 -0.19042969 -0.8305664
vn 0.19628906 -0.010719299 -0.98046875
vn 0.14660645 0.006401062 -0.9892578
vn 0.3720703 -0.095336914 -0.92333984
vn 0.45776367 -0.11730957 -0.88134766
vn 0.5390625 -0.1381836 -0.8305664
vn 0.28833008 -0.04437256 -0.95654297
vn 0.19641113 0.008575439 -0.98046875
vn 0.14526367 0.020690918 -0.9892578
vn 0.46704102 -0.071899414 -0.88134766
vn 0.55029297 -0.08465576 -0.8305664
vn 0.37963867 -0.058410645 -0.92333984
vn 0.29125977 -0.015899658 -0.95654297
vn 0.19458008 0.02772522 -0.98046875
vn 0.14428711 0.027770996 -0.9892578
vn 0.1932373 0.037231445 -0.98046875
vn 0.47192383 -0.025756836 -0.88134766
vn 0.55566406 -0.030349731 -0.8305664
vn 0.38330078 -0.020935059 -0.92333984
vn 0.2915039 0.01272583 -0.95654297
vn 0.28881836 0.041168213 -0.95654297
vn 0.2866211 0.05529785 -0.95654297
vn 0.38354492 0.01675415 -0.92333984
vn 0.47216797 0.020614624 -0.88134766
vn 0.55615234 0.024276733 -0.8305664
vn 0.38012695 0.054229736 -0.92333984
vn 0.3774414 0.07281494 -0.92333984
vn 0.46777344 0.06677246 -0.88134766
vn 0.55126953 0.07861328 -0.8305664
vn 0.46435547 0.089660645 -0.8808594
vn 0.546875 0.10559082 -0.8305664
vn 0.78222656 -0.5107422 0.3564453
vn 0.74609375 -0.5136719 0.42333984
vn 0.7871094 -0.4411621 0.4309082
vn 0.7475586 -0.5576172 0.36083984
vn 0.7836914 -0.5527344 0.28271484
vn 0.67871094 -0.61083984 0.40722656
vn 0.75439453 -0.5834961 0.30078125
vn 0.82177734 -0.53564453 0.19396973
vn 0.69189453 -0.62109375 0.36767578
vn 0.64404297 -0.65234375 0.39941406
vn 0.77441406 -0.58740234 0.23486328
vn 0.78564453 -0.6010742 0.14697266
vn 0.74658203 -0.63671875 0.19262695
vn 0.6977539 -0.63671875 0.32836914
vn 0.6538086 -0.65966797 0.37109375
vn 0.58935547 -0.70996094 0.3857422
vn 0.6953125 -0.65722656 0.29101562
vn 0.6850586 -0.6816406 0.25732422
vn 0.65771484 -0.67089844 0.34277344
vn 0.5932617 -0.7128906 0.37402344
vn 0.54833984 -0.7475586 0.37451172
vn 0.6557617 -0.6855469 0.31591797
vn 0.6484375 -0.703125 0.2919922
vn 0.59472656 -0.71777344 0.3623047
vn 0.5942383 -0.7236328 0.35107422
vn 0.5908203 -0.73095703 0.34106445
vn 0.74853516 -0.65527344 0.1026001
vn 0.74658203 -0.63671875 0.19262695
vn 0.78564453 -0.6010742 0.14697266
vn 0.71777344 -0.67871094 0.1538086
vn 0.6953125 -0.71533203 0.07183838
vn 0.6850586 -0.6816406 0.25732422
vn 0.6777344 -0.7246094 0.1239624
vn 0.65771484 -0.7529297 -0.013969421
vn 0.6669922 -0.7084961 0.22937012
vn 0.6484375 -0.703125 0.2919922
vn 0.6357422 -0.72265625 0.27172852
vn 0.5908203 -0.73095703 0.34106445
vn 0.6430664 -0.7368164 0.20825195
vn 0.64453125 -0.76123047 0.072631836
vn 0.5859375 -0.73876953 0.33276367
vn 0.54833984 -0.7475586 0.37451172
vn 0.5908203 -0.80566406 0.04534912
vn 0.58984375 -0.8046875 -0.06762695
vn 0.61376953 -0.7651367 0.19506836
vn 0.5805664 -0.7915039 0.19067383
vn 0.61816406 -0.7426758 0.2565918
vn 0.59716797 -0.7631836 0.24719238
vn 0.5732422 -0.78222656 0.24401855
vn 0.5786133 -0.7475586 0.32666016
vn 0.5698242 -0.7558594 0.3227539
vn 0.5600586 -0.7636719 0.32128906
vn 0.25195312 -0.89990234 0.3564453
vn 0.18395996 -0.8833008 0.4309082
vn 0.265625 -0.86621094 0.42333984
vn 0.3071289 -0.8803711 0.36083984
vn 0.2915039 -0.9140625 0.28271484
vn 0.3786621 -0.8310547 0.40722656
vn 0.32983398 -0.89501953 0.30078125
vn 0.26367188 -0.9448242 0.19396973
vn 0.38427734 -0.8466797 0.36767578
vn 0.42871094 -0.8105469 0.39941406
vn 0.32714844 -0.91552734 0.23486328
vn 0.3371582 -0.9296875 0.14697266
vn 0.38305664 -0.9033203 0.19262695
vn 0.39746094 -0.8569336 0.32836914
vn 0.4326172 -0.82177734 0.37109375
vn 0.5 -0.7753906 0.3857422
vn 0.4177246 -0.86083984 0.29101562
vn 0.4440918 -0.85839844 0.25732422
vn 0.44213867 -0.82910156 0.34277344
vn 0.50146484 -0.78027344 0.37402344
vn 0.54833984 -0.7475586 0.37451172
vn 0.4567871 -0.83154297 0.31591797
vn 0.47558594 -0.82958984 0.2919922
vn 0.5053711 -0.7832031 0.3623047
vn 0.51171875 -0.7841797 0.35107422
vn 0.51953125 -0.7832031 0.3413086
vn 0.5205078 -0.8540039 -0.013969421
vn 0.5908203 -0.80566406 0.04534912
vn 0.58984375 -0.8046875 -0.06762695
vn 0.53222656 -0.84375 0.072631836
vn 0.4873047 -0.8642578 0.1239624
vn 0.47314453 -0.8779297 0.07183838
vn 0.5449219 -0.8154297 0.19506836
vn 0.5805664 -0.7915039 0.19067383
vn 0.43164062 -0.8886719 0.1538086
vn 0.3996582 -0.91064453 0.1026001
vn 0.50927734 -0.83496094 0.20825195
vn 0.54785156 -0.7988281 0.24719238
vn 0.5732422 -0.78222656 0.24401855
vn 0.38305664 -0.9033203 0.19262695
vn 0.3371582 -0.9296875 0.14697266
vn 0.4440918 -0.85839844 0.25732422
vn 0.47509766 -0.8496094 0.22924805
vn 0.47558594 -0.82958984 0.2919922
vn 0.49780273 -0.82373047 0.27172852
vn 0.51953125 -0.7832031 0.3413086
vn 0.52246094 -0.8129883 0.2565918
vn 0.5288086 -0.7807617 0.33276367
vn 0.54833984 -0.7475586 0.37451172
vn 0.5390625 -0.7763672 0.32666016
vn 0.5493164 -0.7705078 0.3227539
vn 0.5600586 -0.7636719 0.32128906
vn 0.46777344 -0.73828125 0.4855957
vn 0.52490234 -0.7373047 0.42529297
vn 0.5161133 -0.74560547 0.42163086
vn 0.54833984 -0.7475586 0.37451172
vn 0.48901367 -0.7182617 0.49487305
vn 0.4333496 -0.73095703 0.52734375
vn 0.53466797 -0.7294922 0.4267578
vn 0.46264648 -0.7026367 0.54052734
vn 0.36669922 -0.7114258 0.5991211
vn 0.54541016 -0.72216797 0.42529297
vn 0.55615234 -0.7163086 0.42163086
vn 0.56347656 -0.66845703 0.4855957
vn 0.53808594 -0.6821289 0.49487305
vn 0.56689453 -0.6328125 0.52734375
vn 0.5126953 -0.69921875 0.49804688
vn 0.53125 -0.65283203 0.54052734
vn 0.5683594 -0.56396484 0.5991211
vn 0.41210938 -0.6699219 0.6171875
vn 0.32080078 -0.6948242 0.6435547
vn 0.37548828 -0.6425781 0.66796875
vn 0.4958496 -0.67626953 0.5449219
vn 0.5151367 -0.59472656 0.6171875
vn 0.56640625 -0.51464844 0.6435547
vn 0.5 -0.55126953 0.66796875
vn 0.45288086 -0.6176758 0.6430664
vn 0.41577148 -0.56689453 0.7114258
vn 0.42871094 -0.8105469 0.39941406
vn 0.5004883 -0.76953125 0.39672852
vn 0.5 -0.7753906 0.3857422
vn 0.54833984 -0.7475586 0.37451172
vn 0.43041992 -0.79589844 0.42626953
vn 0.3786621 -0.8310547 0.40722656
vn 0.50390625 -0.76220703 0.40673828
vn 0.38110352 -0.8105469 0.44458008
vn 0.265625 -0.86621094 0.42333984
vn 0.50878906 -0.75390625 0.4152832
vn 0.5161133 -0.74560547 0.42163086
vn 0.43774414 -0.7783203 0.4501953
vn 0.45043945 -0.75878906 0.47045898
vn 0.46777344 -0.73828125 0.4855957
vn 0.29370117 -0.83203125 0.47021484
vn 0.18395996 -0.8833008 0.4309082
vn 0.23876953 -0.84277344 0.48266602
vn 0.39135742 -0.7861328 0.47802734
vn 0.4091797 -0.75927734 0.5058594
vn 0.4333496 -0.73095703 0.52734375
vn 0.30932617 -0.7944336 0.52246094
vn 0.2536621 -0.79589844 0.5498047
vn 0.33129883 -0.75390625 0.5673828
vn 0.36669922 -0.7114258 0.5991211
vn 0.27734375 -0.74609375 0.60546875
vn 0.32080078 -0.6948242 0.6435547
vn 0.64404297 -0.65234375 0.39941406
vn 0.58935547 -0.70996094 0.3857422
vn 0.5830078 -0.7089844 0.39672852
vn 0.54833984 -0.7475586 0.37451172
vn 0.62939453 -0.64990234 0.42626953
vn 0.67871094 -0.61083984 0.40722656
vn 0.5751953 -0.70947266 0.40673828
vn 0.6586914 -0.6074219 0.44458008
vn 0.74609375 -0.5136719 0.42333984
vn 0.56591797 -0.71240234 0.41503906
vn 0.55615234 -0.7163086 0.42163086
vn 0.61035156 -0.6513672 0.4501953
vn 0.5883789 -0.65771484 0.47045898
vn 0.56347656 -0.66845703 0.4855957
vn 0.7055664 -0.53027344 0.47021484
vn 0.7871094 -0.4411621 0.4309082
vn 0.7319336 -0.48095703 0.48266602
vn 0.6323242 -0.6098633 0.47802734
vn 0.6010742 -0.61865234 0.50634766
vn 0.56689453 -0.6328125 0.52734375
vn 0.6645508 -0.5336914 0.52246094
vn 0.6826172 -0.48120117 0.5498047
vn 0.6191406 -0.54248047 0.5673828
vn 0.5683594 -0.56396484 0.5991211
vn 0.6279297 -0.48876953 0.60546875
vn 0.56640625 -0.51464844 0.6435547
vn -0 0 -1
vn 0.09667969 0.023651123 -0.9951172
vn 0.09387207 0.03302002 -0.9951172
vn 0.09020996 0.042053223 -0.9951172
vn 0.09851074 0.0140686035 -0.9951172
vn 0.085632324 0.050689697 -0.9951172
vn 0.09942627 0.0043411255 -0.9951172
vn 0.08026123 0.05883789 -0.9951172
vn 0.099365234 -0.0054244995 -0.9951172
vn 0.07409668 0.066467285 -0.9951172
vn 0.09838867 -0.015144348 -0.9951172
vn 0.06726074 0.07336426 -0.9951172
vn 0.09643555 -0.02470398 -0.9951172
vn 0.0597229 0.079589844 -0.9951172
vn 0.09350586 -0.0340271 -0.9951172
vn 0.051635742 0.08508301 -0.9951172
vn 0.08972168 -0.043060303 -0.9951172
vn 0.043060303 0.08972168 -0.9951172
vn 0.08508301 -0.051635742 -0.9951172
vn 0.0340271 0.09350586 -0.9951172
vn 0.079589844 -0.0597229 -0.9951172
vn 0.02470398 0.09643555 -0.9951172
vn 0.07336426 -0.06726074 -0.9951172
vn 0.015144348 0.09838867 -0.9951172
vn 0.066467285 -0.07409668 -0.9951172
vn 0.0054244995 0.099365234 -0.9951172
vn 0.05883789 -0.08026123 -0.9951172
vn -0.0043411255 0.09942627 -0.9951172
vn 0.050689697 -0.085632324 -0.9951172
vn -0.0140686035 0.09851074 -0.9951172
vn 0.042053223 -0.09020996 -0.9951172
vn -0.023651123 0.09667969 -0.9951172
vn 0.03302002 -0.09387207 -0.9951172
vn -0.03302002 0.09387207 -0.9951172
vn 0.023651123 -0.09667969 -0.9951172
vn -0.042053223 0.09020996 -0.9951172
vn 0.0140686035 -0.09851074 -0.9951172
vn -0.050689697 0.085632324 -0.9951172
vn 0.0043411255 -0.09942627 -0.9951172
vn -0.05883789 0.08026123 -0.9951172
vn -0.0054244995 -0.099365234 -0.9951172
vn -0.066467285 0.07409668 -0.9951172
vn -0.015144348 -0.09838867 -0.9951172
vn -0.07336426 0.06726074 -0.9951172
vn -0.02470398 -0.09643555 -0.9951172
vn -0.079589844 0.0597229 -0.9951172
vn -0.0340271 -0.09350586 -0.9951172
vn -0.08508301 0.051635742 -0.9951172
vn -0.043060303 -0.08972168 -0.9951172
vn -0.08972168 0.043060303 -0.9951172
vn -0.051635742 -0.08508301 -0.9951172
vn -0.09350586 0.0340271 -0.9951172
vn -0.0597229 -0.07965088 -0.9951172
vn -0.09643555 0.02470398 -0.9951172
vn -0.06726074 -0.07336426 -0.9951172
vn -0.09838867 0.015144348 -0.9951172
vn -0.07409668 -0.066467285 -0.9951172
vn -0.099365234 0.005428314 -0.9951172
vn -0.08026123 -0.05883789 -0.9951172
vn -0.09942627 -0.0043411255 -0.9951172
vn -0.085632324 -0.050689697 -0.9951172
vn -0.09851074 -0.0140686035 -0.9951172
vn -0.09020996 -0.042053223 -0.9951172
vn -0.09667969 -0.023651123 -0.9951172
vn -0.09387207 -0.03302002 -0.9951172
vn -0 0 1
vn 0.09387207 0.03302002 0.9951172
vn 0.09667969 0.023651123 0.9951172
vn 0.09020996 0.042053223 0.9951172
vn 0.09851074 0.0140686035 0.9951172
vn 0.085632324 0.050689697 0.9951172
vn 0.09942627 0.0043411255 0.9951172
vn 0.08026123 0.05886841 0.9951172
vn 0.099365234 -0.005428314 0.9951172
vn 0.07409668 0.066467285 0.9951172
vn 0.09838867 -0.015144348 0.9951172
vn 0.06726074 0.07336426 0.9951172
vn 0.09643555 -0.02470398 0.9951172
vn 0.0597229 0.07965088 0.9951172
vn 0.09350586 -0.0340271 0.9951172
vn 0.051635742 0.08508301 0.9951172
vn 0.08972168 -0.043060303 0.9951172
vn 0.043060303 0.08972168 0.9951172
vn 0.08508301 -0.051635742 0.9951172
vn 0.0340271 0.09350586 0.9951172
vn 0.07965088 -0.0597229 0.9951172
vn 0.02470398 0.09643555 0.9951172
vn 0.07336426 -0.06726074 0.9951172
vn 0.015144348 0.09838867 0.9951172
vn 0.066467285 -0.07409668 0.9951172
vn 0.0054244995 0.099365234 0.9951172
vn 0.05883789 -0.08026123 0.9951172
vn -0.0043411255 0.09942627 0.9951172
vn 0.050689697 -0.085632324 0.9951172
vn -0.0140686035 0.09851074 0.9951172
vn 0.042053223 -0.09020996 0.9951172
vn -0.023651123 0.09667969 0.9951172
vn 0.03302002 -0.09387207 0.9951172
vn -0.03302002 0.09387207 0.9951172
vn 0.023651123 -0.09667969 0.9951172
vn -0.042053223 0.09020996 0.9951172
vn 0.0140686035 -0.09851074 0.9951172
vn -0.050689697 0.085632324 0.9951172
vn 0.0043411255 -0.09942627 0.9951172
vn -0.05883789 0.08026123 0.9951172
vn -0.0054244995 -0.099365234 0.9951172
vn -0.066467285 0.07409668 0.9951172
vn -0.015144348 -0.09838867 0.9951172
vn -0.07336426 0.06726074 0.9951172
vn -0.02470398 -0.09643555 0.9951172
vn -0.07965088 0.0597229 0.9951172
vn -0.0340271 -0.09350586 0.9951172
vn -0.08508301 0.051635742 0.9951172
vn -0.043060303 -0.08972168 0.9951172
vn -0.08972168 0.043060303 0.9951172
vn -0.051635742 -0.08508301 0.9951172
vn -0.09350586 0.0340271 0.9951172
vn -0.0597229 -0.07965088 0.9951172
vn -0.09643555 0.02470398 0.9951172
vn -0.06726074 -0.07336426 0.9951172
vn -0.09838867 0.015144348 0.9951172
vn -0.07409668 -0.066467285 0.9951172
vn -0.099365234 0.0054244995 0.9951172
vn -0.08026123 -0.05886841 0.9951172
vn -0.09942627 -0.0043411255 0.9951172
vn -0.085632324 -0.050689697 0.9951172
vn -0.09851074 -0.0140686035 0.9951172
vn -0.09020996 -0.042053223 0.9951172
vn -0.09667969 -0.023651123 0.9951172
vn -0.09387207 -0.03302002 0.9951172
g dstr_planet_mesh_0
f 3/3/3 2/2/2 1/1/1
f 4/4/4 3/3/3 1/1/1
f 4/4/4 1/1/1 5/5/5
f 6/6/6 3/3/3 4/4/4
f 7/7/7 4/4/4 5/5/5
f 7/7/7 5/5/5 8/8/8
f 9/9/9 6/6/6 4/4/4
f 9/9/9 4/4/4 7/7/7
f 10/10/10 6/6/6 9/9/9
f 11/11/11 7/7/7 8/8/8
f 11/11/11 8/8/8 12/12/12
f 13/13/13 10/10/10 9/9/9
f 14/14/14 10/10/10 13/13/13
f 15/15/15 9/9/9 7/7/7
f 15/15/15 7/7/7 11/11/11
f 13/13/13 9/9/9 15/15/15
f 16/16/16 11/11/11 12/12/12
f 16/16/16 12/12/12 17/17/17
f 18/18/18 14/14/14 13/13/13
f 19/19/19 14/14/14 18/18/18
f 20/20/20 13/13/13 15/15/15
f 18/18/18 13/13/13 20/20/20
f 21/21/21 15/15/15 11/11/11
f 21/21/21 11/11/11 16/16/16
f 20/20/20 15/15/15 21/21/21
f 22/22/22 16/16/16 17/17/17
f 22/22/22 17/17/17 23/23/23
f 24/24/24 22/22/22 23/23/23
f 25/25/25 19/19/19 18/18/18
f 26/26/26 19/19/19 25/25/25
f 27/27/27 21/21/21 16/16/16
f 27/27/27 16/16/16 22/22/22
f 28/28/28 22/22/22 24/24/24
f 28/28/28 27/27/27 22/22/22
f 29/29/29 28/28/28 24/24/24
f 30/30/30 18/18/18 20/20/20
f 25/25/25 18/18/18 30/30/30
f 31/31/31 20/20/20 21/21/21
f 31/31/31 21/21/21 27/27/27
f 30/30/30 20/20/20 31/31/31
f 32/32/32 26/26/26 25/25/25
f 33/33/33 26/26/26 32/32/32
f 34/34/34 27/27/27 28/28/28
f 34/34/34 31/31/31 27/27/27
f 35/35/35 28/28/28 29/29/29
f 35/35/35 34/34/34 28/28/28
f 36/36/36 35/35/35 29/29/29
f 37/37/37 25/25/25 30/30/30
f 32/32/32 25/25/25 37/37/37
f 38/38/38 30/30/30 31/31/31
f 38/38/38 31/31/31 34/34/34
f 37/37/37 30/30/30 38/38/38
f 39/39/39 33/33/33 32/32/32
f 40/40/40 33/33/33 39/39/39
f 41/41/41 40/40/40 39/39/39
f 42/42/42 34/34/34 35/35/35
f 42/42/42 38/38/38 34/34/34
f 43/43/43 35/35/35 36/36/36
f 43/43/43 42/42/42 35/35/35
f 44/44/44 43/43/43 36/36/36
f 45/45/45 32/32/32 37/37/37
f 39/39/39 32/32/32 45/45/45
f 41/41/41 39/39/39 46/46/46
f 46/46/46 39/39/39 45/45/45
f 47/47/47 41/41/41 46/46/46
f 48/48/48 37/37/37 38/38/38
f 48/48/48 38/38/38 42/42/42
f 45/45/45 37/37/37 48/48/48
f 49/49/49 42/42/42 43/43/43
f 49/49/49 48/48/48 42/42/42
f 50/50/50 43/43/43 44/44/44
f 50/50/50 49/49/49 43/43/43
f 51/51/51 50/50/50 44/44/44
f 52/52/52 45/45/45 48/48/48
f 46/46/46 45/45/45 52/52/52
f 52/52/52 48/48/48 49/49/49
f 47/47/47 46/46/46 53/53/53
f 53/53/53 46/46/46 52/52/52
f 54/54/54 47/47/47 53/53/53
f 55/55/55 52/52/52 49/49/49
f 55/55/55 49/49/49 50/50/50
f 53/53/53 52/52/52 55/55/55
f 56/56/56 50/50/50 51/51/51
f 56/56/56 55/55/55 50/50/50
f 57/57/57 56/56/56 51/51/51
f 54/54/54 53/53/53 58/58/58
f 58/58/58 53/53/53 55/55/55
f 58/58/58 55/55/55 56/56/56
f 59/59/59 54/54/54 58/58/58
f 60/60/60 56/56/56 57/57/57
f 60/60/60 58/58/58 56/56/56
f 59/59/59 58/58/58 60/60/60
f 61/61/61 60/60/60 57/57/57
f 62/62/62 59/59/59 60/60/60
f 62/62/62 60/60/60 61/61/61
f 63/63/63 62/62/62 61/61/61
f 66/66/66 65/65/65 64/64/64
f 67/67/67 66/66/66 64/64/64
f 67/67/67 64/64/64 68/68/68
f 69/69/69 66/66/66 67/67/67
f 70/70/70 67/67/67 68/68/68
f 70/70/70 68/68/68 71/71/71
f 72/72/72 69/69/69 67/67/67
f 72/72/72 67/67/67 70/70/70
f 73/73/73 69/69/69 72/72/72
f 74/74/74 70/70/70 71/71/71
f 74/74/74 71/71/71 75/75/75
f 76/76/76 73/73/73 72/72/72
f 77/77/77 73/73/73 76/76/76
f 78/78/78 72/72/72 70/70/70
f 78/78/78 70/70/70 74/74/74
f 76/76/76 72/72/72 78/78/78
f 79/79/79 74/74/74 75/75/75
f 79/79/79 75/75/75 80/80/80
f 81/81/81 77/77/77 76/76/76
f 82/82/82 77/77/77 81/81/81
f 83/83/83 76/76/76 78/78/78
f 81/81/81 76/76/76 83/83/83
f 84/84/84 78/78/78 74/74/74
f 84/84/84 74/74/74 79/79/79
f 83/83/83 78/78/78 84/84/84
f 85/85/85 79/79/79 80/80/80
f 85/85/85 80/80/80 86/86/86
f 87/87/87 82/82/82 81/81/81
f 88/88/88 82/82/82 87/87/87
f 89/89/89 84/84/84 79/79/79
f 89/89/89 79/79/79 85/85/85
f 90/90/90 81/81/81 83/83/83
f 87/87/87 81/81/81 90/90/90
f 91/91/91 83/83/83 84/84/84
f 91/91/91 84/84/84 89/89/89
f 90/90/90 83/83/83 91/91/91
f 92/92/92 85/85/85 86/86/86
f 92/92/92 86/86/86 93/93/93
f 94/94/94 88/88/88 87/87/87
f 95/95/95 88/88/88 94/94/94
f 96/96/96 89/89/89 85/85/85
f 96/96/96 85/85/85 92/92/92
f 97/97/97 91/91/91 89/89/89
f 97/97/97 89/89/89 96/96/96
f 98/98/98 87/87/87 90/90/90
f 94/94/94 87/87/87 98/98/98
f 99/99/99 90/90/90 91/91/91
f 99/99/99 91/91/91 97/97/97
f 98/98/98 90/90/90 99/99/99
f 100/100/100 92/92/92 93/93/93
f 100/100/100 93/93/93 101/101/101
f 102/102/102 95/95/95 94/94/94
f 103/103/103 95/95/95 102/102/102
f 104/104/104 103/103/103 102/102/102
f 105/105/105 94/94/94 98/98/98
f 102/102/102 94/94/94 105/105/105
f 104/104/104 102/102/102 106/106/106
f 106/106/106 102/102/102 105/105/105
f 107/107/107 104/104/104 106/106/106
f 108/108/108 98/98/98 99/99/99
f 105/105/105 98/98/98 108/108/108
f 106/106/106 105/105/105 109/109/109
f 109/109/109 105/105/105 108/108/108
f 107/107/107 106/106/106 110/110/110
f 110/110/110 106/106/106 109/109/109
f 111/111/111 107/107/107 110/110/110
f 108/108/108 99/99/99 112/112/112
f 112/112/112 99/99/99 97/97/97
f 109/109/109 108/108/108 113/113/113
f 113/113/113 108/108/108 112/112/112
f 110/110/110 109/109/109 114/114/114
f 114/114/114 109/109/109 113/113/113
f 111/111/111 110/110/110 115/115/115
f 115/115/115 110/110/110 114/114/114
f 116/116/116 111/111/111 115/115/115
f 112/112/112 97/97/97 117/117/117
f 117/117/117 97/97/97 96/96/96
f 113/113/113 112/112/112 118/118/118
f 118/118/118 112/112/112 117/117/117
f 114/114/114 113/113/113 119/119/119
f 119/119/119 113/113/113 118/118/118
f 115/115/115 114/114/114 120/120/120
f 120/120/120 114/114/114 119/119/119
f 116/116/116 115/115/115 121/121/121
f 121/121/121 115/115/115 120/120/120
f 122/122/122 116/116/116 121/121/121
f 117/117/117 96/96/96 123/123/123
f 123/123/123 96/96/96 92/92/92
f 123/123/123 92/92/92 100/100/100
f 118/118/118 117/117/117 124/124/124
f 124/124/124 117/117/117 123/123/123
f 119/119/119 118/118/118 125/125/125
f 125/125/125 118/118/118 124/124/124
f 120/120/120 119/119/119 126/126/126
f 126/126/126 119/119/119 125/125/125
f 121/121/121 120/120/120 127/127/127
f 127/127/127 120/120/120 126/126/126
f 122/122/122 121/121/121 128/128/128
f 128/128/128 121/121/121 127/127/127
f 129/129/129 122/122/122 128/128/128
f 130/130/130 123/123/123 100/100/100
f 124/124/124 123/123/123 130/130/130
f 125/125/125 124/124/124 131/131/131
f 131/131/131 124/124/124 130/130/130
f 126/126/126 125/125/125 132/132/132
f 132/132/132 125/125/125 131/131/131
f 127/127/127 126/126/126 133/133/133
f 133/133/133 126/126/126 132/132/132
f 128/128/128 127/127/127 134/134/134
f 134/134/134 127/127/127 133/133/133
f 129/129/129 128/128/128 135/135/135
f 135/135/135 128/128/128 134/134/134
f 136/136/136 129/129/129 135/135/135
f 130/130/130 100/100/100 137/137/137
f 137/137/137 100/100/100 101/101/101
f 137/137/137 101/101/101 138/138/138
f 139/139/139 137/137/137 138/138/138
f 140/140/140 130/130/130 137/137/137
f 140/140/140 137/137/137 139/139/139
f 131/131/131 130/130/130 140/140/140
f 141/141/141 140/140/140 139/139/139
f 142/142/142 131/131/131 140/140/140
f 142/142/142 140/140/140 141/141/141
f 132/132/132 131/131/131 142/142/142
f 143/143/143 142/142/142 141/141/141
f 144/144/144 132/132/132 142/142/142
f 144/144/144 142/142/142 143/143/143
f 133/133/133 132/132/132 144/144/144
f 145/145/145 144/144/144 143/143/143
f 146/146/146 133/133/133 144/144/144
f 146/146/146 144/144/144 145/145/145
f 134/134/134 133/133/133 146/146/146
f 147/147/147 146/146/146 145/145/145
f 148/148/148 134/134/134 146/146/146
f 148/148/148 146/146/146 147/147/147
f 135/135/135 134/134/134 148/148/148
f 149/149/149 148/148/148 147/147/147
f 150/150/150 135/135/135 148/148/148
f 150/150/150 148/148/148 149/149/149
f 136/136/136 135/135/135 150/150/150
f 151/151/151 150/150/150 149/149/149
f 152/152/152 136/136/136 150/150/150
f 152/152/152 150/150/150 151/151/151
f 153/153/153 152/152/152 151/151/151
f 156/156/156 155/155/155 154/154/154
f 157/157/157 156/156/156 154/154/154
f 157/157/157 154/154/154 158/158/158
f 159/159/159 156/156/156 157/157/157
f 160/160/160 157/157/157 158/158/158
f 160/160/160 158/158/158 161/161/161
f 162/162/162 159/159/159 157/157/157
f 162/162/162 157/157/157 160/160/160
f 163/163/163 159/159/159 162/162/162
f 164/164/164 160/160/160 161/161/161
f 164/164/164 161/161/161 165/165/165
f 166/166/166 163/163/163 162/162/162
f 167/167/167 163/163/163 166/166/166
f 168/168/168 162/162/162 160/160/160
f 168/168/168 160/160/160 164/164/164
f 166/166/166 162/162/162 168/168/168
f 169/169/169 164/164/164 165/165/165
f 169/169/169 165/165/165 170/170/170
f 171/171/171 167/167/167 166/166/166
f 172/172/172 167/167/167 171/171/171
f 173/173/173 166/166/166 168/168/168
f 171/171/171 166/166/166 173/173/173
f 174/174/174 168/168/168 164/164/164
f 174/174/174 164/164/164 169/169/169
f 173/173/173 168/168/168 174/174/174
f 175/175/175 169/169/169 170/170/170
f 175/175/175 170/170/170 176/176/176
f 177/177/177 172/172/172 171/171/171
f 178/178/178 172/172/172 177/177/177
f 179/179/179 174/174/174 169/169/169
f 179/179/179 169/169/169 175/175/175
f 180/180/180 171/171/171 173/173/173
f 177/177/177 171/171/171 180/180/180
f 181/181/181 173/173/173 174/174/174
f 181/181/181 174/174/174 179/179/179
f 180/180/180 173/173/173 181/181/181
f 182/182/182 175/175/175 176/176/176
f 182/182/182 176/176/176 183/183/183
f 184/184/184 178/178/178 177/177/177
f 185/185/185 178/178/178 184/184/184
f 186/186/186 179/179/179 175/175/175
f 186/186/186 175/175/175 182/182/182
f 187/187/187 181/181/181 179/179/179
f 187/187/187 179/179/179 186/186/186
f 188/188/188 177/177/177 180/180/180
f 184/184/184 177/177/177 188/188/188
f 189/189/189 180/180/180 181/181/181
f 189/189/189 181/181/181 187/187/187
f 188/188/188 180/180/180 189/189/189
f 190/190/190 182/182/182 183/183/183
f 190/190/190 183/183/183 191/191/191
f 192/192/192 185/185/185 184/184/184
f 193/193/193 185/185/185 192/192/192
f 194/194/194 193/193/193 192/192/192
f 195/195/195 184/184/184 188/188/188
f 192/192/192 184/184/184 195/195/195
f 194/194/194 192/192/192 196/196/196
f 196/196/196 192/192/192 195/195/195
f 197/197/197 194/194/194 196/196/196
f 198/198/198 188/188/188 189/189/189
f 195/195/195 188/188/188 198/198/198
f 196/196/196 195/195/195 199/199/199
f 199/199/199 195/195/195 198/198/198
f 197/197/197 196/196/196 200/200/200
f 200/200/200 196/196/196 199/199/199
f 201/201/201 197/197/197 200/200/200
f 198/198/198 189/189/189 202/202/202
f 202/202/202 189/189/189 187/187/187
f 199/199/199 198/198/198 203/203/203
f 203/203/203 198/198/198 202/202/202
f 200/200/200 199/199/199 204/204/204
f 204/204/204 199/199/199 203/203/203
f 201/201/201 200/200/200 205/205/205
f 205/205/205 200/200/200 204/204/204
f 206/206/206 201/201/201 205/205/205
f 202/202/202 187/187/187 207/207/207
f 207/207/207 187/187/187 186/186/186
f 203/203/203 202/202/202 208/208/208
f 208/208/208 202/202/202 207/207/207
f 204/204/204 203/203/203 209/209/209
f 209/209/209 203/203/203 208/208/208
f 205/205/205 204/204/204 210/210/210
f 210/210/210 204/204/204 209/209/209
f 206/206/206 205/205/205 211/211/211
f 211/211/211 205/205/205 210/210/210
f 212/212/212 206/206/206 211/211/211
f 207/207/207 186/186/186 213/213/213
f 213/213/213 186/186/186 182/182/182
f 213/213/213 182/182/182 190/190/190
f 208/208/208 207/207/207 214/214/214
f 214/214/214 207/207/207 213/213/213
f 209/209/209 208/208/208 215/215/215
f 215/215/215 208/208/208 214/214/214
f 210/210/210 209/209/209 216/216/216
f 216/216/216 209/209/209 215/215/215
f 211/211/211 210/210/210 217/217/217
f 217/217/217 210/210/210 216/216/216
f 212/212/212 211/211/211 218/218/218
f 218/218/218 211/211/211 217/217/217
f 219/219/219 212/212/212 218/218/218
f 220/220/220 213/213/213 190/190/190
f 214/214/214 213/213/213 220/220/220
f 215/215/215 214/214/214 221/221/221
f 221/221/221 214/214/214 220/220/220
f 216/216/216 215/215/215 222/222/222
f 222/222/222 215/215/215 221/221/221
f 217/217/217 216/216/216 223/223/223
f 223/223/223 216/216/216 222/222/222
f 218/218/218 217/217/217 224/224/224
f 224/224/224 217/217/217 223/223/223
f 219/219/219 218/218/218 225/225/225
f 225/225/225 218/218/218 224/224/224
f 226/226/226 219/219/219 225/225/225
f 220/220/220 190/190/190 227/227/227
f 227/227/227 190/190/190 191/191/191
f 227/227/227 191/191/191 228/228/228
f 221/221/221 220/220/220 229/229/229
f 229/229/229 220/220/220 227/227/227
f 230/230/230 227/227/227 228/228/228
f 229/229/229 227/227/227 230/230/230
f 230/230/230 228/228/228 231/231/231
f 232/232/232 230/230/230 231/231/231
f 233/233/233 230/230/230 232/232/232
f 233/233/233 229/229/229 230/230/230
f 234/234/234 233/233/233 232/232/232
f 235/235/235 221/221/221 229/229/229
f 235/235/235 229/229/229 233/233/233
f 222/222/222 221/221/221 235/235/235
f 236/236/236 233/233/233 234/234/234
f 236/236/236 235/235/235 233/233/233
f 237/237/237 236/236/236 234/234/234
f 238/238/238 222/222/222 235/235/235
f 238/238/238 235/235/235 236/236/236
f 223/223/223 222/222/222 238/238/238
f 239/239/239 236/236/236 237/237/237
f 239/239/239 238/238/238 236/236/236
f 240/240/240 239/239/239 237/237/237
f 241/241/241 223/223/223 238/238/238
f 241/241/241 238/238/238 239/239/239
f 224/224/224 223/223/223 241/241/241
f 242/242/242 239/239/239 240/240/240
f 242/242/242 241/241/241 239/239/239
f 243/243/243 242/242/242 240/240/240
f 244/244/244 224/224/224 241/241/241
f 244/244/244 241/241/241 242/242/242
f 225/225/225 224/224/224 244/244/244
f 245/245/245 242/242/242 243/243/243
f 245/245/245 244/244/244 242/242/242
f 246/246/246 245/245/245 243/243/243
f 247/247/247 225/225/225 244/244/244
f 247/247/247 244/244/244 245/245/245
f 226/226/226 225/225/225 247/247/247
f 248/248/248 226/226/226 247/247/247
f 249/249/249 245/245/245 246/246/246
f 249/249/249 247/247/247 245/245/245
f 248/248/248 247/247/247 249/249/249
f 250/250/250 249/249/249 246/246/246
f 251/251/251 248/248/248 249/249/249
f 251/251/251 249/249/249 250/250/250
f 252/252/252 251/251/251 250/250/250
f 255/255/255 254/254/254 253/253/253
f 256/256/256 255/255/255 253/253/253
f 256/256/256 253/253/253 257/257/257
f 258/258/258 255/255/255 256/256/256
f 259/259/259 256/256/256 257/257/257
f 259/259/259 257/257/257 260/260/260
f 261/261/261 258/258/258 256/256/256
f 261/261/261 256/256/256 259/259/259
f 262/262/262 258/258/258 261/261/261
f 263/263/263 259/259/259 260/260/260
f 263/263/263 260/260/260 264/264/264
f 265/265/265 262/262/262 261/261/261
f 266/266/266 262/262/262 265/265/265
f 267/267/267 261/261/261 259/259/259
f 267/267/267 259/259/259 263/263/263
f 265/265/265 261/261/261 267/267/267
f 268/268/268 263/263/263 264/264/264
f 268/268/268 264/264/264 269/269/269
f 270/270/270 268/268/268 269/269/269
f 271/271/271 266/266/266 265/265/265
f 272/272/272 266/266/266 271/271/271
f 273/273/273 265/265/265 267/267/267
f 271/271/271 265/265/265 273/273/273
f 274/274/274 267/267/267 263/263/263
f 274/274/274 263/263/263 268/268/268
f 273/273/273 267/267/267 274/274/274
f 275/275/275 268/268/268 270/270/270
f 275/275/275 274/274/274 268/268/268
f 276/276/276 275/275/275 270/270/270
f 277/277/277 272/272/272 271/271/271
f 278/278/278 272/272/272 277/277/277
f 279/279/279 271/271/271 273/273/273
f 277/277/277 271/271/271 279/279/279
f 280/280/280 273/273/273 274/274/274
f 280/280/280 274/274/274 275/275/275
f 279/279/279 273/273/273 280/280/280
f 281/281/281 275/275/275 276/276/276
f 281/281/281 280/280/280 275/275/275
f 282/282/282 281/281/281 276/276/276
f 283/283/283 278/278/278 277/277/277
f 284/284/284 278/278/278 283/283/283
f 285/285/285 277/277/277 279/279/279
f 283/283/283 277/277/277 285/285/285
f 286/286/286 279/279/279 280/280/280
f 286/286/286 280/280/280 281/281/281
f 285/285/285 279/279/279 286/286/286
f 287/287/287 281/281/281 282/282/282
f 287/287/287 286/286/286 281/281/281
f 288/288/288 287/287/287 282/282/282
f 289/289/289 284/284/284 283/283/283
f 290/290/290 284/284/284 289/289/289
f 291/291/291 290/290/290 289/289/289
f 292/292/292 283/283/283 285/285/285
f 289/289/289 283/283/283 292/292/292
f 293/293/293 285/285/285 286/286/286
f 293/293/293 286/286/286 287/287/287
f 292/292/292 285/285/285 293/293/293
f 294/294/294 287/287/287 288/288/288
f 294/294/294 293/293/293 287/287/287
f 295/295/295 294/294/294 288/288/288
f 291/291/291 289/289/289 296/296/296
f 296/296/296 289/289/289 292/292/292
f 297/297/297 291/291/291 296/296/296
f 298/298/298 292/292/292 293/293/293
f 298/298/298 293/293/293 294/294/294
f 296/296/296 292/292/292 298/298/298
f 299/299/299 294/294/294 295/295/295
f 299/299/299 298/298/298 294/294/294
f 300/300/300 299/299/299 295/295/295
f 297/297/297 296/296/296 301/301/301
f 301/301/301 296/296/296 298/298/298
f 301/301/301 298/298/298 299/299/299
f 302/302/302 297/297/297 301/301/301
f 303/303/303 299/299/299 300/300/300
f 303/303/303 301/301/301 299/299/299
f 302/302/302 301/301/301 303/303/303
f 304/304/304 303/303/303 300/300/300
f 305/305/305 302/302/302 303/303/303
f 305/305/305 303/303/303 304/304/304
f 306/306/306 305/305/305 304/304/304
f 309/309/309 308/308/308 307/307/307
f 308/308/308 310/310/310 307/307/307
f 307/307/307 310/310/310 311/311/311
f 310/310/310 312/312/312 311/311/311
f 311/311/311 312/312/312 313/313/313
f 312/312/312 314/314/314 313/313/313
f 313/313/313 314/314/314 315/315/315
f 314/314/314 316/316/316 315/315/315
f 315/315/315 316/316/316 317/317/317
f 316/316/316 318/318/318 317/317/317
f 317/317/317 318/318/318 319/319/319
f 318/318/318 320/320/320 319/319/319
f 319/319/319 320/320/320 321/321/321
f 320/320/320 322/322/322 321/321/321
f 321/321/321 322/322/322 323/323/323
f 322/322/322 324/324/324 323/323/323
f 327/327/327 326/326/326 325/325/325
f 328/328/328 327/327/327 325/325/325
f 331/331/331 330/330/330 329/329/329
f 332/332/332 331/331/331 329/329/329
f 335/335/335 334/334/334 333/333/333
f 336/336/336 335/335/335 333/333/333
f 339/339/339 338/338/338 337/337/337
f 340/340/340 339/339/339 337/337/337
f 343/343/343 342/342/342 341/341/341
f 344/344/344 343/343/343 341/341/341
f 347/347/347 346/346/346 345/345/345
f 348/348/348 347/347/347 345/345/345
f 351/351/351 350/350/350 349/349/349
f 352/352/352 351/351/351 349/349/349
f 355/355/355 354/354/354 353/353/353
f 356/356/356 355/355/355 353/353/353
f 359/359/359 358/358/358 357/357/357
f 360/360/360 359/359/359 357/357/357
f 363/363/363 362/362/362 361/361/361
f 364/364/364 363/363/363 361/361/361
f 367/367/367 366/366/366 365/365/365
f 368/368/368 367/367/367 365/365/365
f 371/371/371 370/370/370 369/369/369
f 372/372/372 371/371/371 369/369/369
f 375/375/375 374/374/374 373/373/373
f 376/376/376 375/375/375 373/373/373
f 379/379/379 378/378/378 377/377/377
f 380/380/380 379/379/379 377/377/377
f 383/383/383 382/382/382 381/381/381
f 384/384/384 383/383/383 381/381/381
f 387/387/387 386/386/386 385/385/385
f 388/388/388 387/387/387 385/385/385
f 391/391/391 390/390/390 389/389/389
f 392/392/392 391/391/391 389/389/389
f 392/392/392 389/389/389 393/393/393
f 394/394/394 391/391/391 392/392/392
f 395/395/395 392/392/392 393/393/393
f 395/395/395 393/393/393 396/396/396
f 397/397/397 394/394/394 392/392/392
f 397/397/397 392/392/392 395/395/395
f 398/398/398 394/394/394 397/397/397
f 399/399/399 395/395/395 396/396/396
f 399/399/399 396/396/396 400/400/400
f 401/401/401 398/398/398 397/397/397
f 402/402/402 398/398/398 401/401/401
f 403/403/403 397/397/397 395/395/395
f 403/403/403 395/395/395 399/399/399
f 401/401/401 397/397/397 403/403/403
f 404/404/404 399/399/399 400/400/400
f 404/404/404 400/400/400 405/405/405
f 406/406/406 402/402/402 401/401/401
f 407/407/407 402/402/402 406/406/406
f 408/408/408 401/401/401 403/403/403
f 406/406/406 401/401/401 408/408/408
f 409/409/409 403/403/403 399/399/399
f 409/409/409 399/399/399 404/404/404
f 408/408/408 403/403/403 409/409/409
f 410/410/410 404/404/404 405/405/405
f 410/410/410 405/405/405 411/411/411
f 412/412/412 410/410/410 411/411/411
f 413/413/413 407/407/407 406/406/406
f 414/414/414 407/407/407 413/413/413
f 415/415/415 409/409/409 404/404/404
f 415/415/415 404/404/404 410/410/410
f 416/416/416 410/410/410 412/412/412
f 416/416/416 415/415/415 410/410/410
f 417/417/417 416/416/416 412/412/412
f 418/418/418 406/406/406 408/408/408
f 413/413/413 406/406/406 418/418/418
f 419/419/419 408/408/408 409/409/409
f 419/419/419 409/409/409 415/415/415
f 418/418/418 408/408/408 419/419/419
f 420/420/420 414/414/414 413/413/413
f 421/421/421 414/414/414 420/420/420
f 422/422/422 415/415/415 416/416/416
f 422/422/422 419/419/419 415/415/415
f 423/423/423 416/416/416 417/417/417
f 423/423/423 422/422/422 416/416/416
f 424/424/424 423/423/423 417/417/417
f 425/425/425 413/413/413 418/418/418
f 420/420/420 413/413/413 425/425/425
f 426/426/426 418/418/418 419/419/419
f 426/426/426 419/419/419 422/422/422
f 425/425/425 418/418/418 426/426/426
f 427/427/427 421/421/421 420/420/420
f 428/428/428 421/421/421 427/427/427
f 429/429/429 428/428/428 427/427/427
f 430/430/430 422/422/422 423/423/423
f 430/430/430 426/426/426 422/422/422
f 431/431/431 423/423/423 424/424/424
f 431/431/431 430/430/430 423/423/423
f 432/432/432 431/431/431 424/424/424
f 433/433/433 420/420/420 425/425/425
f 427/427/427 420/420/420 433/433/433
f 429/429/429 427/427/427 434/434/434
f 434/434/434 427/427/427 433/433/433
f 435/435/435 429/429/429 434/434/434
f 436/436/436 425/425/425 426/426/426
f 436/436/436 426/426/426 430/430/430
f 433/433/433 425/425/425 436/436/436
f 437/437/437 430/430/430 431/431/431
f 437/437/437 436/436/436 430/430/430
f 438/438/438 431/431/431 432/432/432
f 438/438/438 437/437/437 431/431/431
f 439/439/439 438/438/438 432/432/432
f 440/440/440 433/433/433 436/436/436
f 434/434/434 433/433/433 440/440/440
f 440/440/440 436/436/436 437/437/437
f 435/435/435 434/434/434 441/441/441
f 441/441/441 434/434/434 440/440/440
f 442/442/442 435/435/435 441/441/441
f 443/443/443 440/440/440 437/437/437
f 443/443/443 437/437/437 438/438/438
f 441/441/441 440/440/440 443/443/443
f 444/444/444 438/438/438 439/439/439
f 444/444/444 443/443/443 438/438/438
f 445/445/445 444/444/444 439/439/439
f 442/442/442 441/441/441 446/446/446
f 446/446/446 441/441/441 443/443/443
f 446/446/446 443/443/443 444/444/444
f 447/447/447 442/442/442 446/446/446
f 448/448/448 444/444/444 445/445/445
f 448/448/448 446/446/446 444/444/444
f 447/447/447 446/446/446 448/448/448
f 449/449/449 448/448/448 445/445/445
f 450/450/450 447/447/447 448/448/448
f 450/450/450 448/448/448 449/449/449
f 451/451/451 450/450/450 449/449/449
f 454/454/454 453/453/453 452/452/452
f 455/455/455 454/454/454 452/452/452
f 455/455/455 452/452/452 456/456/456
f 457/457/457 454/454/454 455/455/455
f 458/458/458 455/455/455 456/456/456
f 458/458/458 456/456/456 459/459/459
f 460/460/460 457/457/457 455/455/455
f 460/460/460 455/455/455 458/458/458
f 461/461/461 457/457/457 460/460/460
f 462/462/462 458/458/458 459/459/459
f 462/462/462 459/459/459 463/463/463
f 464/464/464 461/461/461 460/460/460
f 465/465/465 461/461/461 464/464/464
f 466/466/466 460/460/460 458/458/458
f 466/466/466 458/458/458 462/462/462
f 464/464/464 460/460/460 466/466/466
f 467/467/467 462/462/462 463/463/463
f 467/467/467 463/463/463 468/468/468
f 469/469/469 465/465/465 464/464/464
f 470/470/470 465/465/465 469/469/469
f 471/471/471 464/464/464 466/466/466
f 469/469/469 464/464/464 471/471/471
f 472/472/472 466/466/466 462/462/462
f 472/472/472 462/462/462 467/467/467
f 471/471/471 466/466/466 472/472/472
f 473/473/473 467/467/467 468/468/468
f 473/473/473 468/468/468 474/474/474
f 475/475/475 470/470/470 469/469/469
f 476/476/476 470/470/470 475/475/475
f 477/477/477 472/472/472 467/467/467
f 477/477/477 467/467/467 473/473/473
f 478/478/478 469/469/469 471/471/471
f 475/475/475 469/469/469 478/478/478
f 479/479/479 471/471/471 472/472/472
f 479/479/479 472/472/472 477/477/477
f 478/478/478 471/471/471 479/479/479
f 480/480/480 473/473/473 474/474/474
f 480/480/480 474/474/474 481/481/481
f 482/482/482 476/476/476 475/475/475
f 483/483/483 476/476/476 482/482/482
f 484/484/484 477/477/477 473/473/473
f 484/484/484 473/473/473 480/480/480
f 485/485/485 479/479/479 477/477/477
f 485/485/485 477/477/477 484/484/484
f 486/486/486 475/475/475 478/478/478
f 482/482/482 475/475/475 486/486/486
f 487/487/487 478/478/478 479/479/479
f 487/487/487 479/479/479 485/485/485
f 486/486/486 478/478/478 487/487/487
f 488/488/488 480/480/480 481/481/481
f 488/488/488 481/481/481 489/489/489
f 490/490/490 483/483/483 482/482/482
f 491/491/491 483/483/483 490/490/490
f 492/492/492 491/491/491 490/490/490
f 493/493/493 482/482/482 486/486/486
f 490/490/490 482/482/482 493/493/493
f 492/492/492 490/490/490 494/494/494
f 494/494/494 490/490/490 493/493/493
f 495/495/495 492/492/492 494/494/494
f 496/496/496 486/486/486 487/487/487
f 493/493/493 486/486/486 496/496/496
f 494/494/494 493/493/493 497/497/497
f 497/497/497 493/493/493 496/496/496
f 495/495/495 494/494/494 498/498/498
f 498/498/498 494/494/494 497/497/497
f 499/499/499 495/495/495 498/498/498
f 496/496/496 487/487/487 500/500/500
f 500/500/500 487/487/487 485/485/485
f 497/497/497 496/496/496 501/501/501
f 501/501/501 496/496/496 500/500/500
f 498/498/498 497/497/497 502/502/502
f 502/502/502 497/497/497 501/501/501
f 499/499/499 498/498/498 503/503/503
f 503/503/503 498/498/498 502/502/502
f 504/504/504 499/499/499 503/503/503
f 500/500/500 485/485/485 505/505/505
f 505/505/505 485/485/485 484/484/484
f 501/501/501 500/500/500 506/506/506
f 506/506/506 500/500/500 505/505/505
f 502/502/502 501/501/501 507/507/507
f 507/507/507 501/501/501 506/506/506
f 503/503/503 502/502/502 508/508/508
f 508/508/508 502/502/502 507/507/507
f 504/504/504 503/503/503 509/509/509
f 509/509/509 503/503/503 508/508/508
f 510/510/510 504/504/504 509/509/509
f 505/505/505 484/484/484 511/511/511
f 511/511/511 484/484/484 480/480/480
f 511/511/511 480/480/480 488/488/488
f 506/506/506 505/505/505 512/512/512
f 512/512/512 505/505/505 511/511/511
f 507/507/507 506/506/506 513/513/513
f 513/513/513 506/506/506 512/512/512
f 508/508/508 507/507/507 514/514/514
f 514/514/514 507/507/507 513/513/513
f 509/509/509 508/508/508 515/515/515
f 515/515/515 508/508/508 514/514/514
f 510/510/510 509/509/509 516/516/516
f 516/516/516 509/509/509 515/515/515
f 517/517/517 510/510/510 516/516/516
f 518/518/518 511/511/511 488/488/488
f 512/512/512 511/511/511 518/518/518
f 513/513/513 512/512/512 519/519/519
f 519/519/519 512/512/512 518/518/518
f 514/514/514 513/513/513 520/520/520
f 520/520/520 513/513/513 519/519/519
f 515/515/515 514/514/514 521/521/521
f 521/521/521 514/514/514 520/520/520
f 516/516/516 515/515/515 522/522/522
f 522/522/522 515/515/515 521/521/521
f 517/517/517 516/516/516 523/523/523
f 523/523/523 516/516/516 522/522/522
f 524/524/524 517/517/517 523/523/523
f 518/518/518 488/488/488 525/525/525
f 525/525/525 488/488/488 489/489/489
f 525/525/525 489/489/489 526/526/526
f 527/527/527 525/525/525 526/526/526
f 528/528/528 518/518/518 525/525/525
f 528/528/528 525/525/525 527/527/527
f 519/519/519 518/518/518 528/528/528
f 529/529/529 528/528/528 527/527/527
f 530/530/530 519/519/519 528/528/528
f 530/530/530 528/528/528 529/529/529
f 520/520/520 519/519/519 530/530/530
f 531/531/531 530/530/530 529/529/529
f 532/532/532 520/520/520 530/530/530
f 532/532/532 530/530/530 531/531/531
f 521/521/521 520/520/520 532/532/532
f 533/533/533 532/532/532 531/531/531
f 534/534/534 521/521/521 532/532/532
f 534/534/534 532/532/532 533/533/533
f 522/522/522 521/521/521 534/534/534
f 535/535/535 534/534/534 533/533/533
f 536/536/536 522/522/522 534/534/534
f 536/536/536 534/534/534 535/535/535
f 523/523/523 522/522/522 536/536/536
f 537/537/537 536/536/536 535/535/535
f 538/538/538 523/523/523 536/536/536
f 538/538/538 536/536/536 537/537/537
f 524/524/524 523/523/523 538/538/538
f 539/539/539 538/538/538 537/537/537
f 540/540/540 524/524/524 538/538/538
f 540/540/540 538/538/538 539/539/539
f 541/541/541 540/540/540 539/539/539
f 544/544/544 543/543/543 542/542/542
f 545/545/545 544/544/544 542/542/542
f 545/545/545 542/542/542 546/546/546
f 547/547/547 544/544/544 545/545/545
f 548/548/548 545/545/545 546/546/546
f 548/548/548 546/546/546 549/549/549
f 550/550/550 547/547/547 545/545/545
f 550/550/550 545/545/545 548/548/548
f 551/551/551 547/547/547 550/550/550
f 552/552/552 548/548/548 549/549/549
f 552/552/552 549/549/549 553/553/553
f 554/554/554 551/551/551 550/550/550
f 555/555/555 551/551/551 554/554/554
f 556/556/556 550/550/550 548/548/548
f 556/556/556 548/548/548 552/552/552
f 554/554/554 550/550/550 556/556/556
f 557/557/557 552/552/552 553/553/553
f 557/557/557 553/553/553 558/558/558
f 559/559/559 555/555/555 554/554/554
f 560/560/560 555/555/555 559/559/559
f 561/561/561 554/554/554 556/556/556
f 559/559/559 554/554/554 561/561/561
f 562/562/562 556/556/556 552/552/552
f 562/562/562 552/552/552 557/557/557
f 561/561/561 556/556/556 562/562/562
f 563/563/563 557/557/557 558/558/558
f 563/563/563 558/558/558 564/564/564
f 565/565/565 560/560/560 559/559/559
f 566/566/566 560/560/560 565/565/565
f 567/567/567 562/562/562 557/557/557
f 567/567/567 557/557/557 563/563/563
f 568/568/568 559/559/559 561/561/561
f 565/565/565 559/559/559 568/568/568
f 569/569/569 561/561/561 562/562/562
f 569/569/569 562/562/562 567/567/567
f 568/568/568 561/561/561 569/569/569
f 570/570/570 563/563/563 564/564/564
f 570/570/570 564/564/564 571/571/571
f 572/572/572 566/566/566 565/565/565
f 573/573/573 566/566/566 572/572/572
f 574/574/574 567/567/567 563/563/563
f 574/574/574 563/563/563 570/570/570
f 575/575/575 569/569/569 567/567/567
f 575/575/575 567/567/567 574/574/574
f 576/576/576 565/565/565 568/568/568
f 572/572/572 565/565/565 576/576/576
f 577/577/577 568/568/568 569/569/569
f 577/577/577 569/569/569 575/575/575
f 576/576/576 568/568/568 577/577/577
f 578/578/578 570/570/570 571/571/571
f 578/578/578 571/571/571 579/579/579
f 580/580/580 573/573/573 572/572/572
f 581/581/581 573/573/573 580/580/580
f 582/582/582 581/581/581 580/580/580
f 583/583/583 572/572/572 576/576/576
f 580/580/580 572/572/572 583/583/583
f 582/582/582 580/580/580 584/584/584
f 584/584/584 580/580/580 583/583/583
f 585/585/585 582/582/582 584/584/584
f 586/586/586 576/576/576 577/577/577
f 583/583/583 576/576/576 586/586/586
f 584/584/584 583/583/583 587/587/587
f 587/587/587 583/583/583 586/586/586
f 585/585/585 584/584/584 588/588/588
f 588/588/588 584/584/584 587/587/587
f 589/589/589 585/585/585 588/588/588
f 586/586/586 577/577/577 590/590/590
f 590/590/590 577/577/577 575/575/575
f 587/587/587 586/586/586 591/591/591
f 591/591/591 586/586/586 590/590/590
f 588/588/588 587/587/587 592/592/592
f 592/592/592 587/587/587 591/591/591
f 589/589/589 588/588/588 593/593/593
f 593/593/593 588/588/588 592/592/592
f 594/594/594 589/589/589 593/593/593
f 590/590/590 575/575/575 595/595/595
f 595/595/595 575/575/575 574/574/574
f 591/591/591 590/590/590 596/596/596
f 596/596/596 590/590/590 595/595/595
f 592/592/592 591/591/591 597/597/597
f 597/597/597 591/591/591 596/596/596
f 593/593/593 592/592/592 598/598/598
f 598/598/598 592/592/592 597/597/597
f 594/594/594 593/593/593 599/599/599
f 599/599/599 593/593/593 598/598/598
f 600/600/600 594/594/594 599/599/599
f 595/595/595 574/574/574 601/601/601
f 601/601/601 574/574/574 570/570/570
f 601/601/601 570/570/570 578/578/578
f 596/596/596 595/595/595 602/602/602
f 602/602/602 595/595/595 601/601/601
f 597/597/597 596/596/596 603/603/603
f 603/603/603 596/596/596 602/602/602
f 598/598/598 597/597/597 604/604/604
f 604/604/604 597/597/597 603/603/603
f 599/599/599 598/598/598 605/605/605
f 605/605/605 598/598/598 604/604/604
f 600/600/600 599/599/599 606/606/606
f 606/606/606 599/599/599 605/605/605
f 607/607/607 600/600/600 606/606/606
f 608/608/608 601/601/601 578/578/578
f 602/602/602 601/601/601 608/608/608
f 603/603/603 602/602/602 609/609/609
f 609/609/609 602/602/602 608/608/608
f 604/604/604 603/603/603 610/610/610
f 610/610/610 603/603/603 609/609/609
f 605/605/605 604/604/604 611/611/611
f 611/611/611 604/604/604 610/610/610
f 606/606/606 605/605/605 612/612/612
f 612/612/612 605/605/605 611/611/611
f 607/607/607 606/606/606 613/613/613
f 613/613/613 606/606/606 612/612/612
f 614/614/614 607/607/607 613/613/613
f 608/608/608 578/578/578 615/615/615
f 615/615/615 578/578/578 579/579/579
f 615/615/615 579/579/579 616/616/616
f 609/609/609 608/608/608 617/617/617
f 617/617/617 608/608/608 615/615/615
f 618/618/618 615/615/615 616/616/616
f 617/617/617 615/615/615 618/618/618
f 618/618/618 616/616/616 619/619/619
f 620/620/620 618/618/618 619/619/619
f 621/621/621 618/618/618 620/620/620
f 621/621/621 617/617/617 618/618/618
f 622/622/622 621/621/621 620/620/620
f 623/623/623 609/609/609 617/617/617
f 623/623/623 617/617/617 621/621/621
f 610/610/610 609/609/609 623/623/623
f 624/624/624 621/621/621 622/622/622
f 624/624/624 623/623/623 621/621/621
f 625/625/625 624/624/624 622/622/622
f 626/626/626 610/610/610 623/623/623
f 626/626/626 623/623/623 624/624/624
f 611/611/611 610/610/610 626/626/626
f 627/627/627 624/624/624 625/625/625
f 627/627/627 626/626/626 624/624/624
f 628/628/628 627/627/627 625/625/625
f 629/629/629 611/611/611 626/626/626
f 629/629/629 626/626/626 627/627/627
f 612/612/612 611/611/611 629/629/629
f 630/630/630 627/627/627 628/628/628
f 630/630/630 629/629/629 627/627/627
f 631/631/631 630/630/630 628/628/628
f 632/632/632 612/612/612 629/629/629
f 632/632/632 629/629/629 630/630/630
f 613/613/613 612/612/612 632/632/632
f 633/633/633 630/630/630 631/631/631
f 633/633/633 632/632/632 630/630/630
f 634/634/634 633/633/633 631/631/631
f 635/635/635 613/613/613 632/632/632
f 635/635/635 632/632/632 633/633/633
f 614/614/614 613/613/613 635/635/635
f 636/636/636 614/614/614 635/635/635
f 637/637/637 633/633/633 634/634/634
f 637/637/637 635/635/635 633/633/633
f 636/636/636 635/635/635 637/637/637
f 638/638/638 637/637/637 634/634/634
f 639/639/639 636/636/636 637/637/637
f 639/639/639 637/637/637 638/638/638
f 640/640/640 639/639/639 638/638/638
f 643/643/643 642/642/642 641/641/641
f 644/644/644 643/643/643 641/641/641
f 644/644/644 641/641/641 645/645/645
f 646/646/646 643/643/643 644/644/644
f 647/647/647 644/644/644 645/645/645
f 647/647/647 645/645/645 648/648/648
f 649/649/649 646/646/646 644/644/644
f 649/649/649 644/644/644 647/647/647
f 650/650/650 646/646/646 649/649/649
f 651/651/651 647/647/647 648/648/648
f 651/651/651 648/648/648 652/652/652
f 653/653/653 650/650/650 649/649/649
f 654/654/654 650/650/650 653/653/653
f 655/655/655 649/649/649 647/647/647
f 655/655/655 647/647/647 651/651/651
f 653/653/653 649/649/649 655/655/655
f 656/656/656 651/651/651 652/652/652
f 656/656/656 652/652/652 657/657/657
f 658/658/658 656/656/656 657/657/657
f 659/659/659 654/654/654 653/653/653
f 660/660/660 654/654/654 659/659/659
f 661/661/661 653/653/653 655/655/655
f 659/659/659 653/653/653 661/661/661
f 662/662/662 655/655/655 651/651/651
f 662/662/662 651/651/651 656/656/656
f 661/661/661 655/655/655 662/662/662
f 663/663/663 656/656/656 658/658/658
f 663/663/663 662/662/662 656/656/656
f 664/664/664 663/663/663 658/658/658
f 665/665/665 660/660/660 659/659/659
f 666/666/666 660/660/660 665/665/665
f 667/667/667 659/659/659 661/661/661
f 665/665/665 659/659/659 667/667/667
f 668/668/668 661/661/661 662/662/662
f 668/668/668 662/662/662 663/663/663
f 667/667/667 661/661/661 668/668/668
f 669/669/669 663/663/663 664/664/664
f 669/669/669 668/668/668 663/663/663
f 670/670/670 669/669/669 664/664/664
f 671/671/671 666/666/666 665/665/665
f 672/672/672 666/666/666 671/671/671
f 673/673/673 665/665/665 667/667/667
f 671/671/671 665/665/665 673/673/673
f 674/674/674 667/667/667 668/668/668
f 674/674/674 668/668/668 669/669/669
f 673/673/673 667/667/667 674/674/674
f 675/675/675 669/669/669 670/670/670
f 675/675/675 674/674/674 669/669/669
f 676/676/676 675/675/675 670/670/670
f 677/677/677 672/672/672 671/671/671
f 678/678/678 672/672/672 677/677/677
f 679/679/679 678/678/678 677/677/677
f 680/680/680 671/671/671 673/673/673
f 677/677/677 671/671/671 680/680/680
f 681/681/681 673/673/673 674/674/674
f 681/681/681 674/674/674 675/675/675
f 680/680/680 673/673/673 681/681/681
f 682/682/682 675/675/675 676/676/676
f 682/682/682 681/681/681 675/675/675
f 683/683/683 682/682/682 676/676/676
f 679/679/679 677/677/677 684/684/684
f 684/684/684 677/677/677 680/680/680
f 685/685/685 679/679/679 684/684/684
f 686/686/686 680/680/680 681/681/681
f 686/686/686 681/681/681 682/682/682
f 684/684/684 680/680/680 686/686/686
f 687/687/687 682/682/682 683/683/683
f 687/687/687 686/686/686 682/682/682
f 688/688/688 687/687/687 683/683/683
f 685/685/685 684/684/684 689/689/689
f 689/689/689 684/684/684 686/686/686
f 689/689/689 686/686/686 687/687/687
f 690/690/690 685/685/685 689/689/689
f 691/691/691 687/687/687 688/688/688
f 691/691/691 689/689/689 687/687/687
f 690/690/690 689/689/689 691/691/691
f 692/692/692 691/691/691 688/688/688
f 693/693/693 690/690/690 691/691/691
f 693/693/693 691/691/691 692/692/692
f 694/694/694 693/693/693 692/692/692
f 697/697/697 696/696/696 695/695/695
f 696/696/696 698/698/698 695/695/695
f 695/695/695 698/698/698 699/699/699
f 698/698/698 700/700/700 699/699/699
f 699/699/699 700/700/700 701/701/701
f 700/700/700 702/702/702 701/701/701
f 701/701/701 702/702/702 703/703/703
f 702/702/702 704/704/704 703/703/703
f 703/703/703 704/704/704 705/705/705
f 704/704/704 706/706/706 705/705/705
f 705/705/705 706/706/706 707/707/707
f 706/706/706 708/708/708 707/707/707
f 707/707/707 708/708/708 709/709/709
f 708/708/708 710/710/710 709/709/709
f 709/709/709 710/710/710 711/711/711
f 710/710/710 712/712/712 711/711/711
f 715/715/715 714/714/714 713/713/713
f 716/716/716 715/715/715 713/713/713
f 719/719/719 718/718/718 717/717/717
f 720/720/720 719/719/719 717/717/717
f 723/723/723 722/722/722 721/721/721
f 724/724/724 723/723/723 721/721/721
f 727/727/727 726/726/726 725/725/725
f 728/728/728 727/727/727 725/725/725
f 731/731/731 730/730/730 729/729/729
f 732/732/732 731/731/731 729/729/729
f 735/735/735 734/734/734 733/733/733
f 736/736/736 735/735/735 733/733/733
f 739/739/739 738/738/738 737/737/737
f 740/740/740 739/739/739 737/737/737
f 743/743/743 742/742/742 741/741/741
f 744/744/744 743/743/743 741/741/741
f 747/747/747 746/746/746 745/745/745
f 748/748/748 747/747/747 745/745/745
f 751/751/751 750/750/750 749/749/749
f 752/752/752 751/751/751 749/749/749
f 755/755/755 754/754/754 753/753/753
f 756/756/756 755/755/755 753/753/753
f 759/759/759 758/758/758 757/757/757
f 760/760/760 759/759/759 757/757/757
f 763/763/763 762/762/762 761/761/761
f 764/764/764 763/763/763 761/761/761
f 767/767/767 766/766/766 765/765/765
f 768/768/768 767/767/767 765/765/765
f 771/771/771 770/770/770 769/769/769
f 772/772/772 771/771/771 769/769/769
f 775/775/775 774/774/774 773/773/773
f 776/776/776 775/775/775 773/773/773
f 779/779/779 778/778/778 777/777/777
f 780/780/780 779/779/779 777/777/777
f 780/780/780 777/777/777 781/781/781
f 782/782/782 779/779/779 780/780/780
f 783/783/783 780/780/780 781/781/781
f 783/783/783 781/781/781 784/784/784
f 785/785/785 782/782/782 780/780/780
f 785/785/785 780/780/780 783/783/783
f 786/786/786 782/782/782 785/785/785
f 787/787/787 783/783/783 784/784/784
f 787/787/787 784/784/784 788/788/788
f 789/789/789 786/786/786 785/785/785
f 790/790/790 786/786/786 789/789/789
f 791/791/791 785/785/785 783/783/783
f 791/791/791 783/783/783 787/787/787
f 789/789/789 785/785/785 791/791/791
f 792/792/792 787/787/787 788/788/788
f 792/792/792 788/788/788 793/793/793
f 794/794/794 790/790/790 789/789/789
f 795/795/795 790/790/790 794/794/794
f 796/796/796 789/789/789 791/791/791
f 794/794/794 789/789/789 796/796/796
f 797/797/797 791/791/791 787/787/787
f 797/797/797 787/787/787 792/792/792
f 796/796/796 791/791/791 797/797/797
f 798/798/798 792/792/792 793/793/793
f 798/798/798 793/793/793 799/799/799
f 800/800/800 798/798/798 799/799/799
f 801/801/801 795/795/795 794/794/794
f 802/802/802 795/795/795 801/801/801
f 803/803/803 797/797/797 792/792/792
f 803/803/803 792/792/792 798/798/798
f 804/804/804 798/798/798 800/800/800
f 804/804/804 803/803/803 798/798/798
f 805/805/805 804/804/804 800/800/800
f 806/806/806 794/794/794 796/796/796
f 801/801/801 794/794/794 806/806/806
f 807/807/807 796/796/796 797/797/797
f 807/807/807 797/797/797 803/803/803
f 806/806/806 796/796/796 807/807/807
f 808/808/808 802/802/802 801/801/801
f 809/809/809 802/802/802 808/808/808
f 810/810/810 803/803/803 804/804/804
f 810/810/810 807/807/807 803/803/803
f 811/811/811 804/804/804 805/805/805
f 811/811/811 810/810/810 804/804/804
f 812/812/812 811/811/811 805/805/805
f 813/813/813 801/801/801 806/806/806
f 808/808/808 801/801/801 813/813/813
f 814/814/814 806/806/806 807/807/807
f 814/814/814 807/807/807 810/810/810
f 813/813/813 806/806/806 814/814/814
f 815/815/815 809/809/809 808/808/808
f 816/816/816 809/809/809 815/815/815
f 817/817/817 816/816/816 815/815/815
f 818/818/818 810/810/810 811/811/811
f 818/818/818 814/814/814 810/810/810
f 819/819/819 811/811/811 812/812/812
f 819/819/819 818/818/818 811/811/811
f 820/820/820 819/819/819 812/812/812
f 821/821/821 808/808/808 813/813/813
f 815/815/815 808/808/808 821/821/821
f 817/817/817 815/815/815 822/822/822
f 822/822/822 815/815/815 821/821/821
f 823/823/823 817/817/817 822/822/822
f 824/824/824 813/813/813 814/814/814
f 824/824/824 814/814/814 818/818/818
f 821/821/821 813/813/813 824/824/824
f 825/825/825 818/818/818 819/819/819
f 825/825/825 824/824/824 818/818/818
f 826/826/826 819/819/819 820/820/820
f 826/826/826 825/825/825 819/819/819
f 827/827/827 826/826/826 820/820/820
f 828/828/828 821/821/821 824/824/824
f 822/822/822 821/821/821 828/828/828
f 828/828/828 824/824/824 825/825/825
f 823/823/823 822/822/822 829/829/829
f 829/829/829 822/822/822 828/828/828
f 830/830/830 823/823/823 829/829/829
f 831/831/831 828/828/828 825/825/825
f 831/831/831 825/825/825 826/826/826
f 829/829/829 828/828/828 831/831/831
f 832/832/832 826/826/826 827/827/827
f 832/832/832 831/831/831 826/826/826
f 833/833/833 832/832/832 827/827/827
f 830/830/830 829/829/829 834/834/834
f 834/834/834 829/829/829 831/831/831
f 834/834/834 831/831/831 832/832/832
f 835/835/835 830/830/830 834/834/834
f 836/836/836 832/832/832 833/833/833
f 836/836/836 834/834/834 832/832/832
f 835/835/835 834/834/834 836/836/836
f 837/837/837 836/836/836 833/833/833
f 838/838/838 835/835/835 836/836/836
f 838/838/838 836/836/836 837/837/837
f 839/839/839 838/838/838 837/837/837
f 842/842/842 841/841/841 840/840/840
f 843/843/843 842/842/842 840/840/840
f 843/843/843 840/840/840 844/844/844
f 845/845/845 842/842/842 843/843/843
f 846/846/846 843/843/843 844/844/844
f 846/846/846 844/844/844 847/847/847
f 848/848/848 845/845/845 843/843/843
f 848/848/848 843/843/843 846/846/846
f 849/849/849 845/845/845 848/848/848
f 850/850/850 846/846/846 847/847/847
f 850/850/850 847/847/847 851/851/851
f 852/852/852 849/849/849 848/848/848
f 853/853/853 849/849/849 852/852/852
f 854/854/854 848/848/848 846/846/846
f 854/854/854 846/846/846 850/850/850
f 852/852/852 848/848/848 854/854/854
f 855/855/855 850/850/850 851/851/851
f 855/855/855 851/851/851 856/856/856
f 857/857/857 853/853/853 852/852/852
f 858/858/858 853/853/853 857/857/857
f 859/859/859 852/852/852 854/854/854
f 857/857/857 852/852/852 859/859/859
f 860/860/860 854/854/854 850/850/850
f 860/860/860 850/850/850 855/855/855
f 859/859/859 854/854/854 860/860/860
f 861/861/861 855/855/855 856/856/856
f 861/861/861 856/856/856 862/862/862
f 863/863/863 858/858/858 857/857/857
f 864/864/864 858/858/858 863/863/863
f 865/865/865 860/860/860 855/855/855
f 865/865/865 855/855/855 861/861/861
f 866/866/866 857/857/857 859/859/859
f 863/863/863 857/857/857 866/866/866
f 867/867/867 859/859/859 860/860/860
f 867/867/867 860/860/860 865/865/865
f 866/866/866 859/859/859 867/867/867
f 868/868/868 861/861/861 862/862/862
f 868/868/868 862/862/862 869/869/869
f 870/870/870 864/864/864 863/863/863
f 871/871/871 864/864/864 870/870/870
f 872/872/872 865/865/865 861/861/861
f 872/872/872 861/861/861 868/868/868
f 873/873/873 867/867/867 865/865/865
f 873/873/873 865/865/865 872/872/872
f 874/874/874 863/863/863 866/866/866
f 870/870/870 863/863/863 874/874/874
f 875/875/875 866/866/866 867/867/867
f 875/875/875 867/867/867 873/873/873
f 874/874/874 866/866/866 875/875/875
f 876/876/876 868/868/868 869/869/869
f 876/876/876 869/869/869 877/877/877
f 878/878/878 871/871/871 870/870/870
f 879/879/879 871/871/871 878/878/878
f 880/880/880 879/879/879 878/878/878
f 881/881/881 870/870/870 874/874/874
f 878/878/878 870/870/870 881/881/881
f 880/880/880 878/878/878 882/882/882
f 882/882/882 878/878/878 881/881/881
f 883/883/883 880/880/880 882/882/882
f 884/884/884 874/874/874 875/875/875
f 881/881/881 874/874/874 884/884/884
f 882/882/882 881/881/881 885/885/885
f 885/885/885 881/881/881 884/884/884
f 883/883/883 882/882/882 886/886/886
f 886/886/886 882/882/882 885/885/885
f 887/887/887 883/883/883 886/886/886
f 884/884/884 875/875/875 888/888/888
f 888/888/888 875/875/875 873/873/873
f 885/885/885 884/884/884 889/889/889
f 889/889/889 884/884/884 888/888/888
f 886/886/886 885/885/885 890/890/890
f 890/890/890 885/885/885 889/889/889
f 887/887/887 886/886/886 891/891/891
f 891/891/891 886/886/886 890/890/890
f 892/892/892 887/887/887 891/891/891
f 888/888/888 873/873/873 893/893/893
f 893/893/893 873/873/873 872/872/872
f 889/889/889 888/888/888 894/894/894
f 894/894/894 888/888/888 893/893/893
f 890/890/890 889/889/889 895/895/895
f 895/895/895 889/889/889 894/894/894
f 891/891/891 890/890/890 896/896/896
f 896/896/896 890/890/890 895/895/895
f 892/892/892 891/891/891 897/897/897
f 897/897/897 891/891/891 896/896/896
f 898/898/898 892/892/892 897/897/897
f 893/893/893 872/872/872 899/899/899
f 899/899/899 872/872/872 868/868/868
f 899/899/899 868/868/868 876/876/876
f 894/894/894 893/893/893 900/900/900
f 900/900/900 893/893/893 899/899/899
f 895/895/895 894/894/894 901/901/901
f 901/901/901 894/894/894 900/900/900
f 896/896/896 895/895/895 902/902/902
f 902/902/902 895/895/895 901/901/901
f 897/897/897 896/896/896 903/903/903
f 903/903/903 896/896/896 902/902/902
f 898/898/898 897/897/897 904/904/904
f 904/904/904 897/897/897 903/903/903
f 905/905/905 898/898/898 904/904/904
f 906/906/906 899/899/899 876/876/876
f 900/900/900 899/899/899 906/906/906
f 901/901/901 900/900/900 907/907/907
f 907/907/907 900/900/900 906/906/906
f 902/902/902 901/901/901 908/908/908
f 908/908/908 901/901/901 907/907/907
f 903/903/903 902/902/902 909/909/909
f 909/909/909 902/902/902 908/908/908
f 904/904/904 903/903/903 910/910/910
f 910/910/910 903/903/903 909/909/909
f 905/905/905 904/904/904 911/911/911
f 911/911/911 904/904/904 910/910/910
f 912/912/912 905/905/905 911/911/911
f 906/906/906 876/876/876 913/913/913
f 913/913/913 876/876/876 877/877/877
f 913/913/913 877/877/877 914/914/914
f 915/915/915 913/913/913 914/914/914
f 916/916/916 906/906/906 913/913/913
f 916/916/916 913/913/913 915/915/915
f 907/907/907 906/906/906 916/916/916
f 917/917/917 916/916/916 915/915/915
f 918/918/918 907/907/907 916/916/916
f 918/918/918 916/916/916 917/917/917
f 908/908/908 907/907/907 918/918/918
f 919/919/919 918/918/918 917/917/917
f 920/920/920 908/908/908 918/918/918
f 920/920/920 918/918/918 919/919/919
f 909/909/909 908/908/908 920/920/920
f 921/921/921 920/920/920 919/919/919
f 922/922/922 909/909/909 920/920/920
f 922/922/922 920/920/920 921/921/921
f 910/910/910 909/909/909 922/922/922
f 923/923/923 922/922/922 921/921/921
f 924/924/924 910/910/910 922/922/922
f 924/924/924 922/922/922 923/923/923
f 911/911/911 910/910/910 924/924/924
f 925/925/925 924/924/924 923/923/923
f 926/926/926 911/911/911 924/924/924
f 926/926/926 924/924/924 925/925/925
f 912/912/912 911/911/911 926/926/926
f 927/927/927 926/926/926 925/925/925
f 928/928/928 912/912/912 926/926/926
f 928/928/928 926/926/926 927/927/927
f 929/929/929 928/928/928 927/927/927
f 932/932/932 931/931/931 930/930/930
f 933/933/933 932/932/932 930/930/930
f 933/933/933 930/930/930 934/934/934
f 935/935/935 932/932/932 933/933/933
f 936/936/936 933/933/933 934/934/934
f 936/936/936 934/934/934 937/937/937
f 938/938/938 935/935/935 933/933/933
f 938/938/938 933/933/933 936/936/936
f 939/939/939 935/935/935 938/938/938
f 940/940/940 936/936/936 937/937/937
f 940/940/940 937/937/937 941/941/941
f 942/942/942 939/939/939 938/938/938
f 943/943/943 939/939/939 942/942/942
f 944/944/944 938/938/938 936/936/936
f 944/944/944 936/936/936 940/940/940
f 942/942/942 938/938/938 944/944/944
f 945/945/945 940/940/940 941/941/941
f 945/945/945 941/941/941 946/946/946
f 947/947/947 943/943/943 942/942/942
f 948/948/948 943/943/943 947/947/947
f 949/949/949 942/942/942 944/944/944
f 947/947/947 942/942/942 949/949/949
f 950/950/950 944/944/944 940/940/940
f 950/950/950 940/940/940 945/945/945
f 949/949/949 944/944/944 950/950/950
f 951/951/951 945/945/945 946/946/946
f 951/951/951 946/946/946 952/952/952
f 953/953/953 948/948/948 947/947/947
f 954/954/954 948/948/948 953/953/953
f 955/955/955 950/950/950 945/945/945
f 955/955/955 945/945/945 951/951/951
f 956/956/956 947/947/947 949/949/949
f 953/953/953 947/947/947 956/956/956
f 957/957/957 949/949/949 950/950/950
f 957/957/957 950/950/950 955/955/955
f 956/956/956 949/949/949 957/957/957
f 958/958/958 951/951/951 952/952/952
f 958/958/958 952/952/952 959/959/959
f 960/960/960 954/954/954 953/953/953
f 961/961/961 954/954/954 960/960/960
f 962/962/962 955/955/955 951/951/951
f 962/962/962 951/951/951 958/958/958
f 963/963/963 957/957/957 955/955/955
f 963/963/963 955/955/955 962/962/962
f 964/964/964 953/953/953 956/956/956
f 960/960/960 953/953/953 964/964/964
f 965/965/965 956/956/956 957/957/957
f 965/965/965 957/957/957 963/963/963
f 964/964/964 956/956/956 965/965/965
f 966/966/966 958/958/958 959/959/959
f 966/966/966 959/959/959 967/967/967
f 968/968/968 961/961/961 960/960/960
f 969/969/969 961/961/961 968/968/968
f 970/970/970 969/969/969 968/968/968
f 971/971/971 960/960/960 964/964/964
f 968/968/968 960/960/960 971/971/971
f 970/970/970 968/968/968 972/972/972
f 972/972/972 968/968/968 971/971/971
f 973/973/973 970/970/970 972/972/972
f 974/974/974 964/964/964 965/965/965
f 971/971/971 964/964/964 974/974/974
f 972/972/972 971/971/971 975/975/975
f 975/975/975 971/971/971 974/974/974
f 973/973/973 972/972/972 976/976/976
f 976/976/976 972/972/972 975/975/975
f 977/977/977 973/973/973 976/976/976
f 974/974/974 965/965/965 978/978/978
f 978/978/978 965/965/965 963/963/963
f 975/975/975 974/974/974 979/979/979
f 979/979/979 974/974/974 978/978/978
f 976/976/976 975/975/975 980/980/980
f 980/980/980 975/975/975 979/979/979
f 977/977/977 976/976/976 981/981/981
f 981/981/981 976/976/976 980/980/980
f 982/982/982 977/977/977 981/981/981
f 978/978/978 963/963/963 983/983/983
f 983/983/983 963/963/963 962/962/962
f 979/979/979 978/978/978 984/984/984
f 984/984/984 978/978/978 983/983/983
f 980/980/980 979/979/979 985/985/985
f 985/985/985 979/979/979 984/984/984
f 981/981/981 980/980/980 986/986/986
f 986/986/986 980/980/980 985/985/985
f 982/982/982 981/981/981 987/987/987
f 987/987/987 981/981/981 986/986/986
f 988/988/988 982/982/982 987/987/987
f 983/983/983 962/962/962 989/989/989
f 989/989/989 962/962/962 958/958/958
f 989/989/989 958/958/958 966/966/966
f 984/984/984 983/983/983 990/990/990
f 990/990/990 983/983/983 989/989/989
f 985/985/985 984/984/984 991/991/991
f 991/991/991 984/984/984 990/990/990
f 986/986/986 985/985/985 992/992/992
f 992/992/992 985/985/985 991/991/991
f 987/987/987 986/986/986 993/993/993
f 993/993/993 986/986/986 992/992/992
f 988/988/988 987/987/987 994/994/994
f 994/994/994 987/987/987 993/993/993
f 995/995/995 988/988/988 994/994/994
f 996/996/996 989/989/989 966/966/966
f 990/990/990 989/989/989 996/996/996
f 991/991/991 990/990/990 997/997/997
f 997/997/997 990/990/990 996/996/996
f 992/992/992 991/991/991 998/998/998
f 998/998/998 991/991/991 997/997/997
f 993/993/993 992/992/992 999/999/999
f 999/999/999 992/992/992 998/998/998
f 994/994/994 993/993/993 1000/1000/1000
f 1000/1000/1000 993/993/993 999/999/999
f 995/995/995 994/994/994 1001/1001/1001
f 1001/1001/1001 994/994/994 1000/1000/1000
f 1002/1002/1002 995/995/995 1001/1001/1001
f 996/996/996 966/966/966 1003/1003/1003
f 1003/1003/1003 966/966/966 967/967/967
f 1003/1003/1003 967/967/967 1004/1004/1004
f 997/997/997 996/996/996 1005/1005/1005
f 1005/1005/1005 996/996/996 1003/1003/1003
f 1006/1006/1006 1003/1003/1003 1004/1004/1004
f 1005/1005/1005 1003/1003/1003 1006/1006/1006
f 1006/1006/1006 1004/1004/1004 1007/1007/1007
f 1008/1008/1008 1006/1006/1006 1007/1007/1007
f 1009/1009/1009 1006/1006/1006 1008/1008/1008
f 1009/1009/1009 1005/1005/1005 1006/1006/1006
f 1010/1010/1010 1009/1009/1009 1008/1008/1008
f 1011/1011/1011 997/997/997 1005/1005/1005
f 1011/1011/1011 1005/1005/1005 1009/1009/1009
f 998/998/998 997/997/997 1011/1011/1011
f 1012/1012/1012 1009/1009/1009 1010/1010/1010
f 1012/1012/1012 1011/1011/1011 1009/1009/1009
f 1013/1013/1013 1012/1012/1012 1010/1010/1010
f 1014/1014/1014 998/998/998 1011/1011/1011
f 1014/1014/1014 1011/1011/1011 1012/1012/1012
f 999/999/999 998/998/998 1014/1014/1014
f 1015/1015/1015 1012/1012/1012 1013/1013/1013
f 1015/1015/1015 1014/1014/1014 1012/1012/1012
f 1016/1016/1016 1015/1015/1015 1013/1013/1013
f 1017/1017/1017 999/999/999 1014/1014/1014
f 1017/1017/1017 1014/1014/1014 1015/1015/1015
f 1000/1000/1000 999/999/999 1017/1017/1017
f 1018/1018/1018 1015/1015/1015 1016/1016/1016
f 1018/1018/1018 1017/1017/1017 1015/1015/1015
f 1019/1019/1019 1018/1018/1018 1016/1016/1016
f 1020/1020/1020 1000/1000/1000 1017/1017/1017
f 1020/1020/1020 1017/1017/1017 1018/1018/1018
f 1001/1001/1001 1000/1000/1000 1020/1020/1020
f 1021/1021/1021 1018/1018/1018 1019/1019/1019
f 1021/1021/1021 1020/1020/1020 1018/1018/1018
f 1022/1022/1022 1021/1021/1021 1019/1019/1019
f 1023/1023/1023 1001/1001/1001 1020/1020/1020
f 1023/1023/1023 1020/1020/1020 1021/1021/1021
f 1002/1002/1002 1001/1001/1001 1023/1023/1023
f 1024/1024/1024 1002/1002/1002 1023/1023/1023
f 1025/1025/1025 1021/1021/1021 1022/1022/1022
f 1025/1025/1025 1023/1023/1023 1021/1021/1021
f 1024/1024/1024 1023/1023/1023 1025/1025/1025
f 1026/1026/1026 1025/1025/1025 1022/1022/1022
f 1027/1027/1027 1024/1024/1024 1025/1025/1025
f 1027/1027/1027 1025/1025/1025 1026/1026/1026
f 1028/1028/1028 1027/1027/1027 1026/1026/1026
f 1031/1031/1031 1030/1030/1030 1029/1029/1029
f 1032/1032/1032 1031/1031/1031 1029/1029/1029
f 1032/1032/1032 1029/1029/1029 1033/1033/1033
f 1034/1034/1034 1031/1031/1031 1032/1032/1032
f 1035/1035/1035 1032/1032/1032 1033/1033/1033
f 1035/1035/1035 1033/1033/1033 1036/1036/1036
f 1037/1037/1037 1034/1034/1034 1032/1032/1032
f 1037/1037/1037 1032/1032/1032 1035/1035/1035
f 1038/1038/1038 1034/1034/1034 1037/1037/1037
f 1039/1039/1039 1035/1035/1035 1036/1036/1036
f 1039/1039/1039 1036/1036/1036 1040/1040/1040
f 1041/1041/1041 1038/1038/1038 1037/1037/1037
f 1042/1042/1042 1038/1038/1038 1041/1041/1041
f 1043/1043/1043 1037/1037/1037 1035/1035/1035
f 1043/1043/1043 1035/1035/1035 1039/1039/1039
f 1041/1041/1041 1037/1037/1037 1043/1043/1043
f 1044/1044/1044 1039/1039/1039 1040/1040/1040
f 1044/1044/1044 1040/1040/1040 1045/1045/1045
f 1046/1046/1046 1044/1044/1044 1045/1045/1045
f 1047/1047/1047 1042/1042/1042 1041/1041/1041
f 1048/1048/1048 1042/1042/1042 1047/1047/1047
f 1049/1049/1049 1041/1041/1041 1043/1043/1043
f 1047/1047/1047 1041/1041/1041 1049/1049/1049
f 1050/1050/1050 1043/1043/1043 1039/1039/1039
f 1050/1050/1050 1039/1039/1039 1044/1044/1044
f 1049/1049/1049 1043/1043/1043 1050/1050/1050
f 1051/1051/1051 1044/1044/1044 1046/1046/1046
f 1051/1051/1051 1050/1050/1050 1044/1044/1044
f 1052/1052/1052 1051/1051/1051 1046/1046/1046
f 1053/1053/1053 1048/1048/1048 1047/1047/1047
f 1054/1054/1054 1048/1048/1048 1053/1053/1053
f 1055/1055/1055 1047/1047/1047 1049/1049/1049
f 1053/1053/1053 1047/1047/1047 1055/1055/1055
f 1056/1056/1056 1049/1049/1049 1050/1050/1050
f 1056/1056/1056 1050/1050/1050 1051/1051/1051
f 1055/1055/1055 1049/1049/1049 1056/1056/1056
f 1057/1057/1057 1051/1051/1051 1052/1052/1052
f 1057/1057/1057 1056/1056/1056 1051/1051/1051
f 1058/1058/1058 1057/1057/1057 1052/1052/1052
f 1059/1059/1059 1054/1054/1054 1053/1053/1053
f 1060/1060/1060 1054/1054/1054 1059/1059/1059
f 1061/1061/1061 1053/1053/1053 1055/1055/1055
f 1059/1059/1059 1053/1053/1053 1061/1061/1061
f 1062/1062/1062 1055/1055/1055 1056/1056/1056
f 1062/1062/1062 1056/1056/1056 1057/1057/1057
f 1061/1061/1061 1055/1055/1055 1062/1062/1062
f 1063/1063/1063 1057/1057/1057 1058/1058/1058
f 1063/1063/1063 1062/1062/1062 1057/1057/1057
f 1064/1064/1064 1063/1063/1063 1058/1058/1058
f 1065/1065/1065 1060/1060/1060 1059/1059/1059
f 1066/1066/1066 1060/1060/1060 1065/1065/1065
f 1067/1067/1067 1066/1066/1066 1065/1065/1065
f 1068/1068/1068 1059/1059/1059 1061/1061/1061
f 1065/1065/1065 1059/1059/1059 1068/1068/1068
f 1069/1069/1069 1061/1061/1061 1062/1062/1062
f 1069/1069/1069 1062/1062/1062 1063/1063/1063
f 1068/1068/1068 1061/1061/1061 1069/1069/1069
f 1070/1070/1070 1063/1063/1063 1064/1064/1064
f 1070/1070/1070 1069/1069/1069 1063/1063/1063
f 1071/1071/1071 1070/1070/1070 1064/1064/1064
f 1067/1067/1067 1065/1065/1065 1072/1072/1072
f 1072/1072/1072 1065/1065/1065 1068/1068/1068
f 1073/1073/1073 1067/1067/1067 1072/1072/1072
f 1074/1074/1074 1068/1068/1068 1069/1069/1069
f 1074/1074/1074 1069/1069/1069 1070/1070/1070
f 1072/1072/1072 1068/1068/1068 1074/1074/1074
f 1075/1075/1075 1070/1070/1070 1071/1071/1071
f 1075/1075/1075 1074/1074/1074 1070/1070/1070
f 1076/1076/1076 1075/1075/1075 1071/1071/1071
f 1073/1073/1073 1072/1072/1072 1077/1077/1077
f 1077/1077/1077 1072/1072/1072 1074/1074/1074
f 1077/1077/1077 1074/1074/1074 1075/1075/1075
f 1078/1078/1078 1073/1073/1073 1077/1077/1077
f 1079/1079/1079 1075/1075/1075 1076/1076/1076
f 1079/1079/1079 1077/1077/1077 1075/1075/1075
f 1078/1078/1078 1077/1077/1077 1079/1079/1079
f 1080/1080/1080 1079/1079/1079 1076/1076/1076
f 1081/1081/1081 1078/1078/1078 1079/1079/1079
f 1081/1081/1081 1079/1079/1079 1080/1080/1080
f 1082/1082/1082 1081/1081/1081 1080/1080/1080
f 1085/1085/1085 1084/1084/1084 1083/1083/1083
f 1084/1084/1084 1086/1086/1086 1083/1083/1083
f 1083/1083/1083 1086/1086/1086 1087/1087/1087
f 1086/1086/1086 1088/1088/1088 1087/1087/1087
f 1087/1087/1087 1088/1088/1088 1089/1089/1089
f 1088/1088/1088 1090/1090/1090 1089/1089/1089
f 1089/1089/1089 1090/1090/1090 1091/1091/1091
f 1090/1090/1090 1092/1092/1092 1091/1091/1091
f 1091/1091/1091 1092/1092/1092 1093/1093/1093
f 1092/1092/1092 1094/1094/1094 1093/1093/1093
f 1093/1093/1093 1094/1094/1094 1095/1095/1095
f 1094/1094/1094 1096/1096/1096 1095/1095/1095
f 1095/1095/1095 1096/1096/1096 1097/1097/1097
f 1096/1096/1096 1098/1098/1098 1097/1097/1097
f 1097/1097/1097 1098/1098/1098 1099/1099/1099
f 1098/1098/1098 1100/1100/1100 1099/1099/1099
f 1103/1103/1103 1102/1102/1102 1101/1101/1101
f 1104/1104/1104 1103/1103/1103 1101/1101/1101
f 1107/1107/1107 1106/1106/1106 1105/1105/1105
f 1108/1108/1108 1107/1107/1107 1105/1105/1105
f 1111/1111/1111 1110/1110/1110 1109/1109/1109
f 1112/1112/1112 1111/1111/1111 1109/1109/1109
f 1115/1115/1115 1114/1114/1114 1113/1113/1113
f 1116/1116/1116 1115/1115/1115 1113/1113/1113
f 1119/1119/1119 1118/1118/1118 1117/1117/1117
f 1120/1120/1120 1119/1119/1119 1117/1117/1117
f 1123/1123/1123 1122/1122/1122 1121/1121/1121
f 1124/1124/1124 1123/1123/1123 1121/1121/1121
f 1127/1127/1127 1126/1126/1126 1125/1125/1125
f 1128/1128/1128 1127/1127/1127 1125/1125/1125
f 1131/1131/1131 1130/1130/1130 1129/1129/1129
f 1132/1132/1132 1131/1131/1131 1129/1129/1129
f 1135/1135/1135 1134/1134/1134 1133/1133/1133
f 1136/1136/1136 1135/1135/1135 1133/1133/1133
f 1139/1139/1139 1138/1138/1138 1137/1137/1137
f 1140/1140/1140 1139/1139/1139 1137/1137/1137
f 1143/1143/1143 1142/1142/1142 1141/1141/1141
f 1144/1144/1144 1143/1143/1143 1141/1141/1141
f 1147/1147/1147 1146/1146/1146 1145/1145/1145
f 1148/1148/1148 1147/1147/1147 1145/1145/1145
f 1151/1151/1151 1150/1150/1150 1149/1149/1149
f 1152/1152/1152 1151/1151/1151 1149/1149/1149
f 1155/1155/1155 1154/1154/1154 1153/1153/1153
f 1156/1156/1156 1155/1155/1155 1153/1153/1153
f 1159/1159/1159 1158/1158/1158 1157/1157/1157
f 1160/1160/1160 1159/1159/1159 1157/1157/1157
f 1163/1163/1163 1162/1162/1162 1161/1161/1161
f 1164/1164/1164 1163/1163/1163 1161/1161/1161
f 1167/1167/1167 1166/1166/1166 1165/1165/1165
f 1168/1168/1168 1167/1167/1167 1165/1165/1165
f 1168/1168/1168 1165/1165/1165 1169/1169/1169
f 1170/1170/1170 1167/1167/1167 1168/1168/1168
f 1171/1171/1171 1168/1168/1168 1169/1169/1169
f 1171/1171/1171 1169/1169/1169 1172/1172/1172
f 1173/1173/1173 1170/1170/1170 1168/1168/1168
f 1173/1173/1173 1168/1168/1168 1171/1171/1171
f 1174/1174/1174 1170/1170/1170 1173/1173/1173
f 1175/1175/1175 1171/1171/1171 1172/1172/1172
f 1175/1175/1175 1172/1172/1172 1176/1176/1176
f 1177/1177/1177 1174/1174/1174 1173/1173/1173
f 1178/1178/1178 1174/1174/1174 1177/1177/1177
f 1179/1179/1179 1173/1173/1173 1171/1171/1171
f 1179/1179/1179 1171/1171/1171 1175/1175/1175
f 1177/1177/1177 1173/1173/1173 1179/1179/1179
f 1180/1180/1180 1175/1175/1175 1176/1176/1176
f 1180/1180/1180 1176/1176/1176 1181/1181/1181
f 1182/1182/1182 1178/1178/1178 1177/1177/1177
f 1183/1183/1183 1178/1178/1178 1182/1182/1182
f 1184/1184/1184 1177/1177/1177 1179/1179/1179
f 1182/1182/1182 1177/1177/1177 1184/1184/1184
f 1185/1185/1185 1179/1179/1179 1175/1175/1175
f 1185/1185/1185 1175/1175/1175 1180/1180/1180
f 1184/1184/1184 1179/1179/1179 1185/1185/1185
f 1186/1186/1186 1180/1180/1180 1181/1181/1181
f 1186/1186/1186 1181/1181/1181 1187/1187/1187
f 1188/1188/1188 1186/1186/1186 1187/1187/1187
f 1189/1189/1189 1183/1183/1183 1182/1182/1182
f 1190/1190/1190 1183/1183/1183 1189/1189/1189
f 1191/1191/1191 1185/1185/1185 1180/1180/1180
f 1191/1191/1191 1180/1180/1180 1186/1186/1186
f 1192/1192/1192 1186/1186/1186 1188/1188/1188
f 1192/1192/1192 1191/1191/1191 1186/1186/1186
f 1193/1193/1193 1192/1192/1192 1188/1188/1188
f 1194/1194/1194 1182/1182/1182 1184/1184/1184
f 1189/1189/1189 1182/1182/1182 1194/1194/1194
f 1195/1195/1195 1184/1184/1184 1185/1185/1185
f 1195/1195/1195 1185/1185/1185 1191/1191/1191
f 1194/1194/1194 1184/1184/1184 1195/1195/1195
f 1196/1196/1196 1190/1190/1190 1189/1189/1189
f 1197/1197/1197 1190/1190/1190 1196/1196/1196
f 1198/1198/1198 1191/1191/1191 1192/1192/1192
f 1198/1198/1198 1195/1195/1195 1191/1191/1191
f 1199/1199/1199 1192/1192/1192 1193/1193/1193
f 1199/1199/1199 1198/1198/1198 1192/1192/1192
f 1200/1200/1200 1199/1199/1199 1193/1193/1193
f 1201/1201/1201 1189/1189/1189 1194/1194/1194
f 1196/1196/1196 1189/1189/1189 1201/1201/1201
f 1202/1202/1202 1194/1194/1194 1195/1195/1195
f 1202/1202/1202 1195/1195/1195 1198/1198/1198
f 1201/1201/1201 1194/1194/1194 1202/1202/1202
f 1203/1203/1203 1197/1197/1197 1196/1196/1196
f 1204/1204/1204 1197/1197/1197 1203/1203/1203
f 1205/1205/1205 1204/1204/1204 1203/1203/1203
f 1206/1206/1206 1198/1198/1198 1199/1199/1199
f 1206/1206/1206 1202/1202/1202 1198/1198/1198
f 1207/1207/1207 1199/1199/1199 1200/1200/1200
f 1207/1207/1207 1206/1206/1206 1199/1199/1199
f 1208/1208/1208 1207/1207/1207 1200/1200/1200
f 1209/1209/1209 1196/1196/1196 1201/1201/1201
f 1203/1203/1203 1196/1196/1196 1209/1209/1209
f 1205/1205/1205 1203/1203/1203 1210/1210/1210
f 1210/1210/1210 1203/1203/1203 1209/1209/1209
f 1211/1211/1211 1205/1205/1205 1210/1210/1210
f 1212/1212/1212 1201/1201/1201 1202/1202/1202
f 1212/1212/1212 1202/1202/1202 1206/1206/1206
f 1209/1209/1209 1201/1201/1201 1212/1212/1212
f 1213/1213/1213 1206/1206/1206 1207/1207/1207
f 1213/1213/1213 1212/1212/1212 1206/1206/1206
f 1214/1214/1214 1207/1207/1207 1208/1208/1208
f 1214/1214/1214 1213/1213/1213 1207/1207/1207
f 1215/1215/1215 1214/1214/1214 1208/1208/1208
f 1216/1216/1216 1209/1209/1209 1212/1212/1212
f 1210/1210/1210 1209/1209/1209 1216/1216/1216
f 1216/1216/1216 1212/1212/1212 1213/1213/1213
f 1211/1211/1211 1210/1210/1210 1217/1217/1217
f 1217/1217/1217 1210/1210/1210 1216/1216/1216
f 1218/1218/1218 1211/1211/1211 1217/1217/1217
f 1219/1219/1219 1216/1216/1216 1213/1213/1213
f 1219/1219/1219 1213/1213/1213 1214/1214/1214
f 1217/1217/1217 1216/1216/1216 1219/1219/1219
f 1220/1220/1220 1214/1214/1214 1215/1215/1215
f 1220/1220/1220 1219/1219/1219 1214/1214/1214
f 1221/1221/1221 1220/1220/1220 1215/1215/1215
f 1218/1218/1218 1217/1217/1217 1222/1222/1222
f 1222/1222/1222 1217/1217/1217 1219/1219/1219
f 1222/1222/1222 1219/1219/1219 1220/1220/1220
f 1223/1223/1223 1218/1218/1218 1222/1222/1222
f 1224/1224/1224 1220/1220/1220 1221/1221/1221
f 1224/1224/1224 1222/1222/1222 1220/1220/1220
f 1223/1223/1223 1222/1222/1222 1224/1224/1224
f 1225/1225/1225 1224/1224/1224 1221/1221/1221
f 1226/1226/1226 1223/1223/1223 1224/1224/1224
f 1226/1226/1226 1224/1224/1224 1225/1225/1225
f 1227/1227/1227 1226/1226/1226 1225/1225/1225
f 1230/1230/1230 1229/1229/1229 1228/1228/1228
f 1231/1231/1231 1230/1230/1230 1228/1228/1228
f 1231/1231/1231 1228/1228/1228 1232/1232/1232
f 1233/1233/1233 1230/1230/1230 1231/1231/1231
f 1234/1234/1234 1231/1231/1231 1232/1232/1232
f 1234/1234/1234 1232/1232/1232 1235/1235/1235
f 1236/1236/1236 1233/1233/1233 1231/1231/1231
f 1236/1236/1236 1231/1231/1231 1234/1234/1234
f 1237/1237/1237 1233/1233/1233 1236/1236/1236
f 1238/1238/1238 1234/1234/1234 1235/1235/1235
f 1238/1238/1238 1235/1235/1235 1239/1239/1239
f 1240/1240/1240 1237/1237/1237 1236/1236/1236
f 1241/1241/1241 1237/1237/1237 1240/1240/1240
f 1242/1242/1242 1236/1236/1236 1234/1234/1234
f 1242/1242/1242 1234/1234/1234 1238/1238/1238
f 1240/1240/1240 1236/1236/1236 1242/1242/1242
f 1243/1243/1243 1238/1238/1238 1239/1239/1239
f 1243/1243/1243 1239/1239/1239 1244/1244/1244
f 1245/1245/1245 1241/1241/1241 1240/1240/1240
f 1246/1246/1246 1241/1241/1241 1245/1245/1245
f 1247/1247/1247 1240/1240/1240 1242/1242/1242
f 1245/1245/1245 1240/1240/1240 1247/1247/1247
f 1248/1248/1248 1242/1242/1242 1238/1238/1238
f 1248/1248/1248 1238/1238/1238 1243/1243/1243
f 1247/1247/1247 1242/1242/1242 1248/1248/1248
f 1249/1249/1249 1243/1243/1243 1244/1244/1244
f 1249/1249/1249 1244/1244/1244 1250/1250/1250
f 1251/1251/1251 1246/1246/1246 1245/1245/1245
f 1252/1252/1252 1246/1246/1246 1251/1251/1251
f 1253/1253/1253 1248/1248/1248 1243/1243/1243
f 1253/1253/1253 1243/1243/1243 1249/1249/1249
f 1254/1254/1254 1245/1245/1245 1247/1247/1247
f 1251/1251/1251 1245/1245/1245 1254/1254/1254
f 1255/1255/1255 1247/1247/1247 1248/1248/1248
f 1255/1255/1255 1248/1248/1248 1253/1253/1253
f 1254/1254/1254 1247/1247/1247 1255/1255/1255
f 1256/1256/1256 1249/1249/1249 1250/1250/1250
f 1256/1256/1256 1250/1250/1250 1257/1257/1257
f 1258/1258/1258 1252/1252/1252 1251/1251/1251
f 1259/1259/1259 1252/1252/1252 1258/1258/1258
f 1260/1260/1260 1253/1253/1253 1249/1249/1249
f 1260/1260/1260 1249/1249/1249 1256/1256/1256
f 1261/1261/1261 1255/1255/1255 1253/1253/1253
f 1261/1261/1261 1253/1253/1253 1260/1260/1260
f 1262/1262/1262 1251/1251/1251 1254/1254/1254
f 1258/1258/1258 1251/1251/1251 1262/1262/1262
f 1263/1263/1263 1254/1254/1254 1255/1255/1255
f 1263/1263/1263 1255/1255/1255 1261/1261/1261
f 1262/1262/1262 1254/1254/1254 1263/1263/1263
f 1264/1264/1264 1256/1256/1256 1257/1257/1257
f 1264/1264/1264 1257/1257/1257 1265/1265/1265
f 1266/1266/1266 1259/1259/1259 1258/1258/1258
f 1267/1267/1267 1259/1259/1259 1266/1266/1266
f 1268/1268/1268 1267/1267/1267 1266/1266/1266
f 1269/1269/1269 1258/1258/1258 1262/1262/1262
f 1266/1266/1266 1258/1258/1258 1269/1269/1269
f 1268/1268/1268 1266/1266/1266 1270/1270/1270
f 1270/1270/1270 1266/1266/1266 1269/1269/1269
f 1271/1271/1271 1268/1268/1268 1270/1270/1270
f 1272/1272/1272 1262/1262/1262 1263/1263/1263
f 1269/1269/1269 1262/1262/1262 1272/1272/1272
f 1270/1270/1270 1269/1269/1269 1273/1273/1273
f 1273/1273/1273 1269/1269/1269 1272/1272/1272
f 1271/1271/1271 1270/1270/1270 1274/1274/1274
f 1274/1274/1274 1270/1270/1270 1273/1273/1273
f 1275/1275/1275 1271/1271/1271 1274/1274/1274
f 1272/1272/1272 1263/1263/1263 1276/1276/1276
f 1276/1276/1276 1263/1263/1263 1261/1261/1261
f 1273/1273/1273 1272/1272/1272 1277/1277/1277
f 1277/1277/1277 1272/1272/1272 1276/1276/1276
f 1274/1274/1274 1273/1273/1273 1278/1278/1278
f 1278/1278/1278 1273/1273/1273 1277/1277/1277
f 1275/1275/1275 1274/1274/1274 1279/1279/1279
f 1279/1279/1279 1274/1274/1274 1278/1278/1278
f 1280/1280/1280 1275/1275/1275 1279/1279/1279
f 1276/1276/1276 1261/1261/1261 1281/1281/1281
f 1281/1281/1281 1261/1261/1261 1260/1260/1260
f 1277/1277/1277 1276/1276/1276 1282/1282/1282
f 1282/1282/1282 1276/1276/1276 1281/1281/1281
f 1278/1278/1278 1277/1277/1277 1283/1283/1283
f 1283/1283/1283 1277/1277/1277 1282/1282/1282
f 1279/1279/1279 1278/1278/1278 1284/1284/1284
f 1284/1284/1284 1278/1278/1278 1283/1283/1283
f 1280/1280/1280 1279/1279/1279 1285/1285/1285
f 1285/1285/1285 1279/1279/1279 1284/1284/1284
f 1286/1286/1286 1280/1280/1280 1285/1285/1285
f 1281/1281/1281 1260/1260/1260 1287/1287/1287
f 1287/1287/1287 1260/1260/1260 1256/1256/1256
f 1287/1287/1287 1256/1256/1256 1264/1264/1264
f 1282/1282/1282 1281/1281/1281 1288/1288/1288
f 1288/1288/1288 1281/1281/1281 1287/1287/1287
f 1283/1283/1283 1282/1282/1282 1289/1289/1289
f 1289/1289/1289 1282/1282/1282 1288/1288/1288
f 1284/1284/1284 1283/1283/1283 1290/1290/1290
f 1290/1290/1290 1283/1283/1283 1289/1289/1289
f 1285/1285/1285 1284/1284/1284 1291/1291/1291
f 1291/1291/1291 1284/1284/1284 1290/1290/1290
f 1286/1286/1286 1285/1285/1285 1292/1292/1292
f 1292/1292/1292 1285/1285/1285 1291/1291/1291
f 1293/1293/1293 1286/1286/1286 1292/1292/1292
f 1294/1294/1294 1287/1287/1287 1264/1264/1264
f 1288/1288/1288 1287/1287/1287 1294/1294/1294
f 1289/1289/1289 1288/1288/1288 1295/1295/1295
f 1295/1295/1295 1288/1288/1288 1294/1294/1294
f 1290/1290/1290 1289/1289/1289 1296/1296/1296
f 1296/1296/1296 1289/1289/1289 1295/1295/1295
f 1291/1291/1291 1290/1290/1290 1297/1297/1297
f 1297/1297/1297 1290/1290/1290 1296/1296/1296
f 1292/1292/1292 1291/1291/1291 1298/1298/1298
f 1298/1298/1298 1291/1291/1291 1297/1297/1297
f 1293/1293/1293 1292/1292/1292 1299/1299/1299
f 1299/1299/1299 1292/1292/1292 1298/1298/1298
f 1300/1300/1300 1293/1293/1293 1299/1299/1299
f 1294/1294/1294 1264/1264/1264 1301/1301/1301
f 1301/1301/1301 1264/1264/1264 1265/1265/1265
f 1301/1301/1301 1265/1265/1265 1302/1302/1302
f 1303/1303/1303 1301/1301/1301 1302/1302/1302
f 1304/1304/1304 1294/1294/1294 1301/1301/1301
f 1304/1304/1304 1301/1301/1301 1303/1303/1303
f 1295/1295/1295 1294/1294/1294 1304/1304/1304
f 1305/1305/1305 1304/1304/1304 1303/1303/1303
f 1306/1306/1306 1295/1295/1295 1304/1304/1304
f 1306/1306/1306 1304/1304/1304 1305/1305/1305
f 1296/1296/1296 1295/1295/1295 1306/1306/1306
f 1307/1307/1307 1306/1306/1306 1305/1305/1305
f 1308/1308/1308 1296/1296/1296 1306/1306/1306
f 1308/1308/1308 1306/1306/1306 1307/1307/1307
f 1297/1297/1297 1296/1296/1296 1308/1308/1308
f 1309/1309/1309 1308/1308/1308 1307/1307/1307
f 1310/1310/1310 1297/1297/1297 1308/1308/1308
f 1310/1310/1310 1308/1308/1308 1309/1309/1309
f 1298/1298/1298 1297/1297/1297 1310/1310/1310
f 1311/1311/1311 1310/1310/1310 1309/1309/1309
f 1312/1312/1312 1298/1298/1298 1310/1310/1310
f 1312/1312/1312 1310/1310/1310 1311/1311/1311
f 1299/1299/1299 1298/1298/1298 1312/1312/1312
f 1313/1313/1313 1312/1312/1312 1311/1311/1311
f 1314/1314/1314 1299/1299/1299 1312/1312/1312
f 1314/1314/1314 1312/1312/1312 1313/1313/1313
f 1300/1300/1300 1299/1299/1299 1314/1314/1314
f 1315/1315/1315 1314/1314/1314 1313/1313/1313
f 1316/1316/1316 1300/1300/1300 1314/1314/1314
f 1316/1316/1316 1314/1314/1314 1315/1315/1315
f 1317/1317/1317 1316/1316/1316 1315/1315/1315
f 1320/1320/1320 1319/1319/1319 1318/1318/1318
f 1321/1321/1321 1320/1320/1320 1318/1318/1318
f 1321/1321/1321 1318/1318/1318 1322/1322/1322
f 1323/1323/1323 1320/1320/1320 1321/1321/1321
f 1324/1324/1324 1321/1321/1321 1322/1322/1322
f 1324/1324/1324 1322/1322/1322 1325/1325/1325
f 1326/1326/1326 1323/1323/1323 1321/1321/1321
f 1326/1326/1326 1321/1321/1321 1324/1324/1324
f 1327/1327/1327 1323/1323/1323 1326/1326/1326
f 1328/1328/1328 1324/1324/1324 1325/1325/1325
f 1328/1328/1328 1325/1325/1325 1329/1329/1329
f 1330/1330/1330 1327/1327/1327 1326/1326/1326
f 1331/1331/1331 1327/1327/1327 1330/1330/1330
f 1332/1332/1332 1326/1326/1326 1324/1324/1324
f 1332/1332/1332 1324/1324/1324 1328/1328/1328
f 1330/1330/1330 1326/1326/1326 1332/1332/1332
f 1333/1333/1333 1328/1328/1328 1329/1329/1329
f 1333/1333/1333 1329/1329/1329 1334/1334/1334
f 1335/1335/1335 1331/1331/1331 1330/1330/1330
f 1336/1336/1336 1331/1331/1331 1335/1335/1335
f 1337/1337/1337 1330/1330/1330 1332/1332/1332
f 1335/1335/1335 1330/1330/1330 1337/1337/1337
f 1338/1338/1338 1332/1332/1332 1328/1328/1328
f 1338/1338/1338 1328/1328/1328 1333/1333/1333
f 1337/1337/1337 1332/1332/1332 1338/1338/1338
f 1339/1339/1339 1333/1333/1333 1334/1334/1334
f 1339/1339/1339 1334/1334/1334 1340/1340/1340
f 1341/1341/1341 1336/1336/1336 1335/1335/1335
f 1342/1342/1342 1336/1336/1336 1341/1341/1341
f 1343/1343/1343 1338/1338/1338 1333/1333/1333
f 1343/1343/1343 1333/1333/1333 1339/1339/1339
f 1344/1344/1344 1335/1335/1335 1337/1337/1337
f 1341/1341/1341 1335/1335/1335 1344/1344/1344
f 1345/1345/1345 1337/1337/1337 1338/1338/1338
f 1345/1345/1345 1338/1338/1338 1343/1343/1343
f 1344/1344/1344 1337/1337/1337 1345/1345/1345
f 1346/1346/1346 1339/1339/1339 1340/1340/1340
f 1346/1346/1346 1340/1340/1340 1347/1347/1347
f 1348/1348/1348 1342/1342/1342 1341/1341/1341
f 1349/1349/1349 1342/1342/1342 1348/1348/1348
f 1350/1350/1350 1343/1343/1343 1339/1339/1339
f 1350/1350/1350 1339/1339/1339 1346/1346/1346
f 1351/1351/1351 1345/1345/1345 1343/1343/1343
f 1351/1351/1351 1343/1343/1343 1350/1350/1350
f 1352/1352/1352 1341/1341/1341 1344/1344/1344
f 1348/1348/1348 1341/1341/1341 1352/1352/1352
f 1353/1353/1353 1344/1344/1344 1345/1345/1345
f 1353/1353/1353 1345/1345/1345 1351/1351/1351
f 1352/1352/1352 1344/1344/1344 1353/1353/1353
f 1354/1354/1354 1346/1346/1346 1347/1347/1347
f 1354/1354/1354 1347/1347/1347 1355/1355/1355
f 1356/1356/1356 1349/1349/1349 1348/1348/1348
f 1357/1357/1357 1349/1349/1349 1356/1356/1356
f 1358/1358/1358 1357/1357/1357 1356/1356/1356
f 1359/1359/1359 1348/1348/1348 1352/1352/1352
f 1356/1356/1356 1348/1348/1348 1359/1359/1359
f 1358/1358/1358 1356/1356/1356 1360/1360/1360
f 1360/1360/1360 1356/1356/1356 1359/1359/1359
f 1361/1361/1361 1358/1358/1358 1360/1360/1360
f 1362/1362/1362 1352/1352/1352 1353/1353/1353
f 1359/1359/1359 1352/1352/1352 1362/1362/1362
f 1360/1360/1360 1359/1359/1359 1363/1363/1363
f 1363/1363/1363 1359/1359/1359 1362/1362/1362
f 1361/1361/1361 1360/1360/1360 1364/1364/1364
f 1364/1364/1364 1360/1360/1360 1363/1363/1363
f 1365/1365/1365 1361/1361/1361 1364/1364/1364
f 1362/1362/1362 1353/1353/1353 1366/1366/1366
f 1366/1366/1366 1353/1353/1353 1351/1351/1351
f 1363/1363/1363 1362/1362/1362 1367/1367/1367
f 1367/1367/1367 1362/1362/1362 1366/1366/1366
f 1364/1364/1364 1363/1363/1363 1368/1368/1368
f 1368/1368/1368 1363/1363/1363 1367/1367/1367
f 1365/1365/1365 1364/1364/1364 1369/1369/1369
f 1369/1369/1369 1364/1364/1364 1368/1368/1368
f 1370/1370/1370 1365/1365/1365 1369/1369/1369
f 1366/1366/1366 1351/1351/1351 1371/1371/1371
f 1371/1371/1371 1351/1351/1351 1350/1350/1350
f 1367/1367/1367 1366/1366/1366 1372/1372/1372
f 1372/1372/1372 1366/1366/1366 1371/1371/1371
f 1368/1368/1368 1367/1367/1367 1373/1373/1373
f 1373/1373/1373 1367/1367/1367 1372/1372/1372
f 1369/1369/1369 1368/1368/1368 1374/1374/1374
f 1374/1374/1374 1368/1368/1368 1373/1373/1373
f 1370/1370/1370 1369/1369/1369 1375/1375/1375
f 1375/1375/1375 1369/1369/1369 1374/1374/1374
f 1376/1376/1376 1370/1370/1370 1375/1375/1375
f 1371/1371/1371 1350/1350/1350 1377/1377/1377
f 1377/1377/1377 1350/1350/1350 1346/1346/1346
f 1377/1377/1377 1346/1346/1346 1354/1354/1354
f 1372/1372/1372 1371/1371/1371 1378/1378/1378
f 1378/1378/1378 1371/1371/1371 1377/1377/1377
f 1373/1373/1373 1372/1372/1372 1379/1379/1379
f 1379/1379/1379 1372/1372/1372 1378/1378/1378
f 1374/1374/1374 1373/1373/1373 1380/1380/1380
f 1380/1380/1380 1373/1373/1373 1379/1379/1379
f 1375/1375/1375 1374/1374/1374 1381/1381/1381
f 1381/1381/1381 1374/1374/1374 1380/1380/1380
f 1376/1376/1376 1375/1375/1375 1382/1382/1382
f 1382/1382/1382 1375/1375/1375 1381/1381/1381
f 1383/1383/1383 1376/1376/1376 1382/1382/1382
f 1384/1384/1384 1377/1377/1377 1354/1354/1354
f 1378/1378/1378 1377/1377/1377 1384/1384/1384
f 1379/1379/1379 1378/1378/1378 1385/1385/1385
f 1385/1385/1385 1378/1378/1378 1384/1384/1384
f 1380/1380/1380 1379/1379/1379 1386/1386/1386
f 1386/1386/1386 1379/1379/1379 1385/1385/1385
f 1381/1381/1381 1380/1380/1380 1387/1387/1387
f 1387/1387/1387 1380/1380/1380 1386/1386/1386
f 1382/1382/1382 1381/1381/1381 1388/1388/1388
f 1388/1388/1388 1381/1381/1381 1387/1387/1387
f 1383/1383/1383 1382/1382/1382 1389/1389/1389
f 1389/1389/1389 1382/1382/1382 1388/1388/1388
f 1390/1390/1390 1383/1383/1383 1389/1389/1389
f 1384/1384/1384 1354/1354/1354 1391/1391/1391
f 1391/1391/1391 1354/1354/1354 1355/1355/1355
f 1391/1391/1391 1355/1355/1355 1392/1392/1392
f 1385/1385/1385 1384/1384/1384 1393/1393/1393
f 1393/1393/1393 1384/1384/1384 1391/1391/1391
f 1394/1394/1394 1391/1391/1391 1392/1392/1392
f 1393/1393/1393 1391/1391/1391 1394/1394/1394
f 1394/1394/1394 1392/1392/1392 1395/1395/1395
f 1396/1396/1396 1394/1394/1394 1395/1395/1395
f 1397/1397/1397 1394/1394/1394 1396/1396/1396
f 1397/1397/1397 1393/1393/1393 1394/1394/1394
f 1398/1398/1398 1397/1397/1397 1396/1396/1396
f 1399/1399/1399 1385/1385/1385 1393/1393/1393
f 1399/1399/1399 1393/1393/1393 1397/1397/1397
f 1386/1386/1386 1385/1385/1385 1399/1399/1399
f 1400/1400/1400 1397/1397/1397 1398/1398/1398
f 1400/1400/1400 1399/1399/1399 1397/1397/1397
f 1401/1401/1401 1400/1400/1400 1398/1398/1398
f 1402/1402/1402 1386/1386/1386 1399/1399/1399
f 1402/1402/1402 1399/1399/1399 1400/1400/1400
f 1387/1387/1387 1386/1386/1386 1402/1402/1402
f 1403/1403/1403 1400/1400/1400 1401/1401/1401
f 1403/1403/1403 1402/1402/1402 1400/1400/1400
f 1404/1404/1404 1403/1403/1403 1401/1401/1401
f 1405/1405/1405 1387/1387/1387 1402/1402/1402
f 1405/1405/1405 1402/1402/1402 1403/1403/1403
f 1388/1388/1388 1387/1387/1387 1405/1405/1405
f 1406/1406/1406 1403/1403/1403 1404/1404/1404
f 1406/1406/1406 1405/1405/1405 1403/1403/1403
f 1407/1407/1407 1406/1406/1406 1404/1404/1404
f 1408/1408/1408 1388/1388/1388 1405/1405/1405
f 1408/1408/1408 1405/1405/1405 1406/1406/1406
f 1389/1389/1389 1388/1388/1388 1408/1408/1408
f 1409/1409/1409 1406/1406/1406 1407/1407/1407
f 1409/1409/1409 1408/1408/1408 1406/1406/1406
f 1410/1410/1410 1409/1409/1409 1407/1407/1407
f 1411/1411/1411 1389/1389/1389 1408/1408/1408
f 1411/1411/1411 1408/1408/1408 1409/1409/1409
f 1390/1390/1390 1389/1389/1389 1411/1411/1411
f 1412/1412/1412 1390/1390/1390 1411/1411/1411
f 1413/1413/1413 1409/1409/1409 1410/1410/1410
f 1413/1413/1413 1411/1411/1411 1409/1409/1409
f 1412/1412/1412 1411/1411/1411 1413/1413/1413
f 1414/1414/1414 1413/1413/1413 1410/1410/1410
f 1415/1415/1415 1412/1412/1412 1413/1413/1413
f 1415/1415/1415 1413/1413/1413 1414/1414/1414
f 1416/1416/1416 1415/1415/1415 1414/1414/1414
f 1419/1419/1419 1418/1418/1418 1417/1417/1417
f 1420/1420/1420 1419/1419/1419 1417/1417/1417
f 1420/1420/1420 1417/1417/1417 1421/1421/1421
f 1422/1422/1422 1419/1419/1419 1420/1420/1420
f 1423/1423/1423 1420/1420/1420 1421/1421/1421
f 1423/1423/1423 1421/1421/1421 1424/1424/1424
f 1425/1425/1425 1422/1422/1422 1420/1420/1420
f 1425/1425/1425 1420/1420/1420 1423/1423/1423
f 1426/1426/1426 1422/1422/1422 1425/1425/1425
f 1427/1427/1427 1423/1423/1423 1424/1424/1424
f 1427/1427/1427 1424/1424/1424 1428/1428/1428
f 1429/1429/1429 1426/1426/1426 1425/1425/1425
f 1430/1430/1430 1426/1426/1426 1429/1429/1429
f 1431/1431/1431 1425/1425/1425 1423/1423/1423
f 1431/1431/1431 1423/1423/1423 1427/1427/1427
f 1429/1429/1429 1425/1425/1425 1431/1431/1431
f 1432/1432/1432 1427/1427/1427 1428/1428/1428
f 1432/1432/1432 1428/1428/1428 1433/1433/1433
f 1434/1434/1434 1432/1432/1432 1433/1433/1433
f 1435/1435/1435 1430/1430/1430 1429/1429/1429
f 1436/1436/1436 1430/1430/1430 1435/1435/1435
f 1437/1437/1437 1429/1429/1429 1431/1431/1431
f 1435/1435/1435 1429/1429/1429 1437/1437/1437
f 1438/1438/1438 1431/1431/1431 1427/1427/1427
f 1438/1438/1438 1427/1427/1427 1432/1432/1432
f 1437/1437/1437 1431/1431/1431 1438/1438/1438
f 1439/1439/1439 1432/1432/1432 1434/1434/1434
f 1439/1439/1439 1438/1438/1438 1432/1432/1432
f 1440/1440/1440 1439/1439/1439 1434/1434/1434
f 1441/1441/1441 1436/1436/1436 1435/1435/1435
f 1442/1442/1442 1436/1436/1436 1441/1441/1441
f 1443/1443/1443 1435/1435/1435 1437/1437/1437
f 1441/1441/1441 1435/1435/1435 1443/1443/1443
f 1444/1444/1444 1437/1437/1437 1438/1438/1438
f 1444/1444/1444 1438/1438/1438 1439/1439/1439
f 1443/1443/1443 1437/1437/1437 1444/1444/1444
f 1445/1445/1445 1439/1439/1439 1440/1440/1440
f 1445/1445/1445 1444/1444/1444 1439/1439/1439
f 1446/1446/1446 1445/1445/1445 1440/1440/1440
f 1447/1447/1447 1442/1442/1442 1441/1441/1441
f 1448/1448/1448 1442/1442/1442 1447/1447/1447
f 1449/1449/1449 1441/1441/1441 1443/1443/1443
f 1447/1447/1447 1441/1441/1441 1449/1449/1449
f 1450/1450/1450 1443/1443/1443 1444/1444/1444
f 1450/1450/1450 1444/1444/1444 1445/1445/1445
f 1449/1449/1449 1443/1443/1443 1450/1450/1450
f 1451/1451/1451 1445/1445/1445 1446/1446/1446
f 1451/1451/1451 1450/1450/1450 1445/1445/1445
f 1452/1452/1452 1451/1451/1451 1446/1446/1446
f 1453/1453/1453 1448/1448/1448 1447/1447/1447
f 1454/1454/1454 1448/1448/1448 1453/1453/1453
f 1455/1455/1455 1454/1454/1454 1453/1453/1453
f 1456/1456/1456 1447/1447/1447 1449/1449/1449
f 1453/1453/1453 1447/1447/1447 1456/1456/1456
f 1457/1457/1457 1449/1449/1449 1450/1450/1450
f 1457/1457/1457 1450/1450/1450 1451/1451/1451
f 1456/1456/1456 1449/1449/1449 1457/1457/1457
f 1458/1458/1458 1451/1451/1451 1452/1452/1452
f 1458/1458/1458 1457/1457/1457 1451/1451/1451
f 1459/1459/1459 1458/1458/1458 1452/1452/1452
f 1455/1455/1455 1453/1453/1453 1460/1460/1460
f 1460/1460/1460 1453/1453/1453 1456/1456/1456
f 1461/1461/1461 1455/1455/1455 1460/1460/1460
f 1462/1462/1462 1456/1456/1456 1457/1457/1457
f 1462/1462/1462 1457/1457/1457 1458/1458/1458
f 1460/1460/1460 1456/1456/1456 1462/1462/1462
f 1463/1463/1463 1458/1458/1458 1459/1459/1459
f 1463/1463/1463 1462/1462/1462 1458/1458/1458
f 1464/1464/1464 1463/1463/1463 1459/1459/1459
f 1461/1461/1461 1460/1460/1460 1465/1465/1465
f 1465/1465/1465 1460/1460/1460 1462/1462/1462
f 1465/1465/1465 1462/1462/1462 1463/1463/1463
f 1466/1466/1466 1461/1461/1461 1465/1465/1465
f 1467/1467/1467 1463/1463/1463 1464/1464/1464
f 1467/1467/1467 1465/1465/1465 1463/1463/1463
f 1466/1466/1466 1465/1465/1465 1467/1467/1467
f 1468/1468/1468 1467/1467/1467 1464/1464/1464
f 1469/1469/1469 1466/1466/1466 1467/1467/1467
f 1469/1469/1469 1467/1467/1467 1468/1468/1468
f 1470/1470/1470 1469/1469/1469 1468/1468/1468
f 1473/1473/1473 1472/1472/1472 1471/1471/1471
f 1472/1472/1472 1474/1474/1474 1471/1471/1471
f 1471/1471/1471 1474/1474/1474 1475/1475/1475
f 1474/1474/1474 1476/1476/1476 1475/1475/1475
f 1475/1475/1475 1476/1476/1476 1477/1477/1477
f 1476/1476/1476 1478/1478/1478 1477/1477/1477
f 1477/1477/1477 1478/1478/1478 1479/1479/1479
f 1478/1478/1478 1480/1480/1480 1479/1479/1479
f 1479/1479/1479 1480/1480/1480 1481/1481/1481
f 1480/1480/1480 1482/1482/1482 1481/1481/1481
f 1481/1481/1481 1482/1482/1482 1483/1483/1483
f 1482/1482/1482 1484/1484/1484 1483/1483/1483
f 1483/1483/1483 1484/1484/1484 1485/1485/1485
f 1484/1484/1484 1486/1486/1486 1485/1485/1485
f 1485/1485/1485 1486/1486/1486 1487/1487/1487
f 1486/1486/1486 1488/1488/1488 1487/1487/1487
f 1491/1491/1491 1490/1490/1490 1489/1489/1489
f 1492/1492/1492 1491/1491/1491 1489/1489/1489
f 1495/1495/1495 1494/1494/1494 1493/1493/1493
f 1496/1496/1496 1495/1495/1495 1493/1493/1493
f 1499/1499/1499 1498/1498/1498 1497/1497/1497
f 1500/1500/1500 1499/1499/1499 1497/1497/1497
f 1503/1503/1503 1502/1502/1502 1501/1501/1501
f 1504/1504/1504 1503/1503/1503 1501/1501/1501
f 1507/1507/1507 1506/1506/1506 1505/1505/1505
f 1508/1508/1508 1507/1507/1507 1505/1505/1505
f 1511/1511/1511 1510/1510/1510 1509/1509/1509
f 1512/1512/1512 1511/1511/1511 1509/1509/1509
f 1515/1515/1515 1514/1514/1514 1513/1513/1513
f 1516/1516/1516 1515/1515/1515 1513/1513/1513
f 1519/1519/1519 1518/1518/1518 1517/1517/1517
f 1520/1520/1520 1519/1519/1519 1517/1517/1517
f 1523/1523/1523 1522/1522/1522 1521/1521/1521
f 1524/1524/1524 1523/1523/1523 1521/1521/1521
f 1527/1527/1527 1526/1526/1526 1525/1525/1525
f 1528/1528/1528 1527/1527/1527 1525/1525/1525
f 1531/1531/1531 1530/1530/1530 1529/1529/1529
f 1532/1532/1532 1531/1531/1531 1529/1529/1529
f 1535/1535/1535 1534/1534/1534 1533/1533/1533
f 1536/1536/1536 1535/1535/1535 1533/1533/1533
f 1539/1539/1539 1538/1538/1538 1537/1537/1537
f 1540/1540/1540 1539/1539/1539 1537/1537/1537
f 1543/1543/1543 1542/1542/1542 1541/1541/1541
f 1544/1544/1544 1543/1543/1543 1541/1541/1541
f 1547/1547/1547 1546/1546/1546 1545/1545/1545
f 1548/1548/1548 1547/1547/1547 1545/1545/1545
f 1551/1551/1551 1550/1550/1550 1549/1549/1549
f 1552/1552/1552 1551/1551/1551 1549/1549/1549
f 1555/1555/1555 1554/1554/1554 1553/1553/1553
f 1556/1556/1556 1555/1555/1555 1553/1553/1553
f 1556/1556/1556 1553/1553/1553 1557/1557/1557
f 1558/1558/1558 1555/1555/1555 1556/1556/1556
f 1559/1559/1559 1556/1556/1556 1557/1557/1557
f 1559/1559/1559 1557/1557/1557 1560/1560/1560
f 1561/1561/1561 1558/1558/1558 1556/1556/1556
f 1561/1561/1561 1556/1556/1556 1559/1559/1559
f 1562/1562/1562 1558/1558/1558 1561/1561/1561
f 1563/1563/1563 1559/1559/1559 1560/1560/1560
f 1563/1563/1563 1560/1560/1560 1564/1564/1564
f 1565/1565/1565 1562/1562/1562 1561/1561/1561
f 1566/1566/1566 1562/1562/1562 1565/1565/1565
f 1567/1567/1567 1561/1561/1561 1559/1559/1559
f 1567/1567/1567 1559/1559/1559 1563/1563/1563
f 1565/1565/1565 1561/1561/1561 1567/1567/1567
f 1568/1568/1568 1563/1563/1563 1564/1564/1564
f 1568/1568/1568 1564/1564/1564 1569/1569/1569
f 1570/1570/1570 1566/1566/1566 1565/1565/1565
f 1571/1571/1571 1566/1566/1566 1570/1570/1570
f 1572/1572/1572 1565/1565/1565 1567/1567/1567
f 1570/1570/1570 1565/1565/1565 1572/1572/1572
f 1573/1573/1573 1567/1567/1567 1563/1563/1563
f 1573/1573/1573 1563/1563/1563 1568/1568/1568
f 1572/1572/1572 1567/1567/1567 1573/1573/1573
f 1574/1574/1574 1568/1568/1568 1569/1569/1569
f 1574/1574/1574 1569/1569/1569 1575/1575/1575
f 1576/1576/1576 1574/1574/1574 1575/1575/1575
f 1577/1577/1577 1571/1571/1571 1570/1570/1570
f 1578/1578/1578 1571/1571/1571 1577/1577/1577
f 1579/1579/1579 1573/1573/1573 1568/1568/1568
f 1579/1579/1579 1568/1568/1568 1574/1574/1574
f 1580/1580/1580 1574/1574/1574 1576/1576/1576
f 1580/1580/1580 1579/1579/1579 1574/1574/1574
f 1581/1581/1581 1580/1580/1580 1576/1576/1576
f 1582/1582/1582 1570/1570/1570 1572/1572/1572
f 1577/1577/1577 1570/1570/1570 1582/1582/1582
f 1583/1583/1583 1572/1572/1572 1573/1573/1573
f 1583/1583/1583 1573/1573/1573 1579/1579/1579
f 1582/1582/1582 1572/1572/1572 1583/1583/1583
f 1584/1584/1584 1578/1578/1578 1577/1577/1577
f 1585/1585/1585 1578/1578/1578 1584/1584/1584
f 1586/1586/1586 1579/1579/1579 1580/1580/1580
f 1586/1586/1586 1583/1583/1583 1579/1579/1579
f 1587/1587/1587 1580/1580/1580 1581/1581/1581
f 1587/1587/1587 1586/1586/1586 1580/1580/1580
f 1588/1588/1588 1587/1587/1587 1581/1581/1581
f 1589/1589/1589 1577/1577/1577 1582/1582/1582
f 1584/1584/1584 1577/1577/1577 1589/1589/1589
f 1590/1590/1590 1582/1582/1582 1583/1583/1583
f 1590/1590/1590 1583/1583/1583 1586/1586/1586
f 1589/1589/1589 1582/1582/1582 1590/1590/1590
f 1591/1591/1591 1585/1585/1585 1584/1584/1584
f 1592/1592/1592 1585/1585/1585 1591/1591/1591
f 1593/1593/1593 1592/1592/1592 1591/1591/1591
f 1594/1594/1594 1586/1586/1586 1587/1587/1587
f 1594/1594/1594 1590/1590/1590 1586/1586/1586
f 1595/1595/1595 1587/1587/1587 1588/1588/1588
f 1595/1595/1595 1594/1594/1594 1587/1587/1587
f 1596/1596/1596 1595/1595/1595 1588/1588/1588
f 1597/1597/1597 1584/1584/1584 1589/1589/1589
f 1591/1591/1591 1584/1584/1584 1597/1597/1597
f 1593/1593/1593 1591/1591/1591 1598/1598/1598
f 1598/1598/1598 1591/1591/1591 1597/1597/1597
f 1599/1599/1599 1593/1593/1593 1598/1598/1598
f 1600/1600/1600 1589/1589/1589 1590/1590/1590
f 1600/1600/1600 1590/1590/1590 1594/1594/1594
f 1597/1597/1597 1589/1589/1589 1600/1600/1600
f 1601/1601/1601 1594/1594/1594 1595/1595/1595
f 1601/1601/1601 1600/1600/1600 1594/1594/1594
f 1602/1602/1602 1595/1595/1595 1596/1596/1596
f 1602/1602/1602 1601/1601/1601 1595/1595/1595
f 1603/1603/1603 1602/1602/1602 1596/1596/1596
f 1604/1604/1604 1597/1597/1597 1600/1600/1600
f 1598/1598/1598 1597/1597/1597 1604/1604/1604
f 1604/1604/1604 1600/1600/1600 1601/1601/1601
f 1599/1599/1599 1598/1598/1598 1605/1605/1605
f 1605/1605/1605 1598/1598/1598 1604/1604/1604
f 1606/1606/1606 1599/1599/1599 1605/1605/1605
f 1607/1607/1607 1604/1604/1604 1601/1601/1601
f 1607/1607/1607 1601/1601/1601 1602/1602/1602
f 1605/1605/1605 1604/1604/1604 1607/1607/1607
f 1608/1608/1608 1602/1602/1602 1603/1603/1603
f 1608/1608/1608 1607/1607/1607 1602/1602/1602
f 1609/1609/1609 1608/1608/1608 1603/1603/1603
f 1606/1606/1606 1605/1605/1605 1610/1610/1610
f 1610/1610/1610 1605/1605/1605 1607/1607/1607
f 1610/1610/1610 1607/1607/1607 1608/1608/1608
f 1611/1611/1611 1606/1606/1606 1610/1610/1610
f 1612/1612/1612 1608/1608/1608 1609/1609/1609
f 1612/1612/1612 1610/1610/1610 1608/1608/1608
f 1611/1611/1611 1610/1610/1610 1612/1612/1612
f 1613/1613/1613 1612/1612/1612 1609/1609/1609
f 1614/1614/1614 1611/1611/1611 1612/1612/1612
f 1614/1614/1614 1612/1612/1612 1613/1613/1613
f 1615/1615/1615 1614/1614/1614 1613/1613/1613
f 1618/1618/1618 1617/1617/1617 1616/1616/1616
f 1619/1619/1619 1618/1618/1618 1616/1616/1616
f 1619/1619/1619 1616/1616/1616 1620/1620/1620
f 1621/1621/1621 1618/1618/1618 1619/1619/1619
f 1622/1622/1622 1619/1619/1619 1620/1620/1620
f 1622/1622/1622 1620/1620/1620 1623/1623/1623
f 1624/1624/1624 1621/1621/1621 1619/1619/1619
f 1624/1624/1624 1619/1619/1619 1622/1622/1622
f 1625/1625/1625 1621/1621/1621 1624/1624/1624
f 1626/1626/1626 1622/1622/1622 1623/1623/1623
f 1626/1626/1626 1623/1623/1623 1627/1627/1627
f 1628/1628/1628 1625/1625/1625 1624/1624/1624
f 1629/1629/1629 1625/1625/1625 1628/1628/1628
f 1630/1630/1630 1624/1624/1624 1622/1622/1622
f 1630/1630/1630 1622/1622/1622 1626/1626/1626
f 1628/1628/1628 1624/1624/1624 1630/1630/1630
f 1631/1631/1631 1626/1626/1626 1627/1627/1627
f 1631/1631/1631 1627/1627/1627 1632/1632/1632
f 1633/1633/1633 1629/1629/1629 1628/1628/1628
f 1634/1634/1634 1629/1629/1629 1633/1633/1633
f 1635/1635/1635 1628/1628/1628 1630/1630/1630
f 1633/1633/1633 1628/1628/1628 1635/1635/1635
f 1636/1636/1636 1630/1630/1630 1626/1626/1626
f 1636/1636/1636 1626/1626/1626 1631/1631/1631
f 1635/1635/1635 1630/1630/1630 1636/1636/1636
f 1637/1637/1637 1631/1631/1631 1632/1632/1632
f 1637/1637/1637 1632/1632/1632 1638/1638/1638
f 1639/1639/1639 1634/1634/1634 1633/1633/1633
f 1640/1640/1640 1634/1634/1634 1639/1639/1639
f 1641/1641/1641 1636/1636/1636 1631/1631/1631
f 1641/1641/1641 1631/1631/1631 1637/1637/1637
f 1642/1642/1642 1633/1633/1633 1635/1635/1635
f 1639/1639/1639 1633/1633/1633 1642/1642/1642
f 1643/1643/1643 1635/1635/1635 1636/1636/1636
f 1643/1643/1643 1636/1636/1636 1641/1641/1641
f 1642/1642/1642 1635/1635/1635 1643/1643/1643
f 1644/1644/1644 1637/1637/1637 1638/1638/1638
f 1644/1644/1644 1638/1638/1638 1645/1645/1645
f 1646/1646/1646 1640/1640/1640 1639/1639/1639
f 1647/1647/1647 1640/1640/1640 1646/1646/1646
f 1648/1648/1648 1641/1641/1641 1637/1637/1637
f 1648/1648/1648 1637/1637/1637 1644/1644/1644
f 1649/1649/1649 1643/1643/1643 1641/1641/1641
f 1649/1649/1649 1641/1641/1641 1648/1648/1648
f 1650/1650/1650 1639/1639/1639 1642/1642/1642
f 1646/1646/1646 1639/1639/1639 1650/1650/1650
f 1651/1651/1651 1642/1642/1642 1643/1643/1643
f 1651/1651/1651 1643/1643/1643 1649/1649/1649
f 1650/1650/1650 1642/1642/1642 1651/1651/1651
f 1652/1652/1652 1644/1644/1644 1645/1645/1645
f 1652/1652/1652 1645/1645/1645 1653/1653/1653
f 1654/1654/1654 1647/1647/1647 1646/1646/1646
f 1655/1655/1655 1647/1647/1647 1654/1654/1654
f 1656/1656/1656 1655/1655/1655 1654/1654/1654
f 1657/1657/1657 1646/1646/1646 1650/1650/1650
f 1654/1654/1654 1646/1646/1646 1657/1657/1657
f 1656/1656/1656 1654/1654/1654 1658/1658/1658
f 1658/1658/1658 1654/1654/1654 1657/1657/1657
f 1659/1659/1659 1656/1656/1656 1658/1658/1658
f 1660/1660/1660 1650/1650/1650 1651/1651/1651
f 1657/1657/1657 1650/1650/1650 1660/1660/1660
f 1658/1658/1658 1657/1657/1657 1661/1661/1661
f 1661/1661/1661 1657/1657/1657 1660/1660/1660
f 1659/1659/1659 1658/1658/1658 1662/1662/1662
f 1662/1662/1662 1658/1658/1658 1661/1661/1661
f 1663/1663/1663 1659/1659/1659 1662/1662/1662
f 1660/1660/1660 1651/1651/1651 1664/1664/1664
f 1664/1664/1664 1651/1651/1651 1649/1649/1649
f 1661/1661/1661 1660/1660/1660 1665/1665/1665
f 1665/1665/1665 1660/1660/1660 1664/1664/1664
f 1662/1662/1662 1661/1661/1661 1666/1666/1666
f 1666/1666/1666 1661/1661/1661 1665/1665/1665
f 1663/1663/1663 1662/1662/1662 1667/1667/1667
f 1667/1667/1667 1662/1662/1662 1666/1666/1666
f 1668/1668/1668 1663/1663/1663 1667/1667/1667
f 1664/1664/1664 1649/1649/1649 1669/1669/1669
f 1669/1669/1669 1649/1649/1649 1648/1648/1648
f 1665/1665/1665 1664/1664/1664 1670/1670/1670
f 1670/1670/1670 1664/1664/1664 1669/1669/1669
f 1666/1666/1666 1665/1665/1665 1671/1671/1671
f 1671/1671/1671 1665/1665/1665 1670/1670/1670
f 1667/1667/1667 1666/1666/1666 1672/1672/1672
f 1672/1672/1672 1666/1666/1666 1671/1671/1671
f 1668/1668/1668 1667/1667/1667 1673/1673/1673
f 1673/1673/1673 1667/1667/1667 1672/1672/1672
f 1674/1674/1674 1668/1668/1668 1673/1673/1673
f 1669/1669/1669 1648/1648/1648 1675/1675/1675
f 1675/1675/1675 1648/1648/1648 1644/1644/1644
f 1675/1675/1675 1644/1644/1644 1652/1652/1652
f 1670/1670/1670 1669/1669/1669 1676/1676/1676
f 1676/1676/1676 1669/1669/1669 1675/1675/1675
f 1671/1671/1671 1670/1670/1670 1677/1677/1677
f 1677/1677/1677 1670/1670/1670 1676/1676/1676
f 1672/1672/1672 1671/1671/1671 1678/1678/1678
f 1678/1678/1678 1671/1671/1671 1677/1677/1677
f 1673/1673/1673 1672/1672/1672 1679/1679/1679
f 1679/1679/1679 1672/1672/1672 1678/1678/1678
f 1674/1674/1674 1673/1673/1673 1680/1680/1680
f 1680/1680/1680 1673/1673/1673 1679/1679/1679
f 1681/1681/1681 1674/1674/1674 1680/1680/1680
f 1682/1682/1682 1675/1675/1675 1652/1652/1652
f 1676/1676/1676 1675/1675/1675 1682/1682/1682
f 1677/1677/1677 1676/1676/1676 1683/1683/1683
f 1683/1683/1683 1676/1676/1676 1682/1682/1682
f 1678/1678/1678 1677/1677/1677 1684/1684/1684
f 1684/1684/1684 1677/1677/1677 1683/1683/1683
f 1679/1679/1679 1678/1678/1678 1685/1685/1685
f 1685/1685/1685 1678/1678/1678 1684/1684/1684
f 1680/1680/1680 1679/1679/1679 1686/1686/1686
f 1686/1686/1686 1679/1679/1679 1685/1685/1685
f 1681/1681/1681 1680/1680/1680 1687/1687/1687
f 1687/1687/1687 1680/1680/1680 1686/1686/1686
f 1688/1688/1688 1681/1681/1681 1687/1687/1687
f 1682/1682/1682 1652/1652/1652 1689/1689/1689
f 1689/1689/1689 1652/1652/1652 1653/1653/1653
f 1689/1689/1689 1653/1653/1653 1690/1690/1690
f 1691/1691/1691 1689/1689/1689 1690/1690/1690
f 1692/1692/1692 1682/1682/1682 1689/1689/1689
f 1692/1692/1692 1689/1689/1689 1691/1691/1691
f 1683/1683/1683 1682/1682/1682 1692/1692/1692
f 1693/1693/1693 1692/1692/1692 1691/1691/1691
f 1694/1694/1694 1683/1683/1683 1692/1692/1692
f 1694/1694/1694 1692/1692/1692 1693/1693/1693
f 1684/1684/1684 1683/1683/1683 1694/1694/1694
f 1695/1695/1695 1694/1694/1694 1693/1693/1693
f 1696/1696/1696 1684/1684/1684 1694/1694/1694
f 1696/1696/1696 1694/1694/1694 1695/1695/1695
f 1685/1685/1685 1684/1684/1684 1696/1696/1696
f 1697/1697/1697 1696/1696/1696 1695/1695/1695
f 1698/1698/1698 1685/1685/1685 1696/1696/1696
f 1698/1698/1698 1696/1696/1696 1697/1697/1697
f 1686/1686/1686 1685/1685/1685 1698/1698/1698
f 1699/1699/1699 1698/1698/1698 1697/1697/1697
f 1700/1700/1700 1686/1686/1686 1698/1698/1698
f 1700/1700/1700 1698/1698/1698 1699/1699/1699
f 1687/1687/1687 1686/1686/1686 1700/1700/1700
f 1701/1701/1701 1700/1700/1700 1699/1699/1699
f 1702/1702/1702 1687/1687/1687 1700/1700/1700
f 1702/1702/1702 1700/1700/1700 1701/1701/1701
f 1688/1688/1688 1687/1687/1687 1702/1702/1702
f 1703/1703/1703 1702/1702/1702 1701/1701/1701
f 1704/1704/1704 1688/1688/1688 1702/1702/1702
f 1704/1704/1704 1702/1702/1702 1703/1703/1703
f 1705/1705/1705 1704/1704/1704 1703/1703/1703
f 1708/1708/1708 1707/1707/1707 1706/1706/1706
f 1709/1709/1709 1708/1708/1708 1706/1706/1706
f 1709/1709/1709 1706/1706/1706 1710/1710/1710
f 1711/1711/1711 1708/1708/1708 1709/1709/1709
f 1712/1712/1712 1709/1709/1709 1710/1710/1710
f 1712/1712/1712 1710/1710/1710 1713/1713/1713
f 1714/1714/1714 1711/1711/1711 1709/1709/1709
f 1714/1714/1714 1709/1709/1709 1712/1712/1712
f 1715/1715/1715 1711/1711/1711 1714/1714/1714
f 1716/1716/1716 1712/1712/1712 1713/1713/1713
f 1716/1716/1716 1713/1713/1713 1717/1717/1717
f 1718/1718/1718 1715/1715/1715 1714/1714/1714
f 1719/1719/1719 1715/1715/1715 1718/1718/1718
f 1720/1720/1720 1714/1714/1714 1712/1712/1712
f 1720/1720/1720 1712/1712/1712 1716/1716/1716
f 1718/1718/1718 1714/1714/1714 1720/1720/1720
f 1721/1721/1721 1716/1716/1716 1717/1717/1717
f 1721/1721/1721 1717/1717/1717 1722/1722/1722
f 1723/1723/1723 1719/1719/1719 1718/1718/1718
f 1724/1724/1724 1719/1719/1719 1723/1723/1723
f 1725/1725/1725 1718/1718/1718 1720/1720/1720
f 1723/1723/1723 1718/1718/1718 1725/1725/1725
f 1726/1726/1726 1720/1720/1720 1716/1716/1716
f 1726/1726/1726 1716/1716/1716 1721/1721/1721
f 1725/1725/1725 1720/1720/1720 1726/1726/1726
f 1727/1727/1727 1721/1721/1721 1722/1722/1722
f 1727/1727/1727 1722/1722/1722 1728/1728/1728
f 1729/1729/1729 1724/1724/1724 1723/1723/1723
f 1730/1730/1730 1724/1724/1724 1729/1729/1729
f 1731/1731/1731 1726/1726/1726 1721/1721/1721
f 1731/1731/1731 1721/1721/1721 1727/1727/1727
f 1732/1732/1732 1723/1723/1723 1725/1725/1725
f 1729/1729/1729 1723/1723/1723 1732/1732/1732
f 1733/1733/1733 1725/1725/1725 1726/1726/1726
f 1733/1733/1733 1726/1726/1726 1731/1731/1731
f 1732/1732/1732 1725/1725/1725 1733/1733/1733
f 1734/1734/1734 1727/1727/1727 1728/1728/1728
f 1734/1734/1734 1728/1728/1728 1735/1735/1735
f 1736/1736/1736 1730/1730/1730 1729/1729/1729
f 1737/1737/1737 1730/1730/1730 1736/1736/1736
f 1738/1738/1738 1731/1731/1731 1727/1727/1727
f 1738/1738/1738 1727/1727/1727 1734/1734/1734
f 1739/1739/1739 1733/1733/1733 1731/1731/1731
f 1739/1739/1739 1731/1731/1731 1738/1738/1738
f 1740/1740/1740 1729/1729/1729 1732/1732/1732
f 1736/1736/1736 1729/1729/1729 1740/1740/1740
f 1741/1741/1741 1732/1732/1732 1733/1733/1733
f 1741/1741/1741 1733/1733/1733 1739/1739/1739
f 1740/1740/1740 1732/1732/1732 1741/1741/1741
f 1742/1742/1742 1734/1734/1734 1735/1735/1735
f 1742/1742/1742 1735/1735/1735 1743/1743/1743
f 1744/1744/1744 1737/1737/1737 1736/1736/1736
f 1745/1745/1745 1737/1737/1737 1744/1744/1744
f 1746/1746/1746 1745/1745/1745 1744/1744/1744
f 1747/1747/1747 1736/1736/1736 1740/1740/1740
f 1744/1744/1744 1736/1736/1736 1747/1747/1747
f 1746/1746/1746 1744/1744/1744 1748/1748/1748
f 1748/1748/1748 1744/1744/1744 1747/1747/1747
f 1749/1749/1749 1746/1746/1746 1748/1748/1748
f 1750/1750/1750 1740/1740/1740 1741/1741/1741
f 1747/1747/1747 1740/1740/1740 1750/1750/1750
f 1748/1748/1748 1747/1747/1747 1751/1751/1751
f 1751/1751/1751 1747/1747/1747 1750/1750/1750
f 1749/1749/1749 1748/1748/1748 1752/1752/1752
f 1752/1752/1752 1748/1748/1748 1751/1751/1751
f 1753/1753/1753 1749/1749/1749 1752/1752/1752
f 1750/1750/1750 1741/1741/1741 1754/1754/1754
f 1754/1754/1754 1741/1741/1741 1739/1739/1739
f 1751/1751/1751 1750/1750/1750 1755/1755/1755
f 1755/1755/1755 1750/1750/1750 1754/1754/1754
f 1752/1752/1752 1751/1751/1751 1756/1756/1756
f 1756/1756/1756 1751/1751/1751 1755/1755/1755
f 1753/1753/1753 1752/1752/1752 1757/1757/1757
f 1757/1757/1757 1752/1752/1752 1756/1756/1756
f 1758/1758/1758 1753/1753/1753 1757/1757/1757
f 1754/1754/1754 1739/1739/1739 1759/1759/1759
f 1759/1759/1759 1739/1739/1739 1738/1738/1738
f 1755/1755/1755 1754/1754/1754 1760/1760/1760
f 1760/1760/1760 1754/1754/1754 1759/1759/1759
f 1756/1756/1756 1755/1755/1755 1761/1761/1761
f 1761/1761/1761 1755/1755/1755 1760/1760/1760
f 1757/1757/1757 1756/1756/1756 1762/1762/1762
f 1762/1762/1762 1756/1756/1756 1761/1761/1761
f 1758/1758/1758 1757/1757/1757 1763/1763/1763
f 1763/1763/1763 1757/1757/1757 1762/1762/1762
f 1764/1764/1764 1758/1758/1758 1763/1763/1763
f 1759/1759/1759 1738/1738/1738 1765/1765/1765
f 1765/1765/1765 1738/1738/1738 1734/1734/1734
f 1765/1765/1765 1734/1734/1734 1742/1742/1742
f 1760/1760/1760 1759/1759/1759 1766/1766/1766
f 1766/1766/1766 1759/1759/1759 1765/1765/1765
f 1761/1761/1761 1760/1760/1760 1767/1767/1767
f 1767/1767/1767 1760/1760/1760 1766/1766/1766
f 1762/1762/1762 1761/1761/1761 1768/1768/1768
f 1768/1768/1768 1761/1761/1761 1767/1767/1767
f 1763/1763/1763 1762/1762/1762 1769/1769/1769
f 1769/1769/1769 1762/1762/1762 1768/1768/1768
f 1764/1764/1764 1763/1763/1763 1770/1770/1770
f 1770/1770/1770 1763/1763/1763 1769/1769/1769
f 1771/1771/1771 1764/1764/1764 1770/1770/1770
f 1772/1772/1772 1765/1765/1765 1742/1742/1742
f 1766/1766/1766 1765/1765/1765 1772/1772/1772
f 1767/1767/1767 1766/1766/1766 1773/1773/1773
f 1773/1773/1773 1766/1766/1766 1772/1772/1772
f 1768/1768/1768 1767/1767/1767 1774/1774/1774
f 1774/1774/1774 1767/1767/1767 1773/1773/1773
f 1769/1769/1769 1768/1768/1768 1775/1775/1775
f 1775/1775/1775 1768/1768/1768 1774/1774/1774
f 1770/1770/1770 1769/1769/1769 1776/1776/1776
f 1776/1776/1776 1769/1769/1769 1775/1775/1775
f 1771/1771/1771 1770/1770/1770 1777/1777/1777
f 1777/1777/1777 1770/1770/1770 1776/1776/1776
f 1778/1778/1778 1771/1771/1771 1777/1777/1777
f 1772/1772/1772 1742/1742/1742 1779/1779/1779
f 1779/1779/1779 1742/1742/1742 1743/1743/1743
f 1779/1779/1779 1743/1743/1743 1780/1780/1780
f 1773/1773/1773 1772/1772/1772 1781/1781/1781
f 1781/1781/1781 1772/1772/1772 1779/1779/1779
f 1782/1782/1782 1779/1779/1779 1780/1780/1780
f 1781/1781/1781 1779/1779/1779 1782/1782/1782
f 1782/1782/1782 1780/1780/1780 1783/1783/1783
f 1784/1784/1784 1782/1782/1782 1783/1783/1783
f 1785/1785/1785 1782/1782/1782 1784/1784/1784
f 1785/1785/1785 1781/1781/1781 1782/1782/1782
f 1786/1786/1786 1785/1785/1785 1784/1784/1784
f 1787/1787/1787 1773/1773/1773 1781/1781/1781
f 1787/1787/1787 1781/1781/1781 1785/1785/1785
f 1774/1774/1774 1773/1773/1773 1787/1787/1787
f 1788/1788/1788 1785/1785/1785 1786/1786/1786
f 1788/1788/1788 1787/1787/1787 1785/1785/1785
f 1789/1789/1789 1788/1788/1788 1786/1786/1786
f 1790/1790/1790 1774/1774/1774 1787/1787/1787
f 1790/1790/1790 1787/1787/1787 1788/1788/1788
f 1775/1775/1775 1774/1774/1774 1790/1790/1790
f 1791/1791/1791 1788/1788/1788 1789/1789/1789
f 1791/1791/1791 1790/1790/1790 1788/1788/1788
f 1792/1792/1792 1791/1791/1791 1789/1789/1789
f 1793/1793/1793 1775/1775/1775 1790/1790/1790
f 1793/1793/1793 1790/1790/1790 1791/1791/1791
f 1776/1776/1776 1775/1775/1775 1793/1793/1793
f 1794/1794/1794 1791/1791/1791 1792/1792/1792
f 1794/1794/1794 1793/1793/1793 1791/1791/1791
f 1795/1795/1795 1794/1794/1794 1792/1792/1792
f 1796/1796/1796 1776/1776/1776 1793/1793/1793
f 1796/1796/1796 1793/1793/1793 1794/1794/1794
f 1777/1777/1777 1776/1776/1776 1796/1796/1796
f 1797/1797/1797 1794/1794/1794 1795/1795/1795
f 1797/1797/1797 1796/1796/1796 1794/1794/1794
f 1798/1798/1798 1797/1797/1797 1795/1795/1795
f 1799/1799/1799 1777/1777/1777 1796/1796/1796
f 1799/1799/1799 1796/1796/1796 1797/1797/1797
f 1778/1778/1778 1777/1777/1777 1799/1799/1799
f 1800/1800/1800 1778/1778/1778 1799/1799/1799
f 1801/1801/1801 1797/1797/1797 1798/1798/1798
f 1801/1801/1801 1799/1799/1799 1797/1797/1797
f 1800/1800/1800 1799/1799/1799 1801/1801/1801
f 1802/1802/1802 1801/1801/1801 1798/1798/1798
f 1803/1803/1803 1800/1800/1800 1801/1801/1801
f 1803/1803/1803 1801/1801/1801 1802/1802/1802
f 1804/1804/1804 1803/1803/1803 1802/1802/1802
f 1807/1807/1807 1806/1806/1806 1805/1805/1805
f 1808/1808/1808 1807/1807/1807 1805/1805/1805
f 1808/1808/1808 1805/1805/1805 1809/1809/1809
f 1810/1810/1810 1807/1807/1807 1808/1808/1808
f 1811/1811/1811 1808/1808/1808 1809/1809/1809
f 1811/1811/1811 1809/1809/1809 1812/1812/1812
f 1813/1813/1813 1810/1810/1810 1808/1808/1808
f 1813/1813/1813 1808/1808/1808 1811/1811/1811
f 1814/1814/1814 1810/1810/1810 1813/1813/1813
f 1815/1815/1815 1811/1811/1811 1812/1812/1812
f 1815/1815/1815 1812/1812/1812 1816/1816/1816
f 1817/1817/1817 1814/1814/1814 1813/1813/1813
f 1818/1818/1818 1814/1814/1814 1817/1817/1817
f 1819/1819/1819 1813/1813/1813 1811/1811/1811
f 1819/1819/1819 1811/1811/1811 1815/1815/1815
f 1817/1817/1817 1813/1813/1813 1819/1819/1819
f 1820/1820/1820 1815/1815/1815 1816/1816/1816
f 1820/1820/1820 1816/1816/1816 1821/1821/1821
f 1822/1822/1822 1820/1820/1820 1821/1821/1821
f 1823/1823/1823 1818/1818/1818 1817/1817/1817
f 1824/1824/1824 1818/1818/1818 1823/1823/1823
f 1825/1825/1825 1817/1817/1817 1819/1819/1819
f 1823/1823/1823 1817/1817/1817 1825/1825/1825
f 1826/1826/1826 1819/1819/1819 1815/1815/1815
f 1826/1826/1826 1815/1815/1815 1820/1820/1820
f 1825/1825/1825 1819/1819/1819 1826/1826/1826
f 1827/1827/1827 1820/1820/1820 1822/1822/1822
f 1827/1827/1827 1826/1826/1826 1820/1820/1820
f 1828/1828/1828 1827/1827/1827 1822/1822/1822
f 1829/1829/1829 1824/1824/1824 1823/1823/1823
f 1830/1830/1830 1824/1824/1824 1829/1829/1829
f 1831/1831/1831 1823/1823/1823 1825/1825/1825
f 1829/1829/1829 1823/1823/1823 1831/1831/1831
f 1832/1832/1832 1825/1825/1825 1826/1826/1826
f 1832/1832/1832 1826/1826/1826 1827/1827/1827
f 1831/1831/1831 1825/1825/1825 1832/1832/1832
f 1833/1833/1833 1827/1827/1827 1828/1828/1828
f 1833/1833/1833 1832/1832/1832 1827/1827/1827
f 1834/1834/1834 1833/1833/1833 1828/1828/1828
f 1835/1835/1835 1830/1830/1830 1829/1829/1829
f 1836/1836/1836 1830/1830/1830 1835/1835/1835
f 1837/1837/1837 1829/1829/1829 1831/1831/1831
f 1835/1835/1835 1829/1829/1829 1837/1837/1837
f 1838/1838/1838 1831/1831/1831 1832/1832/1832
f 1838/1838/1838 1832/1832/1832 1833/1833/1833
f 1837/1837/1837 1831/1831/1831 1838/1838/1838
f 1839/1839/1839 1833/1833/1833 1834/1834/1834
f 1839/1839/1839 1838/1838/1838 1833/1833/1833
f 1840/1840/1840 1839/1839/1839 1834/1834/1834
f 1841/1841/1841 1836/1836/1836 1835/1835/1835
f 1842/1842/1842 1836/1836/1836 1841/1841/1841
f 1843/1843/1843 1842/1842/1842 1841/1841/1841
f 1844/1844/1844 1835/1835/1835 1837/1837/1837
f 1841/1841/1841 1835/1835/1835 1844/1844/1844
f 1845/1845/1845 1837/1837/1837 1838/1838/1838
f 1845/1845/1845 1838/1838/1838 1839/1839/1839
f 1844/1844/1844 1837/1837/1837 1845/1845/1845
f 1846/1846/1846 1839/1839/1839 1840/1840/1840
f 1846/1846/1846 1845/1845/1845 1839/1839/1839
f 1847/1847/1847 1846/1846/1846 1840/1840/1840
f 1843/1843/1843 1841/1841/1841 1848/1848/1848
f 1848/1848/1848 1841/1841/1841 1844/1844/1844
f 1849/1849/1849 1843/1843/1843 1848/1848/1848
f 1850/1850/1850 1844/1844/1844 1845/1845/1845
f 1850/1850/1850 1845/1845/1845 1846/1846/1846
f 1848/1848/1848 1844/1844/1844 1850/1850/1850
f 1851/1851/1851 1846/1846/1846 1847/1847/1847
f 1851/1851/1851 1850/1850/1850 1846/1846/1846
f 1852/1852/1852 1851/1851/1851 1847/1847/1847
f 1849/1849/1849 1848/1848/1848 1853/1853/1853
f 1853/1853/1853 1848/1848/1848 1850/1850/1850
f 1853/1853/1853 1850/1850/1850 1851/1851/1851
f 1854/1854/1854 1849/1849/1849 1853/1853/1853
f 1855/1855/1855 1851/1851/1851 1852/1852/1852
f 1855/1855/1855 1853/1853/1853 1851/1851/1851
f 1854/1854/1854 1853/1853/1853 1855/1855/1855
f 1856/1856/1856 1855/1855/1855 1852/1852/1852
f 1857/1857/1857 1854/1854/1854 1855/1855/1855
f 1857/1857/1857 1855/1855/1855 1856/1856/1856
f 1858/1858/1858 1857/1857/1857 1856/1856/1856
f 1861/1861/1861 1860/1860/1860 1859/1859/1859
f 1860/1860/1860 1862/1862/1862 1859/1859/1859
f 1859/1859/1859 1862/1862/1862 1863/1863/1863
f 1862/1862/1862 1864/1864/1864 1863/1863/1863
f 1863/1863/1863 1864/1864/1864 1865/1865/1865
f 1864/1864/1864 1866/1866/1866 1865/1865/1865
f 1865/1865/1865 1866/1866/1866 1867/1867/1867
f 1866/1866/1866 1868/1868/1868 1867/1867/1867
f 1867/1867/1867 1868/1868/1868 1869/1869/1869
f 1868/1868/1868 1870/1870/1870 1869/1869/1869
f 1869/1869/1869 1870/1870/1870 1871/1871/1871
f 1870/1870/1870 1872/1872/1872 1871/1871/1871
f 1871/1871/1871 1872/1872/1872 1873/1873/1873
f 1872/1872/1872 1874/1874/1874 1873/1873/1873
f 1873/1873/1873 1874/1874/1874 1875/1875/1875
f 1874/1874/1874 1876/1876/1876 1875/1875/1875
f 1879/1879/1879 1878/1878/1878 1877/1877/1877
f 1880/1880/1880 1879/1879/1879 1877/1877/1877
f 1883/1883/1883 1882/1882/1882 1881/1881/1881
f 1884/1884/1884 1883/1883/1883 1881/1881/1881
f 1887/1887/1887 1886/1886/1886 1885/1885/1885
f 1888/1888/1888 1887/1887/1887 1885/1885/1885
f 1891/1891/1891 1890/1890/1890 1889/1889/1889
f 1892/1892/1892 1891/1891/1891 1889/1889/1889
f 1895/1895/1895 1894/1894/1894 1893/1893/1893
f 1896/1896/1896 1895/1895/1895 1893/1893/1893
f 1899/1899/1899 1898/1898/1898 1897/1897/1897
f 1900/1900/1900 1899/1899/1899 1897/1897/1897
f 1903/1903/1903 1902/1902/1902 1901/1901/1901
f 1904/1904/1904 1903/1903/1903 1901/1901/1901
f 1907/1907/1907 1906/1906/1906 1905/1905/1905
f 1908/1908/1908 1907/1907/1907 1905/1905/1905
f 1911/1911/1911 1910/1910/1910 1909/1909/1909
f 1912/1912/1912 1911/1911/1911 1909/1909/1909
f 1915/1915/1915 1914/1914/1914 1913/1913/1913
f 1916/1916/1916 1915/1915/1915 1913/1913/1913
f 1919/1919/1919 1918/1918/1918 1917/1917/1917
f 1920/1920/1920 1919/1919/1919 1917/1917/1917
f 1923/1923/1923 1922/1922/1922 1921/1921/1921
f 1924/1924/1924 1923/1923/1923 1921/1921/1921
f 1927/1927/1927 1926/1926/1926 1925/1925/1925
f 1928/1928/1928 1927/1927/1927 1925/1925/1925
f 1931/1931/1931 1930/1930/1930 1929/1929/1929
f 1932/1932/1932 1931/1931/1931 1929/1929/1929
f 1935/1935/1935 1934/1934/1934 1933/1933/1933
f 1936/1936/1936 1935/1935/1935 1933/1933/1933
f 1939/1939/1939 1938/1938/1938 1937/1937/1937
f 1940/1940/1940 1939/1939/1939 1937/1937/1937
f 1943/1943/1943 1942/1942/1942 1941/1941/1941
f 1944/1944/1944 1943/1943/1943 1941/1941/1941
f 1944/1944/1944 1941/1941/1941 1945/1945/1945
f 1946/1946/1946 1943/1943/1943 1944/1944/1944
f 1947/1947/1947 1944/1944/1944 1945/1945/1945
f 1947/1947/1947 1945/1945/1945 1948/1948/1948
f 1949/1949/1949 1946/1946/1946 1944/1944/1944
f 1949/1949/1949 1944/1944/1944 1947/1947/1947
f 1950/1950/1950 1946/1946/1946 1949/1949/1949
f 1951/1951/1951 1947/1947/1947 1948/1948/1948
f 1951/1951/1951 1948/1948/1948 1952/1952/1952
f 1953/1953/1953 1950/1950/1950 1949/1949/1949
f 1954/1954/1954 1950/1950/1950 1953/1953/1953
f 1955/1955/1955 1949/1949/1949 1947/1947/1947
f 1955/1955/1955 1947/1947/1947 1951/1951/1951
f 1953/1953/1953 1949/1949/1949 1955/1955/1955
f 1956/1956/1956 1951/1951/1951 1952/1952/1952
f 1956/1956/1956 1952/1952/1952 1957/1957/1957
f 1958/1958/1958 1954/1954/1954 1953/1953/1953
f 1959/1959/1959 1954/1954/1954 1958/1958/1958
f 1960/1960/1960 1953/1953/1953 1955/1955/1955
f 1958/1958/1958 1953/1953/1953 1960/1960/1960
f 1961/1961/1961 1955/1955/1955 1951/1951/1951
f 1961/1961/1961 1951/1951/1951 1956/1956/1956
f 1960/1960/1960 1955/1955/1955 1961/1961/1961
f 1962/1962/1962 1956/1956/1956 1957/1957/1957
f 1962/1962/1962 1957/1957/1957 1963/1963/1963
f 1964/1964/1964 1962/1962/1962 1963/1963/1963
f 1965/1965/1965 1959/1959/1959 1958/1958/1958
f 1966/1966/1966 1959/1959/1959 1965/1965/1965
f 1967/1967/1967 1961/1961/1961 1956/1956/1956
f 1967/1967/1967 1956/1956/1956 1962/1962/1962
f 1968/1968/1968 1962/1962/1962 1964/1964/1964
f 1968/1968/1968 1967/1967/1967 1962/1962/1962
f 1969/1969/1969 1968/1968/1968 1964/1964/1964
f 1970/1970/1970 1958/1958/1958 1960/1960/1960
f 1965/1965/1965 1958/1958/1958 1970/1970/1970
f 1971/1971/1971 1960/1960/1960 1961/1961/1961
f 1971/1971/1971 1961/1961/1961 1967/1967/1967
f 1970/1970/1970 1960/1960/1960 1971/1971/1971
f 1972/1972/1972 1966/1966/1966 1965/1965/1965
f 1973/1973/1973 1966/1966/1966 1972/1972/1972
f 1974/1974/1974 1967/1967/1967 1968/1968/1968
f 1974/1974/1974 1971/1971/1971 1967/1967/1967
f 1975/1975/1975 1968/1968/1968 1969/1969/1969
f 1975/1975/1975 1974/1974/1974 1968/1968/1968
f 1976/1976/1976 1975/1975/1975 1969/1969/1969
f 1977/1977/1977 1965/1965/1965 1970/1970/1970
f 1972/1972/1972 1965/1965/1965 1977/1977/1977
f 1978/1978/1978 1970/1970/1970 1971/1971/1971
f 1978/1978/1978 1971/1971/1971 1974/1974/1974
f 1977/1977/1977 1970/1970/1970 1978/1978/1978
f 1979/1979/1979 1973/1973/1973 1972/1972/1972
f 1980/1980/1980 1973/1973/1973 1979/1979/1979
f 1981/1981/1981 1980/1980/1980 1979/1979/1979
f 1982/1982/1982 1974/1974/1974 1975/1975/1975
f 1982/1982/1982 1978/1978/1978 1974/1974/1974
f 1983/1983/1983 1975/1975/1975 1976/1976/1976
f 1983/1983/1983 1982/1982/1982 1975/1975/1975
f 1984/1984/1984 1983/1983/1983 1976/1976/1976
f 1985/1985/1985 1972/1972/1972 1977/1977/1977
f 1979/1979/1979 1972/1972/1972 1985/1985/1985
f 1981/1981/1981 1979/1979/1979 1986/1986/1986
f 1986/1986/1986 1979/1979/1979 1985/1985/1985
f 1987/1987/1987 1981/1981/1981 1986/1986/1986
f 1988/1988/1988 1977/1977/1977 1978/1978/1978
f 1988/1988/1988 1978/1978/1978 1982/1982/1982
f 1985/1985/1985 1977/1977/1977 1988/1988/1988
f 1989/1989/1989 1982/1982/1982 1983/1983/1983
f 1989/1989/1989 1988/1988/1988 1982/1982/1982
f 1990/1990/1990 1983/1983/1983 1984/1984/1984
f 1990/1990/1990 1989/1989/1989 1983/1983/1983
f 1991/1991/1991 1990/1990/1990 1984/1984/1984
f 1992/1992/1992 1985/1985/1985 1988/1988/1988
f 1986/1986/1986 1985/1985/1985 1992/1992/1992
f 1992/1992/1992 1988/1988/1988 1989/1989/1989
f 1987/1987/1987 1986/1986/1986 1993/1993/1993
f 1993/1993/1993 1986/1986/1986 1992/1992/1992
f 1994/1994/1994 1987/1987/1987 1993/1993/1993
f 1995/1995/1995 1992/1992/1992 1989/1989/1989
f 1995/1995/1995 1989/1989/1989 1990/1990/1990
f 1993/1993/1993 1992/1992/1992 1995/1995/1995
f 1996/1996/1996 1990/1990/1990 1991/1991/1991
f 1996/1996/1996 1995/1995/1995 1990/1990/1990
f 1997/1997/1997 1996/1996/1996 1991/1991/1991
f 1994/1994/1994 1993/1993/1993 1998/1998/1998
f 1998/1998/1998 1993/1993/1993 1995/1995/1995
f 1998/1998/1998 1995/1995/1995 1996/1996/1996
f 1999/1999/1999 1994/1994/1994 1998/1998/1998
f 2000/2000/2000 1996/1996/1996 1997/1997/1997
f 2000/2000/2000 1998/1998/1998 1996/1996/1996
f 1999/1999/1999 1998/1998/1998 2000/2000/2000
f 2001/2001/2001 2000/2000/2000 1997/1997/1997
f 2002/2002/2002 1999/1999/1999 2000/2000/2000
f 2002/2002/2002 2000/2000/2000 2001/2001/2001
f 2003/2003/2003 2002/2002/2002 2001/2001/2001
f 2006/2006/2006 2005/2005/2005 2004/2004/2004
f 2007/2007/2007 2006/2006/2006 2004/2004/2004
f 2007/2007/2007 2004/2004/2004 2008/2008/2008
f 2009/2009/2009 2006/2006/2006 2007/2007/2007
f 2010/2010/2010 2007/2007/2007 2008/2008/2008
f 2010/2010/2010 2008/2008/2008 2011/2011/2011
f 2012/2012/2012 2009/2009/2009 2007/2007/2007
f 2012/2012/2012 2007/2007/2007 2010/2010/2010
f 2013/2013/2013 2009/2009/2009 2012/2012/2012
f 2014/2014/2014 2010/2010/2010 2011/2011/2011
f 2014/2014/2014 2011/2011/2011 2015/2015/2015
f 2016/2016/2016 2013/2013/2013 2012/2012/2012
f 2017/2017/2017 2013/2013/2013 2016/2016/2016
f 2018/2018/2018 2012/2012/2012 2010/2010/2010
f 2018/2018/2018 2010/2010/2010 2014/2014/2014
f 2016/2016/2016 2012/2012/2012 2018/2018/2018
f 2019/2019/2019 2014/2014/2014 2015/2015/2015
f 2019/2019/2019 2015/2015/2015 2020/2020/2020
f 2021/2021/2021 2017/2017/2017 2016/2016/2016
f 2022/2022/2022 2017/2017/2017 2021/2021/2021
f 2023/2023/2023 2016/2016/2016 2018/2018/2018
f 2021/2021/2021 2016/2016/2016 2023/2023/2023
f 2024/2024/2024 2018/2018/2018 2014/2014/2014
f 2024/2024/2024 2014/2014/2014 2019/2019/2019
f 2023/2023/2023 2018/2018/2018 2024/2024/2024
f 2025/2025/2025 2019/2019/2019 2020/2020/2020
f 2025/2025/2025 2020/2020/2020 2026/2026/2026
f 2027/2027/2027 2022/2022/2022 2021/2021/2021
f 2028/2028/2028 2022/2022/2022 2027/2027/2027
f 2029/2029/2029 2024/2024/2024 2019/2019/2019
f 2029/2029/2029 2019/2019/2019 2025/2025/2025
f 2030/2030/2030 2021/2021/2021 2023/2023/2023
f 2027/2027/2027 2021/2021/2021 2030/2030/2030
f 2031/2031/2031 2023/2023/2023 2024/2024/2024
f 2031/2031/2031 2024/2024/2024 2029/2029/2029
f 2030/2030/2030 2023/2023/2023 2031/2031/2031
f 2032/2032/2032 2025/2025/2025 2026/2026/2026
f 2032/2032/2032 2026/2026/2026 2033/2033/2033
f 2034/2034/2034 2028/2028/2028 2027/2027/2027
f 2035/2035/2035 2028/2028/2028 2034/2034/2034
f 2036/2036/2036 2029/2029/2029 2025/2025/2025
f 2036/2036/2036 2025/2025/2025 2032/2032/2032
f 2037/2037/2037 2031/2031/2031 2029/2029/2029
f 2037/2037/2037 2029/2029/2029 2036/2036/2036
f 2038/2038/2038 2027/2027/2027 2030/2030/2030
f 2034/2034/2034 2027/2027/2027 2038/2038/2038
f 2039/2039/2039 2030/2030/2030 2031/2031/2031
f 2039/2039/2039 2031/2031/2031 2037/2037/2037
f 2038/2038/2038 2030/2030/2030 2039/2039/2039
f 2040/2040/2040 2032/2032/2032 2033/2033/2033
f 2040/2040/2040 2033/2033/2033 2041/2041/2041
f 2042/2042/2042 2035/2035/2035 2034/2034/2034
f 2043/2043/2043 2035/2035/2035 2042/2042/2042
f 2044/2044/2044 2043/2043/2043 2042/2042/2042
f 2045/2045/2045 2034/2034/2034 2038/2038/2038
f 2042/2042/2042 2034/2034/2034 2045/2045/2045
f 2044/2044/2044 2042/2042/2042 2046/2046/2046
f 2046/2046/2046 2042/2042/2042 2045/2045/2045
f 2047/2047/2047 2044/2044/2044 2046/2046/2046
f 2048/2048/2048 2038/2038/2038 2039/2039/2039
f 2045/2045/2045 2038/2038/2038 2048/2048/2048
f 2046/2046/2046 2045/2045/2045 2049/2049/2049
f 2049/2049/2049 2045/2045/2045 2048/2048/2048
f 2047/2047/2047 2046/2046/2046 2050/2050/2050
f 2050/2050/2050 2046/2046/2046 2049/2049/2049
f 2051/2051/2051 2047/2047/2047 2050/2050/2050
f 2048/2048/2048 2039/2039/2039 2052/2052/2052
f 2052/2052/2052 2039/2039/2039 2037/2037/2037
f 2049/2049/2049 2048/2048/2048 2053/2053/2053
f 2053/2053/2053 2048/2048/2048 2052/2052/2052
f 2050/2050/2050 2049/2049/2049 2054/2054/2054
f 2054/2054/2054 2049/2049/2049 2053/2053/2053
f 2051/2051/2051 2050/2050/2050 2055/2055/2055
f 2055/2055/2055 2050/2050/2050 2054/2054/2054
f 2056/2056/2056 2051/2051/2051 2055/2055/2055
f 2052/2052/2052 2037/2037/2037 2057/2057/2057
f 2057/2057/2057 2037/2037/2037 2036/2036/2036
f 2053/2053/2053 2052/2052/2052 2058/2058/2058
f 2058/2058/2058 2052/2052/2052 2057/2057/2057
f 2054/2054/2054 2053/2053/2053 2059/2059/2059
f 2059/2059/2059 2053/2053/2053 2058/2058/2058
f 2055/2055/2055 2054/2054/2054 2060/2060/2060
f 2060/2060/2060 2054/2054/2054 2059/2059/2059
f 2056/2056/2056 2055/2055/2055 2061/2061/2061
f 2061/2061/2061 2055/2055/2055 2060/2060/2060
f 2062/2062/2062 2056/2056/2056 2061/2061/2061
f 2057/2057/2057 2036/2036/2036 2063/2063/2063
f 2063/2063/2063 2036/2036/2036 2032/2032/2032
f 2063/2063/2063 2032/2032/2032 2040/2040/2040
f 2058/2058/2058 2057/2057/2057 2064/2064/2064
f 2064/2064/2064 2057/2057/2057 2063/2063/2063
f 2059/2059/2059 2058/2058/2058 2065/2065/2065
f 2065/2065/2065 2058/2058/2058 2064/2064/2064
f 2060/2060/2060 2059/2059/2059 2066/2066/2066
f 2066/2066/2066 2059/2059/2059 2065/2065/2065
f 2061/2061/2061 2060/2060/2060 2067/2067/2067
f 2067/2067/2067 2060/2060/2060 2066/2066/2066
f 2062/2062/2062 2061/2061/2061 2068/2068/2068
f 2068/2068/2068 2061/2061/2061 2067/2067/2067
f 2069/2069/2069 2062/2062/2062 2068/2068/2068
f 2070/2070/2070 2063/2063/2063 2040/2040/2040
f 2064/2064/2064 2063/2063/2063 2070/2070/2070
f 2065/2065/2065 2064/2064/2064 2071/2071/2071
f 2071/2071/2071 2064/2064/2064 2070/2070/2070
f 2066/2066/2066 2065/2065/2065 2072/2072/2072
f 2072/2072/2072 2065/2065/2065 2071/2071/2071
f 2067/2067/2067 2066/2066/2066 2073/2073/2073
f 2073/2073/2073 2066/2066/2066 2072/2072/2072
f 2068/2068/2068 2067/2067/2067 2074/2074/2074
f 2074/2074/2074 2067/2067/2067 2073/2073/2073
f 2069/2069/2069 2068/2068/2068 2075/2075/2075
f 2075/2075/2075 2068/2068/2068 2074/2074/2074
f 2076/2076/2076 2069/2069/2069 2075/2075/2075
f 2070/2070/2070 2040/2040/2040 2077/2077/2077
f 2077/2077/2077 2040/2040/2040 2041/2041/2041
f 2077/2077/2077 2041/2041/2041 2078/2078/2078
f 2079/2079/2079 2077/2077/2077 2078/2078/2078
f 2080/2080/2080 2070/2070/2070 2077/2077/2077
f 2080/2080/2080 2077/2077/2077 2079/2079/2079
f 2071/2071/2071 2070/2070/2070 2080/2080/2080
f 2081/2081/2081 2080/2080/2080 2079/2079/2079
f 2082/2082/2082 2071/2071/2071 2080/2080/2080
f 2082/2082/2082 2080/2080/2080 2081/2081/2081
f 2072/2072/2072 2071/2071/2071 2082/2082/2082
f 2083/2083/2083 2082/2082/2082 2081/2081/2081
f 2084/2084/2084 2072/2072/2072 2082/2082/2082
f 2084/2084/2084 2082/2082/2082 2083/2083/2083
f 2073/2073/2073 2072/2072/2072 2084/2084/2084
f 2085/2085/2085 2084/2084/2084 2083/2083/2083
f 2086/2086/2086 2073/2073/2073 2084/2084/2084
f 2086/2086/2086 2084/2084/2084 2085/2085/2085
f 2074/2074/2074 2073/2073/2073 2086/2086/2086
f 2087/2087/2087 2086/2086/2086 2085/2085/2085
f 2088/2088/2088 2074/2074/2074 2086/2086/2086
f 2088/2088/2088 2086/2086/2086 2087/2087/2087
f 2075/2075/2075 2074/2074/2074 2088/2088/2088
f 2089/2089/2089 2088/2088/2088 2087/2087/2087
f 2090/2090/2090 2075/2075/2075 2088/2088/2088
f 2090/2090/2090 2088/2088/2088 2089/2089/2089
f 2076/2076/2076 2075/2075/2075 2090/2090/2090
f 2091/2091/2091 2090/2090/2090 2089/2089/2089
f 2092/2092/2092 2076/2076/2076 2090/2090/2090
f 2092/2092/2092 2090/2090/2090 2091/2091/2091
f 2093/2093/2093 2092/2092/2092 2091/2091/2091
f 2096/2096/2096 2095/2095/2095 2094/2094/2094
f 2097/2097/2097 2096/2096/2096 2094/2094/2094
f 2097/2097/2097 2094/2094/2094 2098/2098/2098
f 2099/2099/2099 2096/2096/2096 2097/2097/2097
f 2100/2100/2100 2097/2097/2097 2098/2098/2098
f 2100/2100/2100 2098/2098/2098 2101/2101/2101
f 2102/2102/2102 2099/2099/2099 2097/2097/2097
f 2102/2102/2102 2097/2097/2097 2100/2100/2100
f 2103/2103/2103 2099/2099/2099 2102/2102/2102
f 2104/2104/2104 2100/2100/2100 2101/2101/2101
f 2104/2104/2104 2101/2101/2101 2105/2105/2105
f 2106/2106/2106 2103/2103/2103 2102/2102/2102
f 2107/2107/2107 2103/2103/2103 2106/2106/2106
f 2108/2108/2108 2102/2102/2102 2100/2100/2100
f 2108/2108/2108 2100/2100/2100 2104/2104/2104
f 2106/2106/2106 2102/2102/2102 2108/2108/2108
f 2109/2109/2109 2104/2104/2104 2105/2105/2105
f 2109/2109/2109 2105/2105/2105 2110/2110/2110
f 2111/2111/2111 2107/2107/2107 2106/2106/2106
f 2112/2112/2112 2107/2107/2107 2111/2111/2111
f 2113/2113/2113 2106/2106/2106 2108/2108/2108
f 2111/2111/2111 2106/2106/2106 2113/2113/2113
f 2114/2114/2114 2108/2108/2108 2104/2104/2104
f 2114/2114/2114 2104/2104/2104 2109/2109/2109
f 2113/2113/2113 2108/2108/2108 2114/2114/2114
f 2115/2115/2115 2109/2109/2109 2110/2110/2110
f 2115/2115/2115 2110/2110/2110 2116/2116/2116
f 2117/2117/2117 2112/2112/2112 2111/2111/2111
f 2118/2118/2118 2112/2112/2112 2117/2117/2117
f 2119/2119/2119 2114/2114/2114 2109/2109/2109
f 2119/2119/2119 2109/2109/2109 2115/2115/2115
f 2120/2120/2120 2111/2111/2111 2113/2113/2113
f 2117/2117/2117 2111/2111/2111 2120/2120/2120
f 2121/2121/2121 2113/2113/2113 2114/2114/2114
f 2121/2121/2121 2114/2114/2114 2119/2119/2119
f 2120/2120/2120 2113/2113/2113 2121/2121/2121
f 2122/2122/2122 2115/2115/2115 2116/2116/2116
f 2122/2122/2122 2116/2116/2116 2123/2123/2123
f 2124/2124/2124 2118/2118/2118 2117/2117/2117
f 2125/2125/2125 2118/2118/2118 2124/2124/2124
f 2126/2126/2126 2119/2119/2119 2115/2115/2115
f 2126/2126/2126 2115/2115/2115 2122/2122/2122
f 2127/2127/2127 2121/2121/2121 2119/2119/2119
f 2127/2127/2127 2119/2119/2119 2126/2126/2126
f 2128/2128/2128 2117/2117/2117 2120/2120/2120
f 2124/2124/2124 2117/2117/2117 2128/2128/2128
f 2129/2129/2129 2120/2120/2120 2121/2121/2121
f 2129/2129/2129 2121/2121/2121 2127/2127/2127
f 2128/2128/2128 2120/2120/2120 2129/2129/2129
f 2130/2130/2130 2122/2122/2122 2123/2123/2123
f 2130/2130/2130 2123/2123/2123 2131/2131/2131
f 2132/2132/2132 2125/2125/2125 2124/2124/2124
f 2133/2133/2133 2125/2125/2125 2132/2132/2132
f 2134/2134/2134 2133/2133/2133 2132/2132/2132
f 2135/2135/2135 2124/2124/2124 2128/2128/2128
f 2132/2132/2132 2124/2124/2124 2135/2135/2135
f 2134/2134/2134 2132/2132/2132 2136/2136/2136
f 2136/2136/2136 2132/2132/2132 2135/2135/2135
f 2137/2137/2137 2134/2134/2134 2136/2136/2136
f 2138/2138/2138 2128/2128/2128 2129/2129/2129
f 2135/2135/2135 2128/2128/2128 2138/2138/2138
f 2136/2136/2136 2135/2135/2135 2139/2139/2139
f 2139/2139/2139 2135/2135/2135 2138/2138/2138
f 2137/2137/2137 2136/2136/2136 2140/2140/2140
f 2140/2140/2140 2136/2136/2136 2139/2139/2139
f 2141/2141/2141 2137/2137/2137 2140/2140/2140
f 2138/2138/2138 2129/2129/2129 2142/2142/2142
f 2142/2142/2142 2129/2129/2129 2127/2127/2127
f 2139/2139/2139 2138/2138/2138 2143/2143/2143
f 2143/2143/2143 2138/2138/2138 2142/2142/2142
f 2140/2140/2140 2139/2139/2139 2144/2144/2144
f 2144/2144/2144 2139/2139/2139 2143/2143/2143
f 2141/2141/2141 2140/2140/2140 2145/2145/2145
f 2145/2145/2145 2140/2140/2140 2144/2144/2144
f 2146/2146/2146 2141/2141/2141 2145/2145/2145
f 2142/2142/2142 2127/2127/2127 2147/2147/2147
f 2147/2147/2147 2127/2127/2127 2126/2126/2126
f 2143/2143/2143 2142/2142/2142 2148/2148/2148
f 2148/2148/2148 2142/2142/2142 2147/2147/2147
f 2144/2144/2144 2143/2143/2143 2149/2149/2149
f 2149/2149/2149 2143/2143/2143 2148/2148/2148
f 2145/2145/2145 2144/2144/2144 2150/2150/2150
f 2150/2150/2150 2144/2144/2144 2149/2149/2149
f 2146/2146/2146 2145/2145/2145 2151/2151/2151
f 2151/2151/2151 2145/2145/2145 2150/2150/2150
f 2152/2152/2152 2146/2146/2146 2151/2151/2151
f 2147/2147/2147 2126/2126/2126 2153/2153/2153
f 2153/2153/2153 2126/2126/2126 2122/2122/2122
f 2153/2153/2153 2122/2122/2122 2130/2130/2130
f 2148/2148/2148 2147/2147/2147 2154/2154/2154
f 2154/2154/2154 2147/2147/2147 2153/2153/2153
f 2149/2149/2149 2148/2148/2148 2155/2155/2155
f 2155/2155/2155 2148/2148/2148 2154/2154/2154
f 2150/2150/2150 2149/2149/2149 2156/2156/2156
f 2156/2156/2156 2149/2149/2149 2155/2155/2155
f 2151/2151/2151 2150/2150/2150 2157/2157/2157
f 2157/2157/2157 2150/2150/2150 2156/2156/2156
f 2152/2152/2152 2151/2151/2151 2158/2158/2158
f 2158/2158/2158 2151/2151/2151 2157/2157/2157
f 2159/2159/2159 2152/2152/2152 2158/2158/2158
f 2160/2160/2160 2153/2153/2153 2130/2130/2130
f 2154/2154/2154 2153/2153/2153 2160/2160/2160
f 2155/2155/2155 2154/2154/2154 2161/2161/2161
f 2161/2161/2161 2154/2154/2154 2160/2160/2160
f 2156/2156/2156 2155/2155/2155 2162/2162/2162
f 2162/2162/2162 2155/2155/2155 2161/2161/2161
f 2157/2157/2157 2156/2156/2156 2163/2163/2163
f 2163/2163/2163 2156/2156/2156 2162/2162/2162
f 2158/2158/2158 2157/2157/2157 2164/2164/2164
f 2164/2164/2164 2157/2157/2157 2163/2163/2163
f 2159/2159/2159 2158/2158/2158 2165/2165/2165
f 2165/2165/2165 2158/2158/2158 2164/2164/2164
f 2166/2166/2166 2159/2159/2159 2165/2165/2165
f 2160/2160/2160 2130/2130/2130 2167/2167/2167
f 2167/2167/2167 2130/2130/2130 2131/2131/2131
f 2167/2167/2167 2131/2131/2131 2168/2168/2168
f 2161/2161/2161 2160/2160/2160 2169/2169/2169
f 2169/2169/2169 2160/2160/2160 2167/2167/2167
f 2170/2170/2170 2167/2167/2167 2168/2168/2168
f 2169/2169/2169 2167/2167/2167 2170/2170/2170
f 2170/2170/2170 2168/2168/2168 2171/2171/2171
f 2172/2172/2172 2170/2170/2170 2171/2171/2171
f 2173/2173/2173 2170/2170/2170 2172/2172/2172
f 2173/2173/2173 2169/2169/2169 2170/2170/2170
f 2174/2174/2174 2173/2173/2173 2172/2172/2172
f 2175/2175/2175 2161/2161/2161 2169/2169/2169
f 2175/2175/2175 2169/2169/2169 2173/2173/2173
f 2162/2162/2162 2161/2161/2161 2175/2175/2175
f 2176/2176/2176 2173/2173/2173 2174/2174/2174
f 2176/2176/2176 2175/2175/2175 2173/2173/2173
f 2177/2177/2177 2176/2176/2176 2174/2174/2174
f 2178/2178/2178 2162/2162/2162 2175/2175/2175
f 2178/2178/2178 2175/2175/2175 2176/2176/2176
f 2163/2163/2163 2162/2162/2162 2178/2178/2178
f 2179/2179/2179 2176/2176/2176 2177/2177/2177
f 2179/2179/2179 2178/2178/2178 2176/2176/2176
f 2180/2180/2180 2179/2179/2179 2177/2177/2177
f 2181/2181/2181 2163/2163/2163 2178/2178/2178
f 2181/2181/2181 2178/2178/2178 2179/2179/2179
f 2164/2164/2164 2163/2163/2163 2181/2181/2181
f 2182/2182/2182 2179/2179/2179 2180/2180/2180
f 2182/2182/2182 2181/2181/2181 2179/2179/2179
f 2183/2183/2183 2182/2182/2182 2180/2180/2180
f 2184/2184/2184 2164/2164/2164 2181/2181/2181
f 2184/2184/2184 2181/2181/2181 2182/2182/2182
f 2165/2165/2165 2164/2164/2164 2184/2184/2184
f 2185/2185/2185 2182/2182/2182 2183/2183/2183
f 2185/2185/2185 2184/2184/2184 2182/2182/2182
f 2186/2186/2186 2185/2185/2185 2183/2183/2183
f 2187/2187/2187 2165/2165/2165 2184/2184/2184
f 2187/2187/2187 2184/2184/2184 2185/2185/2185
f 2166/2166/2166 2165/2165/2165 2187/2187/2187
f 2188/2188/2188 2166/2166/2166 2187/2187/2187
f 2189/2189/2189 2185/2185/2185 2186/2186/2186
f 2189/2189/2189 2187/2187/2187 2185/2185/2185
f 2188/2188/2188 2187/2187/2187 2189/2189/2189
f 2190/2190/2190 2189/2189/2189 2186/2186/2186
f 2191/2191/2191 2188/2188/2188 2189/2189/2189
f 2191/2191/2191 2189/2189/2189 2190/2190/2190
f 2192/2192/2192 2191/2191/2191 2190/2190/2190
f 2195/2195/2195 2194/2194/2194 2193/2193/2193
f 2196/2196/2196 2195/2195/2195 2193/2193/2193
f 2196/2196/2196 2193/2193/2193 2197/2197/2197
f 2198/2198/2198 2195/2195/2195 2196/2196/2196
f 2199/2199/2199 2196/2196/2196 2197/2197/2197
f 2199/2199/2199 2197/2197/2197 2200/2200/2200
f 2201/2201/2201 2198/2198/2198 2196/2196/2196
f 2201/2201/2201 2196/2196/2196 2199/2199/2199
f 2202/2202/2202 2198/2198/2198 2201/2201/2201
f 2203/2203/2203 2199/2199/2199 2200/2200/2200
f 2203/2203/2203 2200/2200/2200 2204/2204/2204
f 2205/2205/2205 2202/2202/2202 2201/2201/2201
f 2206/2206/2206 2202/2202/2202 2205/2205/2205
f 2207/2207/2207 2201/2201/2201 2199/2199/2199
f 2207/2207/2207 2199/2199/2199 2203/2203/2203
f 2205/2205/2205 2201/2201/2201 2207/2207/2207
f 2208/2208/2208 2203/2203/2203 2204/2204/2204
f 2208/2208/2208 2204/2204/2204 2209/2209/2209
f 2210/2210/2210 2208/2208/2208 2209/2209/2209
f 2211/2211/2211 2206/2206/2206 2205/2205/2205
f 2212/2212/2212 2206/2206/2206 2211/2211/2211
f 2213/2213/2213 2205/2205/2205 2207/2207/2207
f 2211/2211/2211 2205/2205/2205 2213/2213/2213
f 2214/2214/2214 2207/2207/2207 2203/2203/2203
f 2214/2214/2214 2203/2203/2203 2208/2208/2208
f 2213/2213/2213 2207/2207/2207 2214/2214/2214
f 2215/2215/2215 2208/2208/2208 2210/2210/2210
f 2215/2215/2215 2214/2214/2214 2208/2208/2208
f 2216/2216/2216 2215/2215/2215 2210/2210/2210
f 2217/2217/2217 2212/2212/2212 2211/2211/2211
f 2218/2218/2218 2212/2212/2212 2217/2217/2217
f 2219/2219/2219 2211/2211/2211 2213/2213/2213
f 2217/2217/2217 2211/2211/2211 2219/2219/2219
f 2220/2220/2220 2213/2213/2213 2214/2214/2214
f 2220/2220/2220 2214/2214/2214 2215/2215/2215
f 2219/2219/2219 2213/2213/2213 2220/2220/2220
f 2221/2221/2221 2215/2215/2215 2216/2216/2216
f 2221/2221/2221 2220/2220/2220 2215/2215/2215
f 2222/2222/2222 2221/2221/2221 2216/2216/2216
f 2223/2223/2223 2218/2218/2218 2217/2217/2217
f 2224/2224/2224 2218/2218/2218 2223/2223/2223
f 2225/2225/2225 2217/2217/2217 2219/2219/2219
f 2223/2223/2223 2217/2217/2217 2225/2225/2225
f 2226/2226/2226 2219/2219/2219 2220/2220/2220
f 2226/2226/2226 2220/2220/2220 2221/2221/2221
f 2225/2225/2225 2219/2219/2219 2226/2226/2226
f 2227/2227/2227 2221/2221/2221 2222/2222/2222
f 2227/2227/2227 2226/2226/2226 2221/2221/2221
f 2228/2228/2228 2227/2227/2227 2222/2222/2222
f 2229/2229/2229 2224/2224/2224 2223/2223/2223
f 2230/2230/2230 2224/2224/2224 2229/2229/2229
f 2231/2231/2231 2230/2230/2230 2229/2229/2229
f 2232/2232/2232 2223/2223/2223 2225/2225/2225
f 2229/2229/2229 2223/2223/2223 2232/2232/2232
f 2233/2233/2233 2225/2225/2225 2226/2226/2226
f 2233/2233/2233 2226/2226/2226 2227/2227/2227
f 2232/2232/2232 2225/2225/2225 2233/2233/2233
f 2234/2234/2234 2227/2227/2227 2228/2228/2228
f 2234/2234/2234 2233/2233/2233 2227/2227/2227
f 2235/2235/2235 2234/2234/2234 2228/2228/2228
f 2231/2231/2231 2229/2229/2229 2236/2236/2236
f 2236/2236/2236 2229/2229/2229 2232/2232/2232
f 2237/2237/2237 2231/2231/2231 2236/2236/2236
f 2238/2238/2238 2232/2232/2232 2233/2233/2233
f 2238/2238/2238 2233/2233/2233 2234/2234/2234
f 2236/2236/2236 2232/2232/2232 2238/2238/2238
f 2239/2239/2239 2234/2234/2234 2235/2235/2235
f 2239/2239/2239 2238/2238/2238 2234/2234/2234
f 2240/2240/2240 2239/2239/2239 2235/2235/2235
f 2237/2237/2237 2236/2236/2236 2241/2241/2241
f 2241/2241/2241 2236/2236/2236 2238/2238/2238
f 2241/2241/2241 2238/2238/2238 2239/2239/2239
f 2242/2242/2242 2237/2237/2237 2241/2241/2241
f 2243/2243/2243 2239/2239/2239 2240/2240/2240
f 2243/2243/2243 2241/2241/2241 2239/2239/2239
f 2242/2242/2242 2241/2241/2241 2243/2243/2243
f 2244/2244/2244 2243/2243/2243 2240/2240/2240
f 2245/2245/2245 2242/2242/2242 2243/2243/2243
f 2245/2245/2245 2243/2243/2243 2244/2244/2244
f 2246/2246/2246 2245/2245/2245 2244/2244/2244
f 2249/2249/2249 2248/2248/2248 2247/2247/2247
f 2248/2248/2248 2250/2250/2250 2247/2247/2247
f 2247/2247/2247 2250/2250/2250 2251/2251/2251
f 2250/2250/2250 2252/2252/2252 2251/2251/2251
f 2251/2251/2251 2252/2252/2252 2253/2253/2253
f 2252/2252/2252 2254/2254/2254 2253/2253/2253
f 2253/2253/2253 2254/2254/2254 2255/2255/2255
f 2254/2254/2254 2256/2256/2256 2255/2255/2255
f 2255/2255/2255 2256/2256/2256 2257/2257/2257
f 2256/2256/2256 2258/2258/2258 2257/2257/2257
f 2257/2257/2257 2258/2258/2258 2259/2259/2259
f 2258/2258/2258 2260/2260/2260 2259/2259/2259
f 2259/2259/2259 2260/2260/2260 2261/2261/2261
f 2260/2260/2260 2262/2262/2262 2261/2261/2261
f 2261/2261/2261 2262/2262/2262 2263/2263/2263
f 2262/2262/2262 2264/2264/2264 2263/2263/2263
f 2267/2267/2267 2266/2266/2266 2265/2265/2265
f 2268/2268/2268 2267/2267/2267 2265/2265/2265
f 2271/2271/2271 2270/2270/2270 2269/2269/2269
f 2272/2272/2272 2271/2271/2271 2269/2269/2269
f 2275/2275/2275 2274/2274/2274 2273/2273/2273
f 2276/2276/2276 2275/2275/2275 2273/2273/2273
f 2279/2279/2279 2278/2278/2278 2277/2277/2277
f 2280/2280/2280 2279/2279/2279 2277/2277/2277
f 2283/2283/2283 2282/2282/2282 2281/2281/2281
f 2284/2284/2284 2283/2283/2283 2281/2281/2281
f 2287/2287/2287 2286/2286/2286 2285/2285/2285
f 2288/2288/2288 2287/2287/2287 2285/2285/2285
f 2291/2291/2291 2290/2290/2290 2289/2289/2289
f 2292/2292/2292 2291/2291/2291 2289/2289/2289
f 2295/2295/2295 2294/2294/2294 2293/2293/2293
f 2296/2296/2296 2295/2295/2295 2293/2293/2293
f 2299/2299/2299 2298/2298/2298 2297/2297/2297
f 2300/2300/2300 2299/2299/2299 2297/2297/2297
f 2303/2303/2303 2302/2302/2302 2301/2301/2301
f 2304/2304/2304 2303/2303/2303 2301/2301/2301
f 2307/2307/2307 2306/2306/2306 2305/2305/2305
f 2308/2308/2308 2307/2307/2307 2305/2305/2305
f 2311/2311/2311 2310/2310/2310 2309/2309/2309
f 2312/2312/2312 2311/2311/2311 2309/2309/2309
f 2315/2315/2315 2314/2314/2314 2313/2313/2313
f 2316/2316/2316 2315/2315/2315 2313/2313/2313
f 2319/2319/2319 2318/2318/2318 2317/2317/2317
f 2320/2320/2320 2319/2319/2319 2317/2317/2317
f 2323/2323/2323 2322/2322/2322 2321/2321/2321
f 2324/2324/2324 2323/2323/2323 2321/2321/2321
f 2327/2327/2327 2326/2326/2326 2325/2325/2325
f 2328/2328/2328 2327/2327/2327 2325/2325/2325
f 2331/2331/2331 2330/2330/2330 2329/2329/2329
f 2330/2330/2330 2332/2332/2332 2329/2329/2329
f 2329/2329/2329 2332/2332/2332 2333/2333/2333
f 2330/2330/2330 2334/2334/2334 2332/2332/2332
f 2332/2332/2332 2335/2335/2335 2333/2333/2333
f 2333/2333/2333 2335/2335/2335 2336/2336/2336
f 2334/2334/2334 2337/2337/2337 2332/2332/2332
f 2332/2332/2332 2337/2337/2337 2335/2335/2335
f 2334/2334/2334 2338/2338/2338 2337/2337/2337
f 2335/2335/2335 2339/2339/2339 2336/2336/2336
f 2336/2336/2336 2339/2339/2339 2340/2340/2340
f 2338/2338/2338 2341/2341/2341 2337/2337/2337
f 2338/2338/2338 2342/2342/2342 2341/2341/2341
f 2337/2337/2337 2343/2343/2343 2335/2335/2335
f 2335/2335/2335 2343/2343/2343 2339/2339/2339
f 2337/2337/2337 2341/2341/2341 2343/2343/2343
f 2339/2339/2339 2344/2344/2344 2340/2340/2340
f 2340/2340/2340 2344/2344/2344 2345/2345/2345
f 2342/2342/2342 2346/2346/2346 2341/2341/2341
f 2342/2342/2342 2347/2347/2347 2346/2346/2346
f 2341/2341/2341 2348/2348/2348 2343/2343/2343
f 2341/2341/2341 2346/2346/2346 2348/2348/2348
f 2343/2343/2343 2349/2349/2349 2339/2339/2339
f 2339/2339/2339 2349/2349/2349 2344/2344/2344
f 2343/2343/2343 2348/2348/2348 2349/2349/2349
f 2344/2344/2344 2350/2350/2350 2345/2345/2345
f 2345/2345/2345 2350/2350/2350 2351/2351/2351
f 2350/2350/2350 2352/2352/2352 2351/2351/2351
f 2347/2347/2347 2353/2353/2353 2346/2346/2346
f 2347/2347/2347 2354/2354/2354 2353/2353/2353
f 2349/2349/2349 2355/2355/2355 2344/2344/2344
f 2344/2344/2344 2355/2355/2355 2350/2350/2350
f 2350/2350/2350 2356/2356/2356 2352/2352/2352
f 2355/2355/2355 2356/2356/2356 2350/2350/2350
f 2356/2356/2356 2357/2357/2357 2352/2352/2352
f 2346/2346/2346 2358/2358/2358 2348/2348/2348
f 2346/2346/2346 2353/2353/2353 2358/2358/2358
f 2348/2348/2348 2359/2359/2359 2349/2349/2349
f 2349/2349/2349 2359/2359/2359 2355/2355/2355
f 2348/2348/2348 2358/2358/2358 2359/2359/2359
f 2354/2354/2354 2360/2360/2360 2353/2353/2353
f 2354/2354/2354 2361/2361/2361 2360/2360/2360
f 2356/2356/2356 2362/2362/2362 2357/2357/2357
f 2362/2362/2362 2363/2363/2363 2357/2357/2357
f 2355/2355/2355 2364/2364/2364 2356/2356/2356
f 2359/2359/2359 2364/2364/2364 2355/2355/2355
f 2364/2364/2364 2362/2362/2362 2356/2356/2356
f 2353/2353/2353 2365/2365/2365 2358/2358/2358
f 2353/2353/2353 2360/2360/2360 2365/2365/2365
f 2358/2358/2358 2366/2366/2366 2359/2359/2359
f 2359/2359/2359 2366/2366/2366 2364/2364/2364
f 2358/2358/2358 2365/2365/2365 2366/2366/2366
f 2361/2361/2361 2367/2367/2367 2360/2360/2360
f 2361/2361/2361 2368/2368/2368 2367/2367/2367
f 2368/2368/2368 2369/2369/2369 2367/2367/2367
f 2362/2362/2362 2370/2370/2370 2363/2363/2363
f 2370/2370/2370 2371/2371/2371 2363/2363/2363
f 2364/2364/2364 2372/2372/2372 2362/2362/2362
f 2366/2366/2366 2372/2372/2372 2364/2364/2364
f 2372/2372/2372 2370/2370/2370 2362/2362/2362
f 2360/2360/2360 2373/2373/2373 2365/2365/2365
f 2360/2360/2360 2367/2367/2367 2373/2373/2373
f 2367/2367/2367 2369/2369/2369 2374/2374/2374
f 2367/2367/2367 2374/2374/2374 2373/2373/2373
f 2369/2369/2369 2375/2375/2375 2374/2374/2374
f 2365/2365/2365 2376/2376/2376 2366/2366/2366
f 2366/2366/2366 2376/2376/2376 2372/2372/2372
f 2365/2365/2365 2373/2373/2373 2376/2376/2376
f 2370/2370/2370 2377/2377/2377 2371/2371/2371
f 2377/2377/2377 2378/2378/2378 2371/2371/2371
f 2372/2372/2372 2379/2379/2379 2370/2370/2370
f 2376/2376/2376 2379/2379/2379 2372/2372/2372
f 2379/2379/2379 2377/2377/2377 2370/2370/2370
f 2373/2373/2373 2380/2380/2380 2376/2376/2376
f 2373/2373/2373 2374/2374/2374 2380/2380/2380
f 2376/2376/2376 2380/2380/2380 2379/2379/2379
f 2374/2374/2374 2375/2375/2375 2381/2381/2381
f 2374/2374/2374 2381/2381/2381 2380/2380/2380
f 2375/2375/2375 2382/2382/2382 2381/2381/2381
f 2380/2380/2380 2383/2383/2383 2379/2379/2379
f 2379/2379/2379 2383/2383/2383 2377/2377/2377
f 2380/2380/2380 2381/2381/2381 2383/2383/2383
f 2377/2377/2377 2384/2384/2384 2378/2378/2378
f 2383/2383/2383 2384/2384/2384 2377/2377/2377
f 2384/2384/2384 2385/2385/2385 2378/2378/2378
f 2381/2381/2381 2382/2382/2382 2386/2386/2386
f 2381/2381/2381 2386/2386/2386 2383/2383/2383
f 2383/2383/2383 2386/2386/2386 2384/2384/2384
f 2382/2382/2382 2387/2387/2387 2386/2386/2386
f 2384/2384/2384 2388/2388/2388 2385/2385/2385
f 2386/2386/2386 2388/2388/2388 2384/2384/2384
f 2386/2386/2386 2387/2387/2387 2388/2388/2388
f 2388/2388/2388 2389/2389/2389 2385/2385/2385
f 2387/2387/2387 2390/2390/2390 2388/2388/2388
f 2388/2388/2388 2390/2390/2390 2389/2389/2389
f 2390/2390/2390 2391/2391/2391 2389/2389/2389
f 2394/2394/2394 2393/2393/2393 2392/2392/2392
f 2395/2395/2395 2394/2394/2394 2392/2392/2392
f 2395/2395/2395 2392/2392/2392 2396/2396/2396
f 2397/2397/2397 2394/2394/2394 2395/2395/2395
f 2398/2398/2398 2395/2395/2395 2396/2396/2396
f 2398/2398/2398 2396/2396/2396 2399/2399/2399
f 2400/2400/2400 2397/2397/2397 2395/2395/2395
f 2400/2400/2400 2395/2395/2395 2398/2398/2398
f 2401/2401/2401 2397/2397/2397 2400/2400/2400
f 2402/2402/2402 2398/2398/2398 2399/2399/2399
f 2402/2402/2402 2399/2399/2399 2403/2403/2403
f 2404/2404/2404 2401/2401/2401 2400/2400/2400
f 2405/2405/2405 2401/2401/2401 2404/2404/2404
f 2406/2406/2406 2400/2400/2400 2398/2398/2398
f 2406/2406/2406 2398/2398/2398 2402/2402/2402
f 2404/2404/2404 2400/2400/2400 2406/2406/2406
f 2407/2407/2407 2402/2402/2402 2403/2403/2403
f 2407/2407/2407 2403/2403/2403 2408/2408/2408
f 2409/2409/2409 2405/2405/2405 2404/2404/2404
f 2410/2410/2410 2405/2405/2405 2409/2409/2409
f 2411/2411/2411 2404/2404/2404 2406/2406/2406
f 2409/2409/2409 2404/2404/2404 2411/2411/2411
f 2412/2412/2412 2406/2406/2406 2402/2402/2402
f 2412/2412/2412 2402/2402/2402 2407/2407/2407
f 2411/2411/2411 2406/2406/2406 2412/2412/2412
f 2413/2413/2413 2407/2407/2407 2408/2408/2408
f 2413/2413/2413 2408/2408/2408 2414/2414/2414
f 2415/2415/2415 2410/2410/2410 2409/2409/2409
f 2416/2416/2416 2410/2410/2410 2415/2415/2415
f 2417/2417/2417 2416/2416/2416 2415/2415/2415
f 2418/2418/2418 2412/2412/2412 2407/2407/2407
f 2418/2418/2418 2407/2407/2407 2413/2413/2413
f 2419/2419/2419 2409/2409/2409 2411/2411/2411
f 2415/2415/2415 2409/2409/2409 2419/2419/2419
f 2417/2417/2417 2415/2415/2415 2420/2420/2420
f 2420/2420/2420 2415/2415/2415 2419/2419/2419
f 2421/2421/2421 2417/2417/2417 2420/2420/2420
f 2422/2422/2422 2411/2411/2411 2412/2412/2412
f 2419/2419/2419 2411/2411/2411 2422/2422/2422
f 2422/2422/2422 2412/2412/2412 2418/2418/2418
f 2423/2423/2423 2413/2413/2413 2414/2414/2414
f 2423/2423/2423 2414/2414/2414 2424/2424/2424
f 2421/2421/2421 2420/2420/2420 2425/2425/2425
f 2426/2426/2426 2421/2421/2421 2425/2425/2425
f 2420/2420/2420 2419/2419/2419 2427/2427/2427
f 2427/2427/2427 2419/2419/2419 2422/2422/2422
f 2425/2425/2425 2420/2420/2420 2427/2427/2427
f 2428/2428/2428 2422/2422/2422 2418/2418/2418
f 2427/2427/2427 2422/2422/2422 2428/2428/2428
f 2429/2429/2429 2418/2418/2418 2413/2413/2413
f 2429/2429/2429 2413/2413/2413 2423/2423/2423
f 2428/2428/2428 2418/2418/2418 2429/2429/2429
f 2430/2430/2430 2423/2423/2423 2424/2424/2424
f 2430/2430/2430 2424/2424/2424 2431/2431/2431
f 2432/2432/2432 2430/2430/2430 2431/2431/2431
f 2426/2426/2426 2425/2425/2425 2433/2433/2433
f 2434/2434/2434 2426/2426/2426 2433/2433/2433
f 2425/2425/2425 2427/2427/2427 2435/2435/2435
f 2435/2435/2435 2427/2427/2427 2428/2428/2428
f 2433/2433/2433 2425/2425/2425 2435/2435/2435
f 2436/2436/2436 2428/2428/2428 2429/2429/2429
f 2435/2435/2435 2428/2428/2428 2436/2436/2436
f 2437/2437/2437 2429/2429/2429 2423/2423/2423
f 2437/2437/2437 2423/2423/2423 2430/2430/2430
f 2436/2436/2436 2429/2429/2429 2437/2437/2437
f 2438/2438/2438 2430/2430/2430 2432/2432/2432
f 2438/2438/2438 2437/2437/2437 2430/2430/2430
f 2439/2439/2439 2438/2438/2438 2432/2432/2432
f 2434/2434/2434 2433/2433/2433 2440/2440/2440
f 2441/2441/2441 2434/2434/2434 2440/2440/2440
f 2433/2433/2433 2435/2435/2435 2442/2442/2442
f 2442/2442/2442 2435/2435/2435 2436/2436/2436
f 2440/2440/2440 2433/2433/2433 2442/2442/2442
f 2443/2443/2443 2436/2436/2436 2437/2437/2437
f 2443/2443/2443 2437/2437/2437 2438/2438/2438
f 2442/2442/2442 2436/2436/2436 2443/2443/2443
f 2444/2444/2444 2438/2438/2438 2439/2439/2439
f 2444/2444/2444 2443/2443/2443 2438/2438/2438
f 2445/2445/2445 2444/2444/2444 2439/2439/2439
f 2446/2446/2446 2442/2442/2442 2443/2443/2443
f 2440/2440/2440 2442/2442/2442 2446/2446/2446
f 2446/2446/2446 2443/2443/2443 2444/2444/2444
f 2441/2441/2441 2440/2440/2440 2447/2447/2447
f 2447/2447/2447 2440/2440/2440 2446/2446/2446
f 2448/2448/2448 2441/2441/2441 2447/2447/2447
f 2449/2449/2449 2444/2444/2444 2445/2445/2445
f 2449/2449/2449 2446/2446/2446 2444/2444/2444
f 2447/2447/2447 2446/2446/2446 2449/2449/2449
f 2450/2450/2450 2449/2449/2449 2445/2445/2445
f 2448/2448/2448 2447/2447/2447 2451/2451/2451
f 2451/2451/2451 2447/2447/2447 2449/2449/2449
f 2451/2451/2451 2449/2449/2449 2450/2450/2450
f 2452/2452/2452 2448/2448/2448 2451/2451/2451
f 2453/2453/2453 2451/2451/2451 2450/2450/2450
f 2452/2452/2452 2451/2451/2451 2453/2453/2453
f 2454/2454/2454 2452/2452/2452 2453/2453/2453
f 2457/2457/2457 2456/2456/2456 2455/2455/2455
f 2456/2456/2456 2458/2458/2458 2455/2455/2455
f 2455/2455/2455 2458/2458/2458 2459/2459/2459
f 2456/2456/2456 2460/2460/2460 2458/2458/2458
f 2458/2458/2458 2461/2461/2461 2459/2459/2459
f 2459/2459/2459 2461/2461/2461 2462/2462/2462
f 2460/2460/2460 2463/2463/2463 2458/2458/2458
f 2458/2458/2458 2463/2463/2463 2461/2461/2461
f 2460/2460/2460 2464/2464/2464 2463/2463/2463
f 2464/2464/2464 2465/2465/2465 2463/2463/2463
f 2464/2464/2464 2466/2466/2466 2465/2465/2465
f 2463/2463/2463 2467/2467/2467 2461/2461/2461
f 2463/2463/2463 2465/2465/2465 2467/2467/2467
f 2466/2466/2466 2468/2468/2468 2465/2465/2465
f 2466/2466/2466 2469/2469/2469 2468/2468/2468
f 2469/2469/2469 2470/2470/2470 2468/2468/2468
f 2469/2469/2469 2471/2471/2471 2470/2470/2470
f 2471/2471/2471 2472/2472/2472 2470/2470/2470
f 2471/2471/2471 2473/2473/2473 2472/2472/2472
f 2470/2470/2470 2474/2474/2474 2468/2468/2468
f 2470/2470/2470 2472/2472/2472 2474/2474/2474
f 2468/2468/2468 2475/2475/2475 2465/2465/2465
f 2474/2474/2474 2475/2475/2475 2468/2468/2468
f 2473/2473/2473 2476/2476/2476 2472/2472/2472
f 2473/2473/2473 2477/2477/2477 2476/2476/2476
f 2477/2477/2477 2478/2478/2478 2476/2476/2476
f 2475/2475/2475 2479/2479/2479 2465/2465/2465
f 2465/2465/2465 2479/2479/2479 2467/2467/2467
f 2479/2479/2479 2475/2475/2475 2480/2480/2480
f 2480/2480/2480 2481/2481/2481 2479/2479/2479
f 2479/2479/2479 2481/2481/2481 2467/2467/2467
f 2474/2474/2474 2482/2482/2482 2475/2475/2475
f 2481/2481/2481 2483/2483/2483 2467/2467/2467
f 2484/2484/2484 2482/2482/2482 2474/2474/2474
f 2467/2467/2467 2483/2483/2483 2461/2461/2461
f 2472/2472/2472 2485/2485/2485 2474/2474/2474
f 2485/2485/2485 2484/2484/2484 2474/2474/2474
f 2472/2472/2472 2476/2476/2476 2485/2485/2485
f 2486/2486/2486 2484/2484/2484 2485/2485/2485
f 2461/2461/2461 2483/2483/2483 2487/2487/2487
f 2487/2487/2487 2483/2483/2483 2488/2488/2488
f 2461/2461/2461 2487/2487/2487 2462/2462/2462
f 2488/2488/2488 2489/2489/2489 2487/2487/2487
f 2487/2487/2487 2489/2489/2489 2462/2462/2462
f 2462/2462/2462 2489/2489/2489 2490/2490/2490
f 2490/2490/2490 2489/2489/2489 2491/2491/2491
f 2490/2490/2490 2491/2491/2491 2492/2492/2492
f 2492/2492/2492 2491/2491/2491 2493/2493/2493
f 2492/2492/2492 2493/2493/2493 2494/2494/2494
f 2493/2493/2493 2495/2495/2495 2494/2494/2494
f 2494/2494/2494 2495/2495/2495 2496/2496/2496
f 2497/2497/2497 2494/2494/2494 2496/2496/2496
f 2498/2498/2498 2497/2497/2497 2496/2496/2496
f 2497/2497/2497 2498/2498/2498 2499/2499/2499
f 2498/2498/2498 2496/2496/2496 2500/2500/2500
f 2498/2498/2498 2501/2501/2501 2499/2499/2499
f 2498/2498/2498 2500/2500/2500 2501/2501/2501
f 2499/2499/2499 2501/2501/2501 2502/2502/2502
f 2501/2501/2501 2503/2503/2503 2502/2502/2502
f 2501/2501/2501 2500/2500/2500 2504/2504/2504
f 2501/2501/2501 2504/2504/2504 2503/2503/2503
f 2500/2500/2500 2505/2505/2505 2504/2504/2504
f 2504/2504/2504 2506/2506/2506 2503/2503/2503
f 2505/2505/2505 2507/2507/2507 2504/2504/2504
f 2504/2504/2504 2507/2507/2507 2506/2506/2506
f 2506/2506/2506 2507/2507/2507 2508/2508/2508
f 2508/2508/2508 2507/2507/2507 2509/2509/2509
f 2508/2508/2508 2509/2509/2509 2510/2510/2510
f 2509/2509/2509 2511/2511/2511 2510/2510/2510
f 2510/2510/2510 2511/2511/2511 2512/2512/2512
f 2511/2511/2511 2513/2513/2513 2512/2512/2512
f 2513/2513/2513 2514/2514/2514 2512/2512/2512
f 2514/2514/2514 2515/2515/2515 2512/2512/2512
f 2516/2516/2516 2515/2515/2515 2514/2514/2514
f 2514/2514/2514 2517/2517/2517 2516/2516/2516
f 2517/2517/2517 2518/2518/2518 2516/2516/2516
f 2516/2516/2516 2519/2519/2519 2515/2515/2515
f 2518/2518/2518 2519/2519/2519 2516/2516/2516
f 2519/2519/2519 2520/2520/2520 2515/2515/2515
f 2519/2519/2519 2521/2521/2521 2520/2520/2520
f 2521/2521/2521 2522/2522/2522 2520/2520/2520
f 2523/2523/2523 2521/2521/2521 2519/2519/2519
f 2519/2519/2519 2518/2518/2518 2524/2524/2524
f 2524/2524/2524 2523/2523/2523 2519/2519/2519
f 2518/2518/2518 2525/2525/2525 2524/2524/2524
f 2525/2525/2525 2526/2526/2526 2524/2524/2524
f 2524/2524/2524 2526/2526/2526 2523/2523/2523
f 2526/2526/2526 2527/2527/2527 2523/2523/2523
f 2526/2526/2526 2528/2528/2528 2527/2527/2527
f 2528/2528/2528 2529/2529/2529 2527/2527/2527
f 2528/2528/2528 2530/2530/2530 2529/2529/2529
f 2529/2529/2529 2530/2530/2530 2531/2531/2531
f 2530/2530/2530 2532/2532/2532 2531/2531/2531
f 2532/2532/2532 2533/2533/2533 2531/2531/2531
f 2533/2533/2533 2532/2532/2532 2534/2534/2534
f 2532/2532/2532 2535/2535/2535 2534/2534/2534
f 2536/2536/2536 2533/2533/2533 2534/2534/2534
f 2535/2535/2535 2486/2486/2486 2534/2534/2534
f 2537/2537/2537 2536/2536/2536 2534/2534/2534
f 2486/2486/2486 2537/2537/2537 2534/2534/2534
f 2478/2478/2478 2536/2536/2536 2537/2537/2537
f 2537/2537/2537 2486/2486/2486 2485/2485/2485
f 2476/2476/2476 2478/2478/2478 2537/2537/2537
f 2476/2476/2476 2537/2537/2537 2485/2485/2485
f 2540/2540/2540 2539/2539/2539 2538/2538/2538
f 2539/2539/2539 2541/2541/2541 2538/2538/2538
f 2538/2538/2538 2541/2541/2541 2542/2542/2542
f 2539/2539/2539 2543/2543/2543 2541/2541/2541
f 2541/2541/2541 2544/2544/2544 2542/2542/2542
f 2542/2542/2542 2544/2544/2544 2545/2545/2545
f 2543/2543/2543 2546/2546/2546 2541/2541/2541
f 2541/2541/2541 2546/2546/2546 2544/2544/2544
f 2543/2543/2543 2547/2547/2547 2546/2546/2546
f 2544/2544/2544 2548/2548/2548 2545/2545/2545
f 2545/2545/2545 2548/2548/2548 2549/2549/2549
f 2547/2547/2547 2550/2550/2550 2546/2546/2546
f 2547/2547/2547 2551/2551/2551 2550/2550/2550
f 2546/2546/2546 2552/2552/2552 2544/2544/2544
f 2544/2544/2544 2552/2552/2552 2548/2548/2548
f 2546/2546/2546 2550/2550/2550 2552/2552/2552
f 2548/2548/2548 2553/2553/2553 2549/2549/2549
f 2549/2549/2549 2553/2553/2553 2554/2554/2554
f 2551/2551/2551 2555/2555/2555 2550/2550/2550
f 2551/2551/2551 2556/2556/2556 2555/2555/2555
f 2550/2550/2550 2557/2557/2557 2552/2552/2552
f 2550/2550/2550 2555/2555/2555 2557/2557/2557
f 2552/2552/2552 2558/2558/2558 2548/2548/2548
f 2548/2548/2548 2558/2558/2558 2553/2553/2553
f 2552/2552/2552 2557/2557/2557 2558/2558/2558
f 2553/2553/2553 2559/2559/2559 2554/2554/2554
f 2554/2554/2554 2559/2559/2559 2560/2560/2560
f 2556/2556/2556 2561/2561/2561 2555/2555/2555
f 2556/2556/2556 2562/2562/2562 2561/2561/2561
f 2558/2558/2558 2563/2563/2563 2553/2553/2553
f 2553/2553/2553 2563/2563/2563 2559/2559/2559
f 2555/2555/2555 2564/2564/2564 2557/2557/2557
f 2555/2555/2555 2561/2561/2561 2564/2564/2564
f 2557/2557/2557 2565/2565/2565 2558/2558/2558
f 2558/2558/2558 2565/2565/2565 2563/2563/2563
f 2557/2557/2557 2564/2564/2564 2565/2565/2565
f 2559/2559/2559 2566/2566/2566 2560/2560/2560
f 2560/2560/2560 2566/2566/2566 2567/2567/2567
f 2562/2562/2562 2568/2568/2568 2561/2561/2561
f 2562/2562/2562 2569/2569/2569 2568/2568/2568
f 2563/2563/2563 2570/2570/2570 2559/2559/2559
f 2559/2559/2559 2570/2570/2570 2566/2566/2566
f 2565/2565/2565 2571/2571/2571 2563/2563/2563
f 2563/2563/2563 2571/2571/2571 2570/2570/2570
f 2561/2561/2561 2572/2572/2572 2564/2564/2564
f 2561/2561/2561 2568/2568/2568 2572/2572/2572
f 2564/2564/2564 2573/2573/2573 2565/2565/2565
f 2565/2565/2565 2573/2573/2573 2571/2571/2571
f 2564/2564/2564 2572/2572/2572 2573/2573/2573
f 2566/2566/2566 2574/2574/2574 2567/2567/2567
f 2567/2567/2567 2574/2574/2574 2575/2575/2575
f 2569/2569/2569 2576/2576/2576 2568/2568/2568
f 2569/2569/2569 2577/2577/2577 2576/2576/2576
f 2577/2577/2577 2578/2578/2578 2576/2576/2576
f 2568/2568/2568 2579/2579/2579 2572/2572/2572
f 2568/2568/2568 2576/2576/2576 2579/2579/2579
f 2576/2576/2576 2578/2578/2578 2580/2580/2580
f 2576/2576/2576 2580/2580/2580 2579/2579/2579
f 2578/2578/2578 2581/2581/2581 2580/2580/2580
f 2572/2572/2572 2582/2582/2582 2573/2573/2573
f 2572/2572/2572 2579/2579/2579 2582/2582/2582
f 2580/2580/2580 2581/2581/2581 2583/2583/2583
f 2581/2581/2581 2584/2584/2584 2583/2583/2583
f 2579/2579/2579 2580/2580/2580 2585/2585/2585
f 2579/2579/2579 2585/2585/2585 2582/2582/2582
f 2580/2580/2580 2583/2583/2583 2585/2585/2585
f 2573/2573/2573 2582/2582/2582 2586/2586/2586
f 2573/2573/2573 2586/2586/2586 2571/2571/2571
f 2583/2583/2583 2584/2584/2584 2587/2587/2587
f 2584/2584/2584 2588/2588/2588 2587/2587/2587
f 2585/2585/2585 2583/2583/2583 2589/2589/2589
f 2583/2583/2583 2587/2587/2587 2589/2589/2589
f 2582/2582/2582 2585/2585/2585 2590/2590/2590
f 2582/2582/2582 2590/2590/2590 2586/2586/2586
f 2585/2585/2585 2589/2589/2589 2590/2590/2590
f 2571/2571/2571 2586/2586/2586 2591/2591/2591
f 2571/2571/2571 2591/2591/2591 2570/2570/2570
f 2587/2587/2587 2588/2588/2588 2592/2592/2592
f 2588/2588/2588 2593/2593/2593 2592/2592/2592
f 2586/2586/2586 2590/2590/2590 2594/2594/2594
f 2586/2586/2586 2594/2594/2594 2591/2591/2591
f 2589/2589/2589 2587/2587/2587 2595/2595/2595
f 2587/2587/2587 2592/2592/2592 2595/2595/2595
f 2590/2590/2590 2589/2589/2589 2596/2596/2596
f 2590/2590/2590 2596/2596/2596 2594/2594/2594
f 2589/2589/2589 2595/2595/2595 2596/2596/2596
f 2570/2570/2570 2591/2591/2591 2597/2597/2597
f 2570/2570/2570 2597/2597/2597 2566/2566/2566
f 2566/2566/2566 2597/2597/2597 2574/2574/2574
f 2592/2592/2592 2593/2593/2593 2598/2598/2598
f 2593/2593/2593 2599/2599/2599 2598/2598/2598
f 2591/2591/2591 2594/2594/2594 2600/2600/2600
f 2591/2591/2591 2600/2600/2600 2597/2597/2597
f 2594/2594/2594 2596/2596/2596 2601/2601/2601
f 2594/2594/2594 2601/2601/2601 2600/2600/2600
f 2595/2595/2595 2592/2592/2592 2602/2602/2602
f 2592/2592/2592 2598/2598/2598 2602/2602/2602
f 2596/2596/2596 2595/2595/2595 2603/2603/2603
f 2596/2596/2596 2603/2603/2603 2601/2601/2601
f 2595/2595/2595 2602/2602/2602 2603/2603/2603
f 2597/2597/2597 2604/2604/2604 2574/2574/2574
f 2597/2597/2597 2600/2600/2600 2604/2604/2604
f 2598/2598/2598 2599/2599/2599 2605/2605/2605
f 2599/2599/2599 2606/2606/2606 2605/2605/2605
f 2600/2600/2600 2601/2601/2601 2607/2607/2607
f 2600/2600/2600 2607/2607/2607 2604/2604/2604
f 2601/2601/2601 2603/2603/2603 2608/2608/2608
f 2601/2601/2601 2608/2608/2608 2607/2607/2607
f 2602/2602/2602 2598/2598/2598 2609/2609/2609
f 2598/2598/2598 2605/2605/2605 2609/2609/2609
f 2603/2603/2603 2602/2602/2602 2610/2610/2610
f 2603/2603/2603 2610/2610/2610 2608/2608/2608
f 2602/2602/2602 2609/2609/2609 2610/2610/2610
f 2574/2574/2574 2604/2604/2604 2611/2611/2611
f 2574/2574/2574 2611/2611/2611 2575/2575/2575
f 2575/2575/2575 2611/2611/2611 2612/2612/2612
f 2611/2611/2611 2613/2613/2613 2612/2612/2612
f 2604/2604/2604 2614/2614/2614 2611/2611/2611
f 2611/2611/2611 2614/2614/2614 2613/2613/2613
f 2604/2604/2604 2607/2607/2607 2614/2614/2614
f 2614/2614/2614 2615/2615/2615 2613/2613/2613
f 2607/2607/2607 2616/2616/2616 2614/2614/2614
f 2614/2614/2614 2616/2616/2616 2615/2615/2615
f 2607/2607/2607 2608/2608/2608 2616/2616/2616
f 2616/2616/2616 2617/2617/2617 2615/2615/2615
f 2608/2608/2608 2618/2618/2618 2616/2616/2616
f 2616/2616/2616 2618/2618/2618 2617/2617/2617
f 2608/2608/2608 2610/2610/2610 2618/2618/2618
f 2618/2618/2618 2619/2619/2619 2617/2617/2617
f 2610/2610/2610 2620/2620/2620 2618/2618/2618
f 2618/2618/2618 2620/2620/2620 2619/2619/2619
f 2610/2610/2610 2609/2609/2609 2620/2620/2620
f 2620/2620/2620 2621/2621/2621 2619/2619/2619
f 2609/2609/2609 2622/2622/2622 2620/2620/2620
f 2620/2620/2620 2622/2622/2622 2621/2621/2621
f 2609/2609/2609 2605/2605/2605 2622/2622/2622
f 2622/2622/2622 2623/2623/2623 2621/2621/2621
f 2605/2605/2605 2624/2624/2624 2622/2622/2622
f 2622/2622/2622 2624/2624/2624 2623/2623/2623
f 2605/2605/2605 2606/2606/2606 2624/2624/2624
f 2624/2624/2624 2625/2625/2625 2623/2623/2623
f 2606/2606/2606 2626/2626/2626 2624/2624/2624
f 2624/2624/2624 2626/2626/2626 2625/2625/2625
f 2626/2626/2626 2627/2627/2627 2625/2625/2625
f 2630/2630/2630 2629/2629/2629 2628/2628/2628
f 2629/2629/2629 2631/2631/2631 2628/2628/2628
f 2629/2629/2629 2632/2632/2632 2631/2631/2631
f 2632/2632/2632 2633/2633/2633 2631/2631/2631
f 2632/2632/2632 2634/2634/2634 2633/2633/2633
f 2634/2634/2634 2635/2635/2635 2633/2633/2633
f 2634/2634/2634 2636/2636/2636 2635/2635/2635
f 2636/2636/2636 2637/2637/2637 2635/2635/2635
f 2636/2636/2636 2638/2638/2638 2637/2637/2637
f 2638/2638/2638 2639/2639/2639 2637/2637/2637
f 2638/2638/2638 2640/2640/2640 2639/2639/2639
f 2640/2640/2640 2641/2641/2641 2639/2639/2639
f 2640/2640/2640 2642/2642/2642 2641/2641/2641
f 2642/2642/2642 2643/2643/2643 2641/2641/2641
f 2642/2642/2642 2644/2644/2644 2643/2643/2643
f 2644/2644/2644 2645/2645/2645 2643/2643/2643
f 2648/2648/2648 2647/2647/2647 2646/2646/2646
f 2649/2649/2649 2648/2648/2648 2646/2646/2646
f 2649/2649/2649 2646/2646/2646 2650/2650/2650
f 2651/2651/2651 2649/2649/2649 2650/2650/2650
f 2651/2651/2651 2650/2650/2650 2652/2652/2652
f 2653/2653/2653 2651/2651/2651 2652/2652/2652
f 2653/2653/2653 2652/2652/2652 2654/2654/2654
f 2655/2655/2655 2653/2653/2653 2654/2654/2654
f 2655/2655/2655 2654/2654/2654 2656/2656/2656
f 2657/2657/2657 2655/2655/2655 2656/2656/2656
f 2657/2657/2657 2656/2656/2656 2658/2658/2658
f 2659/2659/2659 2657/2657/2657 2658/2658/2658
f 2659/2659/2659 2658/2658/2658 2660/2660/2660
f 2661/2661/2661 2659/2659/2659 2660/2660/2660
f 2661/2661/2661 2660/2660/2660 2662/2662/2662
f 2663/2663/2663 2661/2661/2661 2662/2662/2662
f 2666/2666/2666 2665/2665/2665 2664/2664/2664
f 2665/2665/2665 2667/2667/2667 2664/2664/2664
f 2665/2665/2665 2668/2668/2668 2667/2667/2667
f 2668/2668/2668 2669/2669/2669 2667/2667/2667
f 2668/2668/2668 2670/2670/2670 2669/2669/2669
f 2670/2670/2670 2671/2671/2671 2669/2669/2669
f 2670/2670/2670 2672/2672/2672 2671/2671/2671
f 2672/2672/2672 2673/2673/2673 2671/2671/2671
f 2672/2672/2672 2674/2674/2674 2673/2673/2673
f 2674/2674/2674 2675/2675/2675 2673/2673/2673
f 2674/2674/2674 2676/2676/2676 2675/2675/2675
f 2676/2676/2676 2677/2677/2677 2675/2675/2675
f 2676/2676/2676 2678/2678/2678 2677/2677/2677
f 2678/2678/2678 2679/2679/2679 2677/2677/2677
f 2678/2678/2678 2680/2680/2680 2679/2679/2679
f 2680/2680/2680 2681/2681/2681 2679/2679/2679
f 2684/2684/2684 2683/2683/2683 2682/2682/2682
f 2685/2685/2685 2684/2684/2684 2682/2682/2682
f 2685/2685/2685 2682/2682/2682 2686/2686/2686
f 2687/2687/2687 2685/2685/2685 2686/2686/2686
f 2687/2687/2687 2686/2686/2686 2688/2688/2688
f 2689/2689/2689 2687/2687/2687 2688/2688/2688
f 2689/2689/2689 2688/2688/2688 2690/2690/2690
f 2691/2691/2691 2689/2689/2689 2690/2690/2690
f 2691/2691/2691 2690/2690/2690 2692/2692/2692
f 2693/2693/2693 2691/2691/2691 2692/2692/2692
f 2693/2693/2693 2692/2692/2692 2694/2694/2694
f 2695/2695/2695 2693/2693/2693 2694/2694/2694
f 2695/2695/2695 2694/2694/2694 2696/2696/2696
f 2697/2697/2697 2695/2695/2695 2696/2696/2696
f 2697/2697/2697 2696/2696/2696 2698/2698/2698
f 2699/2699/2699 2697/2697/2697 2698/2698/2698
f 2702/2702/2702 2701/2701/2701 2700/2700/2700
f 2703/2703/2703 2702/2702/2702 2700/2700/2700
f 2703/2703/2703 2700/2700/2700 2704/2704/2704
f 2705/2705/2705 2703/2703/2703 2704/2704/2704
f 2705/2705/2705 2704/2704/2704 2706/2706/2706
f 2707/2707/2707 2705/2705/2705 2706/2706/2706
f 2707/2707/2707 2706/2706/2706 2708/2708/2708
f 2709/2709/2709 2707/2707/2707 2708/2708/2708
f 2709/2709/2709 2708/2708/2708 2710/2710/2710
f 2711/2711/2711 2709/2709/2709 2710/2710/2710
f 2711/2711/2711 2710/2710/2710 2712/2712/2712
f 2713/2713/2713 2711/2711/2711 2712/2712/2712
f 2713/2713/2713 2712/2712/2712 2714/2714/2714
f 2715/2715/2715 2713/2713/2713 2714/2714/2714
f 2715/2715/2715 2714/2714/2714 2716/2716/2716
f 2717/2717/2717 2715/2715/2715 2716/2716/2716
f 2720/2720/2720 2719/2719/2719 2718/2718/2718
f 2719/2719/2719 2721/2721/2721 2718/2718/2718
f 2719/2719/2719 2722/2722/2722 2721/2721/2721
f 2722/2722/2722 2723/2723/2723 2721/2721/2721
f 2722/2722/2722 2724/2724/2724 2723/2723/2723
f 2724/2724/2724 2725/2725/2725 2723/2723/2723
f 2724/2724/2724 2726/2726/2726 2725/2725/2725
f 2726/2726/2726 2727/2727/2727 2725/2725/2725
f 2726/2726/2726 2728/2728/2728 2727/2727/2727
f 2728/2728/2728 2729/2729/2729 2727/2727/2727
f 2728/2728/2728 2730/2730/2730 2729/2729/2729
f 2730/2730/2730 2731/2731/2731 2729/2729/2729
f 2730/2730/2730 2732/2732/2732 2731/2731/2731
f 2732/2732/2732 2733/2733/2733 2731/2731/2731
f 2732/2732/2732 2734/2734/2734 2733/2733/2733
f 2734/2734/2734 2735/2735/2735 2733/2733/2733
f 2738/2738/2738 2737/2737/2737 2736/2736/2736
f 2737/2737/2737 2739/2739/2739 2736/2736/2736
f 2736/2736/2736 2739/2739/2739 2740/2740/2740
f 2737/2737/2737 2741/2741/2741 2739/2739/2739
f 2739/2739/2739 2742/2742/2742 2740/2740/2740
f 2740/2740/2740 2742/2742/2742 2743/2743/2743
f 2741/2741/2741 2744/2744/2744 2739/2739/2739
f 2739/2739/2739 2744/2744/2744 2742/2742/2742
f 2741/2741/2741 2745/2745/2745 2744/2744/2744
f 2742/2742/2742 2746/2746/2746 2743/2743/2743
f 2743/2743/2743 2746/2746/2746 2747/2747/2747
f 2745/2745/2745 2748/2748/2748 2744/2744/2744
f 2745/2745/2745 2749/2749/2749 2748/2748/2748
f 2744/2744/2744 2750/2750/2750 2742/2742/2742
f 2742/2742/2742 2750/2750/2750 2746/2746/2746
f 2744/2744/2744 2748/2748/2748 2750/2750/2750
f 2746/2746/2746 2751/2751/2751 2747/2747/2747
f 2747/2747/2747 2751/2751/2751 2752/2752/2752
f 2749/2749/2749 2753/2753/2753 2748/2748/2748
f 2749/2749/2749 2754/2754/2754 2753/2753/2753
f 2748/2748/2748 2755/2755/2755 2750/2750/2750
f 2748/2748/2748 2753/2753/2753 2755/2755/2755
f 2750/2750/2750 2756/2756/2756 2746/2746/2746
f 2746/2746/2746 2756/2756/2756 2751/2751/2751
f 2750/2750/2750 2755/2755/2755 2756/2756/2756
f 2751/2751/2751 2757/2757/2757 2752/2752/2752
f 2752/2752/2752 2757/2757/2757 2758/2758/2758
f 2754/2754/2754 2759/2759/2759 2753/2753/2753
f 2754/2754/2754 2760/2760/2760 2759/2759/2759
f 2756/2756/2756 2761/2761/2761 2751/2751/2751
f 2751/2751/2751 2761/2761/2761 2757/2757/2757
f 2753/2753/2753 2762/2762/2762 2755/2755/2755
f 2753/2753/2753 2759/2759/2759 2762/2762/2762
f 2755/2755/2755 2763/2763/2763 2756/2756/2756
f 2756/2756/2756 2763/2763/2763 2761/2761/2761
f 2755/2755/2755 2762/2762/2762 2763/2763/2763
f 2757/2757/2757 2764/2764/2764 2758/2758/2758
f 2758/2758/2758 2764/2764/2764 2765/2765/2765
f 2760/2760/2760 2766/2766/2766 2759/2759/2759
f 2760/2760/2760 2767/2767/2767 2766/2766/2766
f 2761/2761/2761 2768/2768/2768 2757/2757/2757
f 2757/2757/2757 2768/2768/2768 2764/2764/2764
f 2763/2763/2763 2769/2769/2769 2761/2761/2761
f 2761/2761/2761 2769/2769/2769 2768/2768/2768
f 2759/2759/2759 2770/2770/2770 2762/2762/2762
f 2759/2759/2759 2766/2766/2766 2770/2770/2770
f 2762/2762/2762 2771/2771/2771 2763/2763/2763
f 2763/2763/2763 2771/2771/2771 2769/2769/2769
f 2762/2762/2762 2770/2770/2770 2771/2771/2771
f 2764/2764/2764 2772/2772/2772 2765/2765/2765
f 2765/2765/2765 2772/2772/2772 2773/2773/2773
f 2767/2767/2767 2774/2774/2774 2766/2766/2766
f 2767/2767/2767 2775/2775/2775 2774/2774/2774
f 2775/2775/2775 2776/2776/2776 2774/2774/2774
f 2766/2766/2766 2777/2777/2777 2770/2770/2770
f 2766/2766/2766 2774/2774/2774 2777/2777/2777
f 2774/2774/2774 2776/2776/2776 2778/2778/2778
f 2774/2774/2774 2778/2778/2778 2777/2777/2777
f 2776/2776/2776 2779/2779/2779 2778/2778/2778
f 2770/2770/2770 2780/2780/2780 2771/2771/2771
f 2770/2770/2770 2777/2777/2777 2780/2780/2780
f 2777/2777/2777 2778/2778/2778 2781/2781/2781
f 2777/2777/2777 2781/2781/2781 2780/2780/2780
f 2778/2778/2778 2779/2779/2779 2782/2782/2782
f 2778/2778/2778 2782/2782/2782 2781/2781/2781
f 2779/2779/2779 2783/2783/2783 2782/2782/2782
f 2771/2771/2771 2780/2780/2780 2784/2784/2784
f 2771/2771/2771 2784/2784/2784 2769/2769/2769
f 2780/2780/2780 2781/2781/2781 2785/2785/2785
f 2780/2780/2780 2785/2785/2785 2784/2784/2784
f 2781/2781/2781 2782/2782/2782 2786/2786/2786
f 2781/2781/2781 2786/2786/2786 2785/2785/2785
f 2782/2782/2782 2783/2783/2783 2787/2787/2787
f 2782/2782/2782 2787/2787/2787 2786/2786/2786
f 2783/2783/2783 2788/2788/2788 2787/2787/2787
f 2769/2769/2769 2784/2784/2784 2789/2789/2789
f 2769/2769/2769 2789/2789/2789 2768/2768/2768
f 2784/2784/2784 2785/2785/2785 2790/2790/2790
f 2784/2784/2784 2790/2790/2790 2789/2789/2789
f 2785/2785/2785 2786/2786/2786 2791/2791/2791
f 2785/2785/2785 2791/2791/2791 2790/2790/2790
f 2786/2786/2786 2787/2787/2787 2792/2792/2792
f 2786/2786/2786 2792/2792/2792 2791/2791/2791
f 2787/2787/2787 2788/2788/2788 2793/2793/2793
f 2787/2787/2787 2793/2793/2793 2792/2792/2792
f 2788/2788/2788 2794/2794/2794 2793/2793/2793
f 2768/2768/2768 2789/2789/2789 2795/2795/2795
f 2768/2768/2768 2795/2795/2795 2764/2764/2764
f 2764/2764/2764 2795/2795/2795 2772/2772/2772
f 2789/2789/2789 2790/2790/2790 2796/2796/2796
f 2789/2789/2789 2796/2796/2796 2795/2795/2795
f 2790/2790/2790 2791/2791/2791 2797/2797/2797
f 2790/2790/2790 2797/2797/2797 2796/2796/2796
f 2791/2791/2791 2792/2792/2792 2798/2798/2798
f 2791/2791/2791 2798/2798/2798 2797/2797/2797
f 2792/2792/2792 2793/2793/2793 2799/2799/2799
f 2792/2792/2792 2799/2799/2799 2798/2798/2798
f 2793/2793/2793 2794/2794/2794 2800/2800/2800
f 2793/2793/2793 2800/2800/2800 2799/2799/2799
f 2794/2794/2794 2801/2801/2801 2800/2800/2800
f 2795/2795/2795 2802/2802/2802 2772/2772/2772
f 2795/2795/2795 2796/2796/2796 2802/2802/2802
f 2796/2796/2796 2797/2797/2797 2803/2803/2803
f 2796/2796/2796 2803/2803/2803 2802/2802/2802
f 2797/2797/2797 2798/2798/2798 2804/2804/2804
f 2797/2797/2797 2804/2804/2804 2803/2803/2803
f 2798/2798/2798 2799/2799/2799 2805/2805/2805
f 2798/2798/2798 2805/2805/2805 2804/2804/2804
f 2799/2799/2799 2800/2800/2800 2806/2806/2806
f 2799/2799/2799 2806/2806/2806 2805/2805/2805
f 2800/2800/2800 2801/2801/2801 2807/2807/2807
f 2800/2800/2800 2807/2807/2807 2806/2806/2806
f 2801/2801/2801 2808/2808/2808 2807/2807/2807
f 2772/2772/2772 2802/2802/2802 2809/2809/2809
f 2772/2772/2772 2809/2809/2809 2773/2773/2773
f 2773/2773/2773 2809/2809/2809 2810/2810/2810
f 2802/2802/2802 2803/2803/2803 2811/2811/2811
f 2802/2802/2802 2811/2811/2811 2809/2809/2809
f 2809/2809/2809 2812/2812/2812 2810/2810/2810
f 2809/2809/2809 2811/2811/2811 2812/2812/2812
f 2810/2810/2810 2812/2812/2812 2813/2813/2813
f 2812/2812/2812 2814/2814/2814 2813/2813/2813
f 2812/2812/2812 2815/2815/2815 2814/2814/2814
f 2811/2811/2811 2815/2815/2815 2812/2812/2812
f 2815/2815/2815 2816/2816/2816 2814/2814/2814
f 2803/2803/2803 2817/2817/2817 2811/2811/2811
f 2811/2811/2811 2817/2817/2817 2815/2815/2815
f 2803/2803/2803 2804/2804/2804 2817/2817/2817
f 2815/2815/2815 2818/2818/2818 2816/2816/2816
f 2817/2817/2817 2818/2818/2818 2815/2815/2815
f 2818/2818/2818 2819/2819/2819 2816/2816/2816
f 2804/2804/2804 2820/2820/2820 2817/2817/2817
f 2817/2817/2817 2820/2820/2820 2818/2818/2818
f 2804/2804/2804 2805/2805/2805 2820/2820/2820
f 2818/2818/2818 2821/2821/2821 2819/2819/2819
f 2820/2820/2820 2821/2821/2821 2818/2818/2818
f 2821/2821/2821 2822/2822/2822 2819/2819/2819
f 2805/2805/2805 2823/2823/2823 2820/2820/2820
f 2820/2820/2820 2823/2823/2823 2821/2821/2821
f 2805/2805/2805 2806/2806/2806 2823/2823/2823
f 2821/2821/2821 2824/2824/2824 2822/2822/2822
f 2823/2823/2823 2824/2824/2824 2821/2821/2821
f 2824/2824/2824 2825/2825/2825 2822/2822/2822
f 2806/2806/2806 2826/2826/2826 2823/2823/2823
f 2823/2823/2823 2826/2826/2826 2824/2824/2824
f 2806/2806/2806 2807/2807/2807 2826/2826/2826
f 2824/2824/2824 2827/2827/2827 2825/2825/2825
f 2826/2826/2826 2827/2827/2827 2824/2824/2824
f 2827/2827/2827 2828/2828/2828 2825/2825/2825
f 2807/2807/2807 2829/2829/2829 2826/2826/2826
f 2826/2826/2826 2829/2829/2829 2827/2827/2827
f 2807/2807/2807 2808/2808/2808 2829/2829/2829
f 2808/2808/2808 2830/2830/2830 2829/2829/2829
f 2827/2827/2827 2831/2831/2831 2828/2828/2828
f 2829/2829/2829 2831/2831/2831 2827/2827/2827
f 2829/2829/2829 2830/2830/2830 2831/2831/2831
f 2831/2831/2831 2832/2832/2832 2828/2828/2828
f 2830/2830/2830 2833/2833/2833 2831/2831/2831
f 2831/2831/2831 2833/2833/2833 2832/2832/2832
f 2833/2833/2833 2834/2834/2834 2832/2832/2832
f 2837/2837/2837 2836/2836/2836 2835/2835/2835
f 2836/2836/2836 2838/2838/2838 2835/2835/2835
f 2835/2835/2835 2838/2838/2838 2839/2839/2839
f 2836/2836/2836 2840/2840/2840 2838/2838/2838
f 2838/2838/2838 2841/2841/2841 2839/2839/2839
f 2839/2839/2839 2841/2841/2841 2842/2842/2842
f 2840/2840/2840 2843/2843/2843 2838/2838/2838
f 2838/2838/2838 2843/2843/2843 2841/2841/2841
f 2840/2840/2840 2844/2844/2844 2843/2843/2843
f 2841/2841/2841 2845/2845/2845 2842/2842/2842
f 2842/2842/2842 2845/2845/2845 2846/2846/2846
f 2844/2844/2844 2847/2847/2847 2843/2843/2843
f 2844/2844/2844 2848/2848/2848 2847/2847/2847
f 2843/2843/2843 2849/2849/2849 2841/2841/2841
f 2841/2841/2841 2849/2849/2849 2845/2845/2845
f 2843/2843/2843 2847/2847/2847 2849/2849/2849
f 2845/2845/2845 2850/2850/2850 2846/2846/2846
f 2846/2846/2846 2850/2850/2850 2851/2851/2851
f 2848/2848/2848 2852/2852/2852 2847/2847/2847
f 2848/2848/2848 2853/2853/2853 2852/2852/2852
f 2847/2847/2847 2854/2854/2854 2849/2849/2849
f 2847/2847/2847 2852/2852/2852 2854/2854/2854
f 2849/2849/2849 2855/2855/2855 2845/2845/2845
f 2845/2845/2845 2855/2855/2855 2850/2850/2850
f 2849/2849/2849 2854/2854/2854 2855/2855/2855
f 2850/2850/2850 2856/2856/2856 2851/2851/2851
f 2851/2851/2851 2856/2856/2856 2857/2857/2857
f 2853/2853/2853 2858/2858/2858 2852/2852/2852
f 2853/2853/2853 2859/2859/2859 2858/2858/2858
f 2855/2855/2855 2860/2860/2860 2850/2850/2850
f 2850/2850/2850 2860/2860/2860 2856/2856/2856
f 2852/2852/2852 2861/2861/2861 2854/2854/2854
f 2852/2852/2852 2858/2858/2858 2861/2861/2861
f 2854/2854/2854 2862/2862/2862 2855/2855/2855
f 2855/2855/2855 2862/2862/2862 2860/2860/2860
f 2854/2854/2854 2861/2861/2861 2862/2862/2862
f 2856/2856/2856 2863/2863/2863 2857/2857/2857
f 2857/2857/2857 2863/2863/2863 2864/2864/2864
f 2859/2859/2859 2865/2865/2865 2858/2858/2858
f 2859/2859/2859 2866/2866/2866 2865/2865/2865
f 2860/2860/2860 2867/2867/2867 2856/2856/2856
f 2856/2856/2856 2867/2867/2867 2863/2863/2863
f 2862/2862/2862 2868/2868/2868 2860/2860/2860
f 2860/2860/2860 2868/2868/2868 2867/2867/2867
f 2858/2858/2858 2869/2869/2869 2861/2861/2861
f 2858/2858/2858 2865/2865/2865 2869/2869/2869
f 2861/2861/2861 2870/2870/2870 2862/2862/2862
f 2862/2862/2862 2870/2870/2870 2868/2868/2868
f 2861/2861/2861 2869/2869/2869 2870/2870/2870
f 2863/2863/2863 2871/2871/2871 2864/2864/2864
f 2864/2864/2864 2871/2871/2871 2872/2872/2872
f 2866/2866/2866 2873/2873/2873 2865/2865/2865
f 2866/2866/2866 2874/2874/2874 2873/2873/2873
f 2874/2874/2874 2875/2875/2875 2873/2873/2873
f 2865/2865/2865 2876/2876/2876 2869/2869/2869
f 2865/2865/2865 2873/2873/2873 2876/2876/2876
f 2873/2873/2873 2875/2875/2875 2877/2877/2877
f 2873/2873/2873 2877/2877/2877 2876/2876/2876
f 2875/2875/2875 2878/2878/2878 2877/2877/2877
f 2869/2869/2869 2879/2879/2879 2870/2870/2870
f 2869/2869/2869 2876/2876/2876 2879/2879/2879
f 2877/2877/2877 2878/2878/2878 2880/2880/2880
f 2878/2878/2878 2881/2881/2881 2880/2880/2880
f 2876/2876/2876 2877/2877/2877 2882/2882/2882
f 2876/2876/2876 2882/2882/2882 2879/2879/2879
f 2877/2877/2877 2880/2880/2880 2882/2882/2882
f 2870/2870/2870 2879/2879/2879 2883/2883/2883
f 2870/2870/2870 2883/2883/2883 2868/2868/2868
f 2880/2880/2880 2881/2881/2881 2884/2884/2884
f 2881/2881/2881 2885/2885/2885 2884/2884/2884
f 2882/2882/2882 2880/2880/2880 2886/2886/2886
f 2880/2880/2880 2884/2884/2884 2886/2886/2886
f 2879/2879/2879 2882/2882/2882 2887/2887/2887
f 2879/2879/2879 2887/2887/2887 2883/2883/2883
f 2882/2882/2882 2886/2886/2886 2887/2887/2887
f 2868/2868/2868 2883/2883/2883 2888/2888/2888
f 2868/2868/2868 2888/2888/2888 2867/2867/2867
f 2884/2884/2884 2885/2885/2885 2889/2889/2889
f 2885/2885/2885 2890/2890/2890 2889/2889/2889
f 2883/2883/2883 2887/2887/2887 2891/2891/2891
f 2883/2883/2883 2891/2891/2891 2888/2888/2888
f 2886/2886/2886 2884/2884/2884 2892/2892/2892
f 2884/2884/2884 2889/2889/2889 2892/2892/2892
f 2887/2887/2887 2886/2886/2886 2893/2893/2893
f 2887/2887/2887 2893/2893/2893 2891/2891/2891
f 2886/2886/2886 2892/2892/2892 2893/2893/2893
f 2867/2867/2867 2888/2888/2888 2894/2894/2894
f 2867/2867/2867 2894/2894/2894 2863/2863/2863
f 2863/2863/2863 2894/2894/2894 2871/2871/2871
f 2889/2889/2889 2890/2890/2890 2895/2895/2895
f 2890/2890/2890 2896/2896/2896 2895/2895/2895
f 2888/2888/2888 2891/2891/2891 2897/2897/2897
f 2888/2888/2888 2897/2897/2897 2894/2894/2894
f 2891/2891/2891 2893/2893/2893 2898/2898/2898
f 2891/2891/2891 2898/2898/2898 2897/2897/2897
f 2892/2892/2892 2889/2889/2889 2899/2899/2899
f 2889/2889/2889 2895/2895/2895 2899/2899/2899
f 2893/2893/2893 2892/2892/2892 2900/2900/2900
f 2893/2893/2893 2900/2900/2900 2898/2898/2898
f 2892/2892/2892 2899/2899/2899 2900/2900/2900
f 2894/2894/2894 2901/2901/2901 2871/2871/2871
f 2894/2894/2894 2897/2897/2897 2901/2901/2901
f 2895/2895/2895 2896/2896/2896 2902/2902/2902
f 2896/2896/2896 2903/2903/2903 2902/2902/2902
f 2897/2897/2897 2898/2898/2898 2904/2904/2904
f 2897/2897/2897 2904/2904/2904 2901/2901/2901
f 2898/2898/2898 2900/2900/2900 2905/2905/2905
f 2898/2898/2898 2905/2905/2905 2904/2904/2904
f 2899/2899/2899 2895/2895/2895 2906/2906/2906
f 2895/2895/2895 2902/2902/2902 2906/2906/2906
f 2900/2900/2900 2899/2899/2899 2907/2907/2907
f 2900/2900/2900 2907/2907/2907 2905/2905/2905
f 2899/2899/2899 2906/2906/2906 2907/2907/2907
f 2871/2871/2871 2901/2901/2901 2908/2908/2908
f 2871/2871/2871 2908/2908/2908 2872/2872/2872
f 2872/2872/2872 2908/2908/2908 2909/2909/2909
f 2901/2901/2901 2904/2904/2904 2910/2910/2910
f 2901/2901/2901 2910/2910/2910 2908/2908/2908
f 2908/2908/2908 2911/2911/2911 2909/2909/2909
f 2908/2908/2908 2910/2910/2910 2911/2911/2911
f 2909/2909/2909 2911/2911/2911 2912/2912/2912
f 2911/2911/2911 2913/2913/2913 2912/2912/2912
f 2911/2911/2911 2914/2914/2914 2913/2913/2913
f 2910/2910/2910 2914/2914/2914 2911/2911/2911
f 2914/2914/2914 2915/2915/2915 2913/2913/2913
f 2904/2904/2904 2916/2916/2916 2910/2910/2910
f 2910/2910/2910 2916/2916/2916 2914/2914/2914
f 2904/2904/2904 2905/2905/2905 2916/2916/2916
f 2914/2914/2914 2917/2917/2917 2915/2915/2915
f 2916/2916/2916 2917/2917/2917 2914/2914/2914
f 2917/2917/2917 2918/2918/2918 2915/2915/2915
f 2905/2905/2905 2919/2919/2919 2916/2916/2916
f 2916/2916/2916 2919/2919/2919 2917/2917/2917
f 2905/2905/2905 2907/2907/2907 2919/2919/2919
f 2917/2917/2917 2920/2920/2920 2918/2918/2918
f 2919/2919/2919 2920/2920/2920 2917/2917/2917
f 2920/2920/2920 2921/2921/2921 2918/2918/2918
f 2907/2907/2907 2922/2922/2922 2919/2919/2919
f 2919/2919/2919 2922/2922/2922 2920/2920/2920
f 2907/2907/2907 2906/2906/2906 2922/2922/2922
f 2920/2920/2920 2923/2923/2923 2921/2921/2921
f 2922/2922/2922 2923/2923/2923 2920/2920/2920
f 2923/2923/2923 2924/2924/2924 2921/2921/2921
f 2906/2906/2906 2925/2925/2925 2922/2922/2922
f 2922/2922/2922 2925/2925/2925 2923/2923/2923
f 2906/2906/2906 2902/2902/2902 2925/2925/2925
f 2923/2923/2923 2926/2926/2926 2924/2924/2924
f 2925/2925/2925 2926/2926/2926 2923/2923/2923
f 2926/2926/2926 2927/2927/2927 2924/2924/2924
f 2902/2902/2902 2928/2928/2928 2925/2925/2925
f 2925/2925/2925 2928/2928/2928 2926/2926/2926
f 2902/2902/2902 2903/2903/2903 2928/2928/2928
f 2903/2903/2903 2929/2929/2929 2928/2928/2928
f 2926/2926/2926 2930/2930/2930 2927/2927/2927
f 2928/2928/2928 2930/2930/2930 2926/2926/2926
f 2928/2928/2928 2929/2929/2929 2930/2930/2930
f 2930/2930/2930 2931/2931/2931 2927/2927/2927
f 2929/2929/2929 2932/2932/2932 2930/2930/2930
f 2930/2930/2930 2932/2932/2932 2931/2931/2931
f 2932/2932/2932 2933/2933/2933 2931/2931/2931
f 2936/2936/2936 2935/2935/2935 2934/2934/2934
f 2935/2935/2935 2937/2937/2937 2934/2934/2934
f 2934/2934/2934 2937/2937/2937 2938/2938/2938
f 2935/2935/2935 2939/2939/2939 2937/2937/2937
f 2937/2937/2937 2940/2940/2940 2938/2938/2938
f 2938/2938/2938 2940/2940/2940 2941/2941/2941
f 2939/2939/2939 2942/2942/2942 2937/2937/2937
f 2937/2937/2937 2942/2942/2942 2940/2940/2940
f 2939/2939/2939 2943/2943/2943 2942/2942/2942
f 2940/2940/2940 2944/2944/2944 2941/2941/2941
f 2941/2941/2941 2944/2944/2944 2945/2945/2945
f 2943/2943/2943 2946/2946/2946 2942/2942/2942
f 2943/2943/2943 2947/2947/2947 2946/2946/2946
f 2942/2942/2942 2948/2948/2948 2940/2940/2940
f 2940/2940/2940 2948/2948/2948 2944/2944/2944
f 2942/2942/2942 2946/2946/2946 2948/2948/2948
f 2944/2944/2944 2949/2949/2949 2945/2945/2945
f 2945/2945/2945 2949/2949/2949 2950/2950/2950
f 2949/2949/2949 2951/2951/2951 2950/2950/2950
f 2947/2947/2947 2952/2952/2952 2946/2946/2946
f 2947/2947/2947 2953/2953/2953 2952/2952/2952
f 2946/2946/2946 2954/2954/2954 2948/2948/2948
f 2946/2946/2946 2952/2952/2952 2954/2954/2954
f 2948/2948/2948 2955/2955/2955 2944/2944/2944
f 2944/2944/2944 2955/2955/2955 2949/2949/2949
f 2948/2948/2948 2954/2954/2954 2955/2955/2955
f 2949/2949/2949 2956/2956/2956 2951/2951/2951
f 2955/2955/2955 2956/2956/2956 2949/2949/2949
f 2956/2956/2956 2957/2957/2957 2951/2951/2951
f 2953/2953/2953 2958/2958/2958 2952/2952/2952
f 2953/2953/2953 2959/2959/2959 2958/2958/2958
f 2952/2952/2952 2960/2960/2960 2954/2954/2954
f 2952/2952/2952 2958/2958/2958 2960/2960/2960
f 2954/2954/2954 2961/2961/2961 2955/2955/2955
f 2955/2955/2955 2961/2961/2961 2956/2956/2956
f 2954/2954/2954 2960/2960/2960 2961/2961/2961
f 2956/2956/2956 2962/2962/2962 2957/2957/2957
f 2961/2961/2961 2962/2962/2962 2956/2956/2956
f 2962/2962/2962 2963/2963/2963 2957/2957/2957
f 2959/2959/2959 2964/2964/2964 2958/2958/2958
f 2959/2959/2959 2965/2965/2965 2964/2964/2964
f 2958/2958/2958 2966/2966/2966 2960/2960/2960
f 2958/2958/2958 2964/2964/2964 2966/2966/2966
f 2960/2960/2960 2967/2967/2967 2961/2961/2961
f 2961/2961/2961 2967/2967/2967 2962/2962/2962
f 2960/2960/2960 2966/2966/2966 2967/2967/2967
f 2962/2962/2962 2968/2968/2968 2963/2963/2963
f 2967/2967/2967 2968/2968/2968 2962/2962/2962
f 2968/2968/2968 2969/2969/2969 2963/2963/2963
f 2965/2965/2965 2970/2970/2970 2964/2964/2964
f 2965/2965/2965 2971/2971/2971 2970/2970/2970
f 2971/2971/2971 2972/2972/2972 2970/2970/2970
f 2964/2964/2964 2973/2973/2973 2966/2966/2966
f 2964/2964/2964 2970/2970/2970 2973/2973/2973
f 2966/2966/2966 2974/2974/2974 2967/2967/2967
f 2967/2967/2967 2974/2974/2974 2968/2968/2968
f 2966/2966/2966 2973/2973/2973 2974/2974/2974
f 2968/2968/2968 2975/2975/2975 2969/2969/2969
f 2974/2974/2974 2975/2975/2975 2968/2968/2968
f 2975/2975/2975 2976/2976/2976 2969/2969/2969
f 2970/2970/2970 2972/2972/2972 2977/2977/2977
f 2970/2970/2970 2977/2977/2977 2973/2973/2973
f 2972/2972/2972 2978/2978/2978 2977/2977/2977
f 2973/2973/2973 2979/2979/2979 2974/2974/2974
f 2974/2974/2974 2979/2979/2979 2975/2975/2975
f 2973/2973/2973 2977/2977/2977 2979/2979/2979
f 2975/2975/2975 2980/2980/2980 2976/2976/2976
f 2979/2979/2979 2980/2980/2980 2975/2975/2975
f 2980/2980/2980 2981/2981/2981 2976/2976/2976
f 2977/2977/2977 2978/2978/2978 2982/2982/2982
f 2977/2977/2977 2982/2982/2982 2979/2979/2979
f 2979/2979/2979 2982/2982/2982 2980/2980/2980
f 2978/2978/2978 2983/2983/2983 2982/2982/2982
f 2980/2980/2980 2984/2984/2984 2981/2981/2981
f 2982/2982/2982 2984/2984/2984 2980/2980/2980
f 2982/2982/2982 2983/2983/2983 2984/2984/2984
f 2984/2984/2984 2985/2985/2985 2981/2981/2981
f 2983/2983/2983 2986/2986/2986 2984/2984/2984
f 2984/2984/2984 2986/2986/2986 2985/2985/2985
f 2986/2986/2986 2987/2987/2987 2985/2985/2985
f 2990/2990/2990 2989/2989/2989 2988/2988/2988
f 2991/2991/2991 2990/2990/2990 2988/2988/2988
f 2991/2991/2991 2988/2988/2988 2992/2992/2992
f 2993/2993/2993 2990/2990/2990 2991/2991/2991
f 2994/2994/2994 2991/2991/2991 2992/2992/2992
f 2994/2994/2994 2992/2992/2992 2995/2995/2995
f 2996/2996/2996 2993/2993/2993 2991/2991/2991
f 2996/2996/2996 2991/2991/2991 2994/2994/2994
f 2997/2997/2997 2993/2993/2993 2996/2996/2996
f 2998/2998/2998 2994/2994/2994 2995/2995/2995
f 2998/2998/2998 2995/2995/2995 2999/2999/2999
f 3000/3000/3000 2997/2997/2997 2996/2996/2996
f 3001/3001/3001 2997/2997/2997 3000/3000/3000
f 3002/3002/3002 2996/2996/2996 2994/2994/2994
f 3002/3002/3002 2994/2994/2994 2998/2998/2998
f 3000/3000/3000 2996/2996/2996 3002/3002/3002
f 3003/3003/3003 2998/2998/2998 2999/2999/2999
f 3003/3003/3003 2999/2999/2999 3004/3004/3004
f 3005/3005/3005 3001/3001/3001 3000/3000/3000
f 3006/3006/3006 3001/3001/3001 3005/3005/3005
f 3007/3007/3007 3006/3006/3006 3005/3005/3005
f 3008/3008/3008 3000/3000/3000 3002/3002/3002
f 3005/3005/3005 3000/3000/3000 3008/3008/3008
f 3009/3009/3009 3002/3002/3002 2998/2998/2998
f 3009/3009/3009 2998/2998/2998 3003/3003/3003
f 3008/3008/3008 3002/3002/3002 3009/3009/3009
f 3007/3007/3007 3005/3005/3005 3010/3010/3010
f 3010/3010/3010 3005/3005/3005 3008/3008/3008
f 3011/3011/3011 3007/3007/3007 3010/3010/3010
f 3012/3012/3012 3003/3003/3003 3004/3004/3004
f 3012/3012/3012 3004/3004/3004 3013/3013/3013
f 3014/3014/3014 3008/3008/3008 3009/3009/3009
f 3010/3010/3010 3008/3008/3008 3014/3014/3014
f 3011/3011/3011 3010/3010/3010 3015/3015/3015
f 3015/3015/3015 3010/3010/3010 3014/3014/3014
f 3016/3016/3016 3011/3011/3011 3015/3015/3015
f 3017/3017/3017 3009/3009/3009 3003/3003/3003
f 3014/3014/3014 3009/3009/3009 3017/3017/3017
f 3017/3017/3017 3003/3003/3003 3012/3012/3012
f 3018/3018/3018 3012/3012/3012 3013/3013/3013
f 3018/3018/3018 3013/3013/3013 3019/3019/3019
f 3016/3016/3016 3015/3015/3015 3020/3020/3020
f 3021/3021/3021 3016/3016/3016 3020/3020/3020
f 3015/3015/3015 3014/3014/3014 3022/3022/3022
f 3022/3022/3022 3014/3014/3014 3017/3017/3017
f 3020/3020/3020 3015/3015/3015 3022/3022/3022
f 3023/3023/3023 3017/3017/3017 3012/3012/3012
f 3022/3022/3022 3017/3017/3017 3023/3023/3023
f 3023/3023/3023 3012/3012/3012 3018/3018/3018
f 3024/3024/3024 3018/3018/3018 3019/3019/3019
f 3024/3024/3024 3019/3019/3019 3025/3025/3025
f 3026/3026/3026 3024/3024/3024 3025/3025/3025
f 3021/3021/3021 3020/3020/3020 3027/3027/3027
f 3028/3028/3028 3021/3021/3021 3027/3027/3027
f 3020/3020/3020 3022/3022/3022 3029/3029/3029
f 3029/3029/3029 3022/3022/3022 3023/3023/3023
f 3027/3027/3027 3020/3020/3020 3029/3029/3029
f 3030/3030/3030 3023/3023/3023 3018/3018/3018
f 3030/3030/3030 3018/3018/3018 3024/3024/3024
f 3029/3029/3029 3023/3023/3023 3030/3030/3030
f 3031/3031/3031 3024/3024/3024 3026/3026/3026
f 3031/3031/3031 3030/3030/3030 3024/3024/3024
f 3032/3032/3032 3031/3031/3031 3026/3026/3026
f 3033/3033/3033 3029/3029/3029 3030/3030/3030
f 3027/3027/3027 3029/3029/3029 3033/3033/3033
f 3033/3033/3033 3030/3030/3030 3031/3031/3031
f 3028/3028/3028 3027/3027/3027 3034/3034/3034
f 3034/3034/3034 3027/3027/3027 3033/3033/3033
f 3035/3035/3035 3028/3028/3028 3034/3034/3034
f 3036/3036/3036 3031/3031/3031 3032/3032/3032
f 3036/3036/3036 3033/3033/3033 3031/3031/3031
f 3034/3034/3034 3033/3033/3033 3036/3036/3036
f 3037/3037/3037 3036/3036/3036 3032/3032/3032
f 3035/3035/3035 3034/3034/3034 3038/3038/3038
f 3038/3038/3038 3034/3034/3034 3036/3036/3036
f 3038/3038/3038 3036/3036/3036 3037/3037/3037
f 3039/3039/3039 3035/3035/3035 3038/3038/3038
f 3040/3040/3040 3038/3038/3038 3037/3037/3037
f 3039/3039/3039 3038/3038/3038 3040/3040/3040
f 3041/3041/3041 3039/3039/3039 3040/3040/3040
f 3044/3044/3044 3043/3043/3043 3042/3042/3042
f 3043/3043/3043 3045/3045/3045 3042/3042/3042
f 3042/3042/3042 3045/3045/3045 3046/3046/3046
f 3043/3043/3043 3047/3047/3047 3045/3045/3045
f 3045/3045/3045 3048/3048/3048 3046/3046/3046
f 3046/3046/3046 3048/3048/3048 3049/3049/3049
f 3047/3047/3047 3050/3050/3050 3045/3045/3045
f 3045/3045/3045 3050/3050/3050 3048/3048/3048
f 3047/3047/3047 3051/3051/3051 3050/3050/3050
f 3048/3048/3048 3052/3052/3052 3049/3049/3049
f 3049/3049/3049 3052/3052/3052 3053/3053/3053
f 3052/3052/3052 3054/3054/3054 3053/3053/3053
f 3050/3050/3050 3055/3055/3055 3048/3048/3048
f 3048/3048/3048 3055/3055/3055 3052/3052/3052
f 3051/3051/3051 3056/3056/3056 3050/3050/3050
f 3050/3050/3050 3056/3056/3056 3055/3055/3055
f 3051/3051/3051 3057/3057/3057 3056/3056/3056
f 3052/3052/3052 3058/3058/3058 3054/3054/3054
f 3055/3055/3055 3058/3058/3058 3052/3052/3052
f 3058/3058/3058 3059/3059/3059 3054/3054/3054
f 3056/3056/3056 3060/3060/3060 3055/3055/3055
f 3055/3055/3055 3060/3060/3060 3058/3058/3058
f 3057/3057/3057 3061/3061/3061 3056/3056/3056
f 3056/3056/3056 3061/3061/3061 3060/3060/3060
f 3057/3057/3057 3062/3062/3062 3061/3061/3061
f 3058/3058/3058 3063/3063/3063 3059/3059/3059
f 3060/3060/3060 3063/3063/3063 3058/3058/3058
f 3063/3063/3063 3064/3064/3064 3059/3059/3059
f 3061/3061/3061 3065/3065/3065 3060/3060/3060
f 3061/3061/3061 3062/3062/3062 3065/3065/3065
f 3060/3060/3060 3065/3065/3065 3063/3063/3063
f 3063/3063/3063 3066/3066/3066 3064/3064/3064
f 3065/3065/3065 3066/3066/3066 3063/3063/3063
f 3065/3065/3065 3062/3062/3062 3066/3066/3066
f 3066/3066/3066 3067/3067/3067 3064/3064/3064
f 3066/3066/3066 3062/3062/3062 3067/3067/3067
f 3070/3070/3070 3069/3069/3069 3068/3068/3068
f 3069/3069/3069 3071/3071/3071 3068/3068/3068
f 3068/3068/3068 3071/3071/3071 3072/3072/3072
f 3069/3069/3069 3073/3073/3073 3071/3071/3071
f 3071/3071/3071 3074/3074/3074 3072/3072/3072
f 3072/3072/3072 3074/3074/3074 3075/3075/3075
f 3073/3073/3073 3076/3076/3076 3071/3071/3071
f 3071/3071/3071 3076/3076/3076 3074/3074/3074
f 3073/3073/3073 3077/3077/3077 3076/3076/3076
f 3077/3077/3077 3078/3078/3078 3076/3076/3076
f 3077/3077/3077 3079/3079/3079 3078/3078/3078
f 3076/3076/3076 3080/3080/3080 3074/3074/3074
f 3076/3076/3076 3078/3078/3078 3080/3080/3080
f 3074/3074/3074 3081/3081/3081 3075/3075/3075
f 3074/3074/3074 3080/3080/3080 3081/3081/3081
f 3079/3079/3079 3082/3082/3082 3078/3078/3078
f 3079/3079/3079 3083/3083/3083 3082/3082/3082
f 3081/3081/3081 3084/3084/3084 3075/3075/3075
f 3084/3084/3084 3085/3085/3085 3075/3075/3075
f 3081/3081/3081 3086/3086/3086 3084/3084/3084
f 3080/3080/3080 3086/3086/3086 3081/3081/3081
f 3086/3086/3086 3087/3087/3087 3084/3084/3084
f 3078/3078/3078 3088/3088/3088 3080/3080/3080
f 3078/3078/3078 3082/3082/3082 3088/3088/3088
f 3080/3080/3080 3088/3088/3088 3086/3086/3086
f 3086/3086/3086 3089/3089/3089 3087/3087/3087
f 3088/3088/3088 3089/3089/3089 3086/3086/3086
f 3089/3089/3089 3090/3090/3090 3087/3087/3087
f 3082/3082/3082 3091/3091/3091 3088/3088/3088
f 3082/3082/3082 3083/3083/3083 3091/3091/3091
f 3088/3088/3088 3091/3091/3091 3089/3089/3089
f 3089/3089/3089 3092/3092/3092 3090/3090/3090
f 3091/3091/3091 3092/3092/3092 3089/3089/3089
f 3091/3091/3091 3083/3083/3083 3092/3092/3092
f 3092/3092/3092 3093/3093/3093 3090/3090/3090
f 3092/3092/3092 3083/3083/3083 3093/3093/3093
f 3096/3096/3096 3095/3095/3095 3094/3094/3094
f 3097/3097/3097 3096/3096/3096 3094/3094/3094
f 3097/3097/3097 3094/3094/3094 3098/3098/3098
f 3099/3099/3099 3096/3096/3096 3097/3097/3097
f 3100/3100/3100 3097/3097/3097 3098/3098/3098
f 3100/3100/3100 3098/3098/3098 3101/3101/3101
f 3102/3102/3102 3099/3099/3099 3097/3097/3097
f 3102/3102/3102 3097/3097/3097 3100/3100/3100
f 3103/3103/3103 3099/3099/3099 3102/3102/3102
f 3104/3104/3104 3100/3100/3100 3101/3101/3101
f 3104/3104/3104 3101/3101/3101 3105/3105/3105
f 3106/3106/3106 3104/3104/3104 3105/3105/3105
f 3107/3107/3107 3102/3102/3102 3100/3100/3100
f 3107/3107/3107 3100/3100/3100 3104/3104/3104
f 3108/3108/3108 3103/3103/3103 3102/3102/3102
f 3108/3108/3108 3102/3102/3102 3107/3107/3107
f 3109/3109/3109 3103/3103/3103 3108/3108/3108
f 3110/3110/3110 3104/3104/3104 3106/3106/3106
f 3110/3110/3110 3107/3107/3107 3104/3104/3104
f 3111/3111/3111 3110/3110/3110 3106/3106/3106
f 3112/3112/3112 3108/3108/3108 3107/3107/3107
f 3112/3112/3112 3107/3107/3107 3110/3110/3110
f 3113/3113/3113 3109/3109/3109 3108/3108/3108
f 3113/3113/3113 3108/3108/3108 3112/3112/3112
f 3113/3113/3113 3114/3114/3114 3109/3109/3109
f 3115/3115/3115 3110/3110/3110 3111/3111/3111
f 3115/3115/3115 3112/3112/3112 3110/3110/3110
f 3116/3116/3116 3115/3115/3115 3111/3111/3111
f 3117/3117/3117 3113/3113/3113 3112/3112/3112
f 3117/3117/3117 3114/3114/3114 3113/3113/3113
f 3117/3117/3117 3112/3112/3112 3115/3115/3115
f 3118/3118/3118 3115/3115/3115 3116/3116/3116
f 3118/3118/3118 3117/3117/3117 3115/3115/3115
f 3118/3118/3118 3114/3114/3114 3117/3117/3117
f 3119/3119/3119 3118/3118/3118 3116/3116/3116
f 3119/3119/3119 3114/3114/3114 3118/3118/3118
f 3122/3122/3122 3121/3121/3121 3120/3120/3120
f 3121/3121/3121 3123/3123/3123 3120/3120/3120
f 3123/3123/3123 3124/3124/3124 3120/3120/3120
f 3124/3124/3124 3125/3125/3125 3120/3120/3120
f 3126/3126/3126 3123/3123/3123 3121/3121/3121
f 3127/3127/3127 3126/3126/3126 3121/3121/3121
f 3124/3124/3124 3128/3128/3128 3125/3125/3125
f 3128/3128/3128 3129/3129/3129 3125/3125/3125
f 3130/3130/3130 3124/3124/3124 3123/3123/3123
f 3126/3126/3126 3130/3130/3130 3123/3123/3123
f 3131/3131/3131 3126/3126/3126 3127/3127/3127
f 3132/3132/3132 3131/3131/3131 3127/3127/3127
f 3128/3128/3128 3133/3133/3133 3129/3129/3129
f 3133/3133/3133 3134/3134/3134 3129/3129/3129
f 3135/3135/3135 3133/3133/3133 3128/3128/3128
f 3136/3136/3136 3128/3128/3128 3124/3124/3124
f 3136/3136/3136 3135/3135/3135 3128/3128/3128
f 3130/3130/3130 3136/3136/3136 3124/3124/3124
f 3137/3137/3137 3135/3135/3135 3136/3136/3136
f 3138/3138/3138 3137/3137/3137 3136/3136/3136
f 3138/3138/3138 3136/3136/3136 3130/3130/3130
f 3139/3139/3139 3137/3137/3137 3138/3138/3138
f 3140/3140/3140 3130/3130/3130 3126/3126/3126
f 3140/3140/3140 3138/3138/3138 3130/3130/3130
f 3131/3131/3131 3140/3140/3140 3126/3126/3126
f 3141/3141/3141 3139/3139/3139 3138/3138/3138
f 3141/3141/3141 3138/3138/3138 3140/3140/3140
f 3141/3141/3141 3142/3142/3142 3139/3139/3139
f 3143/3143/3143 3141/3141/3141 3140/3140/3140
f 3143/3143/3143 3140/3140/3140 3131/3131/3131
f 3143/3143/3143 3142/3142/3142 3141/3141/3141
f 3144/3144/3144 3143/3143/3143 3131/3131/3131
f 3144/3144/3144 3142/3142/3142 3143/3143/3143
f 3144/3144/3144 3131/3131/3131 3132/3132/3132
f 3145/3145/3145 3142/3142/3142 3144/3144/3144
f 3145/3145/3145 3144/3144/3144 3132/3132/3132
f 3148/3148/3148 3147/3147/3147 3146/3146/3146
f 3148/3148/3148 3149/3149/3149 3147/3147/3147
f 3147/3147/3147 3150/3150/3150 3146/3146/3146
f 3146/3146/3146 3150/3150/3150 3151/3151/3151
f 3147/3147/3147 3149/3149/3149 3152/3152/3152
f 3147/3147/3147 3152/3152/3152 3150/3150/3150
f 3150/3150/3150 3153/3153/3153 3151/3151/3151
f 3151/3151/3151 3153/3153/3153 3154/3154/3154
f 3152/3152/3152 3149/3149/3149 3155/3155/3155
f 3155/3155/3155 3149/3149/3149 3156/3156/3156
f 3155/3155/3155 3156/3156/3156 3157/3157/3157
f 3158/3158/3158 3155/3155/3155 3157/3157/3157
f 3152/3152/3152 3155/3155/3155 3158/3158/3158
f 3158/3158/3158 3157/3157/3157 3159/3159/3159
f 3152/3152/3152 3160/3160/3160 3150/3150/3150
f 3160/3160/3160 3152/3152/3152 3158/3158/3158
f 3150/3150/3150 3160/3160/3160 3153/3153/3153
f 3161/3161/3161 3158/3158/3158 3159/3159/3159
f 3160/3160/3160 3158/3158/3158 3161/3161/3161
f 3161/3161/3161 3159/3159/3159 3162/3162/3162
f 3153/3153/3153 3163/3163/3163 3154/3154/3154
f 3164/3164/3164 3154/3154/3154 3163/3163/3163
f 3165/3165/3165 3164/3164/3164 3163/3163/3163
f 3160/3160/3160 3166/3166/3166 3153/3153/3153
f 3166/3166/3166 3160/3160/3160 3161/3161/3161
f 3153/3153/3153 3166/3166/3166 3163/3163/3163
f 3167/3167/3167 3161/3161/3161 3162/3162/3162
f 3166/3166/3166 3161/3161/3161 3167/3167/3167
f 3162/3162/3162 3168/3168/3168 3167/3167/3167
f 3168/3168/3168 3169/3169/3169 3167/3167/3167
f 3163/3163/3163 3170/3170/3170 3165/3165/3165
f 3166/3166/3166 3170/3170/3170 3163/3163/3163
f 3170/3170/3170 3166/3166/3166 3167/3167/3167
f 3170/3170/3170 3167/3167/3167 3169/3169/3169
f 3170/3170/3170 3171/3171/3171 3165/3165/3165
f 3171/3171/3171 3170/3170/3170 3169/3169/3169
f 3174/3174/3174 3173/3173/3173 3172/3172/3172
f 3174/3174/3174 3175/3175/3175 3173/3173/3173
f 3173/3173/3173 3176/3176/3176 3172/3172/3172
f 3172/3172/3172 3176/3176/3176 3177/3177/3177
f 3173/3173/3173 3175/3175/3175 3178/3178/3178
f 3173/3173/3173 3178/3178/3178 3176/3176/3176
f 3176/3176/3176 3179/3179/3179 3177/3177/3177
f 3177/3177/3177 3179/3179/3179 3180/3180/3180
f 3178/3178/3178 3175/3175/3175 3181/3181/3181
f 3181/3181/3181 3175/3175/3175 3182/3182/3182
f 3178/3178/3178 3183/3183/3183 3176/3176/3176
f 3178/3178/3178 3181/3181/3181 3183/3183/3183
f 3176/3176/3176 3183/3183/3183 3179/3179/3179
f 3181/3181/3181 3182/3182/3182 3184/3184/3184
f 3181/3181/3181 3184/3184/3184 3183/3183/3183
f 3182/3182/3182 3185/3185/3185 3184/3184/3184
f 3179/3179/3179 3186/3186/3186 3180/3180/3180
f 3180/3180/3180 3186/3186/3186 3187/3187/3187
f 3186/3186/3186 3188/3188/3188 3187/3187/3187
f 3183/3183/3183 3189/3189/3189 3179/3179/3179
f 3183/3183/3183 3184/3184/3184 3189/3189/3189
f 3179/3179/3179 3189/3189/3189 3186/3186/3186
f 3184/3184/3184 3185/3185/3185 3190/3190/3190
f 3184/3184/3184 3190/3190/3190 3189/3189/3189
f 3185/3185/3185 3191/3191/3191 3190/3190/3190
f 3186/3186/3186 3192/3192/3192 3188/3188/3188
f 3189/3189/3189 3192/3192/3192 3186/3186/3186
f 3189/3189/3189 3190/3190/3190 3192/3192/3192
f 3192/3192/3192 3193/3193/3193 3188/3188/3188
f 3190/3190/3190 3191/3191/3191 3194/3194/3194
f 3190/3190/3190 3194/3194/3194 3192/3192/3192
f 3192/3192/3192 3194/3194/3194 3193/3193/3193
f 3191/3191/3191 3195/3195/3195 3194/3194/3194
f 3194/3194/3194 3196/3196/3196 3193/3193/3193
f 3194/3194/3194 3195/3195/3195 3197/3197/3197
f 3196/3196/3196 3194/3194/3194 3197/3197/3197
f 3200/3200/3200 3199/3199/3199 3198/3198/3198
f 3200/3200/3200 3201/3201/3201 3199/3199/3199
f 3202/3202/3202 3200/3200/3200 3198/3198/3198
f 3202/3202/3202 3198/3198/3198 3203/3203/3203
f 3204/3204/3204 3201/3201/3201 3200/3200/3200
f 3204/3204/3204 3200/3200/3200 3202/3202/3202
f 3205/3205/3205 3202/3202/3202 3203/3203/3203
f 3205/3205/3205 3203/3203/3203 3206/3206/3206
f 3207/3207/3207 3201/3201/3201 3204/3204/3204
f 3208/3208/3208 3201/3201/3201 3207/3207/3207
f 3209/3209/3209 3204/3204/3204 3202/3202/3202
f 3207/3207/3207 3204/3204/3204 3209/3209/3209
f 3209/3209/3209 3202/3202/3202 3205/3205/3205
f 3208/3208/3208 3207/3207/3207 3210/3210/3210
f 3210/3210/3210 3207/3207/3207 3209/3209/3209
f 3211/3211/3211 3208/3208/3208 3210/3210/3210
f 3212/3212/3212 3205/3205/3205 3206/3206/3206
f 3212/3212/3212 3206/3206/3206 3213/3213/3213
f 3214/3214/3214 3212/3212/3212 3213/3213/3213
f 3215/3215/3215 3209/3209/3209 3205/3205/3205
f 3210/3210/3210 3209/3209/3209 3215/3215/3215
f 3215/3215/3215 3205/3205/3205 3212/3212/3212
f 3211/3211/3211 3210/3210/3210 3216/3216/3216
f 3216/3216/3216 3210/3210/3210 3215/3215/3215
f 3217/3217/3217 3211/3211/3211 3216/3216/3216
f 3218/3218/3218 3212/3212/3212 3214/3214/3214
f 3218/3218/3218 3215/3215/3215 3212/3212/3212
f 3216/3216/3216 3215/3215/3215 3218/3218/3218
f 3219/3219/3219 3218/3218/3218 3214/3214/3214
f 3217/3217/3217 3216/3216/3216 3220/3220/3220
f 3220/3220/3220 3216/3216/3216 3218/3218/3218
f 3220/3220/3220 3218/3218/3218 3219/3219/3219
f 3221/3221/3221 3217/3217/3217 3220/3220/3220
f 3222/3222/3222 3220/3220/3220 3219/3219/3219
f 3221/3221/3221 3220/3220/3220 3223/3223/3223
f 3220/3220/3220 3222/3222/3222 3223/3223/3223
f 3226/3226/3226 3225/3225/3225 3224/3224/3224
f 3227/3227/3227 3226/3226/3226 3224/3224/3224
f 3225/3225/3225 3228/3228/3228 3224/3224/3224
f 3229/3229/3229 3227/3227/3227 3224/3224/3224
f 3228/3228/3228 3230/3230/3230 3224/3224/3224
f 3231/3231/3231 3229/3229/3229 3224/3224/3224
f 3230/3230/3230 3232/3232/3232 3224/3224/3224
f 3233/3233/3233 3231/3231/3231 3224/3224/3224
f 3232/3232/3232 3234/3234/3234 3224/3224/3224
f 3235/3235/3235 3233/3233/3233 3224/3224/3224
f 3234/3234/3234 3236/3236/3236 3224/3224/3224
f 3237/3237/3237 3235/3235/3235 3224/3224/3224
f 3236/3236/3236 3238/3238/3238 3224/3224/3224
f 3239/3239/3239 3237/3237/3237 3224/3224/3224
f 3238/3238/3238 3240/3240/3240 3224/3224/3224
f 3241/3241/3241 3239/3239/3239 3224/3224/3224
f 3240/3240/3240 3242/3242/3242 3224/3224/3224
f 3243/3243/3243 3241/3241/3241 3224/3224/3224
f 3242/3242/3242 3244/3244/3244 3224/3224/3224
f 3245/3245/3245 3243/3243/3243 3224/3224/3224
f 3244/3244/3244 3246/3246/3246 3224/3224/3224
f 3247/3247/3247 3245/3245/3245 3224/3224/3224
f 3246/3246/3246 3248/3248/3248 3224/3224/3224
f 3249/3249/3249 3247/3247/3247 3224/3224/3224
f 3248/3248/3248 3250/3250/3250 3224/3224/3224
f 3251/3251/3251 3249/3249/3249 3224/3224/3224
f 3250/3250/3250 3252/3252/3252 3224/3224/3224
f 3253/3253/3253 3251/3251/3251 3224/3224/3224
f 3252/3252/3252 3254/3254/3254 3224/3224/3224
f 3255/3255/3255 3253/3253/3253 3224/3224/3224
f 3254/3254/3254 3256/3256/3256 3224/3224/3224
f 3257/3257/3257 3255/3255/3255 3224/3224/3224
f 3256/3256/3256 3258/3258/3258 3224/3224/3224
f 3259/3259/3259 3257/3257/3257 3224/3224/3224
f 3258/3258/3258 3260/3260/3260 3224/3224/3224
f 3261/3261/3261 3259/3259/3259 3224/3224/3224
f 3260/3260/3260 3262/3262/3262 3224/3224/3224
f 3263/3263/3263 3261/3261/3261 3224/3224/3224
f 3262/3262/3262 3264/3264/3264 3224/3224/3224
f 3265/3265/3265 3263/3263/3263 3224/3224/3224
f 3264/3264/3264 3266/3266/3266 3224/3224/3224
f 3267/3267/3267 3265/3265/3265 3224/3224/3224
f 3266/3266/3266 3268/3268/3268 3224/3224/3224
f 3269/3269/3269 3267/3267/3267 3224/3224/3224
f 3268/3268/3268 3270/3270/3270 3224/3224/3224
f 3271/3271/3271 3269/3269/3269 3224/3224/3224
f 3270/3270/3270 3272/3272/3272 3224/3224/3224
f 3273/3273/3273 3271/3271/3271 3224/3224/3224
f 3272/3272/3272 3274/3274/3274 3224/3224/3224
f 3275/3275/3275 3273/3273/3273 3224/3224/3224
f 3274/3274/3274 3276/3276/3276 3224/3224/3224
f 3277/3277/3277 3275/3275/3275 3224/3224/3224
f 3276/3276/3276 3278/3278/3278 3224/3224/3224
f 3279/3279/3279 3277/3277/3277 3224/3224/3224
f 3278/3278/3278 3280/3280/3280 3224/3224/3224
f 3281/3281/3281 3279/3279/3279 3224/3224/3224
f 3280/3280/3280 3282/3282/3282 3224/3224/3224
f 3283/3283/3283 3281/3281/3281 3224/3224/3224
f 3282/3282/3282 3284/3284/3284 3224/3224/3224
f 3285/3285/3285 3283/3283/3283 3224/3224/3224
f 3284/3284/3284 3286/3286/3286 3224/3224/3224
f 3287/3287/3287 3285/3285/3285 3224/3224/3224
f 3286/3286/3286 3288/3288/3288 3224/3224/3224
f 3288/3288/3288 3287/3287/3287 3224/3224/3224
f 3291/3291/3291 3290/3290/3290 3289/3289/3289
f 3290/3290/3290 3292/3292/3292 3289/3289/3289
f 3293/3293/3293 3291/3291/3291 3289/3289/3289
f 3292/3292/3292 3294/3294/3294 3289/3289/3289
f 3295/3295/3295 3293/3293/3293 3289/3289/3289
f 3294/3294/3294 3296/3296/3296 3289/3289/3289
f 3297/3297/3297 3295/3295/3295 3289/3289/3289
f 3296/3296/3296 3298/3298/3298 3289/3289/3289
f 3299/3299/3299 3297/3297/3297 3289/3289/3289
f 3298/3298/3298 3300/3300/3300 3289/3289/3289
f 3301/3301/3301 3299/3299/3299 3289/3289/3289
f 3300/3300/3300 3302/3302/3302 3289/3289/3289
f 3303/3303/3303 3301/3301/3301 3289/3289/3289
f 3302/3302/3302 3304/3304/3304 3289/3289/3289
f 3305/3305/3305 3303/3303/3303 3289/3289/3289
f 3304/3304/3304 3306/3306/3306 3289/3289/3289
f 3307/3307/3307 3305/3305/3305 3289/3289/3289
f 3306/3306/3306 3308/3308/3308 3289/3289/3289
f 3309/3309/3309 3307/3307/3307 3289/3289/3289
f 3308/3308/3308 3310/3310/3310 3289/3289/3289
f 3311/3311/3311 3309/3309/3309 3289/3289/3289
f 3310/3310/3310 3312/3312/3312 3289/3289/3289
f 3313/3313/3313 3311/3311/3311 3289/3289/3289
f 3312/3312/3312 3314/3314/3314 3289/3289/3289
f 3315/3315/3315 3313/3313/3313 3289/3289/3289
f 3314/3314/3314 3316/3316/3316 3289/3289/3289
f 3317/3317/3317 3315/3315/3315 3289/3289/3289
f 3316/3316/3316 3318/3318/3318 3289/3289/3289
f 3319/3319/3319 3317/3317/3317 3289/3289/3289
f 3318/3318/3318 3320/3320/3320 3289/3289/3289
f 3321/3321/3321 3319/3319/3319 3289/3289/3289
f 3320/3320/3320 3322/3322/3322 3289/3289/3289
f 3323/3323/3323 3321/3321/3321 3289/3289/3289
f 3322/3322/3322 3324/3324/3324 3289/3289/3289
f 3325/3325/3325 3323/3323/3323 3289/3289/3289
f 3324/3324/3324 3326/3326/3326 3289/3289/3289
f 3327/3327/3327 3325/3325/3325 3289/3289/3289
f 3326/3326/3326 3328/3328/3328 3289/3289/3289
f 3329/3329/3329 3327/3327/3327 3289/3289/3289
f 3328/3328/3328 3330/3330/3330 3289/3289/3289
f 3331/3331/3331 3329/3329/3329 3289/3289/3289
f 3330/3330/3330 3332/3332/3332 3289/3289/3289
f 3333/3333/3333 3331/3331/3331 3289/3289/3289
f 3332/3332/3332 3334/3334/3334 3289/3289/3289
f 3335/3335/3335 3333/3333/3333 3289/3289/3289
f 3334/3334/3334 3336/3336/3336 3289/3289/3289
f 3337/3337/3337 3335/3335/3335 3289/3289/3289
f 3336/3336/3336 3338/3338/3338 3289/3289/3289
f 3339/3339/3339 3337/3337/3337 3289/3289/3289
f 3338/3338/3338 3340/3340/3340 3289/3289/3289
f 3341/3341/3341 3339/3339/3339 3289/3289/3289
f 3340/3340/3340 3342/3342/3342 3289/3289/3289
f 3343/3343/3343 3341/3341/3341 3289/3289/3289
f 3342/3342/3342 3344/3344/3344 3289/3289/3289
f 3345/3345/3345 3343/3343/3343 3289/3289/3289
f 3344/3344/3344 3346/3346/3346 3289/3289/3289
f 3347/3347/3347 3345/3345/3345 3289/3289/3289
f 3346/3346/3346 3348/3348/3348 3289/3289/3289
f 3349/3349/3349 3347/3347/3347 3289/3289/3289
f 3348/3348/3348 3350/3350/3350 3289/3289/3289
f 3351/3351/3351 3349/3349/3349 3289/3289/3289
f 3350/3350/3350 3352/3352/3352 3289/3289/3289
f 3353/3353/3353 3351/3351/3351 3289/3289/3289
f 3352/3352/3352 3353/3353/3353 3289/3289/3289
