g env_geo_rockspire_02_mesh
v -0.4882331 18.458906 -0.5071485
v -0.7841573 18.189884 -0.7223661
v -0.08470011 18.566515 -0.8030727
v 0.15741992 24.296684 0.11160231
v 0.13051772 24.350489 0.003993511
v 0.2919309 24.189075 0.08470011
v 0.13051772 24.350489 0.003993511
v 0.3188331 24.189075 -0.049810886
v 0.3726375 23.62413 0.1385045
v 0.3995397 23.62413 -0.07671332
v 0.3188331 23.543423 0.11160231
v 0.26502872 23.543423 -0.13051772
v 0.26502872 23.651031 -0.23812652
v 0.07671332 24.215979 0.11160231
v 0.13051772 24.350489 0.003993511
v 0.15741992 24.296684 0.11160231
v 0.07671332 24.215979 -0.13051772
v 0.13051772 24.350489 0.003993511
v -0.05779791 24.027662 -0.07671332
v -0.7034507 9.419765 -1.6908456
v -1.4298105 9.446669 -0.9913883
v -0.8110595 8.908623 -0.6147573
v 1.4487257 5.787968 0.99937487
v 0.7761705 7.509709 1.0531793
v 1.5025301 5.895577 0.7841573
v 1.1797037 7.4021 0.5420375
v 1.2873125 6.3529143 0.3268199
v 1.3680191 7.4290023 -0.049810886
v 1.2873125 6.568132 0.003993511
v 1.7177478 9.070036 0.8110595
v 1.2066059 6.6488385 -0.3188331
v 1.1797037 7.4290023 -0.6954639
v 0.9106815 6.460523 -0.8030727
v 1.6908456 9.312157 -0.8837793
v 1.9060632 9.016232 -0.10361552
v 1.9598676 9.581179 0.97247267
v 2.1750853 9.392864 0.003993511
v 1.9867698 9.742592 -0.9913883
v 1.74465 10.19993 -0.8299749
v 1.9598676 9.742592 0.003993511
v 1.2873125 6.568132 0.003993511
v 1.6101389 6.2453055 0.1923089
v 1.2873125 6.3529143 0.3268199
v -0.1654067 8.26297 0.94557047
v -0.4882331 8.585796 1.1338859
v -0.4344287 8.693405 0.94557047
v -0.5958419 8.666504 -1.1528015
v -0.7034507 9.419765 -1.6908456
v -0.8110595 8.908623 -0.6147573
v 1.6639434 14.423574 0.003993511
v 1.1258993 15.338251 -0.4802463
v 1.4487257 14.450478 -0.6416595
v 1.3411169 15.365152 0.003993511
v 1.3411169 14.289064 0.5958419
v 1.2335081 17.40972 0.003993511
v 1.0989971 17.436623 -0.5609529
v 1.4756279 17.947763 -0.6416595
v 1.0989971 15.338251 0.5689397
v 0.9644861 14.342869 1.0262771
v 0.6147573 15.338251 0.8917661
v 1.0989971 17.436623 0.5689397
v 0.7492683 17.517328 0.97247267
v 0.9913883 17.974667 1.1338859
v 1.6370412 17.920862 0.003993511
v 1.3142147 18.405102 -0.4802463
v 1.4218235 18.270592 0.003993511
v 1.3142147 18.405102 0.4882331
v 1.4756279 17.947763 0.6496463
v 0.9375837 18.324396 0.8648639
v -0.2999177 18.162983 1.1338859
v -0.3537221 18.432005 0.4882331
v -0.05779791 18.458906 0.7841573
v -0.7841573 18.189884 0.6496463
v -0.99937487 18.189884 0.003993511
v -0.5420375 18.458906 0.003993511
v -0.7841573 18.189884 -0.7223661
v -0.4882331 18.458906 -0.5071485
v -0.2999177 18.162983 1.1338859
v -0.5689397 17.544231 0.5151353
v -0.7841573 18.189884 0.6496463
v -0.1654067 17.624937 0.91866827
v -0.5151353 15.499664 0.5689397
v 0.022908688 15.338251 0.8648639
v -0.7303529 14.692598 0.6227441
v -0.2192111 14.638794 1.0531793
v 0.26502872 17.598036 1.0531793
v 0.6147573 15.338251 0.8917661
v 0.4802463 14.289064 1.1876903
v 0.9644861 14.342869 1.0262771
v 0.7492683 17.517328 0.97247267
v 0.3457353 18.13608 1.3222017
v 0.9913883 17.974667 1.1338859
v 0.9375837 18.324396 0.8648639
v 0.4533441 18.539614 0.99937487
v -0.05779791 18.458906 0.7841573
v -0.5689397 17.544231 0.5151353
v -0.99937487 18.189884 0.003993511
v -0.7841573 18.189884 0.6496463
v -0.7303529 17.463524 -0.049810886
v -0.5151353 17.544231 -0.5878551
v -0.7841573 18.189884 -0.7223661
v -0.4344287 15.526566 -0.5340507
v -0.6765485 15.526566 0.003993511
v -0.5151353 15.499664 0.5689397
v -0.8110595 14.988522 -0.6685617
v -0.7303529 14.692598 0.6227441
v -0.97247267 14.988522 0.003993511
v -0.4344287 15.526566 -0.5340507
v -0.8110595 14.988522 -0.6685617
v -0.2730155 14.854012 -1.1528015
v 0.10361552 15.418957 -0.8299749
v -0.1923089 17.732546 -0.8837793
v -0.5151353 17.544231 -0.5878551
v -0.2999177 18.216787 -1.1258993
v -0.7841573 18.189884 -0.7223661
v -0.08470011 18.566515 -0.8030727
v 0.2919309 17.759449 -1.0720949
v 0.3457353 18.13608 -1.3142147
v 0.4533441 18.539614 -0.9913883
v 0.6147573 15.365152 -0.8030727
v 0.5878551 14.638794 -1.2873125
v 1.0720949 14.558086 -1.0720949
v 0.6954639 17.65184 -0.9644861
v 0.9913883 17.974667 -1.1258993
v 0.9375837 18.324396 -0.8568771
v 1.3142147 18.405102 -0.4802463
v 1.4756279 17.947763 -0.6416595
v 1.0989971 17.436623 -0.5609529
v 1.1258993 15.338251 -0.4802463
v 1.4487257 14.450478 -0.6416595
v 0.3188331 18.51271 0.7572551
v 0.4533441 18.539614 0.99937487
v -0.05779791 18.458906 0.7841573
v 0.6954639 18.351297 0.4882331
v 0.9375837 18.324396 0.8648639
v 1.3142147 18.405102 0.4882331
v 1.4218235 18.270592 0.003993511
v 0.9913883 18.297493 -0.049810886
v 0.8030727 18.351297 -0.5071485
v 1.3142147 18.405102 -0.4802463
v 0.9375837 18.324396 -0.8568771
v 0.3726375 18.51271 -0.8299749
v 0.4533441 18.539614 -0.9913883
v -0.08470011 18.566515 -0.8030727
v -1.1338859 14.504282 -0.8299749
v -0.99937487 14.854012 -0.7761705
v -1.2145925 14.854012 0.003993511
v -1.3491039 14.504282 0.003993511
v -1.0262771 14.611891 0.7572551
v -1.1338859 14.23526 0.8110595
v -0.99937487 14.127651 -0.7223661
v -1.2145925 14.127651 0.003993511
v -0.99937487 13.88553 0.7303529
v -0.8379617 11.787159 0.6227441
v -0.99937487 11.840963 0.003993511
v -0.8379617 11.787159 -0.6147573
v -0.7303529 9.742592 -0.5878551
v -0.8917661 10.173027 0.003993511
v -0.7303529 10.011614 0.5958419
v -1.1338859 14.23526 0.8110595
v -1.0262771 14.611891 0.7572551
v -0.4075265 14.504282 1.4029083
v -0.4613309 14.23526 1.4298105
v 0.5071485 14.315966 1.5643215
v -0.4075265 13.831726 1.2414947
v -0.99937487 13.88553 0.7303529
v 0.4802463 14.020042 1.6719303
v 1.2335081 13.993139 1.4567127
v 1.2335081 14.315966 1.2952995
v 1.7715522 14.23526 0.7572551
v 1.879161 13.993139 0.7572551
v 1.8522588 13.535803 0.8110595
v 1.5832367 13.186073 0.7034507
v 0.3995397 13.455095 1.4298105
v -0.4075265 11.652649 1.0800815
v -0.8379617 11.787159 0.6227441
v -0.7303529 10.011614 0.5958419
v -0.2999177 10.146126 1.0262771
v 0.15741992 11.464333 1.2683969
v 0.26502872 9.608082 1.160788
v 0.8568771 9.769495 0.99937487
v 1.0720949 13.401291 1.2414947
v 0.7492683 11.249115 1.0800815
v 1.2066059 11.114605 0.6227441
v 1.2873125 9.904005 0.5958419
v -1.1338859 14.504282 -0.8299749
v -0.3806243 14.746403 -1.4487257
v -0.99937487 14.854012 -0.7761705
v -0.4882331 14.36977 -1.5294323
v -0.3806243 13.966238 -1.2604103
v -0.99937487 14.127651 -0.7223661
v -0.4075265 11.652649 -1.0720949
v -0.8379617 11.787159 -0.6147573
v -0.7303529 9.742592 -0.5878551
v -0.2999177 9.715691 -1.0182905
v -0.3806243 14.746403 -1.4487257
v -0.8110595 14.988522 -0.6685617
v -0.99937487 14.854012 -0.7761705
v -0.2730155 14.854012 -1.1528015
v 0.6685617 14.504282 -1.5563345
v 0.5878551 14.638794 -1.2873125
v 1.4218235 14.531183 -1.3411169
v 1.0720949 14.558086 -1.0720949
v 2.040574 14.423574 -0.7761705
v 1.4487257 14.450478 -0.6416595
v 2.148183 14.36977 0.03089571
v 1.6639434 14.423574 0.003993511
v 1.7715522 14.23526 0.7572551
v 1.3411169 14.289064 0.5958419
v 0.9644861 14.342869 1.0262771
v 1.2335081 14.315966 1.2952995
v 0.4802463 14.289064 1.1876903
v 0.5071485 14.315966 1.5643215
v -0.2192111 14.638794 1.0531793
v -0.4075265 14.504282 1.4029083
v -1.0262771 14.611891 0.7572551
v -0.7303529 14.692598 0.6227441
v -0.97247267 14.988522 0.003993511
v -1.2145925 14.854012 0.003993511
v -0.99937487 14.854012 -0.7761705
v -0.8110595 14.988522 -0.6685617
v -0.4882331 14.36977 -1.5294323
v 0.6685617 14.504282 -1.5563345
v -0.3806243 14.746403 -1.4487257
v 0.5878551 14.100748 -1.7715522
v 1.4218235 14.531183 -1.3411169
v -0.3806243 13.966238 -1.2604103
v 1.4487257 13.993139 -1.5563345
v 0.4802463 13.562704 -1.4218235
v 0.15741992 11.464333 -1.2604103
v -0.4075265 11.652649 -1.0720949
v 1.1528015 13.535803 -1.1797037
v 2.121281 13.993139 -0.8837793
v 1.6639434 13.37439 -0.7223661
v 0.7492683 11.249115 -1.0720949
v 0.2919309 10.119223 -1.1797037
v -0.2999177 9.715691 -1.0182905
v 0.8837793 10.119223 -1.0182905
v 1.4487257 13.993139 -1.5563345
v 2.040574 14.423574 -0.7761705
v 1.4218235 14.531183 -1.3411169
v 2.121281 13.993139 -0.8837793
v 2.148183 14.36977 0.03089571
v 2.2019875 13.966238 0.003993511
v 1.7715522 14.23526 0.7572551
v 1.879161 13.993139 0.7572551
v 1.8522588 13.535803 0.8110595
v 1.6639434 13.37439 -0.7223661
v 1.9060632 13.535803 0.003993511
v 1.5832367 13.186073 0.7034507
v 1.2066059 11.114605 0.6227441
v 1.1797037 11.114605 -0.6147573
v 1.1528015 13.535803 -1.1797037
v 0.7492683 11.249115 -1.0720949
v 1.3411169 11.060801 0.003993511
v 1.2873125 9.904005 0.5958419
v 1.4487257 9.742592 0.003993511
v 1.3142147 10.065418 -0.5878551
v 0.8837793 10.119223 -1.0182905
v 0.15741992 24.296684 0.11160231
v 0.2919309 24.189075 0.08470011
v 0.3726375 23.62413 0.1385045
v 0.18432212 23.651031 0.2730155
v 0.07671332 24.215979 0.11160231
v 0.18432212 23.570326 0.2192111
v 0.3188331 23.543423 0.11160231
v -0.003993511 23.570326 0.1923089
v -0.03089571 23.677935 0.2461133
v -0.05779791 24.027662 0.03089571
v -0.1385045 23.677935 0.08470011
v 0.5071485 22.89777 0.2192111
v 0.18432212 23.032282 0.3268199
v 0.3726375 23.005379 0.1654067
v 0.21122432 22.89777 0.4613309
v -0.08470011 23.059183 0.2999177
v -0.1654067 22.870869 0.4344287
v 0.13051772 22.090704 0.2999177
v 0.3457353 22.090704 0.1654067
v -0.11160231 22.117607 0.2730155
v -0.3806243 22.817064 0.1385045
v -0.2461133 22.117607 0.08470011
v -0.3268199 21.90239 0.11160231
v -0.003993511 21.875486 0.3806243
v 0.3995397 21.848585 0.2192111
v 0.5340507 22.843966 -0.13051772
v 0.3726375 23.005379 0.1654067
v 0.3995397 23.005379 -0.07671332
v 0.5071485 22.89777 0.2192111
v 0.3457353 22.090704 0.1654067
v 0.3726375 22.063803 -0.07671332
v 0.3995397 21.848585 0.2192111
v 0.3995397 21.848585 -0.18432212
v -0.3537221 22.76326 -0.23812652
v -0.003993511 23.059183 -0.3188331
v -0.1923089 23.059183 -0.15741992
v -0.03089571 22.76326 -0.4533441
v 0.26502872 23.032282 -0.2919309
v -0.2192111 22.117607 -0.15741992
v 0.3188331 22.790161 -0.4264419
v 0.3995397 23.005379 -0.07671332
v 0.5340507 22.843966 -0.13051772
v 0.3726375 22.063803 -0.07671332
v -0.03089571 22.117607 -0.3188331
v 0.21122432 22.090704 -0.2919309
v 0.3995397 21.848585 -0.18432212
v -0.05779791 21.875486 -0.3726375
v -0.2999177 21.90239 -0.21122432
v -0.3537221 22.76326 -0.23812652
v -0.1923089 23.059183 -0.15741992
v -0.2192111 23.059183 0.08470011
v -0.3806243 22.817064 0.1385045
v -0.08470011 23.059183 0.2999177
v -0.1654067 22.870869 0.4344287
v -0.2192111 22.117607 -0.15741992
v -0.2461133 22.117607 0.08470011
v -0.2999177 21.90239 -0.21122432
v -0.3268199 21.90239 0.11160231
v 0.4802463 21.337442 -0.13051772
v 0.5609529 21.633366 -0.13051772
v 0.3188331 21.660269 -0.4802463
v 0.26502872 21.445051 -0.4264419
v 0.5609529 20.34206 -0.15741992
v 0.2919309 20.368963 -0.5340507
v -0.08470011 21.68717 -0.4802463
v -0.05779791 21.875486 -0.3726375
v 0.3995397 21.848585 -0.18432212
v -0.2999177 21.90239 -0.21122432
v -0.4344287 21.714073 -0.23812652
v -0.08470011 21.525757 -0.4264419
v -0.3537221 21.55266 -0.21122432
v -0.5151353 20.611082 -0.3188331
v -0.1654067 20.476572 -0.5878551
v -0.4344287 19.992332 -0.3995397
v 0.07671332 19.96543 -0.7492683
v 0.6685617 19.938528 -0.7223661
v 0.5340507 21.633366 0.2730155
v 0.3995397 21.848585 0.2192111
v 0.3995397 21.848585 -0.18432212
v 0.5609529 21.633366 -0.13051772
v 0.3188331 21.660269 -0.4802463
v 0.4264419 21.256735 0.2192111
v 0.4802463 21.337442 -0.13051772
v 0.5340507 20.34206 0.2999177
v 0.5609529 20.34206 -0.15741992
v 1.0989971 19.83092 0.11160231
v 1.0989971 19.911625 -0.3726375
v 0.8030727 19.938528 0.5151353
v -0.4344287 21.714073 -0.23812652
v -0.2999177 21.90239 -0.21122432
v -0.3268199 21.90239 0.11160231
v -0.4613309 21.714073 0.1385045
v -0.3537221 21.55266 -0.21122432
v -0.4075265 21.498856 0.1385045
v -0.5420375 20.745594 0.1654067
v -0.5151353 20.611082 -0.3188331
v -0.5151353 20.019234 0.1923089
v -0.4344287 19.992332 -0.3995397
v -0.4613309 21.714073 0.1385045
v -0.3268199 21.90239 0.11160231
v -0.003993511 21.875486 0.3806243
v -0.2192111 21.68717 0.4882331
v -0.4075265 21.498856 0.1385045
v 0.18432212 21.660269 0.5151353
v 0.3995397 21.848585 0.2192111
v 0.5340507 21.633366 0.2730155
v -0.2192111 21.391247 0.4075265
v -0.5420375 20.745594 0.1654067
v 0.13051772 21.283638 0.4344287
v 0.4264419 21.256735 0.2192111
v 0.5340507 20.34206 0.2999177
v 0.15741992 20.503473 0.5689397
v 0.8030727 19.938528 0.5151353
v 0.3726375 19.938528 0.7841573
v -0.1385045 19.96543 0.7034507
v -0.2999177 20.71869 0.5420375
v -0.5151353 20.019234 0.1923089
v 0.18432212 23.032282 0.3268199
v 0.3457353 23.355108 0.1654067
v 0.3726375 23.005379 0.1654067
v 0.18432212 23.301304 0.2730155
v 0.3188331 23.543423 0.11160231
v -0.08470011 23.059183 0.2999177
v 0.18432212 23.570326 0.2192111
v -0.05779791 23.2744 0.2461133
v -0.2192111 23.059183 0.08470011
v -0.003993511 23.570326 0.1923089
v -0.1654067 23.301304 0.05779791
v -0.08470011 23.570326 0.05779791
v 0.3726375 23.005379 0.1654067
v 0.3726375 23.408913 -0.049810886
v 0.3995397 23.005379 -0.07671332
v 0.3457353 23.355108 0.1654067
v 0.26502872 23.543423 -0.13051772
v 0.3188331 23.543423 0.11160231
v 0.26502872 23.435814 -0.23812652
v 0.3995397 23.005379 -0.07671332
v 0.3726375 23.408913 -0.049810886
v 0.26502872 23.435814 -0.23812652
v 0.26502872 23.032282 -0.2919309
v 0.022908688 23.408913 -0.2919309
v -0.003993511 23.059183 -0.3188331
v 0.049810886 23.570326 -0.21122432
v 0.26502872 23.543423 -0.13051772
v -0.08470011 23.570326 -0.10361552
v -0.1654067 23.355108 -0.15741992
v -0.1923089 23.059183 -0.15741992
v -0.1923089 23.059183 -0.15741992
v -0.1654067 23.301304 0.05779791
v -0.2192111 23.059183 0.08470011
v -0.1654067 23.355108 -0.15741992
v -0.08470011 23.570326 0.05779791
v -0.08470011 23.570326 -0.10361552
v 0.049810886 23.570326 -0.21122432
v -0.1385045 23.677935 -0.15741992
v -0.08470011 23.570326 -0.10361552
v 0.049810886 23.651031 -0.26502872
v 0.26502872 23.543423 -0.13051772
v -0.05779791 24.027662 -0.07671332
v 0.26502872 23.651031 -0.23812652
v 0.07671332 24.215979 -0.13051772
v 0.21122432 24.215979 -0.10361552
v 0.3995397 23.62413 -0.07671332
v 0.13051772 24.350489 0.003993511
v 0.3188331 24.189075 -0.049810886
v -0.08470011 23.570326 0.05779791
v -0.03089571 23.677935 0.2461133
v -0.003993511 23.570326 0.1923089
v -0.1385045 23.677935 0.08470011
v -0.08470011 23.570326 -0.10361552
v -0.1385045 23.677935 -0.15741992
v -0.05779791 24.027662 0.03089571
v -0.05779791 24.027662 -0.07671332
v 0.13051772 24.350489 0.003993511
v 0.07671332 24.215979 0.11160231
v 0.5609529 20.34206 -0.15741992
v 0.2919309 20.368963 -0.5340507
v 0.6685617 19.938528 -0.7223661
v 1.0989971 19.911625 -0.3726375
v 0.9106815 19.454288 0.6227441
v 0.8030727 19.938528 0.5151353
v 1.0989971 19.83092 0.11160231
v 0.3726375 19.938528 0.7841573
v 0.3457353 19.508093 0.91866827
v 0.3188331 19.104559 0.7572551
v 0.7761705 19.158363 0.5151353
v -0.1385045 19.588799 0.8379617
v -0.1385045 19.96543 0.7034507
v 0.3188331 18.51271 0.7572551
v 0.6954639 18.351297 0.4882331
v -0.05779791 18.458906 0.7841573
v -0.1923089 19.158363 0.6765485
v -0.3537221 18.432005 0.4882331
v -0.5151353 19.077658 0.2730155
v -0.7303529 19.561897 0.2999177
v -0.5151353 20.019234 0.1923089
v 1.0451927 19.454288 -0.6954639
v 1.0989971 19.911625 -0.3726375
v 0.6685617 19.938528 -0.7223661
v 0.3726375 19.508093 -1.0989971
v 0.07671332 19.96543 -0.7492683
v 0.3726375 19.158363 -0.9375837
v 0.8299749 18.99695 -0.5071485
v -0.2730155 19.561897 -0.9644861
v -0.4344287 19.992332 -0.3995397
v -0.8110595 19.588799 -0.4264419
v -0.5420375 19.104559 -0.3995397
v -0.1923089 19.158363 -0.8568771
v -0.4882331 18.458906 -0.5071485
v -0.08470011 18.566515 -0.8030727
v 0.3726375 18.51271 -0.8299749
v 0.8030727 18.351297 -0.5071485
v -0.5420375 19.104559 -0.3995397
v -0.5420375 18.458906 0.003993511
v -0.4882331 18.458906 -0.5071485
v -0.5151353 19.077658 0.2730155
v -0.3537221 18.432005 0.4882331
v -0.7303529 19.561897 0.2999177
v -0.8110595 19.588799 -0.4264419
v -0.5151353 20.019234 0.1923089
v -0.4344287 19.992332 -0.3995397
v 0.3188331 5.384434 1.8064413
v -0.6765485 3.9048133 1.2145925
v -1.2414947 4.8732924 1.6181259
v 0.3726375 4.0931287 1.3491039
v -0.7303529 3.339867 1.160788
v 1.4487257 4.2276397 1.1338859
v 1.7715522 5.384434 1.6450281
v 2.4710095 5.5727496 0.8379617
v 2.0674765 4.281444 0.5689397
v 1.7177478 3.0708451 0.7841573
v 0.8837793 3.1246495 1.160788
v 1.6908456 2.2637787 0.8648639
v 0.10361552 3.2591605 1.4029083
v -0.97247267 2.2368765 1.2683969
v 0.8299749 2.290681 1.5643215
v 2.6593251 0.003993511 1.0800815
v 1.3680191 0.003993511 2.2368765
v 0.049810886 2.290681 1.5643215
v -0.1923089 0.003993511 2.5328007
v -1.7526369 0.003993511 2.021659
v -1.9947567 5.33063 1.0262771
v -1.2414947 4.8732924 1.6181259
v -0.6765485 3.9048133 1.2145925
v -1.5374193 3.5281825 0.5958419
v -0.7303529 3.339867 1.160788
v -2.3713875 5.2768254 0.3806243
v -1.5912237 2.317583 0.5420375
v -0.97247267 2.2368765 1.2683969
v -1.7526369 0.003993511 2.021659
v -2.5058985 0.003993511 1.2145925
v -1.7257347 3.3936715 -0.15741992
v -1.8064413 2.3982897 -0.3726375
v -2.8287249 0.003993511 -0.13051772
v -2.4789963 0.003993511 -1.5563345
v -1.5374193 2.3713875 -1.2066059
v -1.4836149 0.003993511 -2.766934
v -0.91866827 2.183072 -1.8522588
v -1.4298105 3.2053561 -0.9106815
v -0.7034507 2.990138 -1.5832367
v -2.290681 4.792586 -0.23812652
v -2.3444853 5.33063 -0.26502872
v -1.9947567 5.384434 -1.3411169
v -2.021659 4.8463902 -1.2873125
v -1.1338859 4.6311727 -1.9060632
v 2.417205 5.384434 -1.2873125
v 1.8253566 5.492043 -1.5832367
v 1.9867698 5.1423144 -1.74465
v 2.148183 5.7072606 -1.1528015
v 2.7400317 5.223021 -0.2919309
v 2.417205 5.5727496 -0.23812652
v 2.4710095 5.5727496 0.8379617
v 1.7984544 5.653456 -0.7761705
v 1.2873125 5.2768254 -1.3680191
v 1.5025301 5.0347056 -1.8253566
v 1.9598676 5.492043 -0.10361552
v 1.7177478 5.7072606 0.5420375
v 2.148183 5.895577 0.6496463
v 1.7715522 5.384434 1.6450281
v 1.5294323 5.761066 1.2952995
v 0.3188331 5.6803584 1.5912237
v 1.4487257 5.787968 0.99937487
v 0.3188331 5.384434 1.8064413
v 0.3188331 5.7341638 1.2414947
v -1.2414947 4.8732924 1.6181259
v -0.7841573 5.33063 1.1069837
v -0.97247267 5.223021 1.4836149
v -1.6181259 5.6803584 0.8379617
v -1.9947567 5.33063 1.0262771
v -1.3222017 5.7072606 0.6227441
v -2.3713875 5.2768254 0.3806243
v -1.9947567 5.7341638 0.3806243
v -1.6450281 5.599652 -0.21122432
v -2.3444853 5.33063 -0.26502872
v -2.1292677 5.626554 -0.26502872
v -1.9947567 5.384434 -1.3411169
v -1.3760061 5.653456 -0.9375837
v -1.7795391 5.653456 -1.1797037
v -0.7034507 5.2768254 -1.2873125
v -1.0262771 5.0347056 -1.8253566
v 0.3188331 4.7118793 -1.9060632
v 0.2919309 4.953999 -1.4756279
v 1.2873125 5.2768254 -1.3680191
v 1.5025301 5.0347056 -1.8253566
v -1.1338859 4.6311727 -1.9060632
v -1.7795391 5.653456 -1.1797037
v -1.9947567 5.384434 -1.3411169
v -1.0262771 5.0347056 -1.8253566
v 0.3188331 4.7118793 -1.9060632
v 0.2919309 4.2007375 -2.0943787
v -0.7034507 2.990138 -1.5832367
v 1.5832367 4.684977 -2.0136719
v 1.5025301 5.0347056 -1.8253566
v 1.3949213 4.146933 -1.6908456
v 0.8837793 2.6404095 -1.7177478
v 0.049810886 2.8018227 -1.7715522
v 0.9913883 1.8333435 -2.040574
v -0.91866827 2.183072 -1.8522588
v 0.049810886 1.9140501 -2.148183
v 1.2066059 0.003993511 -2.8207383
v -0.1923089 0.003993511 -3.170467
v -1.4836149 0.003993511 -2.766934
v 2.4441073 0.003993511 -1.7715522
v 0.9913883 1.8333435 -2.040574
v 1.2066059 0.003993511 -2.8207383
v 1.6101389 1.9409523 -1.1528015
v 0.8837793 2.6404095 -1.7177478
v 1.5563345 2.7480183 -1.0720949
v 2.0136719 4.3352485 -0.9913883
v 1.3949213 4.146933 -1.6908456
v 1.5832367 4.684977 -2.0136719
v 1.3949213 4.146933 -1.6908456
v 2.0136719 4.3352485 -0.9913883
v 2.0943787 4.9001946 -1.6639434
v 2.4441073 4.9809012 -1.3142147
v 2.6593251 4.8732924 -0.23812652
v 2.417205 5.384434 -1.2873125
v 2.7400317 5.223021 -0.2919309
v 2.4710095 5.5727496 0.8379617
v 2.0674765 4.281444 0.5689397
v 2.255792 4.3352485 -0.10361552
v 1.5563345 2.7480183 -1.0720949
v 1.879161 3.0170403 -0.10361552
v 1.7177478 3.0708451 0.7841573
v 1.6908456 2.2637787 0.8648639
v 1.879161 2.1292677 -0.13051772
v 1.6101389 1.9409523 -1.1528015
v 2.4441073 0.003993511 -1.7715522
v 2.9821515 0.003993511 -0.18432212
v 2.6593251 0.003993511 1.0800815
v 1.9867698 5.1423144 -1.74465
v 1.8253566 5.492043 -1.5832367
v 1.5025301 5.0347056 -1.8253566
v 1.5832367 4.684977 -2.0136719
v 2.0943787 4.9001946 -1.6639434
v 2.4441073 4.9809012 -1.3142147
v 2.417205 5.384434 -1.2873125
v 1.2873125 5.2768254 -1.3680191
v 0.6147573 6.0031857 -1.1797037
v 0.2919309 4.953999 -1.4756279
v 0.7492683 7.5904155 -1.0989971
v 0.9106815 6.460523 -0.8030727
v 1.1797037 7.4290023 -0.6954639
v 1.0451927 9.392864 -1.4218235
v -0.03089571 8.020851 -1.1528015
v 1.6908456 9.312157 -0.8837793
v 1.9867698 9.742592 -0.9913883
v 0.3726375 9.392864 -1.6908456
v -0.5958419 8.666504 -1.1528015
v -0.7034507 9.419765 -1.6908456
v 1.2873125 9.850201 -1.74465
v 1.74465 10.19993 -0.8299749
v 1.1797037 10.307539 -1.5025301
v 0.3188331 10.280636 -1.6639434
v 0.2919309 9.823299 -1.9060632
v -0.5420375 9.688787 -1.4487257
v -1.4298105 9.446669 -0.9913883
v -1.160788 9.715691 -0.8299749
v -0.8917661 8.827917 -0.10361552
v -0.8110595 8.908623 -0.6147573
v -1.4298105 9.446669 -0.9913883
v -1.6719303 9.904005 0.003993511
v -1.4029083 9.742592 0.97247267
v -0.8648639 8.935526 0.4613309
v -1.3491039 10.361343 0.003993511
v -0.7303529 9.742592 -0.5878551
v -0.8917661 10.173027 0.003993511
v -1.160788 9.715691 -0.8299749
v -1.4298105 9.446669 -0.9913883
v -1.6719303 9.904005 0.003993511
v -0.5420375 9.688787 -1.4487257
v -0.7303529 9.742592 -0.5878551
v -1.160788 9.715691 -0.8299749
v -0.2999177 9.715691 -1.0182905
v 0.3188331 10.280636 -1.6639434
v 0.2919309 10.119223 -1.1797037
v 1.1797037 10.307539 -1.5025301
v 0.8837793 10.119223 -1.0182905
v 1.3142147 10.065418 -0.5878551
v 1.74465 10.19993 -0.8299749
v 1.9598676 9.742592 0.003993511
v 1.4487257 9.742592 0.003993511
v 1.2873125 9.904005 0.5958419
v 1.74465 9.984713 0.8379617
v 2.1750853 9.392864 0.003993511
v 0.8568771 9.769495 0.99937487
v 1.9598676 9.581179 0.97247267
v 1.1258993 9.796396 1.4298105
v 1.2335081 9.446669 1.6719303
v 0.26502872 9.12384 1.9409523
v 0.26502872 9.527374 1.6450281
v 0.26502872 9.608082 1.160788
v -0.5151353 10.307539 1.4298105
v -0.2999177 10.146126 1.0262771
v -1.1338859 10.119223 0.8379617
v -0.7303529 10.011614 0.5958419
v -0.8917661 10.173027 0.003993511
v -1.3491039 10.361343 0.003993511
v -1.4029083 9.742592 0.97247267
v -0.6765485 9.877104 1.6719303
v -1.6719303 9.904005 0.003993511
v 1.2335081 9.446669 1.6719303
v 1.9598676 9.581179 0.97247267
v 1.7177478 9.070036 0.8110595
v 1.1797037 9.1507435 1.5374193
v 0.26502872 9.12384 1.9409523
v 0.7761705 7.509709 1.0531793
v 1.1797037 7.4021 0.5420375
v 1.5025301 5.895577 0.7841573
v 0.15741992 7.805633 1.0800815
v 0.3188331 5.7341638 1.2414947
v 1.4487257 5.787968 0.99937487
v -0.1654067 8.26297 0.94557047
v -0.4344287 8.693405 0.94557047
v -0.6765485 9.877104 1.6719303
v -0.5151353 10.307539 1.4298105
v 0.26502872 9.527374 1.6450281
v -1.4029083 9.742592 0.97247267
v -0.8648639 8.935526 0.4613309
v 1.2066059 6.6488385 -0.3188331
v 0.9106815 6.460523 -0.8030727
v 1.3680191 6.191501 -0.9375837
v 1.6370412 6.326012 -0.3726375
v 1.2066059 6.6488385 -0.3188331
v 1.6101389 6.2453055 0.1923089
v 1.2873125 6.568132 0.003993511
v 1.6370412 6.326012 -0.3726375
v 1.9329654 5.761066 -0.3995397
v 1.3680191 6.191501 -0.9375837
v 1.7984544 5.653456 -0.7761705
v 1.9598676 5.492043 -0.10361552
v 1.7177478 5.7072606 0.5420375
v 1.2873125 6.3529143 0.3268199
v 1.5025301 5.895577 0.7841573
v 1.4487257 5.787968 0.99937487
v -1.4298105 7.778731 0.6765485
v -1.8602457 8.774113 0.7303529
v -1.3491039 8.558895 1.2952995
v -1.1338859 7.7518287 1.160788
v -1.3222017 5.7072606 0.6227441
v -0.5151353 8.101557 1.2145925
v -1.0262771 8.962427 0.7572551
v -0.4882331 8.585796 1.1338859
v -0.1654067 8.26297 0.94557047
v -0.4882331 7.7249265 1.3491039
v -0.7841573 5.33063 1.1069837
v 0.3188331 5.7341638 1.2414947
v -0.08470011 7.6980243 1.2414947
v 0.15741992 7.805633 1.0800815
v -1.3491039 8.558895 1.2952995
v -1.8602457 8.774113 0.7303529
v -1.3491039 9.043135 0.4344287
v -1.0262771 8.962427 0.7572551
v -0.8648639 8.935526 0.4613309
v -0.4882331 8.585796 1.1338859
v -0.4344287 8.693405 0.94557047
v -0.8917661 8.827917 -0.10361552
v -1.4567127 8.98933 0.003993511
v -1.3222017 9.070036 -0.4533441
v -1.0262771 9.016232 -0.7761705
v -0.8110595 8.908623 -0.6147573
v -0.5958419 8.666504 -1.1528015
v -1.8602457 8.774113 -0.7492683
v -1.3222017 8.74721 -1.2873125
v 1.2873125 5.2768254 -1.3680191
v 1.7984544 5.653456 -0.7761705
v 1.3680191 6.191501 -0.9375837
v 0.9913883 5.9762836 -1.1797037
v 0.6147573 6.0031857 -1.1797037
v 0.9106815 6.460523 -0.8030727
v -1.8602457 8.774113 -0.7492683
v -1.3222017 9.070036 -0.4533441
v -1.4567127 8.98933 0.003993511
v -2.0754633 8.585796 0.003993511
v -1.3491039 9.043135 0.4344287
v -1.8602457 8.774113 0.7303529
v -1.4298105 7.778731 -0.6685617
v -1.6450281 7.778731 0.003993511
v -1.4298105 7.778731 0.6765485
v -1.3222017 5.7072606 0.6227441
v -1.6450281 5.599652 -0.21122432
v -1.1069837 7.940144 -1.0451927
v -1.3760061 5.653456 -0.9375837
v -0.5958419 8.666504 -1.1528015
v -1.0262771 9.016232 -0.7761705
v -1.3222017 8.74721 -1.2873125
v -0.5958419 8.424383 -1.3142147
v -0.03089571 8.020851 -1.1528015
v -0.5420375 8.074656 -1.2335081
v 0.2919309 4.953999 -1.4756279
v -0.7034507 5.2768254 -1.2873125
v -1.1069837 7.940144 -1.0451927
v -1.3760061 5.653456 -0.9375837
v -1.4298105 7.778731 -0.6685617
v -1.8602457 8.774113 -0.7492683
v 0.8030727 18.351297 -0.5071485
v 0.9913883 18.297493 -0.049810886
v 1.0720949 19.023853 -0.022908688
v 0.6954639 18.351297 0.4882331
v 0.8299749 18.99695 -0.5071485
v 0.7761705 19.158363 0.5151353
v 1.2604103 19.427385 0.05779791
v 1.0451927 19.454288 -0.6954639
v 0.9106815 19.454288 0.6227441
v 1.0989971 19.911625 -0.3726375
v 1.0989971 19.83092 0.11160231
vt 0.87153035 0.49802634
vt 0.8909837 0.455229
vt 0.8092797 0.50969833
vt 0.31127435 0.51747966
vt 0.29571167 0.5291517
vt 0.34629035 0.513589
vt 0.39297834 0.5330423
vt 0.36963433 0.50969833
vt 0.350181 0.443557
vt 0.39297834 0.443557
vt 0.350181 0.431885
vt 0.41632235 0.431885
vt 0.431885 0.45133835
vt 0.28793034 0.50969833
vt 0.29571167 0.5291517
vt 0.31127435 0.51747966
vt 0.42410368 0.513589
vt 0.39297834 0.5330423
vt 0.47468233 0.5058077
vt 0.19066368 0.49802634
vt 0.13230367 0.5058077
vt 0.13230367 0.455229
vt 0.46301034 0.19066368
vt 0.49413568 0.35407168
vt 0.455229 0.22957034
vt 0.4474477 0.34629035
vt 0.42799434 0.27625835
vt 0.40075967 0.34629035
vt 0.40465033 0.291821
vt 0.4474477 0.49802634
vt 0.3774157 0.29571167
vt 0.35407168 0.34629035
vt 0.338509 0.280149
vt 0.34629035 0.490245
vt 0.396869 0.4824637
vt 0.443557 0.513589
vt 0.396869 0.5058077
vt 0.34629035 0.52137035
vt 0.3423997 0.55249566
vt 0.396869 0.5330423
vt 0.42799434 0.58751166
vt 0.42410368 0.560277
vt 0.408541 0.5758397
vt 0.548605 0.466901
vt 0.501917 0.478573
vt 0.501917 0.501917
vt 0.17899168 0.431885
vt 0.19066368 0.49802634
vt 0.13230367 0.455229
vt 0.5758397 0.10117834
vt 0.62641835 0.20622633
vt 0.6341997 0.10117834
vt 0.57973033 0.20622633
vt 0.513589 0.09728768
vt 0.583621 0.40465033
vt 0.641981 0.40465033
vt 0.6380903 0.455229
vt 0.5291517 0.20622633
vt 0.46301034 0.11285034
vt 0.43577567 0.21400768
vt 0.525261 0.408541
vt 0.466901 0.4124317
vt 0.47468233 0.455229
vt 0.583621 0.455229
vt 0.6341997 0.49802634
vt 0.583621 0.49413568
vt 0.5330423 0.49802634
vt 0.5291517 0.455229
vt 0.4824637 0.49802634
vt 0.35796234 0.47079167
vt 0.3073837 0.52137035
vt 0.361853 0.52137035
vt 0.291821 0.466901
vt 0.221789 0.466901
vt 0.23346101 0.513589
vt 0.151757 0.466901
vt 0.16731967 0.513589
vt 0.35796234 0.47079167
vt 0.28793034 0.408541
vt 0.291821 0.466901
vt 0.34629035 0.40465033
vt 0.29571167 0.22567968
vt 0.36963433 0.21400768
vt 0.28403968 0.13619433
vt 0.350181 0.13619433
vt 0.408541 0.4124317
vt 0.43577567 0.21400768
vt 0.41632235 0.10117834
vt 0.46301034 0.11285034
vt 0.466901 0.4124317
vt 0.41632235 0.466901
vt 0.47468233 0.455229
vt 0.4824637 0.49802634
vt 0.42799434 0.50969833
vt 0.361853 0.52137035
vt 0.28793034 0.408541
vt 0.221789 0.466901
vt 0.291821 0.466901
vt 0.22957034 0.4124317
vt 0.151757 0.420213
vt 0.151757 0.466901
vt 0.15953834 0.23346101
vt 0.22567968 0.22957034
vt 0.29571167 0.22567968
vt 0.151757 0.17121033
vt 0.28403968 0.13619433
vt 0.221789 0.163429
vt 0.887093 0.22567968
vt 0.89487433 0.15564768
vt 0.8209517 0.14397568
vt 0.782045 0.20622633
vt 0.83262366 0.420213
vt 0.8909837 0.4124317
vt 0.8209517 0.455229
vt 0.8909837 0.455229
vt 0.8092797 0.50969833
vt 0.76648235 0.42410368
vt 0.758701 0.45911968
vt 0.7431383 0.5058077
vt 0.71979433 0.20233567
vt 0.7392477 0.11285034
vt 0.68477833 0.11674101
vt 0.7042317 0.408541
vt 0.69645035 0.455229
vt 0.688669 0.49413568
vt 0.6341997 0.49802634
vt 0.6380903 0.455229
vt 0.641981 0.40465033
vt 0.62641835 0.20622633
vt 0.6341997 0.10117834
vt 0.420213 0.5291517
vt 0.42799434 0.50969833
vt 0.361853 0.52137035
vt 0.49802634 0.536933
vt 0.4824637 0.49802634
vt 0.5330423 0.49802634
vt 0.583621 0.49413568
vt 0.58751166 0.536933
vt 0.665325 0.5291517
vt 0.6341997 0.49802634
vt 0.688669 0.49413568
vt 0.747029 0.52137035
vt 0.7431383 0.5058077
vt 0.8092797 0.50969833
vt 0.163429 0.7742637
vt 0.163429 0.78982633
vt 0.21789834 0.82484233
vt 0.21789834 0.80149835
vt 0.2723677 0.8209517
vt 0.27625835 0.79760766
vt 0.163429 0.758701
vt 0.221789 0.7742637
vt 0.280149 0.770373
vt 0.280149 0.6731063
vt 0.221789 0.6731063
vt 0.163429 0.6692157
vt 0.163429 0.583621
vt 0.21400768 0.583621
vt 0.280149 0.583621
vt 0.27625835 0.79760766
vt 0.2723677 0.8209517
vt 0.338509 0.8209517
vt 0.3423997 0.8092797
vt 0.40465033 0.8209517
vt 0.3423997 0.7781543
vt 0.280149 0.770373
vt 0.408541 0.80149835
vt 0.45911968 0.805389
vt 0.46301034 0.828733
vt 0.5291517 0.82484233
vt 0.5330423 0.8092797
vt 0.5330423 0.78982633
vt 0.5330423 0.76648235
vt 0.408541 0.770373
vt 0.3423997 0.6692157
vt 0.280149 0.6731063
vt 0.280149 0.583621
vt 0.35407168 0.583621
vt 0.40075967 0.66143435
vt 0.41632235 0.583621
vt 0.478573 0.583621
vt 0.466901 0.7742637
vt 0.46301034 0.65754366
vt 0.5291517 0.64976233
vt 0.5408237 0.583621
vt 0.89487433 0.793717
vt 0.828733 0.82484233
vt 0.89487433 0.8131703
vt 0.828733 0.805389
vt 0.83262366 0.7781543
vt 0.89487433 0.7781543
vt 0.840405 0.676997
vt 0.89487433 0.68477833
vt 0.89487433 0.583621
vt 0.8481863 0.583621
vt 0.828733 0.82484233
vt 0.89487433 0.840405
vt 0.89487433 0.8131703
vt 0.83262366 0.840405
vt 0.758701 0.82484233
vt 0.76259166 0.840405
vt 0.7042317 0.82484233
vt 0.700341 0.840405
vt 0.653653 0.8209517
vt 0.653653 0.840405
vt 0.5991837 0.828733
vt 0.595293 0.840405
vt 0.5291517 0.82484233
vt 0.5330423 0.840405
vt 0.47468233 0.840405
vt 0.46301034 0.828733
vt 0.40075967 0.840405
vt 0.40465033 0.8209517
vt 0.33461833 0.840405
vt 0.338509 0.8209517
vt 0.2723677 0.8209517
vt 0.27625835 0.840405
vt 0.21789834 0.840405
vt 0.21789834 0.82484233
vt 0.163429 0.78982633
vt 0.163429 0.840405
vt 0.828733 0.805389
vt 0.758701 0.82484233
vt 0.828733 0.82484233
vt 0.76259166 0.80149835
vt 0.7042317 0.82484233
vt 0.83262366 0.7781543
vt 0.7042317 0.805389
vt 0.76648235 0.770373
vt 0.782045 0.665325
vt 0.840405 0.676997
vt 0.7081223 0.7742637
vt 0.653653 0.805389
vt 0.64976233 0.770373
vt 0.723685 0.653653
vt 0.782045 0.583621
vt 0.8481863 0.583621
vt 0.7159037 0.583621
vt 0.7042317 0.805389
vt 0.653653 0.8209517
vt 0.7042317 0.82484233
vt 0.653653 0.805389
vt 0.5991837 0.828733
vt 0.5991837 0.8092797
vt 0.5291517 0.82484233
vt 0.5330423 0.8092797
vt 0.5330423 0.78982633
vt 0.64976233 0.770373
vt 0.595293 0.7859357
vt 0.5330423 0.76648235
vt 0.5291517 0.64976233
vt 0.66143435 0.64976233
vt 0.7081223 0.7742637
vt 0.723685 0.653653
vt 0.595293 0.6458717
vt 0.5408237 0.583621
vt 0.595293 0.583621
vt 0.653653 0.583621
vt 0.7159037 0.583621
vt 0.31127435 0.51747966
vt 0.34629035 0.513589
vt 0.350181 0.443557
vt 0.31127435 0.443557
vt 0.28793034 0.50969833
vt 0.3073837 0.431885
vt 0.350181 0.431885
vt 0.26458633 0.43577567
vt 0.268477 0.4474477
vt 0.24124233 0.49413568
vt 0.22567968 0.45133835
vt 0.4474477 0.782045
vt 0.385197 0.8131703
vt 0.4474477 0.8131703
vt 0.385197 0.782045
vt 0.31905568 0.8131703
vt 0.32294634 0.7742637
vt 0.385197 0.6458717
vt 0.4474477 0.6458717
vt 0.32294634 0.64976233
vt 0.26069567 0.76648235
vt 0.26069567 0.653653
vt 0.26069567 0.59140235
vt 0.350181 0.59140235
vt 0.4474477 0.59140235
vt 0.5058077 0.7781543
vt 0.4474477 0.8131703
vt 0.5058077 0.8131703
vt 0.4474477 0.782045
vt 0.4474477 0.6458717
vt 0.5058077 0.6458717
vt 0.4474477 0.59140235
vt 0.54471433 0.59140235
vt 0.6808877 0.76648235
vt 0.62641835 0.8131703
vt 0.69255966 0.8131703
vt 0.62252766 0.76259166
vt 0.5641677 0.8131703
vt 0.69255966 0.676997
vt 0.5641677 0.770373
vt 0.5058077 0.8131703
vt 0.5058077 0.7781543
vt 0.5058077 0.6458717
vt 0.630309 0.65754366
vt 0.5680583 0.64976233
vt 0.54471433 0.59140235
vt 0.630309 0.59140235
vt 0.69255966 0.59140235
vt 0.20233567 0.758701
vt 0.19455434 0.8131703
vt 0.256805 0.8131703
vt 0.26069567 0.76648235
vt 0.31905568 0.8131703
vt 0.32294634 0.7742637
vt 0.19455434 0.65754366
vt 0.26069567 0.653653
vt 0.19455434 0.59140235
vt 0.26069567 0.59140235
vt 0.571949 0.9493437
vt 0.560277 0.97268766
vt 0.6030743 0.97268766
vt 0.61474633 0.957125
vt 0.583621 0.87153035
vt 0.641981 0.875421
vt 0.64976233 0.980469
vt 0.6030743 0.992141
vt 0.5641677 0.992141
vt 0.747029 0.992141
vt 0.747029 0.9843597
vt 0.6692157 0.968797
vt 0.747029 0.97657835
vt 0.7431383 0.90265566
vt 0.700341 0.89487433
vt 0.75481033 0.8209517
vt 0.688669 0.8209517
vt 0.6341997 0.8209517
vt 0.52137035 0.97268766
vt 0.52137035 0.992141
vt 0.5641677 0.992141
vt 0.560277 0.97268766
vt 0.6030743 0.97268766
vt 0.525261 0.94156235
vt 0.571949 0.9493437
vt 0.525261 0.87153035
vt 0.583621 0.87153035
vt 0.560277 0.8209517
vt 0.59140235 0.8209517
vt 0.51747966 0.8209517
vt 0.29571167 0.97657835
vt 0.29571167 0.992141
vt 0.43577567 0.992141
vt 0.39297834 0.97657835
vt 0.29571167 0.96490633
vt 0.36963433 0.9610157
vt 0.35796234 0.910437
vt 0.29571167 0.9182183
vt 0.35796234 0.8209517
vt 0.29571167 0.8209517
vt 0.39297834 0.97657835
vt 0.43577567 0.992141
vt 0.47468233 0.992141
vt 0.443557 0.97268766
vt 0.36963433 0.9610157
vt 0.4824637 0.97268766
vt 0.52137035 0.992141
vt 0.52137035 0.97268766
vt 0.42410368 0.9493437
vt 0.35796234 0.910437
vt 0.47468233 0.945453
vt 0.525261 0.94156235
vt 0.525261 0.87153035
vt 0.466901 0.8832023
vt 0.51747966 0.8209517
vt 0.47468233 0.8209517
vt 0.42410368 0.8209517
vt 0.4124317 0.898765
vt 0.35796234 0.8209517
vt 0.595293 0.606965
vt 0.6458717 0.73146635
vt 0.6458717 0.606965
vt 0.595293 0.7081223
vt 0.64976233 0.82484233
vt 0.54471433 0.5991837
vt 0.5991837 0.82484233
vt 0.536933 0.688669
vt 0.4824637 0.595293
vt 0.54471433 0.82484233
vt 0.47468233 0.69255966
vt 0.48635435 0.82484233
vt 0.6458717 0.606965
vt 0.69255966 0.747029
vt 0.69255966 0.6030743
vt 0.6458717 0.73146635
vt 0.7159037 0.82484233
vt 0.64976233 0.82484233
vt 0.7509197 0.747029
vt 0.69255966 0.6030743
vt 0.69255966 0.747029
vt 0.7509197 0.747029
vt 0.747029 0.59140235
vt 0.8131703 0.73146635
vt 0.805389 0.58751166
vt 0.80149835 0.82484233
vt 0.7159037 0.82484233
vt 0.87153035 0.82484233
vt 0.89487433 0.700341
vt 0.86763966 0.583621
vt 0.420213 0.5991837
vt 0.47468233 0.69255966
vt 0.4824637 0.595293
vt 0.396869 0.712013
vt 0.48635435 0.82484233
vt 0.43966633 0.82484233
vt 0.47468233 0.443557
vt 0.513589 0.46301034
vt 0.513589 0.45133835
vt 0.47079167 0.455229
vt 0.41632235 0.431885
vt 0.47468233 0.5058077
vt 0.431885 0.45133835
vt 0.42410368 0.513589
vt 0.39297834 0.513589
vt 0.39297834 0.443557
vt 0.39297834 0.5330423
vt 0.36963433 0.50969833
vt 0.221789 0.43966633
vt 0.268477 0.4474477
vt 0.26458633 0.43577567
vt 0.22567968 0.45133835
vt 0.18288234 0.443557
vt 0.17899168 0.45911968
vt 0.24124233 0.49413568
vt 0.21789834 0.49802634
vt 0.29571167 0.5291517
vt 0.28793034 0.50969833
vt 0.583621 0.87153035
vt 0.641981 0.875421
vt 0.6341997 0.8209517
vt 0.59140235 0.8209517
vt 0.31127435 0.76648235
vt 0.315165 0.80149835
vt 0.36574367 0.80149835
vt 0.26069567 0.80149835
vt 0.24902368 0.76648235
vt 0.24902368 0.73146635
vt 0.3073837 0.7431383
vt 0.20233567 0.770373
vt 0.19455434 0.80149835
vt 0.24902368 0.6731063
vt 0.303493 0.6731063
vt 0.20622633 0.6731063
vt 0.19066368 0.735357
vt 0.14786634 0.6731063
vt 0.12063167 0.72757566
vt 0.11285034 0.76259166
vt 0.11674101 0.80149835
vt 0.43577567 0.76648235
vt 0.408541 0.80149835
vt 0.45911968 0.80149835
vt 0.501917 0.76259166
vt 0.5291517 0.80149835
vt 0.501917 0.735357
vt 0.43577567 0.73146635
vt 0.55638635 0.76259166
vt 0.61474633 0.80149835
vt 0.6108557 0.76259166
vt 0.6108557 0.73146635
vt 0.55638635 0.73146635
vt 0.6108557 0.6731063
vt 0.55638635 0.6731063
vt 0.5058077 0.6731063
vt 0.4474477 0.6731063
vt 0.035037007 0.72757566
vt 0.08950634 0.6731063
vt 0.035037007 0.6731063
vt 0.12063167 0.72757566
vt 0.14786634 0.6731063
vt 0.11285034 0.76259166
vt 0.035037007 0.76259166
vt 0.11674101 0.80149835
vt 0.035037007 0.80149835
vt 0.59140235 0.501917
vt 0.513589 0.326837
vt 0.48635435 0.47468233
vt 0.5991837 0.33461833
vt 0.5058077 0.27625835
vt 0.688669 0.350181
vt 0.68477833 0.490245
vt 0.747029 0.49413568
vt 0.7509197 0.35407168
vt 0.72757566 0.23735167
vt 0.64976233 0.24513301
vt 0.735357 0.16731967
vt 0.57973033 0.256805
vt 0.49413568 0.17510101
vt 0.6458717 0.17899168
vt 0.758701 0.01947434
vt 0.6731063 0.015583674
vt 0.57973033 0.16731967
vt 0.5641677 0.011693007
vt 0.47468233 0.011693007
vt 0.42799434 0.490245
vt 0.48635435 0.47468233
vt 0.513589 0.326837
vt 0.420213 0.28403968
vt 0.5058077 0.27625835
vt 0.38130635 0.4824637
vt 0.420213 0.17121033
vt 0.49413568 0.17510101
vt 0.47468233 0.011693007
vt 0.408541 0.011693007
vt 0.350181 0.28403968
vt 0.33072767 0.19455434
vt 0.3423997 0.0078023407
vt 0.24124233 0.011693007
vt 0.256805 0.19066368
vt 0.17121033 0.015583674
vt 0.19455434 0.16731967
vt 0.27625835 0.26069567
vt 0.186773 0.24902368
vt 0.34629035 0.43966633
vt 0.3423997 0.490245
vt 0.27625835 0.501917
vt 0.280149 0.455229
vt 0.20622633 0.45133835
vt 0.8832023 0.48635435
vt 0.933781 0.513589
vt 0.933781 0.47468233
vt 0.8832023 0.52137035
vt 0.817061 0.4824637
vt 0.817061 0.52137035
vt 0.747029 0.49413568
vt 0.875421 0.548605
vt 0.9610157 0.548605
vt 0.9610157 0.47468233
vt 0.805389 0.548605
vt 0.73146635 0.548605
vt 0.747029 0.5291517
vt 0.68477833 0.490245
vt 0.6808877 0.536933
vt 0.59140235 0.5291517
vt 0.68477833 0.548605
vt 0.59140235 0.501917
vt 0.59140235 0.548605
vt 0.48635435 0.47468233
vt 0.501917 0.548605
vt 0.49802634 0.513589
vt 0.431885 0.5330423
vt 0.42799434 0.490245
vt 0.43577567 0.548605
vt 0.38130635 0.4824637
vt 0.38908768 0.5291517
vt 0.3423997 0.548605
vt 0.3423997 0.490245
vt 0.3423997 0.52137035
vt 0.27625835 0.501917
vt 0.26458633 0.548605
vt 0.27625835 0.5291517
vt 0.186773 0.548605
vt 0.198445 0.49413568
vt 0.105069004 0.49802634
vt 0.09728768 0.548605
vt 0.038927674 0.548605
vt 0.038927674 0.45911968
vt 0.20622633 0.45133835
vt 0.27625835 0.5291517
vt 0.27625835 0.501917
vt 0.198445 0.49413568
vt 0.105069004 0.49802634
vt 0.108959675 0.42799434
vt 0.186773 0.24902368
vt 0.038927674 0.42410368
vt 0.038927674 0.45911968
vt 0.038927674 0.361853
vt 0.038927674 0.21011701
vt 0.11674101 0.22957034
vt 0.035037007 0.14008501
vt 0.19455434 0.16731967
vt 0.11285034 0.15564768
vt 0.015583674 0.015583674
vt 0.108959675 0.0078023407
vt 0.17121033 0.015583674
vt 0.90265566 0.01947434
vt 0.9532343 0.11674101
vt 0.992141 0.023365008
vt 0.887093 0.14397568
vt 0.9610157 0.19066368
vt 0.887093 0.21011701
vt 0.8832023 0.35796234
vt 0.9610157 0.33461833
vt 0.9610157 0.42799434
vt 0.9610157 0.33461833
vt 0.8832023 0.35796234
vt 0.922109 0.4474477
vt 0.887093 0.455229
vt 0.817061 0.4474477
vt 0.8832023 0.48635435
vt 0.817061 0.4824637
vt 0.747029 0.49413568
vt 0.7509197 0.35407168
vt 0.805389 0.361853
vt 0.887093 0.21011701
vt 0.80149835 0.23346101
vt 0.72757566 0.23735167
vt 0.735357 0.16731967
vt 0.8092797 0.16731967
vt 0.887093 0.14397568
vt 0.90265566 0.01947434
vt 0.8209517 0.027255675
vt 0.758701 0.01947434
vt 0.933781 0.47468233
vt 0.933781 0.513589
vt 0.9610157 0.47468233
vt 0.9610157 0.42799434
vt 0.922109 0.4474477
vt 0.887093 0.455229
vt 0.8832023 0.48635435
vt 0.31905568 0.20233567
vt 0.31127435 0.24124233
vt 0.26458633 0.19455434
vt 0.3073837 0.3423997
vt 0.338509 0.280149
vt 0.35407168 0.34629035
vt 0.29571167 0.48635435
vt 0.23735167 0.39297834
vt 0.34629035 0.490245
vt 0.34629035 0.52137035
vt 0.24124233 0.48635435
vt 0.17899168 0.431885
vt 0.19066368 0.49802634
vt 0.29571167 0.52137035
vt 0.3423997 0.55249566
vt 0.29571167 0.548605
vt 0.24902368 0.54471433
vt 0.24124233 0.51747966
vt 0.19066368 0.52137035
vt 0.13230367 0.5058077
vt 0.14008501 0.5291517
vt 0.69255966 0.43966633
vt 0.73146635 0.443557
vt 0.747029 0.490245
vt 0.69645035 0.513589
vt 0.6458717 0.513589
vt 0.64976233 0.45133835
vt 0.69645035 0.5408237
vt 0.747029 0.5291517
vt 0.69645035 0.55638635
vt 0.747029 0.513589
vt 0.747029 0.490245
vt 0.69645035 0.513589
vt 0.19066368 0.52137035
vt 0.14786634 0.5408237
vt 0.14008501 0.5291517
vt 0.19066368 0.536933
vt 0.24902368 0.54471433
vt 0.24513301 0.560277
vt 0.29571167 0.548605
vt 0.29571167 0.5680583
vt 0.34629035 0.5641677
vt 0.3423997 0.55249566
vt 0.396869 0.5330423
vt 0.396869 0.548605
vt 0.4474477 0.55249566
vt 0.443557 0.5408237
vt 0.396869 0.5058077
vt 0.49413568 0.548605
vt 0.443557 0.513589
vt 0.49413568 0.5330423
vt 0.49802634 0.5058077
vt 0.548605 0.490245
vt 0.54471433 0.52137035
vt 0.5408237 0.536933
vt 0.5991837 0.548605
vt 0.5991837 0.5641677
vt 0.6458717 0.5408237
vt 0.64976233 0.55638635
vt 0.69645035 0.55638635
vt 0.69645035 0.5408237
vt 0.6458717 0.513589
vt 0.595293 0.52137035
vt 0.69645035 0.513589
vt 0.49802634 0.5058077
vt 0.443557 0.513589
vt 0.4474477 0.49802634
vt 0.49413568 0.490245
vt 0.548605 0.490245
vt 0.49413568 0.35407168
vt 0.4474477 0.34629035
vt 0.455229 0.22957034
vt 0.5408237 0.373525
vt 0.536933 0.17121033
vt 0.46301034 0.19066368
vt 0.5758397 0.4124317
vt 0.5991837 0.43966633
vt 0.595293 0.52137035
vt 0.5991837 0.548605
vt 0.54471433 0.52137035
vt 0.6458717 0.513589
vt 0.64976233 0.45133835
vt 0.443557 0.5991837
vt 0.478573 0.6108557
vt 0.48635435 0.583621
vt 0.455229 0.571949
vt 0.443557 0.5991837
vt 0.42410368 0.560277
vt 0.42799434 0.58751166
vt 0.455229 0.571949
vt 0.466901 0.5408237
vt 0.48635435 0.583621
vt 0.490245 0.5408237
vt 0.4474477 0.513589
vt 0.408541 0.513589
vt 0.408541 0.5758397
vt 0.385197 0.536933
vt 0.38130635 0.5058077
vt 0.408541 0.40075967
vt 0.40465033 0.45911968
vt 0.4474477 0.45133835
vt 0.46301034 0.40075967
vt 0.4124317 0.21011701
vt 0.513589 0.43577567
vt 0.43966633 0.49802634
vt 0.501917 0.478573
vt 0.548605 0.466901
vt 0.52137035 0.396869
vt 0.501917 0.17121033
vt 0.59140235 0.20622633
vt 0.560277 0.396869
vt 0.58751166 0.408541
vt 0.4474477 0.45133835
vt 0.40465033 0.45911968
vt 0.40465033 0.49802634
vt 0.43966633 0.49802634
vt 0.431885 0.5330423
vt 0.501917 0.478573
vt 0.501917 0.501917
vt 0.36963433 0.55249566
vt 0.36963433 0.49802634
vt 0.338509 0.50969833
vt 0.3073837 0.525261
vt 0.31127435 0.548605
vt 0.24513301 0.525261
vt 0.326837 0.47468233
vt 0.28793034 0.490245
vt 0.536933 0.583621
vt 0.490245 0.5408237
vt 0.48635435 0.583621
vt 0.50969833 0.59140235
vt 0.51747966 0.6108557
vt 0.478573 0.6108557
vt 0.326837 0.47468233
vt 0.338509 0.50969833
vt 0.36963433 0.49802634
vt 0.36574367 0.455229
vt 0.40465033 0.49802634
vt 0.40465033 0.45911968
vt 0.303493 0.4124317
vt 0.35796234 0.40465033
vt 0.408541 0.40075967
vt 0.4124317 0.21011701
vt 0.33461833 0.221789
vt 0.256805 0.43966633
vt 0.2723677 0.24124233
vt 0.24513301 0.525261
vt 0.3073837 0.525261
vt 0.28793034 0.490245
vt 0.23346101 0.49413568
vt 0.163429 0.4824637
vt 0.21400768 0.466901
vt 0.11285034 0.20233567
vt 0.21789834 0.21011701
vt 0.256805 0.43966633
vt 0.2723677 0.24124233
vt 0.303493 0.4124317
vt 0.326837 0.47468233
vt 0.4474477 0.6731063
vt 0.385197 0.6731063
vt 0.3774157 0.735357
vt 0.303493 0.6731063
vt 0.43577567 0.73146635
vt 0.3073837 0.7431383
vt 0.373525 0.770373
vt 0.43577567 0.76648235
vt 0.31127435 0.76648235
vt 0.408541 0.80149835
vt 0.36574367 0.80149835
vn -0.52451843 0.8414386 -0.12985206
vn -0.8731306 -0.014245987 -0.48727813
vn -0.23929018 0.7146705 -0.65725666
vn 0.23609012 0.33436626 0.9123928
vn -0.30267423 0.9365147 -0.17699875
vn 0.77485454 0.23929018 0.58509886
vn -0.30267423 0.9365147 -0.17699875
vn 0.9016226 0.23929018 -0.3603011
vn 0.8382386 0.017445982 0.5450245
vn 0.96500665 0.017445982 -0.26164445
vn 0.8699306 -0.045938015 0.49102992
vn 0.77485454 -0.045938015 -0.6304682
vn 0.4262423 0.08083004 -0.9009906
vn -0.33436626 0.33436626 0.88113475
vn -0.30267423 0.9365147 -0.17699875
vn 0.23609012 0.33436626 0.9123928
vn -0.17590612 0.3660583 -0.91381526
vn -0.30267423 0.9365147 -0.17699875
vn -0.77805454 0.30267423 -0.550472
vn -0.46113437 -0.10932207 -0.8805701
vn -0.8731306 -0.3311662 -0.35773158
vn -0.80974656 -0.55301034 -0.19618891
vn 0.36285824 0.112522066 0.9250258
vn 0.45793432 -0.23609012 0.85706335
vn 0.8382386 0.39775032 0.37302917
vn 0.8699306 -0.2043981 0.44882303
vn 0.95416707 0.29927438 -0
vn 0.96358883 -0.2673887 -0
vn 0.9016226 0.42944235 0.05153594
vn 0.80654657 -0.39455026 0.4402417
vn 0.8382386 0.39775032 -0.37302917
vn 0.80654657 -0.23609012 -0.54198164
vn 0.7114705 0.2709822 -0.6483659
vn 0.7431625 -0.36285824 -0.56217736
vn 0.93203753 -0.36236173 -0
vn 0.8699306 0.04913801 0.49072003
vn 0.9901393 -0.14008607 -0
vn 0.9016226 -0.014245987 -0.43228894
vn 0.5213183 0.8414386 -0.1421559
vn 0.640014 0.76836324 -0
vn 0.9016226 0.42944235 0.05153594
vn 0.77485454 0.5879025 0.23231684
vn 0.95416707 0.29927438 -0
vn -0.52451843 -0.23609012 0.8180109
vn 0.23609012 0.55621046 0.79680073
vn -0.5879025 -0.4262423 0.6875232
vn -0.2709822 -0.014245987 -0.96247894
vn -0.46113437 -0.10932207 -0.8805701
vn -0.80974656 -0.55301034 -0.19618891
vn 0.9333146 0.33436626 0.13085502
vn 0.80654657 0.112522066 -0.5803632
vn 0.8382386 0.3660583 -0.40417495
vn 0.9896937 0.14320053 -0
vn 0.8382386 0.23929018 0.4899962
vn 0.9901393 -0.14008607 -0
vn 0.77485454 -0.17270613 -0.6080897
vn 0.8382386 -0.17270613 -0.5172317
vn 0.8382386 0.08083004 0.5392797
vn 0.55301034 0.23929018 0.7980725
vn 0.3311662 0.08083004 0.94010395
vn 0.80654657 -0.1410141 0.574106
vn 0.45793432 -0.2043981 0.8651691
vn 0.5213183 -0.07763004 0.84982395
vn 0.96500665 -0.23609012 -0.114121154
vn 0.55301034 0.80974656 -0.19618884
vn 0.6480864 0.7463625 -0.1514166
vn 0.5847024 0.77805454 0.22968301
vn 0.8699306 -0.1410141 0.47258407
vn 0.45793432 0.68297845 0.5690664
vn -0.52451843 0.1442141 0.83909637
vn -0.39775032 0.8414386 0.3657537
vn -0.30267423 0.80974656 0.50269157
vn -0.8414386 0.017445982 0.54007107
vn -0.9998986 -0.014245985 -0
vn -0.52451843 0.8414386 -0.12985206
vn -0.8731306 -0.014245987 -0.48727813
vn -0.52451843 0.8414386 -0.12985206
vn -0.52451843 0.1442141 0.83909637
vn -0.8414386 -0.17270613 0.51200944
vn -0.8414386 0.017445982 0.54007107
vn -0.52451843 -0.2043981 0.82649976
vn -0.7463625 0.112522066 0.6559587
vn -0.2709822 0.1442141 0.95171994
vn -0.68297845 0.33436626 0.64941484
vn -0.23929018 0.30267423 0.9225663
vn -0.08083004 -0.23609012 0.9683635
vn 0.3311662 0.08083004 0.94010395
vn 0.045938015 0.2709822 0.96148753
vn 0.55301034 0.23929018 0.7980725
vn 0.45793432 -0.2043981 0.8651691
vn -0.017445982 0.1442141 0.9893927
vn 0.5213183 -0.07763004 0.84982395
vn 0.45793432 0.68297845 0.5690664
vn 0.1410141 0.80974656 0.56958365
vn -0.30267423 0.80974656 0.50269157
vn -0.8414386 -0.17270613 0.51200944
vn -0.9998986 -0.014245985 -0
vn -0.8414386 0.017445982 0.54007107
vn -0.9682067 -0.1410141 -0.20661747
vn -0.8414386 -0.17270613 -0.51200944
vn -0.8731306 -0.014245987 -0.48727813
vn -0.7146705 0.112522066 -0.6903513
vn -0.98975855 0.14275159 -0
vn -0.7463625 0.112522066 0.6559587
vn -0.6195944 0.55621046 -0.55383456
vn -0.68297845 0.33436626 0.64941484
vn -0.8731306 0.46113437 0.15810768
vn -0.7146705 0.112522066 -0.6903513
vn -0.6195944 0.55621046 -0.55383456
vn -0.17590612 0.55621046 -0.81221116
vn -0.17590612 0.1442141 -0.97378606
vn -0.46113437 -0.17270613 -0.8703607
vn -0.8414386 -0.17270613 -0.51200944
vn -0.42944235 0.08083004 -0.89946973
vn -0.8731306 -0.014245987 -0.48727813
vn -0.23929018 0.7146705 -0.65725666
vn -0.17590612 -0.17270613 -0.96913856
vn -0.017445982 0.1442141 -0.9893927
vn 0.17270613 0.77805454 -0.60398984
vn 0.36285824 0.08083004 -0.9283321
vn 0.17270613 0.52451843 -0.8336984
vn 0.5847024 0.42944235 -0.68826044
vn 0.36285824 -0.2043981 -0.9091509
vn 0.5213183 -0.07763004 -0.84982395
vn 0.45793432 0.68297845 -0.5690664
vn 0.55301034 0.80974656 -0.19618884
vn 0.8382386 -0.17270613 -0.5172317
vn 0.77485454 -0.17270613 -0.6080897
vn 0.80654657 0.112522066 -0.5803632
vn 0.8382386 0.3660583 -0.40417495
vn 0.17270613 0.9682067 -0.18096502
vn 0.1410141 0.80974656 0.56958365
vn -0.30267423 0.80974656 0.50269157
vn 0.29947418 0.9365147 -0.18236078
vn 0.45793432 0.68297845 0.5690664
vn 0.5847024 0.77805454 0.22968301
vn 0.6480864 0.7463625 -0.1514166
vn -0.017445093 0.9998478 -0
vn 0.07740497 0.9969997 -0
vn 0.55301034 0.80974656 -0.19618884
vn 0.45793432 0.68297845 -0.5690664
vn 0.26778215 0.9365147 0.22634706
vn 0.17270613 0.77805454 -0.60398984
vn -0.23929018 0.7146705 -0.65725666
vn -0.8731306 -0.045938015 -0.48531705
vn -0.68297845 0.5879025 -0.43348712
vn -0.77805454 0.6195944 0.10360469
vn -0.9998478 0.017445093 -0
vn -0.6195944 0.6195944 0.48187715
vn -0.8731306 -0.10932207 0.47507012
vn -0.8731306 -0.1410141 -0.46664545
vn -0.99020135 -0.1396465 -0
vn -0.8731306 -0.1410141 0.46664545
vn -0.8731306 -0.045938015 0.48531705
vn -0.9989463 -0.045894258 -0
vn -0.8731306 -0.045938015 -0.48531705
vn -0.8414386 -0.014245987 -0.54016495
vn -0.9998986 -0.014245985 -0
vn -0.8731306 -0.014245987 0.48727813
vn -0.8731306 -0.10932207 0.47507012
vn -0.6195944 0.6195944 0.48187715
vn -0.23929018 0.7146705 0.65725666
vn -0.4928264 -0.045938015 0.8689142
vn 0.10932207 0.7463625 0.65649956
vn -0.52451843 -0.1410141 0.8396401
vn -0.8731306 -0.1410141 0.46664545
vn 0.014245987 -0.2043981 0.9787842
vn 0.45793432 -0.17270613 0.87204856
vn 0.36285824 0.8414386 0.4003936
vn 0.55301034 0.7146705 0.42828223
vn 0.8382386 0.1442141 0.52588814
vn 0.7431625 -0.45793432 0.48785824
vn 0.8382386 -0.23609012 0.49154606
vn -0.017445982 -0.1410141 0.98985386
vn -0.4928264 -0.045938015 0.8689142
vn -0.8731306 -0.045938015 0.48531705
vn -0.8731306 -0.014245987 0.48727813
vn -0.46113437 0.017445982 0.8871588
vn -0.017445982 -0.045938015 0.99879193
vn 0.07763004 0.017445982 0.99682957
vn 0.45793432 0.04913801 0.88762695
vn 0.45793432 -0.23609012 0.85706335
vn 0.48962635 -0.045938015 0.8707214
vn 0.8699306 -0.07763004 0.48702595
vn 0.8699306 0.1442141 0.47161743
vn -0.8731306 -0.045938015 -0.48531705
vn -0.23929018 0.6195944 -0.74755806
vn -0.68297845 0.5879025 -0.43348712
vn -0.46113437 -0.10932207 -0.8805701
vn -0.52451843 -0.2043981 -0.82649976
vn -0.8731306 -0.1410141 -0.46664545
vn -0.4928264 -0.045938015 -0.8689142
vn -0.8731306 -0.045938015 -0.48531705
vn -0.8414386 -0.014245987 -0.54016495
vn -0.5879025 -0.014245987 -0.80880636
vn -0.23929018 0.6195944 -0.74755806
vn -0.33436626 0.90482265 -0.26361942
vn -0.68297845 0.5879025 -0.43348712
vn -0.017445982 0.90482265 -0.42543113
vn 0.10932207 0.5879025 -0.80151063
vn 0.1410141 0.9365147 -0.32102218
vn 0.4262423 0.68297845 -0.5931762
vn 0.10868547 0.9940762 -0
vn 0.67977846 0.68297845 -0.26728582
vn 0.07740497 0.9969997 -0
vn 0.6480864 0.7463625 0.1514166
vn 0.07740497 0.9969997 -0
vn 0.55301034 0.7146705 0.42828223
vn 0.10868547 0.9940762 -0
vn 0.045894258 0.9989463 -0
vn 0.36285824 0.8414386 0.4003936
vn 0.1410141 0.9682067 0.20661741
vn 0.10932207 0.7463625 0.65649956
vn 0.07763004 0.9682067 0.23780099
vn -0.23929018 0.7146705 0.65725666
vn -0.6195944 0.6195944 0.48187715
vn -0.17590612 0.90482265 0.3877538
vn -0.3660583 0.90482265 0.21747942
vn -0.77805454 0.6195944 0.10360469
vn -0.68297845 0.5879025 -0.43348712
vn -0.33436626 0.90482265 -0.26361942
vn -0.46113437 -0.10932207 -0.8805701
vn 0.10932207 0.5879025 -0.80151063
vn -0.23929018 0.6195944 -0.74755806
vn -0.017445982 -0.2043981 -0.9787324
vn 0.4262423 0.68297845 -0.5931762
vn -0.52451843 -0.2043981 -0.82649976
vn 0.45793432 -0.23609012 -0.85706335
vn -0.017445982 -0.2043981 -0.9787324
vn -0.017445982 -0.045938015 -0.99879193
vn -0.4928264 -0.045938015 -0.8689142
vn 0.45793432 -0.29947418 -0.8370253
vn 0.8382386 -0.26778215 -0.47502503
vn 0.80654657 -0.29947418 -0.5097037
vn 0.48962635 -0.045938015 -0.8707214
vn -0.08083004 0.017445982 -0.99657524
vn -0.5879025 -0.014245987 -0.80880636
vn 0.5213183 0.112522066 -0.8459113
vn 0.45793432 -0.23609012 -0.85706335
vn 0.67977846 0.68297845 -0.26728582
vn 0.4262423 0.68297845 -0.5931762
vn 0.8382386 -0.26778215 -0.47502503
vn 0.6480864 0.7463625 0.1514166
vn 0.96358883 -0.2673887 -0
vn 0.55301034 0.7146705 0.42828223
vn 0.8382386 0.1442141 0.52588814
vn 0.7431625 -0.45793432 0.48785824
vn 0.80654657 -0.29947418 -0.5097037
vn 0.9333146 -0.3311662 -0.13875438
vn 0.8382386 -0.23609012 0.49154606
vn 0.8699306 -0.07763004 0.48702595
vn 0.8699306 -0.07763004 -0.48702595
vn 0.45793432 -0.29947418 -0.8370253
vn 0.48962635 -0.045938015 -0.8707214
vn 0.9966987 -0.07763004 0.023776326
vn 0.8699306 0.1442141 0.47161743
vn 0.9847805 0.1738027 -0
vn 0.9016226 0.17590612 -0.3951376
vn 0.5213183 0.112522066 -0.8459113
vn 0.23609012 0.33436626 0.9123928
vn 0.77485454 0.23929018 0.58509886
vn 0.8382386 0.017445982 0.5450245
vn 0.26778215 0.112522066 0.95688635
vn -0.33436626 0.33436626 0.88113475
vn 0.17270613 -0.014245987 0.9848704
vn 0.8699306 -0.045938015 0.49102992
vn -0.52451843 0.017445982 0.85122037
vn -0.46113437 0.112522066 0.88016695
vn -0.90482265 0.30267423 0.29947338
vn -0.9365147 0.112522066 0.33208287
vn 0.8699306 -0.045938015 0.49102992
vn 0.23609012 0.46113437 0.85534585
vn 0.80654657 0.42944235 0.40627813
vn 0.29947418 -0.014245987 0.953998
vn -0.4928264 0.46113437 0.737887
vn -0.46113437 -0.014245987 0.8872159
vn 0.29947418 -0.10932207 0.9478206
vn 0.8382386 -0.1410141 0.5267553
vn -0.4928264 -0.10932207 0.8632328
vn -0.9682067 0.017445982 0.24954237
vn -0.9365147 -0.07763004 0.34192663
vn -0.77805454 0.55621046 0.291995
vn -0.08083004 0.55621046 0.82710123
vn 0.7431625 0.52451843 0.41543943
vn 0.96500665 -0.045938015 -0.25817025
vn 0.80654657 0.42944235 0.40627813
vn 0.9016226 0.3660583 -0.23038666
vn 0.8699306 -0.045938015 0.49102992
vn 0.8382386 -0.1410141 0.5267553
vn 0.96500665 -0.1410141 -0.22108191
vn 0.7431625 0.52451843 0.41543943
vn 0.7431625 0.4928264 -0.4525833
vn -0.8731306 -0.014245987 -0.48727813
vn -0.23929018 0.30267423 -0.9225663
vn -0.77805454 0.3660583 -0.51052177
vn -0.2709822 -0.014245987 -0.96247894
vn 0.45793432 0.33436626 -0.8237083
vn -0.8731306 -0.045938015 -0.48531705
vn 0.5213183 -0.045938015 -0.8521249
vn 0.9016226 0.3660583 -0.23038666
vn 0.96500665 -0.045938015 -0.25817025
vn 0.96500665 -0.1410141 -0.22108191
vn -0.20759815 -0.10932207 -0.97208625
vn 0.48962635 -0.17270613 -0.85465705
vn 0.7431625 0.4928264 -0.4525833
vn -0.08083004 0.46113437 -0.88364106
vn -0.7463625 0.46113437 -0.47989386
vn -0.8731306 -0.014245987 -0.48727813
vn -0.77805454 0.3660583 -0.51052177
vn -0.90482265 0.39775032 0.15195616
vn -0.9682067 0.017445982 0.24954237
vn -0.4928264 0.46113437 0.737887
vn -0.46113437 -0.014245987 0.8872159
vn -0.8731306 -0.045938015 -0.48531705
vn -0.9365147 -0.07763004 0.34192663
vn -0.7463625 0.46113437 -0.47989386
vn -0.77805454 0.55621046 0.291995
vn 0.96500665 0.017445982 -0.26164445
vn 0.9966987 0.04913801 -0.06463121
vn 0.4262423 0.17590612 -0.88734126
vn 0.45793432 0.04913801 -0.88762695
vn 0.9016226 0.33436626 -0.27436453
vn 0.48962635 0.23929018 -0.83845466
vn -0.20759815 0.23929018 -0.9484952
vn -0.08083004 0.46113437 -0.88364106
vn 0.7431625 0.4928264 -0.4525833
vn -0.7463625 0.46113437 -0.47989386
vn -0.8731306 0.1442141 -0.46566644
vn -0.2709822 0.08083004 -0.9591846
vn -0.8414386 0.112522066 -0.52850723
vn -0.8414386 0.112522066 -0.52850723
vn -0.23929018 0.1442141 -0.9601784
vn -0.77805454 0.39775032 -0.4862364
vn -0.1442141 0.52451843 -0.83909637
vn 0.39455026 0.5879025 -0.7061875
vn 0.8382386 0.112522066 0.533568
vn 0.7431625 0.52451843 0.41543943
vn 0.7431625 0.4928264 -0.4525833
vn 0.9966987 0.04913801 -0.06463121
vn 0.4262423 0.17590612 -0.88734126
vn 0.8699306 0.017445982 0.49286544
vn 0.96500665 0.017445982 -0.26164445
vn 0.80654657 0.39775032 0.43735266
vn 0.9016226 0.33436626 -0.27436453
vn 0.80654657 0.52451843 0.27269596
vn 0.77485454 0.55621046 -0.30038372
vn 0.6163944 0.42944235 0.66002816
vn -0.8731306 0.1442141 -0.46566644
vn -0.7463625 0.46113437 -0.47989386
vn -0.77805454 0.55621046 0.291995
vn -0.90482265 0.23929018 0.35218772
vn -0.8414386 0.112522066 -0.52850723
vn -0.9682067 0.08083004 0.23673247
vn -0.9682067 0.112522066 0.22341563
vn -0.8414386 0.112522066 -0.52850723
vn -0.90482265 0.23929018 0.35218772
vn -0.77805454 0.39775032 -0.4862364
vn -0.90482265 0.23929018 0.35218772
vn -0.77805454 0.55621046 0.291995
vn -0.08083004 0.55621046 0.82710123
vn -0.4928264 0.17590612 0.85216147
vn -0.9682067 0.08083004 0.23673247
vn 0.3311662 0.08083004 0.94010395
vn 0.7431625 0.52451843 0.41543943
vn 0.8382386 0.112522066 0.533568
vn -0.4928264 0.08083004 0.8663652
vn -0.9682067 0.112522066 0.22341563
vn 0.3311662 0.04913801 0.9422921
vn 0.8699306 0.017445982 0.49286544
vn 0.80654657 0.39775032 0.43735266
vn 0.26778215 0.2709822 0.92458713
vn 0.6163944 0.42944235 0.66002816
vn 0.26778215 0.3660583 0.8912318
vn -0.3660583 0.23929018 0.8993006
vn -0.42944235 0.17590612 0.885797
vn -0.90482265 0.23929018 0.35218772
vn 0.23609012 0.46113437 0.85534585
vn 0.8699306 0.17590612 0.46073607
vn 0.80654657 0.42944235 0.40627813
vn 0.23609012 0.17590612 0.955677
vn 0.8699306 -0.045938015 0.49102992
vn -0.4928264 0.46113437 0.737887
vn 0.17270613 -0.014245987 0.9848704
vn -0.4928264 0.23929018 0.8365778
vn -0.90482265 0.39775032 0.15195616
vn -0.52451843 0.017445982 0.85122037
vn -0.9365147 0.23929018 0.25628197
vn -0.9682067 0.04913801 0.24527784
vn 0.80654657 0.42944235 0.40627813
vn 0.96500665 0.17590612 -0.19447164
vn 0.9016226 0.3660583 -0.23038666
vn 0.8699306 0.17590612 0.46073607
vn 0.77485454 -0.045938015 -0.6304682
vn 0.8699306 -0.045938015 0.49102992
vn 0.48962635 0.20759815 -0.8468583
vn 0.9016226 0.3660583 -0.23038666
vn 0.96500665 0.17590612 -0.19447164
vn 0.48962635 0.20759815 -0.8468583
vn 0.45793432 0.33436626 -0.8237083
vn -0.20759815 0.23929018 -0.9484952
vn -0.23929018 0.30267423 -0.9225663
vn -0.20759815 0.017445982 -0.97805864
vn 0.77485454 -0.045938015 -0.6304682
vn -0.90482265 0.08083004 -0.41804606
vn -0.8414386 0.23929018 -0.48448044
vn -0.77805454 0.3660583 -0.51052177
vn -0.77805454 0.3660583 -0.51052177
vn -0.9365147 0.23929018 0.25628197
vn -0.90482265 0.39775032 0.15195616
vn -0.8414386 0.23929018 -0.48448044
vn -0.9682067 0.04913801 0.24527784
vn -0.90482265 0.08083004 -0.41804606
vn -0.20759815 0.017445982 -0.97805864
vn -0.80974656 0.112522066 -0.57589
vn -0.90482265 0.08083004 -0.41804606
vn -0.17590612 0.112522066 -0.9779549
vn 0.77485454 -0.045938015 -0.6304682
vn -0.77805454 0.30267423 -0.550472
vn 0.4262423 0.08083004 -0.9009906
vn -0.17590612 0.3660583 -0.91381526
vn 0.4262423 0.30267423 -0.85247046
vn 0.96500665 0.017445982 -0.26164445
vn -0.30267423 0.9365147 -0.17699875
vn 0.9016226 0.23929018 -0.3603011
vn -0.9682067 0.04913801 0.24527784
vn -0.46113437 0.112522066 0.88016695
vn -0.52451843 0.017445982 0.85122037
vn -0.9365147 0.112522066 0.33208287
vn -0.90482265 0.08083004 -0.41804606
vn -0.80974656 0.112522066 -0.57589
vn -0.90482265 0.30267423 0.29947338
vn -0.77805454 0.30267423 -0.550472
vn -0.30267423 0.9365147 -0.17699875
vn -0.33436626 0.33436626 0.88113475
vn 0.9016226 0.33436626 -0.27436453
vn 0.48962635 0.23929018 -0.83845466
vn 0.39455026 0.5879025 -0.7061875
vn 0.77485454 0.55621046 -0.30038372
vn 0.6480864 -0.10932207 0.7536794
vn 0.6163944 0.42944235 0.66002816
vn 0.80654657 0.52451843 0.27269596
vn 0.26778215 0.3660583 0.8912318
vn 0.17270613 -0.045938015 0.98390156
vn 0.17270613 -0.1410141 0.97482693
vn 0.7114705 -0.23609012 0.66186947
vn -0.42944235 -0.045938015 0.90192515
vn -0.3660583 0.23929018 0.8993006
vn 0.23609012 0.04913801 0.97048795
vn 0.77485454 -0.045938015 0.6304682
vn -0.30267423 0.04913801 0.9518266
vn -0.4928264 -0.17270613 0.85281575
vn -0.8414386 -0.045938015 0.5383965
vn -0.90482265 -0.23609012 0.35434088
vn -0.90482265 -0.1410141 0.4017599
vn -0.90482265 0.23929018 0.35218772
vn 0.7431625 -0.2043981 -0.6371271
vn 0.77485454 0.55621046 -0.30038372
vn 0.39455026 0.5879025 -0.7061875
vn 0.2043981 -0.07763004 -0.9758048
vn -0.1442141 0.52451843 -0.83909637
vn 0.23609012 -0.26778215 -0.9341061
vn 0.77485454 -0.23609012 -0.5863974
vn -0.4928264 0.017445982 -0.86995274
vn -0.77805454 0.39775032 -0.4862364
vn -0.9365147 -0.10932207 -0.33315
vn -0.8731306 -0.26778215 -0.40735203
vn -0.4928264 -0.23609012 -0.83748645
vn -0.8414386 -0.07763004 -0.5347473
vn -0.46113437 -0.10932207 -0.8805701
vn 0.3311662 -0.10932207 -0.937218
vn 0.80654657 -0.045938015 -0.589383
vn -0.8731306 -0.26778215 -0.40735203
vn -0.9989463 -0.045894258 -0
vn -0.8414386 -0.07763004 -0.5347473
vn -0.90482265 -0.23609012 0.35434088
vn -0.8414386 -0.045938015 0.5383965
vn -0.90482265 -0.1410141 0.4017599
vn -0.9365147 -0.10932207 -0.33315
vn -0.90482265 0.23929018 0.35218772
vn -0.77805454 0.39775032 -0.4862364
vn 0.045938015 -0.10932207 0.9929443
vn -0.2709822 -0.29947418 0.9148136
vn -0.33436626 -0.26778215 0.90359944
vn 0.07763004 -0.26778215 0.96034694
vn -0.42944235 0.112522066 0.89605695
vn 0.4262423 -0.29947418 0.85359985
vn 0.4262423 -0.1410141 0.8935505
vn 0.8382386 0.04913801 0.54308516
vn 0.80654657 -0.29947418 0.5097037
vn 0.80654657 -0.045938015 0.589383
vn 0.39455026 0.08083004 0.9153123
vn 0.77485454 0.33436626 0.53646964
vn -0.04913801 0.112522066 0.9924335
vn -0.46113437 0.3660583 0.8083046
vn 0.36285824 0.33436626 0.8697891
vn 0.77485454 0.39775032 0.49131978
vn 0.4262423 0.3660583 0.82723564
vn -0.08083004 0.33436626 0.93897057
vn -0.112522066 0.3660583 0.9237641
vn -0.4928264 0.42944235 0.75677043
vn -0.68297845 -0.045938015 0.7289925
vn -0.33436626 -0.26778215 0.90359944
vn -0.2709822 -0.29947418 0.9148136
vn -0.80974656 -0.2043981 0.55002904
vn -0.42944235 0.112522066 0.89605695
vn -0.9365147 -0.1410141 0.3210222
vn -0.8414386 0.33436626 0.4244765
vn -0.46113437 0.3660583 0.8083046
vn -0.4928264 0.42944235 0.75677043
vn -0.80974656 0.42944235 0.3998622
vn -0.9682067 -0.23609012 -0.08268743
vn -0.9365147 0.33436626 -0.10554357
vn -0.90482265 0.39775032 0.15195616
vn -0.80974656 0.39775032 -0.43139914
vn -0.77805454 0.3660583 -0.51052177
vn -0.46113437 0.42944235 -0.7764885
vn -0.46113437 0.42944235 -0.7764885
vn -0.80974656 -0.17270613 -0.5607879
vn -0.42944235 -0.07763004 -0.89975154
vn -0.9365147 -0.3311662 -0.11519195
vn -0.9682067 0.17590612 -0.17785612
vn -0.7146705 0.2709822 -0.644837
vn -0.80974656 -0.29947418 -0.5046045
vn -0.42944235 -0.17270613 -0.88642645
vn 0.80654657 0.39775032 -0.43735266
vn 0.014245987 0.77805454 -0.6280352
vn 0.39455026 0.3660583 -0.8428116
vn 0.39455026 0.90482265 -0.16008143
vn 0.9333146 0.33436626 -0.13085502
vn 0.45793432 0.8731306 -0.16714987
vn 0.8382386 0.04913801 0.54308516
vn -0.17590612 0.9682067 0.17785607
vn -0.2709822 0.8414386 -0.46749303
vn -0.112522066 0.5879025 -0.8010677
vn -0.20759815 0.9682067 -0.13956626
vn -0.2709822 0.9365147 -0.22250588
vn 0.3311662 0.9365147 0.11519195
vn 0.4262423 -0.1410141 0.8935505
vn 0.17270613 0.8414386 0.51200944
vn -0.112522066 0.8414386 0.52850723
vn -0.111827604 0.99372756 -0
vn 0.045938015 -0.10932207 0.9929443
vn -0.17590612 0.9682067 0.17785607
vn -0.33436626 -0.26778215 0.90359944
vn -0.112522066 0.9682067 0.22341561
vn -0.23929018 0.7463625 0.621034
vn -0.20759815 0.77805454 0.59290314
vn -0.68297845 -0.045938015 0.7289925
vn 0.2043981 0.9365147 0.2848889
vn -0.9365147 -0.1410141 0.3210222
vn -0.42944235 0.8731306 0.23069945
vn 0.014245985 0.9998986 -0
vn -0.9682067 0.17590612 -0.17785612
vn -0.3640509 0.931379 -0
vn -0.7146705 0.2709822 -0.644837
vn 0.07740497 0.9969997 -0
vn -0.17590612 0.8731306 -0.45464268
vn 0.2043981 0.8414386 -0.5002025
vn 0.014245987 0.5879025 -0.80880636
vn -0.017445982 0.5879025 -0.80874366
vn 0.014245987 0.8731306 -0.48727813
vn -0.2709822 0.8414386 -0.46749303
vn -0.112522066 0.5879025 -0.8010677
vn -0.42944235 -0.17270613 -0.88642645
vn -0.17590612 0.8731306 -0.45464268
vn -0.7146705 0.2709822 -0.644837
vn 0.014245987 0.5879025 -0.80880636
vn -0.017445982 0.5879025 -0.80874366
vn -0.017445982 -0.07763004 -0.99682957
vn -0.42944235 -0.07763004 -0.89975154
vn 0.36285824 -0.17270613 -0.9157
vn -0.112522066 0.5879025 -0.8010677
vn 0.55301034 -0.29947418 -0.7774926
vn 0.45793432 0.017445982 -0.8888148
vn -0.017445982 0.017445982 -0.9996956
vn 0.45793432 0.42944235 -0.77838
vn -0.46113437 0.42944235 -0.7764885
vn -0.017445982 0.42944235 -0.9029258
vn 0.4262423 0.42944235 -0.7961764
vn -0.04913801 0.46113437 -0.88596874
vn -0.46113437 0.42944235 -0.7764885
vn 0.77485454 0.42944235 -0.46387467
vn 0.45793432 0.42944235 -0.77838
vn 0.4262423 0.42944235 -0.7961764
vn 0.80654657 0.39775032 -0.43735266
vn 0.45793432 0.017445982 -0.8888148
vn 0.8699306 -0.07763004 -0.48702595
vn 0.8382386 -0.39455026 -0.3764122
vn 0.55301034 -0.29947418 -0.7774926
vn 0.36285824 -0.17270613 -0.9157
vn 0.55301034 -0.29947418 -0.7774926
vn 0.8382386 -0.39455026 -0.3764122
vn 0.67977846 -0.4262423 -0.5968407
vn 0.8699306 -0.36285824 -0.3339979
vn 0.9016226 -0.4262423 -0.073445156
vn 0.80654657 0.39775032 -0.43735266
vn 0.9333146 0.33436626 -0.13085502
vn 0.8382386 0.04913801 0.54308516
vn 0.80654657 -0.29947418 0.5097037
vn 0.93203753 -0.36236173 -0
vn 0.8699306 -0.07763004 -0.48702595
vn 0.9853171 -0.17073396 -0
vn 0.80654657 -0.045938015 0.589383
vn 0.77485454 0.33436626 0.53646964
vn 0.9309553 0.36513293 -0
vn 0.80654657 0.39775032 -0.43735266
vn 0.77485454 0.42944235 -0.46387467
vn 0.89031255 0.45534986 -0
vn 0.77485454 0.39775032 0.49131978
vn 0.39455026 0.3660583 -0.8428116
vn 0.014245987 0.77805454 -0.6280352
vn -0.112522066 0.5879025 -0.8010677
vn 0.36285824 -0.17270613 -0.9157
vn 0.67977846 -0.4262423 -0.5968407
vn 0.8699306 -0.36285824 -0.3339979
vn 0.80654657 0.39775032 -0.43735266
vn 0.2043981 0.30267423 -0.93091875
vn 0.48962635 0.1442141 -0.8599234
vn -0.017445982 0.08083004 -0.99657524
vn 0.36285824 -0.1410141 -0.9211129
vn 0.7114705 0.2709822 -0.6483659
vn 0.80654657 -0.23609012 -0.54198164
vn 0.39455026 -0.36285824 -0.8441943
vn 0.014245987 -0.045938015 -0.9988427
vn 0.7431625 -0.36285824 -0.56217736
vn 0.9016226 -0.014245987 -0.43228894
vn 0.07763004 -0.36285824 -0.9286051
vn -0.2709822 -0.014245987 -0.96247894
vn -0.46113437 -0.10932207 -0.8805701
vn 0.5213183 0.017445982 -0.8531839
vn 0.5213183 0.8414386 -0.1421559
vn 0.29947418 0.8414386 -0.44977364
vn -0.23929018 0.8731306 -0.42471537
vn -0.112522066 0.2709822 -0.95598507
vn -0.42944235 0.80974656 -0.39986226
vn -0.8731306 -0.3311662 -0.35773158
vn -0.33436626 0.80974656 -0.48219264
vn -0.8731306 -0.45793432 0.16714992
vn -0.80974656 -0.55301034 -0.19618891
vn -0.8731306 -0.3311662 -0.35773158
vn -0.99020135 -0.1396465 -0
vn -0.8414386 -0.29947418 0.44977364
vn -0.77805454 -0.48962635 0.3935698
vn -0.33436626 0.9365147 -0.105543606
vn 0.17270613 0.9365147 -0.30514395
vn 0.3311662 0.90482265 -0.26762834
vn -0.33436626 0.80974656 -0.48219264
vn -0.8731306 -0.3311662 -0.35773158
vn -0.99020135 -0.1396465 -0
vn -0.42944235 0.80974656 -0.39986226
vn 0.17270613 0.9365147 -0.30514395
vn -0.33436626 0.80974656 -0.48219264
vn -0.26952323 0.96299386 -0
vn -0.23929018 0.8731306 -0.42471537
vn -0.33436626 0.90482265 0.26361942
vn 0.29947418 0.8414386 -0.44977364
vn -0.112522066 0.9682067 0.22341561
vn -0.08083004 0.9365147 0.34118432
vn 0.5213183 0.8414386 -0.1421559
vn 0.640014 0.76836324 -0
vn 0.014245985 0.9998986 -0
vn -0.111827604 0.99372756 -0
vn 0.4262423 0.8731306 0.23655967
vn 0.9901393 -0.14008607 -0
vn -0.23929018 0.9682067 0.07291063
vn 0.8699306 0.04913801 0.49072003
vn 0.10932207 0.8414386 0.5291784
vn 0.45793432 0.17590612 0.8714087
vn -0.08083004 -0.26778215 0.96008295
vn 0.2043981 0.7146705 0.6689302
vn 0.29947418 0.9365147 0.18236078
vn 0.014245987 0.90482265 0.42555028
vn 0.45793432 0.8731306 -0.16714987
vn -0.46113437 0.8414386 0.28166676
vn 0.2043981 0.9682067 -0.14421232
vn 0.3311662 0.90482265 -0.26762834
vn -0.33436626 0.9365147 -0.105543606
vn -0.8414386 -0.29947418 0.44977364
vn -0.52451843 -0.07763004 0.8478526
vn -0.99020135 -0.1396465 -0
vn 0.45793432 0.17590612 0.8714087
vn 0.8699306 0.04913801 0.49072003
vn 0.80654657 -0.39455026 0.4402417
vn 0.5213183 -0.4262423 0.7392866
vn -0.08083004 -0.26778215 0.96008295
vn 0.45793432 -0.23609012 0.85706335
vn 0.8699306 -0.2043981 0.44882303
vn 0.8382386 0.39775032 0.37302917
vn 0.10932207 -0.29947418 0.9478206
vn 0.07763004 -0.014245987 0.9968804
vn 0.36285824 0.112522066 0.9250258
vn -0.52451843 -0.23609012 0.8180109
vn -0.5879025 -0.4262423 0.6875232
vn -0.52451843 -0.07763004 0.8478526
vn 0.014245987 0.90482265 0.42555028
vn 0.2043981 0.7146705 0.6689302
vn -0.8414386 -0.29947418 0.44977364
vn -0.77805454 -0.48962635 0.3935698
vn 0.8382386 0.39775032 -0.37302917
vn 0.7114705 0.2709822 -0.6483659
vn 0.5213183 0.5879025 -0.61854494
vn 0.67977846 0.68297845 -0.26728582
vn 0.8382386 0.39775032 -0.37302917
vn 0.77485454 0.5879025 0.23231684
vn 0.9016226 0.42944235 0.05153594
vn 0.67977846 0.68297845 -0.26728582
vn 0.9333146 0.33436626 -0.13085502
vn 0.5213183 0.5879025 -0.61854494
vn 0.7114705 0.33436626 -0.61806875
vn 0.9333146 0.30267423 0.19316351
vn 0.80654657 0.4928264 0.3265039
vn 0.95416707 0.29927438 -0
vn 0.8382386 0.39775032 0.37302917
vn 0.36285824 0.112522066 0.9250258
vn -0.90482265 -0.17270613 0.38918966
vn -0.8731306 0.17590612 0.45464268
vn -0.46113437 0.17590612 0.86971956
vn -0.5879025 -0.10932207 0.80151063
vn -0.77805454 -0.07763004 0.6233817
vn 0.07763004 0.23929018 0.9678397
vn 0.014245987 0.80974656 0.5866068
vn 0.23609012 0.55621046 0.79680073
vn -0.52451843 -0.23609012 0.8180109
vn -0.20759815 -0.045938015 0.97713494
vn -0.2709822 -0.07763004 0.9594489
vn 0.07763004 -0.014245987 0.9968804
vn 0.07763004 0.017445982 0.99682957
vn 0.10932207 -0.29947418 0.9478206
vn -0.46113437 0.17590612 0.86971956
vn -0.8731306 0.17590612 0.45464268
vn -0.20759815 0.9682067 0.13956626
vn 0.014245987 0.80974656 0.5866068
vn -0.77805454 -0.48962635 0.3935698
vn 0.23609012 0.55621046 0.79680073
vn -0.5879025 -0.4262423 0.6875232
vn -0.8731306 -0.45793432 0.16714992
vn -0.33436626 0.9365147 -0.105543606
vn -0.23929018 0.9682067 -0.07291063
vn 0.045938015 0.9365147 -0.347606
vn -0.80974656 -0.55301034 -0.19618891
vn -0.2709822 -0.014245987 -0.96247894
vn -0.8731306 0.1442141 -0.46566644
vn -0.46113437 0.20759815 -0.8627039
vn 0.2043981 0.30267423 -0.93091875
vn 0.7114705 0.33436626 -0.61806875
vn 0.5213183 0.5879025 -0.61854494
vn 0.17270613 0.42944235 -0.88642645
vn 0.48962635 0.1442141 -0.8599234
vn 0.7114705 0.2709822 -0.6483659
vn -0.8731306 0.1442141 -0.46566644
vn -0.23929018 0.9682067 -0.07291063
vn -0.33436626 0.9365147 -0.105543606
vn -0.9989463 -0.045894258 -0
vn -0.20759815 0.9682067 0.13956626
vn -0.8731306 0.17590612 0.45464268
vn -0.8731306 -0.10932207 -0.47507012
vn -0.9682067 -0.2043981 0.14421226
vn -0.90482265 -0.17270613 0.38918966
vn -0.77805454 -0.07763004 0.6233817
vn -0.9998986 -0.014245985 -0
vn -0.55621046 -0.07763004 -0.8274077
vn -0.6195944 0.017445982 -0.7847283
vn -0.2709822 -0.014245987 -0.96247894
vn 0.045938015 0.9365147 -0.347606
vn -0.46113437 0.20759815 -0.8627039
vn 0.014245987 0.112522066 -0.9935471
vn 0.014245987 -0.045938015 -0.9988427
vn -0.17590612 0.017445982 -0.98425233
vn -0.017445982 0.08083004 -0.99657524
vn -0.17590612 0.04913801 -0.9831798
vn -0.55621046 -0.07763004 -0.8274077
vn -0.6195944 0.017445982 -0.7847283
vn -0.8731306 -0.10932207 -0.47507012
vn -0.8731306 0.1442141 -0.46566644
vn 0.80654657 -0.045938015 -0.589383
vn 0.9966987 -0.07763004 0.023776326
vn 0.96358883 -0.2673887 -0
vn 0.77485454 -0.045938015 0.6304682
vn 0.77485454 -0.23609012 -0.5863974
vn 0.7114705 -0.23609012 0.66186947
vn 0.96358883 -0.2673887 -0
vn 0.7431625 -0.2043981 -0.6371271
vn 0.6480864 -0.10932207 0.7536794
vn 0.77485454 0.55621046 -0.30038372
vn 0.80654657 0.52451843 0.27269596
g env_geo_rockspire_02_mesh_0
f 3/3/3 2/2/2 1/1/1
f 6/6/6 5/5/5 4/4/4
f 8/8/8 7/7/7 6/6/6
f 8/8/8 6/6/6 9/9/9
f 10/10/10 8/8/8 9/9/9
f 10/10/10 9/9/9 11/11/11
f 12/12/12 10/10/10 11/11/11
f 13/13/13 10/10/10 12/12/12
f 16/16/16 15/15/15 14/14/14
f 19/19/19 18/18/18 17/17/17
f 22/22/22 21/21/21 20/20/20
f 25/25/25 24/24/24 23/23/23
f 27/27/27 26/26/26 25/25/25
f 27/27/27 28/28/28 26/26/26
f 28/28/28 27/27/27 29/29/29
f 30/30/30 26/26/26 28/28/28
f 31/31/31 28/28/28 29/29/29
f 31/31/31 32/32/32 28/28/28
f 33/33/33 32/32/32 31/31/31
f 28/28/28 32/32/32 34/34/34
f 35/35/35 30/30/30 28/28/28
f 35/35/35 28/28/28 34/34/34
f 36/36/36 30/30/30 35/35/35
f 37/37/37 36/36/36 35/35/35
f 37/37/37 35/35/35 34/34/34
f 38/38/38 37/37/37 34/34/34
f 38/38/38 39/39/39 37/37/37
f 39/39/39 40/40/40 37/37/37
f 43/43/43 42/42/42 41/41/41
f 46/46/46 45/45/45 44/44/44
f 49/49/49 48/48/48 47/47/47
f 52/52/52 51/51/51 50/50/50
f 51/51/51 53/53/53 50/50/50
f 50/50/50 53/53/53 54/54/54
f 55/55/55 53/53/53 51/51/51
f 56/56/56 55/55/55 51/51/51
f 55/55/55 56/56/56 57/57/57
f 53/53/53 58/58/58 54/54/54
f 53/53/53 55/55/55 58/58/58
f 54/54/54 58/58/58 59/59/59
f 59/59/59 58/58/58 60/60/60
f 58/58/58 61/61/61 60/60/60
f 55/55/55 61/61/61 58/58/58
f 61/61/61 62/62/62 60/60/60
f 62/62/62 61/61/61 63/63/63
f 64/64/64 55/55/55 57/57/57
f 61/61/61 55/55/55 64/64/64
f 57/57/57 65/65/65 64/64/64
f 65/65/65 66/66/66 64/64/64
f 64/64/64 66/66/66 67/67/67
f 61/61/61 68/68/68 63/63/63
f 68/68/68 61/61/61 64/64/64
f 68/68/68 64/64/64 67/67/67
f 63/63/63 68/68/68 69/69/69
f 68/68/68 67/67/67 69/69/69
f 72/72/72 71/71/71 70/70/70
f 71/71/71 73/73/73 70/70/70
f 74/74/74 73/73/73 71/71/71
f 75/75/75 74/74/74 71/71/71
f 76/76/76 74/74/74 75/75/75
f 77/77/77 76/76/76 75/75/75
f 80/80/80 79/79/79 78/78/78
f 79/79/79 81/81/81 78/78/78
f 81/81/81 79/79/79 82/82/82
f 81/81/81 82/82/82 83/83/83
f 83/83/83 82/82/82 84/84/84
f 85/85/85 83/83/83 84/84/84
f 81/81/81 86/86/86 78/78/78
f 86/86/86 81/81/81 83/83/83
f 87/87/87 83/83/83 85/85/85
f 88/88/88 87/87/87 85/85/85
f 89/89/89 87/87/87 88/88/88
f 87/87/87 90/90/90 83/83/83
f 90/90/90 86/86/86 83/83/83
f 86/86/86 90/90/90 91/91/91
f 86/86/86 91/91/91 78/78/78
f 90/90/90 92/92/92 91/91/91
f 92/92/92 93/93/93 91/91/91
f 93/93/93 94/94/94 91/91/91
f 91/91/91 94/94/94 78/78/78
f 94/94/94 95/95/95 78/78/78
f 98/98/98 97/97/97 96/96/96
f 97/97/97 99/99/99 96/96/96
f 99/99/99 97/97/97 100/100/100
f 97/97/97 101/101/101 100/100/100
f 99/99/99 100/100/100 102/102/102
f 99/99/99 103/103/103 96/96/96
f 103/103/103 99/99/99 102/102/102
f 103/103/103 104/104/104 96/96/96
f 102/102/102 105/105/105 103/103/103
f 106/106/106 104/104/104 103/103/103
f 105/105/105 107/107/107 103/103/103
f 107/107/107 106/106/106 103/103/103
f 110/110/110 109/109/109 108/108/108
f 111/111/111 110/110/110 108/108/108
f 108/108/108 112/112/112 111/111/111
f 112/112/112 108/108/108 113/113/113
f 114/114/114 112/112/112 113/113/113
f 115/115/115 114/114/114 113/113/113
f 114/114/114 115/115/115 116/116/116
f 117/117/117 112/112/112 114/114/114
f 112/112/112 117/117/117 111/111/111
f 114/114/114 116/116/116 118/118/118
f 118/118/118 117/117/117 114/114/114
f 116/116/116 119/119/119 118/118/118
f 111/111/111 120/120/120 110/110/110
f 120/120/120 121/121/121 110/110/110
f 120/120/120 122/122/122 121/121/121
f 117/117/117 123/123/123 111/111/111
f 123/123/123 117/117/117 118/118/118
f 123/123/123 120/120/120 111/111/111
f 118/118/118 119/119/119 124/124/124
f 124/124/124 123/123/123 118/118/118
f 119/119/119 125/125/125 124/124/124
f 125/125/125 126/126/126 124/124/124
f 126/126/126 127/127/127 124/124/124
f 127/127/127 128/128/128 124/124/124
f 128/128/128 123/123/123 124/124/124
f 123/123/123 128/128/128 120/120/120
f 128/128/128 129/129/129 120/120/120
f 120/120/120 129/129/129 122/122/122
f 130/130/130 122/122/122 129/129/129
f 133/133/133 132/132/132 131/131/131
f 131/131/131 132/132/132 134/134/134
f 132/132/132 135/135/135 134/134/134
f 135/135/135 136/136/136 134/134/134
f 136/136/136 137/137/137 134/134/134
f 137/137/137 138/138/138 134/134/134
f 138/138/138 137/137/137 139/139/139
f 137/137/137 140/140/140 139/139/139
f 140/140/140 141/141/141 139/139/139
f 139/139/139 141/141/141 142/142/142
f 141/141/141 143/143/143 142/142/142
f 143/143/143 144/144/144 142/142/142
f 147/147/147 146/146/146 145/145/145
f 148/148/148 147/147/147 145/145/145
f 149/149/149 147/147/147 148/148/148
f 150/150/150 149/149/149 148/148/148
f 148/148/148 145/145/145 151/151/151
f 150/150/150 148/148/148 152/152/152
f 152/152/152 148/148/148 151/151/151
f 153/153/153 150/150/150 152/152/152
f 154/154/154 153/153/153 152/152/152
f 155/155/155 152/152/152 151/151/151
f 155/155/155 154/154/154 152/152/152
f 156/156/156 155/155/155 151/151/151
f 155/155/155 156/156/156 157/157/157
f 158/158/158 155/155/155 157/157/157
f 154/154/154 155/155/155 158/158/158
f 159/159/159 154/154/154 158/158/158
f 162/162/162 161/161/161 160/160/160
f 163/163/163 162/162/162 160/160/160
f 164/164/164 162/162/162 163/163/163
f 165/165/165 163/163/163 160/160/160
f 166/166/166 165/165/165 160/160/160
f 167/167/167 164/164/164 163/163/163
f 165/165/165 167/167/167 163/163/163
f 164/164/164 167/167/167 168/168/168
f 164/164/164 168/168/168 169/169/169
f 170/170/170 169/169/169 168/168/168
f 171/171/171 170/170/170 168/168/168
f 172/172/172 171/171/171 168/168/168
f 173/173/173 172/172/172 168/168/168
f 168/168/168 167/167/167 174/174/174
f 165/165/165 174/174/174 167/167/167
f 175/175/175 165/165/165 166/166/166
f 176/176/176 175/175/175 166/166/166
f 175/175/175 176/176/176 177/177/177
f 178/178/178 175/175/175 177/177/177
f 175/175/175 179/179/179 165/165/165
f 175/175/175 178/178/178 179/179/179
f 179/179/179 174/174/174 165/165/165
f 178/178/178 180/180/180 179/179/179
f 179/179/179 180/180/180 181/181/181
f 182/182/182 173/173/173 168/168/168
f 182/182/182 168/168/168 174/174/174
f 179/179/179 183/183/183 174/174/174
f 183/183/183 182/182/182 174/174/174
f 173/173/173 182/182/182 183/183/183
f 183/183/183 179/179/179 181/181/181
f 184/184/184 173/173/173 183/183/183
f 184/184/184 183/183/183 181/181/181
f 185/185/185 184/184/184 181/181/181
f 188/188/188 187/187/187 186/186/186
f 187/187/187 189/189/189 186/186/186
f 189/189/189 190/190/190 186/186/186
f 190/190/190 191/191/191 186/186/186
f 190/190/190 192/192/192 191/191/191
f 192/192/192 193/193/193 191/191/191
f 193/193/193 192/192/192 194/194/194
f 192/192/192 195/195/195 194/194/194
f 198/198/198 197/197/197 196/196/196
f 197/197/197 199/199/199 196/196/196
f 196/196/196 199/199/199 200/200/200
f 199/199/199 201/201/201 200/200/200
f 200/200/200 201/201/201 202/202/202
f 201/201/201 203/203/203 202/202/202
f 202/202/202 203/203/203 204/204/204
f 203/203/203 205/205/205 204/204/204
f 204/204/204 205/205/205 206/206/206
f 205/205/205 207/207/207 206/206/206
f 206/206/206 207/207/207 208/208/208
f 207/207/207 209/209/209 208/208/208
f 209/209/209 210/210/210 208/208/208
f 210/210/210 211/211/211 208/208/208
f 211/211/211 210/210/210 212/212/212
f 213/213/213 211/211/211 212/212/212
f 212/212/212 214/214/214 213/213/213
f 214/214/214 215/215/215 213/213/213
f 215/215/215 214/214/214 216/216/216
f 214/214/214 217/217/217 216/216/216
f 217/217/217 218/218/218 216/216/216
f 218/218/218 219/219/219 216/216/216
f 220/220/220 219/219/219 218/218/218
f 221/221/221 220/220/220 218/218/218
f 224/224/224 223/223/223 222/222/222
f 223/223/223 225/225/225 222/222/222
f 223/223/223 226/226/226 225/225/225
f 227/227/227 222/222/222 225/225/225
f 226/226/226 228/228/228 225/225/225
f 229/229/229 227/227/227 225/225/225
f 225/225/225 228/228/228 229/229/229
f 229/229/229 230/230/230 227/227/227
f 230/230/230 231/231/231 227/227/227
f 228/228/228 232/232/232 229/229/229
f 230/230/230 229/229/229 232/232/232
f 232/232/232 228/228/228 233/233/233
f 234/234/234 232/232/232 233/233/233
f 235/235/235 230/230/230 232/232/232
f 230/230/230 236/236/236 231/231/231
f 236/236/236 230/230/230 235/235/235
f 236/236/236 237/237/237 231/231/231
f 238/238/238 236/236/236 235/235/235
f 241/241/241 240/240/240 239/239/239
f 240/240/240 242/242/242 239/239/239
f 240/240/240 243/243/243 242/242/242
f 243/243/243 244/244/244 242/242/242
f 243/243/243 245/245/245 244/244/244
f 245/245/245 246/246/246 244/244/244
f 247/247/247 244/244/244 246/246/246
f 242/242/242 244/244/244 248/248/248
f 249/249/249 244/244/244 247/247/247
f 244/244/244 249/249/249 248/248/248
f 250/250/250 249/249/249 247/247/247
f 250/250/250 251/251/251 249/249/249
f 252/252/252 248/248/248 249/249/249
f 248/248/248 252/252/252 253/253/253
f 252/252/252 254/254/254 253/253/253
f 251/251/251 255/255/255 249/249/249
f 255/255/255 252/252/252 249/249/249
f 251/251/251 256/256/256 255/255/255
f 256/256/256 257/257/257 255/255/255
f 255/255/255 257/257/257 258/258/258
f 252/252/252 255/255/255 258/258/258
f 252/252/252 258/258/258 254/254/254
f 258/258/258 259/259/259 254/254/254
f 262/262/262 261/261/261 260/260/260
f 263/263/263 262/262/262 260/260/260
f 260/260/260 264/264/264 263/263/263
f 262/262/262 263/263/263 265/265/265
f 266/266/266 262/262/262 265/265/265
f 265/265/265 263/263/263 267/267/267
f 263/263/263 268/268/268 267/267/267
f 264/264/264 268/268/268 263/263/263
f 264/264/264 269/269/269 268/268/268
f 269/269/269 270/270/270 268/268/268
f 273/273/273 272/272/272 271/271/271
f 272/272/272 274/274/274 271/271/271
f 272/272/272 275/275/275 274/274/274
f 275/275/275 276/276/276 274/274/274
f 274/274/274 277/277/277 271/271/271
f 277/277/277 278/278/278 271/271/271
f 276/276/276 279/279/279 274/274/274
f 279/279/279 277/277/277 274/274/274
f 276/276/276 280/280/280 279/279/279
f 280/280/280 281/281/281 279/279/279
f 279/279/279 281/281/281 282/282/282
f 283/283/283 279/279/279 282/282/282
f 277/277/277 279/279/279 283/283/283
f 278/278/278 277/277/277 283/283/283
f 284/284/284 278/278/278 283/283/283
f 287/287/287 286/286/286 285/285/285
f 286/286/286 288/288/288 285/285/285
f 285/285/285 288/288/288 289/289/289
f 290/290/290 285/285/285 289/289/289
f 290/290/290 289/289/289 291/291/291
f 292/292/292 290/290/290 291/291/291
f 295/295/295 294/294/294 293/293/293
f 294/294/294 296/296/296 293/293/293
f 294/294/294 297/297/297 296/296/296
f 298/298/298 293/293/293 296/296/296
f 297/297/297 299/299/299 296/296/296
f 297/297/297 300/300/300 299/299/299
f 300/300/300 301/301/301 299/299/299
f 299/299/299 301/301/301 302/302/302
f 303/303/303 298/298/298 296/296/296
f 303/303/303 296/296/296 299/299/299
f 304/304/304 299/299/299 302/302/302
f 304/304/304 303/303/303 299/299/299
f 304/304/304 302/302/302 305/305/305
f 303/303/303 304/304/304 305/305/305
f 306/306/306 303/303/303 305/305/305
f 298/298/298 303/303/303 306/306/306
f 307/307/307 298/298/298 306/306/306
f 310/310/310 309/309/309 308/308/308
f 311/311/311 310/310/310 308/308/308
f 312/312/312 310/310/310 311/311/311
f 313/313/313 312/312/312 311/311/311
f 311/311/311 308/308/308 314/314/314
f 315/315/315 311/311/311 314/314/314
f 315/315/315 314/314/314 316/316/316
f 317/317/317 315/315/315 316/316/316
f 320/320/320 319/319/319 318/318/318
f 321/321/321 320/320/320 318/318/318
f 321/321/321 318/318/318 322/322/322
f 323/323/323 321/321/321 322/322/322
f 324/324/324 320/320/320 321/321/321
f 324/324/324 325/325/325 320/320/320
f 325/325/325 326/326/326 320/320/320
f 327/327/327 325/325/325 324/324/324
f 328/328/328 327/327/327 324/324/324
f 328/328/328 324/324/324 329/329/329
f 329/329/329 324/324/324 321/321/321
f 330/330/330 328/328/328 329/329/329
f 331/331/331 330/330/330 329/329/329
f 332/332/332 329/329/329 321/321/321
f 332/332/332 331/331/331 329/329/329
f 323/323/323 332/332/332 321/321/321
f 333/333/333 331/331/331 332/332/332
f 333/333/333 332/332/332 334/334/334
f 334/334/334 332/332/332 323/323/323
f 334/334/334 323/323/323 335/335/335
f 338/338/338 337/337/337 336/336/336
f 339/339/339 338/338/338 336/336/336
f 340/340/340 338/338/338 339/339/339
f 339/339/339 336/336/336 341/341/341
f 342/342/342 339/339/339 341/341/341
f 342/342/342 341/341/341 343/343/343
f 344/344/344 342/342/342 343/343/343
f 344/344/344 343/343/343 345/345/345
f 344/344/344 345/345/345 346/346/346
f 343/343/343 347/347/347 345/345/345
f 350/350/350 349/349/349 348/348/348
f 351/351/351 350/350/350 348/348/348
f 351/351/351 348/348/348 352/352/352
f 353/353/353 351/351/351 352/352/352
f 354/354/354 353/353/353 352/352/352
f 355/355/355 354/354/354 352/352/352
f 356/356/356 354/354/354 355/355/355
f 356/356/356 355/355/355 357/357/357
f 360/360/360 359/359/359 358/358/358
f 361/361/361 360/360/360 358/358/358
f 361/361/361 358/358/358 362/362/362
f 363/363/363 360/360/360 361/361/361
f 364/364/364 360/360/360 363/363/363
f 365/365/365 364/364/364 363/363/363
f 366/366/366 361/361/361 362/362/362
f 363/363/363 361/361/361 366/366/366
f 366/366/366 362/362/362 367/367/367
f 365/365/365 363/363/363 368/368/368
f 368/368/368 363/363/363 366/366/366
f 369/369/369 365/365/365 368/368/368
f 369/369/369 368/368/368 370/370/370
f 368/368/368 371/371/371 370/370/370
f 368/368/368 366/366/366 371/371/371
f 372/372/372 370/370/370 371/371/371
f 373/373/373 372/372/372 371/371/371
f 374/374/374 373/373/373 371/371/371
f 375/375/375 366/366/366 367/367/367
f 366/366/366 375/375/375 371/371/371
f 375/375/375 374/374/374 371/371/371
f 375/375/375 367/367/367 376/376/376
f 375/375/375 376/376/376 374/374/374
f 379/379/379 378/378/378 377/377/377
f 378/378/378 380/380/380 377/377/377
f 378/378/378 381/381/381 380/380/380
f 377/377/377 380/380/380 382/382/382
f 381/381/381 383/383/383 380/380/380
f 380/380/380 384/384/384 382/382/382
f 380/380/380 383/383/383 384/384/384
f 382/382/382 384/384/384 385/385/385
f 383/383/383 386/386/386 384/384/384
f 384/384/384 387/387/387 385/385/385
f 384/384/384 386/386/386 387/387/387
f 386/386/386 388/388/388 387/387/387
f 391/391/391 390/390/390 389/389/389
f 390/390/390 392/392/392 389/389/389
f 390/390/390 393/393/393 392/392/392
f 393/393/393 394/394/394 392/392/392
f 395/395/395 393/393/393 390/390/390
f 398/398/398 397/397/397 396/396/396
f 399/399/399 398/398/398 396/396/396
f 400/400/400 398/398/398 399/399/399
f 401/401/401 400/400/400 399/399/399
f 400/400/400 402/402/402 398/398/398
f 402/402/402 403/403/403 398/398/398
f 404/404/404 402/402/402 400/400/400
f 405/405/405 404/404/404 400/400/400
f 405/405/405 400/400/400 401/401/401
f 406/406/406 405/405/405 401/401/401
f 409/409/409 408/408/408 407/407/407
f 408/408/408 410/410/410 407/407/407
f 408/408/408 411/411/411 410/410/410
f 411/411/411 412/412/412 410/410/410
f 415/415/415 414/414/414 413/413/413
f 414/414/414 416/416/416 413/413/413
f 413/413/413 416/416/416 417/417/417
f 414/414/414 418/418/418 416/416/416
f 416/416/416 419/419/419 417/417/417
f 418/418/418 420/420/420 416/416/416
f 416/416/416 420/420/420 419/419/419
f 420/420/420 421/421/421 419/419/419
f 422/422/422 419/419/419 421/421/421
f 420/420/420 423/423/423 421/421/421
f 424/424/424 422/422/422 421/421/421
f 421/421/421 423/423/423 424/424/424
f 427/427/427 426/426/426 425/425/425
f 426/426/426 428/428/428 425/425/425
f 425/425/425 428/428/428 429/429/429
f 428/428/428 430/430/430 429/429/429
f 428/428/428 431/431/431 430/430/430
f 431/431/431 432/432/432 430/430/430
f 431/431/431 433/433/433 432/432/432
f 434/434/434 433/433/433 431/431/431
f 437/437/437 436/436/436 435/435/435
f 437/437/437 435/435/435 438/438/438
f 441/441/441 440/440/440 439/439/439
f 440/440/440 442/442/442 439/439/439
f 442/442/442 443/443/443 439/439/439
f 439/439/439 443/443/443 444/444/444
f 445/445/445 439/439/439 444/444/444
f 446/446/446 443/443/443 442/442/442
f 447/447/447 446/446/446 442/442/442
f 445/445/445 444/444/444 448/448/448
f 449/449/449 445/445/445 448/448/448
f 448/448/448 444/444/444 450/450/450
f 444/444/444 443/443/443 451/451/451
f 444/444/444 451/451/451 450/450/450
f 443/443/443 446/446/446 451/451/451
f 450/450/450 451/451/451 452/452/452
f 453/453/453 452/452/452 451/451/451
f 451/451/451 446/446/446 453/453/453
f 446/446/446 454/454/454 453/453/453
f 447/447/447 454/454/454 446/446/446
f 447/447/447 455/455/455 454/454/454
f 458/458/458 457/457/457 456/456/456
f 458/458/458 456/456/456 459/459/459
f 460/460/460 458/458/458 459/459/459
f 459/459/459 456/456/456 461/461/461
f 456/456/456 462/462/462 461/461/461
f 460/460/460 459/459/459 463/463/463
f 464/464/464 460/460/460 463/463/463
f 464/464/464 463/463/463 465/465/465
f 465/465/465 463/463/463 466/466/466
f 463/463/463 459/459/459 467/467/467
f 463/463/463 467/467/467 466/466/466
f 459/459/459 461/461/461 467/467/467
f 466/466/466 467/467/467 468/468/468
f 467/467/467 469/469/469 468/468/468
f 467/467/467 461/461/461 469/469/469
f 461/461/461 470/470/470 469/469/469
f 461/461/461 462/462/462 470/470/470
f 462/462/462 471/471/471 470/470/470
f 474/474/474 473/473/473 472/472/472
f 472/472/472 473/473/473 475/475/475
f 473/473/473 476/476/476 475/475/475
f 475/475/475 477/477/477 472/472/472
f 477/477/477 478/478/478 472/472/472
f 479/479/479 478/478/478 477/477/477
f 479/479/479 480/480/480 478/478/478
f 483/483/483 482/482/482 481/481/481
f 482/482/482 484/484/484 481/481/481
f 484/484/484 482/482/482 485/485/485
f 484/484/484 486/486/486 481/481/481
f 486/486/486 487/487/487 481/481/481
f 487/487/487 486/486/486 488/488/488
f 486/486/486 489/489/489 488/488/488
f 490/490/490 489/489/489 486/486/486
f 491/491/491 490/490/490 486/486/486
f 491/491/491 486/486/486 484/484/484
f 490/490/490 491/491/491 492/492/492
f 493/493/493 484/484/484 485/485/485
f 493/493/493 491/491/491 484/484/484
f 493/493/493 485/485/485 494/494/494
f 491/491/491 495/495/495 492/492/492
f 496/496/496 492/492/492 495/495/495
f 497/497/497 496/496/496 495/495/495
f 491/491/491 493/493/493 498/498/498
f 495/495/495 491/491/491 498/498/498
f 495/495/495 498/498/498 497/497/497
f 498/498/498 493/493/493 494/494/494
f 498/498/498 499/499/499 497/497/497
f 499/499/499 498/498/498 494/494/494
f 500/500/500 499/499/499 494/494/494
f 503/503/503 502/502/502 501/501/501
f 504/504/504 503/503/503 501/501/501
f 503/503/503 504/504/504 505/505/505
f 506/506/506 504/504/504 501/501/501
f 504/504/504 507/507/507 505/505/505
f 507/507/507 508/508/508 505/505/505
f 509/509/509 508/508/508 507/507/507
f 510/510/510 509/509/509 507/507/507
f 504/504/504 506/506/506 511/511/511
f 504/504/504 511/511/511 507/507/507
f 510/510/510 507/507/507 512/512/512
f 511/511/511 512/512/512 507/507/507
f 513/513/513 510/510/510 512/512/512
f 513/513/513 512/512/512 514/514/514
f 512/512/512 515/515/515 514/514/514
f 515/515/515 512/512/512 511/511/511
f 514/514/514 515/515/515 516/516/516
f 515/515/515 517/517/517 516/516/516
f 517/517/517 515/515/515 518/518/518
f 518/518/518 515/515/515 511/511/511
f 519/519/519 517/517/517 518/518/518
f 506/506/506 520/520/520 511/511/511
f 518/518/518 511/511/511 520/520/520
f 506/506/506 521/521/521 520/520/520
f 520/520/520 521/521/521 522/522/522
f 519/519/519 518/518/518 523/523/523
f 523/523/523 518/518/518 520/520/520
f 523/523/523 520/520/520 522/522/522
f 524/524/524 519/519/519 523/523/523
f 522/522/522 524/524/524 523/523/523
f 527/527/527 526/526/526 525/525/525
f 526/526/526 528/528/528 525/525/525
f 525/525/525 528/528/528 529/529/529
f 528/528/528 530/530/530 529/529/529
f 529/529/529 530/530/530 531/531/531
f 528/528/528 526/526/526 532/532/532
f 528/528/528 532/532/532 530/530/530
f 526/526/526 533/533/533 532/532/532
f 526/526/526 534/534/534 533/533/533
f 532/532/532 535/535/535 530/530/530
f 530/530/530 535/535/535 536/536/536
f 530/530/530 537/537/537 531/531/531
f 537/537/537 530/530/530 536/536/536
f 531/531/531 537/537/537 538/538/538
f 537/537/537 536/536/536 539/539/539
f 537/537/537 539/539/539 538/538/538
f 539/539/539 540/540/540 538/538/538
f 536/536/536 541/541/541 539/539/539
f 539/539/539 541/541/541 540/540/540
f 540/540/540 542/542/542 538/538/538
f 541/541/541 543/543/543 540/540/540
f 542/542/542 540/540/540 544/544/544
f 543/543/543 545/545/545 540/540/540
f 540/540/540 546/546/546 544/544/544
f 545/545/545 546/546/546 540/540/540
f 546/546/546 547/547/547 544/544/544
f 546/546/546 545/545/545 547/547/547
f 547/547/547 548/548/548 544/544/544
f 545/545/545 549/549/549 547/547/547
f 548/548/548 547/547/547 550/550/550
f 547/547/547 549/549/549 551/551/551
f 547/547/547 551/551/551 550/550/550
f 549/549/549 552/552/552 551/551/551
f 551/551/551 553/553/553 550/550/550
f 552/552/552 554/554/554 551/551/551
f 553/553/553 551/551/551 554/554/554
f 555/555/555 553/553/553 554/554/554
f 552/552/552 556/556/556 554/554/554
f 557/557/557 555/555/555 554/554/554
f 556/556/556 557/557/557 554/554/554
f 558/558/558 557/557/557 556/556/556
f 557/557/557 558/558/558 559/559/559
f 559/559/559 558/558/558 560/560/560
f 558/558/558 561/561/561 560/560/560
f 561/561/561 562/562/562 560/560/560
f 562/562/562 563/563/563 560/560/560
f 566/566/566 565/565/565 564/564/564
f 565/565/565 567/567/567 564/564/564
f 564/564/564 567/567/567 568/568/568
f 569/569/569 564/564/564 568/568/568
f 564/564/564 569/569/569 570/570/570
f 569/569/569 568/568/568 571/571/571
f 568/568/568 572/572/572 571/571/571
f 569/569/569 571/571/571 573/573/573
f 569/569/569 573/573/573 574/574/574
f 569/569/569 575/575/575 570/570/570
f 575/575/575 569/569/569 574/574/574
f 574/574/574 576/576/576 575/575/575
f 570/570/570 575/575/575 577/577/577
f 576/576/576 578/578/578 575/575/575
f 575/575/575 578/578/578 577/577/577
f 576/576/576 579/579/579 578/578/578
f 579/579/579 580/580/580 578/578/578
f 578/578/578 580/580/580 577/577/577
f 580/580/580 581/581/581 577/577/577
f 584/584/584 583/583/583 582/582/582
f 583/583/583 585/585/585 582/582/582
f 583/583/583 586/586/586 585/585/585
f 586/586/586 587/587/587 585/585/585
f 587/587/587 586/586/586 588/588/588
f 586/586/586 589/589/589 588/588/588
f 592/592/592 591/591/591 590/590/590
f 593/593/593 592/592/592 590/590/590
f 592/592/592 593/593/593 594/594/594
f 594/594/594 595/595/595 592/592/592
f 594/594/594 596/596/596 595/595/595
f 596/596/596 597/597/597 595/595/595
f 597/597/597 598/598/598 595/595/595
f 595/595/595 598/598/598 599/599/599
f 595/595/595 600/600/600 592/592/592
f 595/595/595 599/599/599 600/600/600
f 601/601/601 592/592/592 600/600/600
f 602/602/602 600/600/600 599/599/599
f 602/602/602 601/601/601 600/600/600
f 603/603/603 602/602/602 599/599/599
f 603/603/603 604/604/604 602/602/602
f 602/602/602 605/605/605 601/601/601
f 604/604/604 605/605/605 602/602/602
f 605/605/605 606/606/606 601/601/601
f 606/606/606 605/605/605 607/607/607
f 605/605/605 608/608/608 607/607/607
f 608/608/608 605/605/605 604/604/604
f 609/609/609 608/608/608 604/604/604
f 612/612/612 611/611/611 610/610/610
f 613/613/613 612/612/612 610/610/610
f 614/614/614 613/613/613 610/610/610
f 615/615/615 614/614/614 610/610/610
f 616/616/616 615/615/615 610/610/610
f 619/619/619 618/618/618 617/617/617
f 620/620/620 618/618/618 619/619/619
f 620/620/620 621/621/621 618/618/618
f 620/620/620 622/622/622 621/621/621
f 622/622/622 620/620/620 623/623/623
f 624/624/624 620/620/620 619/619/619
f 620/620/620 624/624/624 623/623/623
f 625/625/625 622/622/622 623/623/623
f 625/625/625 623/623/623 626/626/626
f 624/624/624 627/627/627 623/623/623
f 627/627/627 624/624/624 628/628/628
f 627/627/627 628/628/628 629/629/629
f 623/623/623 630/630/630 626/626/626
f 631/631/631 626/626/626 630/630/630
f 632/632/632 631/631/631 630/630/630
f 633/633/633 632/632/632 630/630/630
f 634/634/634 623/623/623 627/627/627
f 634/634/634 630/630/630 623/623/623
f 634/634/634 633/633/633 630/630/630
f 629/629/629 634/634/634 627/627/627
f 635/635/635 633/633/633 634/634/634
f 629/629/629 635/635/635 634/634/634
f 629/629/629 636/636/636 635/635/635
f 636/636/636 637/637/637 635/635/635
f 640/640/640 639/639/639 638/638/638
f 641/641/641 640/640/640 638/638/638
f 642/642/642 641/641/641 638/638/638
f 643/643/643 642/642/642 638/638/638
f 646/646/646 645/645/645 644/644/644
f 645/645/645 647/647/647 644/644/644
f 644/644/644 647/647/647 648/648/648
f 649/649/649 644/644/644 648/648/648
f 652/652/652 651/651/651 650/650/650
f 651/651/651 653/653/653 650/650/650
f 654/654/654 650/650/650 653/653/653
f 655/655/655 654/654/654 653/653/653
f 654/654/654 655/655/655 656/656/656
f 655/655/655 657/657/657 656/656/656
f 657/657/657 658/658/658 656/656/656
f 658/658/658 659/659/659 656/656/656
f 660/660/660 659/659/659 658/658/658
f 661/661/661 660/660/660 658/658/658
f 661/661/661 662/662/662 660/660/660
f 662/662/662 663/663/663 660/660/660
f 660/660/660 663/663/663 664/664/664
f 662/662/662 665/665/665 663/663/663
f 663/663/663 666/666/666 664/664/664
f 665/665/665 667/667/667 663/663/663
f 663/663/663 667/667/667 666/666/666
f 667/667/667 668/668/668 666/666/666
f 668/668/668 667/667/667 669/669/669
f 667/667/667 670/670/670 669/669/669
f 665/665/665 671/671/671 667/667/667
f 671/671/671 670/670/670 667/667/667
f 670/670/670 671/671/671 672/672/672
f 671/671/671 673/673/673 672/672/672
f 672/672/672 673/673/673 674/674/674
f 673/673/673 675/675/675 674/674/674
f 675/675/675 676/676/676 674/674/674
f 676/676/676 677/677/677 674/674/674
f 672/672/672 674/674/674 678/678/678
f 674/674/674 677/677/677 678/678/678
f 679/679/679 672/672/672 678/678/678
f 677/677/677 680/680/680 678/678/678
f 683/683/683 682/682/682 681/681/681
f 684/684/684 683/683/683 681/681/681
f 684/684/684 681/681/681 685/685/685
f 684/684/684 686/686/686 683/683/683
f 686/686/686 687/687/687 683/683/683
f 687/687/687 686/686/686 688/688/688
f 686/686/686 684/684/684 689/689/689
f 684/684/684 685/685/685 689/689/689
f 686/686/686 689/689/689 690/690/690
f 686/686/686 690/690/690 691/691/691
f 685/685/685 692/692/692 689/689/689
f 685/685/685 693/693/693 692/692/692
f 693/693/693 685/685/685 694/694/694
f 695/695/695 694/694/694 685/685/685
f 696/696/696 695/695/695 685/685/685
f 694/694/694 697/697/697 693/693/693
f 697/697/697 698/698/698 693/693/693
f 701/701/701 700/700/700 699/699/699
f 702/702/702 701/701/701 699/699/699
f 705/705/705 704/704/704 703/703/703
f 704/704/704 706/706/706 703/703/703
f 706/706/706 704/704/704 707/707/707
f 708/708/708 706/706/706 707/707/707
f 708/708/708 707/707/707 709/709/709
f 709/709/709 707/707/707 710/710/710
f 707/707/707 704/704/704 710/710/710
f 704/704/704 711/711/711 710/710/710
f 704/704/704 712/712/712 711/711/711
f 712/712/712 713/713/713 711/711/711
f 713/713/713 714/714/714 711/711/711
f 717/717/717 716/716/716 715/715/715
f 718/718/718 717/717/717 715/715/715
f 718/718/718 715/715/715 719/719/719
f 720/720/720 717/717/717 718/718/718
f 721/721/721 717/717/717 720/720/720
f 722/722/722 721/721/721 720/720/720
f 723/723/723 722/722/722 720/720/720
f 724/724/724 718/718/718 719/719/719
f 724/724/724 720/720/720 718/718/718
f 725/725/725 724/724/724 719/719/719
f 724/724/724 725/725/725 726/726/726
f 727/727/727 723/723/723 720/720/720
f 727/727/727 720/720/720 724/724/724
f 727/727/727 724/724/724 726/726/726
f 727/727/727 728/728/728 723/723/723
f 728/728/728 727/727/727 726/726/726
f 731/731/731 730/730/730 729/729/729
f 732/732/732 731/731/731 729/729/729
f 731/731/731 732/732/732 733/733/733
f 733/733/733 732/732/732 734/734/734
f 735/735/735 733/733/733 734/734/734
f 731/731/731 733/733/733 736/736/736
f 737/737/737 731/731/731 736/736/736
f 737/737/737 736/736/736 738/738/738
f 739/739/739 738/738/738 736/736/736
f 740/740/740 739/739/739 736/736/736
f 741/741/741 739/739/739 740/740/740
f 738/738/738 739/739/739 742/742/742
f 739/739/739 743/743/743 742/742/742
f 746/746/746 745/745/745 744/744/744
f 747/747/747 746/746/746 744/744/744
f 748/748/748 747/747/747 744/744/744
f 746/746/746 747/747/747 749/749/749
f 747/747/747 748/748/748 749/749/749
f 752/752/752 751/751/751 750/750/750
f 753/753/753 752/752/752 750/750/750
f 754/754/754 752/752/752 753/753/753
f 755/755/755 754/754/754 753/753/753
f 750/750/750 756/756/756 753/753/753
f 753/753/753 757/757/757 755/755/755
f 756/756/756 757/757/757 753/753/753
f 757/757/757 758/758/758 755/755/755
f 759/759/759 758/758/758 757/757/757
f 760/760/760 759/759/759 757/757/757
f 756/756/756 760/760/760 757/757/757
f 756/756/756 761/761/761 760/760/760
f 761/761/761 762/762/762 760/760/760
f 765/765/765 764/764/764 763/763/763
f 766/766/766 765/765/765 763/763/763
f 767/767/767 766/766/766 763/763/763
f 768/768/768 766/766/766 767/767/767
f 768/768/768 767/767/767 769/769/769
f 770/770/770 768/768/768 769/769/769
f 766/766/766 768/768/768 771/771/771
f 768/768/768 770/770/770 771/771/771
f 765/765/765 766/766/766 771/771/771
f 770/770/770 772/772/772 771/771/771
f 771/771/771 773/773/773 765/765/765
f 773/773/773 774/774/774 765/765/765
f 777/777/777 776/776/776 775/775/775
f 776/776/776 777/777/777 778/778/778
f 779/779/779 777/777/777 775/775/775
f 777/777/777 780/780/780 778/778/778
f 781/781/781 777/777/777 779/779/779
f 777/777/777 781/781/781 780/780/780
f 782/782/782 781/781/781 779/779/779
f 781/781/781 783/783/783 780/780/780
f 784/784/784 781/781/781 782/782/782
f 781/781/781 785/785/785 783/783/783
f 784/784/784 785/785/785 781/781/781
