g geo_turret_mesh
v 1.3544531 12.439234 -8.426215
v 1.5543613 12.414244 -8.451204
v 1.504384 12.5391865 -8.301272
v 1.179533 8.615984 -6.3771534
v 1.7542696 7.9163036 -5.427588
v 1.4793959 7.96628 -5.427588
v -1.3693008 12.439234 -8.426215
v -1.4942436 12.5391865 -8.301272
v -1.5692091 12.414244 -8.451204
v -1.1943808 8.615984 -6.3771534
v -1.4692545 7.96628 -5.427588
v -1.7441292 7.9163036 -5.427588
v -3.0185452 2.368843 -4.70292
v -2.7436714 2.1689348 -2.5539036
v -3.2934198 2.5687513 -2.5539036
v -2.7436714 2.1689348 -0.25495625
v -3.0185452 2.368843 1.9190493
v -3.2934198 2.5687513 -0.25495625
v 3.0036979 2.368843 -4.70292
v 3.278572 2.5687513 -2.5539036
v 2.7288237 2.1689348 -2.5539036
v 2.7288237 2.1689348 -0.25495625
v 3.278572 2.5687513 -0.25495625
v 3.0036979 2.368843 1.9190493
v 3.2036061 3.5682936 -0.32992172
v 4.9528055 6.367012 0.36975765
v 5.1777024 6.2920475 -0.32992172
v 3.0536747 3.7432137 0.36975765
v 0.0050706863 2.5437632 -0.32992172
v 0.0050706863 2.7686596 0.36975765
v -3.1934652 3.5682936 -0.32992172
v -3.0685225 3.7432137 0.36975765
v -5.1675615 6.2920475 -0.32992172
v -4.9676533 6.367012 0.36975765
v 5.1777024 6.2920475 -0.32992172
v 4.9528055 6.367012 0.36975765
v 4.9528055 9.590538 0.36975765
v 5.1777024 9.640514 -0.32992172
v 3.0536747 12.189348 0.36975765
v 3.2036061 12.364267 -0.32992172
v 3.2036061 12.364267 -0.32992172
v 3.0536747 12.189348 0.36975765
v 0.0050706863 13.18889 0.36975765
v 0.0050706863 13.413788 -0.32992172
v -3.0685225 12.189348 0.36975765
v -3.1934652 12.364267 -0.32992172
v -4.9676533 9.590538 0.36975765
v -5.1675615 9.640514 -0.32992172
v -5.1675615 9.640514 -0.32992172
v -4.9676533 9.590538 0.36975765
v -4.9676533 6.367012 0.36975765
v -5.1675615 6.2920475 -0.32992172
v -3.1934652 12.364267 -0.32992172
v -5.1675615 9.640514 -0.32992172
v -5.1675615 6.2920475 -0.32992172
v -3.1934652 3.5682936 -0.32992172
v 0.0050706863 13.413788 -0.32992172
v 0.0050706863 2.5437632 -0.32992172
v 3.2036061 12.364267 -0.32992172
v 3.2036061 3.5682936 -0.32992172
v 5.1777024 6.2920475 -0.32992172
v 5.1777024 9.640514 -0.32992172
v -5.5174017 6.167104 0.36975765
v -5.1675615 6.2920475 1.394289
v -3.1934652 3.5682936 1.394289
v -3.4183626 3.2684307 0.36975765
v 0.0050706863 2.5437632 1.394289
v 0.0050706863 2.1689348 0.36975765
v 3.4035149 3.2684307 0.36975765
v 3.2036061 3.5682936 1.394289
v 5.1777024 6.2920475 1.394289
v 5.5275426 6.167104 0.36975765
v -5.5174017 9.765457 0.36975765
v -5.1675615 6.2920475 1.394289
v -5.5174017 6.167104 0.36975765
v -5.1675615 9.640514 1.394289
v -3.4183626 12.664129 0.36975765
v -3.1934652 12.364267 1.394289
v 0.0050706863 13.763626 0.36975765
v -3.1934652 12.364267 1.394289
v -3.4183626 12.664129 0.36975765
v 0.0050706863 13.413788 1.394289
v 3.4035149 12.664129 0.36975765
v 3.2036061 12.364267 1.394289
v 5.5275426 9.765457 0.36975765
v 5.1777024 9.640514 1.394289
v 5.5275426 6.167104 0.36975765
v 5.1777024 6.2920475 1.394289
v 5.1777024 9.640514 1.394289
v 5.5275426 9.765457 0.36975765
v -3.8431683 9.215708 2.3188658
v -2.368843 4.6927795 2.3188658
v -3.8431683 6.716852 2.3188658
v -2.368843 11.239782 2.3188658
v 0.0050706863 3.943122 2.3188658
v 0.0050706863 12.014427 2.3188658
v 2.3789835 4.6927795 2.3188658
v 2.3789835 11.239782 2.3188658
v 3.8533087 6.716852 2.3188658
v 3.8533087 9.215708 2.3188658
v 1.9791665 9.965366 3.0185452
v 2.8037891 7.96628 3.0185452
v 1.9791665 5.9921846 3.0185452
v 0.0050706863 10.789988 3.0185452
v 0.0050706863 5.1675615 3.0185452
v -1.9940147 5.9921846 3.0185452
v -1.9940147 9.965366 3.0185452
v -2.818637 7.96628 3.0185452
v 1.3544531 11.739553 -7.776513
v 1.5543613 12.414244 -8.451204
v 1.3544531 12.439234 -8.426215
v 1.5543613 11.689577 -7.82649
v 0.87967014 8.241156 -6.602051
v 1.179533 8.191177 -6.627039
v 1.3544531 7.316578 -5.9273596
v 1.0795784 7.3915443 -5.9273596
v 1.4793959 7.96628 -5.427588
v 1.7542696 7.9163036 -5.427588
v 1.3544531 7.316578 -5.9273596
v 1.0795784 7.3915443 -5.9273596
v 1.5293722 11.839508 -7.5016384
v 1.504384 12.5391865 -8.301272
v 1.5543613 12.414244 -8.451204
v 1.5543613 11.689577 -7.82649
v 1.179533 8.615984 -6.3771534
v 1.179533 8.191177 -6.627039
v 1.7542696 7.9163036 -5.427588
v 1.3544531 7.316578 -5.9273596
v 1.3544531 11.739553 -7.776513
v 1.3544531 12.439234 -8.426215
v 1.504384 12.5391865 -8.301272
v 1.5293722 11.839508 -7.5016384
v 0.87967014 8.241156 -6.602051
v 1.179533 8.615984 -6.3771534
v 1.0795784 7.3915443 -5.9273596
v 1.4793959 7.96628 -5.427588
v -1.3443117 11.739553 -7.776513
v -1.3693008 12.439234 -8.426215
v -1.5692091 12.414244 -8.451204
v -1.54422 11.689577 -7.82649
v -0.8695297 8.241156 -6.602051
v -1.1943808 8.191177 -6.627039
v -1.3693008 7.316578 -5.9273596
v -1.069438 7.3915443 -5.9273596
v -1.4692545 7.96628 -5.427588
v -1.069438 7.3915443 -5.9273596
v -1.3693008 7.316578 -5.9273596
v -1.7441292 7.9163036 -5.427588
v -1.54422 11.839508 -7.5016384
v -1.5692091 12.414244 -8.451204
v -1.4942436 12.5391865 -8.301272
v -1.54422 11.689577 -7.82649
v -1.1943808 8.615984 -6.3771534
v -1.1943808 8.191177 -6.627039
v -1.7441292 7.9163036 -5.427588
v -1.3693008 7.316578 -5.9273596
v -1.3443117 11.739553 -7.776513
v -1.4942436 12.5391865 -8.301272
v -1.3693008 12.439234 -8.426215
v -1.54422 11.839508 -7.5016384
v -0.8695297 8.241156 -6.602051
v -1.1943808 8.615984 -6.3771534
v -1.069438 7.3915443 -5.9273596
v -1.4692545 7.96628 -5.427588
v -0.56966686 2.2688885 -7.82649
v -1.0194607 1.3443117 -7.0518446
v -0.56966686 1.5941973 -7.82649
v -1.0194607 2.518774 -7.0518446
v 0.0050706863 2.5937405 -7.82649
v -0.56966686 2.2688885 -7.82649
v 0.0050706863 3.1184998 -7.0518446
v 0.5548191 2.2688885 -7.82649
v 1.0296011 2.518774 -7.0518446
v 0.5548191 1.5941973 -7.82649
v 0.5548191 2.2688885 -7.82649
v 1.0296011 1.3443117 -7.0518446
v -0.56966686 1.5941973 -7.82649
v 0.0050706863 0.744586 -7.0518446
v 0.0050706863 1.2693462 -7.82649
v 0.5548191 1.5941973 -7.82649
v 0.5548191 2.2688885 -7.82649
v 0.0050706863 1.2693462 -7.82649
v 0.5548191 1.5941973 -7.82649
v 0.0050706863 2.5937405 -7.82649
v -0.56966686 1.5941973 -7.82649
v -0.56966686 2.2688885 -7.82649
v 0.0050706863 3.1184998 -7.0518446
v -1.0194607 2.518774 -4.3780684
v -1.0194607 2.518774 -7.0518446
v 0.0050706863 3.1184998 -4.3780684
v 1.0296011 2.518774 -7.0518446
v 1.0296011 2.518774 -4.3780684
v 1.0296011 1.3443117 -7.0518446
v 1.0296011 1.3443117 -4.3780684
v 1.0296011 2.518774 -4.3780684
v 1.0296011 2.518774 -7.0518446
v 0.0050706863 0.744586 -7.0518446
v 1.0296011 1.3443117 -4.3780684
v 1.0296011 1.3443117 -7.0518446
v 0.0050706863 0.744586 -4.3780684
v -1.0194607 1.3443117 -7.0518446
v -1.0194607 1.3443117 -4.3780684
v -1.0194607 2.518774 -7.0518446
v -1.0194607 2.518774 -4.3780684
v -1.0194607 1.3443117 -4.3780684
v -1.0194607 1.3443117 -7.0518446
v -1.4442663 2.7686596 -4.3780684
v -1.4442663 2.7686596 -3.6284118
v -1.4442663 1.0944262 -3.6284118
v -1.4442663 1.0944262 -4.3780684
v -1.4442663 1.0944262 -4.3780684
v -1.4442663 1.0944262 -3.6284118
v 0.0050706863 0.269804 -3.6284118
v 0.0050706863 0.269804 -4.3780684
v 0.0050706863 0.269804 -4.3780684
v 0.0050706863 0.269804 -3.6284118
v 1.4294186 1.0944262 -3.6284118
v 1.4294186 1.0944262 -4.3780684
v 1.4294186 1.0944262 -4.3780684
v 1.4294186 1.0944262 -3.6284118
v 1.4294186 2.7686596 -3.6284118
v 1.4294186 2.7686596 -4.3780684
v 1.4294186 2.7686596 -4.3780684
v 1.4294186 2.7686596 -3.6284118
v 0.0050706863 3.5932827 -3.6284118
v 0.0050706863 3.5932827 -4.3780684
v 0.0050706863 3.5932827 -4.3780684
v 0.0050706863 3.5932827 -3.6284118
v -1.4442663 2.7686596 -3.6284118
v -1.4442663 2.7686596 -4.3780684
v 0.9546356 1.3693008 -3.6284118
v 0.9546356 1.3693008 -2.9787092
v 0.9546356 2.4937859 -2.9787092
v 0.9546356 2.4937859 -3.6284118
v 0.9546356 2.4937859 -3.6284118
v 0.9546356 2.4937859 -2.9787092
v 0.0050706863 3.0435343 -2.9787092
v 0.0050706863 3.0435343 -3.6284118
v -0.9694834 2.4937859 -2.9787092
v -0.9694834 2.4937859 -3.6284118
v -0.9694834 2.4937859 -3.6284118
v -0.9694834 2.4937859 -2.9787092
v -0.9694834 1.3693008 -2.9787092
v -0.9694834 1.3693008 -3.6284118
v -0.9694834 1.3693008 -3.6284118
v -0.9694834 1.3693008 -2.9787092
v 0.0050706863 0.8195524 -2.9787092
v 0.0050706863 0.8195524 -3.6284118
v 0.9546356 1.3693008 -2.9787092
v 0.9546356 1.3693008 -3.6284118
v 0.0050706863 3.0435343 -2.9787092
v -0.9694834 1.3693008 -2.9787092
v -0.9694834 2.4937859 -2.9787092
v 0.0050706863 0.8195524 -2.9787092
v 0.9546356 1.3693008 -2.9787092
v 0.9546356 2.4937859 -2.9787092
v -3.2934198 2.5687513 -0.25495625
v -3.0185452 2.368843 1.9190493
v -3.9181337 2.4937859 1.9190493
v -3.2934198 2.5687513 -2.5539036
v -3.9181337 2.4937859 -4.70292
v -3.0185452 2.368843 -4.70292
v -2.9435797 0.744586 -2.5539036
v -2.9435797 0.744586 -4.70292
v -3.7182255 0.59465504 -4.70292
v -3.7182255 0.59465504 1.9190493
v -2.9435797 0.744586 -0.25495625
v -2.9435797 0.744586 1.9190493
v -2.9435797 0.744586 -4.70292
v -2.9435797 0.744586 -2.5539036
v -2.5937405 1.54422 -2.5539036
v -2.5937405 1.5941973 -4.70292
v -2.7436714 2.1689348 -2.5539036
v -3.0185452 2.368843 -4.70292
v -3.0185452 2.368843 -4.70292
v -3.9181337 2.4937859 -4.70292
v -3.7182255 0.59465504 -4.70292
v -2.9435797 0.744586 -4.70292
v -2.5937405 1.5941973 -4.70292
v -3.0185452 2.368843 1.9190493
v -2.5937405 1.5941973 1.9190493
v -2.9435797 0.744586 1.9190493
v -3.9181337 2.4937859 1.9190493
v -3.7182255 0.59465504 1.9190493
v -2.5937405 1.54422 -0.25495625
v -3.0185452 2.368843 1.9190493
v -2.7436714 2.1689348 -0.25495625
v -2.5937405 1.5941973 1.9190493
v -2.9435797 0.744586 -0.25495625
v -2.9435797 0.744586 1.9190493
v -2.193923 2.1189575 -0.77971554
v -2.7436714 2.1689348 -0.25495625
v -3.2934198 2.5687513 -0.25495625
v -2.7686596 2.5687513 -1.4044294
v -2.019003 2.1189575 -1.4044294
v -3.2934198 2.5687513 -2.5539036
v -2.193923 2.1189575 -2.0041552
v -2.7436714 2.1689348 -2.5539036
v -2.9435797 0.744586 -0.25495625
v -2.5937405 1.54422 -0.25495625
v -2.193923 1.3443117 -0.70475006
v -2.7436714 2.1689348 -0.25495625
v -2.193923 2.1189575 -0.77971554
v -1.9940147 1.3693008 -1.4044294
v -2.019003 2.1189575 -1.4044294
v -2.193923 1.3443117 -2.1041093
v -2.193923 2.1189575 -2.0041552
v -2.5937405 1.54422 -2.5539036
v -2.7436714 2.1689348 -2.5539036
v -2.9435797 0.744586 -2.5539036
v -3.7182255 0.59465504 1.9190493
v -3.7182255 0.59465504 -4.70292
v -3.9181337 2.4937859 -4.70292
v -3.9181337 2.4937859 1.9190493
v 3.278572 2.5687513 -0.25495625
v 3.9282746 2.4937859 1.9190493
v 3.0036979 2.368843 1.9190493
v 3.278572 2.5687513 -2.5539036
v 3.9282746 2.4937859 -4.70292
v 3.0036979 2.368843 -4.70292
v 2.9537206 0.744586 -2.5539036
v 3.7033772 0.59465504 -4.70292
v 2.9537206 0.744586 -4.70292
v 3.7033772 0.59465504 1.9190493
v 2.9537206 0.744586 -0.25495625
v 2.9537206 0.744586 1.9190493
v 2.9537206 0.744586 -4.70292
v 2.603881 1.54422 -2.5539036
v 2.9537206 0.744586 -2.5539036
v 2.603881 1.5941973 -4.70292
v 2.7288237 2.1689348 -2.5539036
v 3.0036979 2.368843 -4.70292
v 3.0036979 2.368843 -4.70292
v 3.7033772 0.59465504 -4.70292
v 3.9282746 2.4937859 -4.70292
v 2.9537206 0.744586 -4.70292
v 2.603881 1.5941973 -4.70292
v 3.0036979 2.368843 1.9190493
v 2.9537206 0.744586 1.9190493
v 2.603881 1.5941973 1.9190493
v 3.9282746 2.4937859 1.9190493
v 3.7033772 0.59465504 1.9190493
v 2.603881 1.54422 -0.25495625
v 2.7288237 2.1689348 -0.25495625
v 3.0036979 2.368843 1.9190493
v 2.603881 1.5941973 1.9190493
v 2.9537206 0.744586 -0.25495625
v 2.9537206 0.744586 1.9190493
v 2.204064 2.1189575 -0.77971554
v 3.278572 2.5687513 -0.25495625
v 2.7288237 2.1689348 -0.25495625
v 2.7788005 2.5687513 -1.4044294
v 2.0041552 2.1189575 -1.4044294
v 3.278572 2.5687513 -2.5539036
v 2.204064 2.1189575 -2.0041552
v 2.7288237 2.1689348 -2.5539036
v 2.9537206 0.744586 -0.25495625
v 2.1790752 1.3443117 -0.70475006
v 2.603881 1.54422 -0.25495625
v 2.7288237 2.1689348 -0.25495625
v 2.204064 2.1189575 -0.77971554
v 1.9791665 1.3693008 -1.4044294
v 2.0041552 2.1189575 -1.4044294
v 2.1790752 1.3443117 -2.1041093
v 2.204064 2.1189575 -2.0041552
v 2.603881 1.54422 -2.5539036
v 2.7288237 2.1689348 -2.5539036
v 2.9537206 0.744586 -2.5539036
v 3.7033772 0.59465504 1.9190493
v 3.9282746 2.4937859 1.9190493
v 3.9282746 2.4937859 -4.70292
v 3.7033772 0.59465504 -4.70292
v 4.8528514 3.2934198 -5.827405
v 4.203149 3.5433054 -7.5516157
v 2.628869 3.6932364 -9.175873
v 0.0050706863 3.6932364 -9.700632
v 0.0050706863 3.6932364 -0.6797619
v 5.327634 3.6932364 -0.6797619
v -5.3174934 3.6932364 -0.6797619
v -4.8427105 3.2934198 -5.827405
v -2.6437168 3.6932364 -9.175873
v -4.1930075 3.5433054 -7.5516157
v 5.327634 3.6932364 -0.6797619
v 5.327634 4.467882 -0.6797619
v 4.8528514 4.467882 -5.827405
v 4.8528514 3.2934198 -5.827405
v 4.203149 4.467882 -7.5516157
v 4.203149 3.5433054 -7.5516157
v 2.628869 4.467882 -9.175873
v 2.628869 3.6932364 -9.175873
v -4.8427105 3.2934198 -5.827405
v -5.3174934 4.467882 -0.6797619
v -5.3174934 3.6932364 -0.6797619
v -4.8427105 4.467882 -5.827405
v -4.1930075 3.5433054 -7.5516157
v -4.1930075 4.467882 -7.5516157
v -2.6437168 3.6932364 -9.175873
v -2.6437168 4.467882 -9.175873
v 0.0050706863 4.467882 -9.700632
v 2.628869 3.6932364 -9.175873
v 2.628869 4.467882 -9.175873
v 0.0050706863 3.6932364 -9.700632
v -2.6437168 4.467882 -9.175873
v -2.6437168 3.6932364 -9.175873
v -2.6437168 4.467882 -9.175873
v -4.8427105 4.467882 -5.827405
v -4.1930075 4.467882 -7.5516157
v 0.0050706863 4.467882 -9.700632
v 0.0050706863 4.467882 -0.6797619
v -5.3174934 4.467882 -0.6797619
v 5.327634 4.467882 -0.6797619
v 4.8528514 4.467882 -5.827405
v 4.203149 4.467882 -7.5516157
v 2.628869 4.467882 -9.175873
v -4.592825 5.242527 0.39474678
v -5.9921846 5.242527 0.59465504
v -6.816807 5.242527 -0.08003616
v -7.1166687 5.092596 -1.5793495
v -4.5678368 5.092596 -1.504384
v -6.991726 4.442894 -3.0786633
v -4.5678368 4.442894 -3.1786175
v -6.6418877 3.3683853 -4.8528514
v -4.7177677 3.3683853 -4.927817
v -5.71731 3.1184998 -6.4271307
v -4.892688 3.1184998 -6.7020044
v -4.5178595 -0.0050706863 7.016716
v -6.167104 -0.0050706863 6.342024
v -6.1171274 0.44472408 7.191635
v -4.0180883 0.44472408 7.96628
v -7.841337 0.44472408 4.093054
v -7.466509 -0.0050706863 3.9930992
v -8.466051 -0.0050706863 0.3197813
v -8.715937 0.44472408 0.36975765
v -8.740927 0.44472408 -3.0036979
v -8.715937 0.44472408 0.36975765
v -8.466051 -0.0050706863 0.3197813
v -8.391087 -0.0050706863 -2.928732
v -6.491955 -0.0050706863 -7.0018673
v -5.8422527 0.44472408 -8.026399
v -7.96628 0.44472408 -5.702462
v -7.5914516 -0.0050706863 -5.377611
v -5.8422527 0.44472408 -8.026399
v -4.742756 -0.0050706863 -7.601593
v -4.292962 0.44472408 -8.126352
v -6.491955 -0.0050706863 -7.0018673
v -4.2179966 -0.0050706863 0.7195978
v -4.5178595 -0.0050706863 7.016716
v -4.0180883 0.44472408 7.96628
v -3.64326 0.44472408 0.64463234
v -3.64326 0.44472408 0.64463234
v -4.0180883 0.44472408 7.96628
v -4.3429394 2.2688885 3.0935116
v -4.592825 5.242527 0.39474678
v -4.5678368 5.092596 -1.504384
v -4.5678368 4.442894 -3.1786175
v -4.7177677 3.3683853 -4.927817
v -4.5428476 1.3693008 -7.3766956
v -4.292962 0.44472408 -8.126352
v -4.892688 3.1184998 -6.7020044
v -5.8422527 0.44472408 -8.026399
v -4.292962 0.44472408 -8.126352
v -4.5428476 1.3693008 -7.3766956
v -5.7922754 1.3693008 -7.201776
v -7.96628 0.44472408 -5.702462
v -7.016716 1.6941519 -5.1777024
v -8.740927 0.44472408 -3.0036979
v -7.5664635 1.9440374 -3.1536293
v -7.666418 2.1689348 -0.80470467
v -8.715937 0.44472408 0.36975765
v -7.841337 0.44472408 4.093054
v -7.166647 2.1689348 1.9190493
v -6.042161 2.2688885 3.1934652
v -6.1171274 0.44472408 7.191635
v -4.0180883 0.44472408 7.96628
v -4.3429394 2.2688885 3.0935116
v -5.9921846 5.242527 0.59465504
v -4.592825 5.242527 0.39474678
v -6.167104 -0.0050706863 6.342024
v -7.466509 -0.0050706863 3.9930992
v -7.841337 0.44472408 4.093054
v -6.1171274 0.44472408 7.191635
v -8.391087 -0.0050706863 -2.928732
v -7.5914516 -0.0050706863 -5.377611
v -7.96628 0.44472408 -5.702462
v -8.740927 0.44472408 -3.0036979
v -6.816807 5.242527 -0.08003616
v -5.9921846 5.242527 0.59465504
v -6.042161 2.2688885 3.1934652
v -7.166647 2.1689348 1.9190493
v -7.1166687 5.092596 -1.5793495
v -7.666418 2.1689348 -0.80470467
v -6.991726 4.442894 -3.0786633
v -7.5664635 1.9440374 -3.1536293
v -6.6418877 3.3683853 -4.8528514
v -7.016716 1.6941519 -5.1777024
v -5.7922754 1.3693008 -7.201776
v -5.71731 3.1184998 -6.4271307
v -5.7922754 1.3693008 -7.201776
v -4.5428476 1.3693008 -7.3766956
v -4.892688 3.1184998 -6.7020044
v -5.71731 3.1184998 -6.4271307
v -4.2179966 -0.0050706863 0.7195978
v -3.64326 0.44472408 0.64463234
v -4.292962 0.44472408 -8.126352
v -4.742756 -0.0050706863 -7.601593
v -4.617813 2.5437632 -0.32992172
v -4.617813 5.1675615 -0.32992172
v 4.627954 5.1675615 -0.32992172
v 4.627954 2.5437632 -0.32992172
v -4.617813 5.1675615 -0.32992172
v -4.617813 5.1675615 -0.6797619
v 4.627954 5.1675615 -0.6797619
v 4.627954 5.1675615 -0.32992172
v -4.617813 5.1675615 -0.6797619
v -4.617813 2.5437632 -0.6797619
v 4.627954 2.5437632 -0.6797619
v 4.627954 5.1675615 -0.6797619
v -4.617813 2.5437632 -0.6797619
v -4.617813 2.5437632 -0.32992172
v 4.627954 2.5437632 -0.32992172
v 4.627954 2.5437632 -0.6797619
v 4.602966 5.242527 0.39474678
v 6.801959 5.242527 -0.08003616
v 6.002325 5.242527 0.59465504
v 7.12681 5.092596 -1.5793495
v 4.577977 5.092596 -1.504384
v 4.577977 4.442894 -3.1786175
v 7.0018673 4.442894 -3.0786633
v 4.70292 3.3683853 -4.927817
v 6.6520276 3.3683853 -4.8528514
v 4.8778396 3.1184998 -6.7020044
v 5.727451 3.1184998 -6.4271307
v 4.528 -0.0050706863 7.016716
v 4.0282288 0.44472408 7.96628
v 6.127268 0.44472408 7.191635
v 6.177245 -0.0050706863 6.342024
v 7.47665 -0.0050706863 3.9930992
v 7.8514786 0.44472408 4.093054
v 8.726078 0.44472408 0.36975765
v 8.476192 -0.0050706863 0.3197813
v 8.726078 0.44472408 0.36975765
v 8.751067 0.44472408 -3.0036979
v 8.401227 -0.0050706863 -2.928732
v 8.476192 -0.0050706863 0.3197813
v 7.9514327 0.44472408 -5.702462
v 5.827405 0.44472408 -8.026399
v 6.477108 -0.0050706863 -7.0018673
v 7.5766044 -0.0050706863 -5.377611
v 5.827405 0.44472408 -8.026399
v 4.2781143 0.44472408 -8.126352
v 4.752897 -0.0050706863 -7.601593
v 6.477108 -0.0050706863 -7.0018673
v 4.228137 -0.0050706863 0.7195978
v 3.6534004 0.44472408 0.64463234
v 4.0282288 0.44472408 7.96628
v 4.528 -0.0050706863 7.016716
v 3.6534004 0.44472408 0.64463234
v 4.3280916 2.2688885 3.0935116
v 4.0282288 0.44472408 7.96628
v 4.602966 5.242527 0.39474678
v 4.577977 5.092596 -1.504384
v 4.577977 4.442894 -3.1786175
v 4.70292 3.3683853 -4.927817
v 4.5529885 1.3693008 -7.3766956
v 4.2781143 0.44472408 -8.126352
v 4.8778396 3.1184998 -6.7020044
v 5.827405 0.44472408 -8.026399
v 4.5529885 1.3693008 -7.3766956
v 4.2781143 0.44472408 -8.126352
v 5.7774277 1.3693008 -7.201776
v 7.0018673 1.6941519 -5.1777024
v 7.9514327 0.44472408 -5.702462
v 7.5766044 1.9440374 -3.1536293
v 8.751067 0.44472408 -3.0036979
v 7.6765585 2.1689348 -0.80470467
v 8.726078 0.44472408 0.36975765
v 7.1767874 2.1689348 1.9190493
v 7.8514786 0.44472408 4.093054
v 6.0523024 2.2688885 3.1934652
v 6.127268 0.44472408 7.191635
v 4.0282288 0.44472408 7.96628
v 4.3280916 2.2688885 3.0935116
v 4.602966 5.242527 0.39474678
v 6.002325 5.242527 0.59465504
v 6.177245 -0.0050706863 6.342024
v 6.127268 0.44472408 7.191635
v 7.8514786 0.44472408 4.093054
v 7.47665 -0.0050706863 3.9930992
v 8.751067 0.44472408 -3.0036979
v 7.9514327 0.44472408 -5.702462
v 7.5766044 -0.0050706863 -5.377611
v 8.401227 -0.0050706863 -2.928732
v 6.801959 5.242527 -0.08003616
v 6.0523024 2.2688885 3.1934652
v 6.002325 5.242527 0.59465504
v 7.1767874 2.1689348 1.9190493
v 7.6765585 2.1689348 -0.80470467
v 7.12681 5.092596 -1.5793495
v 7.5766044 1.9440374 -3.1536293
v 7.0018673 4.442894 -3.0786633
v 7.0018673 1.6941519 -5.1777024
v 6.6520276 3.3683853 -4.8528514
v 5.7774277 1.3693008 -7.201776
v 5.727451 3.1184998 -6.4271307
v 5.7774277 1.3693008 -7.201776
v 5.727451 3.1184998 -6.4271307
v 4.8778396 3.1184998 -6.7020044
v 4.5529885 1.3693008 -7.3766956
v 4.228137 -0.0050706863 0.7195978
v 4.752897 -0.0050706863 -7.601593
v 4.2781143 0.44472408 -8.126352
v 3.6534004 0.44472408 0.64463234
v 6.102279 5.242527 -5.4026
v 5.0527596 5.242527 -5.4026
v 5.0527596 4.3429394 -5.4026
v 6.102279 4.3429394 -5.4026
v 6.102279 3.2684307 -3.5784345
v 5.0527596 3.2684307 -3.5784345
v 6.102279 5.242527 -3.8533087
v 5.0527596 5.242527 -3.8533087
v 5.0527596 5.692322 -4.627954
v 6.102279 5.692322 -4.627954
v 5.0527596 5.242527 -5.4026
v 6.102279 5.242527 -5.4026
v 6.102279 5.692322 -4.627954
v 6.102279 5.242527 -5.4026
v 6.102279 4.3429394 -5.4026
v 6.102279 5.242527 -3.8533087
v 6.102279 4.767745 -3.728366
v 6.102279 4.442894 -2.478938
v 6.102279 3.2684307 -3.5784345
v 6.102279 5.242527 -3.8533087
v 6.102279 4.767745 -3.728366
v 5.0527596 4.767745 -3.728366
v 5.0527596 5.242527 -3.8533087
v 5.0527596 4.767745 -3.728366
v 5.0527596 4.442894 -2.478938
v 5.0527596 3.2684307 -3.5784345
v 5.0527596 4.3429394 -5.4026
v 5.0527596 5.242527 -3.8533087
v 5.0527596 5.692322 -4.627954
v 5.0527596 5.242527 -5.4026
v 6.102279 4.767745 -3.728366
v 6.102279 4.442894 -2.478938
v 5.0527596 4.442894 -2.478938
v 5.0527596 4.767745 -3.728366
v -6.0921383 5.242527 -5.4026
v -5.067608 4.3429394 -5.4026
v -5.067608 5.242527 -5.4026
v -6.0921383 4.3429394 -5.4026
v -6.0921383 3.2684307 -3.5784345
v -5.067608 3.2684307 -3.5784345
v -6.0921383 5.242527 -3.8533087
v -5.067608 5.692322 -4.627954
v -5.067608 5.242527 -3.8533087
v -6.0921383 5.692322 -4.627954
v -5.067608 5.242527 -5.4026
v -6.0921383 5.242527 -5.4026
v -6.0921383 5.692322 -4.627954
v -6.0921383 4.3429394 -5.4026
v -6.0921383 5.242527 -5.4026
v -6.0921383 5.242527 -3.8533087
v -6.0921383 4.767745 -3.728366
v -6.0921383 4.442894 -2.478938
v -6.0921383 3.2684307 -3.5784345
v -6.0921383 5.242527 -3.8533087
v -5.067608 5.242527 -3.8533087
v -5.067608 4.767745 -3.728366
v -6.0921383 4.767745 -3.728366
v -5.067608 4.767745 -3.728366
v -5.067608 3.2684307 -3.5784345
v -5.067608 4.442894 -2.478938
v -5.067608 4.3429394 -5.4026
v -5.067608 5.242527 -3.8533087
v -5.067608 5.692322 -4.627954
v -5.067608 5.242527 -5.4026
v -6.0921383 4.767745 -3.728366
v -5.067608 4.767745 -3.728366
v -5.067608 4.442894 -2.478938
v -6.0921383 4.442894 -2.478938
v 6.527085 4.3929167 -5.2776566
v -6.516945 4.0180883 -4.627954
v 6.527085 4.0180883 -4.627954
v -6.516945 4.3929167 -5.2776566
v 6.527085 5.1675615 -5.2776566
v -6.516945 5.1675615 -5.2776566
v 6.527085 5.567379 -4.627954
v -6.516945 5.567379 -4.627954
v 6.527085 4.0180883 -4.627954
v -6.516945 4.0180883 -4.627954
v -6.516945 4.3929167 -3.9532628
v 6.527085 4.3929167 -3.9532628
v 6.527085 4.3929167 -3.9532628
v -6.516945 4.3929167 -3.9532628
v -6.516945 5.1675615 -3.9532628
v 6.527085 5.1675615 -3.9532628
v 6.527085 5.1675615 -3.9532628
v -6.516945 5.1675615 -3.9532628
v -6.516945 5.567379 -4.627954
v 6.527085 5.567379 -4.627954
v 6.527085 5.1675615 -3.9532628
v 6.527085 5.567379 -4.627954
v 6.527085 5.1675615 -5.2776566
v 6.527085 4.3929167 -5.2776566
v 6.527085 4.3929167 -3.9532628
v 6.527085 4.0180883 -4.627954
v -6.516945 5.567379 -4.627954
v -6.516945 5.1675615 -3.9532628
v -6.516945 5.1675615 -5.2776566
v -6.516945 4.3929167 -5.2776566
v -6.516945 4.3929167 -3.9532628
v -6.516945 4.0180883 -4.627954
v 0.0050706863 0.11987209 2.019003
v -0.44472408 0.54467773 2.019003
v 0.0050706863 0.9944725 2.019003
v 0.42987633 0.54467773 2.019003
v -0.44472408 0.54467773 2.019003
v 0.0050706863 0.9944725 -6.8519363
v 0.0050706863 0.9944725 2.019003
v -0.44472408 0.54467773 -6.8519363
v 0.0050706863 0.11987209 -6.8519363
v 0.0050706863 0.11987209 2.019003
v -0.44472408 0.54467773 -6.8519363
v 0.0050706863 0.11987209 -6.8519363
v 0.42987633 0.54467773 -6.8519363
v 0.0050706863 0.9944725 -6.8519363
v 0.0050706863 0.11987209 -6.8519363
v 0.0050706863 0.11987209 2.019003
v 0.42987633 0.54467773 2.019003
v 0.42987633 0.54467773 -6.8519363
v 0.42987633 0.54467773 2.019003
v 0.0050706863 0.9944725 2.019003
v 0.0050706863 0.9944725 -6.8519363
v 0.42987633 0.54467773 -6.8519363
v 0.20497894 1.8440828 -2.9787092
v 0.72973824 1.5192318 2.818637
v 0.32992172 1.5192318 2.818637
v -0.19483852 1.8440828 -2.9787092
v 0.32992172 0.9944725 2.818637
v 0.72973824 0.9944725 2.818637
v 0.20497894 1.3193235 -2.9787092
v -0.19483852 1.3193235 -2.9787092
v 0.20497894 1.3193235 -2.9787092
v 0.72973824 0.9944725 2.818637
v 0.72973824 1.5192318 2.818637
v 0.20497894 1.8440828 -2.9787092
v -0.19483852 1.8440828 -2.9787092
v 0.32992172 1.5192318 2.818637
v 0.32992172 0.9944725 2.818637
v -0.19483852 1.3193235 -2.9787092
v 0.30493355 1.5692091 1.7691174
v 0.4548645 1.8940601 1.7691174
v 0.20497894 2.1189575 2.2938776
v -0.019918442 1.5692091 2.2938776
v -0.019918442 1.5692091 4.2179966
v 0.20497894 2.1189575 4.2179966
v 0.20497894 0.9944725 4.2179966
v 0.20497894 0.9944725 2.2938776
v 0.4548645 1.2443581 1.7691174
v 0.30493355 1.5692091 1.7691174
v 0.75472736 1.1194153 1.7691174
v 0.4548645 1.2443581 1.7691174
v 0.20497894 0.9944725 2.2938776
v 0.75472736 0.7695751 2.2938776
v 1.0795784 1.2443581 1.7691174
v 1.329464 0.9944725 2.2938776
v 1.329464 0.9944725 4.2179966
v 0.75472736 0.7695751 4.2179966
v 0.20497894 0.9944725 4.2179966
v 1.2295103 1.5692091 1.7691174
v 1.0795784 1.2443581 1.7691174
v 1.329464 0.9944725 2.2938776
v 1.5543613 1.5692091 2.2938776
v 1.5543613 1.5692091 4.2179966
v 1.329464 0.9944725 4.2179966
v 1.329464 2.1189575 4.2179966
v 1.329464 2.1189575 2.2938776
v 1.0795784 1.8940601 1.7691174
v 1.2295103 1.5692091 1.7691174
v 0.75472736 2.019003 1.7691174
v 1.0795784 1.8940601 1.7691174
v 1.329464 2.1189575 2.2938776
v 0.75472736 2.368843 2.2938776
v 0.4548645 1.8940601 1.7691174
v 0.20497894 2.1189575 2.2938776
v 0.20497894 2.1189575 4.2179966
v 0.75472736 2.368843 4.2179966
v 1.329464 2.1189575 4.2179966
v -0.019918442 1.5692091 4.2179966
v 0.20497894 2.1189575 4.2179966
v 0.20497894 0.9944725 4.2179966
v 0.75472736 0.7695751 4.2179966
v 0.75472736 2.368843 4.2179966
v 1.329464 0.9944725 4.2179966
v 1.329464 2.1189575 4.2179966
v 1.5543613 1.5692091 4.2179966
v 0.30493355 1.5692091 1.7691174
v 0.4548645 1.2443581 1.7691174
v 0.4548645 1.8940601 1.7691174
v 0.75472736 2.019003 1.7691174
v 0.75472736 1.1194153 1.7691174
v 1.0795784 1.8940601 1.7691174
v 1.0795784 1.2443581 1.7691174
v 1.2295103 1.5692091 1.7691174
v -1.4942436 9.465595 -3.9282746
v 0.0050706863 10.515114 -0.87967014
v -1.7941065 9.765457 -0.87967014
v 0.0050706863 10.090309 -3.9282746
v 1.7792583 9.765457 -0.87967014
v 1.4793959 9.465595 -3.9282746
v 1.1545439 9.115755 -5.6274967
v 0.0050706863 9.590538 -5.6274967
v -1.1444035 9.115755 -5.6274967
v 0.42987633 8.416075 -7.601593
v 0.0050706863 8.590994 -7.601593
v -0.44472408 8.416075 -7.601593
v 0.0050706863 7.96628 -8.126352
v 1.4793959 6.491955 -3.9282746
v 0.0050706863 5.442436 -0.87967014
v 1.7792583 6.192093 -0.87967014
v 0.0050706863 5.867242 -3.9282746
v -1.7941065 6.192093 -0.87967014
v -1.4942436 6.491955 -3.9282746
v -1.1444035 6.816807 -5.6274967
v 0.0050706863 6.342024 -5.6274967
v 1.1545439 6.816807 -5.6274967
v -0.44472408 7.5414753 -7.601593
v 0.0050706863 7.3665543 -7.601593
v 0.42987633 7.5414753 -7.601593
v 0.0050706863 7.96628 -8.126352
v -1.0444489 6.716852 -4.7778854
v -1.0444489 5.592367 -4.7778854
v 1.0296011 5.592367 -4.7778854
v 1.0296011 6.716852 -4.7778854
v -1.0444489 5.592367 -4.7778854
v -1.0444489 4.9926414 -0.32992172
v 1.0296011 4.9926414 -0.32992172
v 1.0296011 5.592367 -4.7778854
v 1.0296011 4.9926414 -0.32992172
v 1.0296011 6.217081 -0.32992172
v 1.0296011 6.716852 -4.7778854
v 1.0296011 5.592367 -4.7778854
v -1.0444489 5.592367 -4.7778854
v -1.0444489 6.716852 -4.7778854
v -1.0444489 6.217081 -0.32992172
v -1.0444489 4.9926414 -0.32992172
v -1.9690256 9.940376 -0.87967014
v -2.3938313 10.365183 -0.32992172
v -3.3933735 7.96628 -0.32992172
v -2.7936487 7.96628 -0.87967014
v -3.3933735 7.96628 -0.32992172
v -2.3938313 5.567379 -0.32992172
v -1.9690256 5.9921846 -0.87967014
v 0.0050706863 10.764999 -0.87967014
v -2.3938313 10.365183 -0.32992172
v 0.0050706863 11.364725 -0.32992172
v 1.9791665 9.940376 -0.87967014
v 2.4039721 10.365183 -0.32992172
v -2.3938313 5.567379 -0.32992172
v 0.0050706863 4.5678368 -0.32992172
v 0.0050706863 5.1675615 -0.87967014
v 2.4039721 5.567379 -0.32992172
v 1.9791665 5.9921846 -0.87967014
v 2.4039721 5.567379 -0.32992172
v 3.4035149 7.96628 -0.32992172
v 2.8037891 7.96628 -0.87967014
v 2.4039721 10.365183 -0.32992172
v 3.4035149 7.96628 -0.32992172
v 1.9791665 9.940376 -0.87967014
v 1.9791665 5.9921846 -0.87967014
v 2.8037891 7.96628 -0.87967014
v 0.0050706863 5.1675615 -0.87967014
v 0.0050706863 10.764999 -0.87967014
v -1.9690256 5.9921846 -0.87967014
v -1.9690256 9.940376 -0.87967014
v -2.7936487 7.96628 -0.87967014
v 0.0050706863 4.4928703 6.2670584
v 2.079121 5.89223 7.466509
v 2.4539495 5.5174017 6.2670584
v 0.0050706863 5.0426188 7.466509
v -2.4438086 5.5174017 6.2670584
v -2.0689802 5.89223 7.466509
v -1.2943344 6.666876 8.715937
v 0.0050706863 6.1421156 8.715937
v 1.3044758 6.666876 8.715937
v 3.4784803 7.96628 6.2670584
v 2.079121 10.040331 7.466509
v 2.4539495 10.415159 6.2670584
v 2.928732 7.96628 7.466509
v 2.4539495 5.5174017 6.2670584
v 2.079121 5.89223 7.466509
v 1.3044758 6.666876 8.715937
v 1.8292356 7.96628 8.715937
v 1.8292356 7.96628 8.715937
v 1.3044758 9.265686 8.715937
v 0.0050706863 11.439692 6.2670584
v -2.0689802 10.040331 7.466509
v -2.4438086 10.415159 6.2670584
v 0.0050706863 10.889942 7.466509
v 2.4539495 10.415159 6.2670584
v 2.079121 10.040331 7.466509
v 1.3044758 9.265686 8.715937
v 0.0050706863 9.8154335 8.715937
v -1.2943344 9.265686 8.715937
v 2.4539495 10.415159 6.2670584
v 2.4539495 5.5174017 6.2670584
v 3.4784803 7.96628 6.2670584
v 0.0050706863 4.4928703 6.2670584
v 0.0050706863 11.439692 6.2670584
v -2.4438086 5.5174017 6.2670584
v -2.4438086 10.415159 6.2670584
v -3.46834 7.96628 6.2670584
v -1.2943344 6.666876 8.715937
v -1.8440828 7.96628 8.715937
v -1.2943344 9.265686 8.715937
v 0.0050706863 6.1421156 8.715937
v 0.0050706863 9.8154335 8.715937
v 1.3044758 9.265686 8.715937
v 1.3044758 6.666876 8.715937
v 1.8292356 7.96628 8.715937
v -1.2943344 9.265686 8.715937
v -1.8440828 7.96628 8.715937
v -2.9185915 7.96628 7.466509
v -2.0689802 10.040331 7.466509
v -2.4438086 10.415159 6.2670584
v -3.46834 7.96628 6.2670584
v -2.4438086 5.5174017 6.2670584
v -2.0689802 5.89223 7.466509
v -1.8440828 7.96628 8.715937
v -1.2943344 6.666876 8.715937
v -2.1439457 9.215708 3.0185452
v 0.0050706863 9.640514 3.8431683
v -1.4442663 8.790903 3.8431683
v 0.0050706863 10.440147 3.0185452
v 1.4294186 8.790903 3.8431683
v 2.129098 9.215708 3.0185452
v -2.1439457 6.7418404 3.0185452
v -2.1439457 9.215708 3.0185452
v -1.4442663 8.790903 3.8431683
v -1.4442663 7.141659 3.8431683
v 0.0050706863 5.5174017 3.0185452
v -2.1439457 6.7418404 3.0185452
v -1.4442663 7.141659 3.8431683
v 0.0050706863 6.3170357 3.8431683
v 2.129098 6.7418404 3.0185452
v 1.4294186 7.141659 3.8431683
v 2.129098 9.215708 3.0185452
v 2.129098 6.7418404 3.0185452
v 1.4294186 7.141659 3.8431683
v 1.4294186 8.790903 3.8431683
v 0.0050706863 9.640514 3.8431683
v -1.4442663 8.790903 9.715481
v -1.4442663 8.790903 3.8431683
v 0.0050706863 9.640514 9.715481
v 1.4294186 8.790903 3.8431683
v 1.4294186 8.790903 9.715481
v -1.4442663 8.790903 3.8431683
v -1.4442663 8.790903 9.715481
v -1.4442663 7.141659 9.715481
v -1.4442663 7.141659 3.8431683
v 0.0050706863 6.3170357 9.715481
v 0.0050706863 6.3170357 3.8431683
v 0.0050706863 6.3170357 3.8431683
v 0.0050706863 6.3170357 9.715481
v 1.4294186 7.141659 9.715481
v 1.4294186 7.141659 3.8431683
v 1.4294186 7.141659 3.8431683
v 1.4294186 7.141659 9.715481
v 1.4294186 8.790903 9.715481
v 1.4294186 8.790903 3.8431683
v 0.0050706863 9.640514 9.715481
v -0.9944725 8.541018 10.740011
v -1.4442663 8.790903 9.715481
v 0.0050706863 9.115755 10.740011
v 1.4294186 8.790903 9.715481
v 1.0046129 8.541018 10.740011
v 1.4294186 7.141659 9.715481
v 1.0046129 7.3915443 10.740011
v 1.0046129 8.541018 10.740011
v 1.4294186 8.790903 9.715481
v 0.0050706863 6.3170357 9.715481
v 1.0046129 7.3915443 10.740011
v 1.4294186 7.141659 9.715481
v 0.0050706863 6.816807 10.740011
v -1.4442663 7.141659 9.715481
v -0.9944725 7.3915443 10.740011
v -1.4442663 8.790903 9.715481
v -0.9944725 8.541018 10.740011
v -0.9944725 7.3915443 10.740011
v -1.4442663 7.141659 9.715481
v 0.0050706863 8.815891 10.740011
v -0.744586 8.391087 12.389256
v -0.744586 8.391087 10.740011
v 0.0050706863 8.815891 12.389256
v 0.72973824 8.391087 10.740011
v 0.72973824 8.391087 12.389256
v -0.744586 8.391087 10.740011
v -0.744586 8.391087 12.389256
v -0.744586 7.5414753 12.389256
v -0.744586 7.5414753 10.740011
v -0.744586 7.5414753 10.740011
v -0.744586 7.5414753 12.389256
v 0.0050706863 7.1166687 12.389256
v 0.0050706863 7.1166687 10.740011
v 0.72973824 7.5414753 12.389256
v 0.72973824 7.5414753 10.740011
v 0.72973824 7.5414753 10.740011
v 0.72973824 7.5414753 12.389256
v 0.72973824 8.391087 12.389256
v 0.72973824 8.391087 10.740011
v -1.1943808 7.2666016 12.389256
v -1.1943808 8.66596 12.389256
v -1.1693916 8.640972 14.1634445
v -1.1693916 7.2915897 14.1634445
v -0.64463234 7.5914516 15.862665
v -0.64463234 8.341108 15.862665
v 0.0050706863 6.566921 12.389256
v -1.1943808 7.2666016 12.389256
v -1.1693916 7.2915897 14.1634445
v 0.0050706863 6.6168976 14.1634445
v 1.2045212 7.2666016 12.389256
v 1.179533 7.2915897 14.1634445
v 0.65477276 7.5914516 15.862665
v 0.0050706863 7.2166233 15.862665
v -0.64463234 7.5914516 15.862665
v 1.2045212 8.66596 12.389256
v 1.2045212 7.2666016 12.389256
v 1.179533 7.2915897 14.1634445
v 1.179533 8.640972 14.1634445
v 0.65477276 8.341108 15.862665
v 0.65477276 7.5914516 15.862665
v 0.0050706863 9.365641 12.389256
v 1.2045212 8.66596 12.389256
v 1.179533 8.640972 14.1634445
v 0.0050706863 9.340651 14.1634445
v -1.1943808 8.66596 12.389256
v -1.1693916 8.640972 14.1634445
v -0.64463234 8.341108 15.862665
v 0.0050706863 8.715937 15.862665
v 0.65477276 8.341108 15.862665
v 0.65477276 8.341108 15.862665
v 0.65477276 7.5914516 15.862665
v 0.0050706863 7.2166233 15.862665
v 0.0050706863 8.715937 15.862665
v -0.64463234 8.341108 15.862665
v -0.64463234 7.5914516 15.862665
v 1.2295103 9.040789 -3.9282746
v 1.2295103 8.915846 -4.4530344
v 1.2295103 8.890858 -3.428503
v 1.2295103 8.491041 -3.028686
v 1.2295103 8.341108 -5.002783
v 1.2295103 7.96628 -2.9037433
v 1.2295103 7.96628 -5.102737
v 1.2295103 7.4415207 -4.9528055
v 1.2295103 7.4415207 -2.9787092
v 1.2295103 6.991726 -3.3785262
v 1.2295103 6.991726 -4.4530344
v 1.2295103 6.841795 -3.9282746
v -1.9940147 8.516029 -3.0536747
v -1.2443581 8.890858 -3.4035149
v -1.7941065 8.890858 -3.4035149
v -1.2443581 8.516029 -3.0536747
v -2.2439003 7.96628 -2.9537206
v -1.2443581 7.96628 -2.9537206
v -1.9690256 7.3665543 -3.0786633
v -1.2443581 7.3665543 -3.0786633
v -1.7441292 6.9667377 -3.503469
v -1.2443581 6.9667377 -3.503469
v -1.7941065 8.890858 -3.4035149
v -1.2443581 8.890858 -3.4035149
v -1.2443581 9.040789 -3.9282746
v -1.6691628 9.040789 -3.9282746
v -1.2443581 8.890858 -4.4530344
v -1.5692091 8.890858 -4.4530344
v -1.2443581 8.516029 -4.902828
v -1.5941973 8.516029 -4.902828
v -1.6441746 6.866783 -3.9282746
v -1.2443581 6.9667377 -3.503469
v -1.7441292 6.9667377 -3.503469
v -1.2443581 6.866783 -3.9282746
v -1.54422 7.016716 -4.528
v -1.2443581 7.016716 -4.528
v -1.6191864 7.5414753 -4.977794
v -1.2443581 7.5414753 -4.977794
v -1.5941973 8.516029 -4.902828
v -1.2443581 8.516029 -4.902828
v -1.2443581 7.96628 -5.0777483
v -1.7691174 7.96628 -5.0777483
v -1.7691174 7.96628 -5.0777483
v -1.2443581 7.96628 -5.0777483
v -1.2443581 7.5414753 -4.977794
v -1.6191864 7.5414753 -4.977794
v 1.8042469 8.890858 -3.428503
v 1.2295103 8.491041 -3.028686
v 2.0041552 8.491041 -3.028686
v 1.2295103 8.890858 -3.428503
v 1.6793041 9.040789 -3.9282746
v 1.2295103 9.040789 -3.9282746
v 1.5793495 8.915846 -4.4530344
v 1.2295103 8.915846 -4.4530344
v 1.654315 8.341108 -5.002783
v 1.2295103 8.341108 -5.002783
v 2.0041552 8.491041 -3.028686
v 1.2295103 8.491041 -3.028686
v 1.2295103 7.96628 -2.9037433
v 2.2540407 7.96628 -2.9037433
v 1.2295103 7.4415207 -2.9787092
v 2.0291438 7.4415207 -2.9787092
v 1.2295103 6.991726 -3.3785262
v 1.7792583 6.991726 -3.3785262
v 1.7792583 6.991726 -3.3785262
v 1.2295103 6.991726 -3.3785262
v 1.2295103 6.841795 -3.9282746
v 1.6293268 6.841795 -3.9282746
v 1.2295103 6.991726 -4.4530344
v 1.5543613 6.991726 -4.4530344
v 1.2295103 7.4415207 -4.9528055
v 1.6043386 7.4415207 -4.9528055
v 1.6043386 7.4415207 -4.9528055
v 1.2295103 7.4415207 -4.9528055
v 1.2295103 7.96628 -5.102737
v 1.7792583 7.96628 -5.102737
v 1.7792583 7.96628 -5.102737
v 1.2295103 7.96628 -5.102737
v 1.2295103 8.341108 -5.002783
v 1.654315 8.341108 -5.002783
v -1.2443581 8.890858 -4.4530344
v -1.2443581 9.040789 -3.9282746
v -1.2443581 8.890858 -3.4035149
v -1.2443581 8.516029 -4.902828
v -1.2443581 8.516029 -3.0536747
v -1.2443581 7.96628 -2.9537206
v -1.2443581 7.96628 -5.0777483
v -1.2443581 7.5414753 -4.977794
v -1.2443581 7.3665543 -3.0786633
v -1.2443581 7.016716 -4.528
v -1.2443581 6.9667377 -3.503469
v -1.2443581 6.866783 -3.9282746
v 1.1545439 6.816807 -5.6274967
v 1.6293268 6.841795 -3.9282746
v 1.5543613 6.991726 -4.4530344
v 1.6043386 7.4415207 -4.9528055
v 1.7792583 7.96628 -5.102737
v 1.4793959 6.491955 -3.9282746
v 1.7792583 6.192093 -0.87967014
v 1.7792583 6.991726 -3.3785262
v 2.0291438 7.4415207 -2.9787092
v 2.528915 7.96628 -0.87967014
v 2.2540407 7.96628 -2.9037433
v 2.0041552 8.491041 -3.028686
v 1.8042469 8.890858 -3.428503
v 1.7792583 9.765457 -0.87967014
v 1.4793959 9.465595 -3.9282746
v 1.6793041 9.040789 -3.9282746
v 1.5793495 8.915846 -4.4530344
v 1.1545439 9.115755 -5.6274967
v 1.654315 8.341108 -5.002783
v 1.6293268 7.96628 -5.6274967
v 0.42987633 7.5414753 -7.601593
v 0.60479546 7.96628 -7.601593
v 0.42987633 8.416075 -7.601593
v 0.0050706863 7.96628 -8.126352
v -1.7441292 6.9667377 -3.503469
v -2.5437632 7.96628 -0.87967014
v -1.7941065 6.192093 -0.87967014
v -1.4942436 6.491955 -3.9282746
v -1.6441746 6.866783 -3.9282746
v -1.54422 7.016716 -4.528
v -1.9690256 7.3665543 -3.0786633
v -2.2439003 7.96628 -2.9537206
v -1.9940147 8.516029 -3.0536747
v -1.7941065 9.765457 -0.87967014
v -1.7941065 8.890858 -3.4035149
v -1.4942436 9.465595 -3.9282746
v -1.6691628 9.040789 -3.9282746
v -1.1444035 6.816807 -5.6274967
v -1.1444035 9.115755 -5.6274967
v -1.5692091 8.890858 -4.4530344
v -1.5941973 8.516029 -4.902828
v -1.7691174 7.96628 -5.0777483
v -1.6191864 7.5414753 -4.977794
v -1.6191864 7.96628 -5.6274967
v -0.44472408 8.416075 -7.601593
v -0.6196432 7.96628 -7.601593
v -0.44472408 7.5414753 -7.601593
v 0.0050706863 7.96628 -8.126352
v 2.4289608 0.9195061 -1.4044294
v 2.9537206 0.744586 -0.25495625
v 2.9537206 0.744586 -2.5539036
v 2.1790752 1.3443117 -0.70475006
v 2.1790752 1.3443117 -2.1041093
v 1.9791665 1.3693008 -1.4044294
v -2.4438086 0.9195061 -1.4044294
v -2.9435797 0.744586 -2.5539036
v -2.9435797 0.744586 -0.25495625
v -2.193923 1.3443117 -0.70475006
v -2.193923 1.3443117 -2.1041093
v -1.9940147 1.3693008 -1.4044294
v -0.9694834 1.3693008 -3.6284118
v -1.4442663 1.0944262 -3.6284118
v -1.4442663 2.7686596 -3.6284118
v 0.0050706863 0.269804 -3.6284118
v -0.9694834 2.4937859 -3.6284118
v 0.0050706863 0.8195524 -3.6284118
v 0.0050706863 3.5932827 -3.6284118
v 0.9546356 1.3693008 -3.6284118
v 0.0050706863 3.0435343 -3.6284118
v 1.4294186 1.0944262 -3.6284118
v 1.4294186 2.7686596 -3.6284118
v 0.9546356 2.4937859 -3.6284118
v 0.72973824 7.5414753 12.389256
v 1.2045212 8.66596 12.389256
v 0.72973824 8.391087 12.389256
v 1.2045212 7.2666016 12.389256
v 0.0050706863 9.365641 12.389256
v 0.0050706863 7.1166687 12.389256
v 0.0050706863 8.815891 12.389256
v 0.0050706863 6.566921 12.389256
v -1.1943808 8.66596 12.389256
v -0.744586 7.5414753 12.389256
v -0.744586 8.391087 12.389256
v -1.1943808 7.2666016 12.389256
v 1.0046129 7.3915443 10.740011
v 0.72973824 8.391087 10.740011
v 1.0046129 8.541018 10.740011
v 0.72973824 7.5414753 10.740011
v 0.0050706863 8.815891 10.740011
v 0.0050706863 6.816807 10.740011
v 0.0050706863 9.115755 10.740011
v 0.0050706863 7.1166687 10.740011
v -0.744586 8.391087 10.740011
v -0.9944725 7.3915443 10.740011
v -0.9944725 8.541018 10.740011
v -0.744586 7.5414753 10.740011
v 1.0296011 2.518774 -4.3780684
v 0.0050706863 3.5932827 -4.3780684
v 0.0050706863 3.1184998 -4.3780684
v 1.4294186 2.7686596 -4.3780684
v -1.4442663 2.7686596 -4.3780684
v 1.0296011 1.3443117 -4.3780684
v -1.0194607 2.518774 -4.3780684
v 1.4294186 1.0944262 -4.3780684
v -1.4442663 1.0944262 -4.3780684
v 0.0050706863 0.744586 -4.3780684
v -1.0194607 1.3443117 -4.3780684
v 0.0050706863 0.269804 -4.3780684
v 3.2036061 3.5682936 1.394289
v 2.3789835 4.6927795 2.3188658
v 3.8533087 6.716852 2.3188658
v 5.1777024 6.2920475 1.394289
v 0.0050706863 2.5437632 1.394289
v 3.8533087 9.215708 2.3188658
v 0.0050706863 3.943122 2.3188658
v 5.1777024 9.640514 1.394289
v -3.1934652 3.5682936 1.394289
v 2.3789835 11.239782 2.3188658
v -2.368843 4.6927795 2.3188658
v 3.2036061 12.364267 1.394289
v -5.1675615 6.2920475 1.394289
v 0.0050706863 12.014427 2.3188658
v -3.8431683 6.716852 2.3188658
v 0.0050706863 13.413788 1.394289
v -5.1675615 9.640514 1.394289
v -2.368843 11.239782 2.3188658
v -3.8431683 9.215708 2.3188658
v -3.1934652 12.364267 1.394289
v 3.0536747 3.7432137 0.36975765
v 3.4035149 3.2684307 0.36975765
v 5.5275426 6.167104 0.36975765
v 4.9528055 6.367012 0.36975765
v 0.0050706863 2.7686596 0.36975765
v 5.5275426 9.765457 0.36975765
v 0.0050706863 2.1689348 0.36975765
v 4.9528055 9.590538 0.36975765
v -3.0685225 3.7432137 0.36975765
v 3.4035149 12.664129 0.36975765
v -3.4183626 3.2684307 0.36975765
v 3.0536747 12.189348 0.36975765
v -4.9676533 6.367012 0.36975765
v 0.0050706863 13.763626 0.36975765
v -5.5174017 6.167104 0.36975765
v 0.0050706863 13.18889 0.36975765
v -4.9676533 9.590538 0.36975765
v -3.4183626 12.664129 0.36975765
v -5.5174017 9.765457 0.36975765
v -3.0685225 12.189348 0.36975765
v 2.603881 5.3674707 2.3188658
v 1.9791665 5.9921846 3.0185452
v 2.8037891 7.96628 3.0185452
v 0.0050706863 4.3179502 2.3188658
v 3.6534004 7.96628 2.3188658
v 0.0050706863 5.1675615 3.0185452
v 1.9791665 9.965366 3.0185452
v -2.5937405 5.3674707 2.3188658
v 2.603881 10.56509 2.3188658
v -1.9940147 5.9921846 3.0185452
v 0.0050706863 10.789988 3.0185452
v -3.6682482 7.96628 2.3188658
v 0.0050706863 11.639599 2.3188658
v -2.818637 7.96628 3.0185452
v -1.9940147 9.965366 3.0185452
v -2.5937405 10.56509 2.3188658
vt 0.48284543 0.045805313
vt 0.4867476 0.026294593
vt 0.471139 0.030196737
vt 0.45943257 0.026294593
vt 0.43211758 0.010686018
vt 0.4282154 0.018490305
vt 0.48284543 0.045805313
vt 0.471139 0.030196737
vt 0.4867476 0.026294593
vt 0.45943257 0.026294593
vt 0.4282154 0.018490305
vt 0.43211758 0.010686018
vt 0.6233226 0.61161613
vt 0.61551833 0.54527974
vt 0.635029 0.54527974
vt 0.61551833 0.54527974
vt 0.6233226 0.61161613
vt 0.635029 0.54527974
vt 0.6233226 0.61161613
vt 0.635029 0.54527974
vt 0.61551833 0.54527974
vt 0.61551833 0.54527974
vt 0.635029 0.54527974
vt 0.6233226 0.61161613
vt 0.53357327 0.9354941
vt 0.61942047 0.95890695
vt 0.61942047 0.9354941
vt 0.53357327 0.95890695
vt 0.43992186 0.9354941
vt 0.43992186 0.95890695
vt 0.53357327 0.9354941
vt 0.53357327 0.95890695
vt 0.61942047 0.9354941
vt 0.61942047 0.95890695
vt 0.61942047 0.9354941
vt 0.61942047 0.95890695
vt 0.70916975 0.95890695
vt 0.70916975 0.9354941
vt 0.8028212 0.95890695
vt 0.8028212 0.9354941
vt 0.8028212 0.9354941
vt 0.8028212 0.95890695
vt 0.9081791 0.95890695
vt 0.9081791 0.9354941
vt 0.8028212 0.95890695
vt 0.8028212 0.9354941
vt 0.70916975 0.95890695
vt 0.70916975 0.9354941
vt 0.70916975 0.9354941
vt 0.70916975 0.95890695
vt 0.61942047 0.95890695
vt 0.61942047 0.9354941
vt 0.07312032 0.66234404
vt 0.010686018 0.7520933
vt 0.010686018 0.86525553
vt 0.07312032 0.9550048
vt 0.18238036 0.62722474
vt 0.18238036 0.9901241
vt 0.07312032 0.66234404
vt 0.07312032 0.9550048
vt 0.010686018 0.86525553
vt 0.010686018 0.7520933
vt 0.6233226 0.9979284
vt 0.6233226 0.9667113
vt 0.525769 0.9667113
vt 0.525769 0.9979284
vt 0.4282154 0.9667113
vt 0.4282154 0.9979284
vt 0.525769 0.9979284
vt 0.525769 0.9667113
vt 0.6233226 0.9667113
vt 0.6233226 0.9979284
vt 0.7208762 0.9979284
vt 0.6233226 0.9667113
vt 0.6233226 0.9979284
vt 0.7208762 0.9667113
vt 0.81842977 0.9979284
vt 0.81842977 0.9667113
vt 0.9159834 0.9979284
vt 0.81842977 0.9667113
vt 0.81842977 0.9979284
vt 0.91208124 0.9667113
vt 0.81842977 0.9979284
vt 0.81842977 0.9667113
vt 0.7208762 0.9979284
vt 0.7208762 0.9667113
vt 0.6233226 0.9979284
vt 0.6233226 0.9667113
vt 0.7208762 0.9667113
vt 0.7208762 0.9979284
vt 0.25261894 0.84184265
vt 0.3033468 0.68965906
vt 0.25261894 0.75989765
vt 0.3033468 0.91208124
vt 0.38529184 0.66234404
vt 0.38529184 0.93939626
vt 0.3033468 0.68965906
vt 0.3033468 0.91208124
vt 0.25261894 0.75989765
vt 0.25261894 0.84184265
vt 0.3384661 0.33456397
vt 0.30724895 0.2565211
vt 0.3384661 0.17847821
vt 0.416509 0.36578113
vt 0.416509 0.14726107
vt 0.3384661 0.17847821
vt 0.3384661 0.33456397
vt 0.30724895 0.2565211
vt 0.31505325 0.057511743
vt 0.28773823 0.045805313
vt 0.28773823 0.0536096
vt 0.31505325 0.049707454
vt 0.44772613 0.09653318
vt 0.4516283 0.08482675
vt 0.4867476 0.08482675
vt 0.48284543 0.09653318
vt 0.4282154 0.018490305
vt 0.43211758 0.010686018
vt 0.4087047 0.010686018
vt 0.40480256 0.018490305
vt 0.4516283 0.07702246
vt 0.49455187 0.07312032
vt 0.49455187 0.061413888
vt 0.45553043 0.06531604
vt 0.3267597 0.030196737
vt 0.32285753 0.010686018
vt 0.27993396 0.038001023
vt 0.27993396 0.006783873
vt 0.45553043 0.06531604
vt 0.49455187 0.061413888
vt 0.49455187 0.07312032
vt 0.4516283 0.07702246
vt 0.32285753 0.010686018
vt 0.3267597 0.030196737
vt 0.27993396 0.006783873
vt 0.27993396 0.038001023
vt 0.31505325 0.057511743
vt 0.28773823 0.0536096
vt 0.28773823 0.045805313
vt 0.31505325 0.049707454
vt 0.44772613 0.09653318
vt 0.4516283 0.08482675
vt 0.4867476 0.08482675
vt 0.48284543 0.09653318
vt 0.4282154 0.018490305
vt 0.40480256 0.018490305
vt 0.4087047 0.010686018
vt 0.43211758 0.010686018
vt 0.4516283 0.07702246
vt 0.49455187 0.061413888
vt 0.49455187 0.07312032
vt 0.45553043 0.06531604
vt 0.3267597 0.030196737
vt 0.32285753 0.010686018
vt 0.27993396 0.038001023
vt 0.27993396 0.006783873
vt 0.45553043 0.06531604
vt 0.49455187 0.07312032
vt 0.49455187 0.061413888
vt 0.4516283 0.07702246
vt 0.32285753 0.010686018
vt 0.3267597 0.030196737
vt 0.27993396 0.006783873
vt 0.27993396 0.038001023
vt 0.12775034 0.1511632
vt 0.0887289 0.11214176
vt 0.100435324 0.1511632
vt 0.13945678 0.11214176
vt 0.17457607 0.1511632
vt 0.1511632 0.1511632
vt 0.1862825 0.11214176
vt 0.1511632 0.1511632
vt 0.13945678 0.11214176
vt 0.100435324 0.1511632
vt 0.12775034 0.1511632
vt 0.0887289 0.11214176
vt 0.07702246 0.1511632
vt 0.041903168 0.11214176
vt 0.049707454 0.1511632
vt 0.07702246 0.1511632
vt 0.36578113 0.0887289
vt 0.3384661 0.13555463
vt 0.36578113 0.11994605
vt 0.3384661 0.07312032
vt 0.36578113 0.11994605
vt 0.36578113 0.0887289
vt 0.1862825 0.11214176
vt 0.13945678 0.002881729
vt 0.13945678 0.11214176
vt 0.1862825 0.002881729
vt 0.13945678 0.11214176
vt 0.13945678 0.002881729
vt 0.0887289 0.11214176
vt 0.0887289 0.002881729
vt 0.13945678 0.002881729
vt 0.13945678 0.11214176
vt 0.041903168 0.11214176
vt 0.0887289 0.002881729
vt 0.0887289 0.11214176
vt 0.041903168 0.002881729
vt 0.0887289 0.11214176
vt 0.0887289 0.002881729
vt 0.13945678 0.11214176
vt 0.13945678 0.002881729
vt 0.0887289 0.002881729
vt 0.0887289 0.11214176
vt 0.23701037 0.1589675
vt 0.27212965 0.1589675
vt 0.27212965 0.08092461
vt 0.23701037 0.08092461
vt 0.23701037 0.08092461
vt 0.27212965 0.08092461
vt 0.27212965 0.002881729
vt 0.23701037 0.002881729
vt 0.23701037 0.002881729
vt 0.27212965 0.002881729
vt 0.27212965 0.08092461
vt 0.23701037 0.08092461
vt 0.23701037 0.08092461
vt 0.27212965 0.08092461
vt 0.27212965 0.1589675
vt 0.23701037 0.1589675
vt 0.23701037 0.1589675
vt 0.27212965 0.1589675
vt 0.27212965 0.23701037
vt 0.23701037 0.23701037
vt 0.23701037 0.23701037
vt 0.27212965 0.23701037
vt 0.27212965 0.1589675
vt 0.23701037 0.1589675
vt 0.22920609 0.061413888
vt 0.19408679 0.061413888
vt 0.19408679 0.1160439
vt 0.22920609 0.1160439
vt 0.22920609 0.1160439
vt 0.19408679 0.1160439
vt 0.19408679 0.17067392
vt 0.22920609 0.17067392
vt 0.19408679 0.1160439
vt 0.22920609 0.1160439
vt 0.22920609 0.1160439
vt 0.19408679 0.1160439
vt 0.19408679 0.061413888
vt 0.22920609 0.061413888
vt 0.22920609 0.061413888
vt 0.19408679 0.061413888
vt 0.19408679 0.002881729
vt 0.22920609 0.002881729
vt 0.19408679 0.061413888
vt 0.22920609 0.061413888
vt 0.31505325 0.13555463
vt 0.28773823 0.09263104
vt 0.28773823 0.11994605
vt 0.31505325 0.07702246
vt 0.28773823 0.09263104
vt 0.28773823 0.11994605
vt 0.6662462 0.61551833
vt 0.6662462 0.67405045
vt 0.6467354 0.67405045
vt 0.6662462 0.553084
vt 0.6467354 0.498454
vt 0.6662462 0.498454
vt 0.6662462 0.553084
vt 0.6662462 0.498454
vt 0.6467354 0.498454
vt 0.6467354 0.67405045
vt 0.6662462 0.61551833
vt 0.6662462 0.67405045
vt 0.56869256 0.61161613
vt 0.56869256 0.54527974
vt 0.5960076 0.54527974
vt 0.5960076 0.61161613
vt 0.61551833 0.54527974
vt 0.6233226 0.61161613
vt 0.6233226 0.6584419
vt 0.6311269 0.6311269
vt 0.5647904 0.6311269
vt 0.56869256 0.6584419
vt 0.5960076 0.6701483
vt 0.6233226 0.6584419
vt 0.5960076 0.6701483
vt 0.56869256 0.6584419
vt 0.6311269 0.6311269
vt 0.5647904 0.6311269
vt 0.5960076 0.54527974
vt 0.6233226 0.61161613
vt 0.61551833 0.54527974
vt 0.5960076 0.61161613
vt 0.56869256 0.54527974
vt 0.56869256 0.61161613
vt 0.6818547 0.43211758
vt 0.67405045 0.416509
vt 0.65453976 0.416509
vt 0.6662462 0.443824
vt 0.6857569 0.443824
vt 0.65453976 0.47504115
vt 0.6818547 0.45553043
vt 0.67405045 0.47504115
vt 0.7208762 0.416509
vt 0.69746333 0.416509
vt 0.69746333 0.4282154
vt 0.67405045 0.416509
vt 0.6818547 0.43211758
vt 0.69746333 0.443824
vt 0.6857569 0.443824
vt 0.69746333 0.45943257
vt 0.6818547 0.45553043
vt 0.69746333 0.47504115
vt 0.67405045 0.47504115
vt 0.7208762 0.47504115
vt 0.6857569 0.49455187
vt 0.6857569 0.67405045
vt 0.73648477 0.67405045
vt 0.73648477 0.49455187
vt 0.6662462 0.61551833
vt 0.6467354 0.67405045
vt 0.6662462 0.67405045
vt 0.6662462 0.553084
vt 0.6467354 0.498454
vt 0.6662462 0.498454
vt 0.6662462 0.553084
vt 0.6467354 0.498454
vt 0.6662462 0.498454
vt 0.6467354 0.67405045
vt 0.6662462 0.61551833
vt 0.6662462 0.67405045
vt 0.56869256 0.61161613
vt 0.5960076 0.54527974
vt 0.56869256 0.54527974
vt 0.5960076 0.61161613
vt 0.61551833 0.54527974
vt 0.6233226 0.61161613
vt 0.6233226 0.6584419
vt 0.5647904 0.6311269
vt 0.6311269 0.6311269
vt 0.56869256 0.6584419
vt 0.5960076 0.6701483
vt 0.6233226 0.6584419
vt 0.56869256 0.6584419
vt 0.5960076 0.6701483
vt 0.6311269 0.6311269
vt 0.5647904 0.6311269
vt 0.5960076 0.54527974
vt 0.61551833 0.54527974
vt 0.6233226 0.61161613
vt 0.5960076 0.61161613
vt 0.56869256 0.54527974
vt 0.56869256 0.61161613
vt 0.6818547 0.43211758
vt 0.65453976 0.416509
vt 0.67405045 0.416509
vt 0.6662462 0.443824
vt 0.6857569 0.443824
vt 0.65453976 0.47504115
vt 0.6818547 0.45553043
vt 0.67405045 0.47504115
vt 0.7208762 0.416509
vt 0.69746333 0.4282154
vt 0.69746333 0.416509
vt 0.67405045 0.416509
vt 0.6818547 0.43211758
vt 0.69746333 0.443824
vt 0.6857569 0.443824
vt 0.69746333 0.45943257
vt 0.6818547 0.45553043
vt 0.69746333 0.47504115
vt 0.67405045 0.47504115
vt 0.7208762 0.47504115
vt 0.6857569 0.49455187
vt 0.73648477 0.49455187
vt 0.73648477 0.67405045
vt 0.6857569 0.67405045
vt 0.75989765 0.5491819
vt 0.7833105 0.61161613
vt 0.8379405 0.6662462
vt 0.931592 0.6857569
vt 0.931592 0.36578113
vt 0.7403869 0.36578113
vt 0.7403869 0.36578113
vt 0.75989765 0.5491819
vt 0.8379405 0.6662462
vt 0.7833105 0.61161613
vt 0.9628091 0.6662462
vt 0.99402624 0.6662462
vt 0.99402624 0.4633347
vt 0.94720054 0.4633347
vt 0.99402624 0.39309612
vt 0.9628091 0.39309612
vt 0.99402624 0.31505325
vt 0.9667113 0.31505325
vt 0.94720054 0.4633347
vt 0.99402624 0.6662462
vt 0.9628091 0.6662462
vt 0.99402624 0.4633347
vt 0.9628091 0.39309612
vt 0.99402624 0.39309612
vt 0.9667113 0.31505325
vt 0.99402624 0.31505325
vt 0.99402624 0.22530393
vt 0.9667113 0.31505325
vt 0.99402624 0.31505325
vt 0.9706134 0.22530393
vt 0.99402624 0.31505325
vt 0.9667113 0.31505325
vt 0.8379405 0.6662462
vt 0.75989765 0.5491819
vt 0.7833105 0.61161613
vt 0.931592 0.6857569
vt 0.931592 0.36578113
vt 0.7403869 0.36578113
vt 0.7403869 0.36578113
vt 0.75989765 0.5491819
vt 0.7833105 0.61161613
vt 0.8379405 0.6662462
vt 0.47504115 0.7755062
vt 0.43211758 0.77940834
vt 0.40480256 0.7559955
vt 0.3969983 0.70916975
vt 0.4789433 0.7130719
vt 0.40090042 0.65453976
vt 0.48284543 0.65453976
vt 0.416509 0.5882033
vt 0.4789433 0.5882033
vt 0.44772613 0.5374754
vt 0.47504115 0.52967113
vt 0.15506534 0.81452763
vt 0.15506534 0.84184265
vt 0.14335892 0.8379405
vt 0.14335892 0.8028212
vt 0.14335892 0.7872126
vt 0.15506534 0.7872126
vt 0.15506534 0.8457448
vt 0.14335892 0.8496469
vt 0.14335892 0.85354906
vt 0.14335892 0.7989191
vt 0.15506534 0.8028212
vt 0.15506534 0.85354906
vt 0.15506534 0.8262341
vt 0.14335892 0.8457448
vt 0.14335892 0.7989191
vt 0.15506534 0.7989191
vt 0.14335892 0.83013624
vt 0.15506534 0.8496469
vt 0.14335892 0.85354906
vt 0.15506534 0.8223319
vt 0.15506534 0.75989765
vt 0.15506534 0.8574512
vt 0.14335892 0.8730598
vt 0.14335892 0.7559955
vt 0.7052676 0.68965906
vt 0.8847662 0.68965906
vt 0.7637998 0.73648477
vt 0.69746333 0.80672336
vt 0.6506376 0.8028212
vt 0.61161613 0.7872126
vt 0.5647904 0.7637998
vt 0.50625825 0.7130719
vt 0.49064973 0.68965906
vt 0.52186686 0.7559955
vt 0.59210545 0.43211758
vt 0.6311269 0.45943257
vt 0.60381186 0.4867476
vt 0.5647904 0.4633347
vt 0.49455187 0.40480256
vt 0.4867476 0.45943257
vt 0.40090042 0.40480256
vt 0.41260684 0.46723688
vt 0.33456397 0.4789433
vt 0.2916404 0.41260684
vt 0.17067392 0.42431328
vt 0.24091251 0.49064973
vt 0.1862825 0.5140626
vt 0.057511743 0.43601972
vt 0.002881729 0.4867476
vt 0.15506534 0.5608883
vt 0.28773823 0.5999097
vt 0.26042324 0.63893116
vt 0.15506534 0.8106255
vt 0.15506534 0.85354906
vt 0.14335892 0.85354906
vt 0.14335892 0.7989191
vt 0.15506534 0.7989191
vt 0.15506534 0.8379405
vt 0.14335892 0.84184265
vt 0.14335892 0.7989191
vt 0.3189554 0.5882033
vt 0.28773823 0.5999097
vt 0.1862825 0.5140626
vt 0.24091251 0.49064973
vt 0.36578113 0.57649684
vt 0.33456397 0.4789433
vt 0.416509 0.553084
vt 0.41260684 0.46723688
vt 0.47504115 0.5179647
vt 0.4867476 0.45943257
vt 0.5647904 0.4633347
vt 0.53357327 0.5179647
vt 0.5647904 0.4633347
vt 0.60381186 0.4867476
vt 0.5608883 0.52967113
vt 0.53357327 0.5179647
vt 0.15506534 0.87696195
vt 0.14335892 0.87696195
vt 0.14335892 0.7403869
vt 0.15506534 0.7481912
vt 0.81842977 0.10433747
vt 0.81842977 0.15506534
vt 0.9979284 0.15506534
vt 0.9979284 0.10433747
vt 0.94720054 0.3384661
vt 0.9550048 0.3384661
vt 0.9550048 0.1589675
vt 0.94720054 0.1589675
vt 0.81842977 0.15506534
vt 0.81842977 0.10433747
vt 0.9979284 0.10433747
vt 0.9979284 0.15506534
vt 0.9550048 0.3384661
vt 0.94720054 0.3384661
vt 0.94720054 0.1589675
vt 0.9550048 0.1589675
vt 0.47504115 0.7755062
vt 0.40480256 0.7559955
vt 0.43211758 0.77940834
vt 0.3969983 0.70916975
vt 0.4789433 0.7130719
vt 0.48284543 0.65453976
vt 0.40090042 0.65453976
vt 0.4789433 0.5882033
vt 0.416509 0.5882033
vt 0.47504115 0.52967113
vt 0.44772613 0.5374754
vt 0.15506534 0.81452763
vt 0.14335892 0.8028212
vt 0.14335892 0.8379405
vt 0.15506534 0.84184265
vt 0.15506534 0.7872126
vt 0.14335892 0.7872126
vt 0.14335892 0.8496469
vt 0.15506534 0.8457448
vt 0.14335892 0.7989191
vt 0.14335892 0.85354906
vt 0.15506534 0.85354906
vt 0.15506534 0.8028212
vt 0.14335892 0.7989191
vt 0.14335892 0.8457448
vt 0.15506534 0.8262341
vt 0.15506534 0.7989191
vt 0.14335892 0.83013624
vt 0.14335892 0.85354906
vt 0.15506534 0.8496469
vt 0.15506534 0.8223319
vt 0.15506534 0.75989765
vt 0.14335892 0.7559955
vt 0.14335892 0.8730598
vt 0.15506534 0.8574512
vt 0.7052676 0.68965906
vt 0.7637998 0.73648477
vt 0.8847662 0.68965906
vt 0.69746333 0.80672336
vt 0.6506376 0.8028212
vt 0.61161613 0.7872126
vt 0.5647904 0.7637998
vt 0.50625825 0.7130719
vt 0.49064973 0.68965906
vt 0.52186686 0.7559955
vt 0.59210545 0.43211758
vt 0.60381186 0.4867476
vt 0.6311269 0.45943257
vt 0.5647904 0.4633347
vt 0.4867476 0.45943257
vt 0.49455187 0.40480256
vt 0.41260684 0.46723688
vt 0.40090042 0.40480256
vt 0.33456397 0.4789433
vt 0.2916404 0.41260684
vt 0.24091251 0.49064973
vt 0.17067392 0.42431328
vt 0.1862825 0.5140626
vt 0.057511743 0.43601972
vt 0.002881729 0.4867476
vt 0.15506534 0.5608883
vt 0.26042324 0.63893116
vt 0.28773823 0.5999097
vt 0.15506534 0.8106255
vt 0.14335892 0.7989191
vt 0.14335892 0.85354906
vt 0.15506534 0.85354906
vt 0.14335892 0.7989191
vt 0.14335892 0.84184265
vt 0.15506534 0.8379405
vt 0.15506534 0.7989191
vt 0.3189554 0.5882033
vt 0.1862825 0.5140626
vt 0.28773823 0.5999097
vt 0.24091251 0.49064973
vt 0.33456397 0.4789433
vt 0.36578113 0.57649684
vt 0.41260684 0.46723688
vt 0.416509 0.553084
vt 0.4867476 0.45943257
vt 0.47504115 0.5179647
vt 0.5647904 0.4633347
vt 0.53357327 0.5179647
vt 0.5647904 0.4633347
vt 0.53357327 0.5179647
vt 0.5608883 0.52967113
vt 0.60381186 0.4867476
vt 0.15506534 0.87696195
vt 0.15506534 0.7481912
vt 0.14335892 0.7403869
vt 0.14335892 0.87696195
vt 0.92378765 0.87696195
vt 0.9550048 0.87696195
vt 0.9550048 0.8496469
vt 0.92378765 0.8496469
vt 0.92378765 0.7872126
vt 0.9550048 0.7872126
vt 0.92378765 0.9354941
vt 0.9550048 0.9354941
vt 0.9550048 0.9081791
vt 0.92378765 0.9081791
vt 0.9550048 0.87696195
vt 0.92378765 0.87696195
vt 0.8457448 0.91208124
vt 0.8847662 0.92378765
vt 0.91208124 0.8964727
vt 0.8379405 0.87696195
vt 0.8496469 0.8574512
vt 0.81842977 0.8106255
vt 0.88866836 0.8106255
vt 0.92378765 0.9354941
vt 0.92378765 0.9511027
vt 0.9550048 0.9511027
vt 0.9550048 0.9354941
vt 0.8496469 0.8574512
vt 0.81842977 0.8106255
vt 0.88866836 0.8106255
vt 0.91208124 0.8964727
vt 0.8379405 0.87696195
vt 0.8457448 0.91208124
vt 0.8847662 0.92378765
vt 0.92378765 0.9511027
vt 0.92378765 0.9901241
vt 0.9550048 0.9901241
vt 0.9550048 0.9511027
vt 0.92378765 0.87696195
vt 0.9550048 0.8496469
vt 0.9550048 0.87696195
vt 0.92378765 0.8496469
vt 0.92378765 0.7872126
vt 0.9550048 0.7872126
vt 0.92378765 0.9354941
vt 0.9550048 0.9081791
vt 0.9550048 0.9354941
vt 0.92378765 0.9081791
vt 0.9550048 0.87696195
vt 0.92378765 0.87696195
vt 0.8457448 0.91208124
vt 0.91208124 0.8964727
vt 0.8847662 0.92378765
vt 0.8379405 0.87696195
vt 0.8496469 0.8574512
vt 0.81842977 0.8106255
vt 0.88866836 0.8106255
vt 0.92378765 0.9354941
vt 0.9550048 0.9354941
vt 0.9550048 0.9511027
vt 0.92378765 0.9511027
vt 0.8496469 0.8574512
vt 0.88866836 0.8106255
vt 0.81842977 0.8106255
vt 0.91208124 0.8964727
vt 0.8379405 0.87696195
vt 0.8457448 0.91208124
vt 0.8847662 0.92378765
vt 0.92378765 0.9511027
vt 0.9550048 0.9511027
vt 0.9550048 0.9901241
vt 0.92378765 0.9901241
vt 0.498454 0.06921817
vt 0.9901241 0.09653318
vt 0.498454 0.09653318
vt 0.9901241 0.06921817
vt 0.498454 0.038001023
vt 0.9901241 0.038001023
vt 0.498454 0.010686018
vt 0.9901241 0.010686018
vt 0.498454 0.09653318
vt 0.9901241 0.09653318
vt 0.9901241 0.06921817
vt 0.498454 0.06921817
vt 0.498454 0.06921817
vt 0.9901241 0.06921817
vt 0.9901241 0.038001023
vt 0.498454 0.038001023
vt 0.498454 0.038001023
vt 0.9901241 0.038001023
vt 0.9901241 0.010686018
vt 0.498454 0.010686018
vt 0.83013624 0.77940834
vt 0.8574512 0.79501694
vt 0.88866836 0.77940834
vt 0.88866836 0.74428904
vt 0.83013624 0.74428904
vt 0.8574512 0.7286805
vt 0.8574512 0.79501694
vt 0.83013624 0.77940834
vt 0.88866836 0.77940834
vt 0.88866836 0.74428904
vt 0.83013624 0.74428904
vt 0.8574512 0.7286805
vt 0.010686018 0.2565211
vt 0.026294593 0.2565211
vt 0.026294593 0.24091251
vt 0.010686018 0.24091251
vt 0.018490305 0.2214018
vt 0.002881729 0.006783873
vt 0.002881729 0.2214018
vt 0.018490305 0.006783873
vt 0.034098882 0.006783873
vt 0.034098882 0.2214018
vt 0.010686018 0.2565211
vt 0.026294593 0.2565211
vt 0.026294593 0.24091251
vt 0.010686018 0.24091251
vt 0.034098882 0.006783873
vt 0.034098882 0.2214018
vt 0.018490305 0.2214018
vt 0.018490305 0.006783873
vt 0.018490305 0.2214018
vt 0.002881729 0.2214018
vt 0.002881729 0.006783873
vt 0.018490305 0.006783873
vt 0.9511027 0.75989765
vt 0.9511027 0.5608883
vt 0.9354941 0.5608883
vt 0.9354941 0.75989765
vt 0.9511027 0.5608883
vt 0.9354941 0.5608883
vt 0.9354941 0.75989765
vt 0.9511027 0.75989765
vt 0.9511027 0.75989765
vt 0.9511027 0.5608883
vt 0.9354941 0.5608883
vt 0.9354941 0.75989765
vt 0.9511027 0.75989765
vt 0.9511027 0.5608883
vt 0.9354941 0.5608883
vt 0.9354941 0.75989765
vt 0.057511743 0.6428333
vt 0.07312032 0.6428333
vt 0.07702246 0.61942047
vt 0.0536096 0.61942047
vt 0.0536096 0.54137754
vt 0.07702246 0.54137754
vt 0.030196737 0.54137754
vt 0.030196737 0.61942047
vt 0.034098882 0.6428333
vt 0.045805313 0.6428333
vt 0.010686018 0.6428333
vt 0.022392448 0.6428333
vt 0.030196737 0.61942047
vt 0.006783873 0.61942047
vt 0.022392448 0.6428333
vt 0.030196737 0.61942047
vt 0.030196737 0.54137754
vt 0.006783873 0.54137754
vt 0.030196737 0.54137754
vt 0.045805313 0.6428333
vt 0.034098882 0.6428333
vt 0.030196737 0.61942047
vt 0.0536096 0.61942047
vt 0.0536096 0.54137754
vt 0.030196737 0.54137754
vt 0.07702246 0.54137754
vt 0.07702246 0.61942047
vt 0.07312032 0.6428333
vt 0.057511743 0.6428333
vt 0.09653318 0.6428333
vt 0.08092461 0.6428333
vt 0.07702246 0.61942047
vt 0.100435324 0.61942047
vt 0.08092461 0.6428333
vt 0.07702246 0.61942047
vt 0.07702246 0.54137754
vt 0.100435324 0.54137754
vt 0.07702246 0.54137754
vt 0.14335892 0.62722474
vt 0.17067392 0.61551833
vt 0.1160439 0.61551833
vt 0.10433747 0.5882033
vt 0.18238036 0.5882033
vt 0.1160439 0.61551833
vt 0.17067392 0.61551833
vt 0.14335892 0.62722474
vt 0.20579322 0.65453976
vt 0.2135975 0.6428333
vt 0.2135975 0.6662462
vt 0.22530393 0.6701483
vt 0.22530393 0.635029
vt 0.2135975 0.6662462
vt 0.2135975 0.6428333
vt 0.20579322 0.65453976
vt 0.19408679 0.31115112
vt 0.27603182 0.40090042
vt 0.20969537 0.416509
vt 0.2487168 0.29554254
vt 0.20969537 0.416509
vt 0.19408679 0.31115112
vt 0.18238036 0.25261894
vt 0.2214018 0.23701037
vt 0.18238036 0.25261894
vt 0.1589675 0.18238036
vt 0.17067392 0.17067392
vt 0.1589675 0.18238036
vt 0.13945678 0.1511632
vt 0.0887289 0.31115112
vt 0.006783873 0.40090042
vt 0.07312032 0.416509
vt 0.034098882 0.29554254
vt 0.07312032 0.416509
vt 0.0887289 0.31115112
vt 0.100435324 0.25261894
vt 0.061413888 0.23701037
vt 0.100435324 0.25261894
vt 0.12384819 0.18238036
vt 0.10823961 0.17067392
vt 0.12384819 0.18238036
vt 0.13945678 0.1511632
vt 0.5179647 0.16677178
vt 0.5491819 0.16677178
vt 0.5491819 0.11214176
vt 0.5179647 0.11214176
vt 0.5491819 0.16677178
vt 0.6701483 0.16677178
vt 0.6701483 0.11214176
vt 0.5491819 0.11214176
vt 0.6818547 0.1160439
vt 0.6857569 0.1511632
vt 0.80672336 0.14726107
vt 0.8028212 0.1160439
vt 0.8028212 0.1160439
vt 0.80672336 0.14726107
vt 0.6857569 0.1511632
vt 0.6818547 0.1160439
vt 0.471139 0.35017255
vt 0.4516283 0.36578113
vt 0.42041114 0.2916404
vt 0.44772613 0.28773823
vt 0.42041114 0.28773823
vt 0.4516283 0.2135975
vt 0.471139 0.22920609
vt 0.53357327 0.3735854
vt 0.45553043 0.36968327
vt 0.52967113 0.40090042
vt 0.471139 0.35017255
vt 0.45553043 0.36968327
vt 0.45553043 0.20969537
vt 0.52967113 0.17847821
vt 0.53357327 0.20189108
vt 0.45553043 0.20969537
vt 0.471139 0.22920609
vt 0.4516283 0.2135975
vt 0.42041114 0.28773823
vt 0.44772613 0.28773823
vt 0.4516283 0.36578113
vt 0.42041114 0.2916404
vt 0.471139 0.35017255
vt 0.471139 0.22920609
vt 0.44772613 0.28773823
vt 0.53357327 0.20189108
vt 0.53357327 0.3735854
vt 0.471139 0.22920609
vt 0.471139 0.35017255
vt 0.44772613 0.28773823
vt 0.5140626 0.85354906
vt 0.5960076 0.8613534
vt 0.5843012 0.8223319
vt 0.53357327 0.8847662
vt 0.5843012 0.8223319
vt 0.5960076 0.8613534
vt 0.5999097 0.91208124
vt 0.5608883 0.92378765
vt 0.5999097 0.91208124
vt 0.66234404 0.81452763
vt 0.7325826 0.86525553
vt 0.7403869 0.8262341
vt 0.66234404 0.85354906
vt 0.5843012 0.8223319
vt 0.5960076 0.8613534
vt 0.61161613 0.9081791
vt 0.65453976 0.90427697
vt 0.6701483 0.90427697
vt 0.7130719 0.91208124
vt 0.81452763 0.85354906
vt 0.7325826 0.86525553
vt 0.7403869 0.8262341
vt 0.79501694 0.88866836
vt 0.7403869 0.8262341
vt 0.7325826 0.86525553
vt 0.72477835 0.91208124
vt 0.7637998 0.9276898
vt 0.72477835 0.91208124
vt 0.525769 0.8379405
vt 0.4282154 0.8379405
vt 0.47504115 0.8574512
vt 0.4087047 0.7872126
vt 0.54527974 0.7872126
vt 0.4282154 0.8379405
vt 0.525769 0.8379405
vt 0.47504115 0.8574512
vt 0.51016045 0.8847662
vt 0.471139 0.8730598
vt 0.43601972 0.8847662
vt 0.525769 0.92378765
vt 0.42041114 0.92378765
vt 0.43601972 0.8847662
vt 0.51016045 0.8847662
vt 0.471139 0.8730598
vt 0.7130719 0.91208124
vt 0.6701483 0.90427697
vt 0.66234404 0.85354906
vt 0.7325826 0.86525553
vt 0.7403869 0.8262341
vt 0.66234404 0.81452763
vt 0.5843012 0.8223319
vt 0.5960076 0.8613534
vt 0.65453976 0.90427697
vt 0.61161613 0.9081791
vt 0.91208124 0.27993396
vt 0.93939626 0.33456397
vt 0.93939626 0.27993396
vt 0.91208124 0.33456397
vt 0.93939626 0.27993396
vt 0.91208124 0.27993396
vt 0.91208124 0.22530393
vt 0.91208124 0.27993396
vt 0.93939626 0.27993396
vt 0.93939626 0.22530393
vt 0.91208124 0.16677178
vt 0.91208124 0.22530393
vt 0.93939626 0.22530393
vt 0.93939626 0.16677178
vt 0.91208124 0.22530393
vt 0.93939626 0.22530393
vt 0.91208124 0.27993396
vt 0.91208124 0.22530393
vt 0.93939626 0.22530393
vt 0.93939626 0.27993396
vt 0.75989765 0.1589675
vt 0.80672336 0.33066183
vt 0.80672336 0.1589675
vt 0.75989765 0.33066183
vt 0.80672336 0.1589675
vt 0.80672336 0.33066183
vt 0.80672336 0.1589675
vt 0.80672336 0.33066183
vt 0.85354906 0.33066183
vt 0.85354906 0.1589675
vt 0.9003748 0.33066183
vt 0.9003748 0.1589675
vt 0.9003748 0.1589675
vt 0.9003748 0.33066183
vt 0.85354906 0.33066183
vt 0.85354906 0.1589675
vt 0.85354906 0.1589675
vt 0.85354906 0.33066183
vt 0.80672336 0.33066183
vt 0.80672336 0.1589675
vt 0.75989765 0.33066183
vt 0.7989191 0.361879
vt 0.80672336 0.33066183
vt 0.7677019 0.361879
vt 0.80672336 0.33066183
vt 0.7989191 0.361879
vt 0.85354906 0.33066183
vt 0.8457448 0.361879
vt 0.81452763 0.361879
vt 0.80672336 0.33066183
vt 0.9003748 0.33066183
vt 0.8613534 0.361879
vt 0.85354906 0.33066183
vt 0.8964727 0.361879
vt 0.85354906 0.33066183
vt 0.8613534 0.361879
vt 0.80672336 0.33066183
vt 0.81452763 0.361879
vt 0.8457448 0.361879
vt 0.85354906 0.33066183
vt 0.6584419 0.20189108
vt 0.6857569 0.2565211
vt 0.6857569 0.20189108
vt 0.6584419 0.2565211
vt 0.6857569 0.20189108
vt 0.6857569 0.2565211
vt 0.6857569 0.20189108
vt 0.6857569 0.2565211
vt 0.7130719 0.2565211
vt 0.7130719 0.20189108
vt 0.7130719 0.20189108
vt 0.7130719 0.2565211
vt 0.7403869 0.2565211
vt 0.7403869 0.20189108
vt 0.7130719 0.2565211
vt 0.7130719 0.20189108
vt 0.7130719 0.20189108
vt 0.7130719 0.2565211
vt 0.6857569 0.2565211
vt 0.6857569 0.20189108
vt 0.7013655 0.27212965
vt 0.65453976 0.27212965
vt 0.65453976 0.3267597
vt 0.7013655 0.3267597
vt 0.68965906 0.38529184
vt 0.6662462 0.38529184
vt 0.74428904 0.27212965
vt 0.7013655 0.27212965
vt 0.7013655 0.3267597
vt 0.74428904 0.3267597
vt 0.7013655 0.27212965
vt 0.7013655 0.3267597
vt 0.70916975 0.38529184
vt 0.7325826 0.38529184
vt 0.70916975 0.38529184
vt 0.65453976 0.27212965
vt 0.7013655 0.27212965
vt 0.7013655 0.3267597
vt 0.65453976 0.3267597
vt 0.6662462 0.38529184
vt 0.68965906 0.38529184
vt 0.61161613 0.27212965
vt 0.65453976 0.27212965
vt 0.65453976 0.3267597
vt 0.61161613 0.3267597
vt 0.65453976 0.27212965
vt 0.65453976 0.3267597
vt 0.6467354 0.38529184
vt 0.6233226 0.38529184
vt 0.6467354 0.38529184
vt 0.54137754 0.35797682
vt 0.54137754 0.29554254
vt 0.59210545 0.26822752
vt 0.59210545 0.38919398
vt 0.54137754 0.35797682
vt 0.54137754 0.29554254
vt 0.13945678 0.3462704
vt 0.15506534 0.34236825
vt 0.12384819 0.34236825
vt 0.10823961 0.33066183
vt 0.17457607 0.3267597
vt 0.10433747 0.31505325
vt 0.17457607 0.31505325
vt 0.17067392 0.29944468
vt 0.10823961 0.29944468
vt 0.11994605 0.2838361
vt 0.15506534 0.2838361
vt 0.13945678 0.27993396
vt 0.9706134 0.83013624
vt 0.99402624 0.81452763
vt 0.9784177 0.81452763
vt 0.99402624 0.83013624
vt 0.9628091 0.8496469
vt 0.99402624 0.8496469
vt 0.9706134 0.8691577
vt 0.99402624 0.8691577
vt 0.9784177 0.88866836
vt 0.9979284 0.88866836
vt 0.9784177 0.81452763
vt 0.99402624 0.81452763
vt 0.99402624 0.7989191
vt 0.98231983 0.7989191
vt 0.9979284 0.77940834
vt 0.98622197 0.77940834
vt 0.9979284 0.75989765
vt 0.98622197 0.75989765
vt 0.98231983 0.90427697
vt 0.9979284 0.88866836
vt 0.9784177 0.88866836
vt 0.9979284 0.9003748
vt 0.98622197 0.92378765
vt 0.9979284 0.92378765
vt 0.98231983 0.9432984
vt 0.9979284 0.9432984
vt 0.98622197 0.75989765
vt 0.9979284 0.75989765
vt 0.9979284 0.74428904
vt 0.9784177 0.74428904
vt 0.9784177 0.95890695
vt 0.9979284 0.95890695
vt 0.9979284 0.9432984
vt 0.98231983 0.9432984
vt 0.9784177 0.81452763
vt 0.99402624 0.83013624
vt 0.9706134 0.83013624
vt 0.99402624 0.81452763
vt 0.98231983 0.7989191
vt 0.99402624 0.7989191
vt 0.98622197 0.77940834
vt 0.9979284 0.77940834
vt 0.98622197 0.75989765
vt 0.9979284 0.75989765
vt 0.9706134 0.83013624
vt 0.99402624 0.83013624
vt 0.99402624 0.8496469
vt 0.9628091 0.8496469
vt 0.99402624 0.8691577
vt 0.9706134 0.8691577
vt 0.9979284 0.88866836
vt 0.9784177 0.88866836
vt 0.9784177 0.88866836
vt 0.9979284 0.88866836
vt 0.9979284 0.9003748
vt 0.98231983 0.90427697
vt 0.9979284 0.92378765
vt 0.98622197 0.92378765
vt 0.9979284 0.9432984
vt 0.98231983 0.9432984
vt 0.98231983 0.9432984
vt 0.9979284 0.9432984
vt 0.9979284 0.95890695
vt 0.9784177 0.95890695
vt 0.9784177 0.74428904
vt 0.9979284 0.74428904
vt 0.9979284 0.75989765
vt 0.98622197 0.75989765
vt 0.12384819 0.34236825
vt 0.14335892 0.3462704
vt 0.1589675 0.34236825
vt 0.11214176 0.33066183
vt 0.17067392 0.33066183
vt 0.17457607 0.31505325
vt 0.10433747 0.31505325
vt 0.10823961 0.29944468
vt 0.17067392 0.29554254
vt 0.12384819 0.28773823
vt 0.15506534 0.2838361
vt 0.14335892 0.27993396
vt 0.100435324 0.25261894
vt 0.100435324 0.31115112
vt 0.10433747 0.29554254
vt 0.12384819 0.27993396
vt 0.13945678 0.27603182
vt 0.0887289 0.31115112
vt 0.07312032 0.416509
vt 0.10433747 0.33066183
vt 0.11994605 0.3462704
vt 0.13945678 0.42041114
vt 0.13945678 0.35017255
vt 0.1589675 0.34236825
vt 0.17457607 0.33066183
vt 0.20969537 0.416509
vt 0.19408679 0.31115112
vt 0.17847821 0.31115112
vt 0.17457607 0.29554254
vt 0.18238036 0.25261894
vt 0.15506534 0.27993396
vt 0.13945678 0.26042324
vt 0.12384819 0.18238036
vt 0.13945678 0.18238036
vt 0.1589675 0.18238036
vt 0.13945678 0.1511632
vt 0.10433747 0.3267597
vt 0.13945678 0.42041114
vt 0.07312032 0.416509
vt 0.0887289 0.31115112
vt 0.100435324 0.31115112
vt 0.10823961 0.2916404
vt 0.11994605 0.34236825
vt 0.13945678 0.35017255
vt 0.16286963 0.34236825
vt 0.20969537 0.416509
vt 0.17457607 0.33066183
vt 0.19408679 0.31115112
vt 0.17847821 0.31115112
vt 0.100435324 0.25261894
vt 0.18238036 0.25261894
vt 0.17457607 0.29554254
vt 0.1589675 0.27993396
vt 0.13945678 0.27603182
vt 0.12384819 0.27993396
vt 0.13945678 0.26042324
vt 0.1589675 0.18238036
vt 0.13945678 0.18238036
vt 0.12384819 0.18238036
vt 0.13945678 0.1511632
vt 0.70916975 0.443824
vt 0.7208762 0.416509
vt 0.7208762 0.47504115
vt 0.69746333 0.4282154
vt 0.69746333 0.45943257
vt 0.69746333 0.443824
vt 0.70916975 0.443824
vt 0.7208762 0.47504115
vt 0.7208762 0.416509
vt 0.69746333 0.4282154
vt 0.69746333 0.45943257
vt 0.69746333 0.443824
vt 0.51016045 0.5882033
vt 0.49064973 0.57649684
vt 0.49064973 0.6428333
vt 0.5491819 0.54137754
vt 0.51016045 0.635029
vt 0.5491819 0.5647904
vt 0.5491819 0.6779526
vt 0.51016045 0.5882033
vt 0.5491819 0.65453976
vt 0.49064973 0.57649684
vt 0.49064973 0.6428333
vt 0.51016045 0.635029
vt 0.61551833 0.23310822
vt 0.60381186 0.20189108
vt 0.61551833 0.20969537
vt 0.60381186 0.24091251
vt 0.635029 0.18238036
vt 0.635029 0.24481466
vt 0.635029 0.19798893
vt 0.635029 0.2565211
vt 0.60381186 0.20189108
vt 0.61551833 0.23310822
vt 0.61551833 0.20969537
vt 0.60381186 0.24091251
vt 0.5608883 0.20579322
vt 0.56869256 0.22920609
vt 0.5608883 0.23310822
vt 0.56869256 0.20969537
vt 0.5882033 0.24091251
vt 0.5882033 0.19018464
vt 0.5882033 0.2487168
vt 0.5882033 0.19798893
vt 0.56869256 0.22920609
vt 0.5608883 0.20579322
vt 0.5608883 0.23310822
vt 0.56869256 0.20969537
vt 0.51016045 0.635029
vt 0.5491819 0.6779526
vt 0.5491819 0.65453976
vt 0.49064973 0.6428333
vt 0.49064973 0.6428333
vt 0.51016045 0.5882033
vt 0.51016045 0.635029
vt 0.49064973 0.57649684
vt 0.49064973 0.57649684
vt 0.5491819 0.5647904
vt 0.51016045 0.5882033
vt 0.5491819 0.54137754
vt 0.26822752 0.6428333
vt 0.3033468 0.68965906
vt 0.25261894 0.75989765
vt 0.19798893 0.7403869
vt 0.38529184 0.607714
vt 0.25261894 0.84184265
vt 0.38529184 0.66234404
vt 0.19798893 0.8613534
vt 0.26822752 0.6428333
vt 0.3033468 0.91208124
vt 0.3033468 0.68965906
vt 0.26822752 0.95890695
vt 0.19798893 0.7403869
vt 0.38529184 0.93939626
vt 0.25261894 0.75989765
vt 0.3813897 0.99402624
vt 0.19798893 0.8613534
vt 0.3033468 0.91208124
vt 0.25261894 0.84184265
vt 0.26822752 0.95890695
vt 0.40090042 0.94720054
vt 0.39309612 0.94720054
vt 0.39309612 0.90427697
vt 0.40090042 0.90427697
vt 0.40090042 0.99402624
vt 0.39309612 0.8613534
vt 0.39309612 0.99402624
vt 0.40090042 0.8613534
vt 0.40090042 0.94720054
vt 0.39309612 0.81842977
vt 0.39309612 0.94720054
vt 0.40090042 0.81842977
vt 0.40090042 0.90427697
vt 0.39309612 0.77160406
vt 0.39309612 0.90427697
vt 0.40090042 0.77160406
vt 0.40090042 0.8613534
vt 0.39309612 0.81842977
vt 0.39309612 0.8613534
vt 0.40090042 0.81842977
vt 0.31505325 0.15506534
vt 0.3384661 0.17847821
vt 0.30724895 0.2565211
vt 0.416509 0.11214176
vt 0.27212965 0.2565211
vt 0.416509 0.14726107
vt 0.3384661 0.33456397
vt 0.31505325 0.15506534
vt 0.31505325 0.35797682
vt 0.3384661 0.17847821
vt 0.416509 0.36578113
vt 0.27212965 0.2565211
vt 0.416509 0.40090042
vt 0.30724895 0.2565211
vt 0.3384661 0.33456397
vt 0.31505325 0.35797682
vn 0.015870988 0.7459378 -0.66582644
vn 0.015870988 0.7459378 -0.66582644
vn 0.015870988 0.7459378 -0.66582644
vn 0.2063232 0.8411639 0.49987403
vn 0.2063232 0.8411639 0.49987403
vn 0.2063232 0.8411639 0.49987403
vn -0.015871048 0.7459378 -0.66582644
vn -0.015871048 0.7459378 -0.66582644
vn -0.015871048 0.7459378 -0.66582644
vn -0.20632327 0.8411639 0.49987403
vn -0.20632327 0.8411639 0.49987403
vn -0.20632327 0.8411639 0.49987403
vn 0.7141957 0.68245375 -0.15550359
vn 0.87115216 0.49101308 -0
vn 0.015870988 0.999874 -0.00034526698
vn 0.87115216 0.49101308 -0
vn 0.7141957 0.68245375 0.15550359
vn 0.015870988 0.999874 -0.00034526698
vn -0.7141957 0.68245375 -0.15550359
vn -0.015871048 0.999874 -0.00034526698
vn -0.87115216 0.49101308 -0
vn -0.87115216 0.49101308 -0
vn -0.015871048 0.999874 -0.00034526698
vn -0.7141957 0.68245375 0.15550359
vn 0.55548555 -0.7776798 0.29436365
vn 0.9046479 -0.30154932 0.30113155
vn 0.9046479 -0.30154932 0.30113155
vn 0.55548555 -0.7776798 0.29436365
vn -0.015871048 -0.9363899 0.35060233
vn -0.015871048 -0.9363899 0.35060233
vn -0.5554856 -0.7776798 0.29436353
vn -0.5554856 -0.7776798 0.29436353
vn -0.90464795 -0.30154932 0.30113134
vn -0.90464795 -0.30154932 0.30113134
vn 0.9046479 -0.30154932 0.30113155
vn 0.9046479 -0.30154932 0.30113155
vn 0.9046479 0.30154932 0.30113155
vn 0.9046479 0.30154932 0.30113155
vn 0.55548555 0.7776798 0.29436365
vn 0.55548555 0.7776798 0.29436365
vn 0.55548555 0.7776798 0.29436365
vn 0.55548555 0.7776798 0.29436365
vn -0.015871048 0.9363899 0.35060233
vn -0.015871048 0.9363899 0.35060233
vn -0.5554856 0.7776798 0.29436353
vn -0.5554856 0.7776798 0.29436353
vn -0.90464795 0.30154932 0.30113134
vn -0.90464795 0.30154932 0.30113134
vn -0.90464795 0.30154932 0.30113134
vn -0.90464795 0.30154932 0.30113134
vn -0.90464795 -0.30154932 0.30113134
vn -0.90464795 -0.30154932 0.30113134
vn -0.015871048 0.015871048 -0.99974805
vn -0.015871048 0.015871048 -0.99974805
vn -0.015871048 0.015871048 -0.99974805
vn -0.015871048 0.015871048 -0.99974805
vn -0.015871048 0.015871048 -0.99974805
vn -0.015871048 0.015871048 -0.99974805
vn -0.015871048 0.015871048 -0.99974805
vn -0.015871048 0.015871048 -0.99974805
vn -0.015871048 0.015871048 -0.99974805
vn -0.015871048 0.015871048 -0.99974805
vn -0.90464795 -0.30154932 0.30113134
vn -0.7459378 -0.23806524 0.6220142
vn -0.46025944 -0.6189696 0.63642585
vn -0.5554856 -0.7459377 0.36744073
vn -0.015871048 -0.7776798 0.6284602
vn -0.015871048 -0.9363899 0.35060233
vn 0.55548555 -0.7459377 0.36744082
vn 0.46025944 -0.6189696 0.63642585
vn 0.7459377 -0.23806524 0.62201434
vn 0.9046479 -0.30154932 0.30113155
vn -0.90464795 0.30154932 0.30113134
vn -0.7459378 -0.23806524 0.6220142
vn -0.90464795 -0.30154932 0.30113134
vn -0.7459378 0.23806524 0.6220142
vn -0.5554856 0.7459378 0.3674405
vn -0.46025944 0.6189697 0.6364258
vn -0.015871048 0.9363899 0.35060233
vn -0.46025944 0.6189697 0.6364258
vn -0.5554856 0.7459378 0.3674405
vn -0.015871048 0.7776798 0.6284602
vn 0.55548555 0.7459378 0.36744055
vn 0.46025944 0.6189697 0.6364258
vn 0.9046479 0.30154932 0.30113155
vn 0.7459377 0.23806524 0.62201434
vn 0.9046479 -0.30154932 0.30113155
vn 0.7459377 -0.23806524 0.62201434
vn 0.7459377 0.23806524 0.62201434
vn 0.9046479 0.30154932 0.30113155
vn -0.015871048 0.015871048 0.99974805
vn -0.015871048 0.015871048 0.99974805
vn -0.015871048 0.015871048 0.99974805
vn -0.015871048 0.015871048 0.99974805
vn -0.015871048 0.015871048 0.99974805
vn -0.015871048 0.015871048 0.99974805
vn -0.015871048 0.015871048 0.99974805
vn -0.015871048 0.015871048 0.99974805
vn -0.015871048 0.015871048 0.99974805
vn -0.015871048 0.015871048 0.99974805
vn -0.015871048 0.015871048 0.99974805
vn -0.015871048 0.015871048 0.99974805
vn -0.015871048 0.015871048 0.99974805
vn -0.015871048 0.015871048 0.99974805
vn -0.015871048 0.015871048 0.99974805
vn -0.015871048 0.015871048 0.99974805
vn -0.015871048 0.015871048 0.99974805
vn -0.015871048 0.015871048 0.99974805
vn -0.20632327 -0.36503333 -0.90784436
vn -0.26980734 -0.65071166 -0.7097734
vn -0.26980734 -0.65071166 -0.7097734
vn -0.20632327 -0.36503333 -0.90784436
vn -0.17458117 -0.36503333 -0.91447914
vn -0.17458117 -0.39677536 -0.9011608
vn -0.17458117 -0.6189696 -0.76576626
vn -0.17458117 -0.6189696 -0.76576626
vn -0.07935512 -0.6189696 0.7813958
vn -0.07935512 -0.6189696 0.7813958
vn -0.07935512 -0.6189696 0.7813958
vn -0.07935512 -0.6189696 0.7813958
vn 0.99886817 -0.04756513 -0
vn 0.9938838 0.110431515 -0
vn 0.9938838 0.110431515 -0
vn 0.99886817 -0.04756513 -0
vn 0.999874 -0.015870988 -0.00034665503
vn 0.999874 -0.015870988 -0.00034665503
vn 0.87290585 -0.1110971 -0.47507137
vn 0.87290585 -0.2063232 -0.44211552
vn -0.8094218 0.30154932 0.5038893
vn -0.7776798 0.42851746 0.4599858
vn -0.7776798 0.42851746 0.4599858
vn -0.8094218 0.30154932 0.5038893
vn -0.8094218 0.26980734 0.521575
vn -0.8094218 0.26980734 0.521575
vn -0.8411639 0.23806524 0.48555976
vn -0.8411639 0.23806524 0.48555976
vn 0.2063232 -0.36503333 -0.90784436
vn 0.26980728 -0.65071166 -0.7097734
vn 0.26980728 -0.65071166 -0.7097734
vn 0.2063232 -0.36503333 -0.90784436
vn 0.17458117 -0.36503333 -0.91447914
vn 0.17458117 -0.39677536 -0.9011608
vn 0.17458117 -0.6189696 -0.76576626
vn 0.17458117 -0.6189696 -0.76576626
vn 0.07935506 -0.6189696 0.7813958
vn 0.07935506 -0.6189696 0.7813958
vn 0.07935506 -0.6189696 0.7813958
vn 0.07935506 -0.6189696 0.7813958
vn -0.99886817 -0.04756513 -0
vn -0.9938838 0.110431515 -0
vn -0.9938838 0.110431515 -0
vn -0.99886817 -0.04756513 -0
vn -0.999874 -0.015870988 -0.00034665503
vn -0.999874 -0.015870988 -0.00034665503
vn -0.87290585 -0.1110971 -0.47507137
vn -0.87290585 -0.2063232 -0.44211552
vn 0.8094218 0.30154932 0.5038893
vn 0.7776798 0.42851746 0.4599858
vn 0.7776798 0.42851746 0.4599858
vn 0.8094218 0.30154932 0.5038893
vn 0.8094218 0.26980734 0.521575
vn 0.8094218 0.26980734 0.521575
vn 0.8411638 0.23806524 0.48555988
vn 0.8411638 0.23806524 0.48555988
vn -0.7141957 0.42851746 -0.5534413
vn -0.87115216 -0.49101302 -0
vn -0.7141957 -0.4285174 -0.55344135
vn -0.87115216 0.49101308 -0
vn -0.015871048 0.8411639 -0.5405474
vn -0.7141957 0.42851746 -0.5534413
vn -0.015871048 0.999874 -0.00034526698
vn 0.7141957 0.42851746 -0.5534413
vn 0.87115216 0.49101308 -0
vn 0.7141957 -0.4285174 -0.55344135
vn 0.7141957 0.42851746 -0.5534413
vn 0.87115216 -0.49101302 -0
vn -0.7141957 -0.4285174 -0.55344135
vn -0.015871048 -0.999874 -0.00034526698
vn -0.015871048 -0.8411638 -0.5405475
vn 0.7141957 -0.4285174 -0.55344135
vn -0.015871048 0.015871048 -0.99974805
vn -0.015871048 0.015871048 -0.99974805
vn -0.015871048 0.015871048 -0.99974805
vn -0.015871048 0.015871048 -0.99974805
vn -0.015871048 0.015871048 -0.99974805
vn -0.015871048 0.015871048 -0.99974805
vn -0.015871048 0.999874 -0.00034526698
vn -0.87115216 0.49101308 -0
vn -0.87115216 0.49101308 -0
vn -0.015871048 0.999874 -0.00034526698
vn 0.87115216 0.49101308 -0
vn 0.87115216 0.49101308 -0
vn 0.87115216 -0.49101302 -0
vn 0.87115216 -0.49101302 -0
vn 0.87115216 0.49101308 -0
vn 0.87115216 0.49101308 -0
vn -0.015871048 -0.999874 -0.00034526698
vn 0.87115216 -0.49101302 -0
vn 0.87115216 -0.49101302 -0
vn -0.015871048 -0.999874 -0.00034526698
vn -0.87115216 -0.49101302 -0
vn -0.87115216 -0.49101302 -0
vn -0.87115216 0.49101308 -0
vn -0.87115216 0.49101308 -0
vn -0.87115216 -0.49101302 -0
vn -0.87115216 -0.49101302 -0
vn -0.999874 0.015871048 -0.00034391563
vn -0.999874 0.015871048 -0.00034391563
vn -0.999874 0.015871048 -0.00034391563
vn -0.999874 0.015871048 -0.00034391563
vn -0.49101308 -0.87115216 -0
vn -0.49101308 -0.87115216 -0
vn -0.49101308 -0.87115216 -0
vn -0.49101308 -0.87115216 -0
vn 0.49101302 -0.87115216 -0
vn 0.49101302 -0.87115216 -0
vn 0.49101302 -0.87115216 -0
vn 0.49101302 -0.87115216 -0
vn 0.999874 0.015871048 -0.00034391563
vn 0.999874 0.015871048 -0.00034391563
vn 0.999874 0.015871048 -0.00034391563
vn 0.999874 0.015871048 -0.00034391563
vn 0.49101302 0.87115216 -0
vn 0.49101302 0.87115216 -0
vn 0.49101302 0.87115216 -0
vn 0.49101302 0.87115216 -0
vn -0.49101308 0.87115216 -0
vn -0.49101308 0.87115216 -0
vn -0.49101308 0.87115216 -0
vn -0.49101308 0.87115216 -0
vn 0.87115216 -0.49101302 -0
vn 0.87115216 -0.49101302 -0
vn 0.87115216 0.49101308 -0
vn 0.87115216 0.49101308 -0
vn 0.87115216 0.49101308 -0
vn 0.87115216 0.49101308 -0
vn -0.015871048 0.999874 -0.00034526698
vn -0.015871048 0.999874 -0.00034526698
vn -0.87115216 0.49101308 -0
vn -0.87115216 0.49101308 -0
vn -0.87115216 0.49101308 -0
vn -0.87115216 0.49101308 -0
vn -0.87115216 -0.49101302 -0
vn -0.87115216 -0.49101302 -0
vn -0.87115216 -0.49101302 -0
vn -0.87115216 -0.49101302 -0
vn -0.015871048 -0.999874 -0.00034526698
vn -0.015871048 -0.999874 -0.00034526698
vn 0.87115216 -0.49101302 -0
vn 0.87115216 -0.49101302 -0
vn -0.015871048 0.015871048 0.99974805
vn -0.015871048 0.015871048 0.99974805
vn -0.015871048 0.015871048 0.99974805
vn -0.015871048 0.015871048 0.99974805
vn -0.015871048 0.015871048 0.99974805
vn -0.015871048 0.015871048 0.99974805
vn 0.015870988 0.999874 -0.00034526698
vn 0.7141957 0.68245375 0.15550359
vn 0.04756513 0.99886817 -0
vn 0.015870988 0.999874 -0.00034526698
vn 0.04756513 0.99886817 -0
vn 0.7141957 0.68245375 -0.15550359
vn 0.42808634 -0.90373784 -0
vn 0.7776798 -0.6189696 -0.10995791
vn 0.2063232 -0.96813196 -0.14195512
vn 0.2063232 -0.96813196 -0.14195512
vn 0.42808634 -0.90373784 -0
vn 0.7776798 -0.6189696 0.10995791
vn 0.7776798 -0.6189696 -0.10995791
vn 0.42808634 -0.90373784 -0
vn 0.99886817 -0.04756513 -0
vn 0.99886817 -0.04756513 -0
vn 0.87115216 0.49101308 -0
vn 0.7141957 0.68245375 -0.15550359
vn -0.015871048 0.015871048 -0.99974805
vn -0.015871048 0.015871048 -0.99974805
vn -0.015871048 0.015871048 -0.99974805
vn -0.015871048 0.015871048 -0.99974805
vn -0.015871048 0.015871048 -0.99974805
vn -0.015871048 0.015871048 0.99974805
vn -0.015871048 0.015871048 0.99974805
vn -0.015871048 0.015871048 0.99974805
vn -0.015871048 0.015871048 0.99974805
vn -0.015871048 0.015871048 0.99974805
vn 0.99886817 -0.04756513 -0
vn 0.7141957 0.68245375 0.15550359
vn 0.87115216 0.49101308 -0
vn 0.99886817 -0.04756513 -0
vn 0.42808634 -0.90373784 -0
vn 0.7776798 -0.6189696 0.10995791
vn 0.8094218 0.42851746 0.40150866
vn 0.68245363 0.3650334 0.63325167
vn 0.015870988 0.999874 -0.00034526698
vn 0.26845825 0.96329135 -0
vn 0.9363899 0.3332913 -0.10995822
vn 0.015870988 0.999874 -0.00034526698
vn 0.8094218 0.42851746 -0.40150866
vn 0.68245363 0.3650334 -0.63325167
vn 0.42808634 -0.90373784 -0
vn 0.7141957 -0.015870988 0.6997661
vn 0.87290585 -0.23806524 0.4258642
vn 0.68245363 0.3650334 0.63325167
vn 0.8094218 0.42851746 0.40150866
vn 0.9850967 -0.172001 -0
vn 0.9363899 0.3332913 -0.10995822
vn 0.87290585 -0.23806524 -0.4258642
vn 0.8094218 0.42851746 -0.40150866
vn 0.7141957 -0.015870988 -0.6997661
vn 0.68245363 0.3650334 -0.63325167
vn 0.42808634 -0.90373784 -0
vn -0.9938838 -0.110431515 -0
vn -0.9938838 -0.110431515 -0
vn -0.9938838 -0.110431515 -0
vn -0.9938838 -0.110431515 -0
vn -0.015871048 0.999874 -0.00034526698
vn -0.04756513 0.99886817 -0
vn -0.7141957 0.68245375 0.15550359
vn -0.015871048 0.999874 -0.00034526698
vn -0.04756513 0.99886817 -0
vn -0.7141957 0.68245375 -0.15550359
vn -0.4280864 -0.90373784 -0
vn -0.20632327 -0.96813196 -0.14195512
vn -0.7776798 -0.6189696 -0.10995791
vn -0.20632327 -0.96813196 -0.14195512
vn -0.4280864 -0.90373784 -0
vn -0.7776798 -0.6189696 0.10995791
vn -0.7776798 -0.6189696 -0.10995791
vn -0.99886817 -0.04756513 -0
vn -0.4280864 -0.90373784 -0
vn -0.99886817 -0.04756513 -0
vn -0.87115216 0.49101308 -0
vn -0.7141957 0.68245375 -0.15550359
vn -0.015871048 0.015871048 -0.99974805
vn -0.015871048 0.015871048 -0.99974805
vn -0.015871048 0.015871048 -0.99974805
vn -0.015871048 0.015871048 -0.99974805
vn -0.015871048 0.015871048 -0.99974805
vn -0.015871048 0.015871048 0.99974805
vn -0.015871048 0.015871048 0.99974805
vn -0.015871048 0.015871048 0.99974805
vn -0.015871048 0.015871048 0.99974805
vn -0.015871048 0.015871048 0.99974805
vn -0.99886817 -0.04756513 -0
vn -0.87115216 0.49101308 -0
vn -0.7141957 0.68245375 0.15550359
vn -0.99886817 -0.04756513 -0
vn -0.4280864 -0.90373784 -0
vn -0.7776798 -0.6189696 0.10995791
vn -0.8094218 0.42851746 0.40150866
vn -0.015871048 0.999874 -0.00034526698
vn -0.68245375 0.3650334 0.63325155
vn -0.2684583 0.96329135 -0
vn -0.9363899 0.3332913 -0.10995822
vn -0.015871048 0.999874 -0.00034526698
vn -0.8094218 0.42851746 -0.40150866
vn -0.68245375 0.3650334 -0.63325155
vn -0.4280864 -0.90373784 -0
vn -0.87290585 -0.23806524 0.4258642
vn -0.7141957 -0.015870988 0.6997661
vn -0.68245375 0.3650334 0.63325155
vn -0.8094218 0.42851746 0.40150866
vn -0.9850967 -0.172001 -0
vn -0.9363899 0.3332913 -0.10995822
vn -0.87290585 -0.23806524 -0.4258642
vn -0.8094218 0.42851746 -0.40150866
vn -0.7141957 -0.015870988 -0.6997661
vn -0.68245375 0.3650334 -0.63325155
vn -0.4280864 -0.90373784 -0
vn 0.9938838 -0.110431515 -0
vn 0.9938838 -0.110431515 -0
vn 0.9938838 -0.110431515 -0
vn 0.9938838 -0.110431515 -0
vn -0.04756513 -0.99886817 -0
vn 0.04756513 -0.99886817 -0
vn 0.04756513 -0.99886817 -0
vn -0.015871048 -0.999874 -0.00034526698
vn -0.015871048 -0.999874 -0.00034526698
vn -0.04756513 -0.99886817 -0
vn 0.04756513 -0.99886817 -0
vn 0.04756513 -0.99886817 -0
vn -0.04756513 -0.99886817 -0
vn -0.04756513 -0.99886817 -0
vn 0.999874 0.015871048 -0.00034391563
vn 0.999874 0.015871048 -0.00034391563
vn 0.999874 0.015871048 -0.00034391563
vn 0.999874 0.015871048 -0.00034391563
vn 0.8411638 0.015871048 -0.5405475
vn 0.8411638 0.015871048 -0.5405475
vn 0.46025944 0.015871048 -0.8876426
vn 0.49200147 0.015871048 -0.8704497
vn -0.999874 0.015871048 -0.00034391563
vn -0.999874 0.015871048 -0.00034391563
vn -0.999874 0.015871048 -0.00034391563
vn -0.999874 0.015871048 -0.00034391563
vn -0.8411639 0.015871048 -0.5405474
vn -0.8411639 0.015871048 -0.5405474
vn -0.49200153 0.015871048 -0.87044966
vn -0.46025944 0.015871048 -0.8876426
vn -0.015871048 0.015871048 -0.99974805
vn 0.49200147 0.015871048 -0.8704497
vn 0.46025944 0.015871048 -0.8876426
vn -0.015871048 0.015871048 -0.99974805
vn -0.46025944 0.015871048 -0.8876426
vn -0.49200153 0.015871048 -0.87044966
vn -0.015871048 0.999874 -0.00034526698
vn -0.015871048 0.999874 -0.00034526698
vn -0.015871048 0.999874 -0.00034526698
vn -0.015871048 0.999874 -0.00034526698
vn -0.015871048 0.999874 -0.00034526698
vn -0.015871048 0.999874 -0.00034526698
vn -0.015871048 0.999874 -0.00034526698
vn -0.015871048 0.999874 -0.00034526698
vn -0.015871048 0.999874 -0.00034526698
vn -0.015871048 0.999874 -0.00034526698
vn 0.015870988 0.999874 -0.00034526698
vn -0.015871048 0.999874 -0.00034526698
vn 0.015870988 0.999874 -0.00034526698
vn 0.015870988 0.968132 -0.24993704
vn 0.015870988 0.968132 -0.24993704
vn -0.015871048 0.90464795 -0.42586404
vn -0.015871048 0.90464795 -0.42586404
vn -0.015871048 0.90464795 -0.42586404
vn -0.015871048 0.90464795 -0.42586404
vn -0.015871048 0.999874 -0.00034526698
vn -0.015871048 0.999874 -0.00034526698
vn 0.46025944 -0.87290585 0.16185382
vn -0.5237435 -0.7459377 0.41142398
vn -0.30154932 -0.8411638 0.44890025
vn 0.39677536 -0.9046479 0.15550397
vn -0.7459378 -0.6189696 0.24587265
vn -0.7459378 -0.6189696 0.24587265
vn -0.8094218 -0.5872276 -0.00042286396
vn -0.8094218 -0.5872276 -0.00042286396
vn -0.7776798 -0.6189696 -0.10995791
vn -0.8094218 -0.5872276 -0.00042286396
vn -0.8094218 -0.5872276 -0.00042286396
vn -0.7776798 -0.6189696 -0.10995791
vn -0.5554856 -0.65071166 -0.5176969
vn -0.26980734 -0.8094218 -0.521575
vn -0.68245375 -0.65071166 -0.33291325
vn -0.68245375 -0.65071166 -0.33291325
vn -0.26980734 -0.8094218 -0.521575
vn -0.07935512 -0.8094218 -0.58184123
vn -0.047613025 -0.7459377 -0.66431165
vn -0.5554856 -0.65071166 -0.5176969
vn 0.6189696 -0.7776798 -0.10995791
vn 0.46025944 -0.87290585 0.16185382
vn 0.39677536 -0.9046479 0.15550397
vn 0.6189696 -0.7776798 -0.10995791
vn 0.96813196 0.20632327 0.14195509
vn 0.14283913 0.90464795 0.40150845
vn 0.6189696 0.68245375 0.3887589
vn 0.7141957 0.5237435 0.46434602
vn 0.96813196 0.17458117 -0.17956044
vn 0.9938838 0.110431515 -0
vn 0.96813196 0.17458117 -0.17956044
vn 0.8411638 0.39677536 -0.36744082
vn 0.7459377 0.5554856 -0.36744073
vn 0.46025944 0.42851746 -0.77751786
vn -0.42851746 0.65071166 -0.62685496
vn 0.7459377 0.5554856 -0.36744073
vn 0.8411638 0.39677536 -0.36744082
vn -0.5554856 0.5237435 -0.6458549
vn -0.68245375 0.6189697 -0.3887588
vn -0.8094218 0.46025944 -0.36468846
vn -0.8094218 0.5872276 -0.00042286396
vn -0.9037378 0.42808634 -0
vn -0.90464795 0.39677536 0.15550363
vn -0.8094218 0.5554856 0.19045253
vn -0.68245375 0.68245375 0.26175132
vn -0.8094218 0.5237435 0.26557326
vn -0.23806524 0.8094218 0.5368066
vn -0.1428392 0.90464795 0.40150845
vn 0.14283913 0.90464795 0.40150845
vn 0.6189696 0.68245375 0.3887589
vn -0.30154932 0.6189697 0.7252203
vn 0.7141957 0.5237435 0.46434602
vn -0.5237435 -0.7459377 0.41142398
vn -0.7459378 -0.6189696 0.24587265
vn -0.7459378 -0.6189696 0.24587265
vn -0.30154932 -0.8411638 0.44890025
vn -0.7776798 -0.6189696 -0.10995791
vn -0.68245375 -0.65071166 -0.33291325
vn -0.68245375 -0.65071166 -0.33291325
vn -0.7776798 -0.6189696 -0.10995791
vn -0.87290585 0.3332913 0.35630366
vn -0.30154932 0.6189697 0.7252203
vn -0.23806524 0.8094218 0.5368066
vn -0.8094218 0.5237435 0.26557326
vn -0.968132 0.20632327 0.14195466
vn -0.90464795 0.39677536 0.15550363
vn -0.968132 0.20632327 -0.14195466
vn -0.9037378 0.42808634 -0
vn -0.90464795 0.23806524 -0.3534643
vn -0.8094218 0.46025944 -0.36468846
vn -0.5554856 0.5237435 -0.6458549
vn -0.68245375 0.30154932 -0.6658265
vn -0.5554856 0.5237435 -0.6458549
vn 0.8411638 0.39677536 -0.36744082
vn 0.46025944 0.42851746 -0.77751786
vn -0.68245375 0.30154932 -0.6658265
vn 0.6189696 -0.7776798 -0.10995791
vn 0.6189696 -0.7776798 -0.10995791
vn 0.6189696 -0.7776798 -0.10995791
vn 0.6189696 -0.7776798 -0.10995791
vn -0.015871048 0.015871048 0.99974805
vn -0.015871048 0.015871048 0.99974805
vn -0.015871048 0.015871048 0.99974805
vn -0.015871048 0.015871048 0.99974805
vn -0.015871048 0.999874 -0.00034526698
vn -0.015871048 0.999874 -0.00034526698
vn -0.015871048 0.999874 -0.00034526698
vn -0.015871048 0.999874 -0.00034526698
vn -0.015871048 0.015871048 -0.99974805
vn -0.015871048 0.015871048 -0.99974805
vn -0.015871048 0.015871048 -0.99974805
vn -0.015871048 0.015871048 -0.99974805
vn -0.015871048 -0.999874 -0.00034526698
vn -0.015871048 -0.999874 -0.00034526698
vn -0.015871048 -0.999874 -0.00034526698
vn -0.015871048 -0.999874 -0.00034526698
vn -0.015871048 0.999874 -0.00034526698
vn -0.015871048 0.999874 -0.00034526698
vn -0.015871048 0.999874 -0.00034526698
vn -0.015871048 0.968132 -0.24993704
vn -0.015871048 0.968132 -0.24993704
vn 0.015870988 0.90464795 -0.42586404
vn 0.015870988 0.90464795 -0.42586404
vn 0.015870988 0.90464795 -0.42586404
vn 0.015870988 0.90464795 -0.42586404
vn 0.015870988 0.999874 -0.00034526698
vn 0.015870988 0.999874 -0.00034526698
vn -0.46025944 -0.87290585 0.16185382
vn -0.39677536 -0.9046479 0.15550397
vn 0.30154932 -0.8411638 0.44890025
vn 0.5237435 -0.7459377 0.41142398
vn 0.7459377 -0.6189696 0.245873
vn 0.7459377 -0.6189696 0.245873
vn 0.8094218 -0.5872276 -0.00042286396
vn 0.8094218 -0.5872276 -0.00042286396
vn 0.8094218 -0.5872276 -0.00042286396
vn 0.7776798 -0.6189696 -0.10995791
vn 0.7776798 -0.6189696 -0.10995791
vn 0.8094218 -0.5872276 -0.00042286396
vn 0.68245363 -0.65071166 -0.33291352
vn 0.26980728 -0.8094218 -0.521575
vn 0.55548555 -0.65071166 -0.517697
vn 0.68245363 -0.65071166 -0.33291352
vn 0.26980728 -0.8094218 -0.521575
vn 0.047613025 -0.7459377 -0.66431165
vn 0.07935506 -0.8094218 -0.58184123
vn 0.55548555 -0.65071166 -0.517697
vn -0.6189697 -0.7776798 -0.10995764
vn -0.6189697 -0.7776798 -0.10995764
vn -0.39677536 -0.9046479 0.15550397
vn -0.46025944 -0.87290585 0.16185382
vn -0.968132 0.20632327 0.14195466
vn -0.6189697 0.68245375 0.3887588
vn -0.1428392 0.90464795 0.40150845
vn -0.7141957 0.5237435 0.46434602
vn -0.968132 0.17458117 -0.17956011
vn -0.9938838 0.110431515 -0
vn -0.968132 0.17458117 -0.17956011
vn -0.8411639 0.39677536 -0.36744067
vn -0.7459378 0.5554856 -0.3674405
vn -0.46025944 0.42851746 -0.77751786
vn 0.4285174 0.65071166 -0.626855
vn -0.8411639 0.39677536 -0.36744067
vn -0.7459378 0.5554856 -0.3674405
vn 0.55548555 0.5237435 -0.6458549
vn 0.8094218 0.46025944 -0.36468846
vn 0.68245363 0.6189697 -0.38875905
vn 0.90373784 0.4280864 -0
vn 0.8094218 0.5872276 -0.00042286396
vn 0.9046479 0.39677536 0.15550402
vn 0.8094218 0.5554856 0.19045253
vn 0.8094218 0.5237435 0.26557326
vn 0.68245363 0.68245375 0.26175165
vn 0.23806524 0.8094218 0.5368066
vn 0.14283913 0.90464795 0.40150845
vn -0.1428392 0.90464795 0.40150845
vn -0.6189697 0.68245375 0.3887588
vn -0.7141957 0.5237435 0.46434602
vn 0.30154932 0.6189697 0.7252203
vn 0.5237435 -0.7459377 0.41142398
vn 0.30154932 -0.8411638 0.44890025
vn 0.7459377 -0.6189696 0.245873
vn 0.7459377 -0.6189696 0.245873
vn 0.7776798 -0.6189696 -0.10995791
vn 0.68245363 -0.65071166 -0.33291352
vn 0.68245363 -0.65071166 -0.33291352
vn 0.7776798 -0.6189696 -0.10995791
vn 0.87290585 0.3332913 0.35630366
vn 0.23806524 0.8094218 0.5368066
vn 0.30154932 0.6189697 0.7252203
vn 0.8094218 0.5237435 0.26557326
vn 0.9046479 0.39677536 0.15550402
vn 0.96813196 0.20632327 0.14195509
vn 0.90373784 0.4280864 -0
vn 0.96813196 0.20632327 -0.14195509
vn 0.8094218 0.46025944 -0.36468846
vn 0.9046479 0.23806524 -0.35346448
vn 0.55548555 0.5237435 -0.6458549
vn 0.68245363 0.30154932 -0.6658266
vn 0.55548555 0.5237435 -0.6458549
vn 0.68245363 0.30154932 -0.6658266
vn -0.46025944 0.42851746 -0.77751786
vn -0.8411639 0.39677536 -0.36744067
vn -0.6189697 -0.7776798 -0.10995764
vn -0.6189697 -0.7776798 -0.10995764
vn -0.6189697 -0.7776798 -0.10995764
vn -0.6189697 -0.7776798 -0.10995764
vn -0.015871048 0.49200153 -0.87044966
vn -0.015871048 0.49200153 -0.87044966
vn -0.015871048 -0.68245363 -0.7307566
vn -0.015871048 -0.68245363 -0.7307566
vn -0.015871048 -0.87290585 -0.4876305
vn -0.015871048 -0.87290585 -0.4876305
vn -0.015871048 0.68245375 0.73075646
vn -0.015871048 0.68245375 0.73075646
vn -0.015871048 0.999874 -0.00034526698
vn -0.015871048 0.999874 -0.00034526698
vn -0.015871048 0.49200153 -0.87044966
vn -0.015871048 0.49200153 -0.87044966
vn 0.999874 0.015871048 -0.00034391563
vn 0.999874 0.015871048 -0.00034391563
vn 0.999874 0.015871048 -0.00034391563
vn 0.999874 0.015871048 -0.00034391563
vn 0.999874 0.015871048 -0.00034391563
vn 0.999874 0.015871048 -0.00034391563
vn 0.999874 0.015871048 -0.00034391563
vn -0.015871048 0.68245375 0.73075646
vn -0.015871048 0.87290585 0.4876305
vn -0.015871048 0.87290585 0.4876305
vn -0.015871048 0.68245375 0.73075646
vn -0.999874 0.015871048 -0.00034391563
vn -0.999874 0.015871048 -0.00034391563
vn -0.999874 0.015871048 -0.00034391563
vn -0.999874 0.015871048 -0.00034391563
vn -0.999874 0.015871048 -0.00034391563
vn -0.999874 0.015871048 -0.00034391563
vn -0.999874 0.015871048 -0.00034391563
vn -0.015871048 0.87290585 0.4876305
vn -0.015871048 0.968132 0.24993704
vn -0.015871048 0.968132 0.24993704
vn -0.015871048 0.87290585 0.4876305
vn -0.015871048 0.49200153 -0.87044966
vn -0.015871048 -0.68245363 -0.7307566
vn -0.015871048 0.49200153 -0.87044966
vn -0.015871048 -0.68245363 -0.7307566
vn -0.015871048 -0.87290585 -0.4876305
vn -0.015871048 -0.87290585 -0.4876305
vn -0.015871048 0.68245375 0.73075646
vn -0.015871048 0.999874 -0.00034526698
vn -0.015871048 0.68245375 0.73075646
vn -0.015871048 0.999874 -0.00034526698
vn -0.015871048 0.49200153 -0.87044966
vn -0.015871048 0.49200153 -0.87044966
vn -0.999874 0.015871048 -0.00034391563
vn -0.999874 0.015871048 -0.00034391563
vn -0.999874 0.015871048 -0.00034391563
vn -0.999874 0.015871048 -0.00034391563
vn -0.999874 0.015871048 -0.00034391563
vn -0.999874 0.015871048 -0.00034391563
vn -0.999874 0.015871048 -0.00034391563
vn -0.015871048 0.68245375 0.73075646
vn -0.015871048 0.68245375 0.73075646
vn -0.015871048 0.87290585 0.4876305
vn -0.015871048 0.87290585 0.4876305
vn 0.999874 0.015871048 -0.00034391563
vn 0.999874 0.015871048 -0.00034391563
vn 0.999874 0.015871048 -0.00034391563
vn 0.999874 0.015871048 -0.00034391563
vn 0.999874 0.015871048 -0.00034391563
vn 0.999874 0.015871048 -0.00034391563
vn 0.999874 0.015871048 -0.00034391563
vn -0.015871048 0.87290585 0.4876305
vn -0.015871048 0.87290585 0.4876305
vn -0.015871048 0.968132 0.24993704
vn -0.015871048 0.968132 0.24993704
vn -0.015871048 -0.49200147 -0.8704497
vn -0.015871048 -0.999874 -0.00034526698
vn -0.015871048 -0.999874 -0.00034526698
vn -0.015871048 -0.49200147 -0.8704497
vn -0.015871048 0.49200153 -0.87044966
vn -0.015871048 0.49200153 -0.87044966
vn -0.015871048 0.999874 -0.00034526698
vn -0.015871048 0.999874 -0.00034526698
vn -0.015871048 -0.999874 -0.00034526698
vn -0.015871048 -0.999874 -0.00034526698
vn -0.015871048 -0.49200147 0.8704497
vn -0.015871048 -0.49200147 0.8704497
vn -0.015871048 -0.49200147 0.8704497
vn -0.015871048 -0.49200147 0.8704497
vn -0.015871048 0.49200153 0.87044966
vn -0.015871048 0.49200153 0.87044966
vn -0.015871048 0.49200153 0.87044966
vn -0.015871048 0.49200153 0.87044966
vn -0.015871048 0.999874 -0.00034526698
vn -0.015871048 0.999874 -0.00034526698
vn 0.999874 0.015871048 -0.00034391563
vn 0.999874 0.015871048 -0.00034391563
vn 0.999874 0.015871048 -0.00034391563
vn 0.999874 0.015871048 -0.00034391563
vn 0.999874 0.015871048 -0.00034391563
vn 0.999874 0.015871048 -0.00034391563
vn -0.999874 0.015871048 -0.00034391563
vn -0.999874 0.015871048 -0.00034391563
vn -0.999874 0.015871048 -0.00034391563
vn -0.999874 0.015871048 -0.00034391563
vn -0.999874 0.015871048 -0.00034391563
vn -0.999874 0.015871048 -0.00034391563
vn -0.015871048 0.015871048 0.99974805
vn -0.015871048 0.015871048 0.99974805
vn -0.015871048 0.015871048 0.99974805
vn -0.015871048 0.015871048 0.99974805
vn -0.999874 0.015871048 -0.00034391563
vn -0.015871048 0.999874 -0.00034526698
vn -0.015871048 0.999874 -0.00034526698
vn -0.999874 0.015871048 -0.00034391563
vn -0.015871048 -0.999874 -0.00034526698
vn -0.015871048 -0.999874 -0.00034526698
vn -0.015871048 0.015871048 -0.99974805
vn -0.015871048 0.015871048 -0.99974805
vn -0.015871048 0.015871048 -0.99974805
vn -0.015871048 0.015871048 -0.99974805
vn -0.015871048 -0.999874 -0.00034526698
vn -0.015871048 -0.999874 -0.00034526698
vn 0.999874 0.015871048 -0.00034391563
vn 0.999874 0.015871048 -0.00034391563
vn 0.999874 0.015871048 -0.00034391563
vn -0.015871048 0.999874 -0.00034526698
vn -0.015871048 0.999874 -0.00034526698
vn 0.999874 0.015871048 -0.00034391563
vn -0.015871048 0.999874 -0.00034526698
vn -0.015871048 0.999874 -0.00034526698
vn -0.015871048 0.999874 -0.00034526698
vn -0.015871048 0.999874 -0.00034526698
vn -0.015871048 -0.999874 -0.00034526698
vn -0.015871048 -0.999874 -0.00034526698
vn -0.015871048 -0.999874 -0.00034526698
vn -0.015871048 -0.999874 -0.00034526698
vn 0.999874 0.015871048 -0.00034391563
vn 0.999874 0.015871048 -0.00034391563
vn 0.999874 0.015871048 -0.00034391563
vn 0.999874 0.015871048 -0.00034391563
vn -0.999874 0.015871048 -0.00034391563
vn -0.999874 0.015871048 -0.00034391563
vn -0.999874 0.015871048 -0.00034391563
vn -0.999874 0.015871048 -0.00034391563
vn -0.8411639 0.015871048 -0.5405474
vn -0.5872276 0.5872276 -0.5570705
vn -0.70710677 0.70710677 -0
vn -0.999874 0.015871048 -0.00034391563
vn -0.999874 0.015871048 -0.00034391563
vn -0.70710677 0.70710677 -0
vn -0.70710677 -0.70710677 -0
vn -0.70710677 -0.70710677 -0
vn -0.5872276 -0.5872276 -0.5570705
vn -0.8411639 0.015871048 -0.5405474
vn -0.015871048 -0.8411638 -0.5405475
vn -0.5872276 -0.5872276 -0.5570705
vn -0.70710677 -0.70710677 -0
vn -0.015871048 -0.999874 -0.00034526698
vn 0.5872276 -0.5872276 -0.5570705
vn 0.70710677 -0.70710677 -0
vn 0.70710677 -0.70710677 -0
vn -0.015871048 -0.999874 -0.00034526698
vn -0.70710677 -0.70710677 -0
vn 0.8411638 0.015871048 -0.5405475
vn 0.5872276 -0.5872276 -0.5570705
vn 0.70710677 -0.70710677 -0
vn 0.999874 0.015871048 -0.00034391563
vn 0.999874 0.015871048 -0.00034391563
vn 0.70710677 -0.70710677 -0
vn 0.70710677 0.70710677 -0
vn 0.70710677 0.70710677 -0
vn 0.5872276 0.5872276 -0.5570705
vn 0.8411638 0.015871048 -0.5405475
vn -0.015871048 0.8411639 -0.5405474
vn 0.5872276 0.5872276 -0.5570705
vn 0.70710677 0.70710677 -0
vn -0.015871048 0.999874 -0.00034526698
vn -0.5872276 0.5872276 -0.5570705
vn -0.70710677 0.70710677 -0
vn -0.70710677 0.70710677 -0
vn -0.015871048 0.999874 -0.00034526698
vn 0.70710677 0.70710677 -0
vn -0.015871048 0.015871048 0.99974805
vn -0.015871048 0.015871048 0.99974805
vn -0.015871048 0.015871048 0.99974805
vn -0.015871048 0.015871048 0.99974805
vn -0.015871048 0.015871048 0.99974805
vn -0.015871048 0.015871048 0.99974805
vn -0.015871048 0.015871048 0.99974805
vn -0.015871048 0.015871048 0.99974805
vn -0.015871048 0.015871048 -0.99974805
vn -0.015871048 0.015871048 -0.99974805
vn -0.015871048 0.015871048 -0.99974805
vn -0.015871048 0.015871048 -0.99974805
vn -0.015871048 0.015871048 -0.99974805
vn -0.015871048 0.015871048 -0.99974805
vn -0.015871048 0.015871048 -0.99974805
vn -0.015871048 0.015871048 -0.99974805
vn -0.49200153 0.8411639 -0.2244501
vn -0.015871048 0.999874 -0.00034526698
vn -0.5872276 0.8094218 -0.00042286396
vn -0.015871048 0.968132 -0.24993704
vn 0.5872276 0.8094218 -0.00042286396
vn 0.49200147 0.8411639 -0.22445023
vn 0.55548555 0.7459378 -0.36744055
vn -0.015871048 0.9363899 -0.35060233
vn -0.5554856 0.7459378 -0.3674405
vn 0.6189696 0.6189697 -0.48348024
vn -0.015871048 0.87290585 -0.4876305
vn -0.6189697 0.6189697 -0.4834802
vn -0.015871048 0.015871048 -0.99974805
vn 0.49101302 -0.87115216 -0
vn -0.015871048 -0.999874 -0.00034526698
vn 0.5872276 -0.8094218 -0.00042286396
vn -0.015871048 -0.96813196 -0.24993728
vn -0.5872276 -0.7776798 -0.22445023
vn -0.49101308 -0.87115216 -0
vn -0.5554856 -0.7459377 -0.36744073
vn -0.015871048 -0.9363899 -0.35060233
vn 0.55548555 -0.7459377 -0.36744082
vn -0.6189697 -0.6189696 -0.48348024
vn -0.015871048 -0.87290585 -0.4876305
vn 0.6189696 -0.6189696 -0.4834803
vn -0.015871048 0.015871048 -0.99974805
vn -0.015871048 0.015871048 -0.99974805
vn -0.015871048 0.015871048 -0.99974805
vn -0.015871048 0.015871048 -0.99974805
vn -0.015871048 0.015871048 -0.99974805
vn -0.015871048 -0.999874 -0.00034526698
vn -0.015871048 -0.999874 -0.00034526698
vn -0.015871048 -0.999874 -0.00034526698
vn -0.015871048 -0.999874 -0.00034526698
vn 0.999874 0.015871048 -0.00034391563
vn 0.999874 0.015871048 -0.00034391563
vn 0.999874 0.015871048 -0.00034391563
vn 0.999874 0.015871048 -0.00034391563
vn -0.999874 0.015871048 -0.00034391563
vn -0.999874 0.015871048 -0.00034391563
vn -0.999874 0.015871048 -0.00034391563
vn -0.999874 0.015871048 -0.00034391563
vn -0.46025944 0.46025944 -0.7591591
vn -0.46025944 0.46025944 -0.7591591
vn -0.68245375 0.015871048 -0.73075646
vn -0.68245375 0.015871048 -0.73075646
vn -0.68245375 0.015871048 -0.73075646
vn -0.46025944 -0.46025944 -0.7591591
vn -0.46025944 -0.46025944 -0.7591591
vn -0.015871048 0.68245375 -0.73075646
vn -0.46025944 0.46025944 -0.7591591
vn -0.015871048 0.68245375 -0.73075646
vn 0.46025944 0.46025944 -0.7591591
vn 0.46025944 0.46025944 -0.7591591
vn -0.46025944 -0.46025944 -0.7591591
vn -0.015871048 -0.68245363 -0.7307566
vn -0.015871048 -0.68245363 -0.7307566
vn 0.46025944 -0.46025944 -0.7591591
vn 0.46025944 -0.46025944 -0.7591591
vn 0.46025944 -0.46025944 -0.7591591
vn 0.68245363 0.015871048 -0.7307566
vn 0.68245363 0.015871048 -0.7307566
vn 0.46025944 0.46025944 -0.7591591
vn 0.68245363 0.015871048 -0.7307566
vn -0.015871048 0.015871048 -0.99974805
vn -0.015871048 0.015871048 -0.99974805
vn -0.015871048 0.015871048 -0.99974805
vn -0.015871048 0.015871048 -0.99974805
vn -0.015871048 0.015871048 -0.99974805
vn -0.015871048 0.015871048 -0.99974805
vn -0.015871048 0.015871048 -0.99974805
vn -0.015871048 0.015871048 -0.99974805
vn -0.015871048 -0.9046479 0.4258642
vn 0.6189696 -0.6189696 0.4834803
vn 0.65071166 -0.65071166 0.39134216
vn -0.015871048 -0.8411638 0.5405475
vn -0.65071166 -0.65071166 0.39134216
vn -0.6189697 -0.6189696 0.48348024
vn -0.5237435 -0.5237435 0.6718523
vn -0.015871048 -0.7459377 0.66582656
vn 0.5237435 -0.5237435 0.6718523
vn 0.9046479 0.015871048 0.4258642
vn 0.6189696 0.6189697 0.48348024
vn 0.65071166 0.65071166 0.39134216
vn 0.8411638 0.015871048 0.5405475
vn 0.65071166 -0.65071166 0.39134216
vn 0.6189696 -0.6189696 0.4834803
vn 0.5237435 -0.5237435 0.6718523
vn 0.7459377 0.015871048 0.66582656
vn 0.7459377 0.015871048 0.66582656
vn 0.5237435 0.5237435 0.6718523
vn -0.015871048 0.90464795 0.42586404
vn -0.6189697 0.6189697 0.4834802
vn -0.65071166 0.65071166 0.39134216
vn -0.015871048 0.8411639 0.5405474
vn 0.65071166 0.65071166 0.39134216
vn 0.6189696 0.6189697 0.48348024
vn 0.5237435 0.5237435 0.6718523
vn -0.015871048 0.7459378 0.66582644
vn -0.5237435 0.5237435 0.6718523
vn -0.015871048 0.015871048 -0.99974805
vn -0.015871048 0.015871048 -0.99974805
vn -0.015871048 0.015871048 -0.99974805
vn -0.015871048 0.015871048 -0.99974805
vn -0.015871048 0.015871048 -0.99974805
vn -0.015871048 0.015871048 -0.99974805
vn -0.015871048 0.015871048 -0.99974805
vn -0.015871048 0.015871048 -0.99974805
vn -0.015871048 0.015871048 0.99974805
vn -0.015871048 0.015871048 0.99974805
vn -0.015871048 0.015871048 0.99974805
vn -0.015871048 0.015871048 0.99974805
vn -0.015871048 0.015871048 0.99974805
vn -0.015871048 0.015871048 0.99974805
vn -0.015871048 0.015871048 0.99974805
vn -0.015871048 0.015871048 0.99974805
vn -0.5237435 0.5237435 0.6718523
vn -0.7459378 0.015871048 0.66582644
vn -0.8411639 0.015871048 0.5405474
vn -0.6189697 0.6189697 0.4834802
vn -0.65071166 0.65071166 0.39134216
vn -0.90464795 0.015871048 0.42586404
vn -0.65071166 -0.65071166 0.39134216
vn -0.6189697 -0.6189696 0.48348024
vn -0.7459378 0.015871048 0.66582644
vn -0.5237435 -0.5237435 0.6718523
vn -0.6189697 0.3650334 0.6954331
vn -0.015871048 0.7141957 0.6997661
vn -0.6189697 0.3650334 0.6954331
vn -0.015871048 0.7141957 0.6997661
vn 0.6189696 0.3650334 0.69543314
vn 0.6189696 0.3650334 0.69543314
vn -0.6189697 -0.36503333 0.6954331
vn -0.6189697 0.3650334 0.6954331
vn -0.6189697 0.3650334 0.6954331
vn -0.6189697 -0.36503333 0.6954331
vn -0.015871048 -0.7141957 0.6997661
vn -0.6189697 -0.36503333 0.6954331
vn -0.6189697 -0.36503333 0.6954331
vn -0.015871048 -0.7141957 0.6997661
vn 0.6189696 -0.36503333 0.69543314
vn 0.6189696 -0.36503333 0.69543314
vn 0.6189696 0.3650334 0.69543314
vn 0.6189696 -0.36503333 0.69543314
vn 0.6189696 -0.36503333 0.69543314
vn 0.6189696 0.3650334 0.69543314
vn -0.015871048 0.999874 -0.00034526698
vn -0.87115216 0.49101308 -0
vn -0.87115216 0.49101308 -0
vn -0.015871048 0.999874 -0.00034526698
vn 0.87115216 0.49101308 -0
vn 0.87115216 0.49101308 -0
vn -0.87115216 0.49101308 -0
vn -0.87115216 0.49101308 -0
vn -0.87115216 -0.49101302 -0
vn -0.87115216 -0.49101302 -0
vn -0.015871048 -0.999874 -0.00034526698
vn -0.015871048 -0.999874 -0.00034526698
vn -0.015871048 -0.999874 -0.00034526698
vn -0.015871048 -0.999874 -0.00034526698
vn 0.87115216 -0.49101302 -0
vn 0.87115216 -0.49101302 -0
vn 0.87115216 -0.49101302 -0
vn 0.87115216 -0.49101302 -0
vn 0.87115216 0.49101308 -0
vn 0.87115216 0.49101308 -0
vn -0.015871048 0.90464795 0.42586404
vn -0.7776798 0.46025944 0.42822352
vn -0.7776798 0.46025944 0.42822352
vn -0.015871048 0.90464795 0.42586404
vn 0.7776798 0.46025944 0.42822352
vn 0.7776798 0.46025944 0.42822352
vn 0.7776798 -0.46025944 0.42822352
vn 0.7776798 -0.46025944 0.42822352
vn 0.7776798 0.46025944 0.42822352
vn 0.7776798 0.46025944 0.42822352
vn -0.015871048 -0.9046479 0.4258642
vn 0.7776798 -0.46025944 0.42822352
vn 0.7776798 -0.46025944 0.42822352
vn -0.015871048 -0.9046479 0.4258642
vn -0.7776798 -0.46025944 0.42822352
vn -0.7776798 -0.46025944 0.42822352
vn -0.7776798 0.46025944 0.42822352
vn -0.7776798 0.46025944 0.42822352
vn -0.7776798 -0.46025944 0.42822352
vn -0.7776798 -0.46025944 0.42822352
vn -0.015871048 0.999874 -0.00034526698
vn -0.87115216 0.49101308 -0
vn -0.87115216 0.49101308 -0
vn -0.015871048 0.999874 -0.00034526698
vn 0.87115216 0.49101308 -0
vn 0.87115216 0.49101308 -0
vn -0.87115216 0.49101308 -0
vn -0.87115216 0.49101308 -0
vn -0.87115216 -0.49101302 -0
vn -0.87115216 -0.49101302 -0
vn -0.87115216 -0.49101302 -0
vn -0.87115216 -0.49101302 -0
vn -0.015871048 -0.999874 -0.00034526698
vn -0.015871048 -0.999874 -0.00034526698
vn 0.87115216 -0.49101302 -0
vn 0.87115216 -0.49101302 -0
vn 0.87115216 -0.49101302 -0
vn 0.87115216 -0.49101302 -0
vn 0.87115216 0.49101308 -0
vn 0.87115216 0.49101308 -0
vn -0.87115216 -0.49101302 -0
vn -0.87115216 0.49101308 -0
vn -0.8411639 0.49200153 0.22445007
vn -0.8411639 -0.49200147 0.2244502
vn -0.8094218 -0.46025944 0.36468846
vn -0.8094218 0.46025944 0.36468846
vn -0.015871048 -0.999874 -0.00034526698
vn -0.87115216 -0.49101302 -0
vn -0.8411639 -0.49200147 0.2244502
vn -0.015871048 -0.999874 -0.00034526698
vn 0.87115216 -0.49101302 -0
vn 0.8411638 -0.49200147 0.22445045
vn 0.8094218 -0.46025944 0.36468846
vn -0.015871048 -0.9363899 0.35060233
vn -0.8094218 -0.46025944 0.36468846
vn 0.87115216 0.49101308 -0
vn 0.87115216 -0.49101302 -0
vn 0.8411638 -0.49200147 0.22445045
vn 0.8411638 0.49200153 0.22445033
vn 0.8094218 0.46025944 0.36468846
vn 0.8094218 -0.46025944 0.36468846
vn -0.015871048 0.999874 -0.00034526698
vn 0.87115216 0.49101308 -0
vn 0.8411638 0.49200153 0.22445033
vn -0.015871048 0.999874 -0.00034526698
vn -0.87115216 0.49101308 -0
vn -0.8411639 0.49200153 0.22445007
vn -0.8094218 0.46025944 0.36468846
vn -0.015871048 0.9363899 0.35060233
vn 0.8094218 0.46025944 0.36468846
vn -0.015871048 0.015871048 0.99974805
vn -0.015871048 0.015871048 0.99974805
vn -0.015871048 0.015871048 0.99974805
vn -0.015871048 0.015871048 0.99974805
vn -0.015871048 0.015871048 0.99974805
vn -0.015871048 0.015871048 0.99974805
vn 0.999874 0.015871048 -0.00034391563
vn 0.999874 0.015871048 -0.00034391563
vn 0.999874 0.015871048 -0.00034391563
vn 0.999874 0.015871048 -0.00034391563
vn 0.999874 0.015871048 -0.00034391563
vn 0.999874 0.015871048 -0.00034391563
vn 0.999874 0.015871048 -0.00034391563
vn 0.999874 0.015871048 -0.00034391563
vn 0.999874 0.015871048 -0.00034391563
vn 0.999874 -0.015870988 -0.00034665503
vn 0.999874 -0.015870988 -0.00034665503
vn 0.999874 0.015871048 -0.00034391563
vn -0.015871048 -0.36503333 -0.93085915
vn -0.015871048 -0.8411638 -0.5405475
vn -0.015871048 -0.8094218 -0.58701324
vn -0.015871048 -0.4285174 -0.90339416
vn -0.015871048 0.015871048 -0.99974805
vn -0.015871048 0.015871048 -0.99974805
vn -0.015871048 0.3650334 -0.93085915
vn -0.015871048 0.42851746 -0.9033941
vn -0.015871048 0.8094218 -0.58701324
vn -0.015871048 0.8411639 -0.5405474
vn -0.015871048 -0.8094218 -0.58701324
vn -0.015871048 -0.8411638 -0.5405475
vn -0.015871048 -0.999874 -0.00034526698
vn -0.015871048 -0.999874 -0.00034526698
vn -0.015871048 -0.9046479 0.4258642
vn -0.015871048 -0.9046479 0.4258642
vn -0.015871048 -0.5237435 0.85172814
vn -0.015871048 -0.5237435 0.85172814
vn -0.015871048 0.999874 -0.00034526698
vn -0.015871048 0.8411639 -0.5405474
vn -0.015871048 0.8094218 -0.58701324
vn -0.015871048 0.999874 -0.00034526698
vn -0.015871048 0.8411639 0.5405474
vn -0.015871048 0.8411639 0.5405474
vn -0.015871048 0.46025944 0.8876426
vn -0.015871048 0.49200153 0.87044966
vn -0.015871048 -0.5237435 0.85172814
vn -0.015871048 -0.5237435 0.85172814
vn -0.015871048 -0.07935506 0.9967201
vn -0.015871048 -0.07935506 0.9967201
vn -0.015871048 -0.07935506 0.9967201
vn -0.015871048 -0.07935506 0.9967201
vn -0.015871048 0.49200153 0.87044966
vn -0.015871048 0.46025944 0.8876426
vn -0.015871048 -0.8094218 -0.58701324
vn -0.015871048 -0.46025944 -0.8876426
vn -0.015871048 -0.39677536 -0.9177785
vn -0.015871048 -0.8411638 -0.5405475
vn -0.015871048 -0.999874 -0.00034526698
vn -0.015871048 -0.999874 -0.00034526698
vn -0.015871048 -0.8411638 0.5405475
vn -0.015871048 -0.8411638 0.5405475
vn -0.015871048 -0.5237435 0.85172814
vn -0.015871048 -0.55548555 0.8313747
vn -0.015871048 -0.39677536 -0.9177785
vn -0.015871048 -0.46025944 -0.8876426
vn -0.015871048 -0.047613025 -0.9987398
vn -0.015871048 -0.047613025 -0.9987398
vn -0.015871048 0.39677536 -0.9177785
vn -0.015871048 0.30154932 -0.9533185
vn -0.015871048 0.8094218 -0.58701324
vn -0.015871048 0.7776798 -0.6284602
vn -0.015871048 0.7776798 -0.6284602
vn -0.015871048 0.8094218 -0.58701324
vn -0.015871048 0.999874 -0.00034526698
vn -0.015871048 0.999874 -0.00034526698
vn -0.015871048 0.87290585 0.4876305
vn -0.015871048 0.87290585 0.4876305
vn -0.015871048 0.49200153 0.87044966
vn -0.015871048 0.49200153 0.87044966
vn -0.015871048 0.49200153 0.87044966
vn -0.015871048 0.49200153 0.87044966
vn -0.015871048 0.047613025 0.9987398
vn -0.015871048 0.047613025 0.9987398
vn -0.015871048 0.047613025 0.9987398
vn -0.015871048 0.047613025 0.9987398
vn -0.015871048 -0.55548555 0.8313747
vn -0.015871048 -0.5237435 0.85172814
vn -0.999874 0.015871048 -0.00034391563
vn -0.999874 0.015871048 -0.00034391563
vn -0.999874 0.015871048 -0.00034391563
vn -0.999874 0.015871048 -0.00034391563
vn -0.999874 0.015871048 -0.00034391563
vn -0.999874 0.015871048 -0.00034391563
vn -0.999874 0.015871048 -0.00034391563
vn -0.999874 -0.015870988 -0.00034665503
vn -0.999874 -0.015870988 -0.00034665503
vn -0.999874 -0.015870988 -0.00034665503
vn -0.999874 -0.015870988 -0.00034665503
vn -0.999874 -0.015870988 -0.00034665503
vn 0.55548555 -0.7459377 -0.36744082
vn 0.9046479 -0.36503333 -0.21991558
vn 0.9046479 -0.36503333 -0.21991558
vn 0.9046479 -0.36503333 -0.21991558
vn 0.96813196 -0.015870988 -0.24993728
vn 0.49101302 -0.87115216 -0
vn 0.5872276 -0.8094218 -0.00042286396
vn 0.9046479 -0.36503333 -0.21991558
vn 0.9046479 -0.36503333 -0.21991558
vn 0.999874 0.015871048 -0.00034391563
vn 0.999874 0.015871048 -0.00034391563
vn 0.9046479 0.3650334 -0.21991548
vn 0.9046479 0.3650334 -0.21991548
vn 0.5872276 0.8094218 -0.00042286396
vn 0.49200147 0.8411639 -0.22445023
vn 0.9046479 0.3650334 -0.21991548
vn 0.9046479 0.3650334 -0.21991548
vn 0.55548555 0.7459378 -0.36744055
vn 0.9046479 0.3650334 -0.21991548
vn 0.9046479 -0.015870988 -0.4258642
vn 0.6189696 -0.6189696 -0.4834803
vn 0.87290585 0.015871048 -0.4876305
vn 0.6189696 0.6189697 -0.48348024
vn -0.015871048 0.015871048 -0.99974805
vn -0.90464795 -0.36503333 -0.21991532
vn -0.999874 -0.015870988 -0.00034665503
vn -0.5872276 -0.7776798 -0.22445023
vn -0.49101308 -0.87115216 -0
vn -0.90464795 -0.36503333 -0.21991532
vn -0.90464795 -0.36503333 -0.21991532
vn -0.90464795 -0.36503333 -0.21991532
vn -0.999874 -0.015870988 -0.00034665503
vn -0.90464795 0.3650334 -0.21991521
vn -0.5872276 0.8094218 -0.00042286396
vn -0.90464795 0.3650334 -0.21991521
vn -0.49200153 0.8411639 -0.2244501
vn -0.90464795 0.3650334 -0.21991521
vn -0.5554856 -0.7459377 -0.36744073
vn -0.5554856 0.7459378 -0.3674405
vn -0.90464795 0.3650334 -0.21991521
vn -0.90464795 0.3650334 -0.21991521
vn -0.968132 0.047613025 -0.24587277
vn -0.90464795 -0.36503333 -0.21991532
vn -0.90464795 0.015871048 -0.42586404
vn -0.6189697 0.6189697 -0.4834802
vn -0.87290585 0.015871048 -0.4876305
vn -0.6189697 -0.6189696 -0.48348024
vn -0.015871048 0.015871048 -0.99974805
vn -0.49101308 -0.87115216 -0
vn -0.4280864 -0.90373784 -0
vn -0.4280864 -0.90373784 -0
vn -0.87290585 -0.23806524 0.4258642
vn -0.87290585 -0.23806524 -0.4258642
vn -0.9850967 -0.172001 -0
vn 0.49101302 -0.87115216 -0
vn 0.42808634 -0.90373784 -0
vn 0.42808634 -0.90373784 -0
vn 0.87290585 -0.23806524 0.4258642
vn 0.87290585 -0.23806524 -0.4258642
vn 0.9850967 -0.172001 -0
vn -0.015871048 0.015871048 0.99974805
vn -0.015871048 0.015871048 0.99974805
vn -0.015871048 0.015871048 0.99974805
vn -0.015871048 0.015871048 0.99974805
vn -0.015871048 0.015871048 0.99974805
vn -0.015871048 0.015871048 0.99974805
vn -0.015871048 0.015871048 0.99974805
vn -0.015871048 0.015871048 0.99974805
vn -0.015871048 0.015871048 0.99974805
vn -0.015871048 0.015871048 0.99974805
vn -0.015871048 0.015871048 0.99974805
vn -0.015871048 0.015871048 0.99974805
vn -0.015871048 0.015871048 -0.99974805
vn -0.015871048 0.015871048 -0.99974805
vn -0.015871048 0.015871048 -0.99974805
vn -0.015871048 0.015871048 -0.99974805
vn -0.015871048 0.015871048 -0.99974805
vn -0.015871048 0.015871048 -0.99974805
vn -0.015871048 0.015871048 -0.99974805
vn -0.015871048 0.015871048 -0.99974805
vn -0.015871048 0.015871048 -0.99974805
vn -0.015871048 0.015871048 -0.99974805
vn -0.015871048 0.015871048 -0.99974805
vn -0.015871048 0.015871048 -0.99974805
vn -0.015871048 0.015871048 0.99974805
vn -0.015871048 0.015871048 0.99974805
vn -0.015871048 0.015871048 0.99974805
vn -0.015871048 0.015871048 0.99974805
vn -0.015871048 0.015871048 0.99974805
vn -0.015871048 0.015871048 0.99974805
vn -0.015871048 0.015871048 0.99974805
vn -0.015871048 0.015871048 0.99974805
vn -0.015871048 0.015871048 0.99974805
vn -0.015871048 0.015871048 0.99974805
vn -0.015871048 0.015871048 0.99974805
vn -0.015871048 0.015871048 0.99974805
vn -0.015871048 0.015871048 -0.99974805
vn -0.015871048 0.015871048 -0.99974805
vn -0.015871048 0.015871048 -0.99974805
vn -0.015871048 0.015871048 -0.99974805
vn -0.015871048 0.015871048 -0.99974805
vn -0.015871048 0.015871048 -0.99974805
vn -0.015871048 0.015871048 -0.99974805
vn -0.015871048 0.015871048 -0.99974805
vn -0.015871048 0.015871048 -0.99974805
vn -0.015871048 0.015871048 -0.99974805
vn -0.015871048 0.015871048 -0.99974805
vn -0.015871048 0.015871048 -0.99974805
vn 0.46025944 -0.6189696 0.63642585
vn 0.33329135 -0.46025944 0.82284755
vn 0.5237435 -0.17458117 0.833795
vn 0.7459377 -0.23806524 0.62201434
vn -0.015871048 -0.7776798 0.6284602
vn 0.5237435 0.17458117 0.833795
vn -0.015871048 -0.55548555 0.8313747
vn 0.7459377 0.23806524 0.62201434
vn -0.46025944 -0.6189696 0.63642585
vn 0.33329135 0.46025944 0.82284755
vn -0.3332913 -0.46025944 0.82284755
vn 0.46025944 0.6189697 0.6364258
vn -0.7459378 -0.23806524 0.6220142
vn -0.015871048 0.5554856 0.8313747
vn -0.5237435 -0.17458117 0.833795
vn -0.015871048 0.7776798 0.6284602
vn -0.7459378 0.23806524 0.6220142
vn -0.3332913 0.46025944 0.82284755
vn -0.5237435 0.17458117 0.833795
vn -0.46025944 0.6189697 0.6364258
vn -0.015871048 0.015871048 -0.99974805
vn -0.015871048 0.015871048 -0.99974805
vn -0.015871048 0.015871048 -0.99974805
vn -0.015871048 0.015871048 -0.99974805
vn -0.015871048 0.015871048 -0.99974805
vn -0.015871048 0.015871048 -0.99974805
vn -0.015871048 0.015871048 -0.99974805
vn -0.015871048 0.015871048 -0.99974805
vn -0.015871048 0.015871048 -0.99974805
vn -0.015871048 0.015871048 -0.99974805
vn -0.015871048 0.015871048 -0.99974805
vn -0.015871048 0.015871048 -0.99974805
vn -0.015871048 0.015871048 -0.99974805
vn -0.015871048 0.015871048 -0.99974805
vn -0.015871048 0.015871048 -0.99974805
vn -0.015871048 0.015871048 -0.99974805
vn -0.015871048 0.015871048 -0.99974805
vn -0.015871048 0.015871048 -0.99974805
vn -0.015871048 0.015871048 -0.99974805
vn -0.015871048 0.015871048 -0.99974805
vn 0.46025944 -0.46025944 0.7591591
vn 0.46025944 -0.46025944 0.7591591
vn 0.6189696 0.015871048 0.78525454
vn -0.015871048 -0.6189696 0.78525454
vn 0.6189696 0.015871048 0.78525454
vn -0.015871048 -0.6189696 0.78525454
vn 0.46025944 0.46025944 0.7591591
vn -0.46025944 -0.46025944 0.7591591
vn 0.46025944 0.46025944 0.7591591
vn -0.46025944 -0.46025944 0.7591591
vn -0.015871048 0.6189697 0.78525454
vn -0.6189697 0.015871048 0.78525454
vn -0.015871048 0.6189697 0.78525454
vn -0.6189697 0.015871048 0.78525454
vn -0.46025944 0.46025944 0.7591591
vn -0.46025944 0.46025944 0.7591591
g geo_turret_mesh_0
f 3/3/3 2/2/2 1/1/1
f 6/6/6 5/5/5 4/4/4
f 9/9/9 8/8/8 7/7/7
f 12/12/12 11/11/11 10/10/10
f 15/15/15 14/14/14 13/13/13
f 18/18/18 17/17/17 16/16/16
f 21/21/21 20/20/20 19/19/19
f 24/24/24 23/23/23 22/22/22
f 27/27/27 26/26/26 25/25/25
f 26/26/26 28/28/28 25/25/25
f 25/25/25 28/28/28 29/29/29
f 28/28/28 30/30/30 29/29/29
f 29/29/29 30/30/30 31/31/31
f 30/30/30 32/32/32 31/31/31
f 31/31/31 32/32/32 33/33/33
f 32/32/32 34/34/34 33/33/33
f 37/37/37 36/36/36 35/35/35
f 38/38/38 37/37/37 35/35/35
f 39/39/39 37/37/37 38/38/38
f 40/40/40 39/39/39 38/38/38
f 43/43/43 42/42/42 41/41/41
f 44/44/44 43/43/43 41/41/41
f 45/45/45 43/43/43 44/44/44
f 46/46/46 45/45/45 44/44/44
f 47/47/47 45/45/45 46/46/46
f 48/48/48 47/47/47 46/46/46
f 51/51/51 50/50/50 49/49/49
f 52/52/52 51/51/51 49/49/49
f 55/55/55 54/54/54 53/53/53
f 56/56/56 55/55/55 53/53/53
f 56/56/56 53/53/53 57/57/57
f 58/58/58 56/56/56 57/57/57
f 58/58/58 57/57/57 59/59/59
f 60/60/60 58/58/58 59/59/59
f 61/61/61 60/60/60 59/59/59
f 62/62/62 61/61/61 59/59/59
f 65/65/65 64/64/64 63/63/63
f 66/66/66 65/65/65 63/63/63
f 67/67/67 65/65/65 66/66/66
f 68/68/68 67/67/67 66/66/66
f 68/68/68 69/69/69 67/67/67
f 69/69/69 70/70/70 67/67/67
f 71/71/71 70/70/70 69/69/69
f 72/72/72 71/71/71 69/69/69
f 75/75/75 74/74/74 73/73/73
f 74/74/74 76/76/76 73/73/73
f 73/73/73 76/76/76 77/77/77
f 76/76/76 78/78/78 77/77/77
f 81/81/81 80/80/80 79/79/79
f 80/80/80 82/82/82 79/79/79
f 79/79/79 82/82/82 83/83/83
f 82/82/82 84/84/84 83/83/83
f 83/83/83 84/84/84 85/85/85
f 84/84/84 86/86/86 85/85/85
f 89/89/89 88/88/88 87/87/87
f 90/90/90 89/89/89 87/87/87
f 93/93/93 92/92/92 91/91/91
f 92/92/92 94/94/94 91/91/91
f 92/92/92 95/95/95 94/94/94
f 95/95/95 96/96/96 94/94/94
f 95/95/95 97/97/97 96/96/96
f 97/97/97 98/98/98 96/96/96
f 97/97/97 99/99/99 98/98/98
f 99/99/99 100/100/100 98/98/98
f 103/103/103 102/102/102 101/101/101
f 103/103/103 101/101/101 104/104/104
f 105/105/105 103/103/103 104/104/104
f 106/106/106 105/105/105 104/104/104
f 107/107/107 106/106/106 104/104/104
f 107/107/107 108/108/108 106/106/106
f 111/111/111 110/110/110 109/109/109
f 110/110/110 112/112/112 109/109/109
f 109/109/109 112/112/112 113/113/113
f 112/112/112 114/114/114 113/113/113
f 114/114/114 115/115/115 113/113/113
f 115/115/115 116/116/116 113/113/113
f 119/119/119 118/118/118 117/117/117
f 120/120/120 119/119/119 117/117/117
f 123/123/123 122/122/122 121/121/121
f 124/124/124 123/123/123 121/121/121
f 124/124/124 121/121/121 125/125/125
f 126/126/126 124/124/124 125/125/125
f 126/126/126 125/125/125 127/127/127
f 127/127/127 128/128/128 126/126/126
f 131/131/131 130/130/130 129/129/129
f 132/132/132 131/131/131 129/129/129
f 132/132/132 129/129/129 133/133/133
f 134/134/134 132/132/132 133/133/133
f 134/134/134 133/133/133 135/135/135
f 136/136/136 134/134/134 135/135/135
f 139/139/139 138/138/138 137/137/137
f 140/140/140 139/139/139 137/137/137
f 140/140/140 137/137/137 141/141/141
f 142/142/142 140/140/140 141/141/141
f 143/143/143 142/142/142 141/141/141
f 144/144/144 143/143/143 141/141/141
f 147/147/147 146/146/146 145/145/145
f 148/148/148 147/147/147 145/145/145
f 151/151/151 150/150/150 149/149/149
f 150/150/150 152/152/152 149/149/149
f 149/149/149 152/152/152 153/153/153
f 152/152/152 154/154/154 153/153/153
f 153/153/153 154/154/154 155/155/155
f 156/156/156 155/155/155 154/154/154
f 159/159/159 158/158/158 157/157/157
f 158/158/158 160/160/160 157/157/157
f 157/157/157 160/160/160 161/161/161
f 160/160/160 162/162/162 161/161/161
f 161/161/161 162/162/162 163/163/163
f 162/162/162 164/164/164 163/163/163
f 167/167/167 166/166/166 165/165/165
f 166/166/166 168/168/168 165/165/165
f 170/170/170 168/168/168 169/169/169
f 168/168/168 171/171/171 169/169/169
f 169/169/169 171/171/171 172/172/172
f 171/171/171 173/173/173 172/172/172
f 175/175/175 173/173/173 174/174/174
f 173/173/173 176/176/176 174/174/174
f 178/178/178 166/166/166 177/177/177
f 179/179/179 178/178/178 177/177/177
f 176/176/176 178/178/178 179/179/179
f 180/180/180 176/176/176 179/179/179
f 183/183/183 182/182/182 181/181/181
f 182/182/182 184/184/184 181/181/181
f 184/184/184 182/182/182 185/185/185
f 186/186/186 184/184/184 185/185/185
f 189/189/189 188/188/188 187/187/187
f 188/188/188 190/190/190 187/187/187
f 187/187/187 190/190/190 191/191/191
f 190/190/190 192/192/192 191/191/191
f 195/195/195 194/194/194 193/193/193
f 196/196/196 195/195/195 193/193/193
f 199/199/199 198/198/198 197/197/197
f 198/198/198 200/200/200 197/197/197
f 197/197/197 200/200/200 201/201/201
f 200/200/200 202/202/202 201/201/201
f 205/205/205 204/204/204 203/203/203
f 206/206/206 205/205/205 203/203/203
f 209/209/209 208/208/208 207/207/207
f 210/210/210 209/209/209 207/207/207
f 213/213/213 212/212/212 211/211/211
f 214/214/214 213/213/213 211/211/211
f 217/217/217 216/216/216 215/215/215
f 218/218/218 217/217/217 215/215/215
f 221/221/221 220/220/220 219/219/219
f 222/222/222 221/221/221 219/219/219
f 225/225/225 224/224/224 223/223/223
f 226/226/226 225/225/225 223/223/223
f 229/229/229 228/228/228 227/227/227
f 230/230/230 229/229/229 227/227/227
f 233/233/233 232/232/232 231/231/231
f 234/234/234 233/233/233 231/231/231
f 237/237/237 236/236/236 235/235/235
f 238/238/238 237/237/237 235/235/235
f 239/239/239 237/237/237 238/238/238
f 240/240/240 239/239/239 238/238/238
f 243/243/243 242/242/242 241/241/241
f 244/244/244 243/243/243 241/241/241
f 247/247/247 246/246/246 245/245/245
f 248/248/248 247/247/247 245/245/245
f 249/249/249 247/247/247 248/248/248
f 250/250/250 249/249/249 248/248/248
f 253/253/253 252/252/252 251/251/251
f 252/252/252 254/254/254 251/251/251
f 254/254/254 255/255/255 251/251/251
f 255/255/255 256/256/256 251/251/251
f 259/259/259 258/258/258 257/257/257
f 259/259/259 257/257/257 260/260/260
f 261/261/261 259/259/259 260/260/260
f 262/262/262 261/261/261 260/260/260
f 265/265/265 264/264/264 263/263/263
f 265/265/265 263/263/263 266/266/266
f 263/263/263 267/267/267 266/266/266
f 267/267/267 268/268/268 266/266/266
f 271/271/271 270/270/270 269/269/269
f 272/272/272 271/271/271 269/269/269
f 273/273/273 271/271/271 272/272/272
f 274/274/274 273/273/273 272/272/272
f 277/277/277 276/276/276 275/275/275
f 278/278/278 277/277/277 275/275/275
f 278/278/278 275/275/275 279/279/279
f 282/282/282 281/281/281 280/280/280
f 282/282/282 280/280/280 283/283/283
f 284/284/284 282/282/282 283/283/283
f 287/287/287 286/286/286 285/285/285
f 286/286/286 288/288/288 285/285/285
f 285/285/285 288/288/288 289/289/289
f 288/288/288 290/290/290 289/289/289
f 293/293/293 292/292/292 291/291/291
f 291/291/291 294/294/294 293/293/293
f 294/294/294 291/291/291 295/295/295
f 296/296/296 293/293/293 294/294/294
f 294/294/294 295/295/295 297/297/297
f 296/296/296 294/294/294 297/297/297
f 297/297/297 298/298/298 296/296/296
f 301/301/301 300/300/300 299/299/299
f 300/300/300 301/301/301 302/302/302
f 301/301/301 303/303/303 302/302/302
f 303/303/303 301/301/301 304/304/304
f 305/305/305 303/303/303 304/304/304
f 305/305/305 304/304/304 306/306/306
f 307/307/307 305/305/305 306/306/306
f 307/307/307 306/306/306 308/308/308
f 309/309/309 307/307/307 308/308/308
f 310/310/310 308/308/308 306/306/306
f 313/313/313 312/312/312 311/311/311
f 314/314/314 313/313/313 311/311/311
f 317/317/317 316/316/316 315/315/315
f 315/315/315 316/316/316 318/318/318
f 316/316/316 319/319/319 318/318/318
f 319/319/319 320/320/320 318/318/318
f 323/323/323 322/322/322 321/321/321
f 321/321/321 322/322/322 324/324/324
f 325/325/325 321/321/321 324/324/324
f 326/326/326 325/325/325 324/324/324
f 329/329/329 328/328/328 327/327/327
f 328/328/328 330/330/330 327/327/327
f 328/328/328 331/331/331 330/330/330
f 331/331/331 332/332/332 330/330/330
f 335/335/335 334/334/334 333/333/333
f 334/334/334 336/336/336 333/333/333
f 333/333/333 336/336/336 337/337/337
f 340/340/340 339/339/339 338/338/338
f 338/338/338 339/339/339 341/341/341
f 339/339/339 342/342/342 341/341/341
f 345/345/345 344/344/344 343/343/343
f 346/346/346 345/345/345 343/343/343
f 346/346/346 343/343/343 347/347/347
f 348/348/348 346/346/346 347/347/347
f 351/351/351 350/350/350 349/349/349
f 352/352/352 349/349/349 350/350/350
f 349/349/349 352/352/352 353/353/353
f 350/350/350 354/354/354 352/352/352
f 353/353/353 352/352/352 355/355/355
f 352/352/352 354/354/354 355/355/355
f 356/356/356 355/355/355 354/354/354
f 359/359/359 358/358/358 357/357/357
f 358/358/358 359/359/359 360/360/360
f 361/361/361 358/358/358 360/360/360
f 358/358/358 361/361/361 362/362/362
f 361/361/361 363/363/363 362/362/362
f 362/362/362 363/363/363 364/364/364
f 363/363/363 365/365/365 364/364/364
f 364/364/364 365/365/365 366/366/366
f 365/365/365 367/367/367 366/366/366
f 366/366/366 368/368/368 364/364/364
f 371/371/371 370/370/370 369/369/369
f 372/372/372 371/371/371 369/369/369
f 375/375/375 374/374/374 373/373/373
f 376/376/376 375/375/375 373/373/373
f 376/376/376 373/373/373 377/377/377
f 373/373/373 378/378/378 377/377/377
f 377/377/377 379/379/379 376/376/376
f 379/379/379 380/380/380 376/376/376
f 376/376/376 380/380/380 381/381/381
f 380/380/380 382/382/382 381/381/381
f 385/385/385 384/384/384 383/383/383
f 386/386/386 385/385/385 383/383/383
f 385/385/385 386/386/386 387/387/387
f 386/386/386 388/388/388 387/387/387
f 387/387/387 388/388/388 389/389/389
f 388/388/388 390/390/390 389/389/389
f 393/393/393 392/392/392 391/391/391
f 392/392/392 394/394/394 391/391/391
f 395/395/395 391/391/391 394/394/394
f 396/396/396 395/395/395 394/394/394
f 397/397/397 395/395/395 396/396/396
f 398/398/398 397/397/397 396/396/396
f 401/401/401 400/400/400 399/399/399
f 400/400/400 402/402/402 399/399/399
f 399/399/399 402/402/402 403/403/403
f 402/402/402 404/404/404 403/403/403
f 407/407/407 406/406/406 405/405/405
f 406/406/406 408/408/408 405/405/405
f 409/409/409 408/408/408 406/406/406
f 410/410/410 409/409/409 406/406/406
f 409/409/409 411/411/411 408/408/408
f 411/411/411 412/412/412 408/408/408
f 412/412/412 413/413/413 408/408/408
f 413/413/413 414/414/414 408/408/408
f 417/417/417 416/416/416 415/415/415
f 418/418/418 417/417/417 415/415/415
f 419/419/419 418/418/418 415/415/415
f 420/420/420 418/418/418 419/419/419
f 421/421/421 420/420/420 419/419/419
f 422/422/422 420/420/420 421/421/421
f 423/423/423 422/422/422 421/421/421
f 424/424/424 422/422/422 423/423/423
f 425/425/425 424/424/424 423/423/423
f 428/428/428 427/427/427 426/426/426
f 429/429/429 428/428/428 426/426/426
f 432/432/432 431/431/431 430/430/430
f 433/433/433 432/432/432 430/430/430
f 436/436/436 435/435/435 434/434/434
f 437/437/437 436/436/436 434/434/434
f 440/440/440 439/439/439 438/438/438
f 441/441/441 440/440/440 438/438/438
f 444/444/444 443/443/443 442/442/442
f 442/442/442 443/443/443 445/445/445
f 448/448/448 447/447/447 446/446/446
f 449/449/449 448/448/448 446/446/446
f 452/452/452 451/451/451 450/450/450
f 452/452/452 450/450/450 453/453/453
f 454/454/454 453/453/453 450/450/450
f 455/455/455 454/454/454 450/450/450
f 456/456/456 455/455/455 450/450/450
f 457/457/457 456/456/456 450/450/450
f 457/457/457 450/450/450 458/458/458
f 457/457/457 459/459/459 456/456/456
f 462/462/462 461/461/461 460/460/460
f 463/463/463 462/462/462 460/460/460
f 460/460/460 464/464/464 463/463/463
f 464/464/464 465/465/465 463/463/463
f 464/464/464 466/466/466 465/465/465
f 466/466/466 467/467/467 465/465/465
f 467/467/467 466/466/466 468/468/468
f 466/466/466 469/469/469 468/468/468
f 468/468/468 469/469/469 470/470/470
f 471/471/471 468/468/468 470/470/470
f 471/471/471 470/470/470 472/472/472
f 473/473/473 472/472/472 470/470/470
f 472/472/472 473/473/473 474/474/474
f 475/475/475 472/472/472 474/474/474
f 476/476/476 472/472/472 475/475/475
f 477/477/477 476/476/476 475/475/475
f 480/480/480 479/479/479 478/478/478
f 481/481/481 480/480/480 478/478/478
f 484/484/484 483/483/483 482/482/482
f 485/485/485 484/484/484 482/482/482
f 488/488/488 487/487/487 486/486/486
f 489/489/489 488/488/488 486/486/486
f 489/489/489 486/486/486 490/490/490
f 491/491/491 489/489/489 490/490/490
f 491/491/491 490/490/490 492/492/492
f 493/493/493 491/491/491 492/492/492
f 493/493/493 492/492/492 494/494/494
f 495/495/495 493/493/493 494/494/494
f 495/495/495 494/494/494 496/496/496
f 494/494/494 497/497/497 496/496/496
f 500/500/500 499/499/499 498/498/498
f 501/501/501 500/500/500 498/498/498
f 504/504/504 503/503/503 502/502/502
f 505/505/505 504/504/504 502/502/502
f 508/508/508 507/507/507 506/506/506
f 509/509/509 508/508/508 506/506/506
f 512/512/512 511/511/511 510/510/510
f 513/513/513 512/512/512 510/510/510
f 516/516/516 515/515/515 514/514/514
f 517/517/517 516/516/516 514/514/514
f 520/520/520 519/519/519 518/518/518
f 521/521/521 520/520/520 518/518/518
f 524/524/524 523/523/523 522/522/522
f 522/522/522 523/523/523 525/525/525
f 526/526/526 522/522/522 525/525/525
f 526/526/526 525/525/525 527/527/527
f 525/525/525 528/528/528 527/527/527
f 527/527/527 528/528/528 529/529/529
f 528/528/528 530/530/530 529/529/529
f 529/529/529 530/530/530 531/531/531
f 530/530/530 532/532/532 531/531/531
f 535/535/535 534/534/534 533/533/533
f 536/536/536 535/535/535 533/533/533
f 539/539/539 538/538/538 537/537/537
f 540/540/540 539/539/539 537/537/537
f 543/543/543 542/542/542 541/541/541
f 544/544/544 543/543/543 541/541/541
f 547/547/547 546/546/546 545/545/545
f 548/548/548 547/547/547 545/545/545
f 551/551/551 550/550/550 549/549/549
f 551/551/551 549/549/549 552/552/552
f 555/555/555 554/554/554 553/553/553
f 556/556/556 555/555/555 553/553/553
f 559/559/559 558/558/558 557/557/557
f 557/557/557 558/558/558 560/560/560
f 560/560/560 561/561/561 557/557/557
f 561/561/561 562/562/562 557/557/557
f 562/562/562 563/563/563 557/557/557
f 563/563/563 564/564/564 557/557/557
f 557/557/557 564/564/564 565/565/565
f 566/566/566 564/564/564 563/563/563
f 569/569/569 568/568/568 567/567/567
f 568/568/568 570/570/570 567/567/567
f 567/567/567 570/570/570 571/571/571
f 572/572/572 567/567/567 571/571/571
f 572/572/572 571/571/571 573/573/573
f 574/574/574 572/572/572 573/573/573
f 574/574/574 573/573/573 575/575/575
f 576/576/576 574/574/574 575/575/575
f 575/575/575 577/577/577 576/576/576
f 577/577/577 578/578/578 576/576/576
f 578/578/578 577/577/577 579/579/579
f 579/579/579 580/580/580 578/578/578
f 580/580/580 579/579/579 581/581/581
f 579/579/579 582/582/582 581/581/581
f 583/583/583 582/582/582 579/579/579
f 584/584/584 583/583/583 579/579/579
f 587/587/587 586/586/586 585/585/585
f 588/588/588 587/587/587 585/585/585
f 591/591/591 590/590/590 589/589/589
f 592/592/592 591/591/591 589/589/589
f 595/595/595 594/594/594 593/593/593
f 594/594/594 596/596/596 593/593/593
f 593/593/593 596/596/596 597/597/597
f 598/598/598 593/593/593 597/597/597
f 597/597/597 599/599/599 598/598/598
f 599/599/599 600/600/600 598/598/598
f 599/599/599 601/601/601 600/600/600
f 601/601/601 602/602/602 600/600/600
f 601/601/601 603/603/603 602/602/602
f 603/603/603 604/604/604 602/602/602
f 607/607/607 606/606/606 605/605/605
f 608/608/608 607/607/607 605/605/605
f 611/611/611 610/610/610 609/609/609
f 612/612/612 611/611/611 609/609/609
f 615/615/615 614/614/614 613/613/613
f 616/616/616 615/615/615 613/613/613
f 616/616/616 617/617/617 615/615/615
f 617/617/617 618/618/618 615/615/615
f 621/621/621 620/620/620 619/619/619
f 622/622/622 621/621/621 619/619/619
f 623/623/623 621/621/621 622/622/622
f 624/624/624 623/623/623 622/622/622
f 627/627/627 626/626/626 625/625/625
f 627/627/627 625/625/625 628/628/628
f 627/627/627 628/628/628 629/629/629
f 629/629/629 630/630/630 627/627/627
f 630/630/630 631/631/631 627/627/627
f 634/634/634 633/633/633 632/632/632
f 635/635/635 634/634/634 632/632/632
f 638/638/638 637/637/637 636/636/636
f 639/639/639 638/638/638 636/636/636
f 636/636/636 640/640/640 639/639/639
f 641/641/641 639/639/639 640/640/640
f 641/641/641 642/642/642 639/639/639
f 645/645/645 644/644/644 643/643/643
f 646/646/646 645/645/645 643/643/643
f 649/649/649 648/648/648 647/647/647
f 648/648/648 650/650/650 647/647/647
f 651/651/651 650/650/650 648/648/648
f 652/652/652 651/651/651 648/648/648
f 655/655/655 654/654/654 653/653/653
f 654/654/654 656/656/656 653/653/653
f 654/654/654 657/657/657 656/656/656
f 657/657/657 658/658/658 656/656/656
f 661/661/661 660/660/660 659/659/659
f 659/659/659 660/660/660 662/662/662
f 662/662/662 660/660/660 663/663/663
f 664/664/664 663/663/663 660/660/660
f 665/665/665 664/664/664 660/660/660
f 668/668/668 667/667/667 666/666/666
f 669/669/669 668/668/668 666/666/666
f 672/672/672 671/671/671 670/670/670
f 671/671/671 673/673/673 670/670/670
f 674/674/674 670/670/670 673/673/673
f 673/673/673 675/675/675 674/674/674
f 676/676/676 675/675/675 673/673/673
f 679/679/679 678/678/678 677/677/677
f 680/680/680 679/679/679 677/677/677
f 683/683/683 682/682/682 681/681/681
f 682/682/682 684/684/684 681/681/681
f 681/681/681 684/684/684 685/685/685
f 684/684/684 686/686/686 685/685/685
f 685/685/685 686/686/686 687/687/687
f 686/686/686 688/688/688 687/687/687
f 691/691/691 690/690/690 689/689/689
f 692/692/692 691/691/691 689/689/689
f 695/695/695 694/694/694 693/693/693
f 696/696/696 695/695/695 693/693/693
f 699/699/699 698/698/698 697/697/697
f 700/700/700 699/699/699 697/697/697
f 703/703/703 702/702/702 701/701/701
f 704/704/704 703/703/703 701/701/701
f 705/705/705 704/704/704 701/701/701
f 705/705/705 706/706/706 704/704/704
f 709/709/709 708/708/708 707/707/707
f 709/709/709 710/710/710 708/708/708
f 710/710/710 711/711/711 708/708/708
f 710/710/710 712/712/712 711/711/711
f 715/715/715 714/714/714 713/713/713
f 716/716/716 715/715/715 713/713/713
f 719/719/719 718/718/718 717/717/717
f 718/718/718 720/720/720 717/717/717
f 717/717/717 720/720/720 721/721/721
f 722/722/722 717/717/717 721/721/721
f 725/725/725 724/724/724 723/723/723
f 726/726/726 725/725/725 723/723/723
f 729/729/729 728/728/728 727/727/727
f 730/730/730 729/729/729 727/727/727
f 733/733/733 732/732/732 731/731/731
f 734/734/734 733/733/733 731/731/731
f 737/737/737 736/736/736 735/735/735
f 738/738/738 737/737/737 735/735/735
f 741/741/741 740/740/740 739/739/739
f 742/742/742 741/741/741 739/739/739
f 745/745/745 744/744/744 743/743/743
f 746/746/746 745/745/745 743/743/743
f 749/749/749 748/748/748 747/747/747
f 750/750/750 749/749/749 747/747/747
f 753/753/753 752/752/752 751/751/751
f 754/754/754 753/753/753 751/751/751
f 754/754/754 755/755/755 753/753/753
f 755/755/755 756/756/756 753/753/753
f 757/757/757 755/755/755 754/754/754
f 758/758/758 757/757/757 754/754/754
f 758/758/758 754/754/754 759/759/759
f 754/754/754 760/760/760 759/759/759
f 763/763/763 762/762/762 761/761/761
f 764/764/764 763/763/763 761/761/761
f 764/764/764 761/761/761 765/765/765
f 766/766/766 764/764/764 765/765/765
f 766/766/766 767/767/767 764/764/764
f 767/767/767 768/768/768 764/764/764
f 764/764/764 768/768/768 763/763/763
f 768/768/768 769/769/769 763/763/763
f 772/772/772 771/771/771 770/770/770
f 773/773/773 772/772/772 770/770/770
f 773/773/773 774/774/774 772/772/772
f 774/774/774 775/775/775 772/772/772
f 776/776/776 774/774/774 773/773/773
f 777/777/777 776/776/776 773/773/773
f 777/777/777 773/773/773 778/778/778
f 773/773/773 779/779/779 778/778/778
f 782/782/782 781/781/781 780/780/780
f 783/783/783 782/782/782 780/780/780
f 783/783/783 780/780/780 784/784/784
f 785/785/785 783/783/783 784/784/784
f 785/785/785 786/786/786 783/783/783
f 786/786/786 787/787/787 783/783/783
f 783/783/783 787/787/787 782/782/782
f 787/787/787 788/788/788 782/782/782
f 791/791/791 790/790/790 789/789/789
f 791/791/791 792/792/792 790/790/790
f 792/792/792 793/793/793 790/790/790
f 792/792/792 794/794/794 793/793/793
f 794/794/794 795/795/795 793/793/793
f 794/794/794 796/796/796 795/795/795
f 799/799/799 798/798/798 797/797/797
f 799/799/799 800/800/800 798/798/798
f 800/800/800 801/801/801 798/798/798
f 800/800/800 802/802/802 801/801/801
f 802/802/802 803/803/803 801/801/801
f 802/802/802 804/804/804 803/803/803
f 807/807/807 806/806/806 805/805/805
f 806/806/806 808/808/808 805/805/805
f 806/806/806 809/809/809 808/808/808
f 809/809/809 810/810/810 808/808/808
f 808/808/808 810/810/810 811/811/811
f 805/805/805 808/808/808 812/812/812
f 812/812/812 808/808/808 811/811/811
f 813/813/813 805/805/805 812/812/812
f 812/812/812 811/811/811 814/814/814
f 813/813/813 812/812/812 815/815/815
f 815/815/815 812/812/812 814/814/814
f 816/816/816 813/813/813 815/815/815
f 814/814/814 817/817/817 815/815/815
f 815/815/815 817/817/817 816/816/816
f 820/820/820 819/819/819 818/818/818
f 819/819/819 821/821/821 818/818/818
f 819/819/819 822/822/822 821/821/821
f 822/822/822 823/823/823 821/821/821
f 821/821/821 823/823/823 824/824/824
f 818/818/818 821/821/821 825/825/825
f 825/825/825 821/821/821 824/824/824
f 826/826/826 818/818/818 825/825/825
f 825/825/825 824/824/824 827/827/827
f 826/826/826 825/825/825 828/828/828
f 828/828/828 825/825/825 827/827/827
f 829/829/829 826/826/826 828/828/828
f 827/827/827 830/830/830 828/828/828
f 828/828/828 830/830/830 829/829/829
f 833/833/833 832/832/832 831/831/831
f 834/834/834 833/833/833 831/831/831
f 837/837/837 836/836/836 835/835/835
f 838/838/838 837/837/837 835/835/835
f 841/841/841 840/840/840 839/839/839
f 842/842/842 841/841/841 839/839/839
f 845/845/845 844/844/844 843/843/843
f 846/846/846 845/845/845 843/843/843
f 849/849/849 848/848/848 847/847/847
f 850/850/850 849/849/849 847/847/847
f 852/852/852 851/851/851 850/850/850
f 853/853/853 852/852/852 850/850/850
f 847/847/847 855/855/855 854/854/854
f 855/855/855 856/856/856 854/854/854
f 854/854/854 856/856/856 857/857/857
f 856/856/856 858/858/858 857/857/857
f 860/860/860 859/859/859 853/853/853
f 861/861/861 860/860/860 853/853/853
f 862/862/862 860/860/860 861/861/861
f 863/863/863 862/862/862 861/861/861
f 865/865/865 864/864/864 863/863/863
f 866/866/866 865/865/865 863/863/863
f 857/857/857 867/867/867 866/866/866
f 867/867/867 868/868/868 866/866/866
f 871/871/871 870/870/870 869/869/869
f 870/870/870 872/872/872 869/869/869
f 872/872/872 873/873/873 869/869/869
f 873/873/873 872/872/872 874/874/874
f 875/875/875 873/873/873 874/874/874
f 876/876/876 875/875/875 874/874/874
f 879/879/879 878/878/878 877/877/877
f 878/878/878 880/880/880 877/877/877
f 877/877/877 880/880/880 881/881/881
f 880/880/880 882/882/882 881/881/881
f 882/882/882 880/880/880 883/883/883
f 880/880/880 884/884/884 883/883/883
f 880/880/880 878/878/878 884/884/884
f 878/878/878 885/885/885 884/884/884
f 888/888/888 887/887/887 886/886/886
f 887/887/887 889/889/889 886/886/886
f 886/886/886 889/889/889 890/890/890
f 889/889/889 891/891/891 890/890/890
f 891/891/891 889/889/889 892/892/892
f 889/889/889 893/893/893 892/892/892
f 889/889/889 887/887/887 894/894/894
f 887/887/887 895/895/895 894/894/894
f 898/898/898 897/897/897 896/896/896
f 897/897/897 899/899/899 896/896/896
f 896/896/896 899/899/899 900/900/900
f 899/899/899 901/901/901 900/900/900
f 901/901/901 899/899/899 902/902/902
f 899/899/899 903/903/903 902/902/902
f 899/899/899 897/897/897 903/903/903
f 897/897/897 904/904/904 903/903/903
f 907/907/907 906/906/906 905/905/905
f 906/906/906 908/908/908 905/905/905
f 908/908/908 909/909/909 905/905/905
f 909/909/909 908/908/908 910/910/910
f 911/911/911 909/909/909 910/910/910
f 912/912/912 911/911/911 910/910/910
f 915/915/915 914/914/914 913/913/913
f 915/915/915 913/913/913 916/916/916
f 917/917/917 915/915/915 916/916/916
f 918/918/918 917/917/917 916/916/916
f 919/919/919 918/918/918 916/916/916
f 919/919/919 920/920/920 918/918/918
f 923/923/923 922/922/922 921/921/921
f 924/924/924 923/923/923 921/921/921
f 923/923/923 924/924/924 925/925/925
f 926/926/926 923/923/923 925/925/925
f 926/926/926 927/927/927 923/923/923
f 927/927/927 928/928/928 923/923/923
f 923/923/923 928/928/928 929/929/929
f 928/928/928 930/930/930 929/929/929
f 933/933/933 932/932/932 931/931/931
f 932/932/932 934/934/934 931/931/931
f 932/932/932 935/935/935 934/934/934
f 935/935/935 936/936/936 934/934/934
f 939/939/939 938/938/938 937/937/937
f 940/940/940 939/939/939 937/937/937
f 943/943/943 942/942/942 941/941/941
f 944/944/944 943/943/943 941/941/941
f 944/944/944 941/941/941 945/945/945
f 946/946/946 944/944/944 945/945/945
f 949/949/949 948/948/948 947/947/947
f 950/950/950 949/949/949 947/947/947
f 953/953/953 952/952/952 951/951/951
f 952/952/952 954/954/954 951/951/951
f 951/951/951 954/954/954 955/955/955
f 954/954/954 956/956/956 955/955/955
f 959/959/959 958/958/958 957/957/957
f 960/960/960 959/959/959 957/957/957
f 961/961/961 959/959/959 960/960/960
f 962/962/962 961/961/961 960/960/960
f 965/965/965 964/964/964 963/963/963
f 966/966/966 965/965/965 963/963/963
f 969/969/969 968/968/968 967/967/967
f 970/970/970 969/969/969 967/967/967
f 973/973/973 972/972/972 971/971/971
f 972/972/972 974/974/974 971/971/971
f 971/971/971 974/974/974 975/975/975
f 974/974/974 976/976/976 975/975/975
f 979/979/979 978/978/978 977/977/977
f 980/980/980 979/979/979 977/977/977
f 983/983/983 982/982/982 981/981/981
f 982/982/982 984/984/984 981/981/981
f 981/981/981 984/984/984 985/985/985
f 984/984/984 986/986/986 985/985/985
f 989/989/989 988/988/988 987/987/987
f 990/990/990 989/989/989 987/987/987
f 993/993/993 992/992/992 991/991/991
f 992/992/992 994/994/994 991/991/991
f 991/991/991 994/994/994 995/995/995
f 994/994/994 996/996/996 995/995/995
f 999/999/999 998/998/998 997/997/997
f 1000/1000/1000 999/999/999 997/997/997
f 1003/1003/1003 1002/1002/1002 1001/1001/1001
f 1004/1004/1004 1003/1003/1003 1001/1001/1001
f 1005/1005/1005 1003/1003/1003 1004/1004/1004
f 1006/1006/1006 1005/1005/1005 1004/1004/1004
f 1009/1009/1009 1008/1008/1008 1007/1007/1007
f 1010/1010/1010 1009/1009/1009 1007/1007/1007
f 1013/1013/1013 1012/1012/1012 1011/1011/1011
f 1014/1014/1014 1013/1013/1013 1011/1011/1011
f 1014/1014/1014 1015/1015/1015 1013/1013/1013
f 1015/1015/1015 1016/1016/1016 1013/1013/1013
f 1019/1019/1019 1018/1018/1018 1017/1017/1017
f 1020/1020/1020 1019/1019/1019 1017/1017/1017
f 1020/1020/1020 1017/1017/1017 1021/1021/1021
f 1022/1022/1022 1020/1020/1020 1021/1021/1021
f 1022/1022/1022 1023/1023/1023 1020/1020/1020
f 1023/1023/1023 1024/1024/1024 1020/1020/1020
f 1020/1020/1020 1024/1024/1024 1019/1019/1019
f 1024/1024/1024 1025/1025/1025 1019/1019/1019
f 1028/1028/1028 1027/1027/1027 1026/1026/1026
f 1029/1029/1029 1028/1028/1028 1026/1026/1026
f 1029/1029/1029 1030/1030/1030 1028/1028/1028
f 1030/1030/1030 1031/1031/1031 1028/1028/1028
f 1034/1034/1034 1033/1033/1033 1032/1032/1032
f 1035/1035/1035 1034/1034/1034 1032/1032/1032
f 1035/1035/1035 1032/1032/1032 1036/1036/1036
f 1037/1037/1037 1035/1035/1035 1036/1036/1036
f 1037/1037/1037 1038/1038/1038 1035/1035/1035
f 1038/1038/1038 1039/1039/1039 1035/1035/1035
f 1035/1035/1035 1039/1039/1039 1034/1034/1034
f 1039/1039/1039 1040/1040/1040 1034/1034/1034
f 1043/1043/1043 1042/1042/1042 1041/1041/1041
f 1044/1044/1044 1043/1043/1043 1041/1041/1041
f 1044/1044/1044 1045/1045/1045 1043/1043/1043
f 1045/1045/1045 1046/1046/1046 1043/1043/1043
f 1049/1049/1049 1048/1048/1048 1047/1047/1047
f 1049/1049/1049 1050/1050/1050 1048/1048/1048
f 1050/1050/1050 1051/1051/1051 1048/1048/1048
f 1050/1050/1050 1052/1052/1052 1051/1051/1051
f 1052/1052/1052 1053/1053/1053 1051/1051/1051
f 1054/1054/1054 1053/1053/1053 1052/1052/1052
f 1055/1055/1055 1054/1054/1054 1052/1052/1052
f 1055/1055/1055 1056/1056/1056 1054/1054/1054
f 1056/1056/1056 1057/1057/1057 1054/1054/1054
f 1056/1056/1056 1058/1058/1058 1057/1057/1057
f 1061/1061/1061 1060/1060/1060 1059/1059/1059
f 1060/1060/1060 1062/1062/1062 1059/1059/1059
f 1059/1059/1059 1062/1062/1062 1063/1063/1063
f 1062/1062/1062 1064/1064/1064 1063/1063/1063
f 1063/1063/1063 1064/1064/1064 1065/1065/1065
f 1064/1064/1064 1066/1066/1066 1065/1065/1065
f 1065/1065/1065 1066/1066/1066 1067/1067/1067
f 1066/1066/1066 1068/1068/1068 1067/1067/1067
f 1071/1071/1071 1070/1070/1070 1069/1069/1069
f 1072/1072/1072 1071/1071/1071 1069/1069/1069
f 1073/1073/1073 1071/1071/1071 1072/1072/1072
f 1074/1074/1074 1073/1073/1073 1072/1072/1072
f 1075/1075/1075 1073/1073/1073 1074/1074/1074
f 1076/1076/1076 1075/1075/1075 1074/1074/1074
f 1079/1079/1079 1078/1078/1078 1077/1077/1077
f 1078/1078/1078 1080/1080/1080 1077/1077/1077
f 1077/1077/1077 1080/1080/1080 1081/1081/1081
f 1080/1080/1080 1082/1082/1082 1081/1081/1081
f 1081/1081/1081 1082/1082/1082 1083/1083/1083
f 1082/1082/1082 1084/1084/1084 1083/1083/1083
f 1087/1087/1087 1086/1086/1086 1085/1085/1085
f 1088/1088/1088 1087/1087/1087 1085/1085/1085
f 1091/1091/1091 1090/1090/1090 1089/1089/1089
f 1092/1092/1092 1091/1091/1091 1089/1089/1089
f 1095/1095/1095 1094/1094/1094 1093/1093/1093
f 1094/1094/1094 1096/1096/1096 1093/1093/1093
f 1093/1093/1093 1096/1096/1096 1097/1097/1097
f 1096/1096/1096 1098/1098/1098 1097/1097/1097
f 1097/1097/1097 1098/1098/1098 1099/1099/1099
f 1098/1098/1098 1100/1100/1100 1099/1099/1099
f 1099/1099/1099 1100/1100/1100 1101/1101/1101
f 1100/1100/1100 1102/1102/1102 1101/1101/1101
f 1105/1105/1105 1104/1104/1104 1103/1103/1103
f 1106/1106/1106 1105/1105/1105 1103/1103/1103
f 1107/1107/1107 1105/1105/1105 1106/1106/1106
f 1108/1108/1108 1107/1107/1107 1106/1106/1106
f 1109/1109/1109 1107/1107/1107 1108/1108/1108
f 1110/1110/1110 1109/1109/1109 1108/1108/1108
f 1113/1113/1113 1112/1112/1112 1111/1111/1111
f 1114/1114/1114 1113/1113/1113 1111/1111/1111
f 1115/1115/1115 1113/1113/1113 1114/1114/1114
f 1116/1116/1116 1115/1115/1115 1114/1114/1114
f 1117/1117/1117 1115/1115/1115 1116/1116/1116
f 1118/1118/1118 1117/1117/1117 1116/1116/1116
f 1121/1121/1121 1120/1120/1120 1119/1119/1119
f 1122/1122/1122 1121/1121/1121 1119/1119/1119
f 1125/1125/1125 1124/1124/1124 1123/1123/1123
f 1126/1126/1126 1125/1125/1125 1123/1123/1123
f 1129/1129/1129 1128/1128/1128 1127/1127/1127
f 1129/1129/1129 1127/1127/1127 1130/1130/1130
f 1131/1131/1131 1129/1129/1129 1130/1130/1130
f 1131/1131/1131 1130/1130/1130 1132/1132/1132
f 1130/1130/1130 1133/1133/1133 1132/1132/1132
f 1132/1132/1132 1133/1133/1133 1134/1134/1134
f 1135/1135/1135 1132/1132/1132 1134/1134/1134
f 1135/1135/1135 1134/1134/1134 1136/1136/1136
f 1137/1137/1137 1135/1135/1135 1136/1136/1136
f 1137/1137/1137 1136/1136/1136 1138/1138/1138
f 1141/1141/1141 1140/1140/1140 1139/1139/1139
f 1142/1142/1142 1141/1141/1141 1139/1139/1139
f 1143/1143/1143 1142/1142/1142 1139/1139/1139
f 1140/1140/1140 1144/1144/1144 1139/1139/1139
f 1145/1145/1145 1144/1144/1144 1140/1140/1140
f 1146/1146/1146 1145/1145/1145 1140/1140/1140
f 1146/1146/1146 1147/1147/1147 1145/1145/1145
f 1147/1147/1147 1148/1148/1148 1145/1145/1145
f 1147/1147/1147 1149/1149/1149 1148/1148/1148
f 1148/1148/1148 1149/1149/1149 1150/1150/1150
f 1148/1148/1148 1150/1150/1150 1151/1151/1151
f 1152/1152/1152 1148/1148/1148 1151/1151/1151
f 1152/1152/1152 1151/1151/1151 1153/1153/1153
f 1151/1151/1151 1154/1154/1154 1153/1153/1153
f 1153/1153/1153 1154/1154/1154 1155/1155/1155
f 1156/1156/1156 1153/1153/1153 1155/1155/1155
f 1156/1156/1156 1155/1155/1155 1157/1157/1157
f 1156/1156/1156 1157/1157/1157 1158/1158/1158
f 1157/1157/1157 1143/1143/1143 1158/1158/1158
f 1158/1158/1158 1143/1143/1143 1139/1139/1139
f 1158/1158/1158 1139/1139/1139 1159/1159/1159
f 1156/1156/1156 1158/1158/1158 1160/1160/1160
f 1160/1160/1160 1158/1158/1158 1159/1159/1159
f 1161/1161/1161 1156/1156/1156 1160/1160/1160
f 1159/1159/1159 1162/1162/1162 1160/1160/1160
f 1160/1160/1160 1162/1162/1162 1161/1161/1161
f 1165/1165/1165 1164/1164/1164 1163/1163/1163
f 1165/1165/1165 1163/1163/1163 1166/1166/1166
f 1163/1163/1163 1167/1167/1167 1166/1166/1166
f 1166/1166/1166 1167/1167/1167 1168/1168/1168
f 1164/1164/1164 1169/1169/1169 1163/1163/1163
f 1164/1164/1164 1170/1170/1170 1169/1169/1169
f 1164/1164/1164 1171/1171/1171 1170/1170/1170
f 1164/1164/1164 1172/1172/1172 1171/1171/1171
f 1172/1172/1172 1173/1173/1173 1171/1171/1171
f 1172/1172/1172 1174/1174/1174 1173/1173/1173
f 1174/1174/1174 1175/1175/1175 1173/1173/1173
f 1176/1176/1176 1166/1166/1166 1168/1168/1168
f 1175/1175/1175 1174/1174/1174 1177/1177/1177
f 1178/1178/1178 1175/1175/1175 1177/1177/1177
f 1179/1179/1179 1178/1178/1178 1177/1177/1177
f 1180/1180/1180 1179/1179/1179 1177/1177/1177
f 1176/1176/1176 1168/1168/1168 1181/1181/1181
f 1182/1182/1182 1180/1180/1180 1177/1177/1177
f 1181/1181/1181 1180/1180/1180 1182/1182/1182
f 1176/1176/1176 1181/1181/1181 1182/1182/1182
f 1182/1182/1182 1177/1177/1177 1183/1183/1183
f 1176/1176/1176 1182/1182/1182 1184/1184/1184
f 1184/1184/1184 1182/1182/1182 1183/1183/1183
f 1185/1185/1185 1176/1176/1176 1184/1184/1184
f 1183/1183/1183 1186/1186/1186 1184/1184/1184
f 1184/1184/1184 1186/1186/1186 1185/1185/1185
f 1189/1189/1189 1188/1188/1188 1187/1187/1187
f 1187/1187/1187 1188/1188/1188 1190/1190/1190
f 1187/1187/1187 1191/1191/1191 1189/1189/1189
f 1190/1190/1190 1192/1192/1192 1187/1187/1187
f 1192/1192/1192 1191/1191/1191 1187/1187/1187
f 1195/1195/1195 1194/1194/1194 1193/1193/1193
f 1195/1195/1195 1193/1193/1193 1196/1196/1196
f 1197/1197/1197 1193/1193/1193 1194/1194/1194
f 1198/1198/1198 1196/1196/1196 1193/1193/1193
f 1197/1197/1197 1198/1198/1198 1193/1193/1193
f 1201/1201/1201 1200/1200/1200 1199/1199/1199
f 1199/1199/1199 1200/1200/1200 1202/1202/1202
f 1203/1203/1203 1201/1201/1201 1199/1199/1199
f 1204/1204/1204 1199/1199/1199 1202/1202/1202
f 1205/1205/1205 1201/1201/1201 1203/1203/1203
f 1206/1206/1206 1204/1204/1204 1202/1202/1202
f 1207/1207/1207 1205/1205/1205 1203/1203/1203
f 1208/1208/1208 1206/1206/1206 1202/1202/1202
f 1209/1209/1209 1205/1205/1205 1207/1207/1207
f 1206/1206/1206 1208/1208/1208 1210/1210/1210
f 1210/1210/1210 1209/1209/1209 1207/1207/1207
f 1208/1208/1208 1209/1209/1209 1210/1210/1210
f 1213/1213/1213 1212/1212/1212 1211/1211/1211
f 1212/1212/1212 1214/1214/1214 1211/1211/1211
f 1215/1215/1215 1212/1212/1212 1213/1213/1213
f 1211/1211/1211 1214/1214/1214 1216/1216/1216
f 1217/1217/1217 1215/1215/1215 1213/1213/1213
f 1214/1214/1214 1218/1218/1218 1216/1216/1216
f 1219/1219/1219 1215/1215/1215 1217/1217/1217
f 1216/1216/1216 1218/1218/1218 1220/1220/1220
f 1221/1221/1221 1219/1219/1219 1217/1217/1217
f 1218/1218/1218 1222/1222/1222 1220/1220/1220
f 1222/1222/1222 1219/1219/1219 1221/1221/1221
f 1220/1220/1220 1222/1222/1222 1221/1221/1221
f 1225/1225/1225 1224/1224/1224 1223/1223/1223
f 1224/1224/1224 1226/1226/1226 1223/1223/1223
f 1227/1227/1227 1224/1224/1224 1225/1225/1225
f 1223/1223/1223 1226/1226/1226 1228/1228/1228
f 1229/1229/1229 1227/1227/1227 1225/1225/1225
f 1226/1226/1226 1230/1230/1230 1228/1228/1228
f 1231/1231/1231 1227/1227/1227 1229/1229/1229
f 1228/1228/1228 1230/1230/1230 1232/1232/1232
f 1233/1233/1233 1231/1231/1231 1229/1229/1229
f 1230/1230/1230 1234/1234/1234 1232/1232/1232
f 1234/1234/1234 1231/1231/1231 1233/1233/1233
f 1232/1232/1232 1234/1234/1234 1233/1233/1233
f 1237/1237/1237 1236/1236/1236 1235/1235/1235
f 1236/1236/1236 1238/1238/1238 1235/1235/1235
f 1239/1239/1239 1236/1236/1236 1237/1237/1237
f 1235/1235/1235 1238/1238/1238 1240/1240/1240
f 1241/1241/1241 1239/1239/1239 1237/1237/1237
f 1238/1238/1238 1242/1242/1242 1240/1240/1240
f 1243/1243/1243 1239/1239/1239 1241/1241/1241
f 1240/1240/1240 1242/1242/1242 1244/1244/1244
f 1245/1245/1245 1243/1243/1243 1241/1241/1241
f 1242/1242/1242 1246/1246/1246 1244/1244/1244
f 1246/1246/1246 1243/1243/1243 1245/1245/1245
f 1244/1244/1244 1246/1246/1246 1245/1245/1245
f 1249/1249/1249 1248/1248/1248 1247/1247/1247
f 1250/1250/1250 1249/1249/1249 1247/1247/1247
f 1247/1247/1247 1248/1248/1248 1251/1251/1251
f 1252/1252/1252 1249/1249/1249 1250/1250/1250
f 1248/1248/1248 1253/1253/1253 1251/1251/1251
f 1254/1254/1254 1252/1252/1252 1250/1250/1250
f 1251/1251/1251 1253/1253/1253 1255/1255/1255
f 1256/1256/1256 1252/1252/1252 1254/1254/1254
f 1253/1253/1253 1257/1257/1257 1255/1255/1255
f 1258/1258/1258 1256/1256/1256 1254/1254/1254
f 1255/1255/1255 1257/1257/1257 1259/1259/1259
f 1260/1260/1260 1256/1256/1256 1258/1258/1258
f 1257/1257/1257 1261/1261/1261 1259/1259/1259
f 1262/1262/1262 1260/1260/1260 1258/1258/1258
f 1259/1259/1259 1261/1261/1261 1263/1263/1263
f 1264/1264/1264 1260/1260/1260 1262/1262/1262
f 1261/1261/1261 1265/1265/1265 1263/1263/1263
f 1266/1266/1266 1264/1264/1264 1262/1262/1262
f 1263/1263/1263 1265/1265/1265 1266/1266/1266
f 1265/1265/1265 1264/1264/1264 1266/1266/1266
f 1269/1269/1269 1268/1268/1268 1267/1267/1267
f 1270/1270/1270 1269/1269/1269 1267/1267/1267
f 1267/1267/1267 1268/1268/1268 1271/1271/1271
f 1272/1272/1272 1269/1269/1269 1270/1270/1270
f 1268/1268/1268 1273/1273/1273 1271/1271/1271
f 1274/1274/1274 1272/1272/1272 1270/1270/1270
f 1271/1271/1271 1273/1273/1273 1275/1275/1275
f 1276/1276/1276 1272/1272/1272 1274/1274/1274
f 1273/1273/1273 1277/1277/1277 1275/1275/1275
f 1278/1278/1278 1276/1276/1276 1274/1274/1274
f 1275/1275/1275 1277/1277/1277 1279/1279/1279
f 1280/1280/1280 1276/1276/1276 1278/1278/1278
f 1277/1277/1277 1281/1281/1281 1279/1279/1279
f 1282/1282/1282 1280/1280/1280 1278/1278/1278
f 1279/1279/1279 1281/1281/1281 1283/1283/1283
f 1284/1284/1284 1280/1280/1280 1282/1282/1282
f 1281/1281/1281 1285/1285/1285 1283/1283/1283
f 1286/1286/1286 1284/1284/1284 1282/1282/1282
f 1283/1283/1283 1285/1285/1285 1286/1286/1286
f 1285/1285/1285 1284/1284/1284 1286/1286/1286
f 1289/1289/1289 1288/1288/1288 1287/1287/1287
f 1287/1287/1287 1288/1288/1288 1290/1290/1290
f 1291/1291/1291 1289/1289/1289 1287/1287/1287
f 1288/1288/1288 1292/1292/1292 1290/1290/1290
f 1293/1293/1293 1289/1289/1289 1291/1291/1291
f 1290/1290/1290 1292/1292/1292 1294/1294/1294
f 1295/1295/1295 1293/1293/1293 1291/1291/1291
f 1292/1292/1292 1296/1296/1296 1294/1294/1294
f 1297/1297/1297 1293/1293/1293 1295/1295/1295
f 1294/1294/1294 1296/1296/1296 1298/1298/1298
f 1299/1299/1299 1297/1297/1297 1295/1295/1295
f 1296/1296/1296 1300/1300/1300 1298/1298/1298
f 1301/1301/1301 1297/1297/1297 1299/1299/1299
f 1298/1298/1298 1300/1300/1300 1302/1302/1302
f 1302/1302/1302 1301/1301/1301 1299/1299/1299
f 1300/1300/1300 1301/1301/1301 1302/1302/1302
