g malevolence_a_mesh
v -1.5655384 1.0444679 17.995747
v -1.5402222 1.2490997 18.293903
v -1.4382591 1.3960667 17.376934
v -1.6323414 0.2681389 -14.174131
v -1.4227886 0.25266838 -14.142487
v -1.6323414 0.3679924 -14.205071
v -1.67383 0.17742538 -13.153791
v -1.4227886 0.25266838 -14.142487
v -1.67383 0.0951519 -13.224813
v -2.428362 -1.302805 -7.867153
v -2.5134487 -1.311243 -6.2476892
v -2.4304714 -1.0552788 -8.066861
v -0.3307228 4.055559 -12.699526
v -0.338459 4.1244736 -12.658037
v -0.00022125244 4.1167374 -12.654521
v 0.33098602 4.055559 -12.699526
v 0.33801842 4.1244736 -12.658037
v 1.5657997 1.0444679 17.995747
v 1.4385223 1.3960667 17.376934
v 1.5404854 1.2490997 18.293903
v 1.6326046 0.2681389 -14.174131
v 1.6326046 0.3679924 -14.205071
v 1.4230518 0.25266838 -14.142487
v 1.6740932 0.17742538 -13.153791
v 1.6740932 0.0951519 -13.224813
v 1.4230518 0.25266838 -14.142487
v 2.4286232 -1.302805 -7.867153
v 2.4300308 -1.0552788 -8.066861
v 2.51371 -1.311243 -6.2476892
v -2.0268345 0.9305515 17.382557
v -2.0127716 0.80327225 17.382557
v -2.0753555 0.92351913 16.564037
v -1.9635468 0.8588238 18.61034
v -1.9663601 0.9305515 18.61034
v -1.8847904 0.77936363 18.48447
v -1.8672104 0.8588238 19.837421
v -1.7835293 0.77936363 19.837421
v -1.8721313 0.9305515 19.837421
v -1.5563965 0.77936363 20.380287
v -1.5810089 0.8588238 20.595467
v -1.5929623 0.9305515 20.584919
v -1.4389629 0.8588238 20.804317
v -1.4551353 0.9305515 20.796581
v -1.4389629 0.77936363 20.410526
v -1.385519 0.77936363 20.224178
v -0.34267807 1.3208256 19.614506
v -0.3447876 1.2912903 19.614506
v -0.5480118 1.225893 19.205246
v -0.49456787 1.4649811 19.205246
v -0.16265869 1.4649811 19.902817
v -0.693573 1.4157562 18.386723
v -0.7406864 1.3081684 18.386723
v -0.79764557 1.3897381 17.643444
v -0.16265869 1.3271542 19.952042
v -0.00022125244 1.4649811 19.933056
v -0.00022125244 1.3271542 19.98228
v 0.1622181 1.3271542 19.952042
v 0.1622181 1.4649811 19.902817
v 0.34223747 1.3208256 19.614506
v 0.4948311 1.4649811 19.205246
v 0.5482731 1.225893 19.205246
v 0.3450489 1.2912903 19.614506
v 0.6938362 1.4157562 18.386723
v 0.7402458 1.3081684 18.386723
v 0.7979088 1.3897381 17.643444
v -0.96289825 0.05506897 24.298504
v -0.97133636 -0.10596275 24.298504
v -1.4980316 -0.10596275 22.233215
v -1.4178658 0.1331253 22.233215
v -1.8060322 -0.13409042 20.79166
v -1.7118034 0.18023872 20.79166
v -1.4551353 0.39963722 21.021606
v -2.3193665 -0.21847343 18.580807
v -1.0866604 0.5437927 22.233215
v -2.22373 0.276577 18.327656
v -1.7821236 0.59020233 19.838825
v -2.4135933 0.16547203 17.531635
v -2.450863 -0.21847343 17.878311
v -0.8510895 0.43760872 23.956753
v -0.7702217 0.05506897 24.946854
v -2.1386433 0.5508232 17.683525
v -2.6646347 0.18164444 16.709599
v -2.5753288 -0.21847343 16.220173
v -2.4607086 0.6197376 16.463478
v -2.6885433 0.74982834 16.479652
v -0.55363655 0.3532257 24.946854
v -0.5058193 0.05506897 25.813896
v -0.31595612 0.31033134 25.819523
v -0.27587318 0.05506897 26.53186
v -0.00022125244 0.5740299 24.946854
v -0.5662937 0.6633358 23.645233
v -0.00022125244 0.4369068 25.826553
v -0.15843964 0.22946358 26.52975
v -0.043115616 0.05506897 27.181614
v -0.00022125244 0.12609291 27.181614
v -0.00022125244 0.05506897 27.311707
v 0.04267502 0.05506897 27.181614
v -0.00022125244 0.2997818 26.529049
v 0.15799904 0.22946358 26.52975
v 0.2761364 0.05506897 26.53186
v 0.31551552 0.31033134 25.819523
v 0.50608253 0.05506897 25.813896
v 0.55389977 0.3532257 24.946854
v 0.7704849 0.05506897 24.946854
v 0.8513527 0.43760872 23.956753
v 0.96315956 0.05506897 24.298504
v 0.5658531 0.6633358 23.645233
v 1.0869236 0.5437927 22.233215
v 0.72688675 0.78780174 22.233215
v 1.0095711 0.89398384 21.021606
v 0.02861023 0.81241417 23.607964
v 0.083459854 0.8053818 23.548195
v -0.00022125244 0.8152256 23.617107
v 0.32395363 0.87077904 22.882969
v -0.029050827 0.81241417 23.607964
v 0.48287582 0.9284401 22.06937
v 0.4948311 0.9832897 21.23116
v 0.5623379 1.0135288 20.923862
v -0.08390045 0.8053818 23.548195
v -0.32439423 0.87077904 22.882969
v 0.7845478 1.2301121 19.71225
v 1.2120914 1.0500946 19.71225
v -0.72662354 0.78780174 22.233215
v -0.48261452 0.9284401 22.06937
v -0.49456787 0.9832897 21.23116
v -1.0100117 0.89398384 21.021606
v -0.56207466 1.0135288 20.923862
v -0.7842846 1.2301121 19.71225
v -1.2118301 1.0500946 19.71225
v 0.5482731 1.225893 19.205246
v 0.3450489 1.2912903 19.614506
v 0.7402458 1.3081684 18.386723
v -1.208313 0.6703682 21.021606
v -0.5480118 1.225893 19.205246
v -0.3447876 1.2912903 19.614506
v -0.7406864 1.3081684 18.386723
v 1.4385223 1.3960667 17.376934
v 0.7979088 1.3897381 17.643444
v 1.1459923 1.602808 16.504967
v 1.6740932 1.6555481 14.398891
v -1.3637199 0.8588238 20.132061
v -1.3658295 0.93898964 19.850079
v -1.385519 0.77936363 20.224178
v -1.531784 0.9382858 19.019604
v -1.4382591 1.3960667 17.376934
v -0.79764557 1.3897381 17.643444
v -1.1457291 1.602808 16.504967
v -1.6745338 1.6555481 14.398891
v -1.5655384 1.0444679 17.995747
v -1.7082863 0.9382858 18.20108
v -1.7926712 1.0135288 17.291847
v -1.8869 0.9382858 17.382557
v -1.9614372 1.0233727 16.452229
v -2.0753555 0.92351913 16.564037
v -2.0634022 1.0852547 15.7645
v -2.4733658 1.0669708 15.487442
v -2.1759129 1.2533188 14.910114
v -2.8587189 1.6098385 13.861649
v -1.9396381 1.5085793 13.861649
v -2.0444145 1.7110996 11.374439
v -1.8833828 1.8172817 11.481325
v -2.7539425 1.798296 11.3645935
v -3.4472942 1.6583595 11.451792
v -3.452919 1.4635735 13.861649
v -3.9149208 1.2708988 12.103655
v -2.7722244 1.2765236 15.291954
v -2.0127716 0.80327225 17.382557
v -1.8847904 0.77936363 18.48447
v -1.7835293 0.77936363 19.837421
v -1.5563965 0.77936363 20.380287
v -3.3390026 1.1183052 15.3257065
v -3.0513935 0.66825867 16.728584
v -1.5472546 0.63801956 20.425999
v -1.425602 0.7308426 20.513897
v -1.4389629 0.77936363 20.410526
v -4.065405 0.68091583 13.860947
v -4.4345837 0.6323948 12.444706
v -4.57452 -0.22058296 12.59519
v -3.789751 -0.21706772 15.6140175
v -3.71451 0.5121479 15.469158
v -3.4114304 0.2681389 16.728584
v -3.4543266 -0.21706772 16.728584
v -1.1457291 1.602808 16.504967
v -0.8447609 1.6196842 17.6554
v -0.79764557 1.3897381 17.643444
v -0.7406864 1.6196842 18.384613
v -0.693573 1.4157562 18.386723
v -0.53957367 1.6196842 19.202435
v -0.49456787 1.4649811 19.205246
v -0.16265869 1.4649811 19.902817
v -0.29697037 1.6196842 19.99775
v -0.06350899 1.620388 20.570854
v -0.00022125244 1.620388 20.570854
v -0.00022125244 1.4649811 19.933056
v 0.1622181 1.4649811 19.902817
v 0.063770294 1.620388 20.570854
v 0.29652977 1.6196842 19.99775
v 0.539835 1.6196842 19.202435
v 0.4948311 1.4649811 19.205246
v 0.6938362 1.4157562 18.386723
v 0.74094963 1.6196842 18.384613
v 0.7979088 1.3897381 17.643444
v 0.8450222 1.6196842 17.6554
v 1.1459923 1.602808 16.504967
v -0.8299942 1.8615837 12.299145
v -1.8833828 1.8172817 11.481325
v -0.8588238 1.917839 11.579773
v -0.8004589 1.8067341 14.248405
v -1.6745338 1.6555481 14.398891
v -0.5051155 1.7089901 15.79052
v -1.1457291 1.602808 16.504967
v -0.8588238 1.917839 11.579773
v -1.8833828 1.8172817 11.481325
v -1.0599384 1.9417477 10.253542
v -1.900259 1.8918209 8.544773
v -1.7905617 1.900259 6.570898
v -1.031107 1.993082 6.8275642
v -1.6583595 1.6513271 5.0920734
v -0.5740299 1.7659492 5.0829315
v -0.5655918 2.0387897 6.7734184
v -1.509985 1.1183052 3.3706455
v -0.63801956 1.2765236 3.368536
v -0.62677 1.1942501 2.6758862
v -2.0444145 1.7110996 11.374439
v -1.900259 1.8918209 8.544773
v -1.8833828 1.8172817 11.481325
v -2.1168442 1.7504787 8.800737
v -2.6175213 1.8207989 9.0567
v -2.1020775 1.6864872 6.5371437
v -1.7905617 1.900259 6.570898
v -2.7539425 1.798296 11.3645935
v -1.6583595 1.6513271 5.0920734
v -3.4367466 1.8144703 10.58053
v -3.4472942 1.6583595 11.451792
v -3.4367466 1.6667976 9.559486
v -2.015585 1.4706059 5.0393333
v -1.509985 1.1183052 3.3706455
v -3.2961063 1.4586525 6.6166058
v -2.6386166 1.5838203 6.5730076
v -2.5549374 1.3482494 4.934557
v -2.3320236 0.9052353 3.5218334
v -3.089367 1.2469902 4.9894066
v -3.7911587 1.1499481 6.757244
v -3.9346104 1.2842598 9.076389
v -2.663229 0.81944466 3.5823078
v -3.3474407 0.39260483 3.5401173
v -3.6399708 0.8834362 5.2819366
v -4.1596336 0.7596741 6.681299
v -4.468336 0.6563034 8.708618
v -1.9663601 0.5873909 -2.7141209
v -4.318556 -0.22410011 6.6306686
v -4.485916 -0.22410011 8.493439
v -4.1118164 -0.22410011 5.534384
v -3.9564095 0.40877724 5.4422646
v -3.9620342 -0.15377998 4.5738163
v -3.843195 0.39190102 4.5738163
v -3.710291 -0.15377998 3.785532
v -3.576683 0.7610798 4.7109394
v -3.4564362 -0.15377998 3.3038425
v -3.0549107 -0.08556938 0.6197376
v -2.7771473 0.2168045 0.53183746
v -2.7237034 0.14648628 -2.7605324
v -3.049284 -0.18683052 -2.7605324
v -3.0260792 -1.0587959 0.65067863
v -1.8088436 0.5353527 -7.077462
v -2.5668907 0.08108902 -7.1119184
v -1.3461399 0.91859627 -2.6318474
v -0.5655918 1.1443233 -2.4314365
v -0.62677 1.1942501 2.6758862
v -0.00022125244 1.2265968 2.6758862
v -0.5416832 2.1062965 5.035818
v -0.00022125244 2.1055927 5.035818
v -0.5655918 2.1238766 6.8212357
v -0.00022125244 2.1316128 8.044096
v -1.0247784 2.1238766 6.8936653
v -1.0522041 2.1238766 10.253542
v -0.00022125244 2.156927 11.489763
v -0.88062286 2.1238766 11.481325
v 1.0517635 2.1238766 10.253542
v 0.8808861 2.1238766 11.481325
v 1.0250416 2.1238766 6.8936653
v 0.5658531 2.1238766 6.8212357
v 0.5412426 2.1062965 5.035818
v 0.6270313 1.1942501 2.6758862
v 0.5658531 1.1443233 -2.4314365
v 1.5095444 1.1183052 3.3706455
v -0.00022125244 1.2062035 -2.3604126
v -0.00022125244 1.2385502 -7.0760555
v -0.5655918 1.1921406 -7.0767584
v -1.3398113 0.88835907 -7.0802746
v -1.8693199 0.467144 -12.990649
v -1.2153454 0.84827614 -12.992056
v -2.237091 0.014284134 -11.246719
v 0.5658531 1.1921406 -7.0767584
v -0.00022125244 1.2202682 -12.979399
v -0.5655918 1.1541672 -12.991352
v 1.3456993 0.91859627 -2.6318474
v -0.5655918 1.0219669 -14.263437
v -0.00022125244 1.0599384 -14.251482
v -1.1394005 0.8166332 -14.264843
v 0.5658531 1.1541672 -12.991352
v -0.4580021 0.65981865 -15.9792385
v -0.00022125244 0.66825867 -15.967284
v -0.8299942 0.5712166 -15.978536
v 0.5658531 1.0219669 -14.263437
v 0.4582653 0.65981865 -15.9792385
v 1.2156086 0.84827614 -12.992056
v 1.1396618 0.8166332 -14.264843
v 1.8695812 0.467144 -12.990649
v 0.8295517 0.5712166 -15.978536
v 1.3393707 0.88835907 -7.0802746
v -1.598589 0.64435005 -14.262733
v 1.5988503 0.64435005 -14.262733
v 1.8091068 0.5353527 -7.077462
v -1.6323414 0.3679924 -14.205071
v -0.77303505 0.43831253 -15.9616585
v -1.8840866 0.19149017 -13.187545
v -1.6323414 0.2681389 -14.174131
v -1.8840866 0.10921669 -13.258568
v -2.0542603 -0.019468307 -12.216429
v 1.9659195 0.5873909 -2.7141209
v -2.2785797 -0.30285835 -11.072327
v -2.0584793 -0.16432762 -12.200255
v -2.2539673 -0.42451096 -11.147569
v -2.4002342 -0.47514153 -10.474609
v -2.463522 -0.25504112 -10.2390375
v -2.889658 -0.28949738 -7.073946
v -2.9747448 -1.0440273 -2.8076468
v -2.7581615 -1.4251614 -2.8076468
v -2.8108997 -1.355545 0.6541939
v -2.7462063 -1.2873344 -5.6921635
v -2.876297 -1.0222282 -7.073946
v -2.6379147 -1.2887402 -7.9002028
v -2.6400242 -1.0412159 -8.100615
v -2.618927 -0.8682289 -8.7883415
v -2.556343 -0.6607857 -9.337539
v -2.6041603 -0.90971756 -8.903666
v -2.556343 -0.8140831 -9.3340225
v -2.5064163 -0.5960903 -9.6757765
v -2.49868 -0.7592335 -9.944398
v -2.4079685 -0.6256256 -10.442965
v -1.9396381 1.5085793 13.861649
v -1.9501877 1.4516201 14.720955
v -2.1759129 1.2533188 14.910114
v -2.1330185 1.2490997 15.498692
v -2.0261326 1.2483959 16.363625
v -1.4382591 1.3960667 17.376934
v -1.8679123 1.2483959 17.1716
v -1.5402222 1.2490997 18.293903
v -0.48261452 0.9284401 22.06937
v -0.49456787 0.9832897 21.23116
v -0.12890625 1.0233727 21.946308
v -0.17672348 1.0845509 21.566582
v -0.00022125244 1.0761127 21.58979
v -0.00022125244 1.0381393 21.97725
v 0.12846565 1.0233727 21.946308
v 0.17628288 1.0845509 21.566582
v 0.4948311 0.9832897 21.23116
v 0.48287582 0.9284401 22.06937
v -1.5402222 1.2490997 18.293903
v -1.5655384 1.0444679 17.995747
v -1.7926712 1.0135288 17.291847
v -1.8679123 1.2483959 17.1716
v -1.9614372 1.0233727 16.452229
v -2.0261326 1.2483959 16.363625
v -2.0634022 1.0852547 15.7645
v -2.1330185 1.2490997 15.498692
v -2.1759129 1.2533188 14.910114
v -1.3637199 0.8588238 20.132061
v -1.4551353 0.9305515 20.796581
v -1.3658295 0.93898964 19.850079
v -1.4389629 0.8588238 20.804317
v -1.385519 0.77936363 20.224178
v -0.78006554 1.319418 19.622242
v -0.34267807 1.3208256 19.614506
v -0.16265869 1.3271542 19.952042
v -0.6717739 1.319418 20.4267
v -0.00022125244 1.3271542 20.432327
v -0.00022125244 1.3271542 19.98228
v -0.4882393 1.319418 21.250847
v 0.1622181 1.3271542 19.952042
v -0.00022125244 1.3271542 21.250847
v -0.23508835 1.3229351 21.950527
v -0.00022125244 1.3201218 21.950527
v -0.059991837 1.3109798 22.306347
v -0.00022125244 1.3109798 22.306347
v 0.05955124 1.3109798 22.306347
v 0.23535156 1.3229351 21.950527
v 0.4885025 1.319418 21.250847
v 0.6720371 1.319418 20.4267
v 0.77962494 1.319418 19.622242
v 0.34223747 1.3208256 19.614506
v -0.00022125244 1.2737103 22.314083
v -0.0649147 1.2737103 22.314083
v -0.059991837 1.3109798 22.306347
v -0.00022125244 1.3109798 22.306347
v 0.05955124 1.3109798 22.306347
v 0.06517792 1.2737103 22.314083
v -0.62677 1.1942501 2.6758862
v -0.5740299 1.7659492 5.0829315
v -0.63801956 1.2765236 3.368536
v -0.5416832 2.1062965 5.035818
v -0.5655918 2.0387897 6.7734184
v -0.5655918 2.1238766 6.8212357
v -0.5655918 2.0387897 6.7734184
v -0.5655918 2.1238766 6.8212357
v -1.0247784 2.1238766 6.8936653
v -1.031107 1.993082 6.8275642
v -0.88062286 2.1238766 11.481325
v -0.8588238 1.917839 11.579773
v -1.0599384 1.9417477 10.253542
v -1.0522041 2.1238766 10.253542
v -1.0247784 2.1238766 6.8936653
v -1.031107 1.993082 6.8275642
v -0.8299942 1.9382324 12.299145
v -0.8299942 1.8615837 12.299145
v -0.8588238 1.917839 11.579773
v -0.8004589 1.9726887 14.248405
v -0.8004589 1.8067341 14.248405
v -0.58246803 1.9698772 15.791222
v -0.5051155 1.7089901 15.79052
v -0.13945389 1.9726887 17.766502
v -0.10640335 1.6956291 17.014786
v -0.3447876 1.2912903 19.614506
v -0.34267807 1.3208256 19.614506
v -0.78006554 1.319418 19.622242
v -0.7842846 1.2301121 19.71225
v -2.8024616 -1.4525852 4.602648
v -2.8108997 -1.355545 0.6541939
v -2.7004986 -1.3351517 0.6485691
v -3.1259327 -1.4968872 3.3713493
v -3.187111 -1.4968872 4.6891403
v -3.50144 -1.4968872 4.4788857
v -3.4599514 -1.5355625 5.4605484
v -3.6420803 -1.5348606 5.839573
v -3.4001808 -1.5348606 5.839573
v -3.7482624 -1.5355625 5.967554
v -3.5696507 -1.5348606 6.4837017
v -4.019697 -1.5355625 7.3894196
v -3.488079 -1.5348606 6.4837017
v -3.4367466 -1.5348606 7.716406
v -3.8453045 -1.5348606 7.716406
v -4.189871 -1.5081387 8.432964
v -3.8446007 -1.5355625 8.366863
v -4.485916 -0.22410011 8.493439
v -3.8446007 -0.22410011 8.297951
v -3.851633 -0.22269249 7.716406
v -4.318556 -0.22410011 6.6306686
v -3.74123 -0.22269249 6.7959213
v -3.883276 -0.22269249 5.8557453
v -4.1118164 -0.22410011 5.534384
v -3.5801983 -0.22410011 5.4605484
v -3.488079 -0.22269249 5.8557453
v -3.9620342 -0.15377998 4.5738163
v -3.3629112 -0.15377998 4.6891403
v -3.710291 -0.15377998 3.785532
v -3.4564362 -0.15377998 3.3038425
v -2.9684162 -0.23746109 4.602648
v -2.7644901 -0.17136002 0.62325287
v -3.0549107 -0.08556938 0.6197376
v -4.189871 -1.5081387 8.432964
v -3.8446007 -1.5355625 8.366863
v -3.8446007 -0.82674026 8.236069
v -4.246126 -0.7318077 8.310608
v -3.8446007 -0.22410011 8.297951
v -4.485916 -0.22410011 8.493439
v -4.6258526 -1.4328957 8.582043
v -4.6258526 -0.7318077 8.467421
v -4.4359894 -2.110075 8.7958145
v -4.1068935 -1.9131794 8.552507
v -4.983078 -0.13549614 8.69174
v -4.468336 0.6563034 8.708618
v -4.983078 -1.5974445 8.833084
v -4.4359894 -2.629034 9.16218
v -3.7391205 -2.2809525 8.577824
v -4.983078 -0.7318077 8.5947
v -4.983078 -2.4300308 9.690281
v -3.6413765 -2.7788162 9.050371
v -3.2152386 -2.389948 8.650955
v -2.0584793 -2.899766 8.892855
v -3.6413765 -3.2000313 10.178301
v -4.4359894 -3.019309 10.207834
v -3.6413765 -2.9588346 11.748541
v -2.4135933 -3.2000313 10.178301
v -1.083847 -3.0762682 9.574253
v -0.9143772 -3.1114283 10.460985
v -1.2111263 -3.143775 11.412413
v -2.38406 -3.121976 11.531956
v -2.3875751 -2.8603868 12.151472
v -3.3207188 -2.3639297 12.356102
v -3.785532 -2.2457924 12.428532
v -4.4359894 -2.110075 12.278751
v -4.090719 -1.5271244 12.538935
v -4.4359894 -2.7956924 11.66275
v -4.983078 -2.6149712 10.887827
v -4.4275513 -1.4561024 12.450331
v -4.441616 -0.80423737 12.592377
v -4.982374 -1.0299644 12.346258
v -4.57452 -0.22058296 12.59519
v -4.983078 -2.0798378 11.967937
v -4.983078 -0.13479424 12.297737
v -4.4345837 0.6323948 12.444706
v -5.343115 -0.97019196 12.129673
v -5.343115 -1.8091068 11.689472
v -5.343115 -2.2366505 10.825945
v -5.343115 -2.0896816 9.868893
v -5.343115 -1.4237537 9.183979
v -5.343115 -0.49342346 9.032089
v -5.343115 -0.03986168 11.977783
v -5.343115 0.3461933 9.47229
v -4.983078 0.52410316 12.1142025
v -5.343115 0.6260662 11.292868
v -4.983078 0.6162205 9.193825
v -4.4359894 1.1654186 11.9988785
v -3.9149208 1.2708988 12.103655
v -4.983078 0.9671173 11.471481
v -5.343115 0.81030464 10.664913
v -4.983078 1.097208 9.892099
v -5.343115 0.72873306 10.015158
v -4.4359894 1.1654186 9.16218
v -3.9346104 1.2842598 9.076389
v -4.983078 1.1977654 10.664913
v -4.4359894 1.4987335 11.326622
v -4.4359894 1.4987335 9.83514
v -4.4359894 1.6133556 10.58053
v -3.8460064 1.660469 11.380768
v -3.4472942 1.6583595 11.451792
v -3.4367466 1.8144703 10.58053
v -3.8460064 1.7835293 10.58053
v -3.8460064 1.660469 9.780994
v -3.4367466 1.6667976 9.559486
v -2.964901 -0.21777153 13.273777
v -2.557047 -0.21777153 13.693584
v -2.6815128 -0.21777153 13.02836
v -3.1097603 -0.21847343 14.37709
v -3.4908924 -0.21847343 13.273777
v -2.1358318 -0.21847343 13.734371
v -4.57452 -0.22058296 12.59519
v -3.5344906 -0.21777153 12.724579
v -3.789751 -0.21706772 15.6140175
v -2.5753288 -0.21847343 16.220173
v -3.4543266 -0.21706772 16.728584
v -1.8876019 -0.21847343 19.198215
v -2.8038692 -0.21777153 16.687798
v -3.0366268 -0.21706772 17.98098
v -2.7525349 -0.21706772 18.606827
v -2.3193665 -0.21847343 18.580807
v -2.450863 -0.21847343 17.878311
v -1.8060322 -0.13409042 20.79166
v -1.585228 -0.21847343 20.047676
v -0.9572716 -0.21847343 20.854946
v -1.4980316 -0.10596275 22.233215
v -0.34759903 -0.21847343 21.207249
v -0.00022125244 -0.10596275 22.233215
v -0.00022125244 -0.21847343 21.250847
v -0.97133636 -0.10596275 24.298504
v -0.00022125244 -0.10596275 24.33226
v 0.97089577 -0.10596275 24.298504
v 0.34786224 -0.21847343 21.207249
v 1.497591 -0.10596275 22.233215
v 0.9575348 -0.21847343 20.854946
v 1.8055916 -0.13409042 20.79166
v 1.5847874 -0.21847343 20.047676
v 1.8878651 -0.21847343 19.198215
v 2.3196278 -0.21847343 18.580807
v 2.575592 -0.21847343 16.220173
v 2.451126 -0.21847343 17.878311
v 2.1360931 -0.21847343 13.734371
v 3.1100216 -0.21847343 14.37709
v 2.5573082 -0.21777153 13.693584
v 2.9651632 -0.21777153 13.273777
v 2.6810722 -0.21777153 13.02836
v 3.4904518 -0.21847343 13.273777
v 4.5740795 -0.22058296 12.59519
v 3.53405 -0.21777153 12.724579
v 3.7900143 -0.21706772 15.6140175
v 3.453885 -0.21706772 16.728584
v 2.8034277 -0.21777153 16.687798
v 3.0361862 -0.21706772 17.98098
v 2.752798 -0.21706772 18.606827
v -2.6969833 -1.5271244 13.02836
v -3.0007648 -1.5271244 13.273777
v -3.0169373 -1.5271244 13.02836
v -2.6133022 -1.5271244 13.713978
v -2.6358051 -1.5271244 14.369358
v -2.5014935 -1.5369701 13.775154
v -2.8650475 -1.5271244 14.868626
v -3.5366 -1.5271244 13.273777
v -3.1343708 -1.5271244 15.002235
v -3.7890491 -1.5271244 14.089485
v -3.386116 -1.5271244 14.868626
v -3.5710564 -1.5214996 12.635273
v -4.090719 -1.5271244 12.538935
v -0.00022125244 0.93969154 24.167007
v -0.0417099 0.93969154 24.167007
v -0.043819427 0.98399353 24.257015
v -0.00022125244 0.98399353 24.257015
v 0.044080734 0.98399353 24.257015
v 0.041971207 0.93969154 24.167007
v -2.4930553 -1.7226143 13.734371
v -2.6358051 -1.5271244 14.369358
v -2.5014935 -1.5369701 13.775154
v -2.6878414 -1.7711334 14.369358
v -2.8727818 -1.8077011 14.696342
v -2.8650475 -1.5271244 14.868626
v -2.8650475 -1.5271244 14.868626
v -2.8727818 -1.8077011 14.696342
v -3.1343708 -1.5271244 15.002235
v -3.2757149 -1.8189507 14.868626
v -3.386116 -1.5271244 14.868626
v -2.9227085 -2.065071 14.369358
v -3.5661354 -2.1740665 14.089485
v -3.7890491 -1.5271244 14.089485
v -4.090719 -1.5271244 12.538935
v -3.0816307 -2.3568974 13.7196045
v -3.785532 -2.2457924 12.428532
v -3.3207188 -2.3639297 12.356102
v -2.573923 -1.9588871 16.004292
v -2.9227085 -2.065071 14.369358
v -2.8727818 -1.8077011 14.696342
v -2.4663334 -2.482769 15.999371
v -1.3137932 -2.2661858 18.883183
v -3.0816307 -2.3568974 13.7196045
v -1.811657 -3.0432186 14.560627
v -3.3207188 -2.3639297 12.356102
v -2.3875751 -2.8603868 12.151472
v -1.2111263 -3.143775 11.412413
v -0.00022125244 -3.378643 11.481325
v -1.2308159 -2.5200386 18.883884
v -0.64505196 -2.3934631 20.423885
v -0.5571518 -2.4975376 20.533585
v -0.82014847 -2.855465 18.883884
v -0.00022125244 -3.325904 14.560627
v 1.8119202 -3.0432186 14.560627
v 1.2113895 -3.143775 11.412413
v 2.3878384 -2.8603868 12.151472
v 3.320981 -2.3639297 12.356102
v 3.081191 -2.3568974 13.7196045
v -0.3363495 -2.6627884 20.634144
v -0.11976433 -2.49613 21.615807
v -0.00022125244 -3.0720491 18.884586
v -0.110622406 -2.5390263 21.615807
v -0.00022125244 -2.495428 22.129845
v 2.4665966 -2.482769 15.999371
v 2.9229717 -2.065071 14.369358
v 0.8197079 -2.855465 18.883884
v -0.00022125244 -2.7724876 20.635551
v 2.5734825 -1.9588871 16.004292
v 2.873044 -1.8077011 14.696342
v 1.3140564 -2.2661858 18.883183
v 1.2310791 -2.5200386 18.883884
v 0.6453152 -2.3934631 20.423885
v 0.557415 -2.4975376 20.533585
v 0.3366108 -2.6627884 20.634144
v 0.11932373 -2.49613 21.615807
v 0.11088562 -2.5390263 21.615807
v -0.00022125244 -2.5692635 21.508923
v -0.00022125244 -2.5249615 22.105934
v -0.7702217 0.05506897 24.946854
v -0.00022125244 0.05506897 24.33226
v -0.96289825 0.05506897 24.298504
v -0.00022125244 0.05506897 24.946854
v -0.5058193 0.05506897 25.813896
v 0.7704849 0.05506897 24.946854
v 0.96315956 0.05506897 24.298504
v 0.50608253 0.05506897 25.813896
v -0.00022125244 0.05506897 25.813896
v -0.27587318 0.05506897 26.53186
v 0.2761364 0.05506897 26.53186
v -0.00022125244 0.05506897 26.552254
v -0.043115616 0.05506897 27.181614
v 0.04267502 0.05506897 27.181614
v -0.00022125244 0.05506897 27.311707
v -0.00022125244 0.05506897 24.33226
v -0.97133636 -0.10596275 24.298504
v -0.96289825 0.05506897 24.298504
v -0.00022125244 -0.10596275 24.33226
v 0.97089577 -0.10596275 24.298504
v 0.96315956 0.05506897 24.298504
v -3.0366268 -0.21706772 17.98098
v -3.4543266 -0.21706772 16.728584
v -3.4114304 0.2681389 16.728584
v -3.009203 0.045225143 17.937382
v -2.7525349 -0.21706772 18.606827
v -2.876297 0.20625687 17.925426
v -3.0513935 0.66825867 16.728584
v -2.715969 0.19430351 17.249653
v -2.6885433 0.74982834 16.479652
v -2.6646347 0.18164444 16.709599
v -1.3658295 0.93898964 19.850079
v -1.4551353 0.9305515 20.796581
v -1.5929623 0.9305515 20.584919
v -1.8721313 0.9305515 19.837421
v -1.531784 0.9382858 19.019604
v -1.9663601 0.9305515 18.61034
v -1.7082863 0.9382858 18.20108
v -1.8869 0.9382858 17.382557
v -2.0268345 0.9305515 17.382557
v -2.0753555 0.92351913 16.564037
v -0.102184296 0.98399353 23.696568
v -0.043819427 0.98399353 24.257015
v -0.0417099 0.93969154 24.167007
v -0.098667145 0.93969154 23.696568
v -0.33353615 0.95586586 22.88789
v -0.338459 0.9959488 22.88789
v -0.48261452 0.9284401 22.06937
v -0.33353615 0.95586586 22.88789
v -0.32439423 0.87077904 22.882969
v -0.09163666 0.88414 23.598122
v -0.08390045 0.8053818 23.548195
v -0.098667145 0.93969154 23.696568
v -0.029050827 0.81241417 23.607964
v -0.03045845 0.88414 23.658596
v -0.0417099 0.93969154 24.167007
v -0.00022125244 0.8152256 23.617107
v -0.00022125244 0.93969154 24.167007
v -0.00022125244 0.88414 23.658596
v 0.030719757 0.88414 23.658596
v 0.041971207 0.93969154 24.167007
v 0.02861023 0.81241417 23.607964
v 0.09893036 0.93969154 23.696568
v 0.091897964 0.88414 23.598122
v 0.083459854 0.8053818 23.548195
v 0.33379936 0.95586586 22.88789
v 0.32395363 0.87077904 22.882969
v 0.48287582 0.9284401 22.06937
v 0.33379936 0.95586586 22.88789
v 0.33801842 0.9959488 22.88789
v 0.1024456 0.98399353 23.696568
v 0.09893036 0.93969154 23.696568
v 0.041971207 0.93969154 24.167007
v 0.044080734 0.98399353 24.257015
v -2.7525349 -0.21706772 18.606827
v -2.715969 0.19430351 17.249653
v -2.8038692 -0.21777153 16.687798
v -2.6646347 0.18164444 16.709599
v -2.5753288 -0.21847343 16.220173
v -0.8588238 1.917839 11.579773
v -0.64575577 1.9726887 12.299145
v -0.8299942 1.9382324 12.299145
v -0.8004589 1.9726887 14.248405
v -0.3236904 1.9923782 15.019814
v -0.58246803 1.9698772 15.791222
v -0.00022125244 1.988863 15.493771
v -0.00022125244 1.9923782 15.791222
v -0.13945389 1.9726887 17.766502
v -0.00022125244 1.9726887 17.766502
v 0.13901329 1.9726887 17.766502
v 0.58273125 1.9698772 15.791222
v 0.32395363 1.9923782 15.019814
v 0.8007221 1.9726887 14.248405
v 0.6453152 1.9726887 12.299145
v 0.8295517 1.9382324 12.299145
v 0.859087 1.917839 11.579773
v -0.8588238 1.917839 11.579773
v -0.88062286 2.1238766 11.481325
v -0.63661385 2.1238766 12.299145
v -0.64575577 1.9726887 12.299145
v -0.3236904 1.9923782 15.019814
v -0.2990799 2.1456757 14.95512
v -0.00022125244 2.1583328 15.308125
v -0.00022125244 1.988863 15.493771
v 0.32395363 1.9923782 15.019814
v 0.2993412 2.1456757 14.95512
v 0.63687706 2.1238766 12.299145
v 0.6453152 1.9726887 12.299145
v 0.859087 1.917839 11.579773
v 0.8808861 2.1238766 11.481325
v -1.9396381 1.5085793 13.861649
v -1.6745338 1.6555481 14.398891
v -1.9501877 1.4516201 14.720955
v -1.4382591 1.3960667 17.376934
v -0.56207466 1.0135288 20.923862
v -0.7842846 1.2301121 19.71225
v -0.67599297 1.2476921 20.432327
v -0.49527168 1.2476921 21.250847
v -0.49456787 0.9832897 21.23116
v -0.17672348 1.0845509 21.566582
v -0.24282265 1.2519112 21.950527
v -0.0649147 1.2737103 22.314083
v -0.00022125244 1.0761127 21.58979
v -0.00022125244 1.2737103 22.314083
v 0.06517792 1.2737103 22.314083
v 0.17628288 1.0845509 21.566582
v 0.24308586 1.2519112 21.950527
v 0.495533 1.2476921 21.250847
v 0.4948311 0.9832897 21.23116
v 0.5623379 1.0135288 20.923862
v 0.6762562 1.2476921 20.432327
v 0.7845478 1.2301121 19.71225
v -0.67599297 1.2476921 20.432327
v -0.7842846 1.2301121 19.71225
v -0.78006554 1.319418 19.622242
v -0.6717739 1.319418 20.4267
v -0.4882393 1.319418 21.250847
v -0.49527168 1.2476921 21.250847
v -0.23508835 1.3229351 21.950527
v -0.24282265 1.2519112 21.950527
v -0.059991837 1.3109798 22.306347
v -0.0649147 1.2737103 22.314083
v -0.00022125244 1.620388 20.570854
v -0.06350899 1.620388 20.570854
v -0.29697037 1.6196842 19.99775
v -0.00022125244 1.6281223 19.205246
v -0.53957367 1.6196842 19.202435
v -0.7406864 1.6196842 18.384613
v -0.00022125244 1.6281223 18.34594
v -0.8447609 1.6196842 17.6554
v 0.29652977 1.6196842 19.99775
v 0.063770294 1.620388 20.570854
v 0.539835 1.6196842 19.202435
v 0.74094963 1.6196842 18.384613
v 0.8450222 1.6196842 17.6554
v -0.10640335 1.6956291 17.014786
v -1.1457291 1.602808 16.504967
v -0.5051155 1.7089901 15.79052
v -0.00022125244 1.7026615 17.084404
v 0.10596275 1.6956291 17.014786
v 1.1459923 1.602808 16.504967
v 0.5053787 1.7089901 15.79052
v -0.00022125244 1.7026615 17.084404
v -0.10640335 1.6956291 17.014786
v -0.13945389 1.9726887 17.766502
v -0.00022125244 1.9726887 17.766502
v 0.13901329 1.9726887 17.766502
v 0.10596275 1.6956291 17.014786
v -0.00022125244 2.156927 11.489763
v -0.63661385 2.1238766 12.299145
v -0.88062286 2.1238766 11.481325
v -0.2990799 2.1456757 14.95512
v -0.00022125244 2.1583328 15.308125
v 0.2993412 2.1456757 14.95512
v 0.63687706 2.1238766 12.299145
v 0.8808861 2.1238766 11.481325
v -0.64575577 2.5232925 7.2248707
v -0.8159294 2.1055927 8.870354
v -0.8159294 2.1055927 7.2248707
v -0.64575577 2.5232925 8.870354
v -0.8159294 2.1055927 9.513075
v -0.5669975 2.5232925 9.487761
v -0.80960083 2.1055927 9.771149
v -0.59160995 2.4628181 10.267607
v -0.68091583 2.1055927 10.56506
v -0.551527 2.4628181 10.504583
v -0.39471436 2.415001 10.877981
v -0.44886017 2.2806892 10.997526
v -0.11413765 2.2806892 11.735882
v -0.10007477 2.415001 11.595947
v -0.00022125244 2.4206257 11.840658
v -0.00022125244 2.2870178 11.964422
v 0.11440086 2.2806892 11.735882
v 0.100336075 2.415001 11.595947
v 0.39497566 2.415001 10.877981
v 0.44841957 2.2806892 10.997526
v 0.68047523 2.1055927 10.56506
v 0.55179024 2.4628181 10.504583
v 0.59187126 2.4628181 10.267607
v 0.80916023 2.1055927 9.771149
v 0.56726074 2.5232925 9.487761
v 0.8154888 2.1055927 9.513075
v 0.646019 2.5232925 8.870354
v 0.8154888 2.1055927 8.870354
v 0.646019 2.5232925 7.2248707
v 0.8154888 2.1055927 7.2248707
v -0.8159294 2.1055927 7.2248707
v -0.53886986 2.1055927 7.0603237
v -0.46362686 2.609787 7.0603237
v -0.64575577 2.5232925 7.2248707
v -0.54730797 2.7595673 7.2248707
v -0.4207325 2.7581615 7.0603237
v -0.34689713 2.8552017 7.0603237
v -0.34197426 2.95154 7.2248707
v -0.00022125244 2.9402885 7.0603237
v -0.00022125244 3.0021706 7.2248707
v 0.34153366 2.95154 7.2248707
v 0.34715843 2.8552017 7.0603237
v 0.5475712 2.7595673 7.2248707
v 0.4209957 2.7581615 7.0603237
v 0.46389008 2.609787 7.0603237
v 0.646019 2.5232925 7.2248707
v 0.8154888 2.1055927 7.2248707
v 0.53842926 2.1055927 7.0603237
v -0.46362686 2.5577488 6.025217
v -0.5416832 2.1055927 5.035818
v -0.46362686 2.4403152 5.627207
v -0.53886986 2.1055927 7.0603237
v -0.46362686 2.609787 7.0603237
v -0.35392952 2.8101978 6.357126
v -0.34337997 2.814417 6.7241936
v -0.4207325 2.7581615 7.0603237
v -0.34689713 2.8552017 7.0603237
v -0.00022125244 2.8784084 6.7466965
v -0.00022125244 2.9402885 7.0603237
v -0.00022125244 2.809494 6.691145
v 0.34715843 2.8552017 7.0603237
v 0.34293938 2.814417 6.7241936
v 0.4209957 2.7581615 7.0603237
v 0.46389008 2.609787 7.0603237
v 0.353487 2.8101978 6.357126
v 0.46389008 2.5577488 6.025217
v 0.53842926 2.1055927 7.0603237
v 0.5412426 2.1055927 5.035818
v 0.46389008 2.4403152 5.627207
v -0.35392952 2.8101978 6.357126
v -0.00022125244 2.809494 6.691145
v -0.34337997 2.814417 6.7241936
v -0.00022125244 2.8172302 6.357126
v -0.46362686 2.5577488 6.025217
v 0.353487 2.8101978 6.357126
v 0.34293938 2.814417 6.7241936
v 0.46389008 2.5577488 6.025217
v -0.00022125244 2.5950184 6.025217
v -0.46362686 2.4403152 5.627207
v 0.46389008 2.4403152 5.627207
v -0.00022125244 2.4782887 5.627207
v -0.5416832 2.1055927 5.035818
v 0.5412426 2.1055927 5.035818
v -0.00022125244 2.1055927 5.035818
v -0.5669975 2.5232925 9.487761
v -0.27165413 2.5071201 10.198692
v -0.59160995 2.4628181 10.267607
v -0.551527 2.4628181 10.504583
v -0.22313309 2.458599 10.479269
v -0.39471436 2.415001 10.877981
v -0.10007477 2.415001 11.595947
v -0.00022125244 2.512745 10.303469
v -0.00022125244 2.4642239 10.515131
v -0.00022125244 2.4206257 11.840658
v 0.100336075 2.415001 11.595947
v 0.2233963 2.458599 10.479269
v 0.39497566 2.415001 10.877981
v 0.55179024 2.4628181 10.504583
v 0.27191734 2.5071201 10.198692
v 0.59187126 2.4628181 10.267607
v 0.56726074 2.5232925 9.487761
v -0.64575577 2.5232925 7.2248707
v -0.54730797 2.7595673 7.2248707
v -0.54730797 2.7110462 8.804956
v -0.64575577 2.5232925 8.870354
v -0.46081543 2.6934662 9.426582
v -0.5669975 2.5232925 9.487761
v -0.33564568 2.663229 9.778885
v -0.27165413 2.5071201 10.198692
v -0.00022125244 2.7012024 9.814747
v -0.00022125244 2.512745 10.303469
v 0.27191734 2.5071201 10.198692
v 0.3359089 2.663229 9.778885
v 0.56726074 2.5232925 9.487761
v 0.46107674 2.6934662 9.426582
v 0.646019 2.5232925 8.870354
v 0.5475712 2.7110462 8.804956
v 0.646019 2.5232925 7.2248707
v 0.5475712 2.7595673 7.2248707
v -0.00022125244 2.8390293 9.447678
v -0.33564568 2.663229 9.778885
v 0.3359089 2.663229 9.778885
v -0.3377552 2.7947273 9.444162
v -0.46081543 2.6934662 9.426582
v -0.54730797 2.7110462 8.804956
v 0.33801842 2.7947273 9.444162
v 0.46107674 2.6934662 9.426582
v 0.5475712 2.7110462 8.804956
v -0.34197426 2.9037228 8.804956
v -0.54730797 2.7595673 7.2248707
v -0.34197426 2.95154 7.2248707
v -0.00022125244 3.0021706 7.2248707
v -0.00022125244 2.9543533 8.804956
v 0.34153366 2.9037228 8.804956
v 0.5475712 2.7595673 7.2248707
v 0.34153366 2.95154 7.2248707
v -0.08671379 2.2806892 12.056541
v -0.44886017 2.2806892 10.997526
v -0.11413765 2.2806892 11.735882
v -0.00022125244 2.2870178 11.964422
v -0.00022125244 2.2870178 12.243591
v 0.08627319 2.2806892 12.056541
v 0.11440086 2.2806892 11.735882
v 0.44841957 2.2806892 10.997526
v -0.52269554 2.0964527 11.091051
v -0.68091583 2.1055927 10.56506
v -0.44886017 2.2806892 10.997526
v -0.10288811 2.0964527 12.176788
v -0.08671379 2.2806892 12.056541
v -0.00022125244 2.2870178 12.243591
v -0.00022125244 2.1020775 12.422203
v 0.103149414 2.0964527 12.176788
v 0.08627319 2.2806892 12.056541
v 0.44841957 2.2806892 10.997526
v 0.52225494 2.0964527 11.091051
v 0.68047523 2.1055927 10.56506
v -2.6336956 -1.6459656 -7.383353
v -2.7462063 -1.2873344 -5.6921635
v -2.7581615 -1.4251614 -2.8076468
v -2.255375 -2.0193634 -7.228649
v -2.3735123 -1.9251347 -2.8076468
v -1.5999947 -2.1867237 -7.073946
v -2.352415 -1.8590336 0.5930157
v -2.8108997 -1.355545 0.6541939
v -2.8995037 -1.7275352 3.204691
v -3.1259327 -1.4968872 3.3713493
v -3.2349281 -1.950449 4.4788857
v -3.50144 -1.4968872 4.4788857
v -2.5823612 -2.1304684 3.288372
v -3.5647278 -2.0151443 5.967554
v -3.7482624 -1.5355625 5.967554
v -3.9514866 -1.9926414 7.3894196
v -4.019697 -1.5355625 7.3894196
v -4.189871 -1.5081387 8.432964
v -4.1068935 -1.9131794 8.552507
v -3.6336422 -2.2682953 7.3894196
v -3.7391205 -2.2809525 8.577824
v -2.8566093 -2.345646 5.967554
v -2.9585724 -2.3934631 7.3894196
v -3.2152386 -2.389948 8.650955
v -2.672371 -2.1754723 4.5365467
v -2.2961597 -2.602314 5.831133
v -2.2117767 -2.6874008 8.187548
v -2.0584793 -2.899766 8.892855
v -0.00022125244 -3.166278 8.544773
v -1.083847 -3.0762682 9.574253
v -0.00022125244 -3.2963696 10.340036
v -0.9143772 -3.1114283 10.460985
v -1.2111263 -3.143775 11.412413
v -0.00022125244 -3.378643 11.481325
v 1.2113895 -3.143775 11.412413
v 0.9146404 -3.1114283 10.460985
v 1.0841103 -3.0762682 9.574253
v 2.0580387 -2.899766 8.892855
v -2.0345707 -2.3245506 3.3720512
v 2.212038 -2.6874008 8.187548
v 3.214798 -2.389948 8.650955
v -0.00022125244 -2.8660126 5.831133
v -1.6632824 -2.1529694 0.53183746
v 2.296423 -2.602314 5.831133
v 2.9581318 -2.3934631 7.3894196
v 3.7393837 -2.2809525 8.577824
v -0.00022125244 -2.5643406 3.372755
v 3.6339045 -2.2682953 7.3894196
v 4.106453 -1.9131794 8.552507
v -1.6667976 -2.1529694 -2.8076468
v -0.00022125244 -2.2985325 -2.8076468
v -0.00022125244 -2.3421307 -7.073946
v -0.4369068 -2.3027515 -8.15687
v -0.9664135 -2.2668877 -8.151948
v -0.4741745 -2.3090801 -9.414187
v -0.00022125244 -2.3421307 -9.412781
v 0.4737339 -2.3090801 -9.414187
v 0.43716812 -2.3027515 -8.15687
v 1.6002579 -2.1867237 -7.073946
v 0.9666767 -2.2668877 -8.151948
v -0.00022125244 -2.2886868 0.53183746
v 1.6628418 -2.1529694 0.53183746
v 1.666357 -2.1529694 -2.8076468
v 2.3737736 -1.9251347 -2.8076468
v 2.2556362 -2.0193634 -7.228649
v 2.034834 -2.3245506 3.3720512
v 2.757721 -1.4251614 -2.8076468
v 2.633957 -1.6459656 -7.383353
v 2.7464695 -1.2873344 -5.6921635
v 2.3519745 -1.8590336 0.5930157
v 2.81046 -1.355545 0.6541939
v 2.899063 -1.7275352 3.204691
v 3.126196 -1.4968872 3.3713493
v 2.5826244 -2.1304684 3.288372
v 3.2344875 -1.950449 4.4788857
v 3.5017033 -1.4968872 4.4788857
v 2.6719303 -2.1754723 4.5365467
v 2.8561678 -2.345646 5.967554
v 3.5642872 -2.0151443 5.967554
v 3.7485256 -1.5355625 5.967554
v 3.9517498 -1.9926414 7.3894196
v 4.0199594 -1.5355625 7.3894196
v 4.190133 -1.5081387 8.432964
v -2.255375 -2.0193634 -7.228649
v -2.3271008 -1.9778748 -8.233519
v -2.6336956 -1.6459656 -7.383353
v -2.2054482 -2.0228786 -8.230002
v -2.2131824 -2.0186596 -8.50214
v -1.9797211 -2.0580387 -8.2426605
v -1.5999947 -2.1867237 -7.073946
v -1.7793102 -2.1269512 -9.416297
v -1.9804249 -2.0545235 -8.943045
v -1.2849617 -2.2753258 -9.521776
v -0.9664135 -2.2668877 -8.151948
v -1.0029793 -2.2900944 -9.521073
v -2.6379147 -1.2887402 -7.9002028
v -2.428362 -1.302805 -7.867153
v -2.4304714 -1.0552788 -8.066861
v -2.6400242 -1.0412159 -8.100615
v -2.6400242 -1.0412159 -8.100615
v -2.4093742 -0.8822918 -8.754588
v -2.618927 -0.8682289 -8.7883415
v -2.4304714 -1.0552788 -8.066861
v -1.0219669 -0.70508575 -8.918433
v -2.3467903 -0.67484856 -9.304488
v -1.0219669 -1.378046 -6.736411
v -0.00022125244 -1.337965 -6.660466
v -2.5134487 -1.311243 -6.2476892
v -0.7020111 -1.6565132 -6.405205
v -0.00022125244 -1.675499 -6.4185658
v 0.7015705 -1.6565132 -6.405205
v -2.2961597 -0.6101551 -9.642023
v -2.556343 -0.6607857 -9.337539
v -2.5064163 -0.5960903 -9.6757765
v -2.1899776 -0.4892044 -10.440855
v 1.0222282 -1.378046 -6.736411
v 2.51371 -1.311243 -6.2476892
v 2.4300308 -1.0552788 -8.066861
v 1.0222282 -0.70508575 -8.918433
v -0.00022125244 -0.6607857 -8.844597
v -0.9966507 -0.084163666 -11.563158
v 0.9969139 -0.084163666 -11.563158
v -2.069027 -0.31692123 -11.038573
v -2.4002342 -0.47514153 -10.474609
v -2.2785797 -0.30285835 -11.072327
v -1.8440037 -0.033533096 -12.183378
v 2.4089336 -0.8822918 -8.754588
v 2.6402855 -1.0412159 -8.100615
v 2.6191902 -0.8682289 -8.7883415
v 2.3470535 -0.67484856 -9.304488
v -0.00022125244 -0.013139725 -11.520967
v -1.67383 0.17742538 -13.153791
v -2.0542603 -0.019468307 -12.216429
v -1.8840866 0.19149017 -13.187545
v -1.4227886 0.25266838 -14.142487
v 2.296423 -0.6101551 -9.642023
v 2.5566063 -0.6607857 -9.337539
v 2.5059757 -0.5960903 -9.6757765
v 2.190239 -0.4892044 -10.440855
v 2.0685863 -0.31692123 -11.038573
v 2.3997917 -0.47514153 -10.474609
v 2.278843 -0.30285835 -11.072327
v 1.8442669 -0.033533096 -12.183378
v -0.61551857 0.36447716 -13.939966
v 1.6740932 0.17742538 -13.153791
v 2.0538197 -0.019468307 -12.216429
v 1.883646 0.19149017 -13.187545
v 1.4230518 0.25266838 -14.142487
v 0.615078 0.36447716 -13.939966
v -0.00022125244 0.40385628 -13.93645
v -0.77303505 0.43831253 -15.9616585
v -1.6323414 0.3679924 -14.205071
v -0.4580021 0.49878693 -15.9792385
v -0.00022125244 0.50722504 -15.967284
v 0.4582653 0.49878693 -15.9792385
v 0.77259445 0.43831253 -15.9616585
v 1.6326046 0.3679924 -14.205071
v -1.8840866 0.10921669 -13.258568
v -1.67383 0.0951519 -13.224813
v -1.6323414 0.2681389 -14.174131
v 1.883646 0.10921669 -13.258568
v 1.6326046 0.2681389 -14.174131
v 1.6740932 0.0951519 -13.224813
v -2.556343 -0.8140831 -9.3340225
v -2.3467903 -0.828146 -9.300269
v -2.3467903 -0.67484856 -9.304488
v -2.556343 -0.6607857 -9.337539
v -2.618927 -0.8682289 -8.7883415
v -2.4093742 -0.8822918 -8.754588
v -2.3939037 -0.92378044 -8.869912
v -2.6041603 -0.90971756 -8.903666
v -2.6041603 -0.90971756 -8.903666
v -2.3939037 -0.92378044 -8.869912
v -2.3467903 -0.828146 -9.300269
v -2.556343 -0.8140831 -9.3340225
v -2.5064163 -0.5960903 -9.6757765
v -2.2961597 -0.6101551 -9.642023
v -2.2884254 -0.77329636 -9.911347
v -2.49868 -0.7592335 -9.944398
v -2.4079685 -0.6256256 -10.442965
v -2.1984158 -0.6396885 -10.409211
v -2.1899776 -0.4892044 -10.440855
v -2.4002342 -0.47514153 -10.474609
v -2.49868 -0.7592335 -9.944398
v -2.2884254 -0.77329636 -9.911347
v -2.1984158 -0.6396885 -10.409211
v -2.4079685 -0.6256256 -10.442965
v -2.2785797 -0.30285835 -11.072327
v -2.069027 -0.31692123 -11.038573
v -2.0444145 -0.43857574 -11.113815
v -2.2539673 -0.42451096 -11.147569
v -2.0584793 -0.16432762 -12.200255
v -1.8482227 -0.17839241 -12.167206
v -1.8440037 -0.033533096 -12.183378
v -2.0542603 -0.019468307 -12.216429
v -2.2539673 -0.42451096 -11.147569
v -2.0444145 -0.43857574 -11.113815
v -1.8482227 -0.17839241 -12.167206
v -2.0584793 -0.16432762 -12.200255
v -2.7462063 -1.2873344 -5.6921635
v -2.5134487 -1.311243 -6.2476892
v -2.428362 -1.302805 -7.867153
v -2.6379147 -1.2887402 -7.9002028
v -1.8840866 0.19149017 -13.187545
v -1.67383 0.17742538 -13.153791
v -1.67383 0.0951519 -13.224813
v -1.8840866 0.10921669 -13.258568
v -1.2849617 -2.2753258 -9.521776
v -1.7793102 -1.9891243 -9.416297
v -1.7793102 -2.1269512 -9.416297
v -1.2849617 -2.1382027 -9.521776
v -1.0029793 -2.2900944 -9.521073
v -1.0029793 -2.1522675 -9.521073
v -2.2131824 -2.0186596 -8.50214
v -2.2131824 -1.8808327 -8.50214
v -2.3144436 -1.8400478 -8.251099
v -2.3271008 -1.9778748 -8.233519
v -2.6336956 -1.6459656 -7.383353
v -0.00022125244 -2.3421307 -9.412781
v -0.4741745 -2.1712532 -9.414187
v -0.4741745 -2.3090801 -9.414187
v -0.00022125244 -2.2043037 -9.412781
v 0.4737339 -2.1712532 -9.414187
v 0.4737339 -2.3090801 -9.414187
v -0.4741745 -2.3090801 -9.414187
v -0.4741745 -2.1712532 -9.414187
v -0.4369068 -2.1649246 -8.15687
v -0.4369068 -2.3027515 -8.15687
v -0.4369068 -2.3027515 -8.15687
v -0.4369068 -2.1649246 -8.15687
v -0.9664135 -2.1290607 -8.151948
v -0.9664135 -2.2668877 -8.151948
v -0.9664135 -2.2668877 -8.151948
v -0.9664135 -2.1290607 -8.151948
v -1.0029793 -2.1522675 -9.521073
v -1.0029793 -2.2900944 -9.521073
v -1.7793102 -2.1269512 -9.416297
v -1.7793102 -1.9891243 -9.416297
v -1.9804249 -1.9173985 -8.943045
v -1.9804249 -2.0545235 -8.943045
v -1.9804249 -2.0545235 -8.943045
v -1.9804249 -1.9173985 -8.943045
v -1.9797211 -1.9202118 -8.2426605
v -1.9797211 -2.0580387 -8.2426605
v -1.9797211 -2.0580387 -8.2426605
v -1.9797211 -1.9202118 -8.2426605
v -2.2054482 -1.8850517 -8.230002
v -2.2054482 -2.0228786 -8.230002
v -2.2131824 -2.0186596 -8.50214
v -2.2054482 -2.0228786 -8.230002
v -2.2054482 -1.8850517 -8.230002
v -2.2131824 -1.8808327 -8.50214
v -0.8299942 0.5712166 -15.978536
v -0.77303505 0.43831253 -15.9616585
v -0.4580021 0.49878693 -15.9792385
v -0.4580021 0.65981865 -15.9792385
v -0.00022125244 0.50722504 -15.967284
v -0.00022125244 0.66825867 -15.967284
v 0.4582653 0.65981865 -15.9792385
v 0.4582653 0.49878693 -15.9792385
v 0.8295517 0.5712166 -15.978536
v 0.77259445 0.43831253 -15.9616585
v -0.00022125244 -2.2043037 -9.412781
v -0.4369068 -2.1649246 -8.15687
v -0.4741745 -2.1712532 -9.414187
v -0.00022125244 -2.1663303 -8.1674185
v 0.43716812 -2.1649246 -8.15687
v 0.4737339 -2.1712532 -9.414187
v -0.7020111 -1.9490433 -7.163252
v -0.9664135 -2.1290607 -8.151948
v 0.7015705 -1.9490433 -7.163252
v 0.9666767 -2.1290607 -8.151948
v -0.00022125244 -1.968029 -7.17591
v -2.0929356 -1.7043304 -7.2448235
v -0.7020111 -1.6565132 -6.405205
v -0.00022125244 -1.675499 -6.4185658
v -2.5134487 -1.311243 -6.2476892
v 0.7015705 -1.6565132 -6.405205
v -2.5408726 -1.5763493 -7.383353
v 2.092495 -1.7043304 -7.2448235
v 2.51371 -1.311243 -6.2476892
v 2.5411358 -1.5763493 -7.383353
v -2.2054482 -1.8850517 -8.230002
v -2.3144436 -1.8400478 -8.251099
v -2.2131824 -1.8808327 -8.50214
v -1.9797211 -1.9202118 -8.2426605
v -1.2849617 -2.1382027 -9.521776
v -1.0029793 -2.1522675 -9.521073
v -1.7793102 -1.9891243 -9.416297
v -1.9804249 -1.9173985 -8.943045
v 2.2057095 -1.8850517 -8.230002
v 2.314705 -1.8400478 -8.251099
v 2.2127419 -1.8808327 -8.50214
v 1.9799843 -1.9202118 -8.2426605
v 1.2852249 -2.1382027 -9.521776
v 1.0032425 -2.1522675 -9.521073
v 1.7795715 -1.9891243 -9.416297
v 1.9799843 -1.9173985 -8.943045
v -2.6336956 -1.6459656 -7.383353
v -2.5134487 -1.311243 -6.2476892
v -2.7462063 -1.2873344 -5.6921635
v -2.5408726 -1.5763493 -7.383353
v -2.3144436 -1.8400478 -8.251099
v -1.8440037 -0.033533096 -12.183378
v -1.8482227 -0.17839241 -12.167206
v -2.0444145 -0.43857574 -11.113815
v -2.069027 -0.31692123 -11.038573
v -2.1899776 -0.4892044 -10.440855
v -2.1984158 -0.6396885 -10.409211
v -2.2884254 -0.77329636 -9.911347
v -2.2961597 -0.6101551 -9.642023
v -2.3939037 -0.92378044 -8.869912
v -2.4093742 -0.8822918 -8.754588
v -2.3467903 -0.67484856 -9.304488
v -2.3467903 -0.828146 -9.300269
v -0.24774551 1.1780758 -12.726248
v -0.2618103 1.9016666 -10.667285
v -0.2618103 1.185812 -9.281282
v -0.24774551 1.4488068 -12.576466
v -0.24774551 1.7568073 -12.636238
v -0.23368263 2.854498 -12.5399
v -0.24774551 2.2209187 -13.085581
v -0.24704361 3.1547642 -13.046202
v -0.24774551 2.822855 -14.0574
v -0.31595612 3.3748646 -13.063079
v -0.38627625 3.5562897 -14.104514
v -0.22102356 3.6413765 -16.12691
v -0.29697037 4.0499344 -16.159258
v -0.22665024 3.861477 -16.669075
v -0.11976433 3.9078884 -17.498146
v -0.38627625 3.625204 -12.952677
v -0.47698784 4.1997147 -14.071465
v -0.22032166 3.5464458 -12.858448
v -0.00022125244 3.4051018 -12.909781
v -0.09726143 4.050638 -17.498146
v -0.10569954 4.050638 -18.761087
v -0.06139946 3.9078884 -18.531845
v -0.00022125244 4.1293964 -18.772339
v -0.22102356 4.2271404 -16.159258
v -0.00022125244 4.1293964 -17.498146
v 0.09752464 4.050638 -17.498146
v 0.10525894 4.050638 -18.761087
v 0.120025635 3.9078884 -17.498146
v 0.060956955 3.9078884 -18.531845
v 0.29652977 4.0499344 -16.159258
v 0.22620964 3.861477 -16.669075
v 0.22128677 3.6413765 -16.12691
v 0.22128677 4.2271404 -16.159258
v -0.00022125244 4.3058987 -16.159258
v -0.2836094 4.459898 -14.071465
v 0.38653755 3.5562897 -14.104514
v 0.24800873 2.822855 -14.0574
v 0.47725105 4.1997147 -14.071465
v 0.2831688 4.459898 -14.071465
v -0.46222115 4.113926 -12.836649
v -0.00022125244 4.530218 -14.071465
v -0.30892372 4.278473 -12.836649
v -0.30470467 4.300272 -12.577872
v -0.00022125244 4.3333225 -12.577872
v -0.32017517 3.8460064 -12.571544
v -0.3307228 4.055559 -12.699526
v -0.31173706 3.7918606 -12.542713
v -0.28149986 3.843195 -12.542713
v -0.20344353 3.8150673 -12.288858
v -0.00022125244 4.3192596 -12.836649
v 0.30918694 4.278473 -12.836649
v 0.30496788 4.300272 -12.577872
v 0.46178055 4.113926 -12.836649
v -0.20344353 3.76725 -12.288858
v -0.11906052 3.8150673 -12.182675
v -0.23508835 3.7250576 -12.491379
v -0.11906052 3.76725 -12.182675
v -0.00022125244 3.8136597 -12.158767
v 0.38653755 3.625204 -12.952677
v -0.00022125244 3.7658424 -12.158767
v -0.00022125244 3.5162067 -12.808521
v 0.32043839 3.8460064 -12.571544
v 0.33098602 4.055559 -12.699526
v 0.31551552 3.3748646 -13.063079
v 0.2466011 3.1547642 -13.046202
v 0.24800873 2.2209187 -13.085581
v 0.23394394 2.854498 -12.5399
v 0.24800873 1.7568073 -12.636238
v 0.2613697 1.9016666 -10.667285
v 0.24800873 1.4488068 -12.576466
v 0.24800873 1.1780758 -12.726248
v 0.2613697 1.185812 -9.281282
v 0.21988106 3.5464458 -12.858448
v 0.31129646 3.7918606 -12.542713
v 0.28105927 3.843195 -12.542713
v 0.20370674 3.8150673 -12.288858
v 0.23535156 3.7250576 -12.491379
v 0.20370674 3.76725 -12.288858
v 0.11932373 3.8150673 -12.182675
v 0.11932373 3.76725 -12.182675
v -0.00022125244 3.6828651 -12.491379
v -0.46222115 4.113926 -12.836649
v -0.30470467 4.300272 -12.577872
v -0.31033134 4.1835423 -12.677023
v -0.1703949 4.2222176 -12.648192
v -0.00022125244 4.3333225 -12.577872
v -0.00022125244 4.239094 -12.644676
v 0.1706562 4.2222176 -12.648192
v 0.30496788 4.300272 -12.577872
v 0.30988884 4.1835423 -12.677023
v 0.46178055 4.113926 -12.836649
v -0.20344353 3.8150673 -12.288858
v -0.28149986 3.843195 -12.542713
v -0.18094254 3.8467102 -12.470986
v -0.11906052 3.8150673 -12.182675
v -0.00022125244 3.8572578 -12.442156
v -0.00022125244 3.8136597 -12.158767
v 0.11932373 3.8150673 -12.182675
v 0.18120384 3.8467102 -12.470986
v 0.20370674 3.8150673 -12.288858
v 0.28105927 3.843195 -12.542713
v -0.29064178 4.163149 -12.594749
v -0.29064178 4.12166 -12.59264
v -0.338459 4.1244736 -12.658037
v -0.16898727 4.1772137 -12.520914
v -0.16898727 4.1293964 -12.518805
v -0.00022125244 4.1821365 -12.497005
v -0.00022125244 4.132208 -12.494895
v 0.16925049 4.1293964 -12.518805
v 0.16925049 4.1772137 -12.520914
v 0.2909031 4.12166 -12.59264
v 0.2909031 4.163149 -12.594749
v 0.33801842 4.1244736 -12.658037
v -0.46222115 4.113926 -12.836649
v -0.338459 4.1244736 -12.658037
v -0.3307228 4.055559 -12.699526
v -0.31033134 4.1835423 -12.677023
v -0.29064178 4.163149 -12.594749
v -0.1703949 4.2222176 -12.648192
v -0.16898727 4.1772137 -12.520914
v -0.00022125244 4.239094 -12.644676
v -0.00022125244 4.1821365 -12.497005
v 0.16925049 4.1772137 -12.520914
v 0.1706562 4.2222176 -12.648192
v 0.2909031 4.163149 -12.594749
v 0.30988884 4.1835423 -12.677023
v 0.33801842 4.1244736 -12.658037
v 0.46178055 4.113926 -12.836649
v 0.33098602 4.055559 -12.699526
v -0.06139946 3.9078884 -18.531845
v -0.00022125244 4.050638 -18.769526
v -0.10569954 4.050638 -18.761087
v -0.00022125244 3.8734322 -18.533955
v -0.11976433 3.9078884 -17.498146
v 0.060956955 3.9078884 -18.531845
v 0.10525894 4.050638 -18.761087
v 0.120025635 3.9078884 -17.498146
v -0.00022125244 3.8734322 -17.498146
v -0.22665024 3.861477 -16.669075
v 0.22620964 3.861477 -16.669075
v -0.00022125244 3.8136597 -16.734472
v -0.00022125244 3.6413765 -16.3006
v -0.22102356 3.6413765 -16.12691
v 0.22128677 3.6413765 -16.12691
v -0.24774551 2.822855 -14.0574
v 0.24800873 2.822855 -14.0574
v -0.00022125244 2.822855 -14.231792
v -0.24774551 2.2209187 -13.085581
v 0.24800873 2.2209187 -13.085581
v -0.00022125244 2.2209187 -13.259974
v -0.24774551 1.7568073 -12.636238
v 0.24800873 1.7568073 -12.636238
v -0.00022125244 1.7568073 -12.810631
v -0.24774551 1.4488068 -12.576466
v 0.24800873 1.4488068 -12.576466
v -0.00022125244 1.4488068 -12.750859
v -0.24774551 1.1780758 -12.726248
v 0.24800873 1.1780758 -12.726248
v -0.00022125244 1.2132359 -12.908375
v -0.00022125244 4.050638 -18.769526
v -0.00022125244 4.1293964 -18.772339
v -0.10569954 4.050638 -18.761087
v 0.10525894 4.050638 -18.761087
v -0.29064178 4.12166 -12.59264
v -0.00022125244 4.1167374 -12.654521
v -0.338459 4.1244736 -12.658037
v -0.00022125244 4.12166 -12.59264
v 0.2909031 4.12166 -12.59264
v 0.33801842 4.1244736 -12.658037
v -0.00022125244 4.12166 -12.59264
v -0.29064178 4.12166 -12.59264
v -0.16898727 4.1293964 -12.518805
v -0.00022125244 4.132208 -12.494895
v 0.16925049 4.1293964 -12.518805
v 0.2909031 4.12166 -12.59264
v 2.026394 0.9305515 17.382557
v 2.0756187 0.92351913 16.564037
v 2.012331 0.80327225 17.382557
v 1.9631062 0.8588238 18.61034
v 1.9659195 0.9305515 18.61034
v 1.8843479 0.77936363 18.48447
v 1.8674717 0.8588238 19.837421
v 1.7837925 0.77936363 19.837421
v 1.8723946 0.9305515 19.837421
v 1.5566597 0.77936363 20.380287
v 1.5805683 0.8588238 20.595467
v 1.5932255 0.9305515 20.584919
v 1.4385223 0.8588238 20.804317
v 1.4553986 0.9305515 20.796581
v 1.4385223 0.77936363 20.410526
v 1.3857822 0.77936363 20.224178
v 1.497591 -0.10596275 22.233215
v 0.97089577 -0.10596275 24.298504
v 1.4174252 0.1331253 22.233215
v 1.8055916 -0.13409042 20.79166
v 1.4553986 0.39963722 21.021606
v 1.7120647 0.18023872 20.79166
v 2.3196278 -0.21847343 18.580807
v 2.2239933 0.276577 18.327656
v 1.2085762 0.6703682 21.021606
v 2.4131527 0.16547203 17.531635
v 2.451126 -0.21847343 17.878311
v 1.3639832 0.8588238 20.132061
v 1.3660927 0.93898964 19.850079
v 1.5313435 0.9382858 19.019604
v 1.5657997 1.0444679 17.995747
v 1.7085495 0.9382858 18.20108
v 1.7929325 1.0135288 17.291847
v 1.8871613 0.9382858 17.382557
v 1.9609966 1.0233727 16.452229
v 2.0756187 0.92351913 16.564037
v 1.3857822 0.77936363 20.224178
v 2.0629616 1.0852547 15.7645
v 1.4251614 0.7308426 20.513897
v 1.4385223 0.77936363 20.410526
v 1.5566597 0.77936363 20.380287
v 1.5475178 0.63801956 20.425999
v 1.7823849 0.59020233 19.838825
v 1.7837925 0.77936363 19.837421
v 1.8843479 0.77936363 18.48447
v 2.1382027 0.5508232 17.683525
v 2.012331 0.80327225 17.382557
v 2.473629 1.0669708 15.487442
v 2.176176 1.2533188 14.910114
v 2.46097 0.6197376 16.463478
v 2.8582773 1.6098385 13.861649
v 1.9391975 1.5085793 13.861649
v 2.664898 0.18164444 16.709599
v 2.575592 -0.21847343 16.220173
v 2.6888065 0.74982834 16.479652
v 2.7717838 1.2765236 15.291954
v 3.339264 1.1183052 15.3257065
v 3.0509539 0.66825867 16.728584
v 3.4531822 1.4635735 13.861649
v 3.7140684 0.5121479 15.469158
v 3.4116936 0.2681389 16.728584
v 4.065667 0.68091583 13.860947
v 3.7900143 -0.21706772 15.6140175
v 3.453885 -0.21706772 16.728584
v 4.5740795 -0.22058296 12.59519
v 4.434846 0.6323948 12.444706
v 3.9144802 1.2708988 12.103655
v 3.4475565 1.6583595 11.451792
v 2.7535 1.798296 11.3645935
v 2.0446777 1.7110996 11.374439
v 1.883646 1.8172817 11.481325
v 0.8295517 1.8615837 12.299145
v 0.859087 1.917839 11.579773
v 1.883646 1.8172817 11.481325
v 0.8007221 1.8067341 14.248405
v 1.6740932 1.6555481 14.398891
v 0.5053787 1.7089901 15.79052
v 1.1459923 1.602808 16.504967
v 0.859087 1.917839 11.579773
v 1.0602016 1.9417477 10.253542
v 1.883646 1.8172817 11.481325
v 1.9005222 1.8918209 8.544773
v 1.7901211 1.900259 6.570898
v 1.0306664 1.993082 6.8275642
v 1.6586227 1.6513271 5.0920734
v 0.5735893 1.7659492 5.0829315
v 0.5658531 2.0387897 6.7734184
v 1.5095444 1.1183052 3.3706455
v 0.63757896 1.2765236 3.368536
v 0.6270313 1.1942501 2.6758862
v 2.0446777 1.7110996 11.374439
v 1.883646 1.8172817 11.481325
v 1.9005222 1.8918209 8.544773
v 2.1164036 1.7504787 8.800737
v 2.6170807 1.8207989 9.0567
v 2.1023407 1.6864872 6.5371437
v 1.7901211 1.900259 6.570898
v 2.7535 1.798296 11.3645935
v 1.6586227 1.6513271 5.0920734
v 3.436306 1.8144703 10.58053
v 3.4475565 1.6583595 11.451792
v 3.436306 1.6667976 9.559486
v 2.0158463 1.4706059 5.0393333
v 2.332285 0.9052353 3.5218334
v 2.5551987 1.3482494 4.934557
v 2.6388798 1.5838203 6.5730076
v 3.2963696 1.4586525 6.6166058
v 2.6627884 0.81944466 3.5823078
v 3.0896292 1.2469902 4.9894066
v 3.3469992 0.39260483 3.5401173
v 3.79142 1.1499481 6.757244
v 3.9348726 1.2842598 9.076389
v 2.7774096 0.2168045 0.53183746
v 3.640233 0.8834362 5.2819366
v 4.159896 0.7596741 6.681299
v 4.4685993 0.6563034 8.708618
v 2.7232628 0.14648628 -2.7605324
v 4.318115 -0.22410011 6.6306686
v 4.4854765 -0.22410011 8.493439
v 4.111375 -0.22410011 5.534384
v 3.9566717 0.40877724 5.4422646
v 3.9615936 -0.15377998 4.5738163
v 3.8434572 0.39190102 4.5738163
v 3.7098494 -0.15377998 3.785532
v 3.5769453 0.7610798 4.7109394
v 3.4559956 -0.15377998 3.3038425
v 3.054469 -0.08556938 0.6197376
v 3.0495472 -0.18683052 -2.7605324
v 3.0263414 -1.0587959 0.65067863
v 2.56645 0.08108902 -7.1119184
v 2.2366505 0.014284134 -11.246719
v 2.975008 -1.0440273 -2.8076468
v 2.8899212 -0.28949738 -7.073946
v 2.757721 -1.4251614 -2.8076468
v 2.81046 -1.355545 0.6541939
v 2.7464695 -1.2873344 -5.6921635
v 2.8758574 -1.0222282 -7.073946
v 2.638176 -1.2887402 -7.9002028
v 2.6402855 -1.0412159 -8.100615
v 2.6191902 -0.8682289 -8.7883415
v 2.4637833 -0.25504112 -10.2390375
v 2.5566063 -0.6607857 -9.337539
v 2.6037197 -0.90971756 -8.903666
v 2.5566063 -0.8140831 -9.3340225
v 2.5059757 -0.5960903 -9.6757765
v 2.3997917 -0.47514153 -10.474609
v 2.4982395 -0.7592335 -9.944398
v 2.4082317 -0.6256256 -10.442965
v 2.278843 -0.30285835 -11.072327
v 2.0538197 -0.019468307 -12.216429
v 2.0587425 -0.16432762 -12.200255
v 2.2542305 -0.42451096 -11.147569
v 1.883646 0.19149017 -13.187545
v 1.6326046 0.3679924 -14.205071
v 0.77259445 0.43831253 -15.9616585
v 1.6326046 0.2681389 -14.174131
v 1.883646 0.10921669 -13.258568
v 1.9391975 1.5085793 13.861649
v 2.176176 1.2533188 14.910114
v 1.950449 1.4516201 14.720955
v 2.1332798 1.2490997 15.498692
v 2.026394 1.2483959 16.363625
v 1.4385223 1.3960667 17.376934
v 1.8674717 1.2483959 17.1716
v 1.5404854 1.2490997 18.293903
v 1.5404854 1.2490997 18.293903
v 1.7929325 1.0135288 17.291847
v 1.5657997 1.0444679 17.995747
v 1.8674717 1.2483959 17.1716
v 1.9609966 1.0233727 16.452229
v 2.026394 1.2483959 16.363625
v 2.0629616 1.0852547 15.7645
v 2.1332798 1.2490997 15.498692
v 2.176176 1.2533188 14.910114
v 1.3639832 0.8588238 20.132061
v 1.3660927 0.93898964 19.850079
v 1.4553986 0.9305515 20.796581
v 1.4385223 0.8588238 20.804317
v 1.3857822 0.77936363 20.224178
v 0.6270313 1.1942501 2.6758862
v 0.63757896 1.2765236 3.368536
v 0.5735893 1.7659492 5.0829315
v 0.5412426 2.1062965 5.035818
v 0.5658531 2.0387897 6.7734184
v 0.5658531 2.1238766 6.8212357
v 0.5658531 2.0387897 6.7734184
v 1.0306664 1.993082 6.8275642
v 1.0250416 2.1238766 6.8936653
v 0.5658531 2.1238766 6.8212357
v 0.8808861 2.1238766 11.481325
v 1.0602016 1.9417477 10.253542
v 0.859087 1.917839 11.579773
v 1.0517635 2.1238766 10.253542
v 1.0250416 2.1238766 6.8936653
v 1.0306664 1.993082 6.8275642
v 0.8295517 1.9382324 12.299145
v 0.859087 1.917839 11.579773
v 0.8295517 1.8615837 12.299145
v 0.8007221 1.9726887 14.248405
v 0.8007221 1.8067341 14.248405
v 0.58273125 1.9698772 15.791222
v 0.5053787 1.7089901 15.79052
v 0.13901329 1.9726887 17.766502
v 0.10596275 1.6956291 17.014786
v 0.3450489 1.2912903 19.614506
v 0.7845478 1.2301121 19.71225
v 0.77962494 1.319418 19.622242
v 0.34223747 1.3208256 19.614506
v 2.81046 -1.355545 0.6541939
v 2.802021 -1.4525852 4.602648
v 2.700058 -1.3351517 0.6485691
v 3.126196 -1.4968872 3.3713493
v 3.187374 -1.4968872 4.6891403
v 3.5017033 -1.4968872 4.4788857
v 3.4602146 -1.5355625 5.4605484
v 3.6416397 -1.5348606 5.839573
v 3.4004421 -1.5348606 5.839573
v 3.7485256 -1.5355625 5.967554
v 3.56921 -1.5348606 6.4837017
v 4.0199594 -1.5355625 7.3894196
v 3.436306 -1.5348606 7.716406
v 3.4876394 -1.5348606 6.4837017
v 3.844863 -1.5348606 7.716406
v 4.190133 -1.5081387 8.432964
v 3.84416 -1.5355625 8.366863
v 4.4854765 -0.22410011 8.493439
v 3.8518953 -0.22269249 7.716406
v 3.844863 -0.22410011 8.297951
v 4.318115 -0.22410011 6.6306686
v 3.7414932 -0.22269249 6.7959213
v 3.8828363 -0.22269249 5.8557453
v 4.111375 -0.22410011 5.534384
v 3.5804615 -0.22410011 5.4605484
v 3.4876394 -0.22269249 5.8557453
v 3.9615936 -0.15377998 4.5738163
v 3.3631735 -0.15377998 4.6891403
v 3.7098494 -0.15377998 3.785532
v 3.4559956 -0.15377998 3.3038425
v 2.9686794 -0.23746109 4.602648
v 2.7647514 -0.17136002 0.62325287
v 3.054469 -0.08556938 0.6197376
v 4.190133 -1.5081387 8.432964
v 3.84416 -0.82674026 8.236069
v 3.84416 -1.5355625 8.366863
v 4.2456856 -0.7318077 8.310608
v 3.844863 -0.22410011 8.297951
v 4.4854765 -0.22410011 8.493439
v 4.625413 -1.4328957 8.582043
v 4.625413 -0.7318077 8.467421
v 4.435549 -2.110075 8.7958145
v 4.106453 -1.9131794 8.552507
v 4.9826365 -0.13549614 8.69174
v 4.4685993 0.6563034 8.708618
v 4.9826365 -1.5974445 8.833084
v 4.435549 -2.629034 9.16218
v 3.7393837 -2.2809525 8.577824
v 4.9826365 -0.7318077 8.5947
v 4.9826365 -2.4300308 9.690281
v 3.6416397 -2.7788162 9.050371
v 3.214798 -2.389948 8.650955
v 2.0580387 -2.899766 8.892855
v 3.6416397 -3.2000313 10.178301
v 4.435549 -3.019309 10.207834
v 3.6416397 -2.9588346 11.748541
v 2.4138565 -3.2000313 10.178301
v 1.0841103 -3.0762682 9.574253
v 0.9146404 -3.1114283 10.460985
v 1.2113895 -3.143775 11.412413
v 2.3843231 -3.121976 11.531956
v 2.3878384 -2.8603868 12.151472
v 3.320981 -2.3639297 12.356102
v 3.7857943 -2.2457924 12.428532
v 4.435549 -2.110075 12.278751
v 4.0909824 -1.5271244 12.538935
v 4.435549 -2.7956924 11.66275
v 4.9826365 -2.6149712 10.887827
v 4.4271107 -1.4561024 12.450331
v 4.4418783 -0.80423737 12.592377
v 4.9826365 -1.0299644 12.346258
v 4.5740795 -0.22058296 12.59519
v 4.9826365 -2.0798378 11.967937
v 4.9826365 -0.13479424 12.297737
v 4.434846 0.6323948 12.444706
v 5.3426743 -0.97019196 12.129673
v 5.3426743 -1.8091068 11.689472
v 5.3426743 -2.2366505 10.825945
v 5.3426743 -2.0896816 9.868893
v 5.3426743 -1.4237537 9.183979
v 5.3426743 -0.49342346 9.032089
v 5.3426743 -0.03986168 11.977783
v 5.3426743 0.3461933 9.47229
v 4.9826365 0.52410316 12.1142025
v 5.3426743 0.6260662 11.292868
v 4.9826365 0.6162205 9.193825
v 4.435549 1.1654186 11.9988785
v 3.9144802 1.2708988 12.103655
v 4.9826365 0.9671173 11.471481
v 5.3426743 0.81030464 10.664913
v 4.9826365 1.097208 9.892099
v 5.3426743 0.72873306 10.015158
v 4.435549 1.1654186 9.16218
v 3.9348726 1.2842598 9.076389
v 4.9826365 1.1977654 10.664913
v 4.435549 1.4987335 11.326622
v 4.435549 1.4987335 9.83514
v 4.435549 1.6133556 10.58053
v 3.8462696 1.660469 11.380768
v 3.4475565 1.6583595 11.451792
v 3.436306 1.8144703 10.58053
v 3.8462696 1.7835293 10.58053
v 3.8462696 1.660469 9.780994
v 3.436306 1.6667976 9.559486
v 2.6965427 -1.5271244 13.02836
v 3.0171995 -1.5271244 13.02836
v 3.0003233 -1.5271244 13.273777
v 2.6135654 -1.5271244 13.713978
v 2.6353645 -1.5271244 14.369358
v 2.5010529 -1.5369701 13.775154
v 2.8653097 -1.5271244 14.868626
v 3.5368624 -1.5271244 13.273777
v 3.134634 -1.5271244 15.002235
v 3.7886076 -1.5271244 14.089485
v 3.3863783 -1.5271244 14.868626
v 3.5713196 -1.5214996 12.635273
v 4.0909824 -1.5271244 12.538935
v 2.4926147 -1.7226143 13.734371
v 2.5010529 -1.5369701 13.775154
v 2.6353645 -1.5271244 14.369358
v 2.6874008 -1.7711334 14.369358
v 2.873044 -1.8077011 14.696342
v 2.8653097 -1.5271244 14.868626
v 2.8653097 -1.5271244 14.868626
v 3.134634 -1.5271244 15.002235
v 2.873044 -1.8077011 14.696342
v 3.2759762 -1.8189507 14.868626
v 3.3863783 -1.5271244 14.868626
v 2.9229717 -2.065071 14.369358
v 3.5663967 -2.1740665 14.089485
v 3.7886076 -1.5271244 14.089485
v 4.0909824 -1.5271244 12.538935
v 3.081191 -2.3568974 13.7196045
v 3.7857943 -2.2457924 12.428532
v 3.320981 -2.3639297 12.356102
v 3.0361862 -0.21706772 17.98098
v 3.4116936 0.2681389 16.728584
v 3.453885 -0.21706772 16.728584
v 3.0094643 0.045225143 17.937382
v 2.752798 -0.21706772 18.606827
v 2.8765602 0.20625687 17.925426
v 3.0509539 0.66825867 16.728584
v 2.7155285 0.19430351 17.249653
v 2.6888065 0.74982834 16.479652
v 2.664898 0.18164444 16.709599
v 1.5932255 0.9305515 20.584919
v 1.4553986 0.9305515 20.796581
v 1.3660927 0.93898964 19.850079
v 1.8723946 0.9305515 19.837421
v 1.5313435 0.9382858 19.019604
v 1.9659195 0.9305515 18.61034
v 1.7085495 0.9382858 18.20108
v 1.8871613 0.9382858 17.382557
v 2.026394 0.9305515 17.382557
v 2.0756187 0.92351913 16.564037
v 2.752798 -0.21706772 18.606827
v 2.8034277 -0.21777153 16.687798
v 2.7155285 0.19430351 17.249653
v 2.664898 0.18164444 16.709599
v 2.575592 -0.21847343 16.220173
v 1.9391975 1.5085793 13.861649
v 1.950449 1.4516201 14.720955
v 1.6740932 1.6555481 14.398891
v 1.4385223 1.3960667 17.376934
v 0.6762562 1.2476921 20.432327
v 0.77962494 1.319418 19.622242
v 0.7845478 1.2301121 19.71225
v 0.6720371 1.319418 20.4267
v 0.4885025 1.319418 21.250847
v 0.495533 1.2476921 21.250847
v 0.23535156 1.3229351 21.950527
v 0.24308586 1.2519112 21.950527
v 0.05955124 1.3109798 22.306347
v 0.06517792 1.2737103 22.314083
v 2.2556362 -2.0193634 -7.228649
v 2.633957 -1.6459656 -7.383353
v 2.3266602 -1.9778748 -8.233519
v 2.2057095 -2.0228786 -8.230002
v 2.2127419 -2.0186596 -8.50214
v 1.9799843 -2.0580387 -8.2426605
v 1.6002579 -2.1867237 -7.073946
v 1.7795715 -2.1269512 -9.416297
v 1.9799843 -2.0545235 -8.943045
v 1.2852249 -2.2753258 -9.521776
v 0.9666767 -2.2668877 -8.151948
v 1.0032425 -2.2900944 -9.521073
v 2.638176 -1.2887402 -7.9002028
v 2.6402855 -1.0412159 -8.100615
v 2.4300308 -1.0552788 -8.066861
v 2.4286232 -1.302805 -7.867153
v 2.5566063 -0.8140831 -9.3340225
v 2.5566063 -0.6607857 -9.337539
v 2.3470535 -0.67484856 -9.304488
v 2.3470535 -0.828146 -9.300269
v 2.6191902 -0.8682289 -8.7883415
v 2.6037197 -0.90971756 -8.903666
v 2.394167 -0.92378044 -8.869912
v 2.4089336 -0.8822918 -8.754588
v 2.6037197 -0.90971756 -8.903666
v 2.5566063 -0.8140831 -9.3340225
v 2.3470535 -0.828146 -9.300269
v 2.394167 -0.92378044 -8.869912
v 2.5059757 -0.5960903 -9.6757765
v 2.4982395 -0.7592335 -9.944398
v 2.2886868 -0.77329636 -9.911347
v 2.296423 -0.6101551 -9.642023
v 2.4082317 -0.6256256 -10.442965
v 2.3997917 -0.47514153 -10.474609
v 2.190239 -0.4892044 -10.440855
v 2.1979752 -0.6396885 -10.409211
v 2.4982395 -0.7592335 -9.944398
v 2.4082317 -0.6256256 -10.442965
v 2.1979752 -0.6396885 -10.409211
v 2.2886868 -0.77329636 -9.911347
v 2.278843 -0.30285835 -11.072327
v 2.2542305 -0.42451096 -11.147569
v 2.043974 -0.43857574 -11.113815
v 2.0685863 -0.31692123 -11.038573
v 2.0587425 -0.16432762 -12.200255
v 2.0538197 -0.019468307 -12.216429
v 1.8442669 -0.033533096 -12.183378
v 1.848486 -0.17839241 -12.167206
v 2.2542305 -0.42451096 -11.147569
v 2.0587425 -0.16432762 -12.200255
v 1.848486 -0.17839241 -12.167206
v 2.043974 -0.43857574 -11.113815
v 2.7464695 -1.2873344 -5.6921635
v 2.638176 -1.2887402 -7.9002028
v 2.4286232 -1.302805 -7.867153
v 2.51371 -1.311243 -6.2476892
v 1.883646 0.19149017 -13.187545
v 1.883646 0.10921669 -13.258568
v 1.6740932 0.0951519 -13.224813
v 1.6740932 0.17742538 -13.153791
v 1.2852249 -2.2753258 -9.521776
v 1.7795715 -2.1269512 -9.416297
v 1.7795715 -1.9891243 -9.416297
v 1.2852249 -2.1382027 -9.521776
v 1.0032425 -2.2900944 -9.521073
v 1.0032425 -2.1522675 -9.521073
v 2.2127419 -2.0186596 -8.50214
v 2.314705 -1.8400478 -8.251099
v 2.2127419 -1.8808327 -8.50214
v 2.3266602 -1.9778748 -8.233519
v 2.633957 -1.6459656 -7.383353
v 0.4737339 -2.3090801 -9.414187
v 0.43716812 -2.3027515 -8.15687
v 0.43716812 -2.1649246 -8.15687
v 0.4737339 -2.1712532 -9.414187
v 0.43716812 -2.3027515 -8.15687
v 0.9666767 -2.2668877 -8.151948
v 0.9666767 -2.1290607 -8.151948
v 0.43716812 -2.1649246 -8.15687
v 0.9666767 -2.2668877 -8.151948
v 1.0032425 -2.2900944 -9.521073
v 1.0032425 -2.1522675 -9.521073
v 0.9666767 -2.1290607 -8.151948
v 1.7795715 -2.1269512 -9.416297
v 1.9799843 -2.0545235 -8.943045
v 1.9799843 -1.9173985 -8.943045
v 1.7795715 -1.9891243 -9.416297
v 1.9799843 -2.0545235 -8.943045
v 1.9799843 -2.0580387 -8.2426605
v 1.9799843 -1.9202118 -8.2426605
v 1.9799843 -1.9173985 -8.943045
v 1.9799843 -2.0580387 -8.2426605
v 2.2057095 -2.0228786 -8.230002
v 2.2057095 -1.8850517 -8.230002
v 1.9799843 -1.9202118 -8.2426605
v 2.2127419 -2.0186596 -8.50214
v 2.2127419 -1.8808327 -8.50214
v 2.2057095 -1.8850517 -8.230002
v 2.2057095 -2.0228786 -8.230002
v 2.633957 -1.6459656 -7.383353
v 2.7464695 -1.2873344 -5.6921635
v 2.51371 -1.311243 -6.2476892
v 2.5411358 -1.5763493 -7.383353
v 2.314705 -1.8400478 -8.251099
v 2.043974 -0.43857574 -11.113815
v 1.848486 -0.17839241 -12.167206
v 1.8442669 -0.033533096 -12.183378
v 2.0685863 -0.31692123 -11.038573
v 2.2886868 -0.77329636 -9.911347
v 2.1979752 -0.6396885 -10.409211
v 2.190239 -0.4892044 -10.440855
v 2.296423 -0.6101551 -9.642023
v 2.3470535 -0.67484856 -9.304488
v 2.4089336 -0.8822918 -8.754588
v 2.394167 -0.92378044 -8.869912
v 2.3470535 -0.828146 -9.300269
v 0.32043839 3.8460064 -12.571544
v 0.28105927 3.843195 -12.542713
v 0.2754326 4.0485287 -12.616549
v 0.33098602 4.055559 -12.699526
v -0.00022125244 4.099861 -12.573653
v -0.00022125244 4.1167374 -12.654521
v -0.3307228 4.055559 -12.699526
v 0.18120384 4.0443096 -12.531462
v 0.18120384 3.8467102 -12.470986
v -0.00022125244 3.8572578 -12.442156
v -0.00022125244 4.0661087 -12.50263
v -0.18164444 4.0443096 -12.531462
v -0.18094254 3.8467102 -12.470986
v -0.28149986 3.843195 -12.542713
v -0.27587318 4.0485287 -12.616549
v -0.32017517 3.8460064 -12.571544
v 0.31551552 3.3748646 -13.063079
v 0.2466011 3.1547642 -13.046202
v -0.00022125244 3.293295 -12.835243
v -0.00022125244 3.4051018 -12.909781
v -0.31595612 3.3748646 -13.063079
v -0.24704361 3.1547642 -13.046202
v 0.23394394 2.854498 -12.5399
v -0.23368263 2.854498 -12.5399
v -0.00022125244 2.93396 -12.435123
v 0.2613697 1.9016666 -10.667285
v -0.2618103 1.9016666 -10.667285
v -0.00022125244 1.9902687 -10.556883
v 0.2613697 1.185812 -9.281282
v -0.2618103 1.185812 -9.281282
v -0.00022125244 1.2174549 -8.850926
v 0.33801842 0.9959488 22.88789
v 0.07783508 0.97907066 22.764832
v 0.48287582 0.9284401 22.06937
v 0.1024456 0.98399353 23.696568
v 0.12846565 1.0233727 21.946308
v -0.00022125244 0.98469734 22.764832
v 0.044080734 0.98399353 24.257015
v -0.00022125244 1.0381393 21.97725
v -0.00022125244 0.98399353 24.257015
v -0.12890625 1.0233727 21.946308
v -0.043819427 0.98399353 24.257015
v -0.07827568 0.97907066 22.764832
v -0.48261452 0.9284401 22.06937
v -0.102184296 0.98399353 23.696568
v -0.338459 0.9959488 22.88789
v 5.3426743 -0.03986168 11.977783
v 5.3426743 0.6260662 11.292868
v 4.709796 -0.7318077 10.58053
v 5.3426743 -0.97019196 12.129673
v 5.3426743 0.81030464 10.664913
v 5.3426743 -1.8091068 11.689472
v 5.3426743 0.72873306 10.015158
v 5.3426743 -2.2366505 10.825945
v 5.3426743 0.3461933 9.47229
v 5.3426743 -2.0896816 9.868893
v 5.3426743 -0.49342346 9.032089
v 5.3426743 -1.4237537 9.183979
v -4.7095337 -0.7318077 10.58053
v -5.343115 0.72873306 10.015158
v -5.343115 0.81030464 10.664913
v -5.343115 0.3461933 9.47229
v -5.343115 0.6260662 11.292868
v -5.343115 -0.49342346 9.032089
v -5.343115 -0.03986168 11.977783
v -5.343115 -1.4237537 9.183979
v -5.343115 -0.97019196 12.129673
v -5.343115 -2.0896816 9.868893
v -5.343115 -1.8091068 11.689472
v -5.343115 -2.2366505 10.825945
vt 0.9039862 0.24927524
vt 0.9213679 0.2618287
vt 0.9068831 0.21451183
vt 0.084149025 0.8866045
vt 0.07449252 0.8904671
vt 0.08221772 0.89143276
vt 0.08801163 0.5862872
vt 0.07738947 0.61911935
vt 0.09187423 0.58918417
vt 0.13629414 0.41053885
vt 0.1314659 0.35935938
vt 0.125672 0.41729838
vt 0.5882185 0.5322108
vt 0.5930468 0.5312452
vt 0.58918417 0.5128978
vt 0.5882185 0.5322108
vt 0.5930468 0.5312452
vt 0.9039862 0.24927524
vt 0.9068831 0.21451183
vt 0.9213679 0.2618287
vt 0.084149025 0.8866045
vt 0.08221772 0.89143276
vt 0.07449252 0.8904671
vt 0.08801163 0.5862872
vt 0.09187423 0.58918417
vt 0.07738947 0.61911935
vt 0.13629414 0.41053885
vt 0.125672 0.41729838
vt 0.1314659 0.35935938
vt 0.51772606 0.38156933
vt 0.5167604 0.37674108
vt 0.48682523 0.3844663
vt 0.5631116 0.37287846
vt 0.5631116 0.37577543
vt 0.56214595 0.36901587
vt 0.6084972 0.36805022
vt 0.6084972 0.36418763
vt 0.6084972 0.36998153
vt 0.63070714 0.36515328
vt 0.6384323 0.37094718
vt 0.63746667 0.37287846
vt 0.6471232 0.36901587
vt 0.6480889 0.36901587
vt 0.6336041 0.36225632
vt 0.63263845 0.35935938
vt 0.2850043 0.7755547
vt 0.2850043 0.77458906
vt 0.2676226 0.77265775
vt 0.26858824 0.7813486
vt 0.29755774 0.7813486
vt 0.23672178 0.7784516
vt 0.23672178 0.77458906
vt 0.20871791 0.7784516
vt 0.29755774 0.7755547
vt 0.30335164 0.7784516
vt 0.30335164 0.7736234
vt 0.29755774 0.7755547
vt 0.29755774 0.7813486
vt 0.2850043 0.7755547
vt 0.26858824 0.7813486
vt 0.2676226 0.77265775
vt 0.2850043 0.77458906
vt 0.23672178 0.7784516
vt 0.23672178 0.77458906
vt 0.20871791 0.7784516
vt 0.79776466 0.1565728
vt 0.79776466 0.14788194
vt 0.66933316 0.1372598
vt 0.67126447 0.1527102
vt 0.5833903 0.1314659
vt 0.58435595 0.15174454
vt 0.5949781 0.1720232
vt 0.4481992 0.11311854
vt 0.6760927 0.18554232
vt 0.4269549 0.1411224
vt 0.51386344 0.17878276
vt 0.3844663 0.124706335
vt 0.4037793 0.10056508
vt 0.78038293 0.18071406
vt 0.8373563 0.15560715
vt 0.38929453 0.15753844
vt 0.33618376 0.114084184
vt 0.32749292 0.06966427
vt 0.31493947 0.14788194
vt 0.30721426 0.12953459
vt 0.84121895 0.17588581
vt 0.89143276 0.15560715
vt 0.8952953 0.1720232
vt 0.93585265 0.1546415
vt 0.8518411 0.20678662
vt 0.7678295 0.20485532
vt 0.90108925 0.1894049
vt 0.9387496 0.16622931
vt 0.9773756 0.1546415
vt 0.9773756 0.1585041
vt 0.9851008 0.1546415
vt 0.9773756 0.1546415
vt 0.9416466 0.17492016
vt 0.9387496 0.16622931
vt 0.93585265 0.1546415
vt 0.8952953 0.1720232
vt 0.89143276 0.15560715
vt 0.84121895 0.17588581
vt 0.8373563 0.15560715
vt 0.78038293 0.18071406
vt 0.79776466 0.1565728
vt 0.7678295 0.20485532
vt 0.6760927 0.18554232
vt 0.68285227 0.21258052
vt 0.6017376 0.21258052
vt 0.7765204 0.23382483
vt 0.77072644 0.23285918
vt 0.777486 0.23575613
vt 0.7282378 0.23382483
vt 0.7765204 0.23382483
vt 0.67705834 0.22996223
vt 0.62877584 0.23961873
vt 0.6084972 0.23961873
vt 0.77072644 0.23285918
vt 0.7282378 0.23382483
vt 0.52931386 0.2502409
vt 0.5215887 0.22223702
vt 0.68285227 0.21258052
vt 0.67705834 0.22996223
vt 0.62877584 0.23961873
vt 0.6017376 0.21258052
vt 0.6084972 0.23961873
vt 0.52931386 0.2502409
vt 0.5215887 0.22223702
vt 0.5080696 0.2695539
vt 0.5331765 0.2753478
vt 0.459787 0.27727908
vt 0.5988407 0.19423316
vt 0.5080696 0.2695539
vt 0.5331765 0.2753478
vt 0.459787 0.27727908
vt 0.38253498 0.24251568
vt 0.41440144 0.27727908
vt 0.341012 0.2676226
vt 0.21064922 0.25700045
vt 0.5380047 0.20582096
vt 0.520623 0.21064922
vt 0.55055815 0.20002706
vt 0.4694435 0.21064922
vt 0.38253498 0.24251568
vt 0.41440144 0.27727908
vt 0.341012 0.2676226
vt 0.21064922 0.25700045
vt 0.4153671 0.21934007
vt 0.41826403 0.20678662
vt 0.37094718 0.20485532
vt 0.36805022 0.19713011
vt 0.32073337 0.19423316
vt 0.3178364 0.183611
vt 0.28017604 0.20002706
vt 0.2560348 0.18071406
vt 0.23285918 0.20968357
vt 0.1565728 0.19423316
vt 0.17298886 0.24541263
vt 0.023313053 0.27245083
vt 0.030072607 0.28017604
vt 0.015587852 0.23382483
vt 0.012690901 0.19037056
vt 0.14498499 0.16140105
vt 0.03779781 0.14595065
vt 0.23961873 0.16333236
vt 0.36611894 0.17685145
vt 0.43950835 0.18457666
vt 0.5128978 0.19037056
vt 0.54766124 0.19326751
vt 0.22899657 0.12663764
vt 0.3120425 0.09573683
vt 0.5515238 0.18554232
vt 0.55924904 0.19326751
vt 0.55248946 0.19616446
vt 0.13243154 0.10249638
vt 0.04262606 0.08608033
vt 0.03779781 0.020416103
vt 0.23768742 0.019450452
vt 0.23092787 0.07545817
vt 0.3062486 0.055179514
vt 0.3062486 0.016553503
vt 0.164298 0.78424555
vt 0.20871791 0.7871425
vt 0.20871791 0.7784516
vt 0.23672178 0.78617686
vt 0.23672178 0.7784516
vt 0.2676226 0.7871425
vt 0.26858824 0.7813486
vt 0.29755774 0.7813486
vt 0.2985234 0.7900395
vt 0.32073337 0.79390204
vt 0.321699 0.7948677
vt 0.30335164 0.7784516
vt 0.29755774 0.7813486
vt 0.32073337 0.79390204
vt 0.2985234 0.7900395
vt 0.2676226 0.7871425
vt 0.26858824 0.7813486
vt 0.23672178 0.7784516
vt 0.23672178 0.78617686
vt 0.20871791 0.7784516
vt 0.20871791 0.7871425
vt 0.164298 0.78424555
vt 0.08801163 0.32652727
vt 0.030072607 0.28017604
vt 0.03779781 0.3313555
vt 0.21258052 0.30721426
vt 0.21064922 0.25700045
vt 0.30721426 0.30914554
vt 0.341012 0.2676226
vt 0.9918604 0.9503374
vt 0.9870321 0.91267705
vt 0.9445435 0.94261223
vt 0.88563883 0.91074574
vt 0.81707764 0.915574
vt 0.8248029 0.9435778
vt 0.7649325 0.9175053
vt 0.7620356 0.9561313
vt 0.8219059 0.96095955
vt 0.70216525 0.9184709
vt 0.700234 0.9522687
vt 0.6760927 0.9542
vt 0.9831695 0.90591747
vt 0.88563883 0.91074574
vt 0.9870321 0.91267705
vt 0.89432967 0.9020549
vt 0.9039862 0.88274187
vt 0.816112 0.9020549
vt 0.81707764 0.915574
vt 0.9831695 0.8798449
vt 0.7649325 0.9175053
vt 0.9561313 0.8537724
vt 0.98606646 0.8537724
vt 0.9213679 0.8518411
vt 0.76300126 0.90302056
vt 0.70216525 0.9184709
vt 0.8199746 0.8586006
vt 0.8180433 0.88274187
vt 0.7601043 0.8837075
vt 0.7079592 0.88563883
vt 0.76300126 0.86439455
vt 0.8248029 0.8373563
vt 0.9039862 0.82866544
vt 0.71085614 0.87115407
vt 0.70892483 0.83928764
vt 0.77265775 0.8402533
vt 0.82094026 0.81900895
vt 0.8885358 0.79969597
vt 0.48779085 0.896261
vt 0.8122494 0.78424555
vt 0.8750167 0.76879513
vt 0.77458906 0.79390204
vt 0.7755547 0.8180433
vt 0.7436882 0.8064555
vt 0.7465852 0.82576853
vt 0.71568435 0.8151464
vt 0.75237906 0.8402533
vt 0.69733703 0.8180433
vt 0.6046346 0.8431502
vt 0.6027033 0.8586006
vt 0.48682523 0.8614976
vt 0.48682523 0.8431502
vt 0.6065659 0.8045242
vt 0.3352181 0.9039862
vt 0.33425248 0.86922276
vt 0.49068782 0.9252305
vt 0.49648172 0.95902824
vt 0.6760927 0.9542
vt 0.67416143 0.9783413
vt 0.7620356 0.9686848
vt 0.76106995 0.9870321
vt 0.8248029 0.96289086
vt 0.86729145 0.98413515
vt 0.82769984 0.9464748
vt 0.9445435 0.94937176
vt 0.9879978 0.9899291
vt 0.9870321 0.95709693
vt 0.9445435 0.94937176
vt 0.9870321 0.95709693
vt 0.82769984 0.9464748
vt 0.8248029 0.96289086
vt 0.7620356 0.9686848
vt 0.6760927 0.9542
vt 0.49648172 0.95902824
vt 0.70216525 0.9184709
vt 0.49841303 0.98220384
vt 0.33328682 0.9851008
vt 0.33328682 0.96095955
vt 0.33425248 0.9271618
vt 0.12760329 0.8885358
vt 0.12663764 0.9252305
vt 0.1894049 0.8653602
vt 0.33328682 0.96095955
vt 0.124706335 0.9870321
vt 0.125672 0.9599939
vt 0.49068782 0.9252305
vt 0.07932077 0.9599939
vt 0.078355126 0.9870321
vt 0.08028642 0.9290931
vt 0.125672 0.9599939
vt 0.017519154 0.95902824
vt 0.017519154 0.98413515
vt 0.017519154 0.9387496
vt 0.07932077 0.9599939
vt 0.017519154 0.95902824
vt 0.12663764 0.9252305
vt 0.08028642 0.9290931
vt 0.12760329 0.8885358
vt 0.017519154 0.9387496
vt 0.33425248 0.9271618
vt 0.081252076 0.9049519
vt 0.081252076 0.9049519
vt 0.3352181 0.9039862
vt 0.08221772 0.89143276
vt 0.015587852 0.9300588
vt 0.11987809 0.876948
vt 0.084149025 0.8866045
vt 0.11794679 0.87405103
vt 0.1546415 0.86632586
vt 0.48779085 0.896261
vt 0.19519882 0.8537724
vt 0.15560715 0.8605319
vt 0.19326751 0.8489441
vt 0.21644312 0.84604716
vt 0.22513397 0.854738
vt 0.33618376 0.8499098
vt 0.48489392 0.8103181
vt 0.48392826 0.7929364
vt 0.60560024 0.7910051
vt 0.38253498 0.80548984
vt 0.3352181 0.8219059
vt 0.30528295 0.81128377
vt 0.2985234 0.82094026
vt 0.27438214 0.8296311
vt 0.2560348 0.838322
vt 0.2695539 0.82769984
vt 0.2560348 0.83252805
vt 0.24444698 0.84121895
vt 0.23768742 0.835425
vt 0.21740878 0.8402533
vt 0.7079592 0.27245083
vt 0.7485165 0.2676226
vt 0.75720733 0.2521722
vt 0.7852112 0.2521722
vt 0.8267342 0.25313783
vt 0.87405103 0.27631345
vt 0.8653602 0.25506914
vt 0.9213679 0.2618287
vt 0.67705834 0.22996223
vt 0.62877584 0.23961873
vt 0.6760927 0.25120655
vt 0.65388274 0.25410348
vt 0.658711 0.26279435
vt 0.6799553 0.25796607
vt 0.6760927 0.25120655
vt 0.65388274 0.25410348
vt 0.62877584 0.23961873
vt 0.67705834 0.22996223
vt 0.9213679 0.2618287
vt 0.9039862 0.24927524
vt 0.8682571 0.24348132
vt 0.8653602 0.25506914
vt 0.8267342 0.24251568
vt 0.8267342 0.25313783
vt 0.79390204 0.24348132
vt 0.7852112 0.2521722
vt 0.75720733 0.2521722
vt 0.62877584 0.35163417
vt 0.6480889 0.36901587
vt 0.6249132 0.34197766
vt 0.6471232 0.36901587
vt 0.63263845 0.35935938
vt 0.94550914 0.3197677
vt 0.9696504 0.32073337
vt 0.9802726 0.30238602
vt 0.9532344 0.27631345
vt 0.9889634 0.27631345
vt 0.9889634 0.3004547
vt 0.9619252 0.23189352
vt 0.9802726 0.30238602
vt 0.9879978 0.23092787
vt 0.9754443 0.19423316
vt 0.9879978 0.19326751
vt 0.98123825 0.1739545
vt 0.98413515 0.1720232
vt 0.98123825 0.1739545
vt 0.9754443 0.19423316
vt 0.9619252 0.23189352
vt 0.9532344 0.27631345
vt 0.94550914 0.3197677
vt 0.9696504 0.32073337
vt 0.9802726 0.17105755
vt 0.9802726 0.1739545
vt 0.98123825 0.1739545
vt 0.98413515 0.1720232
vt 0.98123825 0.1739545
vt 0.9802726 0.1739545
vt 0.6760927 0.9542
vt 0.7620356 0.9561313
vt 0.700234 0.9522687
vt 0.7620356 0.9686848
vt 0.8219059 0.96095955
vt 0.8248029 0.96289086
vt 0.8219059 0.96095955
vt 0.8248029 0.96289086
vt 0.82769984 0.9464748
vt 0.8248029 0.9435778
vt 0.9870321 0.95709693
vt 0.9918604 0.9503374
vt 0.9445435 0.94261223
vt 0.9445435 0.94937176
vt 0.82769984 0.9464748
vt 0.8248029 0.9435778
vt 0.36708456 0.30238602
vt 0.36611894 0.2985234
vt 0.3255616 0.30528295
vt 0.46751222 0.2927295
vt 0.46751222 0.2850043
vt 0.539936 0.29562646
vt 0.5418673 0.283073
vt 0.6258789 0.3139738
vt 0.5988407 0.29176384
vt 0.5331765 0.2753478
vt 0.5351078 0.2753478
vt 0.53414214 0.2502409
vt 0.52931386 0.2502409
vt 0.28790125 0.5418673
vt 0.440474 0.5853216
vt 0.4424053 0.578562
vt 0.3313555 0.57373375
vt 0.2811417 0.55248946
vt 0.2850043 0.5679399
vt 0.24927524 0.54862684
vt 0.23285918 0.55055815
vt 0.23672178 0.539936
vt 0.22706528 0.5534551
vt 0.21064922 0.5360734
vt 0.17298886 0.5466956
vt 0.21161486 0.5322108
vt 0.17009191 0.5167604
vt 0.164298 0.53414214
vt 0.13339719 0.53897035
vt 0.14015675 0.5244856
vt 0.8750167 0.76879513
vt 0.8614976 0.7485165
vt 0.84218454 0.755276
vt 0.8122494 0.78424555
vt 0.8103181 0.7620356
vt 0.7813486 0.7813486
vt 0.77458906 0.79390204
vt 0.7639669 0.7784516
vt 0.77458906 0.7678295
vt 0.7436882 0.8064555
vt 0.72920346 0.7890738
vt 0.71568435 0.8151464
vt 0.69733703 0.8180433
vt 0.7137531 0.78038293
vt 0.6104285 0.8199746
vt 0.6046346 0.8431502
vt 0.7427226 0.5418673
vt 0.7253409 0.5466956
vt 0.7118218 0.5128978
vt 0.7282378 0.50034434
vt 0.7011996 0.48392826
vt 0.7311348 0.46654657
vt 0.7601043 0.52931386
vt 0.7446539 0.49358478
vt 0.78038293 0.5631116
vt 0.7601043 0.57276815
vt 0.755276 0.45689005
vt 0.7398256 0.4076419
vt 0.78038293 0.5264169
vt 0.8103181 0.57759637
vt 0.7755547 0.60753155
vt 0.75913864 0.48779085
vt 0.83252805 0.55248946
vt 0.8122494 0.61718804
vt 0.78617686 0.6384323
vt 0.8238372 0.6954057
vt 0.8730854 0.61139417
vt 0.8653602 0.5795277
vt 0.94937176 0.5862872
vt 0.8866045 0.66547054
vt 0.87115407 0.7349974
vt 0.9175053 0.7330661
vt 0.96095955 0.70602787
vt 0.9532344 0.6490545
vt 0.98606646 0.63746667
vt 0.99282604 0.5795277
vt 0.9879978 0.5466956
vt 0.9638565 0.5225543
vt 0.9899291 0.49744737
vt 0.9329557 0.5553864
vt 0.8904671 0.5466956
vt 0.97447866 0.4887565
vt 0.97930694 0.45109615
vt 0.9522687 0.46075267
vt 0.9648222 0.41150448
vt 0.93778396 0.5128978
vt 0.93971527 0.41440144
vt 0.9406809 0.36418763
vt 0.934887 0.45882136
vt 0.9213679 0.50227565
vt 0.8837075 0.5302795
vt 0.8373563 0.53414214
vt 0.796799 0.51193213
vt 0.78038293 0.4694435
vt 0.9175053 0.41633275
vt 0.79197073 0.42598924
vt 0.9184709 0.38543192
vt 0.876948 0.39315712
vt 0.77265775 0.4134358
vt 0.90591747 0.34487462
vt 0.91074574 0.3197677
vt 0.8817762 0.37287846
vt 0.8450815 0.39122584
vt 0.8045242 0.3844663
vt 0.81418073 0.40281364
vt 0.7620356 0.37674108
vt 0.74948215 0.3545311
vt 0.8402533 0.37191284
vt 0.8682571 0.33908072
vt 0.7948677 0.35549676
vt 0.83059675 0.3429433
vt 0.86729145 0.3120425
vt 0.86922276 0.2927295
vt 0.82094026 0.29755774
vt 0.8248029 0.3159051
vt 0.78424555 0.33038986
vt 0.76879513 0.31493947
vt 0.93971527 0.04552301
vt 0.9136427 0.023313053
vt 0.9532344 0.024278704
vt 0.89432967 0.06676732
vt 0.9542 0.060007766
vt 0.9020549 0.011725251
vt 0.9879978 0.11504984
vt 0.98413515 0.056145165
vt 0.86729145 0.12856895
vt 0.81418073 0.081252076
vt 0.816112 0.13243154
vt 0.7050622 0.084149025
vt 0.8045242 0.10056508
vt 0.7504478 0.1314659
vt 0.6799553 0.124706335
vt 0.71278745 0.10925593
vt 0.7485165 0.09477118
vt 0.6268445 0.11504984
vt 0.6509858 0.081252076
vt 0.60946286 0.06387037
vt 0.5602147 0.11022159
vt 0.58049333 0.04262606
vt 0.5302795 0.031038258
vt 0.56600857 0.014622201
vt 0.46751222 0.09477118
vt 0.46075267 0.04359171
vt 0.46751222 0.09477118
vt 0.58049333 0.04262606
vt 0.5602147 0.11022159
vt 0.60946286 0.06387037
vt 0.6268445 0.11504984
vt 0.6509858 0.081252076
vt 0.7050622 0.084149025
vt 0.71278745 0.10925593
vt 0.81418073 0.081252076
vt 0.7485165 0.09477118
vt 0.9020549 0.011725251
vt 0.89432967 0.06676732
vt 0.9136427 0.023313053
vt 0.93971527 0.04552301
vt 0.9532344 0.024278704
vt 0.9542 0.060007766
vt 0.9879978 0.11504984
vt 0.98413515 0.056145165
vt 0.86729145 0.12856895
vt 0.816112 0.13243154
vt 0.8045242 0.10056508
vt 0.7504478 0.1314659
vt 0.6799553 0.124706335
vt 0.68574923 0.36708456
vt 0.6867149 0.34970286
vt 0.67705834 0.35549676
vt 0.7118218 0.35259983
vt 0.7349974 0.3352181
vt 0.71761566 0.35549676
vt 0.74755085 0.31493947
vt 0.6731958 0.33038986
vt 0.74561954 0.30238602
vt 0.69733703 0.30142036
vt 0.7349974 0.2965921
vt 0.6471232 0.34197766
vt 0.63263845 0.32459596
vt 0.9918604 0.3255616
vt 0.99089473 0.32652727
vt 0.9918604 0.32845855
vt 0.9937917 0.32749292
vt 0.9918604 0.32845855
vt 0.99089473 0.32652727
vt 0.72244394 0.36225632
vt 0.7349974 0.3352181
vt 0.71761566 0.35549676
vt 0.7436882 0.341012
vt 0.75431037 0.32749292
vt 0.74755085 0.31493947
vt 0.2888669 0.47234046
vt 0.27824473 0.46654657
vt 0.2869356 0.4829626
vt 0.27438214 0.48199695
vt 0.27824473 0.49165347
vt 0.26279435 0.459787
vt 0.24348132 0.4771687
vt 0.24541263 0.50227565
vt 0.18650796 0.5080696
vt 0.23479047 0.4559244
vt 0.18264537 0.47910002
vt 0.18264537 0.46171832
vt 0.3255616 0.4501305
vt 0.26279435 0.459787
vt 0.27824473 0.46654657
vt 0.32073337 0.43081748
vt 0.42985186 0.40667623
vt 0.23479047 0.4559244
vt 0.26665694 0.401848
vt 0.18264537 0.46171832
vt 0.1778171 0.4230923
vt 0.1546415 0.37963802
vt 0.1585041 0.3371494
vt 0.42792055 0.39701974
vt 0.48585957 0.37480977
vt 0.4887565 0.36805022
vt 0.4269549 0.37384412
vt 0.2676226 0.33425248
vt 0.26665694 0.401848
vt 0.1546415 0.37963802
vt 0.1778171 0.4230923
vt 0.18264537 0.46171832
vt 0.23479047 0.4559244
vt 0.49165347 0.35259983
vt 0.5264169 0.341012
vt 0.42598924 0.33232117
vt 0.52545124 0.33908072
vt 0.54090166 0.33232117
vt 0.32073337 0.43081748
vt 0.26279435 0.459787
vt 0.4269549 0.37384412
vt 0.49165347 0.33328682
vt 0.3255616 0.4501305
vt 0.27824473 0.46654657
vt 0.42985186 0.40667623
vt 0.42792055 0.39701974
vt 0.48585957 0.37480977
vt 0.4887565 0.36805022
vt 0.49165347 0.35259983
vt 0.5264169 0.341012
vt 0.52545124 0.33908072
vt 0.5215887 0.33328682
vt 0.53897035 0.33232117
vt 0.42405793 0.084149025
vt 0.4501305 0.04359171
vt 0.45495877 0.09477118
vt 0.42212665 0.04552301
vt 0.38639757 0.07062992
vt 0.42405793 0.084149025
vt 0.45495877 0.09477118
vt 0.38639757 0.07062992
vt 0.3844663 0.04648866
vt 0.35549676 0.060007766
vt 0.35549676 0.060007766
vt 0.35356545 0.04648866
vt 0.32845855 0.048419964
vt 0.32845855 0.048419964
vt 0.32266465 0.04552301
vt 0.4501305 0.04359171
vt 0.46751222 0.09477118
vt 0.45495877 0.09477118
vt 0.46075267 0.04359171
vt 0.46751222 0.09477118
vt 0.45495877 0.09477118
vt 0.65581405 0.4346801
vt 0.6046346 0.46654657
vt 0.61718804 0.48489392
vt 0.6596767 0.4462679
vt 0.6847836 0.42212665
vt 0.66547054 0.45302746
vt 0.6355354 0.50227565
vt 0.6664362 0.48392826
vt 0.6432606 0.520623
vt 0.66740185 0.5090352
vt 0.6133254 0.38832888
vt 0.6471232 0.37674108
vt 0.63746667 0.37287846
vt 0.6084972 0.36998153
vt 0.581459 0.38929453
vt 0.5631116 0.37577543
vt 0.5495925 0.38832888
vt 0.5186917 0.38639757
vt 0.51772606 0.38156933
vt 0.48682523 0.3844663
vt 0.9889634 0.3371494
vt 0.9918604 0.32845855
vt 0.99089473 0.32652727
vt 0.9870321 0.33618376
vt 0.9773756 0.36901587
vt 0.9783413 0.36998153
vt 0.9715817 0.40571058
vt 0.9773756 0.36901587
vt 0.973513 0.36901587
vt 0.9831695 0.33908072
vt 0.9802726 0.33811507
vt 0.9870321 0.33618376
vt 0.9802726 0.3352181
vt 0.9831695 0.3352181
vt 0.99089473 0.32652727
vt 0.9802726 0.33425248
vt 0.9918604 0.3255616
vt 0.9831695 0.33425248
vt 0.9831695 0.3352181
vt 0.99089473 0.32652727
vt 0.9802726 0.3352181
vt 0.9870321 0.33618376
vt 0.9831695 0.33908072
vt 0.9802726 0.33811507
vt 0.9773756 0.36901587
vt 0.973513 0.36901587
vt 0.9715817 0.40571058
vt 0.9773756 0.36901587
vt 0.9783413 0.36998153
vt 0.9889634 0.3371494
vt 0.9870321 0.33618376
vt 0.99089473 0.32652727
vt 0.9918604 0.32845855
vt 0.6847836 0.42212665
vt 0.6664362 0.48392826
vt 0.6867149 0.5090352
vt 0.66740185 0.5090352
vt 0.6847836 0.5322108
vt 0.3255616 0.30528295
vt 0.36805022 0.31107685
vt 0.36708456 0.30238602
vt 0.46751222 0.2927295
vt 0.50613827 0.3120425
vt 0.539936 0.29562646
vt 0.52931386 0.32459596
vt 0.5418673 0.3236303
vt 0.6258789 0.3139738
vt 0.6278102 0.31493947
vt 0.6258789 0.3139738
vt 0.539936 0.29562646
vt 0.50613827 0.3120425
vt 0.46751222 0.2927295
vt 0.36805022 0.31107685
vt 0.36708456 0.30238602
vt 0.3255616 0.30528295
vt 0.542833 0.5360734
vt 0.5380047 0.542833
vt 0.56890553 0.54862684
vt 0.5698712 0.5437986
vt 0.6722301 0.54862684
vt 0.66933316 0.5534551
vt 0.68285227 0.5631116
vt 0.6915431 0.55924904
vt 0.6722301 0.54862684
vt 0.66933316 0.5534551
vt 0.56890553 0.54862684
vt 0.5698712 0.5437986
vt 0.542833 0.5360734
vt 0.5380047 0.542833
vt 0.7079592 0.27245083
vt 0.7349974 0.2850043
vt 0.7485165 0.2676226
vt 0.87405103 0.27631345
vt 0.9416466 0.24637829
vt 0.9406809 0.31880206
vt 0.94937176 0.2753478
vt 0.95709693 0.23092787
vt 0.9435778 0.22899657
vt 0.9532344 0.20485532
vt 0.97254735 0.19326751
vt 0.9802726 0.1739545
vt 0.94744045 0.19713011
vt 0.9802726 0.17105755
vt 0.9802726 0.1739545
vt 0.9532344 0.20485532
vt 0.97254735 0.19326751
vt 0.95709693 0.23092787
vt 0.9435778 0.22899657
vt 0.9416466 0.24637829
vt 0.94937176 0.2753478
vt 0.9406809 0.31880206
vt 0.94937176 0.2753478
vt 0.9406809 0.31880206
vt 0.94550914 0.3197677
vt 0.9532344 0.27631345
vt 0.9619252 0.23189352
vt 0.95709693 0.23092787
vt 0.9754443 0.19423316
vt 0.97254735 0.19326751
vt 0.98123825 0.1739545
vt 0.9802726 0.1739545
vt 0.321699 0.7948677
vt 0.32073337 0.79390204
vt 0.2985234 0.7900395
vt 0.27148518 0.8064555
vt 0.2676226 0.7871425
vt 0.23672178 0.78617686
vt 0.24058437 0.8132151
vt 0.20871791 0.7871425
vt 0.2985234 0.7900395
vt 0.32073337 0.79390204
vt 0.2676226 0.7871425
vt 0.23672178 0.78617686
vt 0.20871791 0.7871425
vt 0.19037056 0.81900895
vt 0.164298 0.78424555
vt 0.1430537 0.8132151
vt 0.19423316 0.8219059
vt 0.19037056 0.81900895
vt 0.164298 0.78424555
vt 0.1430537 0.8132151
vt 0.6046346 0.28983253
vt 0.5988407 0.29176384
vt 0.6258789 0.3139738
vt 0.6278102 0.31493947
vt 0.6258789 0.3139738
vt 0.5988407 0.29176384
vt 0.54090166 0.57566506
vt 0.56890553 0.54862684
vt 0.5380047 0.542833
vt 0.66933316 0.5534551
vt 0.68285227 0.5631116
vt 0.66933316 0.5534551
vt 0.56890553 0.54862684
vt 0.5380047 0.542833
vt 0.6702988 0.029106956
vt 0.7301691 0.00979395
vt 0.6702988 0.0068969987
vt 0.7253409 0.027175657
vt 0.75141346 0.00979395
vt 0.74561954 0.029106956
vt 0.7601043 0.008828299
vt 0.7784516 0.024278704
vt 0.7871425 0.007862649
vt 0.78617686 0.024278704
vt 0.79969597 0.024278704
vt 0.8035585 0.017519154
vt 0.8315624 0.021381754
vt 0.8267342 0.027175657
vt 0.835425 0.028141305
vt 0.8402533 0.022347406
vt 0.8315624 0.021381754
vt 0.8267342 0.027175657
vt 0.79969597 0.024278704
vt 0.8035585 0.017519154
vt 0.7871425 0.007862649
vt 0.78617686 0.024278704
vt 0.7784516 0.024278704
vt 0.7601043 0.008828299
vt 0.74561954 0.029106956
vt 0.75141346 0.00979395
vt 0.7253409 0.027175657
vt 0.7301691 0.00979395
vt 0.6702988 0.029106956
vt 0.6702988 0.0068969987
vt 0.6702988 0.0068969987
vt 0.6596767 0.011725251
vt 0.66353923 0.036832158
vt 0.6702988 0.029106956
vt 0.6702988 0.04166041
vt 0.66353923 0.04552301
vt 0.6645049 0.052282564
vt 0.67126447 0.055179514
vt 0.6645049 0.06966427
vt 0.6722301 0.07256122
vt 0.67126447 0.055179514
vt 0.6645049 0.052282564
vt 0.6702988 0.04166041
vt 0.66353923 0.04552301
vt 0.66353923 0.036832158
vt 0.6702988 0.029106956
vt 0.6702988 0.0068969987
vt 0.6596767 0.011725251
vt 0.6278102 0.032969557
vt 0.59594375 0.011725251
vt 0.6152567 0.027175657
vt 0.6596767 0.011725251
vt 0.66353923 0.036832158
vt 0.6384323 0.04648866
vt 0.65195143 0.050351262
vt 0.66353923 0.04552301
vt 0.6645049 0.052282564
vt 0.65195143 0.06676732
vt 0.6645049 0.06966427
vt 0.6480889 0.06580167
vt 0.6645049 0.052282564
vt 0.65195143 0.050351262
vt 0.66353923 0.04552301
vt 0.66353923 0.036832158
vt 0.6384323 0.04648866
vt 0.6278102 0.032969557
vt 0.6596767 0.011725251
vt 0.59594375 0.011725251
vt 0.6152567 0.027175657
vt 0.6384323 0.04648866
vt 0.6480889 0.06580167
vt 0.65195143 0.050351262
vt 0.63456976 0.06290472
vt 0.6278102 0.032969557
vt 0.6384323 0.04648866
vt 0.65195143 0.050351262
vt 0.6278102 0.032969557
vt 0.62298197 0.054213863
vt 0.6152567 0.027175657
vt 0.6152567 0.027175657
vt 0.6104285 0.047454312
vt 0.59594375 0.011725251
vt 0.59594375 0.011725251
vt 0.5901498 0.03490086
vt 0.74561954 0.029106956
vt 0.77072644 0.036832158
vt 0.7784516 0.024278704
vt 0.78617686 0.024278704
vt 0.78038293 0.03490086
vt 0.79969597 0.024278704
vt 0.8267342 0.027175657
vt 0.7765204 0.04648866
vt 0.7832799 0.04359171
vt 0.835425 0.028141305
vt 0.8267342 0.027175657
vt 0.78038293 0.03490086
vt 0.79969597 0.024278704
vt 0.78617686 0.024278704
vt 0.77072644 0.036832158
vt 0.7784516 0.024278704
vt 0.74561954 0.029106956
vt 0.6702988 0.029106956
vt 0.6702988 0.04166041
vt 0.7234096 0.036832158
vt 0.7253409 0.027175657
vt 0.7436882 0.03779781
vt 0.74561954 0.029106956
vt 0.7562417 0.04069476
vt 0.77072644 0.036832158
vt 0.75913864 0.054213863
vt 0.7765204 0.04648866
vt 0.77072644 0.036832158
vt 0.7562417 0.04069476
vt 0.74561954 0.029106956
vt 0.7436882 0.03779781
vt 0.7253409 0.027175657
vt 0.7234096 0.036832158
vt 0.6702988 0.029106956
vt 0.6702988 0.04166041
vt 0.7465852 0.060007766
vt 0.7562417 0.04069476
vt 0.7562417 0.04069476
vt 0.7446539 0.044557363
vt 0.7436882 0.03779781
vt 0.7234096 0.036832158
vt 0.7446539 0.044557363
vt 0.7436882 0.03779781
vt 0.7234096 0.036832158
vt 0.7234096 0.050351262
vt 0.6702988 0.04166041
vt 0.67126447 0.055179514
vt 0.6722301 0.07256122
vt 0.72437525 0.06580167
vt 0.7234096 0.050351262
vt 0.6702988 0.04166041
vt 0.67126447 0.055179514
vt 0.84218454 0.017519154
vt 0.8035585 0.017519154
vt 0.8315624 0.021381754
vt 0.8402533 0.022347406
vt 0.8499098 0.018484803
vt 0.84218454 0.017519154
vt 0.8315624 0.021381754
vt 0.8035585 0.017519154
vt 0.8064555 0.008828299
vt 0.7871425 0.007862649
vt 0.8035585 0.017519154
vt 0.84604716 0.008828299
vt 0.84218454 0.017519154
vt 0.8499098 0.018484803
vt 0.85570365 0.00979395
vt 0.84604716 0.008828299
vt 0.84218454 0.017519154
vt 0.8035585 0.017519154
vt 0.8064555 0.008828299
vt 0.7871425 0.007862649
vt 0.755276 0.59594375
vt 0.68092096 0.58049333
vt 0.5795277 0.5930468
vt 0.75141346 0.6258789
vt 0.5795277 0.6258789
vt 0.7485165 0.66353923
vt 0.4424053 0.6220163
vt 0.440474 0.5853216
vt 0.3371494 0.5920811
vt 0.3313555 0.57373375
vt 0.28403863 0.5901498
vt 0.2850043 0.5679399
vt 0.33328682 0.6181537
vt 0.22513397 0.57759637
vt 0.22706528 0.5534551
vt 0.17105755 0.5669742
vt 0.17298886 0.5466956
vt 0.13339719 0.53897035
vt 0.12663764 0.55731773
vt 0.17009191 0.5853216
vt 0.124706335 0.58049333
vt 0.22513397 0.6142911
vt 0.17105755 0.6152567
vt 0.11794679 0.6046346
vt 0.283073 0.61718804
vt 0.23189352 0.64229494
vt 0.1411224 0.6529171
vt 0.108290285 0.66257364
vt 0.12663764 0.76106995
vt 0.08318338 0.70892483
vt 0.054213863 0.76106995
vt 0.048419964 0.719547
vt 0.00979395 0.7079592
vt 0.008828299 0.76106995
vt 0.00979395 0.7079592
vt 0.048419964 0.719547
vt 0.08318338 0.70892483
vt 0.108290285 0.66257364
vt 0.33038986 0.6490545
vt 0.1411224 0.6529171
vt 0.11794679 0.6046346
vt 0.23672178 0.76106995
vt 0.44530225 0.66257364
vt 0.23189352 0.64229494
vt 0.17105755 0.6152567
vt 0.124706335 0.58049333
vt 0.33425248 0.76106995
vt 0.17009191 0.5853216
vt 0.12663764 0.55731773
vt 0.578562 0.66353923
vt 0.5766307 0.76106995
vt 0.74561954 0.76106995
vt 0.7929364 0.7185813
vt 0.7948677 0.68574923
vt 0.8267342 0.7330661
vt 0.8035585 0.75431037
vt 0.8267342 0.7330661
vt 0.7929364 0.7185813
vt 0.7485165 0.66353923
vt 0.7948677 0.68574923
vt 0.4462679 0.76106995
vt 0.44530225 0.66257364
vt 0.578562 0.66353923
vt 0.5795277 0.6258789
vt 0.75141346 0.6258789
vt 0.33038986 0.6490545
vt 0.5795277 0.5930468
vt 0.755276 0.59594375
vt 0.68092096 0.58049333
vt 0.4424053 0.6220163
vt 0.440474 0.5853216
vt 0.3371494 0.5920811
vt 0.3313555 0.57373375
vt 0.33328682 0.6181537
vt 0.28403863 0.5901498
vt 0.2850043 0.5679399
vt 0.283073 0.61718804
vt 0.22513397 0.6142911
vt 0.22513397 0.57759637
vt 0.22706528 0.5534551
vt 0.17105755 0.5669742
vt 0.17298886 0.5466956
vt 0.13339719 0.53897035
vt 0.92812747 0.74561954
vt 0.9561313 0.77072644
vt 0.9464748 0.73596305
vt 0.9522687 0.7736234
vt 0.95902824 0.7813486
vt 0.9464748 0.78038293
vt 0.90591747 0.758173
vt 0.97061604 0.81707764
vt 0.9638565 0.7987303
vt 0.95902824 0.8334937
vt 0.915574 0.8035585
vt 0.95130306 0.8402533
vt 0.30528295 0.81128377
vt 0.2946608 0.8103181
vt 0.2888669 0.8199746
vt 0.2985234 0.82094026
vt 0.13532849 0.41826403
vt 0.12374069 0.440474
vt 0.13339719 0.44143966
vt 0.125672 0.41729838
vt 0.057110816 0.44530225
vt 0.11987809 0.45882136
vt 0.059042115 0.37094718
vt 0.008828299 0.36805022
vt 0.1314659 0.35935938
vt 0.04359171 0.35646242
vt 0.008828299 0.3545311
vt 0.04359171 0.35646242
vt 0.11794679 0.4694435
vt 0.13050024 0.459787
vt 0.12760329 0.4713748
vt 0.11215288 0.49551606
vt 0.059042115 0.37094718
vt 0.1314659 0.35935938
vt 0.125672 0.41729838
vt 0.057110816 0.44530225
vt 0.008828299 0.4424053
vt 0.055179514 0.53414214
vt 0.055179514 0.53414214
vt 0.10635898 0.51579475
vt 0.12277504 0.49648172
vt 0.116981134 0.5167604
vt 0.09573683 0.55442077
vt 0.12374069 0.440474
vt 0.13532849 0.41826403
vt 0.13339719 0.44143966
vt 0.11987809 0.45882136
vt 0.008828299 0.5331765
vt 0.08801163 0.5862872
vt 0.10635898 0.5553864
vt 0.09863378 0.58725286
vt 0.07738947 0.61911935
vt 0.11794679 0.4694435
vt 0.13050024 0.459787
vt 0.12760329 0.4713748
vt 0.11215288 0.49551606
vt 0.10635898 0.51579475
vt 0.12277504 0.49648172
vt 0.116981134 0.5167604
vt 0.09573683 0.55442077
vt 0.03779781 0.6133254
vt 0.08801163 0.5862872
vt 0.10635898 0.5553864
vt 0.09863378 0.58725286
vt 0.07738947 0.61911935
vt 0.03779781 0.6133254
vt 0.008828299 0.6133254
vt 0.048419964 0.6799553
vt 0.08801163 0.62105066
vt 0.032969557 0.68092096
vt 0.008828299 0.68092096
vt 0.032969557 0.68092096
vt 0.048419964 0.6799553
vt 0.08801163 0.62105066
vt 0.10153073 0.5901498
vt 0.09187423 0.58918417
vt 0.087045975 0.62105066
vt 0.10153073 0.5901498
vt 0.087045975 0.62105066
vt 0.09187423 0.58918417
vt 0.2560348 0.83252805
vt 0.24541263 0.8334937
vt 0.2502409 0.83928764
vt 0.2560348 0.838322
vt 0.27438214 0.8296311
vt 0.283073 0.8267342
vt 0.28017604 0.82287157
vt 0.2695539 0.82769984
vt 0.1372598 0.44337094
vt 0.12663764 0.44337094
vt 0.12760329 0.4578557
vt 0.1372598 0.4578557
vt 0.24444698 0.84121895
vt 0.24927524 0.83928764
vt 0.24444698 0.8334937
vt 0.23768742 0.835425
vt 0.21740878 0.8402533
vt 0.20775227 0.8431502
vt 0.20968357 0.8479785
vt 0.21644312 0.84604716
vt 0.13532849 0.48006567
vt 0.125672 0.47813436
vt 0.11987809 0.4945504
vt 0.12953459 0.49648172
vt 0.19519882 0.8537724
vt 0.20388967 0.8499098
vt 0.20292401 0.8450815
vt 0.19326751 0.8489441
vt 0.15560715 0.8605319
vt 0.14595065 0.8634289
vt 0.1469163 0.86729145
vt 0.1546415 0.86632586
vt 0.12277504 0.5186917
vt 0.11311854 0.51772606
vt 0.10249638 0.5534551
vt 0.11311854 0.55442077
vt 0.13919109 0.34197766
vt 0.1314659 0.35935938
vt 0.13629414 0.41053885
vt 0.1469163 0.41150448
vt 0.11987809 0.876948
vt 0.12760329 0.87405103
vt 0.125672 0.8701884
vt 0.11794679 0.87405103
vt 0.13243154 0.82576853
vt 0.12374069 0.84411585
vt 0.12760329 0.84604716
vt 0.12760329 0.82576853
vt 0.13243154 0.8151464
vt 0.12663764 0.8151464
vt 0.09573683 0.87115407
vt 0.089942925 0.86439455
vt 0.08028642 0.8682571
vt 0.084149025 0.876948
vt 0.04938561 0.89239836
vt 0.12663764 0.78038293
vt 0.121809386 0.79776466
vt 0.12663764 0.79776466
vt 0.121809386 0.78038293
vt 0.121809386 0.79776466
vt 0.12663764 0.79776466
vt 0.8267342 0.7330661
vt 0.8315624 0.7282378
vt 0.79583335 0.71278745
vt 0.7929364 0.7185813
vt 0.087045975 0.7987303
vt 0.07449252 0.796799
vt 0.07545817 0.81707764
vt 0.087045975 0.8151464
vt 0.915574 0.8035585
vt 0.9117114 0.80742115
vt 0.94744045 0.84411585
vt 0.95130306 0.8402533
vt 0.12760329 0.84604716
vt 0.12374069 0.84411585
vt 0.10732463 0.8537724
vt 0.11022159 0.85763496
vt 0.98220384 0.7813486
vt 0.97641 0.7813486
vt 0.97641 0.80742115
vt 0.98220384 0.80742115
vt 0.08801163 0.85570365
vt 0.08028642 0.85570365
vt 0.08028642 0.86439455
vt 0.08801163 0.86246324
vt 0.95902824 0.7813486
vt 0.9522687 0.7736234
vt 0.9484061 0.777486
vt 0.9561313 0.7852112
vt 0.017519154 0.9387496
vt 0.00979395 0.9406809
vt 0.00979395 0.9580626
vt 0.017519154 0.95902824
vt 0.00979395 0.98413515
vt 0.017519154 0.98413515
vt 0.017519154 0.95902824
vt 0.00979395 0.9580626
vt 0.017519154 0.9387496
vt 0.00979395 0.9406809
vt 0.121809386 0.78038293
vt 0.07449252 0.796799
vt 0.121809386 0.79776466
vt 0.07449252 0.78038293
vt 0.07449252 0.796799
vt 0.121809386 0.79776466
vt 0.03779781 0.80935246
vt 0.07545817 0.81707764
vt 0.03779781 0.80935246
vt 0.07545817 0.81707764
vt 0.036832158 0.7832799
vt 0.04262606 0.8614976
vt 0.0059313485 0.8122494
vt 0.0059313485 0.7852112
vt 0.0059313485 0.88081056
vt 0.0059313485 0.8122494
vt 0.047454312 0.8788793
vt 0.04262606 0.8614976
vt 0.0059313485 0.88081056
vt 0.047454312 0.8788793
vt 0.08028642 0.86439455
vt 0.08028642 0.8682571
vt 0.089942925 0.86439455
vt 0.08028642 0.85570365
vt 0.12760329 0.82576853
vt 0.12663764 0.8151464
vt 0.12374069 0.84411585
vt 0.10732463 0.8537724
vt 0.08028642 0.86439455
vt 0.08028642 0.8682571
vt 0.089942925 0.86439455
vt 0.08028642 0.85570365
vt 0.12760329 0.82576853
vt 0.12663764 0.8151464
vt 0.12374069 0.84411585
vt 0.10732463 0.8537724
vt 0.04938561 0.89239836
vt 0.0059313485 0.88081056
vt 0.0059313485 0.9194366
vt 0.047454312 0.8788793
vt 0.08028642 0.8682571
vt 0.09573683 0.55442077
vt 0.10249638 0.5534551
vt 0.11311854 0.51772606
vt 0.10635898 0.51579475
vt 0.11215288 0.49551606
vt 0.11987809 0.4945504
vt 0.125672 0.47813436
vt 0.11794679 0.4694435
vt 0.12663764 0.44337094
vt 0.12374069 0.440474
vt 0.11987809 0.45882136
vt 0.12760329 0.4578557
vt 0.50131 0.39701974
vt 0.5911155 0.43178314
vt 0.6529171 0.401848
vt 0.50613827 0.4095732
vt 0.5032413 0.4230923
vt 0.50613827 0.47234046
vt 0.4829626 0.4443366
vt 0.48392826 0.48682523
vt 0.4385427 0.4713748
vt 0.48199695 0.49744737
vt 0.43564576 0.5051726
vt 0.34584028 0.50613827
vt 0.34390897 0.5244856
vt 0.321699 0.51579475
vt 0.2850043 0.5167604
vt 0.48682523 0.5100008
vt 0.43661138 0.53414214
vt 0.49261913 0.50420696
vt 0.49648172 0.49551606
vt 0.28403863 0.52351993
vt 0.22803092 0.5215887
vt 0.23865308 0.51579475
vt 0.22803092 0.52738255
vt 0.34390897 0.5331765
vt 0.28403863 0.5283482
vt 0.28403863 0.52351993
vt 0.22803092 0.5215887
vt 0.2850043 0.5167604
vt 0.23865308 0.51579475
vt 0.34390897 0.5244856
vt 0.321699 0.51579475
vt 0.34584028 0.50613827
vt 0.34390897 0.5331765
vt 0.34197766 0.542833
vt 0.43564576 0.54766124
vt 0.43564576 0.5051726
vt 0.4385427 0.4713748
vt 0.43661138 0.53414214
vt 0.43564576 0.54766124
vt 0.49068782 0.5322108
vt 0.4346801 0.5602147
vt 0.49068782 0.5418673
vt 0.50227565 0.5418673
vt 0.50227565 0.5553864
vt 0.5032413 0.520623
vt 0.49841303 0.52931386
vt 0.5051726 0.5186917
vt 0.5051726 0.520623
vt 0.51772606 0.5196574
vt 0.49068782 0.5553864
vt 0.49068782 0.5418673
vt 0.50227565 0.5418673
vt 0.49068782 0.5322108
vt 0.5167604 0.51772606
vt 0.52351993 0.51772606
vt 0.5080696 0.5148291
vt 0.5225543 0.5167604
vt 0.52738255 0.51386344
vt 0.48682523 0.5100008
vt 0.5264169 0.5128978
vt 0.50034434 0.49841303
vt 0.5032413 0.520623
vt 0.49841303 0.52931386
vt 0.48199695 0.49744737
vt 0.48392826 0.48682523
vt 0.4829626 0.4443366
vt 0.50613827 0.47234046
vt 0.5032413 0.4230923
vt 0.5911155 0.43178314
vt 0.50613827 0.4095732
vt 0.50131 0.39701974
vt 0.6529171 0.401848
vt 0.49261913 0.50420696
vt 0.5051726 0.5186917
vt 0.5051726 0.520623
vt 0.51772606 0.5196574
vt 0.5080696 0.5148291
vt 0.5167604 0.51772606
vt 0.52351993 0.51772606
vt 0.5225543 0.5167604
vt 0.5128978 0.50613827
vt 0.5167604 0.53414214
vt 0.50227565 0.5418673
vt 0.5090352 0.5418673
vt 0.5071039 0.54766124
vt 0.50227565 0.5553864
vt 0.5080696 0.5553864
vt 0.5071039 0.54766124
vt 0.50227565 0.5418673
vt 0.5090352 0.5418673
vt 0.5167604 0.53414214
vt 0.5602147 0.5244856
vt 0.57373375 0.5302795
vt 0.57083684 0.5244856
vt 0.55442077 0.5196574
vt 0.56890553 0.51386344
vt 0.5534551 0.51386344
vt 0.55442077 0.5196574
vt 0.57083684 0.5244856
vt 0.5602147 0.5244856
vt 0.57373375 0.5302795
vt 0.5515238 0.48779085
vt 0.55055815 0.48585957
vt 0.54766124 0.4887565
vt 0.55924904 0.48585957
vt 0.5582834 0.4829626
vt 0.5679399 0.48585957
vt 0.5679399 0.4829626
vt 0.5582834 0.4829626
vt 0.55924904 0.48585957
vt 0.55055815 0.48585957
vt 0.5515238 0.48779085
vt 0.54766124 0.4887565
vt 0.5380047 0.49648172
vt 0.54766124 0.4887565
vt 0.5437986 0.48682523
vt 0.5495925 0.49261913
vt 0.5515238 0.48779085
vt 0.5582834 0.49261913
vt 0.55924904 0.48585957
vt 0.5669742 0.4945504
vt 0.5679399 0.48585957
vt 0.55924904 0.48585957
vt 0.5582834 0.49261913
vt 0.5515238 0.48779085
vt 0.5495925 0.49261913
vt 0.54766124 0.4887565
vt 0.5380047 0.49648172
vt 0.5437986 0.48682523
vt 0.23865308 0.51579475
vt 0.22609963 0.51772606
vt 0.22803092 0.5215887
vt 0.23865308 0.5128978
vt 0.2850043 0.5167604
vt 0.23865308 0.51579475
vt 0.22803092 0.5215887
vt 0.2850043 0.5167604
vt 0.28403863 0.5109665
vt 0.321699 0.51579475
vt 0.321699 0.51579475
vt 0.31687075 0.50613827
vt 0.33618376 0.49937868
vt 0.34584028 0.50613827
vt 0.34584028 0.50613827
vt 0.4385427 0.4713748
vt 0.4385427 0.4713748
vt 0.42792055 0.4636496
vt 0.4829626 0.4443366
vt 0.4829626 0.4443366
vt 0.47040915 0.4385427
vt 0.5032413 0.4230923
vt 0.5032413 0.4230923
vt 0.49068782 0.42019534
vt 0.50613827 0.4095732
vt 0.50613827 0.4095732
vt 0.49261913 0.40860754
vt 0.50131 0.39701974
vt 0.50131 0.39701974
vt 0.48779085 0.3979854
vt 0.22513397 0.52545124
vt 0.22803092 0.52738255
vt 0.22803092 0.5215887
vt 0.22803092 0.5215887
vt 0.59594375 0.5283482
vt 0.58918417 0.5128978
vt 0.5930468 0.5312452
vt 0.5930468 0.5128978
vt 0.59594375 0.5283482
vt 0.5930468 0.5312452
vt 0.5930468 0.5128978
vt 0.59594375 0.5283482
vt 0.5988407 0.520623
vt 0.5988407 0.51193213
vt 0.5988407 0.520623
vt 0.59594375 0.5283482
vt 0.51772606 0.38156933
vt 0.48682523 0.3844663
vt 0.5167604 0.37674108
vt 0.5631116 0.37287846
vt 0.5631116 0.37577543
vt 0.56214595 0.36901587
vt 0.6084972 0.36805022
vt 0.6084972 0.36418763
vt 0.6084972 0.36998153
vt 0.63070714 0.36515328
vt 0.6384323 0.37094718
vt 0.63746667 0.37287846
vt 0.6471232 0.36901587
vt 0.6480889 0.36901587
vt 0.6336041 0.36225632
vt 0.63263845 0.35935938
vt 0.66933316 0.1372598
vt 0.79776466 0.14788194
vt 0.67126447 0.1527102
vt 0.5833903 0.1314659
vt 0.5949781 0.1720232
vt 0.58435595 0.15174454
vt 0.4481992 0.11311854
vt 0.4269549 0.1411224
vt 0.5988407 0.19423316
vt 0.3844663 0.124706335
vt 0.4037793 0.10056508
vt 0.5380047 0.20582096
vt 0.520623 0.21064922
vt 0.4694435 0.21064922
vt 0.4153671 0.21934007
vt 0.41826403 0.20678662
vt 0.37094718 0.20485532
vt 0.36805022 0.19713011
vt 0.32073337 0.19423316
vt 0.3178364 0.183611
vt 0.55055815 0.20002706
vt 0.28017604 0.20002706
vt 0.55924904 0.19326751
vt 0.55248946 0.19616446
vt 0.54766124 0.19326751
vt 0.5515238 0.18554232
vt 0.51386344 0.17878276
vt 0.5128978 0.19037056
vt 0.43950835 0.18457666
vt 0.38929453 0.15753844
vt 0.36611894 0.17685145
vt 0.2560348 0.18071406
vt 0.23285918 0.20968357
vt 0.31493947 0.14788194
vt 0.1565728 0.19423316
vt 0.17298886 0.24541263
vt 0.33618376 0.114084184
vt 0.32749292 0.06966427
vt 0.30721426 0.12953459
vt 0.23961873 0.16333236
vt 0.22899657 0.12663764
vt 0.3120425 0.09573683
vt 0.14498499 0.16140105
vt 0.23092787 0.07545817
vt 0.3062486 0.055179514
vt 0.13243154 0.10249638
vt 0.23768742 0.019450452
vt 0.3062486 0.016553503
vt 0.03779781 0.020416103
vt 0.04262606 0.08608033
vt 0.03779781 0.14595065
vt 0.012690901 0.19037056
vt 0.015587852 0.23382483
vt 0.023313053 0.27245083
vt 0.030072607 0.28017604
vt 0.08801163 0.32652727
vt 0.03779781 0.3313555
vt 0.030072607 0.28017604
vt 0.21258052 0.30721426
vt 0.21064922 0.25700045
vt 0.30721426 0.30914554
vt 0.341012 0.2676226
vt 0.9918604 0.9503374
vt 0.9445435 0.94261223
vt 0.9870321 0.91267705
vt 0.88563883 0.91074574
vt 0.81707764 0.915574
vt 0.8248029 0.9435778
vt 0.7649325 0.9175053
vt 0.7620356 0.9561313
vt 0.8219059 0.96095955
vt 0.70216525 0.9184709
vt 0.700234 0.9522687
vt 0.6760927 0.9542
vt 0.9831695 0.90591747
vt 0.9870321 0.91267705
vt 0.88563883 0.91074574
vt 0.89432967 0.9020549
vt 0.9039862 0.88274187
vt 0.816112 0.9020549
vt 0.81707764 0.915574
vt 0.9831695 0.8798449
vt 0.7649325 0.9175053
vt 0.9561313 0.8537724
vt 0.98606646 0.8537724
vt 0.9213679 0.8518411
vt 0.76300126 0.90302056
vt 0.7079592 0.88563883
vt 0.7601043 0.8837075
vt 0.8180433 0.88274187
vt 0.8199746 0.8586006
vt 0.71085614 0.87115407
vt 0.76300126 0.86439455
vt 0.70892483 0.83928764
vt 0.8248029 0.8373563
vt 0.9039862 0.82866544
vt 0.6027033 0.8586006
vt 0.77265775 0.8402533
vt 0.82094026 0.81900895
vt 0.8885358 0.79969597
vt 0.48682523 0.8614976
vt 0.8122494 0.78424555
vt 0.8750167 0.76879513
vt 0.77458906 0.79390204
vt 0.7755547 0.8180433
vt 0.7436882 0.8064555
vt 0.7465852 0.82576853
vt 0.71568435 0.8151464
vt 0.75237906 0.8402533
vt 0.69733703 0.8180433
vt 0.6046346 0.8431502
vt 0.48682523 0.8431502
vt 0.6065659 0.8045242
vt 0.33425248 0.86922276
vt 0.1894049 0.8653602
vt 0.48489392 0.8103181
vt 0.33618376 0.8499098
vt 0.48392826 0.7929364
vt 0.60560024 0.7910051
vt 0.38253498 0.80548984
vt 0.3352181 0.8219059
vt 0.30528295 0.81128377
vt 0.2985234 0.82094026
vt 0.27438214 0.8296311
vt 0.22513397 0.854738
vt 0.2560348 0.838322
vt 0.2695539 0.82769984
vt 0.2560348 0.83252805
vt 0.24444698 0.84121895
vt 0.21644312 0.84604716
vt 0.23768742 0.835425
vt 0.21740878 0.8402533
vt 0.19519882 0.8537724
vt 0.1546415 0.86632586
vt 0.15560715 0.8605319
vt 0.19326751 0.8489441
vt 0.11987809 0.876948
vt 0.08221772 0.89143276
vt 0.015587852 0.9300588
vt 0.084149025 0.8866045
vt 0.11794679 0.87405103
vt 0.7079592 0.27245083
vt 0.75720733 0.2521722
vt 0.7485165 0.2676226
vt 0.7852112 0.2521722
vt 0.8267342 0.25313783
vt 0.87405103 0.27631345
vt 0.8653602 0.25506914
vt 0.9213679 0.2618287
vt 0.9213679 0.2618287
vt 0.8682571 0.24348132
vt 0.9039862 0.24927524
vt 0.8653602 0.25506914
vt 0.8267342 0.24251568
vt 0.8267342 0.25313783
vt 0.79390204 0.24348132
vt 0.7852112 0.2521722
vt 0.75720733 0.2521722
vt 0.62877584 0.35163417
vt 0.6249132 0.34197766
vt 0.6480889 0.36901587
vt 0.6471232 0.36901587
vt 0.63263845 0.35935938
vt 0.6760927 0.9542
vt 0.700234 0.9522687
vt 0.7620356 0.9561313
vt 0.7620356 0.9686848
vt 0.8219059 0.96095955
vt 0.8248029 0.96289086
vt 0.8219059 0.96095955
vt 0.8248029 0.9435778
vt 0.82769984 0.9464748
vt 0.8248029 0.96289086
vt 0.9870321 0.95709693
vt 0.9445435 0.94261223
vt 0.9918604 0.9503374
vt 0.9445435 0.94937176
vt 0.82769984 0.9464748
vt 0.8248029 0.9435778
vt 0.36708456 0.30238602
vt 0.3255616 0.30528295
vt 0.36611894 0.2985234
vt 0.46751222 0.2927295
vt 0.46751222 0.2850043
vt 0.539936 0.29562646
vt 0.5418673 0.283073
vt 0.6258789 0.3139738
vt 0.5988407 0.29176384
vt 0.5331765 0.2753478
vt 0.52931386 0.2502409
vt 0.53414214 0.2502409
vt 0.5351078 0.2753478
vt 0.440474 0.5853216
vt 0.28790125 0.5418673
vt 0.4424053 0.578562
vt 0.3313555 0.57373375
vt 0.2811417 0.55248946
vt 0.2850043 0.5679399
vt 0.24927524 0.54862684
vt 0.23285918 0.55055815
vt 0.23672178 0.539936
vt 0.22706528 0.5534551
vt 0.21064922 0.5360734
vt 0.17298886 0.5466956
vt 0.17009191 0.5167604
vt 0.21161486 0.5322108
vt 0.164298 0.53414214
vt 0.13339719 0.53897035
vt 0.14015675 0.5244856
vt 0.8750167 0.76879513
vt 0.84218454 0.755276
vt 0.8614976 0.7485165
vt 0.8122494 0.78424555
vt 0.8103181 0.7620356
vt 0.7813486 0.7813486
vt 0.77458906 0.79390204
vt 0.7639669 0.7784516
vt 0.77458906 0.7678295
vt 0.7436882 0.8064555
vt 0.72920346 0.7890738
vt 0.71568435 0.8151464
vt 0.69733703 0.8180433
vt 0.7137531 0.78038293
vt 0.6104285 0.8199746
vt 0.6046346 0.8431502
vt 0.7427226 0.5418673
vt 0.7118218 0.5128978
vt 0.7253409 0.5466956
vt 0.7282378 0.50034434
vt 0.7011996 0.48392826
vt 0.7311348 0.46654657
vt 0.7601043 0.52931386
vt 0.7446539 0.49358478
vt 0.78038293 0.5631116
vt 0.7601043 0.57276815
vt 0.755276 0.45689005
vt 0.7398256 0.4076419
vt 0.78038293 0.5264169
vt 0.8103181 0.57759637
vt 0.7755547 0.60753155
vt 0.75913864 0.48779085
vt 0.83252805 0.55248946
vt 0.8122494 0.61718804
vt 0.78617686 0.6384323
vt 0.8238372 0.6954057
vt 0.8730854 0.61139417
vt 0.8653602 0.5795277
vt 0.94937176 0.5862872
vt 0.8866045 0.66547054
vt 0.87115407 0.7349974
vt 0.9175053 0.7330661
vt 0.96095955 0.70602787
vt 0.9532344 0.6490545
vt 0.98606646 0.63746667
vt 0.99282604 0.5795277
vt 0.9879978 0.5466956
vt 0.9638565 0.5225543
vt 0.9899291 0.49744737
vt 0.9329557 0.5553864
vt 0.8904671 0.5466956
vt 0.97447866 0.4887565
vt 0.97930694 0.45109615
vt 0.9522687 0.46075267
vt 0.9648222 0.41150448
vt 0.93778396 0.5128978
vt 0.93971527 0.41440144
vt 0.9406809 0.36418763
vt 0.934887 0.45882136
vt 0.9213679 0.50227565
vt 0.8837075 0.5302795
vt 0.8373563 0.53414214
vt 0.796799 0.51193213
vt 0.78038293 0.4694435
vt 0.9175053 0.41633275
vt 0.79197073 0.42598924
vt 0.9184709 0.38543192
vt 0.876948 0.39315712
vt 0.77265775 0.4134358
vt 0.90591747 0.34487462
vt 0.91074574 0.3197677
vt 0.8817762 0.37287846
vt 0.8450815 0.39122584
vt 0.8045242 0.3844663
vt 0.81418073 0.40281364
vt 0.7620356 0.37674108
vt 0.74948215 0.3545311
vt 0.8402533 0.37191284
vt 0.8682571 0.33908072
vt 0.7948677 0.35549676
vt 0.83059675 0.3429433
vt 0.86729145 0.3120425
vt 0.86922276 0.2927295
vt 0.82094026 0.29755774
vt 0.8248029 0.3159051
vt 0.78424555 0.33038986
vt 0.76879513 0.31493947
vt 0.68574923 0.36708456
vt 0.67705834 0.35549676
vt 0.6867149 0.34970286
vt 0.7118218 0.35259983
vt 0.7349974 0.3352181
vt 0.71761566 0.35549676
vt 0.74755085 0.31493947
vt 0.6731958 0.33038986
vt 0.74561954 0.30238602
vt 0.69733703 0.30142036
vt 0.7349974 0.2965921
vt 0.6471232 0.34197766
vt 0.63263845 0.32459596
vt 0.72244394 0.36225632
vt 0.71761566 0.35549676
vt 0.7349974 0.3352181
vt 0.7436882 0.341012
vt 0.75431037 0.32749292
vt 0.74755085 0.31493947
vt 0.2888669 0.47234046
vt 0.2869356 0.4829626
vt 0.27824473 0.46654657
vt 0.27438214 0.48199695
vt 0.27824473 0.49165347
vt 0.26279435 0.459787
vt 0.24348132 0.4771687
vt 0.24541263 0.50227565
vt 0.18650796 0.5080696
vt 0.23479047 0.4559244
vt 0.18264537 0.47910002
vt 0.18264537 0.46171832
vt 0.65581405 0.4346801
vt 0.61718804 0.48489392
vt 0.6046346 0.46654657
vt 0.6596767 0.4462679
vt 0.6847836 0.42212665
vt 0.66547054 0.45302746
vt 0.6355354 0.50227565
vt 0.6664362 0.48392826
vt 0.6432606 0.520623
vt 0.66740185 0.5090352
vt 0.63746667 0.37287846
vt 0.6471232 0.37674108
vt 0.6133254 0.38832888
vt 0.6084972 0.36998153
vt 0.581459 0.38929453
vt 0.5631116 0.37577543
vt 0.5495925 0.38832888
vt 0.5186917 0.38639757
vt 0.51772606 0.38156933
vt 0.48682523 0.3844663
vt 0.6847836 0.42212665
vt 0.6867149 0.5090352
vt 0.6664362 0.48392826
vt 0.66740185 0.5090352
vt 0.6847836 0.5322108
vt 0.7079592 0.27245083
vt 0.7485165 0.2676226
vt 0.7349974 0.2850043
vt 0.87405103 0.27631345
vt 0.94937176 0.2753478
vt 0.94550914 0.3197677
vt 0.9406809 0.31880206
vt 0.9532344 0.27631345
vt 0.9619252 0.23189352
vt 0.95709693 0.23092787
vt 0.9754443 0.19423316
vt 0.97254735 0.19326751
vt 0.98123825 0.1739545
vt 0.9802726 0.1739545
vt 0.92812747 0.74561954
vt 0.9464748 0.73596305
vt 0.9561313 0.77072644
vt 0.9522687 0.7736234
vt 0.95902824 0.7813486
vt 0.9464748 0.78038293
vt 0.90591747 0.758173
vt 0.97061604 0.81707764
vt 0.9638565 0.7987303
vt 0.95902824 0.8334937
vt 0.915574 0.8035585
vt 0.95130306 0.8402533
vt 0.30528295 0.81128377
vt 0.2985234 0.82094026
vt 0.2888669 0.8199746
vt 0.2946608 0.8103181
vt 0.2560348 0.83252805
vt 0.2560348 0.838322
vt 0.2502409 0.83928764
vt 0.24541263 0.8334937
vt 0.27438214 0.8296311
vt 0.2695539 0.82769984
vt 0.28017604 0.82287157
vt 0.283073 0.8267342
vt 0.1372598 0.44337094
vt 0.1372598 0.4578557
vt 0.12760329 0.4578557
vt 0.12663764 0.44337094
vt 0.24444698 0.84121895
vt 0.23768742 0.835425
vt 0.24444698 0.8334937
vt 0.24927524 0.83928764
vt 0.21740878 0.8402533
vt 0.21644312 0.84604716
vt 0.20968357 0.8479785
vt 0.20775227 0.8431502
vt 0.13532849 0.48006567
vt 0.12953459 0.49648172
vt 0.11987809 0.4945504
vt 0.125672 0.47813436
vt 0.19519882 0.8537724
vt 0.19326751 0.8489441
vt 0.20292401 0.8450815
vt 0.20388967 0.8499098
vt 0.15560715 0.8605319
vt 0.1546415 0.86632586
vt 0.1469163 0.86729145
vt 0.14595065 0.8634289
vt 0.12277504 0.5186917
vt 0.11311854 0.55442077
vt 0.10249638 0.5534551
vt 0.11311854 0.51772606
vt 0.13919109 0.34197766
vt 0.1469163 0.41150448
vt 0.13629414 0.41053885
vt 0.1314659 0.35935938
vt 0.11987809 0.876948
vt 0.11794679 0.87405103
vt 0.125672 0.8701884
vt 0.12760329 0.87405103
vt 0.13243154 0.82576853
vt 0.12760329 0.84604716
vt 0.12374069 0.84411585
vt 0.12760329 0.82576853
vt 0.13243154 0.8151464
vt 0.12663764 0.8151464
vt 0.09573683 0.87115407
vt 0.08028642 0.8682571
vt 0.089942925 0.86439455
vt 0.084149025 0.876948
vt 0.04938561 0.89239836
vt 0.8267342 0.7330661
vt 0.7929364 0.7185813
vt 0.79583335 0.71278745
vt 0.8315624 0.7282378
vt 0.087045975 0.7987303
vt 0.087045975 0.8151464
vt 0.07545817 0.81707764
vt 0.07449252 0.796799
vt 0.915574 0.8035585
vt 0.95130306 0.8402533
vt 0.94744045 0.84411585
vt 0.9117114 0.80742115
vt 0.12760329 0.84604716
vt 0.11022159 0.85763496
vt 0.10732463 0.8537724
vt 0.12374069 0.84411585
vt 0.98220384 0.7813486
vt 0.98220384 0.80742115
vt 0.97641 0.80742115
vt 0.97641 0.7813486
vt 0.08801163 0.85570365
vt 0.08801163 0.86246324
vt 0.08028642 0.86439455
vt 0.08028642 0.85570365
vt 0.95902824 0.7813486
vt 0.9561313 0.7852112
vt 0.9484061 0.777486
vt 0.9522687 0.7736234
vt 0.04938561 0.89239836
vt 0.0059313485 0.9194366
vt 0.0059313485 0.88081056
vt 0.047454312 0.8788793
vt 0.08028642 0.8682571
vt 0.11311854 0.51772606
vt 0.10249638 0.5534551
vt 0.09573683 0.55442077
vt 0.10635898 0.51579475
vt 0.125672 0.47813436
vt 0.11987809 0.4945504
vt 0.11215288 0.49551606
vt 0.11794679 0.4694435
vt 0.11987809 0.45882136
vt 0.12374069 0.440474
vt 0.12663764 0.44337094
vt 0.12760329 0.4578557
vt 0.5746994 0.5331765
vt 0.57373375 0.5302795
vt 0.5853216 0.52738255
vt 0.5882185 0.5322108
vt 0.5853216 0.51193213
vt 0.58918417 0.5128978
vt 0.5882185 0.5322108
vt 0.581459 0.5225543
vt 0.57083684 0.5244856
vt 0.56890553 0.51386344
vt 0.58049333 0.51193213
vt 0.581459 0.5225543
vt 0.57083684 0.5244856
vt 0.57373375 0.5302795
vt 0.5853216 0.52738255
vt 0.5746994 0.5331765
vt 0.48199695 0.49744737
vt 0.48392826 0.48682523
vt 0.49744737 0.49358478
vt 0.49648172 0.49551606
vt 0.48199695 0.49744737
vt 0.48392826 0.48682523
vt 0.50613827 0.47234046
vt 0.50613827 0.47234046
vt 0.51386344 0.4810313
vt 0.5911155 0.43178314
vt 0.5911155 0.43178314
vt 0.5988407 0.4424053
vt 0.6529171 0.401848
vt 0.6529171 0.401848
vt 0.67416143 0.4076419
vt 0.9783413 0.36998153
vt 0.9899291 0.37577543
vt 0.9715817 0.40571058
vt 0.9889634 0.3371494
vt 0.9870321 0.41150448
vt 0.9937917 0.37577543
vt 0.9918604 0.32845855
vt 0.99282604 0.41053885
vt 0.9937917 0.32749292
vt 0.9870321 0.41150448
vt 0.9918604 0.32845855
vt 0.9899291 0.37577543
vt 0.9715817 0.40571058
vt 0.9889634 0.3371494
vt 0.9783413 0.36998153
vt 0.9175053 0.41633275
vt 0.876948 0.39315712
vt 0.85763496 0.46461526
vt 0.934887 0.45882136
vt 0.8450815 0.39122584
vt 0.9213679 0.50227565
vt 0.81418073 0.40281364
vt 0.8837075 0.5302795
vt 0.79197073 0.42598924
vt 0.8373563 0.53414214
vt 0.78038293 0.4694435
vt 0.796799 0.51193213
vt 0.85763496 0.46461526
vt 0.81418073 0.40281364
vt 0.8450815 0.39122584
vt 0.79197073 0.42598924
vt 0.876948 0.39315712
vt 0.78038293 0.4694435
vt 0.9175053 0.41633275
vt 0.796799 0.51193213
vt 0.934887 0.45882136
vt 0.8373563 0.53414214
vt 0.9213679 0.50227565
vt 0.8837075 0.5302795
vn 0.96862006 -0.22352773 0.10867614
vn 0.96862006 -0.22352773 0.10867614
vn 0.96862006 -0.22352773 0.10867614
vn 0.121567726 -0.29411542 -0.94800705
vn 0.121567726 -0.29411542 -0.94800705
vn 0.121567726 -0.29411542 -0.94800705
vn 0.9529339 -0.1999985 0.2278543
vn 0.9529339 -0.1999985 0.2278543
vn 0.9529339 -0.1999985 0.2278543
vn 0.998703 0.05091424 -0
vn 0.998703 0.05091424 -0
vn 0.998703 0.05091424 -0
vn -0.019607663 -0.52156466 0.85298645
vn -0.019607663 -0.52156466 0.85298645
vn -0.003921509 -0.52156466 0.85320276
vn 0.019607723 -0.52156466 0.85298645
vn 0.019607723 -0.52156466 0.85298645
vn -0.96861994 -0.22352773 0.10867724
vn -0.96861994 -0.22352773 0.10867724
vn -0.96861994 -0.22352773 0.10867724
vn -0.12156761 -0.29411542 -0.9480071
vn -0.12156761 -0.29411542 -0.9480071
vn -0.12156761 -0.29411542 -0.9480071
vn -0.9529338 -0.1999985 0.22785482
vn -0.9529338 -0.1999985 0.22785482
vn -0.9529338 -0.1999985 0.22785482
vn -0.998703 0.050914247 -0
vn -0.998703 0.050914247 -0
vn -0.998703 0.050914247 -0
vn -0.99214923 -0.098038495 0.077642485
vn -0.99214923 -0.121567726 0.029346028
vn -0.99214923 -0.10588157 0.06655069
vn -0.8980323 -0.42744774 0.104049884
vn -0.99214923 -0.066666186 0.10580889
vn -0.66274 -0.7411708 0.10696508
vn -0.88234615 -0.42744774 0.19685964
vn -0.64705384 -0.7411708 0.17884964
vn -0.9764631 -0.07450926 0.20240614
vn -0.48234916 -0.8431308 0.2376335
vn -0.7019553 -0.5764662 0.41826487
vn -0.8901892 -0.09019542 0.44657364
vn -0.7019553 -0.4745062 0.53113335
vn -0.82744455 -0.098038495 0.5529231
vn 0.27842927 -0.93724775 0.20986609
vn 0.5686231 -0.80391544 0.17432068
vn -0.88234615 0.21568453 0.41826484
vn -0.8980323 0.18431222 0.39945832
vn -0.9215615 0.23137069 0.31175634
vn -0.91371846 0.23137069 0.33404517
vn -0.62352455 0.30195844 0.72113675
vn -0.9294046 0.33333075 0.1584224
vn -0.9294046 0.33333075 0.1584224
vn -0.91371846 0.39607537 0.09079028
vn -0.5294076 0.3176446 0.78665715
vn -0.003921509 0.33333075 0.94280183
vn -0.003921509 0.33333075 0.94280183
vn 0.52940774 0.3176446 0.7866571
vn 0.62352467 0.30195844 0.7211367
vn 0.8823462 0.21568453 0.4182647
vn 0.9137185 0.23137069 0.334045
vn 0.9215616 0.23137069 0.31175604
vn 0.89803237 0.18431222 0.39945826
vn 0.9294047 0.33333075 0.15842201
vn 0.9294047 0.33333075 0.15842201
vn 0.9137185 0.39607537 0.09078962
vn -0.874503 0.42744768 0.22920066
vn -0.9529338 0.20784152 0.22072409
vn -0.9450908 0.25489998 0.2045224
vn -0.88234615 0.42744768 0.19685979
vn -0.93724763 0.2862723 0.19903536
vn -0.85097384 0.48234916 0.2078047
vn -0.7490138 0.62352455 0.22404356
vn -0.93724763 0.27842915 0.20986687
vn -0.6941123 0.6941123 0.19083045
vn -0.8980323 0.41176152 0.15488832
vn -0.96861994 0.074509144 0.23711553
vn -0.88234615 0.41960454 0.21306649
vn -0.9529338 0.22352767 0.20482333
vn -0.67842615 0.70979846 0.18953648
vn -0.79607224 0.5450938 0.26294824
vn -0.8117584 0.5607799 0.16301584
vn -0.76469994 0.34117377 0.54665756
vn -0.9529338 -0.3019585 0.027171273
vn -0.3176446 0.7803861 0.5386088
vn 0.2705862 0.8117584 0.5175243
vn -0.6078384 0.7568569 0.24020845
vn -0.7882292 0.56862307 0.23529242
vn -0.5999954 0.7725431 0.2078047
vn -0.79607224 0.5450938 0.26294824
vn -0.003921509 0.9843061 0.17642602
vn -0.4039184 0.8980323 0.17432119
vn -0.003921509 0.9843061 0.17642602
vn -0.6156815 0.7490138 0.24477468
vn -0.8117584 0.51372147 0.27773827
vn -0.003921509 0.8980323 0.439912
vn -0.003921509 0.88234615 0.47058466
vn 0.8117585 0.51372147 0.27773795
vn -0.003921509 0.9764631 0.21564901
vn 0.6156816 0.7490138 0.24477445
vn 0.79607236 0.5450938 0.2629479
vn 0.59999543 0.7725431 0.20780441
vn 0.7882293 0.56862307 0.23529217
vn 0.6078385 0.7568569 0.2402082
vn 0.79607236 0.5450938 0.2629479
vn 0.6784262 0.70979846 0.18953632
vn 0.87450314 0.42744768 0.22920027
vn 0.4039185 0.8980323 0.17432085
vn 0.69411236 0.6941123 0.19083014
vn 0.4745062 0.86666 0.154092
vn 0.48234928 0.85097384 0.20780441
vn 0.21568465 0.9607769 0.17432103
vn 0.24705696 0.9529338 0.17572732
vn -0.003921509 0.9843061 0.17642602
vn 0.36470312 0.9215615 0.13310166
vn -0.21568453 0.9607769 0.17432119
vn 0.3333308 0.93724763 0.10226171
vn 0.2705862 0.9529338 0.13674904
vn 0.21568465 0.9607769 0.17432103
vn -0.24705684 0.9529338 0.1757275
vn -0.36470306 0.9215615 0.13310188
vn 0.25490004 0.9607769 0.1092414
vn 0.41176158 0.8980323 0.15488814
vn -0.47450614 0.86666 0.1540922
vn -0.33333075 0.93724763 0.102262
vn -0.27058613 0.9529338 0.13674927
vn -0.48234916 0.85097384 0.2078047
vn -0.21568453 0.9607769 0.17432119
vn -0.25489998 0.9607769 0.1092414
vn -0.41176152 0.8980323 0.15488832
vn 0.1999985 0.9764631 0.0807493
vn 0.15294003 0.9843061 -0.08803902
vn 0.11372465 0.9843061 0.13493778
vn -0.6941123 0.68626916 0.21735407
vn -0.19999838 0.9764631 0.080749676
vn -0.15293992 0.9843061 -0.08803935
vn -0.11372459 0.9843061 0.134938
vn 0.21568465 0.9607769 0.17432103
vn 0.05098003 0.99214923 0.11419702
vn 0.28627235 0.9450908 0.15764378
vn 0.5372508 0.8352877 0.116858974
vn -0.5843092 0.7882292 0.19307372
vn -0.45097685 0.874503 0.17850587
vn -0.62352455 0.7333276 0.27101237
vn -0.6392107 0.7568569 0.1362985
vn -0.21568453 0.9607769 0.17432119
vn -0.050979972 0.99214923 0.11419702
vn -0.2862723 0.9450908 0.15764397
vn -0.53725076 0.8352877 0.11685949
vn -0.7176415 0.68626916 0.118428715
vn -0.4980353 0.85881686 0.11997668
vn -0.5450938 0.82744455 0.134938
vn -0.5294076 0.8431307 0.09411803
vn -0.5607799 0.8117584 0.16301593
vn -0.5999954 0.7803861 0.17607702
vn -0.19999838 0.9607769 0.19211541
vn 0.098038495 0.9529338 0.28688964
vn 0.0039215684 0.9607769 0.27729464
vn -0.05882299 0.9843061 0.16637713
vn -0.27842915 0.9529338 0.11997668
vn -0.23921382 0.96861994 0.06746945
vn -0.5842015 0.81160873 -0
vn -0.011763804 0.99993086 -0
vn -0.27058613 0.9607769 0.060752273
vn -0.5215646 0.8352877 0.17396797
vn -0.65489686 0.7490138 0.100441545
vn 0.14509696 0.9529338 0.26620308
vn -0.7254846 0.66274 0.18560116
vn -0.9450908 0.30980146 0.10405035
vn -0.9764631 0.011764526 0.21536358
vn -0.8039154 0.23921382 0.5445152
vn -0.51372147 0.8039154 0.2996837
vn -0.30195844 0.8352877 0.45947316
vn -0.8039154 0.41176152 0.42915326
vn -0.38823223 0.8431307 0.37203002
vn 0.26274312 0.7803861 0.5674184
vn -0.88234615 0.41960454 0.21306649
vn -0.85881686 0.47450614 0.19307384
vn -0.9529338 0.19215536 0.234507
vn -0.9607769 0.13725376 0.2409753
vn -0.8901892 0.3803892 0.25073346
vn -0.86666 0.37254608 0.33182812
vn -0.9450908 0.11372459 0.30638233
vn -0.9450908 -0.20784158 0.2522009
vn -0.9607769 -0.20784158 0.18360168
vn -0.9607769 -0.20784158 0.18360168
vn -0.9529338 -0.22352773 0.20482327
vn -0.9529338 -0.22352773 0.20482327
vn -0.88234615 -0.38823235 0.2659717
vn -0.874503 -0.4039185 0.26850381
vn -0.5529369 -0.7803862 0.29198995
vn -0.70979846 -0.6470539 0.27840146
vn -0.13725376 -0.960777 0.24097508
vn -0.003921509 -0.96862006 0.24851513
vn -0.003921509 -0.96862006 0.24851513
vn 0.552937 -0.7803862 0.29198983
vn 0.13725388 -0.960777 0.24097496
vn 0.7097985 -0.6470539 0.27840135
vn 0.8823462 -0.38823235 0.26597145
vn 0.87450314 -0.4039185 0.26850346
vn 0.9529339 -0.22352773 0.20482269
vn 0.9529339 -0.22352773 0.20482269
vn 0.960777 -0.20784158 0.18360135
vn 0.960777 -0.20784158 0.18360135
vn 0.94509083 -0.20784158 0.25220066
vn -0.07430375 0.99723566 -0
vn -0.10588145 0.99214923 0.06655105
vn -0.10588145 0.99214923 0.06655105
vn -0.1450969 0.9843061 0.10044095
vn -0.15293992 0.9843061 0.08803935
vn -0.11372459 0.99214923 0.052025445
vn -0.10588145 0.99214923 0.06655105
vn -0.10588145 0.99214923 0.06655105
vn -0.10588145 0.99214923 0.06655105
vn -0.10588145 0.99214923 0.06655105
vn -0.098038435 0.99214923 0.07764248
vn -0.0901953 0.99214923 -0.08662968
vn -0.098038435 0.99214923 -0.07764248
vn -0.11372459 0.96861994 -0.22100256
vn -0.11372459 0.96861994 -0.22100256
vn -0.11372459 0.9843061 -0.134938
vn -0.1450969 0.9607769 -0.2363357
vn -0.15293992 0.96861994 -0.19592038
vn -0.1764692 0.9764631 -0.12400998
vn -0.23921382 0.96861994 0.06746945
vn -0.5607799 0.82744455 -0.029349724
vn -0.5842015 0.81160873 -0
vn -0.22314367 0.97478557 -0
vn -0.03527213 0.9993777 -0
vn -0.35685992 0.9294046 -0.09411708
vn -0.5294076 0.8431307 -0.09411803
vn -0.011763804 0.99993086 -0
vn -0.44313383 0.86666 -0.22920047
vn -0.07430375 0.99723566 -0
vn -0.27058613 0.9607769 0.060752273
vn -0.3176446 0.93724763 -0.1437665
vn -0.3254876 0.9215615 -0.2116181
vn -0.2862723 0.9450908 -0.15764397
vn -0.39607537 0.9058753 -0.15004721
vn -0.19999838 0.9764631 -0.080749676
vn -0.22352767 0.9450908 -0.23840891
vn -0.27058613 0.9450908 -0.18326637
vn -0.4039184 0.88234615 -0.24148545
vn -0.66274 0.7333276 -0.15167814
vn -0.6155679 0.7880838 -0
vn -0.39607537 0.88234615 -0.25414476
vn -0.7254846 0.62352455 -0.29135758
vn -0.7019553 0.67842615 -0.21678732
vn -0.8901892 0.42744768 -0.15764426
vn -0.88234615 0.45882 -0.104639895
vn -0.48234916 0.874503 -0.050830524
vn -0.9764631 0.1450969 -0.1595831
vn -0.9843061 0.11372459 -0.1349379
vn -0.96861994 0.19215536 -0.15764423
vn -0.9058753 0.3803892 -0.1862631
vn -0.93724763 0.262743 -0.22920081
vn -0.86666 0.4352907 -0.24376726
vn -0.86666 0.3254876 -0.37809825
vn -0.670583 0.68626916 -0.28169677
vn -0.874503 0.4039184 -0.268504
vn -0.9294046 0.36470306 -0.056557298
vn -0.7490138 0.65489686 -0.100441396
vn -0.62352455 0.7803861 -0.04706028
vn -0.93724763 0.34117377 -0.07188428
vn -0.9510053 -0.30917463 -0
vn -0.5607799 0.82744455 -0.029349724
vn -0.6941123 0.7176415 -0.056558482
vn -0.34897402 0.9371324 -0
vn -0.16862607 0.9843061 -0.052026592
vn -0.11372459 0.9843061 -0.134938
vn -0.003921509 0.9843061 -0.17642602
vn -0.011764526 0.9843061 -0.17607702
vn -0.003921509 0.9843061 -0.17642602
vn 0.0039215684 0.99999225 -0.00034526698
vn -0.003921509 0.99999225 -0.00034526698
vn -0.003921509 0.99999225 -0.00034526698
vn -0.027440555 0.9996234 -0
vn -0.003921509 0.99999225 -0.00034526698
vn -0.03527213 0.9993777 -0
vn 0.027440675 0.9996234 -0
vn 0.03527219 0.9993777 -0
vn 0.0039215684 0.99999225 -0.00034526698
vn -0.003921509 0.99999225 -0.00034526698
vn 0.011764646 0.9843061 -0.17607702
vn 0.11372465 0.9843061 -0.13493778
vn 0.16862619 0.9843061 -0.05202602
vn 0.28627235 0.9450908 -0.15764378
vn -0.003921509 0.99999225 -0.00034526698
vn -0.003921509 0.99999225 -0.00034526698
vn -0.2305637 0.97305727 -0
vn -0.45097685 0.8901892 -0.06467699
vn -0.82744455 0.5529369 -0.09796064
vn -0.4425082 0.8967644 -0
vn -0.8980323 0.41960454 -0.13217407
vn 0.23056379 0.97305715 -0
vn -0.003921509 0.99999225 -0.00034526698
vn -0.23921382 0.96861994 -0.06746945
vn 0.34897408 0.9371324 -0
vn -0.21568453 0.9607769 -0.17432119
vn -0.003921509 0.9843061 -0.17642602
vn -0.37254608 0.9215615 -0.10924195
vn 0.23921388 0.96861994 -0.06746945
vn -0.1450969 0.96861994 -0.20179754
vn -0.003921509 0.9764631 -0.21564901
vn -0.7490138 0.51372147 -0.41841203
vn 0.21568465 0.9607769 -0.17432103
vn 0.14509696 0.96861994 -0.20179754
vn 0.44250825 0.8967644 -0
vn 0.3725462 0.9215615 -0.10924168
vn 0.8274447 0.5529369 -0.097959734
vn 0.7490139 0.51372147 -0.4184118
vn 0.45097697 0.8901892 -0.064676076
vn -0.7803861 0.5764661 -0.2422486
vn 0.7803862 0.5764661 -0.24224822
vn 0.56078005 0.82744455 -0.029347694
vn -0.93724763 -0.18431234 -0.29596597
vn -0.3254876 -0.90587544 -0.27101192
vn -0.9294046 -0.24705696 -0.27417132
vn -0.96861994 0.050979972 -0.24326207
vn -0.96861994 0.050979972 -0.24326207
vn -0.9294046 -0.2705862 -0.2509784
vn 0.48234928 0.874503 -0.05082935
vn -0.9058753 -0.32548773 -0.27101225
vn -0.9764631 -0.0274508 -0.21393067
vn -0.9764631 -0.0274508 -0.21393067
vn -0.9058753 -0.32548773 -0.27101225
vn -0.9607769 0.22352767 -0.16414346
vn -0.9529338 0.30195844 -0.027171958
vn -0.9529338 -0.29411542 -0.07357534
vn -0.8116087 -0.5842015 -0
vn -0.7882292 -0.6078385 -0.09605762
vn -0.91371846 -0.39607543 -0.09079003
vn -0.9450908 -0.31764466 -0.07684591
vn -0.9450908 -0.25490004 -0.20452233
vn -0.65489686 -0.7176416 -0.23685579
vn -0.8980323 -0.38823235 -0.20691447
vn -0.91371846 -0.36470312 -0.17919323
vn -0.82744455 -0.5137216 -0.2267722
vn -0.7568569 -0.6156816 -0.21932574
vn -0.8980323 -0.39607543 -0.19147377
vn -0.9843061 0.098038435 -0.14673099
vn -0.9843061 0.098038435 -0.14673099
vn -0.6392107 0.76469994 0.08150897
vn -0.6155679 0.7880838 -0
vn -0.63748765 0.77046067 -0
vn -0.59215224 0.8039154 0.055460237
vn -0.4039184 0.91371846 0.044367816
vn -0.36470306 0.9215615 0.13310188
vn -0.35685992 0.9294046 0.09411708
vn -0.36470306 0.9215615 0.13310188
vn -0.20784152 0.9764631 0.05763477
vn -0.34117377 0.9294046 0.14073919
vn -0.16862607 0.9843061 0.052026592
vn -0.33333075 0.9215615 0.19903526
vn -0.003921509 0.99214923 0.12499809
vn -0.003921509 0.99214923 0.12499809
vn 0.16862619 0.9843061 0.05202602
vn 0.3333308 0.9215615 0.19903511
vn 0.3411739 0.9294046 0.14073876
vn 0.20784158 0.9764631 0.05763477
vn -0.9294046 -0.22352773 0.29367056
vn -0.9294046 -0.22352773 0.29367056
vn -0.9450908 -0.21568465 0.24552709
vn -0.9529338 -0.20784158 0.22072403
vn -0.9607769 -0.21568465 0.17432104
vn -0.96861994 -0.21568465 0.12351323
vn -0.96861994 -0.2313708 0.09079061
vn -0.9529338 -0.28627235 0.09982665
vn -0.9529338 -0.3019585 0.027171273
vn 0.96862006 0.21568453 0.12351246
vn 0.94509083 0.30195844 0.124997586
vn 0.94509083 0.30195844 0.124997586
vn 0.960777 0.262743 0.08873382
vn 0.9843062 -0.14509696 0.1004398
vn -0.011763804 0.99993086 -0
vn -0.011763804 0.99993086 -0
vn -0.011763804 0.99993086 -0
vn -0.011763804 0.99993086 -0
vn -0.003921509 0.99999225 -0.00034526698
vn -0.003921509 0.99999225 -0.00034526698
vn -0.011763804 0.99993086 -0
vn 0.011763923 0.99993086 -0
vn -0.003921509 0.99999225 -0.00034526698
vn -0.003921509 0.99999225 -0.00034526698
vn -0.003921509 0.99999225 -0.00034526698
vn 0.011763923 0.99993086 -0
vn -0.003921509 0.99999225 -0.00034526698
vn -0.011763804 0.99993086 -0
vn 0.0039215684 0.99999225 -0.00034526698
vn 0.011763923 0.99993086 -0
vn 0.011763923 0.99993086 -0
vn 0.011763923 0.99993086 -0
vn 0.011763923 0.99993086 -0
vn -0.003921509 0.21568453 0.9764552
vn -0.003921509 0.21568453 0.9764552
vn -0.003921509 0.21568453 0.9764552
vn -0.003921509 0.21568453 0.9764552
vn 0.0039215684 0.21568453 0.9764552
vn 0.0039215684 0.21568453 0.9764552
vn -0.9905662 0.13703476 -0
vn -0.99214923 0.11372459 -0.052025177
vn -0.9905662 0.13703476 -0
vn -0.99214923 0.11372459 -0.052025177
vn -0.99993086 0.011763804 -0
vn -0.99999225 0.003921509 -0.00034492963
vn -0.1450969 0.466663 -0.872452
vn -0.1450969 0.466663 -0.872452
vn -0.1450969 0.466663 -0.872452
vn -0.1450969 0.466663 -0.872452
vn -0.9843061 0.019607663 0.1753769
vn -0.96861994 0.02745068 0.247026
vn -0.9996234 0.027440555 -0
vn -0.9996234 0.027440555 -0
vn -0.9990709 0.04309709 -0
vn -0.9990709 0.04309709 -0
vn -0.99999225 0.003921509 -0.00034492963
vn -0.99999225 0.003921509 -0.00034492963
vn -0.99999225 0.003921509 -0.00034492963
vn -0.99214923 -0.09019542 0.0866296
vn -0.99214923 -0.09019542 0.0866296
vn -0.9215615 -0.3333308 0.19903512
vn -0.9215615 -0.3411739 0.1852695
vn -0.8431307 -0.48234928 0.23763375
vn -0.8431307 -0.48234928 0.23763375
vn -0.050979972 -0.59999543 -0.79837745
vn -0.050979972 -0.59999543 -0.79837745
vn -0.050979972 -0.59999543 -0.79837745
vn -0.050979972 -0.59999543 -0.79837745
vn -0.12933916 0.9916004 -0
vn -0.21568453 0.9764631 -0.00024414062
vn -0.21568453 0.9764631 -0.00024414062
vn -0.18405202 0.98291653 -0
vn -0.050914247 0.998703 -0
vn -0.003921509 0.99999225 -0.00034526698
vn 0.058722056 0.9982743 -0
vn 0.019604107 0.9998079 -0
vn -0.003921509 0.99999225 -0.00034526698
vn 0.0039215684 0.99999225 -0.00034526698
vn -0.003921509 0.99999225 -0.00034526698
vn 0.011763923 0.99993086 -0
vn -0.003921509 0.99999225 -0.00034526698
vn -0.003921509 0.99999225 -0.00034526698
vn 0.027440675 0.9996234 -0
vn 0.058722056 0.9982743 -0
vn 0.058722056 0.9982743 -0
vn 0.0039215684 -0.9999924 -0
vn -0.003921509 -0.9999924 -0
vn 0.0039215684 -0.9999924 -0
vn 0.0039215684 -0.9999924 -0
vn 0.0039215684 -0.9999924 -0
vn 0.0039215684 -0.9999924 -0
vn 0.0039215684 -0.9999924 -0
vn 0.0039215684 -0.9999924 -0
vn 0.0039215684 -0.9999924 -0
vn 0.0039215684 -0.9999924 -0
vn -0.066518985 -0.9977852 -0
vn 0.0039215684 -0.9999924 -0
vn -0.13703476 -0.99056625 -0
vn -0.1916022 -0.9814727 -0
vn -0.16078305 -0.9843062 -0.072733015
vn -0.16078305 -0.9843062 -0.072733015
vn -0.3176446 -0.23921388 -0.9175395
vn -0.20784152 -0.16862619 -0.9635181
vn -0.19215536 -0.05882311 -0.97959995
vn -0.2862723 0.003921509 -0.9581403
vn -0.23137069 0.16078305 -0.95948756
vn -0.38823223 0.22352767 -0.894042
vn -0.39607537 -0.26274312 -0.87982404
vn -0.3803892 -0.019607723 -0.9246186
vn -0.4352907 -0.49803543 -0.7499885
vn -0.3803892 -0.42744774 -0.82011735
vn -0.6078384 0.262743 -0.74933213
vn -0.50587845 0.48234916 -0.71514076
vn -0.62352455 -0.35686004 -0.69560623
vn -0.4352907 -0.72548467 -0.53309846
vn -0.23921382 -0.6156816 -0.7508082
vn -0.5764661 -0.035293877 -0.81635845
vn -0.67842615 -0.654897 -0.33293825
vn -0.1450969 -0.83528775 -0.53032184
vn -0.0901953 -0.66274005 -0.7433979
vn -0.050979972 -0.93724775 -0.34491697
vn -0.13725376 -0.9843062 -0.11091752
vn -0.41176152 -0.90587544 -0.09920735
vn -0.16862607 -0.8823462 0.43935227
vn -0.019607663 -0.9921493 -0.12351248
vn 0.035293877 -0.9921493 -0.11997543
vn 0.066519044 -0.9977852 -0
vn 0.0274508 -0.9921493 0.12200926
vn -0.02745068 -0.96862006 0.24702556
vn -0.066666126 -0.87450314 0.4804164
vn -0.12156761 -0.6784262 0.7245407
vn -0.20784152 -0.5843093 0.78446454
vn -0.3490169 -0.45097697 0.8214663
vn -0.27842915 -0.23921388 0.93019027
vn -0.4039184 -0.8117585 0.42177963
vn -0.65489686 -0.7490139 0.10044065
vn -0.34117377 -0.23921388 0.9090529
vn -0.41176152 -0.11372465 0.90416765
vn -0.5215646 -0.14509696 0.8407837
vn -0.5215646 0.0901953 0.848431
vn -0.5999954 -0.5058785 0.619752
vn -0.5607799 0.12941074 0.81778896
vn -0.48234916 0.44313383 0.75562674
vn -0.6156815 -0.10588157 0.7808491
vn -0.6941123 -0.49019235 0.5271808
vn -0.7254846 -0.6784262 0.11580143
vn -0.7333276 -0.6156816 -0.28838646
vn -0.7568569 -0.32548773 -0.56676745
vn -0.7803861 0.08235228 -0.6198513
vn -0.68626916 0.23921382 0.68688524
vn -0.74117076 0.45882 -0.49005112
vn -0.66274 0.42744768 0.61486924
vn -0.7490138 0.59215224 0.29721054
vn -0.66274 0.4980353 -0.5592285
vn -0.4352907 0.7176415 0.5436108
vn -0.24705684 0.8039154 0.54100186
vn -0.67842615 0.66274 0.31703886
vn -0.7333276 0.67842615 0.04436815
vn -0.670583 0.6941123 -0.26177573
vn -0.7333276 0.6313677 -0.2522011
vn -0.44313383 0.7176415 -0.5372365
vn -0.27058613 0.8117584 -0.51752436
vn -0.670583 0.74117076 0.03137373
vn -0.45097685 0.85097384 0.26919025
vn -0.4352907 0.85881686 -0.27010295
vn -0.4425082 0.8967644 -0
vn -0.16862607 0.93724763 0.30517557
vn -0.066666126 0.9529338 0.2957581
vn -0.06651899 0.9977852 -0
vn -0.16862607 0.9843061 0.052026592
vn -0.20784152 0.93724763 -0.27994424
vn -0.1764692 0.93724763 -0.30070832
vn 0.0039215684 -0.9999924 -0
vn 0.0039215684 -0.9999924 -0
vn 0.0039215684 -0.9999924 -0
vn 0.0039215684 -0.9999924 -0
vn 0.0039215684 -0.9999924 -0
vn -0.003921509 -0.9999924 -0
vn 0.0039215684 -0.9999924 -0
vn 0.0039215684 -0.9999924 -0
vn -0.003921509 -0.9999924 -0
vn -0.003921509 -0.9999924 -0
vn -0.003921509 -0.9999924 -0
vn -0.074509144 -0.9921493 0.100439765
vn -0.003921509 -0.9999924 -0
vn -0.003921509 -0.9999924 -0
vn -0.003921509 -0.9999924 -0
vn -0.011763803 -0.99993086 -0
vn -0.003921509 -0.9999924 -0
vn -0.11372459 -0.9921493 0.052024297
vn -0.15293992 -0.9843062 0.088038005
vn -0.074509144 -0.9921493 0.100439765
vn -0.027440554 -0.9996234 -0
vn -0.019607663 -0.9921493 0.12351248
vn -0.003921509 -0.9999924 -0
vn -0.003921509 -0.9921493 0.124997616
vn -0.003921509 -0.9999924 -0
vn -0.003921509 -0.9999924 -0
vn -0.003921509 -0.9999924 -0
vn 0.019607723 -0.9921493 0.12351248
vn 0.027440673 -0.9996234 -0
vn 0.07450926 -0.9921493 0.100439765
vn 0.11372465 -0.9921493 0.052023727
vn 0.15294003 -0.9843062 0.08803766
vn 0.07450926 -0.9921493 0.100439765
vn 0.011763922 -0.99993086 -0
vn 0.0039215684 -0.9999924 -0
vn 0.0039215684 -0.9999924 -0
vn 0.0039215684 -0.9999924 -0
vn -0.003921509 -0.9999924 -0
vn -0.003921509 -0.9999924 -0
vn -0.003921509 -0.9999924 -0
vn -0.003921509 -0.9999924 -0
vn -0.003921509 -0.9999924 -0
vn -0.003921509 -0.9999924 -0
vn -0.003921509 -0.9999924 -0
vn 0.0039215684 -0.9999924 -0
vn 0.0039215684 -0.9999924 -0
vn 0.0039215684 -0.9999924 -0
vn 0.0039215684 -0.9999924 -0
vn 0.0039215684 -0.9999924 -0
vn -0.003921509 0.99999225 -0.00034526698
vn -0.003921509 0.99999225 -0.00034526698
vn -0.003921509 0.99999225 -0.00034526698
vn 0.019604107 0.9998079 -0
vn 0.0039215684 0.99999225 -0.00034526698
vn 0.09019542 0.99214923 -0.08662968
vn -0.003921509 0.99999225 -0.00034526698
vn -0.003921509 0.99999225 -0.00034526698
vn -0.003921509 0.99999225 -0.00034526698
vn -0.003921509 0.99999225 -0.00034526698
vn -0.003921509 0.99999225 -0.00034526698
vn -0.003921509 0.99999225 -0.00034526698
vn -0.003921509 0.99999225 -0.00034526698
vn -0.003921509 -0.89803237 0.43991193
vn 0.0039215684 -0.89803237 0.43991193
vn 0.0039215684 -0.89803237 0.43991193
vn -0.003921509 -0.89803237 0.43991193
vn -0.003921509 -0.89803237 0.43991193
vn -0.003921509 -0.89803237 0.43991193
vn 0.960777 -0.121567726 0.24925663
vn 0.9215616 -0.17646927 0.3458075
vn 0.960777 -0.121567726 0.24925663
vn 0.9137185 -0.18431234 0.3621428
vn 0.5686231 -0.5372508 0.62292
vn 0.59999543 -0.41176158 0.6858993
vn 0.59999543 -0.41176158 0.6858993
vn 0.5686231 -0.5372508 0.62292
vn 0.066666186 -0.42744774 0.90157866
vn -0.2941153 -0.59999543 0.74397695
vn -0.7176415 -0.25490004 0.64808697
vn 0.035293877 -0.8901893 0.45422173
vn -0.5764661 -0.7490139 0.3265961
vn -0.8901892 -0.3411739 0.3019331
vn -0.91371846 -0.36470312 0.17919323
vn -0.19215536 -0.960777 0.19995967
vn -0.64705384 -0.756857 0.09213519
vn -0.27058613 -0.960777 0.060751293
vn -0.93724763 -0.19215542 0.290935
vn -0.96861994 -0.08235234 0.23450689
vn -0.9607769 -0.16078311 0.22595683
vn -0.7882292 -0.5686231 0.23529229
vn -0.8901892 -0.26274312 0.3721952
vn -0.59215224 -0.80391544 0.055459164
vn -0.34897396 -0.9371325 -0
vn -0.48896065 -0.87230587 -0
vn -0.35685992 -0.9294047 0.09411645
vn -0.1916022 -0.9814727 -0
vn -0.003921509 -0.9999924 -0
vn -0.7568569 -0.5764662 0.3079843
vn -0.88234615 -0.30980158 0.35424325
vn -0.7019553 -0.6470539 0.29762393
vn -0.4039184 -0.89803237 0.17432103
vn -0.003921509 -0.9999924 -0
vn 0.34897402 -0.9371325 -0
vn 0.19160226 -0.9814727 -0
vn 0.35686004 -0.9294047 0.09411613
vn 0.4889607 -0.87230587 -0
vn 0.59215236 -0.80391544 0.05545755
vn -0.48234916 -0.8431308 0.2376335
vn -0.85881686 -0.4431339 0.25703296
vn -0.003921509 -0.9921493 0.124997616
vn -0.59215224 -0.7803862 0.20088086
vn -0.003921509 -0.6470539 0.7624342
vn 0.7882293 -0.5686231 0.23529203
vn 0.96862006 -0.08235234 0.23450638
vn 0.4039185 -0.89803237 0.17432068
vn -0.003921509 -0.9843062 0.17642535
vn 0.93724775 -0.19215542 0.29093462
vn 0.960777 -0.16078311 0.22595656
vn 0.8901893 -0.26274312 0.37219498
vn 0.756857 -0.5764662 0.3079842
vn 0.8823462 -0.30980158 0.35424307
vn 0.70195544 -0.6470539 0.29762354
vn 0.48234928 -0.8431308 0.23763324
vn 0.858817 -0.4431339 0.2570326
vn 0.59215236 -0.7803862 0.20088041
vn -0.003921509 -0.9843062 0.17642535
vn -0.003921509 -0.7803862 0.6252855
vn -0.003921509 -0.9999924 -0
vn -0.003921509 -0.9999924 -0
vn -0.003921509 -0.9999924 -0
vn -0.003921509 -0.9999924 -0
vn -0.003921509 -0.9999924 -0
vn -0.003921509 -0.9999924 -0
vn -0.003921509 -0.9999924 -0
vn -0.003921509 -0.9999924 -0
vn -0.003921509 -0.9999924 -0
vn -0.003921509 -0.9999924 -0
vn -0.003921509 -0.9999924 -0
vn -0.003921509 -0.9999924 -0
vn -0.003921509 -0.9999924 -0
vn -0.003921509 -0.9999924 -0
vn -0.003921509 -0.9999924 -0
vn -0.003921509 0.003921509 0.9999846
vn -0.035293818 0.003921509 0.99936926
vn -0.035293818 0.003921509 0.99936926
vn -0.003921509 0.003921509 0.9999846
vn 0.035293877 0.003921509 0.99936926
vn 0.035293877 0.003921509 0.99936926
vn -0.9215615 0.13725376 0.36316085
vn -0.9450908 0.11372459 0.30638233
vn -0.86666 0.37254608 0.33182812
vn -0.82744455 0.38823223 0.40572312
vn -0.41960454 0.68626916 0.59411
vn 0.08235234 0.8901892 0.44808626
vn -0.30195844 0.8352877 0.45947316
vn 0.756857 0.6156815 0.21932574
vn 0.2705862 0.8117584 0.5175243
vn -0.76469994 0.34117377 0.54665756
vn -0.019604048 0.9998079 -0
vn -0.011763804 0.99993086 -0
vn -0.011763804 0.99993086 -0
vn -0.019604048 0.9998079 -0
vn -0.019604048 0.9998079 -0
vn -0.027440555 0.9996234 -0
vn -0.03527213 0.9993777 -0
vn -0.04309709 0.9990709 -0
vn -0.04309709 0.9990709 -0
vn -0.058721937 0.9982743 -0
vn -0.96861994 -0.13725388 0.20721187
vn -0.9764631 -0.17646927 0.124009974
vn -0.9764631 -0.17646927 0.124009974
vn -0.96861994 -0.13725388 0.20721187
vn -0.96861994 -0.10588157 0.22486547
vn -0.96861994 -0.10588157 0.22486547
vn -0.9764631 -0.11372465 0.18326642
vn -0.9529338 -0.16862619 0.25195718
vn -0.9529338 -0.16078311 0.25703308
vn -0.7803861 -0.5058785 0.36753836
vn -0.8431307 -0.30980158 0.43949246
vn -0.6392107 -0.756857 0.13629827
vn -0.4352907 -0.5137216 0.7393322
vn -0.3803892 -0.8196016 0.42843583
vn -0.05882299 -0.9921493 0.110361286
vn -0.003921509 -0.552937 0.83321387
vn -0.003921509 -0.9921493 0.124997616
vn -0.003921509 -0.8509739 0.52519333
vn 0.38038927 -0.8196016 0.42843577
vn 0.05882311 -0.9921493 0.110361286
vn 0.4352908 -0.5137216 0.73933214
vn 0.6392108 -0.756857 0.13629784
vn 0.7803862 -0.5058785 0.36753812
vn 0.8431308 -0.30980158 0.4394922
vn 0.9529339 -0.16862619 0.25195673
vn 0.9529339 -0.16078311 0.25703263
vn 0.97646314 -0.11372465 0.18326609
vn 0.96862006 -0.10588157 0.22486494
vn 0.96862006 -0.10588157 0.22486494
vn 0.96862006 -0.13725388 0.20721129
vn 0.96862006 -0.13725388 0.20721129
vn 0.97646314 -0.17646927 0.12400949
vn 0.97646314 -0.17646927 0.12400949
vn 0.9843062 -0.17646927 -0
vn 0.97646314 -0.20784158 0.05763364
vn 0.9215616 -0.3019585 0.24401905
vn 0.9215616 -0.3333308 0.19903468
vn 0.8509739 -0.31764466 0.41826466
vn -0.18405202 0.98291653 -0
vn -0.12156761 0.99214923 -0.029346678
vn -0.12933916 0.9916004 -0
vn -0.07430375 0.99723566 -0
vn -0.050914247 0.998703 -0
vn -0.03527213 0.9993777 -0
vn -0.003921509 0.99999225 -0.00034526698
vn -0.003921509 0.99999225 -0.00034526698
vn -0.027440555 0.9996234 -0
vn -0.003921509 0.99999225 -0.00034526698
vn 0.027440675 0.9996234 -0
vn 0.03527219 0.9993777 -0
vn 0.050914306 0.998703 -0
vn 0.07430387 0.99723566 -0
vn 0.121567726 0.99214923 -0.029345663
vn 0.12933922 0.9916004 -0
vn 0.18405212 0.9829164 -0
vn -0.96861994 0.02745068 0.247026
vn -0.9843061 0.019607663 0.1753769
vn -0.9764631 0.0901953 0.1959201
vn -0.9764631 0.0901953 0.1959201
vn -0.85881686 0.3490169 0.3749944
vn -0.9058753 0.2862723 0.31215072
vn -0.003921509 0.66274 0.7488393
vn -0.003921509 0.66274 0.7488393
vn 0.858817 0.3490169 0.37499416
vn 0.90587544 0.2862723 0.31215033
vn 0.97646314 0.0901953 0.1959198
vn 0.97646314 0.0901953 0.1959198
vn 0.96862006 0.02745068 0.24702552
vn 0.9843062 0.019607663 0.17537622
vn -0.27842915 0.9529338 0.11997668
vn -0.53725076 0.8352877 0.11685949
vn -0.51372147 0.85097384 0.10924168
vn -0.21568453 0.9607769 0.17432119
vn -0.9764631 -0.035293877 0.21277739
vn -0.9764631 -0.16078311 0.14376602
vn -0.9764631 -0.14509696 0.15958305
vn -0.88234615 -0.16862619 0.43935236
vn -0.8901892 -0.035293877 0.45422193
vn -0.48234916 -0.8117585 0.32922244
vn -0.50587845 -0.8196016 0.2689613
vn -0.12941074 -0.9529339 0.27417123
vn -0.003921509 -0.96862006 0.24851513
vn -0.003921509 -0.96862006 0.24851513
vn 0.1294108 -0.9529339 0.2741711
vn 0.48234928 -0.8117585 0.32922226
vn 0.5058785 -0.8196016 0.26896122
vn 0.8823462 -0.16862619 0.4393522
vn 0.8901893 -0.035293877 0.45422173
vn 0.97646314 -0.035293877 0.21277711
vn 0.97646314 -0.14509696 0.15958267
vn 0.97646314 -0.16078311 0.1437656
vn -0.9764631 0.11372459 0.18326645
vn -0.9843061 0.13725376 0.110918544
vn -0.9843061 0.13725376 0.110918544
vn -0.9764631 0.11372459 0.18326645
vn -0.9529338 0.0901953 0.28945124
vn -0.9529338 0.0901953 0.28945124
vn -0.91371846 0.12156761 0.3877369
vn -0.91371846 0.12156761 0.3877369
vn -0.8901892 0.13725376 0.43442446
vn -0.8901892 0.13725376 0.43442446
vn -0.003921509 0.99999225 -0.00034526698
vn -0.011763804 0.99993086 -0
vn -0.011763804 0.99993086 -0
vn -0.003921509 0.99999225 -0.00034526698
vn -0.011763804 0.99993086 -0
vn -0.027440555 0.9996234 -0
vn -0.003921509 0.99999225 -0.00034526698
vn -0.058721937 0.9982743 -0
vn 0.011763923 0.99993086 -0
vn 0.011763923 0.99993086 -0
vn 0.011763923 0.99993086 -0
vn 0.027440675 0.9996234 -0
vn 0.058722056 0.9982743 -0
vn -0.08235228 0.99214923 0.09411708
vn -0.10588145 0.99214923 0.06655105
vn -0.11372459 0.99214923 0.052025445
vn -0.003921509 0.99999225 -0.00034526698
vn 0.08235234 0.99214923 0.09411676
vn 0.10588157 0.99214923 0.066550605
vn 0.11372465 0.99214923 0.05202487
vn -0.003921509 -0.93724775 0.34864205
vn -0.074509144 -0.9294047 0.3614627
vn -0.074509144 -0.9294047 0.3614627
vn -0.003921509 -0.93724775 0.34864205
vn 0.07450926 -0.9294047 0.3614627
vn 0.07450926 -0.9294047 0.3614627
vn -0.003921509 0.99999225 -0.00034526698
vn -0.04309709 0.9990709 -0
vn -0.03527213 0.9993777 -0
vn -0.050914247 0.998703 -0
vn -0.003921509 0.99999225 -0.00034526698
vn 0.050914306 0.998703 -0
vn 0.04309721 0.9990709 -0
vn 0.03527219 0.9993777 -0
vn -0.9254847 0.37878487 -0
vn -0.91170174 0.4108527 -0
vn -0.9254847 0.37878487 -0
vn -0.91170174 0.4108527 -0
vn -0.874503 0.48234916 0.050830524
vn -0.874503 0.47450614 0.100440875
vn -0.874503 0.48234916 0.050830524
vn -0.91371846 0.39607537 0.09079028
vn -0.8901892 0.39607537 0.22513889
vn -0.8901892 0.39607537 0.22513889
vn -0.81960154 0.466663 0.33238375
vn -0.8039154 0.4901923 0.33679608
vn -0.81960154 0.44313383 0.36316076
vn -0.79607224 0.4901923 0.35493734
vn -0.003921509 0.74117076 0.67130506
vn -0.003921509 0.74117076 0.67130506
vn 0.8196016 0.44313383 0.36316058
vn 0.79607236 0.4901923 0.35493708
vn 0.8196016 0.466663 0.33238357
vn 0.80391544 0.4901923 0.3367959
vn 0.8901893 0.39607537 0.2251385
vn 0.8901893 0.39607537 0.2251385
vn 0.9137185 0.39607537 0.09078962
vn 0.87450314 0.48234916 0.050828766
vn 0.87450314 0.47450614 0.10043998
vn 0.87450314 0.48234916 0.050828766
vn 0.9117018 0.4108527 -0
vn 0.9117018 0.4108527 -0
vn 0.9254848 0.37878487 -0
vn 0.9254848 0.37878487 -0
vn -0.59215224 0.16078305 -0.7896231
vn -0.59215224 0.16078305 -0.7896231
vn -0.6941123 0.23137069 -0.6816713
vn -0.6392107 0.19215536 -0.74463814
vn -0.7176415 0.41176152 -0.56164324
vn -0.7019553 0.4901923 -0.5166917
vn -0.466663 0.76469994 -0.4443643
vn -0.38823223 0.8117584 -0.4362614
vn -0.003921509 0.8980323 -0.439912
vn -0.003921509 0.8980323 -0.439912
vn 0.38823235 0.8117584 -0.43626133
vn 0.46666312 0.76469994 -0.44436425
vn 0.7176416 0.41176152 -0.5616431
vn 0.70195544 0.4901923 -0.51669145
vn 0.69411236 0.23137069 -0.6816712
vn 0.6392108 0.19215536 -0.7446381
vn 0.59215236 0.16078305 -0.78962296
vn 0.59215236 0.16078305 -0.78962296
vn -0.97478557 0.22314367 -0
vn -0.9764631 0.20784152 -0.0576349
vn -0.8901892 0.4352907 -0.13448133
vn -0.9843061 0.16078305 -0.072734654
vn -0.9607769 0.25489998 -0.10924144
vn -0.8901892 0.45097685 -0.06467688
vn -0.7176415 0.68626916 -0.118428715
vn -0.8980323 0.41960454 -0.13217407
vn -0.5215646 0.8431307 -0.13077076
vn -0.003921509 0.88234615 -0.47058466
vn -0.003921509 0.9843061 -0.17642602
vn -0.003921509 0.6313677 -0.7754737
vn 0.52156466 0.8431307 -0.13077052
vn 0.7176416 0.68626916 -0.11842796
vn 0.89803237 0.41960454 -0.13217385
vn 0.960777 0.25489998 -0.10924089
vn 0.8901893 0.45097685 -0.064675495
vn 0.9747855 0.22314364 -0
vn 0.9843062 0.16078305 -0.072733015
vn 0.97646314 0.20784152 -0.057633866
vn 0.8901893 0.4352907 -0.13448066
vn -0.02745068 0.9450908 -0.32565302
vn -0.003921509 0.99999225 -0.00034526698
vn -0.003921509 0.99999225 -0.00034526698
vn -0.003921509 0.9529338 -0.30315316
vn -0.066666126 0.9058753 -0.4182649
vn 0.0274508 0.9450908 -0.32565302
vn 0.0039215684 0.99999225 -0.00034526698
vn 0.066666186 0.9058753 -0.4182649
vn -0.003921509 0.8980323 -0.439912
vn -0.050979972 0.91371846 -0.40313724
vn 0.05098003 0.91371846 -0.40313724
vn -0.003921509 0.91371846 -0.40632892
vn -0.035293818 0.85881686 -0.5110655
vn 0.035293877 0.85881686 -0.5110655
vn -0.003921509 0.85881686 -0.5122677
vn -0.12156761 0.99214923 0.029346678
vn -0.08235228 0.99214923 0.09411708
vn -0.08235228 0.99214923 0.09411708
vn -0.05882299 0.99214923 0.11036182
vn -0.066666126 0.99214923 0.10580898
vn -0.074509144 0.99214923 0.10044035
vn -0.06651899 0.9977852 -0
vn -0.003921509 0.9764631 0.21564901
vn -0.003921509 0.99214923 0.12499809
vn -0.003921509 0.99999225 -0.00034526698
vn 0.06651905 0.9977852 -0
vn 0.066666186 0.99214923 0.10580898
vn 0.07450926 0.99214923 0.10044035
vn 0.05882311 0.99214923 0.11036182
vn 0.08235234 0.99214923 0.09411676
vn 0.08235234 0.99214923 0.09411676
vn 0.121567726 0.99214923 0.029345663
vn -0.9058753 0.41960454 0.057636194
vn -0.9058753 0.41960454 0.057636194
vn -0.88234615 0.466663 0.06075301
vn -0.874503 0.48234916 0.050830524
vn -0.8039154 0.5529369 0.2190453
vn -0.79607224 0.5607799 0.22758484
vn -0.59215224 0.7254846 0.35075328
vn -0.262743 0.8901892 0.37219533
vn -0.003921509 0.93724763 0.34864238
vn -0.003921509 0.9294046 0.36904156
vn 0.26274312 0.8901892 0.37219524
vn 0.59215236 0.7254846 0.350753
vn 0.79607236 0.5607799 0.22758444
vn 0.80391544 0.5529369 0.21904503
vn 0.87450314 0.48234916 0.050828766
vn 0.8823462 0.466663 0.06075203
vn 0.90587544 0.41960454 0.057634126
vn 0.90587544 0.41960454 0.057634126
vn -0.003921509 0.9607769 0.27729464
vn -0.24705684 0.9058753 0.34402445
vn 0.24705696 0.9058753 0.3440244
vn -0.4039184 0.88234615 0.24148545
vn -0.65489686 0.7333276 0.18259434
vn -0.670583 0.7333276 0.11202224
vn 0.4039185 0.88234615 0.2414852
vn 0.654897 0.7333276 0.18259385
vn 0.6705831 0.7333276 0.112021446
vn -0.41960454 0.8980323 0.13217413
vn -0.67842615 0.7333276 0.044367816
vn -0.4352907 0.8980323 0.063717894
vn -0.003921509 0.99999225 -0.00034526698
vn -0.003921509 0.99214923 0.12499809
vn 0.41960466 0.8980323 0.13217369
vn 0.6784262 0.7333276 0.044367142
vn 0.4352908 0.8980323 0.06371696
vn -0.058721937 0.9982743 -0
vn -0.003921509 0.99999225 -0.00034526698
vn -0.003921509 0.99999225 -0.00034526698
vn -0.003921509 0.99999225 -0.00034526698
vn -0.003921509 0.99999225 -0.00034526698
vn 0.058722056 0.9982743 -0
vn 0.0039215684 0.99999225 -0.00034526698
vn -0.003921509 0.99999225 -0.00034526698
vn -0.85881686 0.41960454 0.29388028
vn -0.8431307 0.466663 0.26712593
vn -0.85097384 0.4352907 0.29388008
vn -0.86666 0.35685992 0.34864232
vn -0.86666 0.37254608 0.33182812
vn -0.003921509 0.670583 0.74182415
vn -0.003921509 0.670583 0.74182415
vn 0.86666006 0.35685992 0.34864214
vn 0.86666006 0.37254608 0.33182794
vn 0.8509739 0.4352907 0.29388
vn 0.858817 0.41960454 0.29388
vn 0.8431308 0.466663 0.2671255
vn -0.74892163 -0.6626585 -0
vn -0.91371846 -0.39607543 -0.09079003
vn -0.8116087 -0.5842015 -0
vn -0.5041139 -0.86363715 -0
vn -0.5607799 -0.8274447 0.029346678
vn -0.184052 -0.98291653 -0
vn -0.5764661 -0.8117585 -0.09346091
vn -0.7882292 -0.6078385 -0.09605762
vn -0.7254846 -0.6705831 -0.15488823
vn -0.79607224 -0.56078005 -0.22758457
vn -0.68626916 -0.70195544 -0.19050768
vn -0.85097384 -0.46666312 -0.24097517
vn -0.50587845 -0.858817 -0.08074894
vn -0.6941123 -0.69411236 -0.19083022
vn -0.9215615 -0.3411739 -0.1852695
vn -0.85097384 -0.49803543 -0.16674595
vn -0.9607769 -0.22352773 -0.16414338
vn -0.9764631 -0.19215542 -0.09796004
vn -0.86666 -0.49019235 -0.0928005
vn -0.466663 -0.8823462 -0.060751785
vn -0.45097685 -0.8901893 -0.064675614
vn -0.39607537 -0.9137185 -0.09078946
vn -0.30195844 -0.9529339 -0.027167708
vn -0.262743 -0.960777 -0.08873395
vn -0.45882 -0.87450314 -0.15725291
vn -0.2941153 -0.9529339 -0.07357428
vn -0.25489998 -0.960777 -0.10924086
vn -0.22352767 -0.9529339 -0.20482278
vn -0.003921509 -0.9999924 -0
vn -0.15293992 -0.9843062 -0.088038005
vn -0.003921509 -0.9999924 -0
vn -0.184052 -0.98291653 -0
vn -0.1916022 -0.9814727 -0
vn -0.003921509 -0.9999924 -0
vn 0.19160226 -0.9814727 -0
vn 0.1840521 -0.9829164 -0
vn 0.15294003 -0.9843062 -0.08803766
vn 0.22352773 -0.9529339 -0.20482263
vn -0.23921382 -0.96862006 -0.067467675
vn 0.25490004 -0.960777 -0.10924086
vn 0.26274312 -0.960777 -0.08873361
vn -0.003921509 -0.9921493 -0.124997616
vn -0.22314364 -0.9747855 -0
vn 0.29411542 -0.9529339 -0.07357387
vn 0.3019585 -0.9529339 -0.02716661
vn 0.45097697 -0.8901893 -0.06467469
vn -0.003921509 -0.9921493 -0.124997616
vn 0.46666312 -0.8823462 -0.060751293
vn 0.86666006 -0.49019235 -0.09279986
vn -0.19999838 -0.97646314 0.08074894
vn -0.003921509 -0.9999924 -0
vn -0.003921509 -0.9999924 -0
vn -0.08207506 -0.9966261 -0
vn -0.08207506 -0.9966261 -0
vn -0.08207506 -0.9966261 -0
vn -0.003921509 -0.9999924 -0
vn 0.08207512 -0.9966261 -0
vn 0.08207512 -0.9966261 -0
vn 0.1840521 -0.9829164 -0
vn 0.08207512 -0.9966261 -0
vn -0.003921509 -0.9999924 -0
vn 0.2231437 -0.9747855 -0
vn 0.1999985 -0.97646314 0.080748565
vn 0.56078005 -0.8274447 0.029344646
vn 0.504114 -0.86363715 -0
vn 0.23921388 -0.96862006 -0.067467675
vn 0.8116088 -0.5842015 -0
vn 0.74892175 -0.6626585 -0
vn 0.9137185 -0.39607543 -0.09078938
vn 0.5764662 -0.8117585 -0.09346027
vn 0.7882293 -0.6078385 -0.096057005
vn 0.72548467 -0.6705831 -0.15488784
vn 0.79607236 -0.56078005 -0.22758418
vn 0.5058785 -0.858817 -0.080748565
vn 0.6862693 -0.70195544 -0.19050737
vn 0.8509739 -0.46666312 -0.24097505
vn 0.45882004 -0.87450314 -0.15725271
vn 0.39607543 -0.9137185 -0.09078946
vn 0.69411236 -0.69411236 -0.1908299
vn 0.9215616 -0.3411739 -0.18526901
vn 0.8509739 -0.49803543 -0.16674577
vn 0.960777 -0.22352773 -0.16414303
vn 0.97646314 -0.19215542 -0.09795943
vn -0.5041139 -0.86363715 -0
vn -0.41960454 -0.90587544 -0.057634253
vn -0.74892163 -0.6626585 -0
vn -0.30195844 -0.9529339 -0.027167708
vn -0.34897396 -0.9371325 -0
vn -0.285553 -0.95836294 -0
vn -0.184052 -0.98291653 -0
vn -0.2941153 -0.9529339 -0.07357428
vn -0.3254876 -0.94509083 -0.029344646
vn -0.16862607 -0.9843062 0.052024297
vn -0.08207506 -0.9966261 -0
vn -0.074303746 -0.99723566 -0
vn 0.08235234 -0.62352467 -0.77745426
vn 0.08235234 -0.62352467 -0.77745426
vn 0.08235234 -0.62352467 -0.77745426
vn 0.08235234 -0.62352467 -0.77745426
vn -0.65489686 -0.7176416 -0.23685579
vn 0.05098003 -0.960777 -0.2725961
vn -0.8980323 -0.38823235 -0.20691447
vn 0.0039215684 -0.96862006 -0.24851513
vn 0.05882311 -0.96862006 -0.24148494
vn 0.0274508 -0.96862006 -0.24702556
vn -0.043136835 -0.90587544 -0.42134175
vn -0.003921509 -0.8431308 -0.53769416
vn -0.043136835 -0.960777 -0.27394667
vn -0.035293818 -0.73332775 -0.6789586
vn -0.003921509 -0.6705831 -0.74182403
vn 0.035293877 -0.73332775 -0.6789586
vn 0.0039215684 -0.9843062 -0.17642535
vn -0.91371846 -0.36470312 -0.17919323
vn -0.8980323 -0.39607543 -0.19147377
vn 0.05098003 -0.96862006 -0.2432616
vn 0.043136954 -0.90587544 -0.42134175
vn 0.043136954 -0.960777 -0.27394667
vn -0.003921509 -0.96862006 -0.24851513
vn -0.05882299 -0.96862006 -0.24148494
vn -0.003921509 -0.960777 -0.27729443
vn 0.08235234 -0.97646314 -0.19934347
vn -0.08235228 -0.97646314 -0.19934362
vn 0.066666186 -0.96862006 -0.23943849
vn -0.9058753 -0.32548773 -0.27101225
vn -0.9058753 -0.32548773 -0.27101225
vn 0.05098003 -0.97646314 -0.20957294
vn -0.050979972 -0.960777 -0.2725961
vn 0.654897 -0.7176416 -0.23685542
vn 0.89803237 -0.38823235 -0.20691434
vn -0.02745068 -0.96862006 -0.24702556
vn -0.003921509 -0.97646314 -0.21564874
vn -0.066666126 -0.9843062 -0.16339192
vn -0.9294046 -0.2705862 -0.2509784
vn -0.9294046 -0.24705696 -0.27417132
vn -0.043136835 -0.9843062 -0.17111541
vn -0.003921509 -0.9843062 -0.17642535
vn 0.9137185 -0.36470312 -0.1791929
vn 0.89803237 -0.39607543 -0.19147362
vn -0.050979972 -0.96862006 -0.2432616
vn -0.066666126 -0.96862006 -0.23943849
vn 0.90587544 -0.32548773 -0.2710118
vn 0.90587544 -0.32548773 -0.2710118
vn -0.050979972 -0.97646314 -0.20957294
vn 0.11372465 -0.9843062 -0.1349369
vn 0.066666186 -0.9843062 -0.16339192
vn 0.9294047 -0.2705862 -0.25097817
vn 0.9294047 -0.24705696 -0.27417108
vn 0.043136954 -0.9843062 -0.17111541
vn -0.11372459 -0.9843062 -0.13493712
vn -0.003921509 -0.9921493 -0.124997616
vn -0.3254876 -0.90587544 -0.27101192
vn -0.93724763 -0.18431234 -0.29596597
vn 0.11372465 -0.9921493 -0.052023727
vn -0.003921509 -0.9999924 -0
vn -0.11372459 -0.9921493 -0.052024297
vn 0.32548773 -0.90587544 -0.27101183
vn 0.93724775 -0.18431234 -0.29596555
vn -0.043136835 -0.9843062 -0.17111541
vn -0.043136835 -0.9843062 -0.17111541
vn -0.043136835 -0.9843062 -0.17111541
vn 0.043136954 -0.9843062 -0.17111541
vn 0.043136954 -0.9843062 -0.17111541
vn 0.043136954 -0.9843062 -0.17111541
vn 0.15294003 -0.0274508 -0.9878541
vn 0.15294003 -0.0274508 -0.9878541
vn 0.15294003 -0.0274508 -0.9878541
vn 0.15294003 -0.0274508 -0.9878541
vn -0.11372459 -0.93724775 0.3295958
vn -0.11372459 -0.93724775 0.3295958
vn -0.11372459 -0.93724775 0.3295958
vn -0.11372459 -0.93724775 0.3295958
vn -0.82744455 -0.5137216 -0.2267722
vn -0.02745068 -0.97646314 -0.21393044
vn -0.02745068 -0.97646314 -0.21393044
vn -0.7568569 -0.6156816 -0.21932574
vn -0.13725376 -0.8509739 0.50695646
vn -0.13725376 -0.8509739 0.50695646
vn -0.13725376 -0.8509739 0.50695646
vn -0.13725376 -0.8509739 0.50695646
vn 0.13725388 -0.20784158 -0.968485
vn 0.13725388 -0.20784158 -0.968485
vn 0.13725388 -0.20784158 -0.968485
vn 0.13725388 -0.20784158 -0.968485
vn -0.019607663 -0.960777 -0.27662814
vn -0.019607663 -0.960777 -0.27662814
vn -0.019607663 -0.960777 -0.27662814
vn -0.019607663 -0.960777 -0.27662814
vn -0.16862607 -0.5450939 0.8212417
vn -0.16862607 -0.5450939 0.8212417
vn -0.16862607 -0.5450939 0.8212417
vn -0.16862607 -0.5450939 0.8212417
vn 0.15294003 -0.11372465 -0.98167
vn 0.15294003 -0.11372465 -0.98167
vn 0.15294003 -0.11372465 -0.98167
vn 0.15294003 -0.11372465 -0.98167
vn -0.02745068 -0.96862006 -0.24702556
vn -0.02745068 -0.96862006 -0.24702556
vn -0.02745068 -0.96862006 -0.24702556
vn -0.02745068 -0.96862006 -0.24702556
vn -0.0901953 -0.9921493 -0.086628996
vn -0.0901953 -0.9921493 -0.086628996
vn -0.0901953 -0.9921493 -0.086628996
vn -0.0901953 -0.9921493 -0.086628996
vn -0.16078305 -0.6470539 0.7452986
vn -0.16078305 -0.6470539 0.7452986
vn -0.16078305 -0.6470539 0.7452986
vn -0.16078305 -0.6470539 0.7452986
vn -0.0901953 0.003921509 -0.99591637
vn -0.20784152 0.003921509 -0.97815466
vn -0.20784152 0.003921509 -0.97815466
vn -0.11372459 0.003921509 -0.9935046
vn 0.0039215684 0.003921509 -0.9999846
vn 0.0039215684 0.003921509 -0.9999846
vn -0.9215615 0.019607663 -0.38773695
vn -0.9215615 0.019607663 -0.38773695
vn -0.9294046 0.02745068 -0.36804008
vn -0.9294046 0.02745068 -0.36804008
vn -0.93724763 0.035293818 -0.34687352
vn -0.003921509 0.003921509 -0.9999846
vn 0.0039215684 0.003921509 -0.9999846
vn 0.0039215684 0.003921509 -0.9999846
vn -0.003921509 0.003921509 -0.9999846
vn -0.003921509 0.003921509 -0.9999846
vn -0.003921509 0.003921509 -0.9999846
vn -0.99999225 0.003921509 -0.00034492963
vn -0.99999225 0.003921509 -0.00034492963
vn -0.99999225 0.003921509 -0.00034492963
vn -0.99999225 0.003921509 -0.00034492963
vn -0.011764526 0.003921509 -0.9999231
vn -0.011764526 0.003921509 -0.9999231
vn -0.011764526 0.003921509 -0.9999231
vn -0.011764526 0.003921509 -0.9999231
vn 0.9999924 0.003921509 -0
vn 0.9999924 0.003921509 -0
vn 0.9999924 0.003921509 -0
vn 0.9999924 0.003921509 -0
vn -0.9215615 0.003921509 -0.38821262
vn -0.9215615 0.003921509 -0.38821262
vn -0.9843061 0.003921509 -0.17642602
vn -0.9764631 0.003921509 -0.21564901
vn -0.9764631 0.003921509 -0.21564901
vn -0.9843061 0.003921509 -0.17642602
vn -0.99999225 0.003921509 -0.00034492963
vn -0.99999225 0.003921509 -0.00034492963
vn -0.05882299 0.003921509 -0.99826074
vn -0.05882299 0.003921509 -0.99826074
vn -0.05882299 0.003921509 -0.99826074
vn -0.05882299 0.003921509 -0.99826074
vn 0.9999924 0.003921509 -0
vn 0.9999924 0.003921509 -0
vn 0.9999924 0.003921509 -0
vn 0.9999924 0.003921509 -0
vn -0.011764526 -0.05882311 -0.9981991
vn -0.011764526 -0.05882311 -0.9981991
vn 0.0039215684 -0.035293877 -0.99936926
vn 0.011764646 -0.0274508 -0.9995539
vn -0.003921509 0.003921509 -0.9999846
vn -0.003921509 0.003921509 -0.9999846
vn -0.011764526 -0.0274508 -0.9995539
vn -0.003921509 -0.035293877 -0.99936926
vn 0.011764646 -0.05882311 -0.9981991
vn 0.011764646 -0.05882311 -0.9981991
vn -0.003921509 0.99999225 -0.00034526698
vn 0.035293877 0.99214923 -0.11997593
vn 0.03527219 0.9993777 -0
vn -0.003921509 0.99214923 -0.12499809
vn -0.035293818 0.99214923 -0.11997593
vn -0.03527213 0.9993777 -0
vn 0.098038495 0.9529338 -0.28688964
vn 0.16078311 0.9764631 -0.14376608
vn -0.098038435 0.9529338 -0.28688964
vn -0.16078305 0.9764631 -0.14376608
vn -0.003921509 0.9607769 -0.27729464
vn 0.23921388 0.93724763 -0.25366047
vn 0.098038495 0.9294046 -0.3558026
vn -0.003921509 0.9294046 -0.36904156
vn 0.20784158 0.93724763 -0.27994424
vn -0.098038435 0.9294046 -0.3558026
vn 0.3333308 0.9215615 -0.19903511
vn -0.23921382 0.93724763 -0.25366047
vn -0.20784152 0.93724763 -0.27994424
vn -0.33333075 0.9215615 -0.19903526
vn 0.3019585 0.9450908 -0.124997854
vn 0.39607543 0.91371846 -0.090790115
vn 0.38038927 0.9215615 0.07764286
vn 0.1999985 0.96861994 -0.1475668
vn 0.15235077 0.9883265 -0
vn 0.050914306 0.998703 -0
vn 0.24705696 0.96861994 -0.027170997
vn 0.34897408 0.9371324 -0
vn -0.30195844 0.9450908 -0.12499809
vn -0.39607537 0.91371846 -0.090790115
vn -0.3803892 0.9215615 0.077643245
vn -0.19999838 0.96861994 -0.147567
vn -0.15235065 0.9883265 -0
vn -0.050914247 0.998703 -0
vn -0.24705684 0.96861994 -0.027172094
vn -0.34897402 0.9371324 -0
vn -0.56862307 0.7803861 -0.2601256
vn -0.42744768 0.874503 -0.22920072
vn -0.41960454 0.88234615 -0.21306652
vn -0.5764661 0.7725431 -0.26620296
vn -0.5529369 0.74117076 -0.38069236
vn 0.97646314 0.02745068 0.2139304
vn 0.97646314 0.02745068 0.2139304
vn 0.97646314 0.02745068 0.2139304
vn 0.97646314 0.02745068 0.2139304
vn 0.9843062 -0.098038495 0.14673014
vn 0.9843062 -0.098038495 0.14673014
vn 0.9843062 -0.098038495 0.14673014
vn 0.9843062 -0.098038495 0.14673014
vn 0.9921493 0.011764526 0.12450453
vn 0.9921493 0.011764526 0.12450453
vn 0.9921493 0.011764526 0.12450453
vn 0.9921493 0.011764526 0.12450453
vn -0.99999225 -0.0039215684 -0.00034425134
vn -0.99999225 -0.0039215684 -0.00034425134
vn -0.99999225 -0.0039215684 -0.00034425134
vn -0.99999225 -0.0039215684 -0.00034425134
vn -0.99999225 0.003921509 -0.00034492963
vn -0.99993086 0.011763804 -0
vn -0.99999225 0.003921509 -0.00034492963
vn -0.9916004 -0.12933922 -0
vn -0.9894747 -0.14470582 -0
vn -0.88234615 -0.39607543 0.25414473
vn -0.9843061 -0.17646927 -0.00034255895
vn -0.9843061 -0.16862619 -0.052026216
vn -0.9843061 0.12941074 -0.11997657
vn -0.99214923 -0.05882311 -0.110361874
vn -0.99214923 0.0901953 -0.086629726
vn -0.8980323 -0.34901696 0.26781544
vn -0.96861994 0.24705684 -0.027171751
vn -0.42744768 -0.7097985 0.559888
vn -0.003921509 -0.6862693 0.727337
vn -0.85097384 0.5215646 -0.06175648
vn -0.7803861 0.62352455 -0.04706028
vn -0.99214923 -0.09019542 -0.0866296
vn -0.003921509 0.99999225 -0.00034526698
vn -0.67842615 0.7176415 -0.15725347
vn -0.003921509 0.99999225 -0.00034526698
vn 0.8509739 0.5215646 -0.061755996
vn 0.7803862 0.62352455 -0.04705838
vn 0.9921493 0.0901953 -0.08662903
vn 0.9921493 -0.09019542 -0.086628914
vn 0.9843062 0.12941074 -0.11997558
vn 0.9921493 -0.05882311 -0.11036134
vn 0.9843062 -0.16862619 -0.052023925
vn 0.6784262 0.7176415 -0.15725328
vn -0.003921509 0.99214923 -0.12499809
vn -0.5450938 0.8352877 0.07188356
vn 0.9843062 -0.17646927 -0
vn 0.9894748 -0.14470582 -0
vn 0.96862006 0.24705684 -0.027167365
vn 0.5450939 0.8352877 0.07188273
vn -0.9529338 0.23137069 0.19592045
vn -0.003921509 0.99999225 -0.00034526698
vn -0.4980353 0.86666 0.029347694
vn -0.3176446 0.9450908 -0.076846145
vn -0.003921509 0.99999225 -0.00034526698
vn -0.8980323 0.02745068 0.43907222
vn -0.85881686 -0.2313708 0.45705703
vn -0.88234615 -0.21568465 0.41826478
vn -0.7725431 0.30195844 0.55856806
vn -0.85881686 0.1450969 0.49130487
vn -0.003921509 0.99999225 -0.00034526698
vn 0.49803543 0.86666 0.029345663
vn 0.31764466 0.9450908 -0.07684576
vn 0.9529339 0.23137069 0.19591984
vn -0.7568569 -0.46666312 0.45759493
vn -0.5215646 0.003921509 0.85320276
vn -0.47450614 -0.8196016 0.32108742
vn -0.44313383 -0.5450939 0.7116917
vn -0.003921509 0.003921509 0.9999846
vn 0.89803237 -0.34901696 0.26781532
vn -0.003921509 -0.59215236 0.8058165
vn -0.003921509 -0.8117585 0.5839801
vn 0.89803237 0.02745068 0.43907216
vn 0.858817 -0.2313708 0.45705685
vn 0.8823462 -0.39607543 0.2541445
vn 0.99160045 -0.12933922 -0
vn 0.9999924 0.003921509 -0
vn 0.99993086 0.011763803 -0
vn 0.9999924 0.003921509 -0
vn 0.9999924 -0.0039215684 -0
vn 0.9999924 -0.0039215684 -0
vn 0.9999924 -0.0039215684 -0
vn 0.9999924 -0.0039215684 -0
vn 0.42744774 -0.7097985 0.5598879
vn 0.8823462 -0.21568465 0.41826463
vn 0.77254313 0.30195844 0.558568
vn 0.858817 0.1450969 0.4913047
vn 0.4745062 -0.8196016 0.32108733
vn 0.756857 -0.46666312 0.45759487
vn 0.52156466 0.003921509 0.85320276
vn 0.4431339 -0.5450939 0.7116917
vn -0.003921509 -0.94509083 0.32678422
vn -0.45882 -0.56078005 0.68920964
vn -0.074509144 -0.63136774 0.7718958
vn -0.30980146 -0.6078385 0.731133
vn 0.05098003 -0.6156816 0.78634423
vn -0.003921509 -0.59215236 0.8058165
vn -0.003921509 -0.5764662 0.81711155
vn -0.050979972 -0.6156816 0.78634423
vn 0.07450926 -0.63136774 0.7718958
vn 0.30980158 -0.6078385 0.7311329
vn 0.45882004 -0.56078005 0.68920964
vn -0.1764692 0.9764631 0.12400998
vn -0.1450969 0.9764631 0.15958302
vn -0.11372459 0.9843061 0.134938
vn -0.08235228 0.9843061 0.15607576
vn -0.003921509 0.99214923 0.12499809
vn -0.003921509 0.99214923 0.12499809
vn 0.08235234 0.9843061 0.15607557
vn 0.11372465 0.9843061 0.13493778
vn 0.17646927 0.9764631 0.12400998
vn 0.14509696 0.9764631 0.15958302
vn -0.65489686 0.035293818 0.75489366
vn -0.67842615 0.035293818 0.7338203
vn -0.8039154 0.02745068 0.59410983
vn -0.33333075 0.043136835 0.9418226
vn -0.34117377 0.043136835 0.93900996
vn -0.003921509 0.043136835 0.99906147
vn -0.003921509 0.043136835 0.99906147
vn 0.3411739 0.043136835 0.9390099
vn 0.3333308 0.043136835 0.9418226
vn 0.6784262 0.035293818 0.73382026
vn 0.654897 0.035293818 0.75489354
vn 0.80391544 0.02745068 0.5941098
vn -0.9529338 0.23137069 0.19592045
vn -0.8352877 0.25489998 0.4871555
vn -0.85881686 -0.2313708 0.45705703
vn -0.6392107 0.66274 0.39010945
vn -0.45882 0.82744455 0.32375872
vn -0.19999838 0.9215615 0.33275372
vn -0.1764692 0.9294046 0.3241383
vn -0.003921509 0.93724763 0.34864238
vn -0.003921509 0.93724763 0.34864238
vn 0.17646927 0.9294046 0.3241383
vn 0.1999985 0.9215615 0.33275363
vn 0.45882004 0.82744455 0.32375863
vn 0.6392108 0.66274 0.3901093
vn 0.83528775 0.25489998 0.48715538
vn 0.9529339 0.23137069 0.19591984
vn 0.858817 -0.2313708 0.45705685
vn -0.2862723 -0.90587544 -0.3121504
vn -0.003921509 -0.83528775 -0.549799
vn -0.19999838 -0.8196016 -0.5368928
vn -0.003921509 -0.960777 -0.27729443
vn -0.30195844 -0.9529339 -0.027167708
vn 0.28627235 -0.90587544 -0.31215027
vn 0.1999985 -0.8196016 -0.5368927
vn 0.3019585 -0.9529339 -0.02716661
vn -0.003921509 -0.9999924 -0
vn -0.27058613 -0.9294047 -0.25097823
vn 0.2705862 -0.9294047 -0.2509781
vn -0.003921509 -0.97646314 -0.21564874
vn -0.003921509 -0.9294047 -0.36904138
vn -0.27058613 -0.89803237 -0.34687322
vn 0.2705862 -0.89803237 -0.34687313
vn -0.3176446 -0.83528775 -0.44877198
vn 0.31764466 -0.83528775 -0.44877192
vn -0.003921509 -0.90587544 -0.42352602
vn -0.41960454 -0.6862693 -0.59410983
vn 0.41960466 -0.6862693 -0.5941098
vn -0.003921509 -0.80391544 -0.5947307
vn -0.53725076 -0.35686004 -0.7642071
vn 0.5372508 -0.35686004 -0.76420707
vn -0.003921509 -0.5137216 -0.857948
vn -0.5843092 0.12941074 -0.80114645
vn 0.5843093 0.12941074 -0.8011464
vn -0.003921509 0.19999838 -0.97978836
vn -0.5450938 0.4352907 -0.7165157
vn 0.5450939 0.4352907 -0.71651566
vn -0.003921509 0.5215646 -0.85320276
vn -0.003921509 -0.043136954 -0.99906147
vn -0.003921509 -0.043136954 -0.99906147
vn -0.074509144 -0.043136954 -0.99628687
vn 0.07450926 -0.043136954 -0.99628687
vn -0.011763803 -0.99993086 -0
vn -0.011763803 -0.99993086 -0
vn -0.011763803 -0.99993086 -0
vn -0.011763803 -0.99993086 -0
vn 0.011763922 -0.99993086 -0
vn 0.011763922 -0.99993086 -0
vn -0.003921509 -0.9921493 0.124997616
vn 0.0039215684 -0.9921493 0.124997616
vn 0.0039215684 -0.9921493 0.124997616
vn -0.003921509 -0.9921493 0.124997616
vn -0.003921509 -0.9921493 0.124997616
vn -0.003921509 -0.9921493 0.124997616
vn 0.9921493 -0.098038495 0.07764172
vn 0.9921493 -0.10588157 0.06654979
vn 0.9921493 -0.121567726 0.029343996
vn 0.89803237 -0.42744774 0.1040496
vn 0.9921493 -0.066666186 0.105808325
vn 0.66274005 -0.7411708 0.106964804
vn 0.8823462 -0.42744774 0.19685934
vn 0.6470539 -0.7411708 0.1788493
vn 0.97646314 -0.07450926 0.20240586
vn 0.48234928 -0.8431308 0.23763324
vn 0.70195544 -0.5764662 0.4182646
vn 0.8901893 -0.09019542 0.44657344
vn 0.70195544 -0.4745062 0.5311331
vn 0.8274447 -0.098038495 0.55292296
vn -0.27842915 -0.93724775 0.20986624
vn -0.56862307 -0.80391544 0.17432085
vn 0.94509083 0.25489998 0.20452212
vn 0.9529339 0.20784152 0.22072355
vn 0.8823462 0.42744768 0.1968595
vn 0.93724775 0.2862723 0.19903475
vn 0.7490139 0.62352455 0.22404316
vn 0.8509739 0.48234916 0.20780455
vn 0.93724775 0.27842915 0.2098663
vn 0.89803237 0.41176152 0.15488814
vn 0.69411236 0.68626916 0.21735379
vn 0.8823462 0.41960454 0.2130662
vn 0.9529339 0.22352767 0.20482275
vn 0.5843093 0.7882292 0.19307356
vn 0.45097697 0.874503 0.17850554
vn 0.6392108 0.7568569 0.13629805
vn 0.7176416 0.68626916 0.11842796
vn 0.49803543 0.85881686 0.11997618
vn 0.5450939 0.82744455 0.13493757
vn 0.52940774 0.8431307 0.094117396
vn 0.56078005 0.8117584 0.16301557
vn 0.59999543 0.7803861 0.17607668
vn 0.62352467 0.7333276 0.27101216
vn 0.1999985 0.9607769 0.19211525
vn 0.38823235 0.8431307 0.37202993
vn -0.262743 0.7803861 0.5674184
vn 0.80391544 0.23921382 0.5445151
vn 0.80391544 0.41176152 0.4291531
vn 0.96862006 0.074509144 0.23711503
vn 0.97646314 0.011764526 0.2153633
vn 0.86666006 0.47450614 0.15409176
vn 0.8196016 0.5607799 0.1173843
vn 0.72548467 0.66274 0.18560083
vn -0.098038435 0.9529338 0.28688964
vn -0.003921509 0.9607769 0.27729464
vn 0.31764466 0.7803861 0.53860873
vn 0.05882311 0.9843061 0.16637713
vn 0.27842927 0.9529338 0.11997642
vn 0.76470006 0.34117377 0.5466574
vn 0.9529339 -0.3019585 0.027166884
vn -0.27058613 0.8117584 0.51752436
vn -0.1450969 0.9529338 0.26620308
vn 0.5137216 0.8039154 0.29968348
vn 0.3019585 0.8352877 0.4594731
vn 0.52156466 0.8352877 0.1739678
vn 0.8901893 0.3803892 0.2507331
vn 0.86666006 0.37254608 0.33182794
vn 0.8823462 0.41960454 0.2130662
vn 0.960777 0.13725376 0.24097507
vn 0.94509083 0.11372459 0.30638215
vn 0.9529339 0.19215536 0.23450649
vn 0.858817 0.47450614 0.19307336
vn 0.654897 0.7490138 0.10044065
vn 0.2705862 0.9607769 0.060751785
vn 0.011763923 0.99993086 -0
vn 0.23921388 0.96861994 0.06746945
vn 0.5842015 0.8116087 -0
vn 0.07430387 0.99723566 -0
vn 0.10588157 0.99214923 0.066550605
vn 0.10588157 0.99214923 0.066550605
vn 0.14509696 0.9843061 0.10044095
vn 0.15294003 0.9843061 0.08803902
vn 0.11372465 0.99214923 0.05202487
vn 0.10588157 0.99214923 0.066550605
vn 0.10588157 0.99214923 0.066550605
vn 0.10588157 0.99214923 0.066550605
vn 0.10588157 0.99214923 0.066550605
vn 0.098038495 0.99214923 0.07764248
vn 0.09019542 0.99214923 -0.08662968
vn 0.098038495 0.99214923 -0.07764248
vn 0.11372465 0.96861994 -0.22100243
vn 0.11372465 0.96861994 -0.22100243
vn 0.11372465 0.9843061 -0.13493778
vn 0.14509696 0.9607769 -0.2363357
vn 0.15294003 0.96861994 -0.19592023
vn 0.17646927 0.9764631 -0.12400998
vn 0.23921388 0.96861994 0.06746945
vn 0.5842015 0.8116087 -0
vn 0.56078005 0.82744455 -0.029347694
vn 0.22314373 0.97478557 -0
vn 0.03527219 0.9993777 -0
vn 0.35686004 0.9294046 -0.09411676
vn 0.52940774 0.8431307 -0.094117396
vn 0.011763923 0.99993086 -0
vn 0.4431339 0.86666 -0.22920047
vn 0.07430387 0.99723566 -0
vn 0.2705862 0.9607769 0.060751785
vn 0.31764466 0.93724763 -0.14376628
vn 0.32548773 0.9215615 -0.21161796
vn 0.2705862 0.9450908 -0.18326621
vn 0.22352773 0.9450908 -0.23840879
vn 0.1999985 0.9764631 -0.0807493
vn 0.39607543 0.9058753 -0.15004721
vn 0.39607543 0.88234615 -0.25414476
vn 0.4039185 0.88234615 -0.2414852
vn 0.72548467 0.62352455 -0.29135737
vn 0.66274005 0.7333276 -0.15167795
vn 0.615568 0.7880838 -0
vn 0.7490139 0.65489686 -0.1004405
vn 0.70195544 0.67842615 -0.21678677
vn 0.8901893 0.42744768 -0.15764368
vn 0.8823462 0.45882 -0.10463932
vn 0.62352467 0.7803861 -0.047059014
vn 0.97646314 0.1450969 -0.15958273
vn 0.9843062 0.11372459 -0.13493702
vn 0.96862006 0.19215536 -0.15764347
vn 0.90587544 0.3803892 -0.18626246
vn 0.93724775 0.262743 -0.22920029
vn 0.86666006 0.4352907 -0.24376702
vn 0.86666006 0.3254876 -0.3780981
vn 0.6705831 0.68626916 -0.28169644
vn 0.87450314 0.4039184 -0.26850367
vn 0.9294047 0.36470306 -0.056556243
vn 0.93724775 0.34117377 -0.07188263
vn 0.9510053 -0.30917457 -0
vn 0.69411236 0.7176415 -0.056557428
vn 0.89803237 0.41960454 -0.13217385
vn 0.9529339 -0.29411542 -0.07357372
vn 0.9529339 0.30195844 -0.02716757
vn 0.8116088 -0.5842015 -0
vn 0.7882293 -0.6078385 -0.096057005
vn 0.9137185 -0.39607543 -0.09078938
vn 0.94509083 -0.31764466 -0.07684513
vn 0.94509083 -0.25490004 -0.20452204
vn 0.654897 -0.7176416 -0.23685542
vn 0.89803237 -0.38823235 -0.20691434
vn 0.960777 0.22352767 -0.1641431
vn 0.9137185 -0.36470312 -0.1791929
vn 0.8274447 -0.5137216 -0.22677182
vn 0.756857 -0.6156816 -0.2193256
vn 0.89803237 -0.39607543 -0.19147362
vn 0.90587544 -0.32548773 -0.2710118
vn 0.9843062 0.098038435 -0.14673018
vn 0.9843062 0.098038435 -0.14673018
vn 0.90587544 -0.32548773 -0.2710118
vn 0.9294047 -0.2705862 -0.25097817
vn 0.97646314 -0.0274508 -0.21393038
vn 0.97646314 -0.0274508 -0.21393038
vn 0.9294047 -0.24705696 -0.27417108
vn 0.93724775 -0.18431234 -0.29596555
vn 0.32548773 -0.90587544 -0.27101183
vn 0.96862006 0.050979972 -0.24326158
vn 0.96862006 0.050979972 -0.24326158
vn 0.6392108 0.76469994 0.08150824
vn 0.6374877 0.77046055 -0
vn 0.615568 0.7880838 -0
vn 0.59215236 0.8039154 0.055458628
vn 0.4039185 0.91371846 0.04436647
vn 0.36470312 0.9215615 0.13310166
vn 0.35686004 0.9294046 0.09411676
vn 0.36470312 0.9215615 0.13310166
vn 0.9294047 -0.22352773 0.29367036
vn 0.94509083 -0.21568465 0.24552684
vn 0.9294047 -0.22352773 0.29367036
vn 0.9529339 -0.20784158 0.2207235
vn 0.960777 -0.21568465 0.1743207
vn 0.96862006 -0.21568465 0.12351227
vn 0.96862006 -0.2313708 0.090789296
vn 0.9529339 -0.28627235 0.09982546
vn 0.9529339 -0.3019585 0.027166884
vn -0.96861994 0.21568453 0.12351343
vn -0.9450908 0.30195844 0.12499806
vn -0.9450908 0.30195844 0.12499806
vn -0.9607769 0.262743 0.08873449
vn -0.9843061 -0.14509696 0.10044099
vn 0.99056625 0.13703476 -0
vn 0.99056625 0.13703476 -0
vn 0.9921493 0.11372459 -0.05202403
vn 0.9921493 0.11372459 -0.05202403
vn 0.99993086 0.011763803 -0
vn 0.9999924 0.003921509 -0
vn 0.14509696 0.466663 -0.872452
vn 0.14509696 0.466663 -0.872452
vn 0.14509696 0.466663 -0.872452
vn 0.14509696 0.466663 -0.872452
vn 0.9843062 0.019607663 0.17537622
vn 0.9996234 0.027440554 -0
vn 0.96862006 0.02745068 0.24702552
vn 0.9996234 0.027440554 -0
vn 0.9990709 0.043097086 -0
vn 0.9990709 0.043097086 -0
vn 0.9999924 0.003921509 -0
vn 0.9999924 0.003921509 -0
vn 0.9999924 0.003921509 -0
vn 0.9921493 -0.09019542 0.086628914
vn 0.9921493 -0.09019542 0.086628914
vn 0.9215616 -0.3333308 0.19903468
vn 0.9215616 -0.3411739 0.18526901
vn 0.8431308 -0.48234928 0.23763324
vn 0.8431308 -0.48234928 0.23763324
vn 0.05098003 -0.59999543 -0.79837745
vn 0.05098003 -0.59999543 -0.79837745
vn 0.05098003 -0.59999543 -0.79837745
vn 0.05098003 -0.59999543 -0.79837745
vn 0.21568465 0.9764631 -0
vn 0.12933922 0.9916004 -0
vn 0.21568465 0.9764631 -0
vn 0.18405212 0.9829164 -0
vn 0.050914306 0.998703 -0
vn 0.0039215684 0.99999225 -0.00034526698
vn -0.058721937 0.9982743 -0
vn -0.019604048 0.9998079 -0
vn -0.003921509 0.99999225 -0.00034526698
vn -0.003921509 0.99999225 -0.00034526698
vn 0.0039215684 0.99999225 -0.00034526698
vn -0.011763804 0.99993086 -0
vn 0.0039215684 0.99999225 -0.00034526698
vn 0.0039215684 0.99999225 -0.00034526698
vn -0.027440555 0.9996234 -0
vn -0.058721937 0.9982743 -0
vn -0.058721937 0.9982743 -0
vn -0.003921509 -0.9999924 -0
vn -0.003921509 -0.9999924 -0
vn 0.0039215684 -0.9999924 -0
vn -0.003921509 -0.9999924 -0
vn -0.003921509 -0.9999924 -0
vn -0.003921509 -0.9999924 -0
vn -0.003921509 -0.9999924 -0
vn -0.003921509 -0.9999924 -0
vn -0.003921509 -0.9999924 -0
vn -0.003921509 -0.9999924 -0
vn 0.066519044 -0.9977852 -0
vn -0.003921509 -0.9999924 -0
vn 0.13703488 -0.99056625 -0
vn 0.19160226 -0.9814727 -0
vn 0.16078311 -0.9843062 -0.072733015
vn 0.16078311 -0.9843062 -0.072733015
vn 0.31764466 -0.23921388 -0.9175394
vn 0.19215542 -0.05882311 -0.97959995
vn 0.20784158 -0.16862619 -0.9635181
vn 0.28627235 0.003921509 -0.95814025
vn 0.2313708 0.16078305 -0.95948756
vn 0.38823235 0.22352767 -0.89404196
vn 0.39607543 -0.26274312 -0.87982404
vn 0.38038927 -0.019607723 -0.9246186
vn 0.4352908 -0.49803543 -0.7499884
vn 0.38038927 -0.42744774 -0.8201173
vn 0.6078385 0.262743 -0.7493321
vn 0.5058785 0.48234916 -0.7151407
vn 0.62352467 -0.35686004 -0.6956062
vn 0.4352908 -0.72548467 -0.5330984
vn 0.23921388 -0.6156816 -0.7508082
vn 0.5764662 -0.035293877 -0.8163584
vn 0.6784262 -0.654897 -0.33293816
vn 0.14509696 -0.83528775 -0.53032184
vn 0.09019542 -0.66274005 -0.7433979
vn 0.05098003 -0.93724775 -0.34491697
vn 0.13725388 -0.9843062 -0.110917255
vn 0.41176158 -0.90587544 -0.09920704
vn 0.16862619 -0.8823462 0.4393522
vn 0.019607723 -0.9921493 -0.12351248
vn -0.035293818 -0.9921493 -0.11997543
vn -0.066518985 -0.9977852 -0
vn -0.02745068 -0.9921493 0.12200926
vn 0.0274508 -0.96862006 0.24702556
vn 0.066666186 -0.87450314 0.4804164
vn 0.121567726 -0.6784262 0.72454065
vn 0.20784158 -0.5843093 0.78446454
vn 0.34901696 -0.45097697 0.8214663
vn 0.27842927 -0.23921388 0.9301902
vn 0.4039185 -0.8117585 0.42177948
vn 0.654897 -0.7490139 0.100439765
vn 0.3411739 -0.23921388 0.90905285
vn 0.41176158 -0.11372465 0.9041676
vn 0.52156466 -0.14509696 0.84078366
vn 0.52156466 0.0901953 0.848431
vn 0.59999543 -0.5058785 0.6197519
vn 0.56078005 0.12941074 0.8177889
vn 0.48234928 0.44313383 0.7556266
vn 0.6156816 -0.10588157 0.78084904
vn 0.69411236 -0.49019235 0.5271807
vn 0.72548467 -0.6784262 0.11580092
vn 0.73332775 -0.6156816 -0.28838626
vn 0.756857 -0.32548773 -0.5667674
vn 0.7803862 0.08235228 -0.6198512
vn 0.6862693 0.23921382 0.6868852
vn 0.7411708 0.45882 -0.49005106
vn 0.66274005 0.42744768 0.6148692
vn 0.7490139 0.59215224 0.29721025
vn 0.66274005 0.4980353 -0.5592284
vn 0.4352908 0.7176415 0.5436107
vn 0.24705696 0.8039154 0.5410018
vn 0.6784262 0.66274 0.31703877
vn 0.73332775 0.67842615 0.044366807
vn 0.6705831 0.6941123 -0.2617754
vn 0.73332775 0.6313677 -0.25220087
vn 0.4431339 0.7176415 -0.5372365
vn 0.2705862 0.8117584 -0.5175243
vn 0.6705831 0.74117076 0.031370882
vn 0.45097697 0.85097384 0.26919004
vn 0.4352908 0.85881686 -0.27010274
vn 0.44250825 0.8967644 -0
vn 0.16862619 0.93724763 0.30517548
vn 0.066666186 0.9529338 0.2957581
vn 0.06651905 0.9977852 -0
vn 0.16862619 0.9843061 0.05202602
vn 0.20784158 0.93724763 -0.27994424
vn 0.17646927 0.93724763 -0.30070832
vn -0.003921509 0.99999225 -0.00034526698
vn -0.003921509 0.99999225 -0.00034526698
vn -0.003921509 0.99999225 -0.00034526698
vn -0.019604048 0.9998079 -0
vn -0.003921509 0.99999225 -0.00034526698
vn -0.0901953 0.99214923 -0.08662968
vn -0.003921509 0.99999225 -0.00034526698
vn 0.0039215684 0.99999225 -0.00034526698
vn -0.003921509 0.99999225 -0.00034526698
vn 0.0039215684 0.99999225 -0.00034526698
vn -0.003921509 0.99999225 -0.00034526698
vn 0.0039215684 0.99999225 -0.00034526698
vn 0.0039215684 0.99999225 -0.00034526698
vn -0.9607769 -0.121567726 0.24925686
vn -0.9607769 -0.121567726 0.24925686
vn -0.9215615 -0.17646927 0.34580776
vn -0.91371846 -0.18431234 0.36214298
vn -0.56862307 -0.5372508 0.62292004
vn -0.5999954 -0.41176158 0.6858994
vn -0.5999954 -0.41176158 0.6858994
vn -0.066666126 -0.42744774 0.90157866
vn -0.56862307 -0.5372508 0.62292004
vn 0.29411542 -0.59999543 0.7439769
vn 0.7176416 -0.25490004 0.6480868
vn -0.035293818 -0.8901893 0.45422173
vn 0.5764662 -0.7490139 0.32659593
vn 0.8901893 -0.3411739 0.3019328
vn 0.9137185 -0.36470312 0.1791929
vn 0.19215542 -0.960777 0.19995967
vn 0.6470539 -0.756857 0.09213454
vn 0.2705862 -0.960777 0.0607508
vn 0.9215616 0.13725376 0.3631606
vn 0.86666006 0.37254608 0.33182794
vn 0.94509083 0.11372459 0.30638215
vn 0.8274447 0.38823223 0.4057229
vn 0.41960466 0.68626916 0.5941099
vn -0.08235228 0.8901892 0.44808632
vn 0.3019585 0.8352877 0.4594731
vn -0.7568569 0.6156815 0.21932587
vn -0.27058613 0.8117584 0.51752436
vn 0.76470006 0.34117377 0.5466574
vn 0.011763923 0.99993086 -0
vn 0.011763923 0.99993086 -0
vn 0.019604107 0.9998079 -0
vn 0.019604107 0.9998079 -0
vn 0.019604107 0.9998079 -0
vn 0.027440675 0.9996234 -0
vn 0.03527219 0.9993777 -0
vn 0.04309721 0.9990709 -0
vn 0.04309721 0.9990709 -0
vn 0.058722056 0.9982743 -0
vn -0.9843061 -0.17646927 -0.00034255895
vn -0.9215615 -0.3019585 0.2440194
vn -0.9764631 -0.20784158 0.057634674
vn -0.9215615 -0.3333308 0.19903512
vn -0.85097384 -0.31764466 0.41826472
vn 0.27842927 0.9529338 0.11997642
vn 0.5137216 0.85097384 0.10924113
vn 0.5372508 0.8352877 0.116858974
vn 0.21568465 0.9607769 0.17432103
vn 0.97646314 0.11372459 0.18326612
vn 0.9843062 0.13725376 0.11091747
vn 0.9843062 0.13725376 0.11091747
vn 0.97646314 0.11372459 0.18326612
vn 0.9529339 0.0901953 0.28945082
vn 0.9529339 0.0901953 0.28945082
vn 0.9137185 0.12156761 0.38773674
vn 0.9137185 0.12156761 0.38773674
vn 0.8901893 0.13725376 0.43442428
vn 0.8901893 0.13725376 0.43442428
vn 0.504114 -0.86363715 -0
vn 0.74892175 -0.6626585 -0
vn 0.41960466 -0.90587544 -0.05763322
vn 0.3019585 -0.9529339 -0.02716661
vn 0.34897402 -0.9371325 -0
vn 0.28555307 -0.95836294 -0
vn 0.1840521 -0.9829164 -0
vn 0.29411542 -0.9529339 -0.07357387
vn 0.32548773 -0.94509083 -0.029343631
vn 0.16862619 -0.9843062 0.052023727
vn 0.08207512 -0.9966261 -0
vn 0.074303865 -0.99723566 -0
vn -0.08235228 -0.62352467 -0.77745426
vn -0.08235228 -0.62352467 -0.77745426
vn -0.08235228 -0.62352467 -0.77745426
vn -0.08235228 -0.62352467 -0.77745426
vn -0.15293992 -0.0274508 -0.9878542
vn -0.15293992 -0.0274508 -0.9878542
vn -0.15293992 -0.0274508 -0.9878542
vn -0.15293992 -0.0274508 -0.9878542
vn 0.11372465 -0.93724775 0.3295957
vn 0.11372465 -0.93724775 0.3295957
vn 0.11372465 -0.93724775 0.3295957
vn 0.11372465 -0.93724775 0.3295957
vn 0.8274447 -0.5137216 -0.22677182
vn 0.756857 -0.6156816 -0.2193256
vn 0.0274508 -0.97646314 -0.21393044
vn 0.0274508 -0.97646314 -0.21393044
vn 0.13725388 -0.8509739 0.5069564
vn 0.13725388 -0.8509739 0.5069564
vn 0.13725388 -0.8509739 0.5069564
vn 0.13725388 -0.8509739 0.5069564
vn -0.13725376 -0.20784158 -0.96848506
vn -0.13725376 -0.20784158 -0.96848506
vn -0.13725376 -0.20784158 -0.96848506
vn -0.13725376 -0.20784158 -0.96848506
vn 0.019607723 -0.960777 -0.27662814
vn 0.019607723 -0.960777 -0.27662814
vn 0.019607723 -0.960777 -0.27662814
vn 0.019607723 -0.960777 -0.27662814
vn 0.16862619 -0.5450939 0.8212416
vn 0.16862619 -0.5450939 0.8212416
vn 0.16862619 -0.5450939 0.8212416
vn 0.16862619 -0.5450939 0.8212416
vn -0.15293992 -0.11372465 -0.9816701
vn -0.15293992 -0.11372465 -0.9816701
vn -0.15293992 -0.11372465 -0.9816701
vn -0.15293992 -0.11372465 -0.9816701
vn 0.0274508 -0.96862006 -0.24702556
vn 0.0274508 -0.96862006 -0.24702556
vn 0.0274508 -0.96862006 -0.24702556
vn 0.0274508 -0.96862006 -0.24702556
vn 0.09019542 -0.9921493 -0.086628996
vn 0.09019542 -0.9921493 -0.086628996
vn 0.09019542 -0.9921493 -0.086628996
vn 0.09019542 -0.9921493 -0.086628996
vn 0.16078311 -0.6470539 0.7452986
vn 0.16078311 -0.6470539 0.7452986
vn 0.16078311 -0.6470539 0.7452986
vn 0.16078311 -0.6470539 0.7452986
vn 0.09019542 0.003921509 -0.99591637
vn 0.20784158 0.003921509 -0.97815466
vn 0.20784158 0.003921509 -0.97815466
vn 0.11372465 0.003921509 -0.9935046
vn -0.003921509 0.003921509 -0.9999846
vn -0.003921509 0.003921509 -0.9999846
vn 0.9215616 0.019607663 -0.38773674
vn 0.9294047 0.02745068 -0.36803994
vn 0.9215616 0.019607663 -0.38773674
vn 0.9294047 0.02745068 -0.36803994
vn 0.93724775 0.035293818 -0.34687316
vn 0.9999924 0.003921509 -0
vn 0.9999924 0.003921509 -0
vn 0.9999924 0.003921509 -0
vn 0.9999924 0.003921509 -0
vn 0.011764646 0.003921509 -0.9999231
vn 0.011764646 0.003921509 -0.9999231
vn 0.011764646 0.003921509 -0.9999231
vn 0.011764646 0.003921509 -0.9999231
vn -0.99999225 0.003921509 -0.00034492963
vn -0.99999225 0.003921509 -0.00034492963
vn -0.99999225 0.003921509 -0.00034492963
vn -0.99999225 0.003921509 -0.00034492963
vn 0.9215616 0.003921509 -0.38821238
vn 0.97646314 0.003921509 -0.21564874
vn 0.9843062 0.003921509 -0.17642535
vn 0.9215616 0.003921509 -0.38821238
vn 0.97646314 0.003921509 -0.21564874
vn 0.9999924 0.003921509 -0
vn 0.9999924 0.003921509 -0
vn 0.9843062 0.003921509 -0.17642535
vn 0.05882311 0.003921509 -0.99826074
vn 0.05882311 0.003921509 -0.99826074
vn 0.05882311 0.003921509 -0.99826074
vn 0.05882311 0.003921509 -0.99826074
vn -0.99999225 0.003921509 -0.00034492963
vn -0.99999225 0.003921509 -0.00034492963
vn -0.99999225 0.003921509 -0.00034492963
vn -0.99999225 0.003921509 -0.00034492963
vn 0.5686231 0.7803861 -0.26012552
vn 0.41960466 0.88234615 -0.21306624
vn 0.42744774 0.874503 -0.22920047
vn 0.5764662 0.7725431 -0.26620275
vn 0.552937 0.74117076 -0.38069227
vn -0.9764631 0.02745068 0.21393068
vn -0.9764631 0.02745068 0.21393068
vn -0.9764631 0.02745068 0.21393068
vn -0.9764631 0.02745068 0.21393068
vn -0.9843061 -0.098038495 0.14673096
vn -0.9843061 -0.098038495 0.14673096
vn -0.9843061 -0.098038495 0.14673096
vn -0.9843061 -0.098038495 0.14673096
vn -0.99214923 0.011764526 0.124505006
vn -0.99214923 0.011764526 0.124505006
vn -0.99214923 0.011764526 0.124505006
vn -0.99214923 0.011764526 0.124505006
vn 0.7176416 0.2941153 0.6312581
vn 0.654897 0.27842915 0.70255756
vn 0.5137216 0.670583 0.5351715
vn 0.5450939 0.67842615 0.49255517
vn -0.003921509 0.9607769 0.27729464
vn -0.003921509 0.9764631 0.21564901
vn -0.5450938 0.67842615 0.4925553
vn 0.35686004 0.6078384 0.7093542
vn 0.38823235 0.27842915 0.8784946
vn -0.003921509 0.2862723 0.9581403
vn -0.003921509 0.67842615 0.7346581
vn -0.35685992 0.6078384 0.7093543
vn -0.38823223 0.27842915 0.8784947
vn -0.65489686 0.27842915 0.70255774
vn -0.51372147 0.670583 0.5351716
vn -0.7176415 0.2941153 0.6312582
vn 0.56078005 0.10588145 0.8211668
vn 0.6156816 0.37254608 0.69436705
vn -0.003921509 0.5215646 0.85320276
vn -0.003921509 0.12941074 0.99158335
vn -0.5607799 0.10588145 0.8211669
vn -0.6156815 0.37254608 0.6943671
vn 0.5372508 0.7176415 0.44311652
vn -0.53725076 0.7176415 0.44311664
vn -0.003921509 0.85881686 0.5122677
vn 0.49019235 0.7803861 0.38821253
vn -0.4901923 0.7803861 0.38821262
vn -0.003921509 0.8980323 0.439912
vn 0.5450939 0.7568569 0.3606109
vn -0.5450938 0.7568569 0.36061108
vn -0.003921509 0.8980323 0.439912
vn -0.04309709 0.9990709 -0
vn 0.04309721 0.9990709 -0
vn 0.20784158 0.9764631 0.05763477
vn -0.04309709 0.9990709 -0
vn 0.16862619 0.9843061 0.05202602
vn -0.003921509 0.99999225 -0.00034526698
vn 0.04309721 0.9990709 -0
vn -0.003921509 0.99214923 0.12499809
vn -0.003921509 0.99999225 -0.00034526698
vn -0.16862607 0.9843061 0.052026592
vn -0.04309709 0.9990709 -0
vn -0.04309709 0.9990709 -0
vn -0.20784152 0.9764631 0.05763477
vn 0.04309721 0.9990709 -0
vn 0.04309721 0.9990709 -0
vn 0.9294047 -0.17646927 -0.32413813
vn 0.9215616 -0.3333308 -0.19903468
vn 0.9999924 0.003921509 -0
vn 0.9294047 0.05882299 -0.36434433
vn 0.9215616 -0.38038927 -0.07764171
vn 0.9215616 0.27058613 -0.27840146
vn 0.9294047 -0.34901696 0.11997534
vn 0.9215616 0.3803892 -0.077641994
vn 0.9215616 -0.25490004 0.29283136
vn 0.9215616 0.34117377 0.18526924
vn 0.9294047 -0.05882311 0.3643443
vn 0.9294047 0.1764692 0.32413813
vn -0.99999225 0.003921509 -0.00034492963
vn -0.9294046 -0.34901696 0.119975835
vn -0.9215615 -0.38038927 -0.07764286
vn -0.9215615 -0.25490004 0.29283166
vn -0.9215615 -0.3333308 -0.19903512
vn -0.9294046 -0.05882311 0.36434448
vn -0.9294046 -0.17646927 -0.3241383
vn -0.9294046 0.1764692 0.32413834
vn -0.9294046 0.05882299 -0.36434448
vn -0.9215615 0.34117377 0.18526973
vn -0.9215615 0.27058613 -0.2784018
vn -0.9215615 0.3803892 -0.07764315
g malevolence_a_mesh_0
f 3/3/3 2/2/2 1/1/1
f 6/6/6 5/5/5 4/4/4
f 9/9/9 8/8/8 7/7/7
f 12/12/12 11/11/11 10/10/10
f 15/15/15 14/14/14 13/13/13
f 17/17/17 15/15/15 16/16/16
f 20/20/20 19/19/19 18/18/18
f 23/23/23 22/22/22 21/21/21
f 26/26/26 25/25/25 24/24/24
f 29/29/29 28/28/28 27/27/27
f 32/32/32 31/31/31 30/30/30
f 30/30/30 31/31/31 33/33/33
f 34/34/34 30/30/30 33/33/33
f 31/31/31 35/35/35 33/33/33
f 33/33/33 36/36/36 34/34/34
f 33/33/33 35/35/35 36/36/36
f 35/35/35 37/37/37 36/36/36
f 36/36/36 38/38/38 34/34/34
f 36/36/36 37/37/37 39/39/39
f 36/36/36 40/40/40 38/38/38
f 40/40/40 36/36/36 39/39/39
f 40/40/40 41/41/41 38/38/38
f 40/40/40 39/39/39 42/42/42
f 40/40/40 42/42/42 41/41/41
f 42/42/42 43/43/43 41/41/41
f 39/39/39 44/44/44 42/42/42
f 45/45/45 42/42/42 44/44/44
f 48/48/48 47/47/47 46/46/46
f 49/49/49 48/48/48 46/46/46
f 49/49/49 46/46/46 50/50/50
f 49/49/49 51/51/51 48/48/48
f 51/51/51 52/52/52 48/48/48
f 53/53/53 52/52/52 51/51/51
f 46/46/46 54/54/54 50/50/50
f 50/50/50 54/54/54 55/55/55
f 54/54/54 56/56/56 55/55/55
f 56/56/56 57/57/57 55/55/55
f 57/57/57 58/58/58 55/55/55
f 57/57/57 59/59/59 58/58/58
f 59/59/59 60/60/60 58/58/58
f 60/60/60 59/59/59 61/61/61
f 59/59/59 62/62/62 61/61/61
f 63/63/63 60/60/60 61/61/61
f 64/64/64 63/63/63 61/61/61
f 64/64/64 65/65/65 63/63/63
f 68/68/68 67/67/67 66/66/66
f 69/69/69 68/68/68 66/66/66
f 68/68/68 69/69/69 70/70/70
f 69/69/69 71/71/71 70/70/70
f 72/72/72 71/71/71 69/69/69
f 73/73/73 70/70/70 71/71/71
f 74/74/74 69/69/69 66/66/66
f 74/74/74 72/72/72 69/69/69
f 75/75/75 73/73/73 71/71/71
f 72/72/72 75/75/75 71/71/71
f 72/72/72 76/76/76 75/75/75
f 75/75/75 77/77/77 73/73/73
f 77/77/77 78/78/78 73/73/73
f 79/79/79 74/74/74 66/66/66
f 79/79/79 66/66/66 80/80/80
f 75/75/75 76/76/76 81/81/81
f 75/75/75 81/81/81 77/77/77
f 82/82/82 78/78/78 77/77/77
f 83/83/83 78/78/78 82/82/82
f 82/82/82 77/77/77 84/84/84
f 81/81/81 84/84/84 77/77/77
f 85/85/85 82/82/82 84/84/84
f 86/86/86 79/79/79 80/80/80
f 86/86/86 80/80/80 87/87/87
f 88/88/88 86/86/86 87/87/87
f 87/87/87 89/89/89 88/88/88
f 86/86/86 88/88/88 90/90/90
f 86/86/86 90/90/90 91/91/91
f 79/79/79 86/86/86 91/91/91
f 88/88/88 92/92/92 90/90/90
f 89/89/89 93/93/93 88/88/88
f 88/88/88 93/93/93 92/92/92
f 89/89/89 94/94/94 93/93/93
f 94/94/94 95/95/95 93/93/93
f 94/94/94 96/96/96 95/95/95
f 96/96/96 97/97/97 95/95/95
f 98/98/98 93/93/93 95/95/95
f 93/93/93 98/98/98 92/92/92
f 95/95/95 97/97/97 99/99/99
f 99/99/99 98/98/98 95/95/95
f 98/98/98 99/99/99 92/92/92
f 97/97/97 100/100/100 99/99/99
f 99/99/99 101/101/101 92/92/92
f 99/99/99 100/100/100 101/101/101
f 92/92/92 101/101/101 90/90/90
f 100/100/100 102/102/102 101/101/101
f 101/101/101 102/102/102 103/103/103
f 101/101/101 103/103/103 90/90/90
f 102/102/102 104/104/104 103/103/103
f 103/103/103 104/104/104 105/105/105
f 104/104/104 106/106/106 105/105/105
f 90/90/90 103/103/103 107/107/107
f 103/103/103 105/105/105 107/107/107
f 105/105/105 106/106/106 108/108/108
f 109/109/109 107/107/107 105/105/105
f 108/108/108 109/109/109 105/105/105
f 110/110/110 109/109/109 108/108/108
f 111/111/111 90/90/90 107/107/107
f 112/112/112 111/111/111 107/107/107
f 111/111/111 113/113/113 90/90/90
f 107/107/107 114/114/114 112/112/112
f 107/107/107 109/109/109 114/114/114
f 113/113/113 115/115/115 90/90/90
f 109/109/109 116/116/116 114/114/114
f 116/116/116 109/109/109 117/117/117
f 109/109/109 110/110/110 117/117/117
f 90/90/90 115/115/115 91/91/91
f 118/118/118 117/117/117 110/110/110
f 115/115/115 119/119/119 91/91/91
f 120/120/120 91/91/91 119/119/119
f 121/121/121 118/118/118 110/110/110
f 110/110/110 122/122/122 121/121/121
f 123/123/123 91/91/91 120/120/120
f 124/124/124 123/123/123 120/120/120
f 91/91/91 123/123/123 79/79/79
f 123/123/123 124/124/124 125/125/125
f 126/126/126 123/123/123 125/125/125
f 123/123/123 74/74/74 79/79/79
f 123/123/123 126/126/126 74/74/74
f 125/125/125 127/127/127 126/126/126
f 127/127/127 128/128/128 126/126/126
f 129/129/129 126/126/126 128/128/128
f 130/130/130 121/121/121 122/122/122
f 130/130/130 131/131/131 121/121/121
f 132/132/132 130/130/130 122/122/122
f 126/126/126 133/133/133 74/74/74
f 133/133/133 72/72/72 74/74/74
f 128/128/128 134/134/134 129/129/129
f 135/135/135 134/134/134 128/128/128
f 134/134/134 136/136/136 129/129/129
f 122/122/122 137/137/137 132/132/132
f 132/132/132 137/137/137 138/138/138
f 138/138/138 137/137/137 139/139/139
f 140/140/140 139/139/139 137/137/137
f 133/133/133 126/126/126 141/141/141
f 141/141/141 126/126/126 129/129/129
f 142/142/142 141/141/141 129/129/129
f 143/143/143 133/133/133 141/141/141
f 144/144/144 142/142/142 129/129/129
f 145/145/145 129/129/129 136/136/136
f 145/145/145 144/144/144 129/129/129
f 145/145/145 136/136/136 146/146/146
f 145/145/145 146/146/146 147/147/147
f 147/147/147 148/148/148 145/145/145
f 145/145/145 149/149/149 144/144/144
f 149/149/149 150/150/150 144/144/144
f 149/149/149 151/151/151 150/150/150
f 151/151/151 152/152/152 150/150/150
f 152/152/152 151/151/151 153/153/153
f 154/154/154 152/152/152 153/153/153
f 155/155/155 154/154/154 153/153/153
f 154/154/154 155/155/155 156/156/156
f 157/157/157 156/156/156 155/155/155
f 157/157/157 158/158/158 156/156/156
f 158/158/158 157/157/157 159/159/159
f 159/159/159 148/148/148 160/160/160
f 148/148/148 161/161/161 160/160/160
f 160/160/160 162/162/162 159/159/159
f 162/162/162 158/158/158 159/159/159
f 162/162/162 163/163/163 158/158/158
f 163/163/163 164/164/164 158/158/158
f 163/163/163 165/165/165 164/164/164
f 156/156/156 158/158/158 166/166/166
f 166/166/166 158/158/158 164/164/164
f 84/84/84 154/154/154 156/156/156
f 84/84/84 156/156/156 166/166/166
f 84/84/84 81/81/81 154/154/154
f 81/81/81 167/167/167 154/154/154
f 167/167/167 81/81/81 76/76/76
f 168/168/168 167/167/167 76/76/76
f 76/76/76 169/169/169 168/168/168
f 85/85/85 84/84/84 166/166/166
f 169/169/169 76/76/76 170/170/170
f 85/85/85 166/166/166 171/171/171
f 171/171/171 166/166/166 164/164/164
f 172/172/172 85/85/85 171/171/171
f 76/76/76 173/173/173 170/170/170
f 173/173/173 76/76/76 72/72/72
f 173/173/173 174/174/174 170/170/170
f 174/174/174 173/173/173 72/72/72
f 174/174/174 175/175/175 170/170/170
f 133/133/133 174/174/174 72/72/72
f 174/174/174 143/143/143 175/175/175
f 133/133/133 143/143/143 174/174/174
f 171/171/171 164/164/164 176/176/176
f 165/165/165 176/176/176 164/164/164
f 177/177/177 176/176/176 165/165/165
f 178/178/178 176/176/176 177/177/177
f 179/179/179 176/176/176 178/178/178
f 172/172/172 171/171/171 180/180/180
f 180/180/180 171/171/171 176/176/176
f 180/180/180 176/176/176 179/179/179
f 181/181/181 172/172/172 180/180/180
f 181/181/181 180/180/180 179/179/179
f 182/182/182 181/181/181 179/179/179
f 185/185/185 184/184/184 183/183/183
f 184/184/184 185/185/185 186/186/186
f 185/185/185 187/187/187 186/186/186
f 186/186/186 187/187/187 188/188/188
f 187/187/187 189/189/189 188/188/188
f 188/188/188 189/189/189 190/190/190
f 191/191/191 188/188/188 190/190/190
f 190/190/190 192/192/192 191/191/191
f 192/192/192 190/190/190 193/193/193
f 190/190/190 194/194/194 193/193/193
f 194/194/194 195/195/195 193/193/193
f 195/195/195 196/196/196 193/193/193
f 196/196/196 195/195/195 197/197/197
f 198/198/198 197/197/197 195/195/195
f 199/199/199 198/198/198 195/195/195
f 199/199/199 200/200/200 198/198/198
f 200/200/200 201/201/201 198/198/198
f 200/200/200 202/202/202 201/201/201
f 202/202/202 203/203/203 201/201/201
f 203/203/203 202/202/202 204/204/204
f 207/207/207 206/206/206 205/205/205
f 208/208/208 205/205/205 206/206/206
f 206/206/206 209/209/209 208/208/208
f 208/208/208 209/209/209 210/210/210
f 210/210/210 209/209/209 211/211/211
f 214/214/214 213/213/213 212/212/212
f 215/215/215 213/213/213 214/214/214
f 215/215/215 214/214/214 216/216/216
f 214/214/214 217/217/217 216/216/216
f 216/216/216 217/217/217 218/218/218
f 217/217/217 219/219/219 218/218/218
f 217/217/217 220/220/220 219/219/219
f 218/218/218 219/219/219 221/221/221
f 219/219/219 222/222/222 221/221/221
f 223/223/223 221/221/221 222/222/222
f 226/226/226 225/225/225 224/224/224
f 225/225/225 227/227/227 224/224/224
f 224/224/224 227/227/227 228/228/228
f 227/227/227 225/225/225 229/229/229
f 228/228/228 227/227/227 229/229/229
f 225/225/225 230/230/230 229/229/229
f 231/231/231 224/224/224 228/228/228
f 229/229/229 230/230/230 232/232/232
f 228/228/228 233/233/233 231/231/231
f 234/234/234 231/231/231 233/233/233
f 235/235/235 233/233/233 228/228/228
f 236/236/236 229/229/229 232/232/232
f 232/232/232 237/237/237 236/236/236
f 238/238/238 235/235/235 228/228/228
f 229/229/229 239/239/239 228/228/228
f 239/239/239 238/238/238 228/228/228
f 236/236/236 240/240/240 229/229/229
f 240/240/240 239/239/239 229/229/229
f 237/237/237 241/241/241 236/236/236
f 241/241/241 240/240/240 236/236/236
f 239/239/239 240/240/240 242/242/242
f 238/238/238 239/239/239 242/242/242
f 235/235/235 238/238/238 243/243/243
f 244/244/244 235/235/235 243/243/243
f 240/240/240 241/241/241 245/245/245
f 242/242/242 240/240/240 245/245/245
f 245/245/245 246/246/246 242/242/242
f 242/242/242 247/247/247 238/238/238
f 247/247/247 243/243/243 238/238/238
f 243/243/243 248/248/248 244/244/244
f 248/248/248 249/249/249 244/244/244
f 245/245/245 241/241/241 250/250/250
f 250/250/250 241/241/241 237/237/237
f 249/249/249 248/248/248 251/251/251
f 252/252/252 249/249/249 251/251/251
f 251/251/251 248/248/248 253/253/253
f 248/248/248 243/243/243 254/254/254
f 248/248/248 254/254/254 253/253/253
f 243/243/243 247/247/247 254/254/254
f 253/253/253 254/254/254 255/255/255
f 254/254/254 256/256/256 255/255/255
f 256/256/256 254/254/254 247/247/247
f 255/255/255 256/256/256 257/257/257
f 258/258/258 256/256/256 247/247/247
f 247/247/247 242/242/242 258/258/258
f 246/246/246 258/258/258 242/242/242
f 246/246/246 256/256/256 258/258/258
f 256/256/256 246/246/246 257/257/257
f 259/259/259 257/257/257 246/246/246
f 260/260/260 259/259/259 246/246/246
f 261/261/261 260/260/260 246/246/246
f 261/261/261 246/246/246 245/245/245
f 245/245/245 250/250/250 261/261/261
f 260/260/260 261/261/261 262/262/262
f 250/250/250 262/262/262 261/261/261
f 263/263/263 260/260/260 262/262/262
f 260/260/260 263/263/263 264/264/264
f 262/262/262 250/250/250 265/265/265
f 263/263/263 262/262/262 266/266/266
f 266/266/266 262/262/262 265/265/265
f 250/250/250 267/267/267 265/265/265
f 267/267/267 250/250/250 237/237/237
f 268/268/268 267/267/267 237/237/237
f 269/269/269 268/268/268 237/237/237
f 268/268/268 269/269/269 270/270/270
f 270/270/270 269/269/269 271/271/271
f 272/272/272 270/270/270 271/271/271
f 271/271/271 273/273/273 272/272/272
f 273/273/273 274/274/274 272/272/272
f 275/275/275 274/274/274 273/273/273
f 276/276/276 274/274/274 275/275/275
f 274/274/274 276/276/276 277/277/277
f 276/276/276 278/278/278 277/277/277
f 279/279/279 274/274/274 277/277/277
f 280/280/280 279/279/279 277/277/277
f 274/274/274 279/279/279 281/281/281
f 274/274/274 281/281/281 282/282/282
f 274/274/274 282/282/282 272/272/272
f 282/282/282 283/283/283 272/272/272
f 270/270/270 272/272/272 283/283/283
f 284/284/284 270/270/270 283/283/283
f 284/284/284 285/285/285 270/270/270
f 285/285/285 284/284/284 286/286/286
f 285/285/285 287/287/287 270/270/270
f 287/287/287 268/268/268 270/270/270
f 268/268/268 287/287/287 288/288/288
f 287/287/287 285/285/285 288/288/288
f 289/289/289 268/268/268 288/288/288
f 268/268/268 289/289/289 267/267/267
f 289/289/289 290/290/290 267/267/267
f 267/267/267 290/290/290 265/265/265
f 291/291/291 265/265/265 290/290/290
f 290/290/290 289/289/289 292/292/292
f 292/292/292 291/291/291 290/290/290
f 291/291/291 293/293/293 265/265/265
f 293/293/293 266/266/266 265/265/265
f 285/285/285 294/294/294 288/288/288
f 288/288/288 295/295/295 289/289/289
f 295/295/295 288/288/288 294/294/294
f 289/289/289 296/296/296 292/292/292
f 295/295/295 296/296/296 289/289/289
f 294/294/294 285/285/285 297/297/297
f 297/297/297 285/285/285 286/286/286
f 296/296/296 298/298/298 292/292/292
f 295/295/295 299/299/299 296/296/296
f 299/299/299 298/298/298 296/296/296
f 292/292/292 300/300/300 291/291/291
f 298/298/298 300/300/300 292/292/292
f 301/301/301 295/295/295 294/294/294
f 299/299/299 295/295/295 301/301/301
f 298/298/298 302/302/302 300/300/300
f 303/303/303 302/302/302 298/298/298
f 299/299/299 303/303/303 298/298/298
f 302/302/302 304/304/304 300/300/300
f 303/303/303 299/299/299 305/305/305
f 305/305/305 299/299/299 301/301/301
f 306/306/306 303/303/303 305/305/305
f 301/301/301 294/294/294 307/307/307
f 305/305/305 301/301/301 307/307/307
f 306/306/306 305/305/305 308/308/308
f 308/308/308 305/305/305 307/307/307
f 308/308/308 307/307/307 309/309/309
f 310/310/310 306/306/306 308/308/308
f 294/294/294 311/311/311 307/307/307
f 309/309/309 307/307/307 311/311/311
f 311/311/311 294/294/294 297/297/297
f 300/300/300 304/304/304 312/312/312
f 300/300/300 312/312/312 291/291/291
f 310/310/310 308/308/308 313/313/313
f 313/313/313 308/308/308 309/309/309
f 314/314/314 311/311/311 297/297/297
f 314/314/314 309/309/309 311/311/311
f 312/312/312 304/304/304 315/315/315
f 304/304/304 316/316/316 315/315/315
f 312/312/312 315/315/315 317/317/317
f 291/291/291 312/312/312 317/317/317
f 315/315/315 318/318/318 317/317/317
f 318/318/318 319/319/319 317/317/317
f 291/291/291 317/317/317 320/320/320
f 293/293/293 291/291/291 320/320/320
f 321/321/321 314/314/314 297/297/297
f 297/297/297 286/286/286 321/321/321
f 293/293/293 320/320/320 322/322/322
f 320/320/320 323/323/323 322/322/322
f 323/323/323 324/324/324 322/322/322
f 293/293/293 322/322/322 325/325/325
f 326/326/326 293/293/293 325/325/325
f 293/293/293 326/326/326 266/266/266
f 326/326/326 327/327/327 266/266/266
f 327/327/327 263/263/263 266/266/266
f 328/328/328 263/263/263 327/327/327
f 263/263/263 328/328/328 264/264/264
f 328/328/328 329/329/329 264/264/264
f 329/329/329 330/330/330 264/264/264
f 328/328/328 331/331/331 329/329/329
f 332/332/332 331/331/331 328/328/328
f 332/332/332 328/328/328 327/327/327
f 333/333/333 331/331/331 332/332/332
f 332/332/332 334/334/334 333/333/333
f 335/335/335 334/334/334 332/332/332
f 335/335/335 332/332/332 327/327/327
f 336/336/336 335/335/335 327/327/327
f 336/336/336 327/327/327 326/326/326
f 337/337/337 335/335/335 336/336/336
f 338/338/338 337/337/337 336/336/336
f 339/339/339 336/336/336 326/326/326
f 326/326/326 325/325/325 339/339/339
f 340/340/340 339/339/339 325/325/325
f 341/341/341 340/340/340 325/325/325
f 344/344/344 343/343/343 342/342/342
f 343/343/343 344/344/344 345/345/345
f 345/345/345 346/346/346 343/343/343
f 346/346/346 347/347/347 343/343/343
f 347/347/347 346/346/346 348/348/348
f 347/347/347 348/348/348 349/349/349
f 352/352/352 351/351/351 350/350/350
f 353/353/353 351/351/351 352/352/352
f 353/353/353 352/352/352 354/354/354
f 352/352/352 355/355/355 354/354/354
f 355/355/355 356/356/356 354/354/354
f 356/356/356 357/357/357 354/354/354
f 358/358/358 357/357/357 356/356/356
f 358/358/358 356/356/356 359/359/359
f 362/362/362 361/361/361 360/360/360
f 363/363/363 362/362/362 360/360/360
f 362/362/362 363/363/363 364/364/364
f 363/363/363 365/365/365 364/364/364
f 366/366/366 364/364/364 365/365/365
f 367/367/367 366/366/366 365/365/365
f 367/367/367 368/368/368 366/366/366
f 371/371/371 370/370/370 369/369/369
f 370/370/370 372/372/372 369/369/369
f 373/373/373 369/369/369 372/372/372
f 376/376/376 375/375/375 374/374/374
f 377/377/377 376/376/376 374/374/374
f 378/378/378 376/376/376 377/377/377
f 376/376/376 378/378/378 379/379/379
f 377/377/377 380/380/380 378/378/378
f 378/378/378 381/381/381 379/379/379
f 380/380/380 382/382/382 378/378/378
f 380/380/380 383/383/383 382/382/382
f 383/383/383 384/384/384 382/382/382
f 383/383/383 385/385/385 384/384/384
f 385/385/385 386/386/386 384/384/384
f 386/386/386 387/387/387 384/384/384
f 387/387/387 388/388/388 384/384/384
f 384/384/384 388/388/388 382/382/382
f 388/388/388 389/389/389 382/382/382
f 382/382/382 389/389/389 378/378/378
f 389/389/389 390/390/390 378/378/378
f 381/381/381 378/378/378 390/390/390
f 381/381/381 390/390/390 391/391/391
f 392/392/392 381/381/381 391/391/391
f 395/395/395 394/394/394 393/393/393
f 396/396/396 395/395/395 393/393/393
f 397/397/397 396/396/396 393/393/393
f 398/398/398 397/397/397 393/393/393
f 401/401/401 400/400/400 399/399/399
f 400/400/400 402/402/402 399/399/399
f 400/400/400 403/403/403 402/402/402
f 403/403/403 404/404/404 402/402/402
f 407/407/407 406/406/406 405/405/405
f 408/408/408 407/407/407 405/405/405
f 411/411/411 410/410/410 409/409/409
f 412/412/412 411/411/411 409/409/409
f 412/412/412 413/413/413 411/411/411
f 413/413/413 414/414/414 411/411/411
f 417/417/417 416/416/416 415/415/415
f 415/415/415 416/416/416 418/418/418
f 416/416/416 419/419/419 418/418/418
f 418/418/418 419/419/419 420/420/420
f 419/419/419 421/421/421 420/420/420
f 420/420/420 421/421/421 422/422/422
f 421/421/421 423/423/423 422/422/422
f 426/426/426 425/425/425 424/424/424
f 427/427/427 426/426/426 424/424/424
f 430/430/430 429/429/429 428/428/428
f 429/429/429 431/431/431 428/428/428
f 431/431/431 432/432/432 428/428/428
f 433/433/433 432/432/432 431/431/431
f 434/434/434 432/432/432 433/433/433
f 433/433/433 435/435/435 434/434/434
f 434/434/434 435/435/435 436/436/436
f 437/437/437 435/435/435 433/433/433
f 435/435/435 437/437/437 438/438/438
f 439/439/439 438/438/438 437/437/437
f 440/440/440 438/438/438 439/439/439
f 439/439/439 441/441/441 440/440/440
f 439/439/439 442/442/442 441/441/441
f 439/439/439 443/443/443 442/442/442
f 443/443/443 444/444/444 442/442/442
f 447/447/447 446/446/446 445/445/445
f 445/445/445 448/448/448 447/447/447
f 448/448/448 449/449/449 447/447/447
f 449/449/449 448/448/448 450/450/450
f 448/448/448 451/451/451 450/450/450
f 451/451/451 452/452/452 450/450/450
f 452/452/452 453/453/453 450/450/450
f 452/452/452 451/451/451 454/454/454
f 455/455/455 452/452/452 454/454/454
f 455/455/455 454/454/454 456/456/456
f 456/456/456 457/457/457 455/455/455
f 457/457/457 458/458/458 455/455/455
f 458/458/458 457/457/457 459/459/459
f 457/457/457 460/460/460 459/459/459
f 463/463/463 462/462/462 461/461/461
f 464/464/464 463/463/463 461/461/461
f 465/465/465 463/463/463 464/464/464
f 466/466/466 465/465/465 464/464/464
f 461/461/461 467/467/467 464/464/464
f 468/468/468 466/466/466 464/464/464
f 467/467/467 468/468/468 464/464/464
f 467/467/467 461/461/461 469/469/469
f 461/461/461 470/470/470 469/469/469
f 466/466/466 468/468/468 471/471/471
f 466/466/466 471/471/471 472/472/472
f 467/467/467 473/473/473 468/468/468
f 469/469/469 473/473/473 467/467/467
f 470/470/470 474/474/474 469/469/469
f 475/475/475 474/474/474 470/470/470
f 468/468/468 476/476/476 471/471/471
f 473/473/473 476/476/476 468/468/468
f 477/477/477 473/473/473 469/469/469
f 474/474/474 477/477/477 469/469/469
f 478/478/478 474/474/474 475/475/475
f 479/479/479 478/478/478 475/475/475
f 478/478/478 479/479/479 480/480/480
f 474/474/474 478/478/478 481/481/481
f 478/478/478 480/480/480 481/481/481
f 477/477/477 474/474/474 482/482/482
f 482/482/482 474/474/474 481/481/481
f 482/482/482 481/481/481 483/483/483
f 480/480/480 484/484/484 481/481/481
f 480/480/480 485/485/485 484/484/484
f 485/485/485 486/486/486 484/484/484
f 487/487/487 484/484/484 486/486/486
f 481/481/481 484/484/484 488/488/488
f 488/488/488 484/484/484 487/487/487
f 483/483/483 481/481/481 488/488/488
f 488/488/488 487/487/487 489/489/489
f 483/483/483 488/488/488 489/489/489
f 489/489/489 490/490/490 483/483/483
f 490/490/490 491/491/491 483/483/483
f 491/491/491 492/492/492 483/483/483
f 492/492/492 491/491/491 493/493/493
f 494/494/494 482/482/482 483/483/483
f 492/492/492 494/494/494 483/483/483
f 495/495/495 482/482/482 494/494/494
f 495/495/495 477/477/477 482/482/482
f 496/496/496 492/492/492 493/493/493
f 493/493/493 497/497/497 496/496/496
f 498/498/498 496/496/496 497/497/497
f 496/496/496 498/498/498 492/492/492
f 498/498/498 497/497/497 499/499/499
f 492/492/492 500/500/500 494/494/494
f 500/500/500 495/495/495 494/494/494
f 498/498/498 500/500/500 492/492/492
f 501/501/501 498/498/498 499/499/499
f 502/502/502 501/501/501 499/499/499
f 498/498/498 503/503/503 500/500/500
f 498/498/498 501/501/501 503/503/503
f 503/503/503 504/504/504 500/500/500
f 500/500/500 504/504/504 495/495/495
f 504/504/504 505/505/505 495/495/495
f 495/495/495 505/505/505 506/506/506
f 477/477/477 495/495/495 506/506/506
f 477/477/477 506/506/506 473/473/473
f 506/506/506 507/507/507 473/473/473
f 473/473/473 507/507/507 476/476/476
f 507/507/507 508/508/508 476/476/476
f 476/476/476 508/508/508 471/471/471
f 501/501/501 509/509/509 503/503/503
f 508/508/508 510/510/510 471/471/471
f 511/511/511 509/509/509 501/501/501
f 511/511/511 501/501/501 502/502/502
f 511/511/511 512/512/512 509/509/509
f 471/471/471 510/510/510 513/513/513
f 471/471/471 513/513/513 472/472/472
f 514/514/514 511/511/511 502/502/502
f 515/515/515 514/514/514 502/502/502
f 516/516/516 512/512/512 511/511/511
f 516/516/516 511/511/511 514/514/514
f 517/517/517 512/512/512 516/516/516
f 513/513/513 510/510/510 518/518/518
f 510/510/510 519/519/519 518/518/518
f 472/472/472 513/513/513 520/520/520
f 513/513/513 518/518/518 520/520/520
f 521/521/521 472/472/472 520/520/520
f 519/519/519 517/517/517 522/522/522
f 522/522/522 517/517/517 516/516/516
f 518/518/518 519/519/519 522/522/522
f 523/523/523 516/516/516 514/514/514
f 523/523/523 514/514/514 515/515/515
f 523/523/523 522/522/522 516/516/516
f 521/521/521 520/520/520 524/524/524
f 520/520/520 518/518/518 524/524/524
f 518/518/518 522/522/522 525/525/525
f 525/525/525 522/522/522 523/523/523
f 524/524/524 518/518/518 525/525/525
f 526/526/526 523/523/523 515/515/515
f 526/526/526 515/515/515 527/527/527
f 527/527/527 528/528/528 526/526/526
f 529/529/529 525/525/525 523/523/523
f 526/526/526 529/529/529 523/523/523
f 524/524/524 525/525/525 529/529/529
f 528/528/528 529/529/529 526/526/526
f 530/530/530 521/521/521 524/524/524
f 530/530/530 524/524/524 529/529/529
f 530/530/530 529/529/529 528/528/528
f 530/530/530 531/531/531 521/521/521
f 531/531/531 530/530/530 528/528/528
f 534/534/534 533/533/533 532/532/532
f 533/533/533 535/535/535 532/532/532
f 532/532/532 535/535/535 536/536/536
f 533/533/533 537/537/537 535/535/535
f 536/536/536 535/535/535 538/538/538
f 536/536/536 538/538/538 539/539/539
f 540/540/540 538/538/538 535/535/535
f 537/537/537 541/541/541 535/535/535
f 540/540/540 535/535/535 541/541/541
f 542/542/542 540/540/540 541/541/541
f 537/537/537 543/543/543 541/541/541
f 541/541/541 544/544/544 542/542/542
f 545/545/545 542/542/542 544/544/544
f 546/546/546 545/545/545 544/544/544
f 541/541/541 543/543/543 547/547/547
f 548/548/548 541/541/541 547/547/547
f 543/543/543 549/549/549 547/547/547
f 550/550/550 549/549/549 543/543/543
f 550/550/550 551/551/551 549/549/549
f 551/551/551 552/552/552 549/549/549
f 551/551/551 553/553/553 552/552/552
f 554/554/554 552/552/552 553/553/553
f 553/553/553 555/555/555 554/554/554
f 556/556/556 552/552/552 554/554/554
f 557/557/557 556/556/556 554/554/554
f 557/557/557 554/554/554 558/558/558
f 555/555/555 559/559/559 554/554/554
f 554/554/554 560/560/560 558/558/558
f 560/560/560 554/554/554 559/559/559
f 559/559/559 561/561/561 560/560/560
f 560/560/560 561/561/561 562/562/562
f 561/561/561 563/563/563 562/562/562
f 562/562/562 563/563/563 564/564/564
f 562/562/562 564/564/564 565/565/565
f 565/565/565 564/564/564 566/566/566
f 567/567/567 565/565/565 566/566/566
f 564/564/564 568/568/568 566/566/566
f 566/566/566 568/568/568 569/569/569
f 568/568/568 570/570/570 569/569/569
f 569/569/569 570/570/570 571/571/571
f 570/570/570 572/572/572 571/571/571
f 569/569/569 571/571/571 573/573/573
f 569/569/569 573/573/573 574/574/574
f 574/574/574 573/573/573 575/575/575
f 574/574/574 576/576/576 569/569/569
f 569/569/569 576/576/576 566/566/566
f 576/576/576 577/577/577 566/566/566
f 578/578/578 566/566/566 577/577/577
f 577/577/577 579/579/579 578/578/578
f 579/579/579 580/580/580 578/578/578
f 583/583/583 582/582/582 581/581/581
f 582/582/582 584/584/584 581/581/581
f 585/585/585 584/584/584 582/582/582
f 584/584/584 585/585/585 586/586/586
f 587/587/587 585/585/585 582/582/582
f 587/587/587 582/582/582 588/588/588
f 589/589/589 587/587/587 588/588/588
f 590/590/590 589/589/589 588/588/588
f 590/590/590 591/591/591 589/589/589
f 590/590/590 588/588/588 592/592/592
f 593/593/593 590/590/590 592/592/592
f 596/596/596 595/595/595 594/594/594
f 597/597/597 596/596/596 594/594/594
f 598/598/598 597/597/597 594/594/594
f 599/599/599 598/598/598 594/594/594
f 602/602/602 601/601/601 600/600/600
f 601/601/601 603/603/603 600/600/600
f 603/603/603 601/601/601 604/604/604
f 601/601/601 605/605/605 604/604/604
f 608/608/608 607/607/607 606/606/606
f 609/609/609 607/607/607 608/608/608
f 610/610/610 609/609/609 608/608/608
f 611/611/611 607/607/607 609/609/609
f 612/612/612 609/609/609 610/610/610
f 612/612/612 611/611/611 609/609/609
f 613/613/613 612/612/612 610/610/610
f 612/612/612 613/613/613 614/614/614
f 615/615/615 611/611/611 612/612/612
f 616/616/616 612/612/612 614/614/614
f 612/612/612 616/616/616 615/615/615
f 616/616/616 617/617/617 615/615/615
f 620/620/620 619/619/619 618/618/618
f 619/619/619 621/621/621 618/618/618
f 618/618/618 621/621/621 622/622/622
f 621/621/621 619/619/619 623/623/623
f 624/624/624 621/621/621 623/623/623
f 623/623/623 625/625/625 624/624/624
f 625/625/625 626/626/626 624/624/624
f 626/626/626 627/627/627 624/624/624
f 624/624/624 627/627/627 628/628/628
f 621/621/621 629/629/629 622/622/622
f 621/621/621 624/624/624 629/629/629
f 622/622/622 629/629/629 630/630/630
f 629/629/629 631/631/631 630/630/630
f 624/624/624 632/632/632 629/629/629
f 629/629/629 632/632/632 631/631/631
f 633/633/633 624/624/624 628/628/628
f 624/624/624 633/633/633 632/632/632
f 634/634/634 633/633/633 628/628/628
f 635/635/635 634/634/634 628/628/628
f 635/635/635 636/636/636 634/634/634
f 636/636/636 637/637/637 634/634/634
f 637/637/637 638/638/638 634/634/634
f 632/632/632 639/639/639 631/631/631
f 631/631/631 639/639/639 640/640/640
f 633/633/633 641/641/641 632/632/632
f 632/632/632 641/641/641 639/639/639
f 639/639/639 642/642/642 640/640/640
f 640/640/640 642/642/642 643/643/643
f 644/644/644 634/634/634 638/638/638
f 645/645/645 644/644/644 638/638/638
f 633/633/633 634/634/634 646/646/646
f 641/641/641 633/633/633 646/646/646
f 641/641/641 647/647/647 639/639/639
f 642/642/642 639/639/639 647/647/647
f 648/648/648 644/644/644 645/645/645
f 649/649/649 648/648/648 645/645/645
f 644/644/644 648/648/648 650/650/650
f 634/634/634 644/644/644 651/651/651
f 651/651/651 644/644/644 650/650/650
f 646/646/646 634/634/634 651/651/651
f 651/651/651 650/650/650 652/652/652
f 653/653/653 651/651/651 652/652/652
f 646/646/646 651/651/651 653/653/653
f 641/641/641 646/646/646 654/654/654
f 654/654/654 646/646/646 653/653/653
f 647/647/647 641/641/641 654/654/654
f 654/654/654 653/653/653 655/655/655
f 656/656/656 654/654/654 655/655/655
f 654/654/654 656/656/656 647/647/647
f 656/656/656 655/655/655 643/643/643
f 656/656/656 657/657/657 647/647/647
f 657/657/657 642/642/642 647/647/647
f 642/642/642 658/658/658 643/643/643
f 658/658/658 656/656/656 643/643/643
f 657/657/657 658/658/658 642/642/642
f 658/658/658 657/657/657 656/656/656
f 661/661/661 660/660/660 659/659/659
f 660/660/660 662/662/662 659/659/659
f 659/659/659 662/662/662 663/663/663
f 662/662/662 660/660/660 664/664/664
f 660/660/660 665/665/665 664/664/664
f 662/662/662 664/664/664 666/666/666
f 662/662/662 667/667/667 663/663/663
f 667/667/667 662/662/662 666/666/666
f 663/663/663 667/667/667 668/668/668
f 667/667/667 666/666/666 669/669/669
f 667/667/667 670/670/670 668/668/668
f 670/670/670 667/667/667 669/669/669
f 668/668/668 670/670/670 671/671/671
f 670/670/670 669/669/669 672/672/672
f 671/671/671 670/670/670 673/673/673
f 670/670/670 672/672/672 673/673/673
f 676/676/676 675/675/675 674/674/674
f 675/675/675 677/677/677 674/674/674
f 677/677/677 678/678/678 674/674/674
f 678/678/678 679/679/679 674/674/674
f 682/682/682 681/681/681 680/680/680
f 683/683/683 682/682/682 680/680/680
f 684/684/684 683/683/683 680/680/680
f 683/683/683 685/685/685 682/682/682
f 684/684/684 685/685/685 683/683/683
f 685/685/685 686/686/686 682/682/682
f 684/684/684 687/687/687 685/685/685
f 685/685/685 687/687/687 686/686/686
f 688/688/688 686/686/686 687/687/687
f 689/689/689 688/688/688 687/687/687
f 692/692/692 691/691/691 690/690/690
f 693/693/693 692/692/692 690/690/690
f 690/690/690 694/694/694 693/693/693
f 694/694/694 695/695/695 693/693/693
f 694/694/694 696/696/696 695/695/695
f 695/695/695 696/696/696 697/697/697
f 698/698/698 695/695/695 697/697/697
f 698/698/698 697/697/697 699/699/699
f 702/702/702 701/701/701 700/700/700
f 703/703/703 702/702/702 700/700/700
f 703/703/703 700/700/700 704/704/704
f 700/700/700 705/705/705 704/704/704
f 705/705/705 706/706/706 704/704/704
f 708/708/708 707/707/707 706/706/706
f 709/709/709 707/707/707 708/708/708
f 710/710/710 709/709/709 708/708/708
f 711/711/711 707/707/707 709/709/709
f 709/709/709 710/710/710 712/712/712
f 709/709/709 713/713/713 711/711/711
f 713/713/713 709/709/709 712/712/712
f 713/713/713 714/714/714 711/711/711
f 713/713/713 712/712/712 715/715/715
f 714/714/714 713/713/713 716/716/716
f 717/717/717 713/713/713 715/715/715
f 713/713/713 717/717/717 716/716/716
f 718/718/718 717/717/717 715/715/715
f 717/717/717 718/718/718 716/716/716
f 718/718/718 719/719/719 716/716/716
f 720/720/720 718/718/718 715/715/715
f 719/719/719 718/718/718 721/721/721
f 722/722/722 718/718/718 720/720/720
f 718/718/718 722/722/722 721/721/721
f 723/723/723 722/722/722 720/720/720
f 724/724/724 721/721/721 722/722/722
f 723/723/723 725/725/725 722/722/722
f 725/725/725 724/724/724 722/722/722
f 724/724/724 725/725/725 726/726/726
f 726/726/726 728/728/728 727/727/727
f 727/727/727 728/728/728 729/729/729
f 730/730/730 727/727/727 729/729/729
f 731/731/731 730/730/730 729/729/729
f 732/732/732 731/731/731 729/729/729
f 735/735/735 734/734/734 733/733/733
f 736/736/736 734/734/734 735/735/735
f 737/737/737 736/736/736 735/735/735
f 740/740/740 739/739/739 738/738/738
f 739/739/739 740/740/740 741/741/741
f 742/742/742 739/739/739 741/741/741
f 743/743/743 742/742/742 741/741/741
f 744/744/744 742/742/742 743/743/743
f 745/745/745 744/744/744 743/743/743
f 743/743/743 746/746/746 745/745/745
f 746/746/746 747/747/747 745/745/745
f 747/747/747 748/748/748 745/745/745
f 748/748/748 749/749/749 745/745/745
f 744/744/744 745/745/745 749/749/749
f 750/750/750 744/744/744 749/749/749
f 750/750/750 749/749/749 751/751/751
f 752/752/752 750/750/750 751/751/751
f 753/753/753 752/752/752 751/751/751
f 752/752/752 753/753/753 754/754/754
f 757/757/757 756/756/756 755/755/755
f 758/758/758 757/757/757 755/755/755
f 758/758/758 759/759/759 757/757/757
f 759/759/759 760/760/760 757/757/757
f 761/761/761 760/760/760 759/759/759
f 762/762/762 761/761/761 759/759/759
f 761/761/761 762/762/762 763/763/763
f 764/764/764 761/761/761 763/763/763
f 764/764/764 763/763/763 765/765/765
f 763/763/763 766/766/766 765/765/765
f 766/766/766 767/767/767 765/765/765
f 767/767/767 768/768/768 765/765/765
f 771/771/771 770/770/770 769/769/769
f 771/771/771 772/772/772 770/770/770
f 775/775/775 774/774/774 773/773/773
f 775/775/775 773/773/773 776/776/776
f 776/776/776 773/773/773 777/777/777
f 776/776/776 777/777/777 778/778/778
f 779/779/779 776/776/776 778/778/778
f 779/779/779 778/778/778 780/780/780
f 780/780/780 778/778/778 781/781/781
f 782/782/782 780/780/780 781/781/781
f 783/783/783 782/782/782 781/781/781
f 784/784/784 783/783/783 781/781/781
f 784/784/784 785/785/785 783/783/783
f 786/786/786 785/785/785 784/784/784
f 787/787/787 786/786/786 784/784/784
f 788/788/788 786/786/786 787/787/787
f 788/788/788 789/789/789 786/786/786
f 790/790/790 789/789/789 788/788/788
f 793/793/793 792/792/792 791/791/791
f 794/794/794 793/793/793 791/791/791
f 794/794/794 791/791/791 795/795/795
f 791/791/791 796/796/796 795/795/795
f 795/795/795 796/796/796 797/797/797
f 796/796/796 798/798/798 797/797/797
f 799/799/799 797/797/797 798/798/798
f 800/800/800 799/799/799 798/798/798
f 803/803/803 802/802/802 801/801/801
f 803/803/803 801/801/801 804/804/804
f 804/804/804 805/805/805 803/803/803
f 805/805/805 804/804/804 806/806/806
f 804/804/804 807/807/807 806/806/806
f 808/808/808 806/806/806 807/807/807
f 804/804/804 801/801/801 809/809/809
f 801/801/801 810/810/810 809/809/809
f 809/809/809 811/811/811 804/804/804
f 804/804/804 811/811/811 812/812/812
f 807/807/807 804/804/804 812/812/812
f 812/812/812 813/813/813 807/807/807
f 814/814/814 808/808/808 807/807/807
f 814/814/814 815/815/815 808/808/808
f 816/816/816 815/815/815 814/814/814
f 807/807/807 817/817/817 814/814/814
f 817/817/817 807/807/807 818/818/818
f 813/813/813 818/818/818 807/807/807
f 819/819/819 818/818/818 813/813/813
f 819/819/819 820/820/820 818/818/818
f 823/823/823 822/822/822 821/821/821
f 824/824/824 823/823/823 821/821/821
f 824/824/824 821/821/821 825/825/825
f 821/821/821 826/826/826 825/825/825
f 829/829/829 828/828/828 827/827/827
f 828/828/828 830/830/830 827/827/827
f 830/830/830 831/831/831 827/827/827
f 831/831/831 832/832/832 827/827/827
f 832/832/832 833/833/833 827/827/827
f 833/833/833 834/834/834 827/827/827
f 837/837/837 836/836/836 835/835/835
f 836/836/836 838/838/838 835/835/835
f 836/836/836 839/839/839 838/838/838
f 839/839/839 840/840/840 838/838/838
f 839/839/839 841/841/841 840/840/840
f 841/841/841 842/842/842 840/840/840
f 841/841/841 843/843/843 842/842/842
f 843/843/843 844/844/844 842/842/842
f 844/844/844 843/843/843 845/845/845
f 843/843/843 846/846/846 845/845/845
f 845/845/845 846/846/846 847/847/847
f 848/848/848 845/845/845 847/847/847
f 848/848/848 847/847/847 849/849/849
f 847/847/847 850/850/850 849/849/849
f 850/850/850 851/851/851 849/849/849
f 851/851/851 852/852/852 849/849/849
f 853/853/853 852/852/852 851/851/851
f 854/854/854 853/853/853 851/851/851
f 853/853/853 854/854/854 855/855/855
f 856/856/856 853/853/853 855/855/855
f 856/856/856 855/855/855 857/857/857
f 855/855/855 858/858/858 857/857/857
f 857/857/857 858/858/858 859/859/859
f 858/858/858 860/860/860 859/859/859
f 859/859/859 860/860/860 861/861/861
f 860/860/860 862/862/862 861/861/861
f 861/861/861 862/862/862 863/863/863
f 862/862/862 864/864/864 863/863/863
f 867/867/867 866/866/866 865/865/865
f 868/868/868 867/867/867 865/865/865
f 867/867/867 868/868/868 869/869/869
f 870/870/870 867/867/867 869/869/869
f 871/871/871 870/870/870 869/869/869
f 872/872/872 871/871/871 869/869/869
f 873/873/873 871/871/871 872/872/872
f 874/874/874 873/873/873 872/872/872
f 873/873/873 874/874/874 875/875/875
f 876/876/876 873/873/873 875/875/875
f 876/876/876 875/875/875 877/877/877
f 878/878/878 876/876/876 877/877/877
f 878/878/878 877/877/877 879/879/879
f 877/877/877 880/880/880 879/879/879
f 879/879/879 880/880/880 881/881/881
f 882/882/882 879/879/879 881/881/881
f 885/885/885 884/884/884 883/883/883
f 883/883/883 884/884/884 886/886/886
f 887/887/887 883/883/883 886/886/886
f 888/888/888 883/883/883 887/887/887
f 889/889/889 888/888/888 887/887/887
f 890/890/890 889/889/889 887/887/887
f 891/891/891 889/889/889 890/890/890
f 892/892/892 889/889/889 891/891/891
f 893/893/893 892/892/892 891/891/891
f 889/889/889 892/892/892 894/894/894
f 892/892/892 893/893/893 895/895/895
f 892/892/892 896/896/896 894/894/894
f 896/896/896 892/892/892 895/895/895
f 896/896/896 895/895/895 897/897/897
f 896/896/896 897/897/897 898/898/898
f 899/899/899 896/896/896 898/898/898
f 900/900/900 899/899/899 898/898/898
f 900/900/900 898/898/898 901/901/901
f 902/902/902 900/900/900 901/901/901
f 902/902/902 903/903/903 900/900/900
f 906/906/906 905/905/905 904/904/904
f 905/905/905 907/907/907 904/904/904
f 904/904/904 907/907/907 908/908/908
f 907/907/907 905/905/905 909/909/909
f 905/905/905 910/910/910 909/909/909
f 907/907/907 909/909/909 911/911/911
f 907/907/907 912/912/912 908/908/908
f 912/912/912 907/907/907 911/911/911
f 908/908/908 912/912/912 913/913/913
f 912/912/912 911/911/911 914/914/914
f 912/912/912 915/915/915 913/913/913
f 915/915/915 912/912/912 914/914/914
f 913/913/913 915/915/915 916/916/916
f 915/915/915 914/914/914 917/917/917
f 915/915/915 918/918/918 916/916/916
f 918/918/918 915/915/915 917/917/917
f 921/921/921 920/920/920 919/919/919
f 920/920/920 921/921/921 922/922/922
f 923/923/923 920/920/920 922/922/922
f 922/922/922 924/924/924 923/923/923
f 924/924/924 925/925/925 923/923/923
f 920/920/920 923/923/923 926/926/926
f 923/923/923 925/925/925 927/927/927
f 923/923/923 927/927/927 926/926/926
f 925/925/925 928/928/928 927/927/927
f 928/928/928 929/929/929 927/927/927
f 927/927/927 930/930/930 926/926/926
f 929/929/929 930/930/930 927/927/927
f 929/929/929 931/931/931 930/930/930
f 931/931/931 932/932/932 930/930/930
f 930/930/930 933/933/933 926/926/926
f 930/930/930 932/932/932 933/933/933
f 932/932/932 934/934/934 933/933/933
f 933/933/933 934/934/934 935/935/935
f 938/938/938 937/937/937 936/936/936
f 939/939/939 938/938/938 936/936/936
f 940/940/940 938/938/938 939/939/939
f 941/941/941 940/940/940 939/939/939
f 941/941/941 942/942/942 940/940/940
f 943/943/943 942/942/942 941/941/941
f 944/944/944 942/942/942 943/943/943
f 945/945/945 944/944/944 943/943/943
f 945/945/945 946/946/946 944/944/944
f 946/946/946 947/947/947 944/944/944
f 947/947/947 946/946/946 948/948/948
f 947/947/947 948/948/948 949/949/949
f 948/948/948 950/950/950 949/949/949
f 950/950/950 951/951/951 949/949/949
f 950/950/950 952/952/952 951/951/951
f 952/952/952 953/953/953 951/951/951
f 955/955/955 944/944/944 954/954/954
f 944/944/944 956/956/956 954/954/954
f 957/957/957 955/955/955 954/954/954
f 958/958/958 955/955/955 957/957/957
f 958/958/958 957/957/957 959/959/959
f 956/956/956 960/960/960 954/954/954
f 956/956/956 961/961/961 960/960/960
f 961/961/961 962/962/962 960/960/960
f 957/957/957 963/963/963 959/959/959
f 959/959/959 963/963/963 964/964/964
f 963/963/963 965/965/965 964/964/964
f 965/965/965 963/963/963 966/966/966
f 957/957/957 954/954/954 967/967/967
f 963/963/963 957/957/957 967/967/967
f 954/954/954 960/960/960 967/967/967
f 963/963/963 967/967/967 966/966/966
f 962/962/962 968/968/968 960/960/960
f 960/960/960 968/968/968 967/967/967
f 967/967/967 968/968/968 966/966/966
f 962/962/962 969/969/969 968/968/968
f 968/968/968 970/970/970 966/966/966
f 969/969/969 970/970/970 968/968/968
f 973/973/973 972/972/972 971/971/971
f 973/973/973 971/971/971 974/974/974
f 971/971/971 975/975/975 974/974/974
f 975/975/975 976/976/976 974/974/974
f 976/976/976 977/977/977 974/974/974
f 978/978/978 977/977/977 976/976/976
f 981/981/981 980/980/980 979/979/979
f 981/981/981 979/979/979 982/982/982
f 983/983/983 981/981/981 982/982/982
f 983/983/983 982/982/982 984/984/984
f 982/982/982 985/985/985 984/984/984
f 985/985/985 986/986/986 984/984/984
f 986/986/986 987/987/987 984/984/984
f 988/988/988 987/987/987 986/986/986
f 989/989/989 988/988/988 986/986/986
f 990/990/990 988/988/988 989/989/989
f 993/993/993 992/992/992 991/991/991
f 993/993/993 991/991/991 994/994/994
f 995/995/995 993/993/993 994/994/994
f 995/995/995 994/994/994 996/996/996
f 995/995/995 997/997/997 993/993/993
f 997/997/997 998/998/998 993/993/993
f 999/999/999 998/998/998 997/997/997
f 998/998/998 999/999/999 1000/1000/1000
f 999/999/999 1001/1001/1001 1000/1000/1000
f 1001/1001/1001 1002/1002/1002 1000/1000/1000
f 1003/1003/1003 999/999/999 997/997/997
f 999/999/999 1003/1003/1003 1001/1001/1001
f 1001/1001/1001 1004/1004/1004 1002/1002/1002
f 1004/1004/1004 1005/1005/1005 1002/1002/1002
f 1004/1004/1004 1006/1006/1006 1005/1005/1005
f 1006/1006/1006 1007/1007/1007 1005/1005/1005
f 1008/1008/1008 1007/1007/1007 1006/1006/1006
f 1009/1009/1009 1008/1008/1008 1006/1006/1006
f 1009/1009/1009 1006/1006/1006 1010/1010/1010
f 1006/1006/1006 1004/1004/1004 1010/1010/1010
f 1011/1011/1011 1009/1009/1009 1010/1010/1010
f 1004/1004/1004 1001/1001/1001 1012/1012/1012
f 1010/1010/1010 1004/1004/1004 1012/1012/1012
f 1011/1011/1011 1010/1010/1010 1013/1013/1013
f 1013/1013/1013 1010/1010/1010 1012/1012/1012
f 1014/1014/1014 1011/1011/1011 1013/1013/1013
f 1003/1003/1003 1015/1015/1015 1001/1001/1001
f 1001/1001/1001 1015/1015/1015 1012/1012/1012
f 1016/1016/1016 1013/1013/1013 1012/1012/1012
f 1015/1015/1015 1016/1016/1016 1012/1012/1012
f 1017/1017/1017 1014/1014/1014 1013/1013/1013
f 1017/1017/1017 1013/1013/1013 1016/1016/1016
f 1018/1018/1018 1014/1014/1014 1017/1017/1017
f 1017/1017/1017 1019/1019/1019 1018/1018/1018
f 1019/1019/1019 1017/1017/1017 1016/1016/1016
f 1018/1018/1018 1019/1019/1019 1020/1020/1020
f 1019/1019/1019 1021/1021/1021 1020/1020/1020
f 1021/1021/1021 1022/1022/1022 1020/1020/1020
f 1023/1023/1023 1022/1022/1022 1021/1021/1021
f 1024/1024/1024 1023/1023/1023 1021/1021/1021
f 1025/1025/1025 1024/1024/1024 1021/1021/1021
f 1026/1026/1026 1025/1025/1025 1021/1021/1021
f 1027/1027/1027 1026/1026/1026 1021/1021/1021
f 1019/1019/1019 1027/1027/1027 1021/1021/1021
f 1019/1019/1019 1028/1028/1028 1027/1027/1027
f 1029/1029/1029 1016/1016/1016 1015/1015/1015
f 1003/1003/1003 1029/1029/1029 1015/1015/1015
f 1029/1029/1029 1003/1003/1003 997/997/997
f 1019/1019/1019 1030/1030/1030 1028/1028/1028
f 1031/1031/1031 1028/1028/1028 1030/1030/1030
f 1032/1032/1032 1019/1019/1019 1016/1016/1016
f 1032/1032/1032 1016/1016/1016 1029/1029/1029
f 1033/1033/1033 1029/1029/1029 997/997/997
f 1033/1033/1033 997/997/997 995/995/995
f 1030/1030/1030 1019/1019/1019 1034/1034/1034
f 1019/1019/1019 1032/1032/1032 1034/1034/1034
f 1031/1031/1031 1030/1030/1030 1035/1035/1035
f 1035/1035/1035 1030/1030/1030 1034/1034/1034
f 1031/1031/1031 1035/1035/1035 1036/1036/1036
f 1037/1037/1037 1032/1032/1032 1029/1029/1029
f 1037/1037/1037 1029/1029/1029 1033/1033/1033
f 1035/1035/1035 1038/1038/1038 1036/1036/1036
f 1039/1039/1039 1036/1036/1036 1038/1038/1038
f 1040/1040/1040 1033/1033/1033 995/995/995
f 1040/1040/1040 1041/1041/1041 1033/1033/1033
f 1040/1040/1040 995/995/995 996/996/996
f 1040/1040/1040 996/996/996 1041/1041/1041
f 996/996/996 1042/1042/1042 1041/1041/1041
f 1043/1043/1043 1042/1042/1042 996/996/996
f 1044/1044/1044 1043/1043/1043 996/996/996
f 1042/1042/1042 1043/1043/1043 1045/1045/1045
f 1046/1046/1046 1042/1042/1042 1045/1045/1045
f 1042/1042/1042 1046/1046/1046 1047/1047/1047
f 1048/1048/1048 1042/1042/1042 1047/1047/1047
f 1049/1049/1049 1042/1042/1042 1048/1048/1048
f 1042/1042/1042 1049/1049/1049 1041/1041/1041
f 1050/1050/1050 1049/1049/1049 1048/1048/1048
f 1041/1041/1041 1051/1051/1051 1033/1033/1033
f 1051/1051/1051 1037/1037/1037 1033/1033/1033
f 1051/1051/1051 1041/1041/1041 1052/1052/1052
f 1037/1037/1037 1051/1051/1051 1052/1052/1052
f 1049/1049/1049 1053/1053/1053 1041/1041/1041
f 1041/1041/1041 1053/1053/1053 1052/1052/1052
f 1053/1053/1053 1049/1049/1049 1054/1054/1054
f 1052/1052/1052 1053/1053/1053 1054/1054/1054
f 1049/1049/1049 1055/1055/1055 1054/1054/1054
f 1056/1056/1056 1037/1037/1037 1052/1052/1052
f 1032/1032/1032 1037/1037/1037 1056/1056/1056
f 1034/1034/1034 1032/1032/1032 1056/1056/1056
f 1054/1054/1054 1055/1055/1055 1057/1057/1057
f 1055/1055/1055 1058/1058/1058 1057/1057/1057
f 1059/1059/1059 1057/1057/1057 1058/1058/1058
f 1060/1060/1060 1052/1052/1052 1054/1054/1054
f 1054/1054/1054 1057/1057/1057 1060/1060/1060
f 1056/1056/1056 1052/1052/1052 1060/1060/1060
f 1057/1057/1057 1061/1061/1061 1060/1060/1060
f 1060/1060/1060 1061/1061/1061 1062/1062/1062
f 1062/1062/1062 1061/1061/1061 1063/1063/1063
f 1064/1064/1064 1056/1056/1056 1060/1060/1060
f 1064/1064/1064 1060/1060/1060 1062/1062/1062
f 1065/1065/1065 1062/1062/1062 1063/1063/1063
f 1062/1062/1062 1065/1065/1065 1064/1064/1064
f 1066/1066/1066 1065/1065/1065 1063/1063/1063
f 1056/1056/1056 1064/1064/1064 1067/1067/1067
f 1034/1034/1034 1056/1056/1056 1067/1067/1067
f 1065/1065/1065 1067/1067/1067 1064/1064/1064
f 1034/1034/1034 1067/1067/1067 1068/1068/1068
f 1068/1068/1068 1067/1067/1067 1065/1065/1065
f 1035/1035/1035 1034/1034/1034 1068/1068/1068
f 1035/1035/1035 1068/1068/1068 1038/1038/1038
f 1069/1069/1069 1065/1065/1065 1066/1066/1066
f 1069/1069/1069 1068/1068/1068 1065/1065/1065
f 1068/1068/1068 1069/1069/1069 1038/1038/1038
f 1070/1070/1070 1069/1069/1069 1066/1066/1066
f 1069/1069/1069 1071/1071/1071 1038/1038/1038
f 1071/1071/1071 1069/1069/1069 1070/1070/1070
f 1071/1071/1071 1039/1039/1039 1038/1038/1038
f 1072/1072/1072 1071/1071/1071 1070/1070/1070
f 1073/1073/1073 1039/1039/1039 1071/1071/1071
f 1072/1072/1072 1073/1073/1073 1071/1071/1071
f 1076/1076/1076 1075/1075/1075 1074/1074/1074
f 1074/1074/1074 1075/1075/1075 1077/1077/1077
f 1075/1075/1075 1078/1078/1078 1077/1077/1077
f 1074/1074/1074 1077/1077/1077 1079/1079/1079
f 1080/1080/1080 1074/1074/1074 1079/1079/1079
f 1081/1081/1081 1080/1080/1080 1079/1079/1079
f 1082/1082/1082 1081/1081/1081 1079/1079/1079
f 1083/1083/1083 1080/1080/1080 1081/1081/1081
f 1084/1084/1084 1080/1080/1080 1083/1083/1083
f 1085/1085/1085 1084/1084/1084 1083/1083/1083
f 1088/1088/1088 1087/1087/1087 1086/1086/1086
f 1089/1089/1089 1088/1088/1088 1086/1086/1086
f 1092/1092/1092 1091/1091/1091 1090/1090/1090
f 1091/1091/1091 1093/1093/1093 1090/1090/1090
f 1094/1094/1094 1093/1093/1093 1091/1091/1091
f 1094/1094/1094 1091/1091/1091 1095/1095/1095
f 1094/1094/1094 1096/1096/1096 1093/1093/1093
f 1097/1097/1097 1096/1096/1096 1094/1094/1094
f 1096/1096/1096 1098/1098/1098 1093/1093/1093
f 1098/1098/1098 1096/1096/1096 1099/1099/1099
f 1096/1096/1096 1097/1097/1097 1099/1099/1099
f 1097/1097/1097 1100/1100/1100 1099/1099/1099
f 1101/1101/1101 1100/1100/1100 1097/1097/1097
f 1094/1094/1094 1095/1095/1095 1102/1102/1102
f 1102/1102/1102 1095/1095/1095 1103/1103/1103
f 1104/1104/1104 1102/1102/1102 1103/1103/1103
f 1094/1094/1094 1102/1102/1102 1105/1105/1105
f 1106/1106/1106 1101/1101/1101 1097/1097/1097
f 1106/1106/1106 1107/1107/1107 1101/1101/1101
f 1107/1107/1107 1106/1106/1106 1108/1108/1108
f 1106/1106/1106 1097/1097/1097 1109/1109/1109
f 1106/1106/1106 1109/1109/1109 1108/1108/1108
f 1097/1097/1097 1110/1110/1110 1109/1109/1109
f 1110/1110/1110 1097/1097/1097 1094/1094/1094
f 1110/1110/1110 1094/1094/1094 1111/1111/1111
f 1109/1109/1109 1110/1110/1110 1112/1112/1112
f 1094/1094/1094 1105/1105/1105 1113/1113/1113
f 1111/1111/1111 1094/1094/1094 1113/1113/1113
f 1113/1113/1113 1105/1105/1105 1114/1114/1114
f 1115/1115/1115 1113/1113/1113 1114/1114/1114
f 1111/1111/1111 1113/1113/1113 1116/1116/1116
f 1108/1108/1108 1109/1109/1109 1117/1117/1117
f 1108/1108/1108 1117/1117/1117 1118/1118/1118
f 1117/1117/1117 1119/1119/1119 1118/1118/1118
f 1117/1117/1117 1109/1109/1109 1120/1120/1120
f 1110/1110/1110 1121/1121/1121 1112/1112/1112
f 1121/1121/1121 1110/1110/1110 1111/1111/1111
f 1116/1116/1116 1122/1122/1122 1111/1111/1111
f 1122/1122/1122 1116/1116/1116 1123/1123/1123
f 1124/1124/1124 1122/1122/1122 1123/1123/1123
f 1111/1111/1111 1122/1122/1122 1125/1125/1125
f 1120/1120/1120 1109/1109/1109 1126/1126/1126
f 1120/1120/1120 1126/1126/1126 1127/1127/1127
f 1126/1126/1126 1128/1128/1128 1127/1127/1127
f 1126/1126/1126 1109/1109/1109 1129/1129/1129
f 1129/1129/1129 1109/1109/1109 1130/1130/1130
f 1109/1109/1109 1112/1112/1112 1130/1130/1130
f 1129/1129/1129 1130/1130/1130 1131/1131/1131
f 1130/1130/1130 1132/1132/1132 1131/1131/1131
f 1130/1130/1130 1112/1112/1112 1133/1133/1133
f 1134/1134/1134 1111/1111/1111 1125/1125/1125
f 1121/1121/1121 1111/1111/1111 1134/1134/1134
f 1135/1135/1135 1133/1133/1133 1112/1112/1112
f 1133/1133/1133 1135/1135/1135 1136/1136/1136
f 1135/1135/1135 1137/1137/1137 1136/1136/1136
f 1135/1135/1135 1112/1112/1112 1138/1138/1138
f 1112/1112/1112 1121/1121/1121 1139/1139/1139
f 1112/1112/1112 1139/1139/1139 1138/1138/1138
f 1140/1140/1140 1121/1121/1121 1134/1134/1134
f 1121/1121/1121 1140/1140/1140 1139/1139/1139
f 1134/1134/1134 1125/1125/1125 1141/1141/1141
f 1141/1141/1141 1125/1125/1125 1142/1142/1142
f 1143/1143/1143 1134/1134/1134 1141/1141/1141
f 1140/1140/1140 1134/1134/1134 1143/1143/1143
f 1144/1144/1144 1140/1140/1140 1143/1143/1143
f 1140/1140/1140 1144/1144/1144 1145/1145/1145
f 1139/1139/1139 1140/1140/1140 1145/1145/1145
f 1139/1139/1139 1145/1145/1145 1146/1146/1146
f 1138/1138/1138 1139/1139/1139 1146/1146/1146
f 1138/1138/1138 1146/1146/1146 1147/1147/1147
f 1125/1125/1125 1149/1149/1149 1148/1148/1148
f 1150/1150/1150 1125/1125/1125 1148/1148/1148
f 1138/1138/1138 1152/1152/1152 1151/1151/1151
f 1153/1153/1153 1138/1138/1138 1151/1151/1151
f 1156/1156/1156 1155/1155/1155 1154/1154/1154
f 1157/1157/1157 1156/1156/1156 1154/1154/1154
f 1160/1160/1160 1159/1159/1159 1158/1158/1158
f 1161/1161/1161 1160/1160/1160 1158/1158/1158
f 1164/1164/1164 1163/1163/1163 1162/1162/1162
f 1165/1165/1165 1164/1164/1164 1162/1162/1162
f 1168/1168/1168 1167/1167/1167 1166/1166/1166
f 1169/1169/1169 1168/1168/1168 1166/1166/1166
f 1172/1172/1172 1171/1171/1171 1170/1170/1170
f 1173/1173/1173 1172/1172/1172 1170/1170/1170
f 1176/1176/1176 1175/1175/1175 1174/1174/1174
f 1177/1177/1177 1176/1176/1176 1174/1174/1174
f 1180/1180/1180 1179/1179/1179 1178/1178/1178
f 1181/1181/1181 1180/1180/1180 1178/1178/1178
f 1184/1184/1184 1183/1183/1183 1182/1182/1182
f 1185/1185/1185 1184/1184/1184 1182/1182/1182
f 1188/1188/1188 1187/1187/1187 1186/1186/1186
f 1189/1189/1189 1188/1188/1188 1186/1186/1186
f 1192/1192/1192 1191/1191/1191 1190/1190/1190
f 1193/1193/1193 1192/1192/1192 1190/1190/1190
f 1196/1196/1196 1195/1195/1195 1194/1194/1194
f 1197/1197/1197 1196/1196/1196 1194/1194/1194
f 1200/1200/1200 1199/1199/1199 1198/1198/1198
f 1199/1199/1199 1201/1201/1201 1198/1198/1198
f 1198/1198/1198 1201/1201/1201 1202/1202/1202
f 1201/1201/1201 1203/1203/1203 1202/1202/1202
f 1206/1206/1206 1205/1205/1205 1204/1204/1204
f 1207/1207/1207 1206/1206/1206 1204/1204/1204
f 1208/1208/1208 1206/1206/1206 1207/1207/1207
f 1211/1211/1211 1210/1210/1210 1209/1209/1209
f 1210/1210/1210 1212/1212/1212 1209/1209/1209
f 1212/1212/1212 1213/1213/1213 1209/1209/1209
f 1213/1213/1213 1214/1214/1214 1209/1209/1209
f 1217/1217/1217 1216/1216/1216 1215/1215/1215
f 1218/1218/1218 1217/1217/1217 1215/1215/1215
f 1221/1221/1221 1220/1220/1220 1219/1219/1219
f 1222/1222/1222 1221/1221/1221 1219/1219/1219
f 1225/1225/1225 1224/1224/1224 1223/1223/1223
f 1226/1226/1226 1225/1225/1225 1223/1223/1223
f 1229/1229/1229 1228/1228/1228 1227/1227/1227
f 1230/1230/1230 1229/1229/1229 1227/1227/1227
f 1233/1233/1233 1232/1232/1232 1231/1231/1231
f 1234/1234/1234 1233/1233/1233 1231/1231/1231
f 1237/1237/1237 1236/1236/1236 1235/1235/1235
f 1238/1238/1238 1237/1237/1237 1235/1235/1235
f 1241/1241/1241 1240/1240/1240 1239/1239/1239
f 1242/1242/1242 1241/1241/1241 1239/1239/1239
f 1245/1245/1245 1244/1244/1244 1243/1243/1243
f 1246/1246/1246 1245/1245/1245 1243/1243/1243
f 1247/1247/1247 1245/1245/1245 1246/1246/1246
f 1248/1248/1248 1247/1247/1247 1246/1246/1246
f 1247/1247/1247 1248/1248/1248 1249/1249/1249
f 1250/1250/1250 1247/1247/1247 1249/1249/1249
f 1250/1250/1250 1249/1249/1249 1251/1251/1251
f 1252/1252/1252 1250/1250/1250 1251/1251/1251
f 1255/1255/1255 1254/1254/1254 1253/1253/1253
f 1254/1254/1254 1256/1256/1256 1253/1253/1253
f 1256/1256/1256 1257/1257/1257 1253/1253/1253
f 1257/1257/1257 1258/1258/1258 1253/1253/1253
f 1254/1254/1254 1259/1259/1259 1256/1256/1256
f 1260/1260/1260 1259/1259/1259 1254/1254/1254
f 1261/1261/1261 1257/1257/1257 1256/1256/1256
f 1261/1261/1261 1262/1262/1262 1257/1257/1257
f 1259/1259/1259 1263/1263/1263 1256/1256/1256
f 1263/1263/1263 1261/1261/1261 1256/1256/1256
f 1264/1264/1264 1259/1259/1259 1260/1260/1260
f 1259/1259/1259 1265/1265/1265 1263/1263/1263
f 1264/1264/1264 1265/1265/1265 1259/1259/1259
f 1265/1265/1265 1266/1266/1266 1263/1263/1263
f 1267/1267/1267 1265/1265/1265 1264/1264/1264
f 1266/1266/1266 1268/1268/1268 1263/1263/1263
f 1268/1268/1268 1261/1261/1261 1263/1263/1263
f 1264/1264/1264 1269/1269/1269 1267/1267/1267
f 1268/1268/1268 1270/1270/1270 1261/1261/1261
f 1261/1261/1261 1270/1270/1270 1262/1262/1262
f 1268/1268/1268 1271/1271/1271 1270/1270/1270
f 1272/1272/1272 1270/1270/1270 1271/1271/1271
f 1273/1273/1273 1269/1269/1269 1264/1264/1264
f 1274/1274/1274 1269/1269/1269 1273/1273/1273
f 1274/1274/1274 1273/1273/1273 1275/1275/1275
f 1273/1273/1273 1264/1264/1264 1276/1276/1276
f 1276/1276/1276 1264/1264/1264 1260/1260/1260
f 1260/1260/1260 1277/1277/1277 1276/1276/1276
f 1278/1278/1278 1277/1277/1277 1260/1260/1260
f 1277/1277/1277 1279/1279/1279 1276/1276/1276
f 1276/1276/1276 1279/1279/1279 1280/1280/1280
f 1272/1272/1272 1281/1281/1281 1270/1270/1270
f 1272/1272/1272 1282/1282/1282 1281/1281/1281
f 1281/1281/1281 1282/1282/1282 1283/1283/1283
f 1270/1270/1270 1281/1281/1281 1284/1284/1284
f 1270/1270/1270 1284/1284/1284 1262/1262/1262
f 1285/1285/1285 1262/1262/1262 1284/1284/1284
f 1285/1285/1285 1286/1286/1286 1262/1262/1262
f 1287/1287/1287 1285/1285/1285 1284/1284/1284
f 1287/1287/1287 1284/1284/1284 1288/1288/1288
f 1291/1291/1291 1290/1290/1290 1289/1289/1289
f 1290/1290/1290 1292/1292/1292 1289/1289/1289
f 1292/1292/1292 1293/1293/1293 1289/1289/1289
f 1296/1296/1296 1295/1295/1295 1294/1294/1294
f 1297/1297/1297 1296/1296/1296 1294/1294/1294
f 1300/1300/1300 1299/1299/1299 1298/1298/1298
f 1301/1301/1301 1300/1300/1300 1298/1298/1298
f 1304/1304/1304 1303/1303/1303 1302/1302/1302
f 1305/1305/1305 1304/1304/1304 1302/1302/1302
f 1308/1308/1308 1307/1307/1307 1306/1306/1306
f 1307/1307/1307 1309/1309/1309 1306/1306/1306
f 1309/1309/1309 1307/1307/1307 1310/1310/1310
f 1307/1307/1307 1311/1311/1311 1310/1310/1310
f 1311/1311/1311 1312/1312/1312 1310/1310/1310
f 1311/1311/1311 1313/1313/1313 1312/1312/1312
f 1313/1313/1313 1314/1314/1314 1312/1312/1312
f 1313/1313/1313 1315/1315/1315 1314/1314/1314
f 1315/1315/1315 1316/1316/1316 1314/1314/1314
f 1316/1316/1316 1317/1317/1317 1314/1314/1314
f 1318/1318/1318 1317/1317/1317 1316/1316/1316
f 1318/1318/1318 1319/1319/1319 1317/1317/1317
f 1320/1320/1320 1319/1319/1319 1318/1318/1318
f 1321/1321/1321 1316/1316/1316 1315/1315/1315
f 1322/1322/1322 1318/1318/1318 1316/1316/1316
f 1322/1322/1322 1316/1316/1316 1321/1321/1321
f 1321/1321/1321 1315/1315/1315 1323/1323/1323
f 1315/1315/1315 1324/1324/1324 1323/1323/1323
f 1325/1325/1325 1320/1320/1320 1318/1318/1318
f 1325/1325/1325 1326/1326/1326 1320/1320/1320
f 1326/1326/1326 1327/1327/1327 1320/1320/1320
f 1328/1328/1328 1326/1326/1326 1325/1325/1325
f 1329/1329/1329 1325/1325/1325 1318/1318/1318
f 1329/1329/1329 1318/1318/1318 1322/1322/1322
f 1330/1330/1330 1328/1328/1328 1325/1325/1325
f 1330/1330/1330 1325/1325/1325 1329/1329/1329
f 1328/1328/1328 1330/1330/1330 1331/1331/1331
f 1332/1332/1332 1328/1328/1328 1331/1331/1331
f 1332/1332/1332 1331/1331/1331 1333/1333/1333
f 1334/1334/1334 1332/1332/1332 1333/1333/1333
f 1333/1333/1333 1331/1331/1331 1335/1335/1335
f 1336/1336/1336 1333/1333/1333 1335/1335/1335
f 1336/1336/1336 1335/1335/1335 1337/1337/1337
f 1331/1331/1331 1330/1330/1330 1338/1338/1338
f 1331/1331/1331 1338/1338/1338 1335/1335/1335
f 1339/1339/1339 1330/1330/1330 1329/1329/1329
f 1330/1330/1330 1339/1339/1339 1338/1338/1338
f 1340/1340/1340 1329/1329/1329 1322/1322/1322
f 1339/1339/1339 1329/1329/1329 1340/1340/1340
f 1341/1341/1341 1337/1337/1337 1335/1335/1335
f 1337/1337/1337 1341/1341/1341 1342/1342/1342
f 1343/1343/1343 1335/1335/1335 1338/1338/1338
f 1343/1343/1343 1341/1341/1341 1335/1335/1335
f 1344/1344/1344 1338/1338/1338 1339/1339/1339
f 1344/1344/1344 1343/1343/1343 1338/1338/1338
f 1340/1340/1340 1322/1322/1322 1345/1345/1345
f 1345/1345/1345 1322/1322/1322 1321/1321/1321
f 1346/1346/1346 1339/1339/1339 1340/1340/1340
f 1346/1346/1346 1344/1344/1344 1339/1339/1339
f 1347/1347/1347 1340/1340/1340 1345/1345/1345
f 1346/1346/1346 1340/1340/1340 1347/1347/1347
f 1345/1345/1345 1348/1348/1348 1347/1347/1347
f 1348/1348/1348 1349/1349/1349 1347/1347/1347
f 1345/1345/1345 1321/1321/1321 1350/1350/1350
f 1351/1351/1351 1345/1345/1345 1350/1350/1350
f 1352/1352/1352 1350/1350/1350 1321/1321/1321
f 1352/1352/1352 1353/1353/1353 1350/1350/1350
f 1354/1354/1354 1353/1353/1353 1352/1352/1352
f 1321/1321/1321 1323/1323/1323 1352/1352/1352
f 1355/1355/1355 1346/1346/1346 1347/1347/1347
f 1349/1349/1349 1355/1355/1355 1347/1347/1347
f 1355/1355/1355 1356/1356/1356 1346/1346/1346
f 1356/1356/1356 1355/1355/1355 1349/1349/1349
f 1356/1356/1356 1344/1344/1344 1346/1346/1346
f 1357/1357/1357 1356/1356/1356 1349/1349/1349
f 1357/1357/1357 1358/1358/1358 1356/1356/1356
f 1356/1356/1356 1358/1358/1358 1344/1344/1344
f 1358/1358/1358 1343/1343/1343 1344/1344/1344
f 1359/1359/1359 1354/1354/1354 1352/1352/1352
f 1360/1360/1360 1354/1354/1354 1359/1359/1359
f 1323/1323/1323 1361/1361/1361 1352/1352/1352
f 1361/1361/1361 1359/1359/1359 1352/1352/1352
f 1362/1362/1362 1360/1360/1360 1359/1359/1359
f 1362/1362/1362 1359/1359/1359 1361/1361/1361
f 1363/1363/1363 1360/1360/1360 1362/1362/1362
f 1358/1358/1358 1364/1364/1364 1343/1343/1343
f 1364/1364/1364 1341/1341/1341 1343/1343/1343
f 1365/1365/1365 1363/1363/1363 1362/1362/1362
f 1365/1365/1365 1362/1362/1362 1361/1361/1361
f 1323/1323/1323 1366/1366/1366 1361/1361/1361
f 1324/1324/1324 1366/1366/1366 1323/1323/1323
f 1364/1364/1364 1358/1358/1358 1367/1367/1367
f 1358/1358/1358 1368/1368/1368 1367/1367/1367
f 1341/1341/1341 1364/1364/1364 1369/1369/1369
f 1341/1341/1341 1369/1369/1369 1342/1342/1342
f 1369/1369/1369 1370/1370/1370 1342/1342/1342
f 1342/1342/1342 1370/1370/1370 1371/1371/1371
f 1370/1370/1370 1372/1372/1372 1371/1371/1371
f 1373/1373/1373 1371/1371/1371 1372/1372/1372
f 1374/1374/1374 1373/1373/1373 1372/1372/1372
f 1374/1374/1374 1375/1375/1375 1373/1373/1373
f 1376/1376/1376 1375/1375/1375 1374/1374/1374
f 1377/1377/1377 1376/1376/1376 1374/1374/1374
f 1369/1369/1369 1378/1378/1378 1324/1324/1324
f 1369/1369/1369 1364/1364/1364 1378/1378/1378
f 1378/1378/1378 1366/1366/1366 1324/1324/1324
f 1378/1378/1378 1364/1364/1364 1379/1379/1379
f 1367/1367/1367 1379/1379/1379 1364/1364/1364
f 1380/1380/1380 1379/1379/1379 1367/1367/1367
f 1380/1380/1380 1381/1381/1381 1379/1379/1379
f 1366/1366/1366 1378/1378/1378 1382/1382/1382
f 1382/1382/1382 1378/1378/1378 1379/1379/1379
f 1381/1381/1381 1383/1383/1383 1379/1379/1379
f 1383/1383/1383 1382/1382/1382 1379/1379/1379
f 1381/1381/1381 1384/1384/1384 1383/1383/1383
f 1384/1384/1384 1385/1385/1385 1383/1383/1383
f 1383/1383/1383 1385/1385/1385 1382/1382/1382
f 1384/1384/1384 1363/1363/1363 1385/1385/1385
f 1363/1363/1363 1365/1365/1365 1385/1385/1385
f 1385/1385/1385 1365/1365/1365 1382/1382/1382
f 1386/1386/1386 1366/1366/1366 1382/1382/1382
f 1365/1365/1365 1386/1386/1386 1382/1382/1382
f 1366/1366/1366 1386/1386/1386 1361/1361/1361
f 1386/1386/1386 1365/1365/1365 1361/1361/1361
f 1389/1389/1389 1388/1388/1388 1387/1387/1387
f 1389/1389/1389 1390/1390/1390 1388/1388/1388
f 1390/1390/1390 1391/1391/1391 1388/1388/1388
f 1392/1392/1392 1391/1391/1391 1390/1390/1390
f 1391/1391/1391 1392/1392/1392 1393/1393/1393
f 1391/1391/1391 1393/1393/1393 1394/1394/1394
f 1393/1393/1393 1395/1395/1395 1394/1394/1394
f 1394/1394/1394 1395/1395/1395 1396/1396/1396
f 1399/1399/1399 1398/1398/1398 1397/1397/1397
f 1400/1400/1400 1399/1399/1399 1397/1397/1397
f 1401/1401/1401 1399/1399/1399 1400/1400/1400
f 1402/1402/1402 1401/1401/1401 1400/1400/1400
f 1401/1401/1401 1402/1402/1402 1403/1403/1403
f 1404/1404/1404 1401/1401/1401 1403/1403/1403
f 1404/1404/1404 1403/1403/1403 1405/1405/1405
f 1406/1406/1406 1404/1404/1404 1405/1405/1405
f 1409/1409/1409 1408/1408/1408 1407/1407/1407
f 1407/1407/1407 1408/1408/1408 1410/1410/1410
f 1408/1408/1408 1411/1411/1411 1410/1410/1410
f 1410/1410/1410 1411/1411/1411 1412/1412/1412
f 1411/1411/1411 1413/1413/1413 1412/1412/1412
f 1413/1413/1413 1414/1414/1414 1412/1412/1412
f 1414/1414/1414 1415/1415/1415 1412/1412/1412
f 1414/1414/1414 1416/1416/1416 1415/1415/1415
f 1416/1416/1416 1417/1417/1417 1415/1415/1415
f 1416/1416/1416 1418/1418/1418 1417/1417/1417
f 1421/1421/1421 1420/1420/1420 1419/1419/1419
f 1420/1420/1420 1422/1422/1422 1419/1419/1419
f 1422/1422/1422 1420/1420/1420 1423/1423/1423
f 1422/1422/1422 1423/1423/1423 1424/1424/1424
f 1423/1423/1423 1425/1425/1425 1424/1424/1424
f 1424/1424/1424 1425/1425/1425 1426/1426/1426
f 1425/1425/1425 1427/1427/1427 1426/1426/1426
f 1427/1427/1427 1428/1428/1428 1426/1426/1426
f 1428/1428/1428 1429/1429/1429 1426/1426/1426
f 1428/1428/1428 1430/1430/1430 1429/1429/1429
f 1430/1430/1430 1431/1431/1431 1429/1429/1429
f 1432/1432/1432 1431/1431/1431 1430/1430/1430
f 1431/1431/1431 1432/1432/1432 1433/1433/1433
f 1432/1432/1432 1434/1434/1434 1433/1433/1433
f 1437/1437/1437 1436/1436/1436 1435/1435/1435
f 1436/1436/1436 1438/1438/1438 1435/1435/1435
f 1435/1435/1435 1438/1438/1438 1439/1439/1439
f 1438/1438/1438 1436/1436/1436 1440/1440/1440
f 1436/1436/1436 1441/1441/1441 1440/1440/1440
f 1438/1438/1438 1440/1440/1440 1442/1442/1442
f 1438/1438/1438 1443/1443/1443 1439/1439/1439
f 1443/1443/1443 1438/1438/1438 1442/1442/1442
f 1439/1439/1439 1443/1443/1443 1444/1444/1444
f 1443/1443/1443 1442/1442/1442 1445/1445/1445
f 1443/1443/1443 1446/1446/1446 1444/1444/1444
f 1446/1446/1446 1443/1443/1443 1445/1445/1445
f 1446/1446/1446 1447/1447/1447 1444/1444/1444
f 1447/1447/1447 1446/1446/1446 1445/1445/1445
f 1447/1447/1447 1448/1448/1448 1444/1444/1444
f 1449/1449/1449 1447/1447/1447 1445/1445/1445
f 1448/1448/1448 1447/1447/1447 1450/1450/1450
f 1447/1447/1447 1449/1449/1449 1451/1451/1451
f 1447/1447/1447 1452/1452/1452 1450/1450/1450
f 1452/1452/1452 1447/1447/1447 1451/1451/1451
f 1450/1450/1450 1452/1452/1452 1453/1453/1453
f 1452/1452/1452 1451/1451/1451 1454/1454/1454
f 1452/1452/1452 1455/1455/1455 1453/1453/1453
f 1455/1455/1455 1452/1452/1452 1454/1454/1454
f 1453/1453/1453 1455/1455/1455 1456/1456/1456
f 1455/1455/1455 1454/1454/1454 1457/1457/1457
f 1455/1455/1455 1458/1458/1458 1456/1456/1456
f 1458/1458/1458 1455/1455/1455 1457/1457/1457
f 1456/1456/1456 1458/1458/1458 1459/1459/1459
f 1458/1458/1458 1457/1457/1457 1460/1460/1460
f 1458/1458/1458 1461/1461/1461 1459/1459/1459
f 1461/1461/1461 1458/1458/1458 1460/1460/1460
f 1459/1459/1459 1461/1461/1461 1462/1462/1462
f 1461/1461/1461 1460/1460/1460 1463/1463/1463
f 1461/1461/1461 1464/1464/1464 1462/1462/1462
f 1464/1464/1464 1461/1461/1461 1463/1463/1463
f 1467/1467/1467 1466/1466/1466 1465/1465/1465
f 1466/1466/1466 1468/1468/1468 1465/1465/1465
f 1471/1471/1471 1470/1470/1470 1469/1469/1469
f 1470/1470/1470 1472/1472/1472 1469/1469/1469
f 1472/1472/1472 1470/1470/1470 1473/1473/1473
f 1470/1470/1470 1474/1474/1474 1473/1473/1473
f 1477/1477/1477 1476/1476/1476 1475/1475/1475
f 1478/1478/1478 1477/1477/1477 1475/1475/1475
f 1478/1478/1478 1475/1475/1475 1479/1479/1479
f 1475/1475/1475 1480/1480/1480 1479/1479/1479
f 1483/1483/1483 1482/1482/1482 1481/1481/1481
f 1484/1484/1484 1483/1483/1483 1481/1481/1481
f 1485/1485/1485 1484/1484/1484 1481/1481/1481
f 1486/1486/1486 1483/1483/1483 1484/1484/1484
f 1487/1487/1487 1484/1484/1484 1485/1485/1485
f 1486/1486/1486 1484/1484/1484 1487/1487/1487
f 1488/1488/1488 1486/1486/1486 1487/1487/1487
f 1489/1489/1489 1487/1487/1487 1485/1485/1485
f 1488/1488/1488 1487/1487/1487 1490/1490/1490
f 1491/1491/1491 1487/1487/1487 1489/1489/1489
f 1487/1487/1487 1491/1491/1491 1490/1490/1490
f 1492/1492/1492 1491/1491/1491 1489/1489/1489
f 1490/1490/1490 1491/1491/1491 1493/1493/1493
f 1493/1493/1493 1491/1491/1491 1492/1492/1492
f 1494/1494/1494 1493/1493/1493 1492/1492/1492
f 1495/1495/1495 1490/1490/1490 1493/1493/1493
f 1493/1493/1493 1496/1496/1496 1495/1495/1495
f 106/106/106 1498/1498/1498 1497/1497/1497
f 1499/1499/1499 106/106/106 1497/1497/1497
f 1499/1499/1499 1497/1497/1497 1500/1500/1500
f 106/106/106 1499/1499/1499 108/108/108
f 1501/1501/1501 108/108/108 1499/1499/1499
f 1502/1502/1502 1499/1499/1499 1500/1500/1500
f 1502/1502/1502 1501/1501/1501 1499/1499/1499
f 1502/1502/1502 1500/1500/1500 1503/1503/1503
f 1504/1504/1504 1502/1502/1502 1503/1503/1503
f 1504/1504/1504 1501/1501/1501 1502/1502/1502
f 1501/1501/1501 1505/1505/1505 108/108/108
f 1505/1505/1505 110/110/110 108/108/108
f 1506/1506/1506 1504/1504/1504 1503/1503/1503
f 1507/1507/1507 1506/1506/1506 1503/1503/1503
f 110/110/110 1505/1505/1505 1508/1508/1508
f 1508/1508/1508 122/122/122 110/110/110
f 1508/1508/1508 1509/1509/1509 122/122/122
f 1509/1509/1509 1510/1510/1510 122/122/122
f 1510/1510/1510 137/137/137 122/122/122
f 1511/1511/1511 137/137/137 1510/1510/1510
f 1512/1512/1512 1511/1511/1511 1510/1510/1510
f 1513/1513/1513 1511/1511/1511 1512/1512/1512
f 1514/1514/1514 1513/1513/1513 1512/1512/1512
f 1513/1513/1513 1514/1514/1514 1515/1515/1515
f 1514/1514/1514 1516/1516/1516 1515/1515/1515
f 1505/1505/1505 1517/1517/1517 1508/1508/1508
f 1516/1516/1516 1518/1518/1518 1515/1515/1515
f 1517/1517/1517 1505/1505/1505 1519/1519/1519
f 1517/1517/1517 1519/1519/1519 1520/1520/1520
f 1519/1519/1519 1505/1505/1505 1501/1501/1501
f 1520/1520/1520 1519/1519/1519 1521/1521/1521
f 1522/1522/1522 1519/1519/1519 1501/1501/1501
f 1519/1519/1519 1522/1522/1522 1521/1521/1521
f 1523/1523/1523 1522/1522/1522 1501/1501/1501
f 1522/1522/1522 1523/1523/1523 1521/1521/1521
f 1523/1523/1523 1524/1524/1524 1521/1521/1521
f 1523/1523/1523 1501/1501/1501 1504/1504/1504
f 1524/1524/1524 1523/1523/1523 1525/1525/1525
f 1523/1523/1523 1504/1504/1504 1526/1526/1526
f 1526/1526/1526 1525/1525/1525 1523/1523/1523
f 1526/1526/1526 1527/1527/1527 1525/1525/1525
f 1516/1516/1516 1527/1527/1527 1526/1526/1526
f 1526/1526/1526 1504/1504/1504 1506/1506/1506
f 1518/1518/1518 1516/1516/1516 1528/1528/1528
f 1528/1528/1528 1529/1529/1529 1518/1518/1518
f 1530/1530/1530 1516/1516/1516 1526/1526/1526
f 1530/1530/1530 1526/1526/1526 1506/1506/1506
f 1516/1516/1516 1530/1530/1530 1528/1528/1528
f 1531/1531/1531 1529/1529/1529 1528/1528/1528
f 1529/1529/1529 1531/1531/1531 1532/1532/1532
f 1506/1506/1506 1533/1533/1533 1530/1530/1530
f 1507/1507/1507 1533/1533/1533 1506/1506/1506
f 1507/1507/1507 1534/1534/1534 1533/1533/1533
f 1533/1533/1533 1535/1535/1535 1530/1530/1530
f 1528/1528/1528 1530/1530/1530 1536/1536/1536
f 1530/1530/1530 1535/1535/1535 1536/1536/1536
f 1531/1531/1531 1528/1528/1528 1536/1536/1536
f 1536/1536/1536 1535/1535/1535 1537/1537/1537
f 1535/1535/1535 1538/1538/1538 1537/1537/1537
f 1531/1531/1531 1536/1536/1536 1539/1539/1539
f 1536/1536/1536 1537/1537/1537 1539/1539/1539
f 1537/1537/1537 1538/1538/1538 1540/1540/1540
f 1538/1538/1538 1541/1541/1541 1540/1540/1540
f 1537/1537/1537 1540/1540/1540 1542/1542/1542
f 1539/1539/1539 1537/1537/1537 1542/1542/1542
f 1543/1543/1543 1540/1540/1540 1541/1541/1541
f 1542/1542/1542 1540/1540/1540 1543/1543/1543
f 1544/1544/1544 1543/1543/1543 1541/1541/1541
f 1542/1542/1542 1543/1543/1543 1545/1545/1545
f 1542/1542/1542 1545/1545/1545 1546/1546/1546
f 1542/1542/1542 1546/1546/1546 1547/1547/1547
f 1542/1542/1542 1547/1547/1547 1539/1539/1539
f 1547/1547/1547 1548/1548/1548 1539/1539/1539
f 1539/1539/1539 1548/1548/1548 1531/1531/1531
f 1548/1548/1548 1549/1549/1549 1531/1531/1531
f 1531/1531/1531 1549/1549/1549 1532/1532/1532
f 1549/1549/1549 1550/1550/1550 1532/1532/1532
f 1532/1532/1532 1550/1550/1550 140/140/140
f 1550/1550/1550 1551/1551/1551 140/140/140
f 1554/1554/1554 1553/1553/1553 1552/1552/1552
f 1552/1552/1552 1555/1555/1555 1554/1554/1554
f 1556/1556/1556 1554/1554/1554 1555/1555/1555
f 1556/1556/1556 1555/1555/1555 1557/1557/1557
f 1556/1556/1556 1557/1557/1557 1558/1558/1558
f 1561/1561/1561 1560/1560/1560 1559/1559/1559
f 1561/1561/1561 1562/1562/1562 1560/1560/1560
f 1560/1560/1560 1562/1562/1562 1563/1563/1563
f 1564/1564/1564 1560/1560/1560 1563/1563/1563
f 1563/1563/1563 1565/1565/1565 1564/1564/1564
f 1565/1565/1565 1566/1566/1566 1564/1564/1564
f 1567/1567/1567 1564/1564/1564 1566/1566/1566
f 1566/1566/1566 1565/1565/1565 1568/1568/1568
f 1569/1569/1569 1566/1566/1566 1568/1568/1568
f 1568/1568/1568 1570/1570/1570 1569/1569/1569
f 1573/1573/1573 1572/1572/1572 1571/1571/1571
f 1574/1574/1574 1573/1573/1573 1571/1571/1571
f 1574/1574/1574 1571/1571/1571 1575/1575/1575
f 1574/1574/1574 1576/1576/1576 1573/1573/1573
f 1574/1574/1574 1575/1575/1575 1576/1576/1576
f 1576/1576/1576 1577/1577/1577 1573/1573/1573
f 1571/1571/1571 1578/1578/1578 1575/1575/1575
f 1579/1579/1579 1577/1577/1577 1576/1576/1576
f 1580/1580/1580 1575/1575/1575 1578/1578/1578
f 1578/1578/1578 1581/1581/1581 1580/1580/1580
f 1580/1580/1580 1582/1582/1582 1575/1575/1575
f 1583/1583/1583 1579/1579/1579 1576/1576/1576
f 286/286/286 1579/1579/1579 1583/1583/1583
f 286/286/286 1583/1583/1583 1584/1584/1584
f 286/286/286 1584/1584/1584 321/321/321
f 1583/1583/1583 1576/1576/1576 1585/1585/1585
f 1583/1583/1583 1585/1585/1585 1584/1584/1584
f 1586/1586/1586 1576/1576/1576 1575/1575/1575
f 1576/1576/1576 1586/1586/1586 1585/1585/1585
f 1582/1582/1582 1587/1587/1587 1575/1575/1575
f 1587/1587/1587 1586/1586/1586 1575/1575/1575
f 1584/1584/1584 1585/1585/1585 1588/1588/1588
f 1584/1584/1584 1588/1588/1588 321/321/321
f 1585/1585/1585 1586/1586/1586 1589/1589/1589
f 1586/1586/1586 1587/1587/1587 1589/1589/1589
f 1585/1585/1585 1589/1589/1589 1588/1588/1588
f 1590/1590/1590 1588/1588/1588 1589/1589/1589
f 1587/1587/1587 1582/1582/1582 1591/1591/1591
f 1582/1582/1582 1592/1592/1592 1591/1591/1591
f 321/321/321 1588/1588/1588 1593/1593/1593
f 1590/1590/1590 1593/1593/1593 1588/1588/1588
f 1589/1589/1589 1587/1587/1587 1594/1594/1594
f 1587/1587/1587 1591/1591/1591 1594/1594/1594
f 1591/1591/1591 1592/1592/1592 1595/1595/1595
f 1592/1592/1592 1596/1596/1596 1595/1595/1595
f 1597/1597/1597 321/321/321 1593/1593/1593
f 321/321/321 1597/1597/1597 314/314/314
f 1598/1598/1598 1595/1595/1595 1596/1596/1596
f 1599/1599/1599 1598/1598/1598 1596/1596/1596
f 1598/1598/1598 1600/1600/1600 1595/1595/1595
f 1591/1591/1591 1595/1595/1595 1601/1601/1601
f 1600/1600/1600 1601/1601/1601 1595/1595/1595
f 1594/1594/1594 1591/1591/1591 1601/1601/1601
f 1601/1601/1601 1600/1600/1600 1602/1602/1602
f 1603/1603/1603 1601/1601/1601 1602/1602/1602
f 1601/1601/1601 1603/1603/1603 1594/1594/1594
f 1602/1602/1602 1604/1604/1604 1603/1603/1603
f 1603/1603/1603 1605/1605/1605 1594/1594/1594
f 1589/1589/1589 1594/1594/1594 1605/1605/1605
f 1605/1605/1605 1590/1590/1590 1589/1589/1589
f 1603/1603/1603 1590/1590/1590 1605/1605/1605
f 1604/1604/1604 1590/1590/1590 1603/1603/1603
f 1604/1604/1604 1606/1606/1606 1590/1590/1590
f 1606/1606/1606 1607/1607/1607 1590/1590/1590
f 1607/1607/1607 1593/1593/1593 1590/1590/1590
f 1593/1593/1593 1607/1607/1607 1597/1597/1597
f 1607/1607/1607 1608/1608/1608 1597/1597/1597
f 1608/1608/1608 1607/1607/1607 1609/1609/1609
f 1597/1597/1597 1608/1608/1608 1610/1610/1610
f 1597/1597/1597 1610/1610/1610 314/314/314
f 1610/1610/1610 1611/1611/1611 314/314/314
f 1611/1611/1611 309/309/309 314/314/314
f 1612/1612/1612 1608/1608/1608 1609/1609/1609
f 1608/1608/1608 1613/1613/1613 1610/1610/1610
f 1608/1608/1608 1612/1612/1612 1613/1613/1613
f 1614/1614/1614 1612/1612/1612 1609/1609/1609
f 1615/1615/1615 1614/1614/1614 1609/1609/1609
f 1616/1616/1616 1612/1612/1612 1614/1614/1614
f 1616/1616/1616 1617/1617/1617 1612/1612/1612
f 1612/1612/1612 1617/1617/1617 1613/1613/1613
f 1616/1616/1616 1618/1618/1618 1617/1617/1617
f 1619/1619/1619 1617/1617/1617 1618/1618/1618
f 1619/1619/1619 1620/1620/1620 1617/1617/1617
f 1613/1613/1613 1617/1617/1617 1620/1620/1620
f 1613/1613/1613 1621/1621/1621 1610/1610/1610
f 1621/1621/1621 1611/1611/1611 1610/1610/1610
f 1622/1622/1622 1613/1613/1613 1620/1620/1620
f 1621/1621/1621 1613/1613/1613 1622/1622/1622
f 1620/1620/1620 1623/1623/1623 1622/1622/1622
f 1623/1623/1623 1624/1624/1624 1622/1622/1622
f 1625/1625/1625 1621/1621/1621 1622/1622/1622
f 1626/1626/1626 1621/1621/1621 1625/1625/1625
f 1611/1611/1611 1621/1621/1621 1626/1626/1626
f 1626/1626/1626 1625/1625/1625 1627/1627/1627
f 1628/1628/1628 1626/1626/1626 1627/1627/1627
f 1629/1629/1629 1611/1611/1611 1626/1626/1626
f 1630/1630/1630 1611/1611/1611 1629/1629/1629
f 309/309/309 1611/1611/1611 1630/1630/1630
f 1631/1631/1631 1630/1630/1630 1629/1629/1629
f 1632/1632/1632 1631/1631/1631 1629/1629/1629
f 1633/1633/1633 309/309/309 1630/1630/1630
f 313/313/313 309/309/309 1633/1633/1633
f 1634/1634/1634 313/313/313 1633/1633/1633
f 310/310/310 313/313/313 1634/1634/1634
f 1635/1635/1635 310/310/310 1634/1634/1634
f 1636/1636/1636 1634/1634/1634 1633/1633/1633
f 1637/1637/1637 1636/1636/1636 1633/1633/1633
f 1640/1640/1640 1639/1639/1639 1638/1638/1638
f 1639/1639/1639 1640/1640/1640 1641/1641/1641
f 1642/1642/1642 1641/1641/1641 1640/1640/1640
f 1643/1643/1643 1642/1642/1642 1640/1640/1640
f 1642/1642/1642 1643/1643/1643 1644/1644/1644
f 1644/1644/1644 1643/1643/1643 1645/1645/1645
f 1648/1648/1648 1647/1647/1647 1646/1646/1646
f 1647/1647/1647 1649/1649/1649 1646/1646/1646
f 1647/1647/1647 1650/1650/1650 1649/1649/1649
f 1650/1650/1650 1651/1651/1651 1649/1649/1649
f 1650/1650/1650 1652/1652/1652 1651/1651/1651
f 1652/1652/1652 1653/1653/1653 1651/1651/1651
f 1654/1654/1654 1653/1653/1653 1652/1652/1652
f 1657/1657/1657 1656/1656/1656 1655/1655/1655
f 1658/1658/1658 1657/1657/1657 1655/1655/1655
f 1655/1655/1655 1659/1659/1659 1658/1658/1658
f 1662/1662/1662 1661/1661/1661 1660/1660/1660
f 1663/1663/1663 1662/1662/1662 1660/1660/1660
f 1664/1664/1664 1662/1662/1662 1663/1663/1663
f 1665/1665/1665 1664/1664/1664 1663/1663/1663
f 1668/1668/1668 1667/1667/1667 1666/1666/1666
f 1669/1669/1669 1668/1668/1668 1666/1666/1666
f 1672/1672/1672 1671/1671/1671 1670/1670/1670
f 1671/1671/1671 1673/1673/1673 1670/1670/1670
f 1674/1674/1674 1673/1673/1673 1671/1671/1671
f 1675/1675/1675 1674/1674/1674 1671/1671/1671
f 1678/1678/1678 1677/1677/1677 1676/1676/1676
f 1678/1678/1678 1676/1676/1676 1679/1679/1679
f 1680/1680/1680 1678/1678/1678 1679/1679/1679
f 1680/1680/1680 1679/1679/1679 1681/1681/1681
f 1682/1682/1682 1680/1680/1680 1681/1681/1681
f 1682/1682/1682 1681/1681/1681 1683/1683/1683
f 1684/1684/1684 1682/1682/1682 1683/1683/1683
f 1687/1687/1687 1686/1686/1686 1685/1685/1685
f 1688/1688/1688 1687/1687/1687 1685/1685/1685
f 1691/1691/1691 1690/1690/1690 1689/1689/1689
f 1690/1690/1690 1692/1692/1692 1689/1689/1689
f 1693/1693/1693 1692/1692/1692 1690/1690/1690
f 1693/1693/1693 1694/1694/1694 1692/1692/1692
f 1693/1693/1693 1695/1695/1695 1694/1694/1694
f 1696/1696/1696 1694/1694/1694 1695/1695/1695
f 1696/1696/1696 1695/1695/1695 1697/1697/1697
f 1696/1696/1696 1698/1698/1698 1694/1694/1694
f 1698/1698/1698 1696/1696/1696 1699/1699/1699
f 1699/1699/1699 1700/1700/1700 1698/1698/1698
f 1701/1701/1701 1700/1700/1700 1699/1699/1699
f 1699/1699/1699 1702/1702/1702 1701/1701/1701
f 1701/1701/1701 1703/1703/1703 1700/1700/1700
f 1704/1704/1704 1700/1700/1700 1703/1703/1703
f 1705/1705/1705 1704/1704/1704 1703/1703/1703
f 1708/1708/1708 1707/1707/1707 1706/1706/1706
f 1709/1709/1709 1706/1706/1706 1707/1707/1707
f 1710/1710/1710 1709/1709/1709 1707/1707/1707
f 1709/1709/1709 1710/1710/1710 1711/1711/1711
f 1712/1712/1712 1709/1709/1709 1711/1711/1711
f 1713/1713/1713 1712/1712/1712 1711/1711/1711
f 1714/1714/1714 1713/1713/1713 1711/1711/1711
f 1712/1712/1712 1713/1713/1713 1715/1715/1715
f 1713/1713/1713 1716/1716/1716 1715/1715/1715
f 1715/1715/1715 1716/1716/1716 1717/1717/1717
f 1718/1718/1718 1717/1717/1717 1716/1716/1716
f 1719/1719/1719 1718/1718/1718 1716/1716/1716
f 1718/1718/1718 1719/1719/1719 1720/1720/1720
f 1721/1721/1721 1718/1718/1718 1720/1720/1720
f 1724/1724/1724 1723/1723/1723 1722/1722/1722
f 1723/1723/1723 1725/1725/1725 1722/1722/1722
f 1723/1723/1723 1726/1726/1726 1725/1725/1725
f 1726/1726/1726 1727/1727/1727 1725/1725/1725
f 1728/1728/1728 1722/1722/1722 1725/1725/1725
f 1727/1727/1727 1729/1729/1729 1725/1725/1725
f 1729/1729/1729 1728/1728/1728 1725/1725/1725
f 1728/1728/1728 1730/1730/1730 1722/1722/1722
f 1730/1730/1730 1731/1731/1731 1722/1722/1722
f 1729/1729/1729 1727/1727/1727 1732/1732/1732
f 1732/1732/1732 1727/1727/1727 1733/1733/1733
f 1734/1734/1734 1728/1728/1728 1729/1729/1729
f 1734/1734/1734 1730/1730/1730 1728/1728/1728
f 1735/1735/1735 1731/1731/1731 1730/1730/1730
f 1735/1735/1735 1736/1736/1736 1731/1731/1731
f 1737/1737/1737 1729/1729/1729 1732/1732/1732
f 1737/1737/1737 1734/1734/1734 1729/1729/1729
f 1738/1738/1738 1735/1735/1735 1730/1730/1730
f 1734/1734/1734 1738/1738/1738 1730/1730/1730
f 1735/1735/1735 1739/1739/1739 1736/1736/1736
f 1739/1739/1739 1740/1740/1740 1736/1736/1736
f 1740/1740/1740 1739/1739/1739 1741/1741/1741
f 1739/1739/1739 1735/1735/1735 1742/1742/1742
f 1741/1741/1741 1739/1739/1739 1742/1742/1742
f 1735/1735/1735 1738/1738/1738 1743/1743/1743
f 1735/1735/1735 1743/1743/1743 1742/1742/1742
f 1742/1742/1742 1743/1743/1743 1744/1744/1744
f 1745/1745/1745 1741/1741/1741 1742/1742/1742
f 1746/1746/1746 1741/1741/1741 1745/1745/1745
f 1747/1747/1747 1746/1746/1746 1745/1745/1745
f 1745/1745/1745 1748/1748/1748 1747/1747/1747
f 1745/1745/1745 1742/1742/1742 1749/1749/1749
f 1745/1745/1745 1749/1749/1749 1748/1748/1748
f 1742/1742/1742 1744/1744/1744 1749/1749/1749
f 1748/1748/1748 1749/1749/1749 1750/1750/1750
f 1749/1749/1749 1744/1744/1744 1750/1750/1750
f 1751/1751/1751 1750/1750/1750 1744/1744/1744
f 1752/1752/1752 1751/1751/1751 1744/1744/1744
f 1753/1753/1753 1752/1752/1752 1744/1744/1744
f 1754/1754/1754 1752/1752/1752 1753/1753/1753
f 1743/1743/1743 1755/1755/1755 1744/1744/1744
f 1755/1755/1755 1753/1753/1753 1744/1744/1744
f 1743/1743/1743 1756/1756/1756 1755/1755/1755
f 1738/1738/1738 1756/1756/1756 1743/1743/1743
f 1757/1757/1757 1754/1754/1754 1753/1753/1753
f 1758/1758/1758 1754/1754/1754 1757/1757/1757
f 1757/1757/1757 1759/1759/1759 1758/1758/1758
f 1759/1759/1759 1757/1757/1757 1753/1753/1753
f 1760/1760/1760 1758/1758/1758 1759/1759/1759
f 1761/1761/1761 1753/1753/1753 1755/1755/1755
f 1756/1756/1756 1761/1761/1761 1755/1755/1755
f 1761/1761/1761 1759/1759/1759 1753/1753/1753
f 1762/1762/1762 1760/1760/1760 1759/1759/1759
f 1762/1762/1762 1763/1763/1763 1760/1760/1760
f 1764/1764/1764 1759/1759/1759 1761/1761/1761
f 1762/1762/1762 1759/1759/1759 1764/1764/1764
f 1765/1765/1765 1764/1764/1764 1761/1761/1761
f 1765/1765/1765 1761/1761/1761 1756/1756/1756
f 1766/1766/1766 1765/1765/1765 1756/1756/1756
f 1766/1766/1766 1756/1756/1756 1767/1767/1767
f 1756/1756/1756 1738/1738/1738 1767/1767/1767
f 1767/1767/1767 1738/1738/1738 1734/1734/1734
f 1768/1768/1768 1767/1767/1767 1734/1734/1734
f 1768/1768/1768 1734/1734/1734 1737/1737/1737
f 1769/1769/1769 1768/1768/1768 1737/1737/1737
f 1769/1769/1769 1737/1737/1737 1732/1732/1732
f 1770/1770/1770 1762/1762/1762 1764/1764/1764
f 1771/1771/1771 1769/1769/1769 1732/1732/1732
f 1770/1770/1770 1772/1772/1772 1762/1762/1762
f 1762/1762/1762 1772/1772/1772 1763/1763/1763
f 1773/1773/1773 1772/1772/1772 1770/1770/1770
f 1771/1771/1771 1732/1732/1732 1774/1774/1774
f 1774/1774/1774 1732/1732/1732 1733/1733/1733
f 1772/1772/1772 1775/1775/1775 1763/1763/1763
f 1775/1775/1775 1776/1776/1776 1763/1763/1763
f 1773/1773/1773 1777/1777/1777 1772/1772/1772
f 1772/1772/1772 1777/1777/1777 1775/1775/1775
f 1773/1773/1773 1778/1778/1778 1777/1777/1777
f 1771/1771/1771 1774/1774/1774 1779/1779/1779
f 1780/1780/1780 1771/1771/1771 1779/1779/1779
f 1774/1774/1774 1733/1733/1733 1781/1781/1781
f 1779/1779/1779 1774/1774/1774 1781/1781/1781
f 1733/1733/1733 1782/1782/1782 1781/1781/1781
f 1778/1778/1778 1780/1780/1780 1783/1783/1783
f 1778/1778/1778 1783/1783/1783 1777/1777/1777
f 1780/1780/1780 1779/1779/1779 1783/1783/1783
f 1777/1777/1777 1784/1784/1784 1775/1775/1775
f 1775/1775/1775 1784/1784/1784 1776/1776/1776
f 1783/1783/1783 1784/1784/1784 1777/1777/1777
f 1781/1781/1781 1782/1782/1782 1785/1785/1785
f 1779/1779/1779 1781/1781/1781 1785/1785/1785
f 1783/1783/1783 1779/1779/1779 1786/1786/1786
f 1783/1783/1783 1786/1786/1786 1784/1784/1784
f 1779/1779/1779 1785/1785/1785 1786/1786/1786
f 1784/1784/1784 1787/1787/1787 1776/1776/1776
f 1776/1776/1776 1787/1787/1787 1788/1788/1788
f 1789/1789/1789 1788/1788/1788 1787/1787/1787
f 1786/1786/1786 1790/1790/1790 1784/1784/1784
f 1790/1790/1790 1787/1787/1787 1784/1784/1784
f 1786/1786/1786 1785/1785/1785 1790/1790/1790
f 1790/1790/1790 1789/1789/1789 1787/1787/1787
f 1782/1782/1782 1791/1791/1791 1785/1785/1785
f 1785/1785/1785 1791/1791/1791 1790/1790/1790
f 1790/1790/1790 1791/1791/1791 1789/1789/1789
f 1792/1792/1792 1791/1791/1791 1782/1782/1782
f 1791/1791/1791 1792/1792/1792 1789/1789/1789
f 1795/1795/1795 1794/1794/1794 1793/1793/1793
f 1796/1796/1796 1795/1795/1795 1793/1793/1793
f 1795/1795/1795 1796/1796/1796 1797/1797/1797
f 1797/1797/1797 1796/1796/1796 1798/1798/1798
f 1799/1799/1799 1795/1795/1795 1797/1797/1797
f 1800/1800/1800 1795/1795/1795 1799/1799/1799
f 1801/1801/1801 1800/1800/1800 1799/1799/1799
f 1801/1801/1801 1802/1802/1802 1800/1800/1800
f 1803/1803/1803 1802/1802/1802 1801/1801/1801
f 1804/1804/1804 1800/1800/1800 1802/1802/1802
f 1805/1805/1805 1804/1804/1804 1802/1802/1802
f 1808/1808/1808 1807/1807/1807 1806/1806/1806
f 1809/1809/1809 1808/1808/1808 1806/1806/1806
f 1808/1808/1808 1809/1809/1809 1810/1810/1810
f 1811/1811/1811 1808/1808/1808 1810/1810/1810
f 1814/1814/1814 1813/1813/1813 1812/1812/1812
f 1814/1814/1814 1815/1815/1815 1813/1813/1813
f 1815/1815/1815 1816/1816/1816 1813/1813/1813
f 1814/1814/1814 1817/1817/1817 1815/1815/1815
f 1816/1816/1816 1815/1815/1815 1818/1818/1818
f 1817/1817/1817 1818/1818/1818 1815/1815/1815
f 1819/1819/1819 1816/1816/1816 1818/1818/1818
f 1819/1819/1819 1818/1818/1818 1820/1820/1820
f 1817/1817/1817 1821/1821/1821 1818/1818/1818
f 1818/1818/1818 1822/1822/1822 1820/1820/1820
f 1822/1822/1822 1818/1818/1818 1821/1821/1821
f 1823/1823/1823 1822/1822/1822 1821/1821/1821
f 1826/1826/1826 1825/1825/1825 1824/1824/1824
f 1825/1825/1825 1827/1827/1827 1824/1824/1824
f 1827/1827/1827 1828/1828/1828 1824/1824/1824
f 1829/1829/1829 1827/1827/1827 1825/1825/1825
f 1829/1829/1829 1828/1828/1828 1827/1827/1827
f 1830/1830/1830 1829/1829/1829 1825/1825/1825
f 1831/1831/1831 1828/1828/1828 1829/1829/1829
f 1831/1831/1831 1829/1829/1829 1830/1830/1830
f 1830/1830/1830 1832/1832/1832 1831/1831/1831
f 1832/1832/1832 1833/1833/1833 1831/1831/1831
f 1836/1836/1836 1835/1835/1835 1834/1834/1834
f 1837/1837/1837 1836/1836/1836 1834/1834/1834
f 1838/1838/1838 1836/1836/1836 1837/1837/1837
f 1839/1839/1839 1838/1838/1838 1837/1837/1837
f 1840/1840/1840 1838/1838/1838 1839/1839/1839
f 1841/1841/1841 1840/1840/1840 1839/1839/1839
f 1842/1842/1842 1841/1841/1841 1839/1839/1839
f 1841/1841/1841 1842/1842/1842 1843/1843/1843
f 1846/1846/1846 1845/1845/1845 1844/1844/1844
f 1846/1846/1846 1847/1847/1847 1845/1845/1845
f 1847/1847/1847 1848/1848/1848 1845/1845/1845
f 1851/1851/1851 1850/1850/1850 1849/1849/1849
f 1852/1852/1852 1850/1850/1850 1851/1851/1851
f 1855/1855/1855 1854/1854/1854 1853/1853/1853
f 1854/1854/1854 1856/1856/1856 1853/1853/1853
f 1853/1853/1853 1856/1856/1856 1857/1857/1857
f 1858/1858/1858 1853/1853/1853 1857/1857/1857
f 1858/1858/1858 1857/1857/1857 1859/1859/1859
f 1860/1860/1860 1858/1858/1858 1859/1859/1859
f 1860/1860/1860 1859/1859/1859 1861/1861/1861
f 1862/1862/1862 1860/1860/1860 1861/1861/1861
f 1865/1865/1865 1864/1864/1864 1863/1863/1863
f 1865/1865/1865 1863/1863/1863 1866/1866/1866
f 1867/1867/1867 1865/1865/1865 1866/1866/1866
f 1868/1868/1868 1866/1866/1866 1863/1863/1863
f 1869/1869/1869 1868/1868/1868 1863/1863/1863
f 1869/1869/1869 1870/1870/1870 1868/1868/1868
f 1870/1870/1870 1871/1871/1871 1868/1868/1868
f 1869/1869/1869 1872/1872/1872 1870/1870/1870
f 1872/1872/1872 1869/1869/1869 1873/1873/1873
f 1874/1874/1874 1872/1872/1872 1873/1873/1873
f 1877/1877/1877 1876/1876/1876 1875/1875/1875
f 1878/1878/1878 1877/1877/1877 1875/1875/1875
f 1881/1881/1881 1880/1880/1880 1879/1879/1879
f 1882/1882/1882 1881/1881/1881 1879/1879/1879
f 1885/1885/1885 1884/1884/1884 1883/1883/1883
f 1886/1886/1886 1885/1885/1885 1883/1883/1883
f 1889/1889/1889 1888/1888/1888 1887/1887/1887
f 1890/1890/1890 1889/1889/1889 1887/1887/1887
f 1893/1893/1893 1892/1892/1892 1891/1891/1891
f 1894/1894/1894 1893/1893/1893 1891/1891/1891
f 1897/1897/1897 1896/1896/1896 1895/1895/1895
f 1898/1898/1898 1897/1897/1897 1895/1895/1895
f 1901/1901/1901 1900/1900/1900 1899/1899/1899
f 1902/1902/1902 1901/1901/1901 1899/1899/1899
f 1905/1905/1905 1904/1904/1904 1903/1903/1903
f 1906/1906/1906 1905/1905/1905 1903/1903/1903
f 1909/1909/1909 1908/1908/1908 1907/1907/1907
f 1910/1910/1910 1909/1909/1909 1907/1907/1907
f 1913/1913/1913 1912/1912/1912 1911/1911/1911
f 1914/1914/1914 1913/1913/1913 1911/1911/1911
f 1917/1917/1917 1916/1916/1916 1915/1915/1915
f 1918/1918/1918 1917/1917/1917 1915/1915/1915
f 1921/1921/1921 1920/1920/1920 1919/1919/1919
f 1922/1922/1922 1921/1921/1921 1919/1919/1919
f 1925/1925/1925 1924/1924/1924 1923/1923/1923
f 1926/1926/1926 1925/1925/1925 1923/1923/1923
f 1926/1926/1926 1923/1923/1923 1927/1927/1927
f 1928/1928/1928 1926/1926/1926 1927/1927/1927
f 1931/1931/1931 1930/1930/1930 1929/1929/1929
f 1930/1930/1930 1932/1932/1932 1929/1929/1929
f 1930/1930/1930 1933/1933/1933 1932/1932/1932
f 1936/1936/1936 1935/1935/1935 1934/1934/1934
f 1937/1937/1937 1936/1936/1936 1934/1934/1934
f 1940/1940/1940 1939/1939/1939 1938/1938/1938
f 1941/1941/1941 1940/1940/1940 1938/1938/1938
f 1944/1944/1944 1943/1943/1943 1942/1942/1942
f 1945/1945/1945 1944/1944/1944 1942/1942/1942
f 1948/1948/1948 1947/1947/1947 1946/1946/1946
f 1949/1949/1949 1948/1948/1948 1946/1946/1946
f 1952/1952/1952 1951/1951/1951 1950/1950/1950
f 1953/1953/1953 1952/1952/1952 1950/1950/1950
f 1956/1956/1956 1955/1955/1955 1954/1954/1954
f 1957/1957/1957 1956/1956/1956 1954/1954/1954
f 1960/1960/1960 1959/1959/1959 1958/1958/1958
f 1961/1961/1961 1960/1960/1960 1958/1958/1958
f 1964/1964/1964 1963/1963/1963 1962/1962/1962
f 1965/1965/1965 1964/1964/1964 1962/1962/1962
f 1966/1966/1966 1965/1965/1965 1962/1962/1962
f 1969/1969/1969 1968/1968/1968 1967/1967/1967
f 1970/1970/1970 1969/1969/1969 1967/1967/1967
f 1973/1973/1973 1972/1972/1972 1971/1971/1971
f 1974/1974/1974 1973/1973/1973 1971/1971/1971
f 1977/1977/1977 1976/1976/1976 1975/1975/1975
f 1978/1978/1978 1977/1977/1977 1975/1975/1975
f 1981/1981/1981 1980/1980/1980 1979/1979/1979
f 1982/1982/1982 1981/1981/1981 1979/1979/1979
f 1983/1983/1983 1981/1981/1981 1982/1982/1982
f 1984/1984/1984 1983/1983/1983 1982/1982/1982
f 1983/1983/1983 1984/1984/1984 1985/1985/1985
f 1981/1981/1981 1986/1986/1986 1980/1980/1980
f 1986/1986/1986 1981/1981/1981 1983/1983/1983
f 1986/1986/1986 1987/1987/1987 1980/1980/1980
f 1988/1988/1988 1987/1987/1987 1986/1986/1986
f 1989/1989/1989 1988/1988/1988 1986/1986/1986
f 1989/1989/1989 1986/1986/1986 1983/1983/1983
f 1988/1988/1988 1989/1989/1989 1990/1990/1990
f 1990/1990/1990 1989/1989/1989 1983/1983/1983
f 1991/1991/1991 1988/1988/1988 1990/1990/1990
f 1991/1991/1991 1990/1990/1990 1992/1992/1992
f 1993/1993/1993 1983/1983/1983 1985/1985/1985
f 1993/1993/1993 1990/1990/1990 1983/1983/1983
f 1990/1990/1990 1993/1993/1993 1992/1992/1992
f 1985/1985/1985 1994/1994/1994 1993/1993/1993
f 1994/1994/1994 1992/1992/1992 1993/1993/1993
f 1997/1997/1997 1996/1996/1996 1995/1995/1995
f 1998/1998/1998 1997/1997/1997 1995/1995/1995
f 1997/1997/1997 1998/1998/1998 1999/1999/1999
f 2000/2000/2000 1997/1997/1997 1999/1999/1999
f 2001/2001/2001 1996/1996/1996 1997/1997/1997
f 2000/2000/2000 2002/2002/2002 1997/1997/1997
f 2003/2003/2003 2001/2001/2001 1997/1997/1997
f 2002/2002/2002 2003/2003/2003 1997/1997/1997
f 2004/2004/2004 2001/2001/2001 2003/2003/2003
f 2002/2002/2002 2005/2005/2005 2003/2003/2003
f 2006/2006/2006 2004/2004/2004 2003/2003/2003
f 2005/2005/2005 2006/2006/2006 2003/2003/2003
f 2007/2007/2007 2004/2004/2004 2006/2006/2006
f 2005/2005/2005 2008/2008/2008 2006/2006/2006
f 2009/2009/2009 2007/2007/2007 2006/2006/2006
f 2008/2008/2008 2009/2009/2009 2006/2006/2006
f 2012/2012/2012 2011/2011/2011 2010/2010/2010
f 2011/2011/2011 2013/2013/2013 2010/2010/2010
f 2014/2014/2014 2011/2011/2011 2012/2012/2012
f 2015/2015/2015 2011/2011/2011 2014/2014/2014
f 2013/2013/2013 2011/2011/2011 2016/2016/2016
f 2011/2011/2011 2015/2015/2015 2016/2016/2016
f 2017/2017/2017 2015/2015/2015 2014/2014/2014
f 2015/2015/2015 2018/2018/2018 2016/2016/2016
f 2015/2015/2015 2017/2017/2017 2019/2019/2019
f 2018/2018/2018 2015/2015/2015 2020/2020/2020
f 2021/2021/2021 2015/2015/2015 2019/2019/2019
f 2015/2015/2015 2021/2021/2021 2020/2020/2020
f 2021/2021/2021 2019/2019/2019 2022/2022/2022
f 2021/2021/2021 2023/2023/2023 2020/2020/2020
f 2021/2021/2021 2022/2022/2022 2024/2024/2024
f 2023/2023/2023 2021/2021/2021 2024/2024/2024
f 2027/2027/2027 2026/2026/2026 2025/2025/2025
f 2027/2027/2027 2025/2025/2025 2028/2028/2028
f 2027/2027/2027 2029/2029/2029 2026/2026/2026
f 2027/2027/2027 2028/2028/2028 2030/2030/2030
f 2031/2031/2031 2029/2029/2029 2027/2027/2027
f 2030/2030/2030 2032/2032/2032 2027/2027/2027
f 2027/2027/2027 2033/2033/2033 2031/2031/2031
f 2027/2027/2027 2032/2032/2032 2034/2034/2034
f 2027/2027/2027 2035/2035/2035 2033/2033/2033
f 2027/2027/2027 2034/2034/2034 2036/2036/2036
f 2027/2027/2027 2036/2036/2036 2035/2035/2035
f 2039/2039/2039 2038/2038/2038 2037/2037/2037
f 2040/2040/2040 2037/2037/2037 2038/2038/2038
f 2039/2039/2039 2037/2037/2037 2041/2041/2041
f 2042/2042/2042 2037/2037/2037 2040/2040/2040
f 2041/2041/2041 2037/2037/2037 2043/2043/2043
f 2044/2044/2044 2037/2037/2037 2042/2042/2042
f 2043/2043/2043 2037/2037/2037 2045/2045/2045
f 2046/2046/2046 2037/2037/2037 2044/2044/2044
f 2045/2045/2045 2037/2037/2037 2047/2047/2047
f 2048/2048/2048 2037/2037/2037 2046/2046/2046
f 2048/2048/2048 2047/2047/2047 2037/2037/2037
