g ring_of_kafrene_mesh_low
v -0.00036191722 0.0029671898 -0.0061573754
v -0.0014095966 0.0026198635 -0.005163885
v -0.0005717074 0.0028767886 -0.0059856772
v 0.0013876241 -0.004989659 -0.00027016163
v 0.001338298 -0.0049494673 -8.987441E-05
v 0.0012278398 -0.0049183113 -0.0002393329
v 0.0025156133 -0.0053480165 0.0010679319
v 0.0024837889 -0.005260402 0.0010850207
v 0.0024934881 -0.0053480165 0.0010515366
v 0.0024660262 -0.0053480165 0.0010535658
v 0.0024837889 -0.005260402 0.0010850207
v 0.0024495837 -0.0053480165 0.001075112
v 0.0024519605 -0.0053480165 0.0011021096
v 0.0024837889 -0.005260402 0.0010850207
v 0.0024740878 -0.0053480165 0.0011185049
v 0.0025015476 -0.0053480165 0.0011164777
v 0.0024837889 -0.005260402 0.0010850207
v 0.0025179924 -0.0053480165 0.0010949314
v 0.0024837889 -0.005260402 0.0010850207
v 0.0025156133 -0.0053480165 0.0010679319
v 0.0025179924 -0.0053480165 0.0010949314
v 0.0024837889 -0.005260402 0.0010850207
v 0.0024660262 -0.0053480165 0.0010535658
v 0.0024934881 -0.0053480165 0.0010515366
v 0.0024837889 -0.005260402 0.0010850207
v 0.0024519605 -0.0053480165 0.0011021096
v 0.0024495837 -0.0053480165 0.001075112
v 0.0024837889 -0.005260402 0.0010850207
v 0.0025015476 -0.0053480165 0.0011164777
v 0.0024740878 -0.0053480165 0.0011185049
v 0.00066270493 -0.007426324 -0.0022271713
v 0.0013154303 -0.008188144 -0.0020734963
v 0.0014242443 -0.007944048 -0.0023182756
v 0.00033560971 -0.007551522 -0.0021408177
v 0.00029260042 -0.0067373216 -0.0019037666
v 0.0006717032 -0.008584311 -0.0018323364
v 0.0010408483 -0.0084877815 -0.0016753456
v 0.0012614179 -0.009033059 -0.001770448
v 0.0012470353 -0.009072965 -0.0018786708
v -6.253004E-05 -0.006915329 -0.0018003723
v -0.0001055935 -0.006186166 -0.001602523
v -0.00032323113 -0.0066263066 -0.0016582962
v -0.0003229525 -0.0059041143 -0.0014019248
v -0.00072942546 -0.006211102 -0.0013909802
v -0.0011115426 -0.0053799553 -0.0009231974
v -0.0005545251 -0.0067289034 -0.0015639004
v 0.0006712461 -0.008780275 -0.0018308281
v 0.00027661084 -0.008005036 -0.0019438603
v -0.00020416234 -0.0076790876 -0.0019988741
v -0.0004743507 -0.00715883 -0.0016597932
v -0.0009243598 -0.0064303745 -0.0013406638
v -0.0011596921 -0.0059598754 -0.0012007825
v -0.001670232 -0.0059424853 -0.0009905044
v 0.00095260114 -0.00933539 -0.002023922
v 0.0017150589 -0.009860626 -0.0023933542
v -0.0005050527 -0.008686807 -0.0016838053
v 0.00013731123 -0.008453157 -0.0019171672
v 0.0013069712 -0.009937591 -0.002375674
v 0.00039936698 -0.009637555 -0.0018215904
v 0.0011477111 -0.01035862 -0.0023913854
v -0.0001607454 -0.008011375 -0.0018365156
v 0.0003661938 -0.010147893 -0.001855276
v 0.00051588763 -0.010501627 -0.001870681
v 0.00018070813 -0.010500188 -0.0014990628
v -0.0008471776 -0.00917545 -0.0015427959
v -0.00094505894 -0.009589118 -0.00146842
v -0.0016189885 -0.008843904 -0.0018277442
v -0.0002067585 -0.010616357 -0.0010591547
v -0.001130944 -0.009841587 -0.0012869478
v -0.00035181406 -0.011153383 -0.0005390805
v -0.0002543197 -0.008327227 -0.0017854694
v -0.0009049538 -0.008100711 -0.0012995565
v -0.0005633909 -0.008483433 -0.0016720498
v -0.00097287004 -0.008818419 -0.0016279933
v -0.0011137939 -0.008485142 -0.0015624773
v -0.0017583376 -0.008561944 -0.0017909792
v -0.0014376685 -0.007774515 -0.0016885895
v -0.0016757908 -0.007428929 -0.0014761173
v -0.0025797726 -0.008047589 -0.0013135576
v -0.0022302961 -0.008415519 -0.0015480039
v -0.0021874695 -0.0086035235 -0.0016277068
v -0.00040335566 -0.007983026 -0.0015706503
v -0.0012127665 -0.007017611 -0.00073106197
v -0.0012245593 -0.007397164 -0.0010069133
v -0.0009768574 -0.0068060625 -0.0008154933
v -0.000579221 -0.007258516 -0.0013507857
v -0.00081604585 -0.006577673 -0.0011184504
v -0.0010688065 -0.00651169 -0.0010331928
v -0.0012429587 -0.0062170345 -0.0011834765
v -0.0013595443 -0.0064972583 -0.0011461305
v -0.0013637135 -0.00661193 -0.0011290387
v -0.0015556159 -0.006261265 -0.0010914339
v -0.0013584971 -0.0067410287 -0.0010141962
v -0.0015126237 -0.0067347717 -0.0010133247
v -0.0015631034 -0.006605588 -0.001078388
v -0.0022685307 -0.006255393 -0.0007884002
v -0.0018831193 -0.0066564344 -0.0009356138
v -0.002296257 -0.005943773 -0.0008096565
v -0.0017035764 -0.0067886957 -0.00089772505
v -0.0017058995 -0.007091467 -0.0007746884
v -0.00178097 -0.006830126 -0.00085030525
v -0.0020501777 -0.006747764 -0.0009004637
v -0.0015969167 -0.007259452 -0.00088973803
v -0.001731306 -0.0072310995 -0.0010868924
v -0.0018758923 -0.0070671737 -0.0009895836
v -0.0020524708 -0.007003486 -0.0010076904
v -0.002524957 -0.006531533 -0.0007403913
v -0.00309103 -0.006232357 0.00023667209
v -0.0019886908 -0.0074806456 -0.0014070704
v -0.0029617741 -0.0067319404 -0.00053811056
v -0.0028358877 -0.005704084 1.6076863E-05
v -0.002358726 -0.00569446 -0.0007454599
v -0.0023338401 -0.0072469288 -0.0011948778
v -0.0029209023 -0.0070964717 -0.0007313874
v -0.0027877798 -0.007266413 -0.0009855239
v -0.002741045 -0.0075791427 -0.0011137925
v -0.0030315039 -0.007336421 -0.000640126
v -0.003359348 -0.00696637 -0.0003161171
v -0.0032768624 -0.006424343 0.00029747514
v -0.0033403689 -0.006094533 0.00060873997
v -0.003188237 -0.005370506 0.00072406215
v -0.0030258496 -0.0052574943 0.0008175082
v -0.0033867317 -0.0064857244 0.00070934265
v -0.003466799 -0.0069936775 0.0012229026
v -0.0036278307 -0.006852332 0.00041478605
v -0.004006889 -0.007358117 0.00067766866
v -0.0035178303 -0.00691765 0.0009747657
v -0.003925932 -0.007447301 0.0011258974
v -0.00390224 -0.007329807 0.000964549
v -0.0041085277 -0.007808373 0.0010197755
v -0.0026387926 -0.005468292 -0.00013486549
v -0.0038011589 -0.00733396 0.000125238
v -0.0039058998 -0.007891259 0.0004634942
v -0.0039671804 -0.008197395 0.00079055724
v -0.0038592748 -0.008483733 0.0005208555
v -0.0039747264 -0.008716048 0.000832168
v -0.0037541538 -0.007649167 7.767334E-05
v -0.0031922008 -0.0075991387 -0.00046153233
v -0.0037910577 -0.0082324585 0.0003094258
v -0.0029297166 -0.0077490173 -0.00090947776
v -0.0027910837 -0.007968478 -0.0011352914
v -0.0035978374 -0.007967055 -5.1688403E-05
v -0.0030255173 -0.0079804445 -0.000831262
v -0.0033185754 -0.007975821 -0.00031542554
v -0.0034858556 -0.00827543 -0.00013018801
v -0.0026968329 -0.008235683 -0.0012012083
v -0.0029647276 -0.008037999 -0.0009178571
v -0.0030669125 -0.008214921 -0.0008126487
v -0.0034149124 -0.0082230205 -0.00025014803
v -0.002975905 -0.008222971 -0.00081543665
v -0.0031190028 -0.008452314 -0.0006729396
v -0.0025693383 -0.008383948 -0.0013866975
v -0.0033632924 -0.0083902385 -0.00032707557
v -0.0035590823 -0.008359894 -3.5751164E-05
v -0.0036223524 -0.0085889995 6.170578E-05
v -0.0034086122 -0.008421493 -7.048413E-05
v -0.0036197382 -0.008679374 -2.1624117E-05
v -0.00344757 -0.008580536 -0.00023500889
v -0.0036032747 -0.0090101715 2.4385825E-05
v -0.0035387005 -0.009007655 -0.000180431
v -0.0032354689 -0.008624968 -0.00063424185
v -0.0037961528 -0.009233465 0.00021851629
v -0.0038746872 -0.0094283875 0.00011928387
v -0.00424065 -0.009046169 0.001073153
v -0.0034840489 -0.009158641 0.00011114522
v -0.004154471 -0.0098170815 0.00017838865
v -0.004224578 -0.009493626 0.0007009986
v -0.0036507007 -0.009299778 0.00022511504
v -0.004371668 -0.01023082 0.0004521956
v -0.0043997723 -0.010119887 0.0008801846
v -0.0043334463 -0.010604501 0.00059348956
v -0.0040276987 -0.0103621585 0.00027705266
v -0.00445608 -0.010404602 0.0009317284
v -0.004241325 -0.010884788 0.0005978847
v -0.0044496553 -0.010624303 0.00095666427
v -0.0041974112 -0.0110459095 0.00084035966
v -0.0043957476 -0.010841374 0.0011375452
v -0.004332261 -0.010957117 0.0013120578
v -0.004053042 -0.00985593 9.301409E-05
v -0.003916594 -0.009694451 5.3845347E-06
v -0.0040076766 -0.009952679 8.267186E-05
v -0.0037310796 -0.009738128 3.546536E-05
v -0.0039564464 -0.011100375 0.00043998382
v -0.003999311 -0.011251277 0.0006660896
v -0.0040525314 -0.010740319 0.0003994753
v -0.0028264767 -0.011447398 -3.36352E-05
v -0.0031357263 -0.01171534 0.00018496647
v -0.0037393016 -0.0094364295 -7.388368E-05
v -0.003769553 -0.009569664 -9.0795606E-05
v -0.0035726111 -0.0095136985 -0.00028634907
v -0.0036718936 -0.009779445 -0.00019471094
v -0.003879634 -0.009955001 -4.0736646E-05
v -0.0037155885 -0.010163281 -0.00014812915
v -0.0032291028 -0.010575887 -0.00038339285
v -0.0025439337 -0.01065886 -0.000541168
v -0.0037155305 -0.009405074 0.0001858352
v -0.0036955765 -0.009378813 -1.8113553E-05
v -0.0035964444 -0.009295225 -0.0002182059
v -0.0033763647 -0.009103849 -0.00058360083
v -0.003376545 -0.009561002 -0.0004612492
v -0.003555028 -0.009308619 -9.444177E-05
v -0.0034431384 -0.009153794 -1.7060042E-05
v -0.0035286252 -0.010310882 -0.00031949533
v -0.003279769 -0.010025753 -0.00042789205
v -0.0032373215 -0.009798119 -0.00038959904
v -0.003311615 -0.009909551 -0.00036784052
v -0.0033599017 -0.008878521 -0.00055152253
v -0.0031527164 -0.010289802 -0.000549632
v -0.0030369998 -0.009606609 -0.0005642101
v -0.0030765682 -0.009376526 -0.00076805364
v -0.003003805 -0.009811761 -0.0004834494
v -0.0028565212 -0.009627237 -0.00072635186
v -0.002983232 -0.009892676 -0.00067455944
v -0.0031664416 -0.010010932 -0.0005210936
v -0.0028127164 -0.010086356 -0.00082864624
v -0.002631403 -0.009724906 -0.0009987478
v -0.0023572743 -0.009924835 -0.0012801954
v -0.0026312554 -0.010183845 -0.00095502957
v -0.0025034677 -0.009509989 -0.0010791172
v -0.0026052159 -0.009267155 -0.00097125064
v -0.0030751415 -0.009235796 -0.0007481958
v -0.002047531 -0.01059479 -0.0004217598
v -0.0021157793 -0.010336314 -0.0007647246
v -0.0019380287 -0.011504123 -0.00024821953
v -0.0012168128 -0.011009571 -0.00014953583
v -0.001513395 -0.010229519 -0.0009974311
v -0.000678456 -0.01163063 -4.917711E-05
v -0.0023243814 -0.008981572 -0.0013338675
v -0.002723669 -0.0090519795 -0.0009250438
v -0.0026752793 -0.0087712705 -0.001126731
v -0.002696521 -0.009033154 -0.00083229254
v -0.0027746086 -0.009013479 -0.0006989382
v -0.0027658746 -0.0088557815 -0.0006213155
v -0.002914022 -0.008602708 -0.0005387044
v -0.0028896146 -0.008450096 -0.0006770843
v -0.0027064716 -0.00854067 -0.0009999557
v -0.0027057538 -0.008476837 -0.00086740655
v -0.0027142395 -0.008438808 -0.0012106972
v -0.00259137 -0.0086281765 -0.001368615
v -0.0021303284 -0.009541108 -0.0014466298
v -0.0018878455 -0.00913214 -0.0016996094
v -0.0017628398 -0.009525652 -0.0017496285
v -0.0015593924 -0.009227685 -0.0018996608
v -0.0005041273 -0.011796502 -0.00015909015
v -0.000313726 -0.01166197 -0.00034706548
v -0.00030098902 -0.011981694 -0.0003215
v -0.00075190386 -0.012087373 -0.00017469838
v -0.00040436763 -0.0123218335 0.00018403746
v -0.0012425169 -0.011951114 -0.00025451957
v -0.0017244911 -0.012122321 -3.6997495E-05
v -0.001200837 -0.012294252 8.008562E-05
v -0.00090494147 -0.01236636 0.00053147925
v -0.0023142148 -0.012254759 0.00014896713
v -0.0019111214 -0.012419353 0.00033268696
v -0.0028956719 -0.012315402 0.0004330401
v -0.0014279858 -0.01241983 0.0008048568
v -0.0006790659 -0.012561854 0.0013161195
v -0.00014636884 -0.012554122 0.0008219576
v -0.00013539042 -0.012914319 0.0020924667
v -0.0007424238 -0.012815159 0.0022135614
v -0.0010478747 -0.012682116 0.0018629059
v -0.0015206697 -0.012698098 0.0021697772
v -0.0024535605 -0.012587135 0.0006817587
v -0.002079612 -0.012572733 0.0011519841
v -0.0023581684 -0.01260895 0.001782838
v -0.0028402244 -0.01249052 0.0009752074
v -0.0028536192 -0.012507033 0.0016415702
v -0.003198692 -0.012256594 0.0008373779
v -0.0031080437 -0.012381384 0.0012058689
v -0.0033366245 -0.012290827 0.0015693808
v -0.0034738337 -0.012206336 0.001413033
v -0.0035679217 -0.012134778 0.0016058284
v -0.0038659193 -0.011907374 0.0013873419
v -0.0038378495 -0.011928324 0.0016175746
v -0.00399496 -0.011833918 0.001626486
v -0.0033384732 -0.012233738 0.0010712389
v -0.0032105218 -0.012017338 0.00034993514
v -0.0036433383 -0.011879917 0.00072883867
v -0.0038580336 -0.011378229 0.00051837374
v -0.0037674112 -0.011842672 0.0009560859
v -0.0041092485 -0.011653756 0.0015987873
v -0.00406501 -0.011726609 0.0017097068
v -0.0040637767 -0.011372702 0.000861532
v -0.003951252 -0.011500667 0.0007616533
v -0.004250854 -0.011092204 0.0009600263
v -0.004179752 -0.011267272 0.0009951377
v -0.0040439917 -0.011485487 0.0009483498
v -0.0042830375 -0.011229635 0.0013062445
v -0.0042243935 -0.011258028 0.0016707374
v -0.004199899 -0.011455496 0.0015592665
v -0.0041620326 -0.011453578 0.001283659
v -0.003935618 -0.011754819 0.0012424707
v -0.00083395984 -0.009834532 0.005728701
v -0.0008260557 -0.0107795345 0.0053716325
v -0.001312049 -0.010183415 0.0057621985
v 0.00025546283 -0.01054009 0.005537734
v -0.00069192227 -0.0115020545 0.005055772
v 0.00023605229 -0.0115691805 0.0047830776
v 0.00017163693 -0.012469557 0.0040764175
v -0.00028956594 -0.012584099 0.0042648357
v -0.0003943871 -0.012915263 0.0034937924
v 0.00083200424 -0.011640055 0.0044825007
v 0.0012700773 -0.0107080545 0.0048747626
v -1.8217703E-05 -0.01293908 0.0031948565
v -0.00021765247 -0.013048598 0.0028471493
v 0.0005846055 -0.012879942 0.002933044
v 0.0017469709 -0.011839243 0.0041812356
v 0.0021768769 -0.01129127 0.0043548294
v 0.0025769887 -0.011513464 0.00400384
v 0.0007752502 -0.012499624 0.0037971644
v 0.00027226962 -0.013025884 0.0025216548
v -0.00013539042 -0.012914319 0.0020924667
v 0.0005122937 -0.01300905 0.0023593588
v 0.001152073 -0.0128253065 0.0027194296
v 0.0014679879 -0.012470118 0.0035211896
v 0.0021027592 -0.012266547 0.0032355862
v 0.0029351064 -0.011641024 0.0034345633
v -0.0019064891 -0.006935204 0.0046235956
v -0.0018329856 -0.007527579 0.004985226
v -0.0029196667 -0.0074047265 0.0039980323
v -0.0029207182 -0.0072000287 0.0037894782
v -0.0021478666 -0.0064650285 0.004273079
v -0.0030370157 -0.005855105 0.003246395
v -0.0018065876 -0.006342782 0.0042164074
v -0.003243243 -0.007175176 0.0029489386
v -0.003301425 -0.0074576912 0.0032515677
v -0.0036250812 -0.0077706706 0.0028407087
v -0.003473956 -0.0072025578 0.0020524226
v -0.003847505 -0.0074786046 0.0019233916
v -0.0038889865 -0.007732345 0.0023430344
v -0.003274437 -0.0066137644 0.0027950993
v -0.003925932 -0.007447301 0.0011258974
v -0.004062223 -0.007998435 0.0022250942
v -0.0041085277 -0.007808373 0.0010197755
v -0.004132336 -0.008287685 0.0018315262
v -0.0039671804 -0.008197395 0.00079055724
v -0.0040184255 -0.008646886 0.0014238142
v -0.0039747264 -0.008716048 0.000832168
v -0.003466799 -0.0069936775 0.0012229026
v -0.003324145 -0.006459607 0.0013864175
v -0.0033403689 -0.006094533 0.00060873997
v -0.0032100915 -0.0055461465 0.0010792097
v -0.003188237 -0.005370506 0.00072406215
v -0.0030816623 -0.0053671906 0.00114991
v -0.0030258496 -0.0052574943 0.0008175082
v -0.0029651194 -0.0052455924 0.0016633222
v -0.0028791802 -0.005189589 0.0012528036
v -0.0024206548 -0.0050468724 0.0006823471
v -0.0025387406 -0.0050865095 0.0011450638
v -0.0019182921 -0.005053523 0.0007925279
v -0.0023168498 -0.0051192427 0.001722929
v -0.0019279082 -0.005212177 0.002058514
v -0.002245298 -0.005167372 0.00225378
v -0.0015589518 -0.005209975 0.0011852361
v -0.0011978028 -0.0051658438 0.0015907437
v -0.0014168727 -0.005249412 0.002528032
v -0.0024866397 -0.0051920605 0.0020640157
v -0.0029090205 -0.005437243 0.002457233
v -0.001597549 -0.005240937 0.0027403675
v -0.0020750216 -0.0051919506 0.0035761588
v -0.0015147602 -0.0052158823 0.0036322277
v -0.0025746054 -0.005325241 0.0029197084
v -0.0016521334 -0.005122063 0.0034092562
v -0.0018671057 -0.0051460136 0.0035862273
v -0.0018648676 -0.005219057 0.0038703277
v -0.0015471136 -0.0058357357 0.003995164
v -0.002143051 -0.0053388285 0.003857946
v -0.0031639915 -0.00597975 0.002656911
v -0.003165475 -0.006094209 0.0021668905
v -0.0031564077 -0.005967309 0.0021114203
v -0.0031937174 -0.0062378705 0.0021255868
v -0.0031503954 -0.0058861277 0.0018550757
v -0.0030987242 -0.006063554 0.0018847921
v -0.003163877 -0.0059549063 0.0016838583
v -0.0032072319 -0.006128612 0.0017612944
v -0.0032135649 -0.006243949 0.0019524789
v -0.0009139952 -0.008157087 0.005565374
v -0.0018329856 -0.007527579 0.004985226
v -0.0019064891 -0.006935204 0.0046235956
v -0.0008573089 -0.007026892 0.004766266
v -0.00060622324 -0.006386368 0.0041493056
v -0.0018065876 -0.006342782 0.0042164074
v -0.000786865 -0.005643249 0.0040007834
v -0.0015471136 -0.0058357357 0.003995164
v -0.000884471 -0.005259334 0.0035480794
v -0.0015147602 -0.0052158823 0.0036322277
v -0.0014168727 -0.005249412 0.002528032
v -0.00081374147 -0.0052495324 0.0025417
v -0.0011978028 -0.0051658438 0.0015907437
v -0.0006543319 -0.005155147 0.0017459134
v -5.9605565E-05 -0.0051660584 0.0019085354
v -0.00081374147 -0.0052495324 0.0025417
v -0.0006543319 -0.005155147 0.0017459134
v -0.00015603412 -0.005254241 0.0025478357
v -0.000884471 -0.005259334 0.0035480794
v 0.00020295769 -0.005221089 0.0025516604
v 0.00047796904 -0.0052513243 0.0021824164
v 0.000802801 -0.005192256 0.0018373926
v 0.00068432424 -0.005106745 0.0028175374
v 0.0013501446 -0.0052330494 0.0015863054
v 2.368491E-05 -0.005283948 0.0032797807
v -0.00025831818 -0.0052657826 0.0034243222
v -0.00019746303 -0.0055662114 0.0039159176
v -0.000786865 -0.005643249 0.0040007834
v -0.00060622324 -0.006386368 0.0041493056
v 0.0005653836 -0.0063144765 0.0045758802
v -0.00038256554 -0.006812156 0.0046669156
v -0.0008573089 -0.007026892 0.004766266
v 0.00028964636 -0.005543253 0.0036911266
v 0.0006538776 -0.0059608817 0.004268653
v 0.00066521636 -0.0054130387 0.0035719143
v 0.0003769143 -0.005251007 0.0033207457
v 0.0009416669 -0.005799629 0.004109642
v 0.0009517731 -0.0055944733 0.0031045217
v 0.0008342802 -0.005470527 0.0033162604
v 0.0011062732 -0.005787558 0.003994238
v 0.0012377689 -0.006129485 0.004233455
v 0.0013754908 -0.0056695044 0.0028523137
v 0.0018836075 -0.005712804 0.0025628721
v 0.0020127068 -0.0049324865 0.001745546
v 0.0020705084 -0.0057835435 0.0028389334
v 0.002273226 -0.004951633 0.0016822421
v 0.0030432835 -0.0064995214 0.0030712085
v 0.0029878935 -0.0054342626 0.0015200403
v 0.0038582932 -0.006583911 0.0019235214
v 0.0018382191 -0.0057017407 0.0030499143
v 0.001709362 -0.006600617 0.003387625
v 0.0022020536 -0.006660064 0.0038730882
v 0.0025249857 -0.0066594575 0.00385429
v 0.0028096198 -0.006802638 0.00386396
v 0.0028972614 -0.0073531177 0.0043721134
v 0.0012559727 -0.00600234 0.0035772263
v 0.0012435655 -0.005882883 0.0037682273
v 0.0013602552 -0.0062455307 0.0037614524
v 0.001341995 -0.006199489 0.003928331
v 0.0015398143 -0.006497705 0.003929682
v 0.001410483 -0.0064193783 0.0042706486
v 0.0019180182 -0.0065771043 0.004034255
v 0.0019797948 -0.0067070937 0.0043354435
v 0.0010131522 -0.0065774694 0.00467027
v 0.0021806865 -0.0067566526 0.004330301
v 0.001517841 -0.0069261873 0.0045954925
v 0.0019424342 -0.006904771 0.0044258432
v 0.0007041134 -0.0068317843 0.005022197
v 0.0012743508 -0.0072122156 0.004943643
v 0.0011632122 -0.007519187 0.0053461227
v 0.0016663886 -0.007749617 0.0046259696
v 0.0017030768 -0.007408888 0.0043598483
v 0.0022462776 -0.0074657016 0.0041949833
v 0.0027489867 -0.007575687 0.00437788
v 0.0033434033 -0.0077298186 0.004269773
v 0.0031284136 -0.007896548 0.0041997894
v 0.003091256 -0.008247397 0.0041011274
v 0.004224637 -0.008232917 0.0039019473
v 0.0036494639 -0.006897003 0.0029737507
v 0.0043008504 -0.0075785615 0.002768221
v 0.004524434 -0.007185985 0.0013489475
v 0.0051771435 -0.008589788 0.0024841118
v 0.00521646 -0.008304548 0.0017395605
v 0.0058355723 -0.009348993 0.0024500461
v 0.00537449 -0.009495991 0.0036978638
v 0.005561788 -0.010029664 0.003415334
v 0.0018203884 -0.00822312 0.0048828814
v 0.0047474327 -0.00878212 0.0039266525
v 0.004200425 -0.009000984 0.0041294787
v 0.0033827533 -0.00867217 0.004119579
v 0.002992955 -0.008546115 0.0043255985
v 0.003370225 -0.008693807 0.004676093
v 0.0039866376 -0.009368981 0.0047504543
v 0.0027738737 -0.008882242 0.005346365
v 0.0045147003 -0.009103018 0.0043336344
v 0.0045568077 -0.009350229 0.0044470294
v 0.0042043594 -0.009948689 0.004531085
v 0.0050180266 -0.010460386 0.0038159862
v 0.003755891 -0.01073677 0.0043106633
v 0.004565749 -0.010817163 0.0036480997
v 0.0040768553 -0.011156576 0.0034971924
v 0.0029351064 -0.011641024 0.0034345633
v 0.0025769887 -0.011513464 0.00400384
v 0.00369834 -0.009735648 0.0047518048
v 0.0027880028 -0.0107547855 0.004513033
v 0.0021768769 -0.01129127 0.0043548294
v 0.0012700773 -0.0107080545 0.0048747626
v 0.0028977536 -0.00969628 0.0053092083
v 0.0029714883 -0.009518288 0.0054264306
v 0.00092802866 -0.009975333 0.0056989584
v 0.00025546283 -0.01054009 0.005537734
v 0.0031287472 -0.009252698 0.0054197153
v 0.0018619191 -0.009555239 0.0059646284
v -4.891133E-05 -0.009308518 0.005852898
v -0.00083395984 -0.009834532 0.005728701
v -0.00084752357 -0.009116153 0.005679383
v 0.0023345775 -0.0093933195 0.0058569703
v 0.0007713081 -0.009051 0.0057611475
v -0.0001689481 -0.008313273 0.0057026553
v -0.00017128226 -0.007555487 0.005411255
v -0.0009139952 -0.008157087 0.005565374
v 0.0025705635 -0.009237033 0.0057131015
v 0.0019460946 -0.009026334 0.0058214576
v 0.0012856531 -0.007976812 0.005474164
v 0.0022454164 -0.008842295 0.0055255326
v -0.00037957222 -0.0070948685 0.004841597
v 0.0002552392 -0.0076777213 0.005629929
v 0.0015312152 -0.008119001 0.00537142
v 0.0021511377 -0.00866338 0.0049949926
v 0.001769385 -0.008283261 0.0052236966
v 0.00064775435 -0.0074917334 0.0056691337
v 0.0026458623 -0.008726835 0.0047735777
v 6.5480606E-05 -0.007366782 0.0056844247
v -0.0001482791 -0.007313906 0.005368621
v 0.00071557594 -0.007133568 0.0053448956
v 0.0002882808 -0.007170358 0.005584743
v 0.0004685137 -0.0070157973 0.005320276
v -0.00020126805 -0.007098111 0.0049470053
v 0.0003877417 -0.0067447433 0.004964378
v 0.00025022068 -0.0069129667 0.005226378
v 6.747746E-05 -0.0070246086 0.005271289
v -0.0019792444 -0.005149714 0.0002547662
v -0.0019182921 -0.005053523 0.0007925279
v -0.0024206548 -0.0050468724 0.0006823471
v -0.0015355322 -0.005216083 0.0003976938
v -0.0008776468 -0.005209606 0.0004111985
v -0.0015589518 -0.005209975 0.0011852361
v -0.0011978028 -0.0051658438 0.0015907437
v -0.0006543319 -0.005155147 0.0017459134
v -0.0012625469 -0.005231658 0.00010236256
v -0.0017127004 -0.0052531427 -0.000120048964
v -0.0011115426 -0.0053799553 -0.0009231974
v -0.00037288168 -0.0053812666 -0.0011139382
v -0.00010051031 -0.005146728 -0.0004460211
v -0.00042917905 -0.005202998 0.00073111267
v -5.9605565E-05 -0.0051660584 0.0019085354
v 3.921883E-06 -0.0052092755 0.0010324365
v 0.000802801 -0.005192256 0.0018373926
v -0.00017662629 -0.0057728835 -0.0013622111
v -0.0003229525 -0.0059041143 -0.0014019248
v -0.0001055935 -0.006186166 -0.001602523
v 0.00045699652 -0.0062236274 -0.0018054377
v 0.00029260042 -0.0067373216 -0.0019037666
v 0.00072567933 -0.0058644116 -0.0017637389
v 0.0008131541 -0.0063749645 -0.0020599866
v 0.00066270493 -0.007426324 -0.0022271713
v 0.0014467458 -0.0070685474 -0.0024052262
v 0.0014242443 -0.007944048 -0.0023182756
v 0.00021624801 -0.0051130494 -5.987793E-05
v 0.0006399304 -0.0056522405 -0.001619398
v 0.0011182299 -0.006278632 -0.0021269554
v 0.0012241262 -0.0059458357 -0.0016134613
v 0.0010971179 -0.005557836 -0.0014421344
v 0.00052096415 -0.0051617683 0.00032523944
v 0.00075078727 -0.00513186 -0.0005721155
v 0.0011237769 -0.0053439103 -0.0009799798
v 0.0009677685 -0.0052328943 0.0010631906
v 0.0013501446 -0.0052330494 0.0015863054
v 0.0015652361 -0.007034811 -0.0024131082
v 0.0015967047 -0.0064016506 -0.0021459064
v 0.0016695118 -0.0059700594 -0.0012603509
v 0.0015066181 -0.0056598363 -0.0010097363
v 0.0013766049 -0.005451133 -0.00084566354
v 0.0010356461 -0.0049910536 0.00017163745
v 0.0011832099 -0.0051549766 0.00077420153
v 0.0013647185 -0.0051277564 0.0007022498
v 0.0015468214 -0.00516423 0.00083769305
v 0.0015265186 -0.005008536 0.0001807329
v 0.0016919519 -0.0055065867 -0.00067983806
v 0.0019171118 -0.005769858 -0.0010163911
v 0.0019808782 -0.0059862905 -0.0010768814
v 0.0019975603 -0.0063041067 -0.0016768667
v 0.0018735145 -0.00668282 -0.0023425305
v 0.0019938536 -0.005092338 0.000318811
v 0.0021373464 -0.005580698 -0.0004337184
v 0.0024277202 -0.0058909724 -0.0007715918
v 0.0025634388 -0.006102756 -0.0007758844
v 0.0016555703 -0.0052109603 0.00094101136
v 0.0020807772 -0.0051166355 0.00046919173
v 0.0024351121 -0.0055294954 -0.00018147408
v 0.001924988 -0.0049613053 0.0012268458
v 0.002273226 -0.004951633 0.0016822421
v 0.0020127068 -0.0049324865 0.001745546
v 0.0028313794 -0.005440471 0.001141336
v 0.0029878935 -0.0054342626 0.0015200403
v 0.0036332053 -0.0066500804 0.0014763661
v 0.0038582932 -0.006583911 0.0019235214
v 0.004524434 -0.007185985 0.0013489475
v 0.0037788711 -0.006738431 0.0012098463
v 0.0043368507 -0.007223575 0.0009059318
v 0.00521646 -0.008304548 0.0017395605
v 0.0028297985 -0.0055386582 0.00084972277
v 0.00222772 -0.0051998463 0.0008458991
v 0.0039566252 -0.0067273933 0.00092813716
v 0.0030327144 -0.005788208 0.00052005245
v 0.0036251626 -0.0064625596 -0.00041595966
v 0.0029876875 -0.005833349 -4.3928474E-05
v 0.0028708305 -0.005924537 -0.000103566344
v 0.0025324854 -0.00551677 -0.00011190429
v 0.003646559 -0.0065533957 -0.000517184
v 0.0026252551 -0.0059594046 -0.0006265591
v 0.002833104 -0.006187993 -0.0005011296
v 0.0031187716 -0.0063227294 -0.00084778573
v 0.0027327372 -0.0062766075 -0.0010857682
v 0.0022974946 -0.006235491 -0.001316089
v 0.0023224726 -0.006766529 -0.002228553
v 0.0028046796 -0.006894158 -0.0021342922
v 0.0030646655 -0.006893524 -0.0020021617
v 0.0034207664 -0.0069237896 -0.001777572
v 0.0029039066 -0.0072481236 -0.00228412
v 0.004194617 -0.00740823 -0.0011015855
v 0.00311307 -0.0071953973 -0.0021822324
v 0.0034384206 -0.007415063 -0.0019848538
v 0.0042492147 -0.0075683948 -0.0012604793
v 0.0031762864 -0.007692872 -0.002046691
v 0.0026104955 -0.007297738 -0.002395102
v 0.0029410713 -0.007812956 -0.0020255938
v 0.0021968358 -0.007420063 -0.0024439506
v 0.0024542997 -0.007881748 -0.0021892353
v 0.0018679076 -0.007582685 -0.0024926583
v 0.0022398783 -0.007948171 -0.0021434224
v 0.0017614686 -0.0076556588 -0.002482523
v 0.0020447841 -0.007980546 -0.002181279
v 0.0017216936 -0.008231092 -0.0019932645
v 0.001659884 -0.008386885 -0.0014714437
v 0.0013154303 -0.008188144 -0.0020734963
v 0.0027518023 -0.00830045 -0.0021940535
v 0.0019252648 -0.009080252 -0.0012780348
v 0.0030110434 -0.008412549 -0.0021930607
v 0.0013662815 -0.0084031345 -0.0015316235
v 0.0010408483 -0.0084877815 -0.0016753456
v 0.0012614179 -0.009033059 -0.001770448
v 0.0033343765 -0.008429742 -0.0021895692
v 0.0016544147 -0.00906591 -0.0015220889
v 0.0017950394 -0.009158599 -0.0016409832
v 0.0012470353 -0.009072965 -0.0018786708
v 0.0017150589 -0.009860626 -0.0023933542
v 0.0020298327 -0.010030689 -0.0022812828
v 0.0025406224 -0.00961516 -0.0014862405
v 0.0027014124 -0.010165095 -0.001970515
v 0.00324559 -0.010498459 -0.0018101555
v 0.003233502 -0.009986465 -0.0013731566
v 0.0039951587 -0.011163588 -0.0014406407
v 0.0037695672 -0.0084021855 -0.0022351933
v 0.0022993442 -0.009181689 -0.001180723
v 0.002996634 -0.009263841 -0.0013571143
v 0.0028483756 -0.00906071 -0.0012976178
v 0.003750915 -0.009386817 -0.0019519639
v 0.003526387 -0.009076324 -0.0017457989
v 0.0042031757 -0.011003799 -0.0011537115
v 0.004180096 -0.011379579 -0.00059524283
v 0.0043125013 -0.011175021 -0.0006435247
v 0.0041866694 -0.011453015 -7.737681E-05
v 0.004467522 -0.011263094 0.0001536297
v 0.0041088215 -0.011775231 0.00042528374
v 0.004199697 -0.008974969 -0.0016276619
v 0.0045461985 -0.009385986 -0.0019000127
v 0.0041357065 -0.008198461 -0.0022843364
v 0.0046395306 -0.00895106 -0.0016008603
v 0.0048050494 -0.009294413 -0.0018265133
v 0.0049010767 -0.008930126 -0.0015205281
v 0.0044545727 -0.008262416 -0.0021331375
v 0.0046684975 -0.00990386 -0.0015423399
v 0.003825685 -0.00998922 -0.0017852342
v 0.0038227325 -0.010028036 -0.0011846252
v 0.0046336777 -0.009965987 -0.0011028488
v 0.004548462 -0.010918179 -0.0009883259
v 0.0048920736 -0.009748719 -0.0015520242
v 0.0050937785 -0.01036992 -0.0008992001
v 0.004652525 -0.010928792 -0.00059674215
v 0.0052580163 -0.010338596 -0.00038784728
v 0.005188764 -0.009877903 -0.00013515516
v 0.004938113 -0.009958893 -0.0009805934
v 0.0050292024 -0.009586109 -0.00097227335
v 0.0048203734 -0.009841017 -0.0010723972
v 0.0047286884 -0.010898941 -0.00016432165
v 0.0053101648 -0.010296257 4.768893E-06
v 0.005348289 -0.009946087 0.00013000592
v 0.005173254 -0.010260875 0.0005720054
v 0.004786003 -0.010756509 0.0004612709
v 0.0050861193 -0.009487441 -0.0015333545
v 0.0044738105 -0.011279521 0.00095388456
v 0.004425496 -0.011288239 0.0016371808
v 0.0038523567 -0.0117844315 0.0010892602
v 0.0036776622 -0.01182161 0.0017638436
v 0.0046930406 -0.010515943 0.0012489142
v 0.0051507843 -0.010162261 0.0014661812
v 0.005446664 -0.010008637 0.0009106786
v 0.0053448067 -0.009626099 0.0001891499
v 0.005362817 -0.009546097 0.0008541517
v 0.005563947 -0.0098848855 0.0014669339
v 0.005172684 -0.010096839 0.0021386023
v 0.0056236135 -0.009768722 0.002209584
v 0.004828345 -0.010371899 0.0019276036
v 0.0052410746 -0.010396527 0.0030517036
v 0.004583263 -0.010916191 0.002293924
v 0.005593978 -0.00966691 0.0013028053
v 0.00437613 -0.011400517 0.0020469206
v 0.0042649927 -0.01147851 0.0024654344
v 0.003501765 -0.011850736 0.0022470236
v 0.0032969648 -0.011783264 0.0026511361
v 0.004720405 -0.010991198 0.0028681569
v 0.0042153797 -0.011455979 0.0027647556
v 0.0046792165 -0.010831109 0.003024441
v 0.0040768553 -0.011156576 0.0034971924
v 0.0029351064 -0.011641024 0.0034345633
v 0.004565749 -0.010817163 0.0036480997
v 0.004577789 -0.011011748 0.003234967
v 0.0050180266 -0.010460386 0.0038159862
v 0.005561788 -0.010029664 0.003415334
v 0.0057510315 -0.009598664 0.0021140892
v 0.005843229 -0.009569386 0.002451927
v 0.0058355723 -0.009348993 0.0024500461
v 0.00584159 -0.009245703 0.0020149285
v 0.0057042823 -0.009376849 0.0014774001
v 0.0052000354 -0.008660662 0.0014790889
v 0.005469706 -0.009245587 0.0011489104
v 0.0046712253 -0.008026059 0.00045229815
v 0.004971601 -0.008522171 -0.00015650287
v 0.005276382 -0.009614391 -0.00024326354
v 0.005111513 -0.008811492 -0.00075463427
v 0.005232278 -0.009361426 -0.00089770835
v 0.004435372 -0.007795982 -0.0015678603
v 0.0050938413 -0.008928236 -0.0011618527
v 0.0042768638 -0.007941087 -0.0021304789
v 0.0049090353 -0.0086469045 -0.0016294
v 0.004981907 -0.008625847 -0.0013719979
v 0.0050196326 -0.009066517 -0.0014227825
v 0.0049444092 -0.009251679 -0.0016765472
v 0.005019765 -0.009312367 -0.0015962225
v 0.0031796782 0.009287098 0.0026985453
v 0.003657033 0.008771226 0.0028628593
v 0.0028157649 0.008755455 0.0036051124
v 0.0022398094 0.009299836 0.0036364251
v 0.003657033 0.008771226 0.0028628593
v 0.0031796782 0.009287098 0.0026985453
v 0.0042109177 0.009373642 0.0013325925
v 0.0048425123 0.008828108 0.001485998
v 0.004897683 0.0093838675 -0.00047831505
v 0.0043782303 0.009744395 -0.00075743033
v 0.0046798857 0.009178065 -0.0015406194
v 0.0041086865 0.008283915 0.0032419919
v 0.0032638304 0.008304622 0.0038830878
v 0.0028157649 0.008755455 0.0036051124
v 0.0029126736 0.007824426 0.0044018305
v 0.0023867716 0.008393884 0.0037525627
v 0.002007073 0.007862946 0.0040303282
v 0.00210423 0.007172493 0.004528747
v 0.003948042 0.007806475 0.004505247
v 0.0033981944 0.0074581443 0.004885471
v 0.00266484 0.006731075 0.0048015667
v 0.0031745227 0.0064358637 0.0050650514
v 0.0054380544 0.00901246 0.00022436342
v 0.0053143455 0.008290365 0.0019029959
v 0.0058431327 0.007679976 0.002541719
v 0.0048251627 0.0076269554 0.00392075
v 0.00636683 0.0067211413 0.0029416746
v 0.0060303197 0.008430104 0.0008057904
v 0.0054216897 0.0069274497 0.004359943
v 0.0047948137 0.0070260176 0.004875551
v 0.004268643 0.00662035 0.0051290942
v 0.0056728018 0.0064668856 0.0045168144
v 0.005455303 0.006461842 0.0047482434
v 0.004900982 0.005858606 0.005037587
v 0.0060361265 0.005902357 0.003926237
v 0.004709722 0.005379596 0.004961396
v 0.0037276463 0.00553032 0.0054538846
v 0.0033275425 0.00488992 0.00544924
v 0.004468277 0.0047415886 0.0048524765
v 0.0035894571 0.0043369043 0.005266403
v 0.0039512697 0.004198416 0.004911601
v 0.006182649 0.005109868 0.0037842097
v 0.005717989 0.0042692325 0.003698959
v 0.0043216953 0.0036830981 0.004142166
v 0.0049357563 0.003473133 0.0035908
v 0.0070344433 0.005935705 0.0018758395
v 0.0068941126 0.0048783175 0.0028486268
v 0.0066347695 0.0038929523 0.00243607
v 0.005976771 0.0033928074 0.002574746
v 0.0060250233 0.0034954068 0.0012674868
v 0.006424904 0.0038205173 0.0017686798
v 0.006792521 0.004660907 0.0019086982
v 0.0061551365 0.0038796428 0.00096891914
v 0.00594571 0.0036282977 0.0005524718
v 0.0063782907 0.004421924 0.00046234173
v 0.0062160087 0.0041066594 -0.00019670486
v 0.0069323597 0.005186748 0.0014922104
v 0.00642915 0.0050541116 -0.00029571308
v 0.005966922 0.0045289416 -0.0009415845
v 0.0069675264 0.006925667 0.0017528514
v 0.0068398616 0.0058891056 0.0010985103
v 0.0062804306 0.005486082 -0.0010053633
v 0.0059502185 0.0048905397 -0.0018287288
v 0.0059250067 0.005164472 -0.002508621
v 0.0066633066 0.007696024 0.0014505713
v 0.0066362596 0.0062263464 -0.0002902186
v 0.0068149674 0.0070999945 0.00047316946
v 0.006131413 0.0060558855 -0.0019963367
v 0.0065606926 0.007461036 0.00030454487
v 0.0063674604 0.0072091683 -0.0006720273
v 0.0059679816 0.008180606 -0.0001528725
v 0.005741811 0.008368418 -0.00047159268
v 0.005892533 0.007962043 -0.00089781533
v 0.0052066124 0.008796796 -0.0010858915
v 0.005352907 0.008212848 -0.0015761488
v 0.0050368393 0.008305452 -0.0024138032
v 0.0054772925 0.007305559 -0.0017317595
v 0.005187019 0.0070488034 -0.003372898
v 0.006369538 0.0064164866 -0.0010521567
v 0.005544927 0.00679579 -0.0019745098
v 0.005681696 0.006395788 -0.0025567394
v 0.0048906514 0.0056907535 -0.003795059
v 0.005696828 0.0053363466 -0.003012023
v -0.000379303 0.003147232 0.006250299
v 0.0010657232 0.0030611595 0.0054788613
v 0.000870825 0.0027647421 0.005875741
v -0.0005026376 0.0036251165 0.0062385695
v -0.0016121467 0.0028842315 0.006115803
v 0.0010248069 0.004117327 0.005339806
v 0.0011020951 0.0036546262 0.004959779
v 0.0019165894 0.004086945 0.0050232303
v -0.0017182908 0.0034624168 0.006071186
v -0.0026065728 0.0026766916 0.005962803
v -0.0022885988 0.0034176114 0.006034796
v -0.0031399482 0.002590645 0.005823462
v -0.0031369878 0.0033703097 0.005903698
v -0.0045061987 0.0028194035 0.005574782
v -0.002387036 0.0037778385 0.005969816
v 0.0012311751 0.0043333215 0.0052961004
v 3.660151E-05 0.00401559 0.005851044
v -0.00074893434 0.0042662187 0.0062364712
v -0.0017918281 0.004143678 0.005984039
v -0.0030688043 0.003825918 0.0058616837
v -0.0038036455 0.0035408512 0.0058581447
v -0.004293035 0.0040476318 0.005764146
v 0.0021199444 0.0046654786 0.005308701
v 0.0035894571 0.0043369043 0.005266403
v 0.0002762686 0.005377296 0.0056897495
v 0.00047529463 0.004577641 0.005768095
v 0.0033275425 0.00488992 0.00544924
v 0.0020582231 0.005557338 0.0052255243
v 0.0037276463 0.00553032 0.0054538846
v -0.00029072692 0.0044480762 0.005899701
v 0.0026598393 0.0061793244 0.0051758974
v 0.0031745227 0.0064358637 0.0050650514
v 0.00093443884 0.0067552207 0.0054042707
v 0.00266484 0.006731075 0.0048015667
v 0.00210423 0.007172493 0.004528747
v 0.0005442384 0.0062254975 0.005552443
v -0.00046523934 0.006703473 0.0063897693
v 0.0010058818 0.007193707 0.0052016056
v 0.002007073 0.007862946 0.0040303282
v 4.8467424E-05 0.0047948207 0.005793631
v 6.3975014E-05 0.0059613334 0.0058136047
v 2.2069997E-05 0.007075424 0.0063776015
v 0.00010138883 0.00763383 0.0061830566
v 3.6375746E-05 0.008519462 0.0057231653
v 0.0009158526 0.007937857 0.0049904585
v -0.0004886858 0.005805063 0.0058624316
v -1.167034E-05 0.00523553 0.0057480494
v -0.00097078434 0.005347074 0.0054641673
v -0.0009940548 0.0066357874 0.006445757
v -0.0017829115 0.005648094 0.0063003195
v -0.0025123279 0.005615039 0.0061427974
v -0.0025777018 0.007125387 0.0061403154
v -0.0017818868 0.0071231173 0.006275667
v -0.0014801223 0.007242683 0.0063447617
v -0.00059767306 0.0046750954 0.005642886
v -0.0028200482 0.0047513195 0.0049687503
v -0.0023259702 0.0051670657 0.005290819
v -0.00284154 0.0042793103 0.005041681
v -0.0018495526 0.0043415376 0.005559355
v -0.002881608 0.0038678541 0.0054642116
v -0.0031782137 0.00405021 0.005457593
v -0.0035960078 0.003906609 0.005809769
v -0.0033982855 0.0043239114 0.0057409583
v -0.0032821181 0.004452718 0.005692732
v -0.0038315824 0.0042700637 0.005793129
v -0.0031686397 0.0045852563 0.005496362
v -0.003306173 0.0047321767 0.0055586933
v -0.0034723305 0.0046433415 0.0057013915
v -0.0045406325 0.004978219 0.0056443154
v -0.0037385342 0.0050090705 0.0056130956
v -0.0048679453 0.0047006374 0.0057553183
v -0.0034441587 0.004976218 0.005456804
v -0.0031352544 0.005320228 0.0052145347
v -0.0034778235 0.0050967964 0.005410649
v -0.0037918363 0.005269134 0.00560964
v -0.002819402 0.005393282 0.005299753
v -0.0029039793 0.0054739807 0.00564449
v -0.003244656 0.005435668 0.005598016
v -0.0034632897 0.005535064 0.005709393
v -0.0044729547 0.0055135465 0.0056175296
v -0.005517069 0.0057736994 0.004501024
v -0.0027270806 0.0059770867 0.006157267
v -0.0046545407 0.0061532375 0.005457766
v -0.005788486 0.005001415 0.0048335274
v -0.005183575 0.0045191143 0.0057429555
v -0.0033401707 0.0060584927 0.0060406136
v -0.004144582 0.0064685047 0.0056410166
v -0.0037511594 0.006523452 0.0059174034
v -0.0032974612 0.0067866873 0.0060166586
v -0.0039764 0.006802883 0.0055017397
v -0.00477159 0.006776793 0.0052467096
v -0.0054708766 0.006148385 0.004446082
v -0.0059658834 0.0059027565 0.004095884
v -0.0066141137 0.0050386833 0.00403004
v -0.0066364575 0.004733683 0.0038585335
v -0.005604621 0.0063086115 0.0038828158
v -0.0052673887 0.0068736384 0.0030663842
v -0.005311376 0.006915053 0.0043250322
v -0.005165266 0.0077800783 0.0039909594
v -0.0048422297 0.0075617465 0.004708968
v -0.005311371 0.006849571 0.0034589462
v -0.0051605273 0.007803665 0.0032974451
v -0.005198079 0.007656411 0.00354265
v -0.0050014257 0.008397858 0.0034557448
v -0.0045499355 0.008720668 0.0036678095
v -0.003845148 0.0072035836 0.005252191
v -0.0044658617 0.007806679 0.004690967
v -0.004555299 0.008221213 0.0041516596
v -0.004066751 0.008906878 0.0039554564
v -0.004177804 0.009472797 0.0035544063
v -0.0040698247 0.008455795 0.004260574
v -0.0033130809 0.007122532 0.005761219
v -0.002881844 0.007222677 0.0059851035
v -0.003948312 0.007952585 0.0047465176
v -0.0031459501 0.007437243 0.0056377226
v -0.0035709047 0.0076839696 0.005012202
v -0.0034700127 0.008132917 0.004749368
v -0.002484568 0.0074218 0.005985873
v -0.0030033092 0.0074362312 0.0057262145
v -0.002919939 0.007702198 0.0055781817
v -0.003420185 0.008025869 0.004905015
v -0.0028335329 0.0076158857 0.005543771
v -0.0027642185 0.007972262 0.005347948
v -0.0021653473 0.0074544335 0.0061712507
v -0.00226115 0.0076430487 0.005964801
v -0.0023112926 0.007621386 0.0054567945
v -0.0025618523 0.007749096 0.005261762
v -0.0021975494 0.0077069616 0.005635718
v -0.0031822468 0.008144182 0.0049603735
v -0.002474466 0.007921147 0.0050426936
v -0.0019039887 0.007718745 0.006104678
v -0.00186423 0.0079093 0.0057611763
v -0.002698442 0.008254274 0.0053090015
v -0.001250959 0.0077511882 0.005891104
v -0.0020198 0.008026491 0.005057316
v -0.0032786175 0.008193617 0.004601951
v -0.0030922724 0.008404014 0.0048314985
v -0.002685915 0.008873032 0.0047765556
v -0.00253827 0.008596587 0.0052159964
v -0.0022426676 0.008814523 0.005256643
v -0.0017934002 0.008167493 0.005151796
v -0.0016429314 0.008117011 0.0053102
v -0.001603479 0.008169444 0.0054532844
v -0.0017273912 0.008648719 0.0053294064
v -0.0011943746 0.0082309805 0.005448321
v -0.0034784605 0.008286026 0.004625367
v -0.0033395642 0.008574274 0.0044743745
v -0.003202314 0.008652669 0.0045841355
v -0.0028207663 0.008927468 0.004510116
v -0.0028199959 0.009406703 0.0043570427
v -0.0026201478 0.009699006 0.0045767184
v -0.0042835204 0.010355251 0.0033268079
v -0.0025501417 0.008944268 0.004337656
v -0.0024255824 0.010480657 0.0046793204
v -0.0036125325 0.010879057 0.0039472627
v -0.0025876563 0.009292437 0.004279062
v -0.0022175694 0.011358108 0.0043534846
v -0.0029174008 0.0118789775 0.0037331635
v -0.001735317 0.011733621 0.0040534297
v -0.0015700886 0.010718869 0.004371233
v -0.0024920106 0.012208083 0.0036224138
v -0.0013344134 0.011890162 0.0039269067
v -0.0020729895 0.012440499 0.003544511
v -0.0010618373 0.0121133085 0.0035135965
v -0.0017703742 0.012791155 0.0032483744
v -0.0015799472 0.012876936 0.002986358
v -0.002192123 0.010321331 0.0047392575
v -0.0022200632 0.009964135 0.004777685
v -0.0019858563 0.010335132 0.0047196313
v -0.0019752306 0.009773643 0.0046273842
v -0.0008368144 0.0114228595 0.003905732
v -0.000673403 0.01177893 0.0035949026
v -0.0013417061 0.01120186 0.004119164
v 0.00034760675 0.010386719 0.004082623
v 0.00043868212 0.0109845875 0.003754006
v -0.0023616578 0.009503252 0.0047679828
v -0.0022059104 0.0096626105 0.004816592
v -0.001989052 0.009379989 0.0049612876
v -0.0017409177 0.009726248 0.004889555
v -0.0017703826 0.010143876 0.0048005204
v -0.0012347521 0.010108365 0.004791933
v -0.00019836228 0.0099269515 0.0047958437
v 0.00033959572 0.009338008 0.0047908467
v -0.0025105267 0.009481013 0.004389669
v -0.002414422 0.009399952 0.0046614306
v -0.002330569 0.009204587 0.0048763147
v -0.0023329267 0.009165041 0.004682761
v -0.0024769828 0.008891568 0.0045014527
v -0.0016513341 0.009214809 0.005076156
v -0.0007290784 0.010002111 0.0048887697
v -0.00082938623 0.009462758 0.004955332
v -0.0011718748 0.009250192 0.004889467
v -0.0015038304 0.00876179 0.0053542773
v -0.0010846447 0.009423309 0.0048920535
v -0.0011796248 0.008876181 0.0050455173
v -0.0009364801 0.008721995 0.0051922183
v -0.0008721215 0.008994274 0.004908423
v -0.0003197561 0.009554943 0.00503484
v -0.0006712396 0.00905083 0.005164423
v -0.0007267219 0.008313388 0.0055455626
v -0.00070408534 0.009323087 0.005031267
v -0.00055632606 0.008615971 0.0054627475
v -0.00023949699 0.009082562 0.0052723577
v -0.00027885046 0.008001274 0.005905499
v -0.00048680342 0.007358198 0.0062467656
v 6.558802E-05 0.009010519 0.005350089
v 0.00050439377 0.008594636 0.0049336143
v 0.0005587721 0.008817073 0.0044785948
v 0.0011918397 0.00850904 0.0038599393
v 0.00096288114 0.0096929325 0.0042652558
v 0.0019401334 0.0087054325 0.003502748
v 0.0022755486 0.008726233 0.0035465714
v 0.0023867716 0.008393884 0.0037525627
v 0.0028157649 0.008755455 0.0036051124
v 0.0022398094 0.009299836 0.0036364251
v 0.0016432554 0.009565937 0.004037448
v 0.0013860386 0.010204363 0.0037494344
v 0.0020575032 0.009953308 0.003273054
v 0.0013221714 0.010853031 0.0034638876
v 0.0018824417 0.010710713 0.0029396743
v 0.0025884416 0.009708298 0.002368575
v 0.0031796782 0.009287098 0.0026985453
v 0.0012471331 0.011637558 0.003137399
v 0.0022829112 0.010141932 0.001996466
v 0.0036891298 0.009779099 0.000728774
v 0.0042109177 0.009373642 0.0013325925
v 0.0043782303 0.009744395 -0.00075743033
v 0.003711293 0.010091575 -0.0007040268
v 0.0034798682 0.010092454 -8.0692764E-05
v 0.002910673 0.0105242655 -0.0003549598
v 0.0018310036 0.011393599 0.0024676109
v 0.0021313587 0.010782618 0.0015147643
v 0.0019967721 0.011112132 0.0005747354
v 0.0015086044 0.01184385 0.0022469023
v 0.0014431681 0.011781208 0.0011326526
v 0.0010189905 0.012131885 0.0027479553
v 0.0012363844 0.012214044 0.002128764
v 0.000945393 0.012508686 0.0017641353
v 0.000786572 0.012642867 0.002121222
v 0.00057510164 0.012697373 0.0019000339
v 0.00015590998 0.01287737 0.0024860569
v 0.000118030104 0.012865752 0.0021074777
v -8.081771E-05 0.013048598 0.0022230546
v 0.00092745345 0.012422755 0.0025300926
v 0.0007473108 0.011581733 0.0034654636
v 0.000342816 0.012153487 0.0032053415
v -0.00037567335 0.011598664 0.0036778229
v 0.00021300951 0.012446819 0.0030146055
v -0.00033727445 0.0129871685 0.0023400858
v -0.00027455535 0.013025228 0.0021445688
v -0.0005632201 0.0121899685 0.003394374
v -0.000306713 0.012092152 0.0034221022
v -0.0009988277 0.012365911 0.003428598
v -0.0007435311 0.012393494 0.0033320528
v -0.00039153468 0.012369233 0.0032688798
v -0.00085200777 0.01281075 0.0029694485
v -0.0010804917 0.013015845 0.0022970545
v -0.00062699674 0.012977017 0.0024539754
v -0.00046415257 0.012688837 0.0028647946
v -3.2487147E-05 0.012707437 0.0027382963
v -0.0007361111 0.0070409775 -0.005357077
v 0.00061176275 0.00813612 -0.004724514
v -0.0007195182 0.007886533 -0.0054172217
v 0.0009828367 0.006802398 -0.005386871
v 0.0015779748 0.008665481 -0.004318641
v 0.0023266019 0.007975357 -0.004527625
v 0.0031928201 0.008867812 -0.0036651387
v 0.002892452 0.009259643 -0.0036251317
v 0.0032788732 0.009787257 -0.0025291347
v 0.0028672435 0.007515944 -0.0044332696
v 0.0019541434 0.0060909484 -0.0048556486
v 0.0036512073 0.009542442 -0.0023579164
v 0.0037410043 0.009891012 -0.0017887381
v 0.0043158955 0.008944337 -0.0023837723
v 0.0037093717 0.0069363485 -0.0043930956
v 0.0033572465 0.0060461867 -0.004611476
v 0.004132644 0.005943844 -0.0043481714
v 0.0037263443 0.008384579 -0.0036394813
v 0.0043566036 0.009438301 -0.0016398388
v 0.0043782303 0.009744395 -0.00075743033
v 0.0046798857 0.009178065 -0.0015406194
v 0.0050368393 0.008305452 -0.0024138032
v 0.0044776746 0.0077671763 -0.0035306015
v 0.005187019 0.0070488034 -0.003372898
v 0.0048906514 0.0056907535 -0.003795059
v -0.004933885 0.005113542 -0.0024264227
v -0.004257715 0.0056118225 -0.0031056958
v -0.005305289 0.0069500376 -0.0011199672
v -0.00537217 0.0066074226 -0.0008249512
v -0.00562075 0.004854646 -0.0017266207
v -0.006742378 0.0051147817 0.00023451634
v -0.005485885 0.00429557 -0.0017755389
v -0.005428827 0.006892196 0.00047505036
v -0.005291507 0.007297338 3.2688826E-05
v -0.0052909506 0.008190187 0.0005316065
v -0.0053339587 0.0071534286 0.0018432519
v -0.0052976524 0.007828861 0.0021262413
v -0.00548406 0.00846931 0.00136589
v -0.00596408 0.006265224 0.0007956716
v -0.0051605273 0.007803665 0.0032974451
v -0.0052471897 0.008798816 0.0017080712
v -0.0050014257 0.008397858 0.0034557448
v -0.004899275 0.00914452 0.0022466055
v -0.0045499355 0.008720668 0.0036678095
v -0.0045007686 0.009497638 0.0027394406
v -0.004177804 0.009472797 0.0035544063
v -0.0052673887 0.0068736384 0.0030663842
v -0.005776757 0.006211655 0.0028879552
v -0.0059658834 0.0059027565 0.004095884
v -0.0066141137 0.0050386833 0.00403004
v -0.006149895 0.0058435723 0.0018247701
v -0.006102538 0.0058736564 0.0020789513
v -0.006161793 0.0057494068 0.0023769778
v -0.006556047 0.0052136322 0.0034898787
v -0.0066721686 0.0048722364 0.0033806905
v -0.0066364575 0.004733683 0.0038585335
v -0.0069078184 0.004553768 0.0026333607
v -0.0067665265 0.0044318116 0.0031991866
v -0.006415249 0.0037976226 0.0038724404
v -0.0066248975 0.0039250995 0.0032495575
v -0.0061688647 0.003132752 0.0035361284
v -0.0062913033 0.0055272183 0.002511525
v -0.0061944807 0.0055576595 0.0021724706
v -0.0064175758 0.0054354966 0.0022775775
v -0.0066567943 0.0036337085 0.0023354017
v -0.0063015986 0.0056591067 0.0017876216
v -0.0064140223 0.005520019 0.0018928974
v -0.006910555 0.0046533 0.0014290018
v -0.006540527 0.0054428433 0.0010977609
v -0.006445259 0.003220463 0.0016820075
v -0.0067069996 0.0035926332 0.0015255281
v -0.005948024 0.0027808847 0.0028132715
v -0.005804843 0.002359483 0.0020730956
v -0.0062392745 0.0025990214 0.00079669565
v -0.00678686 0.0039071646 0.0018913957
v -0.00696974 0.0040851454 0.00066919654
v -0.0070344433 0.0032488164 -0.00044086948
v -0.0064260564 0.0028038402 0.0005629625
v -0.006487304 0.002764447 -0.0007840645
v -0.0069954265 0.0034596387 -0.00085198996
v -0.0069287396 0.0030236265 -0.0009597032
v -0.0056751156 0.0036529477 -0.0014842567
v -0.0066786846 0.002794483 -0.00037426263
v -0.006933945 0.0029738678 -0.0005327645
v -0.0028078933 0.0052929795 -0.004482927
v -0.004257715 0.0056118225 -0.0031056958
v -0.004933885 0.005113542 -0.0024264227
v -0.0039984104 0.0040389104 -0.003115481
v -0.004420438 0.00314635 -0.0021965802
v -0.005485885 0.00429557 -0.0017755389
v -0.0051589487 0.0027455464 -0.0018010946
v -0.0056751156 0.0036529477 -0.0014842567
v -0.0060540983 0.0019716523 -0.0009040458
v -0.006487304 0.002764447 -0.0007840645
v -0.0062392745 0.0025990214 0.00079669565
v -0.00579731 0.0019001147 0.00054793246
v -0.005804843 0.002359483 0.0020730956
v -0.0055291005 0.0016384994 0.001631092
v -0.0051492355 0.00081069465 0.001104157
v -0.00579731 0.0019001147 0.00054793246
v -0.0055291005 0.0016384994 0.001631092
v -0.005390655 0.00091114844 0.00021301635
v -0.0060540983 0.0019716523 -0.0009040458
v -0.00499998 0.00062496663 3.0152425E-05
v -0.00476732 0.00026179582 0.00048180192
v -0.004485594 -8.758068E-05 0.00086290715
v -0.0034509827 0.00019736588 -0.0010241116
v -0.003934076 -0.0003668198 0.0009943716
v -0.0031436447 -0.00020925968 -0.0014951122
v -0.0034398206 -0.000719392 0.00050446263
v -0.0028516655 -0.00036204784 -0.0012938046
v -0.0031443578 -0.0007283634 0.00048289917
v -0.001629774 -0.000561586 -0.0021358803
v -0.0020793104 -0.0009082424 0.00032935716
v -0.00070812885 -0.0009948597 -0.000809699
v -0.0055888593 0.0011072218 -0.0010408378
v -0.005297729 0.00084911165 -0.00094691035
v -0.004709715 0.0019957337 -0.0019664897
v -0.0051589487 0.0027455464 -0.0018010946
v -0.004420438 0.00314635 -0.0021965802
v -0.0037709407 0.0017175844 -0.0033361511
v -0.0038894298 0.0033365414 -0.003124647
v -0.0039984104 0.0040389104 -0.003115481
v -0.0044655083 0.0012996212 -0.0018002811
v -0.0039924304 0.0012713361 -0.002855986
v -0.0044303676 0.0006167283 -0.0017221977
v -0.0044402676 0.0005973309 -0.00069134653
v -0.004835254 0.0006759873 -0.0011901447
v -0.0038801923 0.0005592668 -0.001206256
v -0.00390727 0.000812124 -0.0027075305
v -0.0041285455 0.0005569994 -0.0014427176
v -0.0037682382 0.000630362 -0.002604016
v -0.0034107943 0.000862315 -0.003063652
v -0.002355318 0.0009365025 -0.0021179896
v -0.003323599 0.00073347596 -0.0021051876
v -0.0035094982 0.0006014597 -0.002352369
v -0.0021918803 0.0004801136 -0.003008453
v -0.0030816107 0.0008945626 -0.002456153
v -0.0031897202 0.00085273053 -0.0026799883
v -0.003011197 0.0010172823 -0.0032354926
v -0.003200179 0.0015680083 -0.0036963378
v -0.0023839988 0.00076551136 -0.0035980397
v -0.0020067405 0.00014611692 -0.0031000474
v -0.0024759772 0.0014802995 -0.0038438377
v -0.0022194248 0.0006150019 -0.0036760836
v -0.0012400006 0.0005482873 -0.0041256836
v -0.0017100225 1.04400515E-05 -0.0032495437
v -0.0022247413 0.0010278248 -0.0037536253
v -0.0031732908 0.002156746 -0.0041320743
v -0.002374505 0.002019479 -0.0043089683
v -0.0021907338 0.0024977222 -0.004861712
v -0.0015910636 0.0022143754 -0.0041018315
v -0.0018438705 0.0018619754 -0.003665071
v -0.0014356511 0.0013759276 -0.003645268
v -0.0010962405 0.00097139354 -0.0041213618
v -0.00059525593 0.0005167717 -0.0042197583
v -0.00052210095 0.00094714254 -0.004069583
v -0.00017402902 0.0013898665 -0.003979377
v -0.00088000303 -0.0007386121 -0.002305082
v 0.0005271683 0.00018588721 -0.0041207597
v 0.00019736312 -0.0006661093 -0.0023922287
v 0.000417845 -0.0009898561 -0.00036131186
v 0.0018595874 -0.0004735881 -0.0025318149
v 0.0017935435 -0.0008497332 -0.0014310145
v 0.0031935417 -0.0003454703 -0.0029030486
v 0.0027237814 0.00037660537 -0.0045415196
v 0.0035530133 0.00076869247 -0.004320837
v 0.0014571096 0.00026239306 -0.0044718343
v -0.0011046294 0.0024611445 -0.0046244347
v 0.0004418723 0.0015867492 -0.0042003305
v 2.3104054E-05 0.0017908147 -0.004324893
v 0.001899402 0.0011625796 -0.0052663027
v 0.0016017631 0.0009170043 -0.005033189
v 0.0015293967 0.0017463925 -0.005487294
v 0.0024600518 0.0022445347 -0.0053842566
v 0.0038155674 0.0019197013 -0.0048060557
v 0.0034270328 0.0038237735 -0.00503016
v 0.0043749893 0.0030272617 -0.0044733086
v 0.004777929 0.003987623 -0.00422779
v 0.0048906514 0.0056907535 -0.003795059
v 0.004132644 0.005943844 -0.0043481714
v 0.0013175696 0.0011372006 -0.004593543
v 0.0003613736 0.0015517488 -0.0050037894
v 4.1696476E-05 0.0021040519 -0.0057867323
v 0.0018317126 0.0024473795 -0.0054575787
v 0.0028360307 0.0047862367 -0.0049219867
v 0.0033572465 0.0060461867 -0.004611476
v 0.0019541434 0.0060909484 -0.0048556486
v 0.0011260676 0.0029686752 -0.0059280344
v 0.00090801856 0.002628395 -0.006106485
v 0.00018809851 0.0036871608 -0.0064072106
v 0.0004236869 0.0052710674 -0.005752641
v 0.0009828367 0.006802398 -0.005386871
v 0.000696466 0.00219948 -0.006104091
v -0.00088453834 0.0056068334 -0.005488919
v -0.0007361111 0.0070409775 -0.005357077
v -0.0016206497 0.0062674154 -0.005090774
v 0.00027489808 0.002972702 -0.006445757
v -0.0008082639 0.004332533 -0.0055935383
v -0.002117132 0.0047000227 -0.004999505
v -0.0029482227 0.0039296765 -0.004423348
v -0.0028078933 0.0052929795 -0.004482927
v 0.00024895364 0.0025765821 -0.006314101
v -0.00036191722 0.0029671898 -0.0061573754
v -0.00035968455 0.0024793074 -0.0058367965
v -0.0005717074 0.0028767886 -0.0059856772
v -0.0014095966 0.0026198635 -0.005163885
v -0.001687099 0.002780046 -0.0051718852
v -0.0035794883 0.0036417248 -0.0034346639
v -0.0025838593 0.0036190017 -0.004930351
v -0.00050020666 0.0025525268 -0.0049994555
v -0.0011203298 0.0025241019 -0.005090488
v -0.0025615543 0.0030334583 -0.005102603
v -9.954668E-05 0.0022038908 -0.004879157
v -0.0030770462 0.003527115 -0.0048712916
v -0.0032138445 0.0036582716 -0.0043233726
v -0.0028587817 0.0025722226 -0.0046150424
v -0.0031273153 0.0030979647 -0.004776303
v -0.0031545346 0.0026715472 -0.004469236
v -0.0034593898 0.0034516891 -0.0036632596
v -0.0034791022 0.0023568615 -0.003908872
v -0.0034138684 0.002737092 -0.0042387093
v -0.0034153787 0.0030856861 -0.004231782
v -0.0058924076 0.0033816434 0.004300246
v -0.0061688647 0.003132752 0.0035361284
v -0.006415249 0.0037976226 0.0038724404
v -0.0056261504 0.0028519747 0.003925008
v -0.005246706 0.0020090446 0.003651886
v -0.005948024 0.0027808847 0.0028132715
v -0.005804843 0.002359483 0.0020730956
v -0.0055291005 0.0016384994 0.001631092
v -0.0052701267 0.0026154257 0.0042280997
v -0.005450636 0.003226638 0.0047086715
v -0.0045061987 0.0028194035 0.005574782
v -0.0038335596 0.0020499916 0.00554584
v -0.0041818405 0.0013760634 0.0045301355
v -0.0051343106 0.0013187656 0.0030076408
v -0.0051492355 0.00081069465 0.001104157
v -0.00487626 0.00073270977 0.0023473622
v -0.004485594 -8.758068E-05 0.00086290715
v -0.0031757322 0.0022852197 0.005736167
v -0.0031399482 0.002590645 0.005823462
v -0.0026065728 0.0026766916 0.005962803
v -0.0020667708 0.0021156827 0.006019934
v -0.0016121467 0.0028842315 0.006115803
v -0.0022608393 0.0014190516 0.0059302985
v -0.0015603577 0.0019098385 0.0062098023
v -0.000379303 0.003147232 0.006250299
v -0.00015259063 0.0019050589 0.006253854
v 0.000870825 0.0027647421 0.005875741
v -0.0041932845 0.0008347514 0.0038421433
v -0.002593322 0.0012715467 0.0058035324
v -0.0014179595 0.0014700791 0.006204165
v -0.0018438029 0.0009681758 0.0054943953
v -0.00239696 0.0006671205 0.005383922
v -0.004131808 0.00032801152 0.0031302443
v -0.003406136 0.000524188 0.0043584364
v -0.0027407291 0.0003705907 0.004744519
v -0.0040208865 -0.00015768199 0.0018896213
v -0.0038817497 -0.00032176316 0.001332737
v -0.003934076 -0.0003668198 0.0009943716
v -0.00092257257 0.0010822925 0.0060073524
v -0.0016093294 0.00043204575 0.0047685383
v -0.0021221254 0.00024405359 0.0045346306
v -0.002484064 0.00013641923 0.0043908786
v -0.003728258 -0.0002523014 0.0031602373
v -0.0037529923 -0.00035109578 0.0022191145
v -0.003549975 -0.00046245573 0.0022455526
v -0.0033978585 -0.00055257767 0.0019668122
v -0.0032461302 -0.0005800089 0.0029396878
v -0.0022550148 -0.00017701655 0.00398873
v -0.0017292185 -0.00014099479 0.004327215
v -0.0014447032 6.228208E-05 0.0043556946
v -0.0032941373 -0.00056596904 0.0017617899
v -0.0028336253 -0.0008579479 0.0025328982
v -0.0028064041 -0.00096473587 0.0022773608
v -0.0019506498 -0.00044879882 0.0034433769
v -0.0013482941 -0.00048156528 0.0037494306
v -0.001891396 -0.00079922075 0.0029759419
v -0.0033669784 -0.00082423596 0.0012874167
v -0.0008977536 0.0005292228 0.005194613
v -0.0010603839 -0.0005690101 0.0036589878
v -0.0031443578 -0.0007283634 0.00048289917
v -0.0034398206 -0.000719392 0.00050446263
v -0.0020870005 -0.00087507843 0.0009356296
v -0.0020793104 -0.0009082424 0.00032935716
v -0.0006293927 -0.0009098671 -9.517386E-05
v -0.00070812885 -0.0009948597 -0.000809699
v 0.000417845 -0.0009898561 -0.00036131186
v -0.0003975157 -0.0008932763 0.00021593392
v 0.00043049044 -0.0009016645 0.00032959357
v 0.0017935435 -0.0008497332 -0.0014310145
v -0.0019468662 -0.0010167396 0.0013381613
v -0.00023362895 -0.0008605599 0.0005564191
v -0.0027414532 -0.00096562813 0.0016586408
v -0.0015074619 -0.001019173 0.0016839697
v -0.00017877968 -0.0009868123 0.0026179568
v -0.001312599 -0.0009615412 0.0025024742
v -0.0012444002 -0.00084156287 0.0026109065
v -0.0018693386 -0.0009113827 0.0028407108
v -1.9806022E-05 -0.00093851716 0.0027106814
v -0.0012018206 -0.0007539442 0.0034500926
v -0.0009034288 -0.00078744884 0.0031433161
v -0.000464678 -0.00076220033 0.0034826642
v -0.00065953046 -0.00045704455 0.003984748
v -0.0008984214 6.417751E-05 0.0045467946
v 0.0009278693 -0.0007911077 0.004290221
v 0.0007689635 -0.00043616176 0.004789908
v 0.0006133537 -3.8465856E-05 0.0051691947
v 0.00012001676 0.00055568246 0.005665109
v 0.0011629753 0.00022412598 0.005221848
v 0.0015506974 -0.0010709903 0.0028446172
v -0.00030094702 0.0010310435 0.0060806004
v 0.0012213796 -0.00013918905 0.004942787
v 0.0015635552 -0.0003301224 0.0044051725
v 0.001807752 -0.0009421372 0.0029957246
v -8.1221784E-05 0.0017161521 0.0062123057
v 0.00091383955 0.0019907327 0.0059818695
v 0.0009216102 0.0017813399 0.0059565282
v 0.0017386489 0.0003532478 0.0045903376
v 0.0014022132 0.0019690928 0.00529252
v 0.0009744588 0.0012247702 0.005756988
v 0.0010741175 0.0006560901 0.0055344487
v 0.0014771675 0.0017168089 0.0051475167
v 0.0013274665 0.0026882251 0.0051676813
v 0.0012973748 0.002913468 0.0043961066
v 0.0010657232 0.0030611595 0.0054788613
v 0.0017196246 0.00080912857 0.004673632
v 0.0015559964 0.0014087233 0.005123454
v 0.002125864 0.0015683123 0.0049038017
v 0.0020436363 0.0034448702 0.0038582634
v 0.00237749 0.0014166599 0.0047580265
v 0.0011715154 0.0032368894 0.0046170317
v 0.0011020951 0.0036546262 0.004959779
v 0.0019165894 0.004086945 0.0050232303
v 0.0022005874 0.0036460576 0.004414257
v 0.003144874 0.0033628664 0.0037348156
v 0.0035894571 0.0043369043 0.005266403
v 0.0039512697 0.004198416 0.004911601
v 0.0043216953 0.0036830981 0.004142166
v 0.0049357563 0.003473133 0.0035908
v 0.004006527 0.0030311265 0.0031693303
v 0.005976771 0.0033928074 0.002574746
v 0.0023510172 0.0031644716 0.0035239458
v 0.002990465 0.002484419 0.003422512
v 0.0026354154 0.002416478 0.0034476249
v 0.0025677395 0.0010874904 0.004599483
v 0.0031402234 0.0016568718 0.0037571203
v 0.002799619 0.0005662158 0.0044617685
v 0.0036353746 0.0017499903 0.0038839574
v 0.0033372168 0.0008134901 0.003305184
v 0.0028402698 -0.00017416327 0.004354587
v 0.004116192 0.0008744231 0.0034335228
v 0.0035293691 0.00025066166 0.0030439317
v 0.0041386564 0.00049426587 0.0032292318
v 0.003615548 -8.774101E-05 0.002797887
v 0.0030152674 -0.00048154354 0.003958797
v 0.004696874 0.001362426 0.0027784144
v 0.004364341 0.0023597695 0.003478561
v 0.002610425 -0.00065458653 0.0041039367
v 0.0022782192 -0.0009203413 0.0032854849
v 0.0033896058 -0.00048458367 0.002974608
v 0.003281193 -0.00056059955 0.00259162
v 0.003562007 -0.00032461793 0.0021887294
v 0.0032483013 -0.0004749146 0.0016426137
v 0.00262357 -0.0006363475 0.0009367081
v 0.0015880568 -0.0008107057 0.00048050217
v 0.0021867154 -0.00057335343 -0.0011598635
v 0.0031876618 -0.00054749846 -0.002256694
v 0.0031935417 -0.0003454703 -0.0029030486
v 0.0034644653 -0.000100872814 -0.00295606
v 0.0035530133 0.00076869247 -0.004320837
v 0.0035380074 -4.071593E-06 -0.002438157
v 0.0034341188 -0.00048253624 -0.0015022844
v 0.004202669 2.3629069E-05 0.0006847012
v 0.0040957495 -7.612884E-05 8.743733E-05
v 0.003693156 -7.277339E-05 -0.0006777921
v 0.003182807 -0.00047100484 -0.000967506
v 0.0038786158 -3.728032E-05 -0.0013320968
v 0.003652932 0.00036744712 -0.0025567592
v 0.0040717563 1.176238E-05 0.0016672533
v 0.0043136226 0.0005700701 0.0018527108
v 0.0044466923 0.0005148253 0.0005452658
v 0.0040913257 0.00035081326 -0.0015699925
v 0.0044264183 0.00061472144 -0.0008577597
v 0.0039287815 0.001563051 -0.003745359
v 0.0038155674 0.0019197013 -0.0048060557
v 0.004230785 0.0012337902 -0.0014479029
v 0.0045571504 0.0004160985 0.000108489985
v 0.003809844 -5.9810576E-05 0.0025763665
v 0.0045305123 0.0028835293 -0.0035852033
v 0.0043749893 0.0030272617 -0.0044733086
v 0.0038627912 0.0012563997 -0.0023155767
v 0.004688684 0.001328696 -0.00035841123
v 0.004110088 0.00029388606 0.0029605567
v 0.0042045056 0.00028339535 0.0027998255
v 0.0044572097 0.00041232616 0.0026424776
v 0.0046746572 0.00093843485 0.0027151385
v 0.0046087736 0.0015144756 0.0021787744
v 0.004565518 0.0011696774 0.0020752107
v 0.0047362233 0.0011794004 0.0018658645
v 0.0042688265 0.0024662814 0.0026472425
v 0.005181798 0.0012539763 0.00079613266
v 0.0053142533 0.0014597672 0.001577833
v 0.005750657 0.0030542817 0.0021427607
v 0.0058395383 0.0031553765 0.0013369526
v 0.0060250233 0.0034954068 0.0012674868
v 0.00594571 0.0036282977 0.0005524718
v 0.005736387 0.002634751 0.0018025277
v 0.005011772 0.0011279151 0.00027250036
v 0.0056645656 0.0025660219 0.0012066654
v 0.0054871202 0.0025204078 0.0006322856
v 0.0057461727 0.003219761 0.00024215101
v 0.0062160087 0.0041066594 -0.00019670486
v 0.0050889156 0.0024326427 -7.175997E-05
v 0.0054619634 0.0033917238 -0.0007098956
v 0.0053267274 0.0035607847 -0.001586036
v 0.005966922 0.0045289416 -0.0009415845
v 0.0059502185 0.0048905397 -0.0018287288
v 0.0044472544 0.0023710271 -0.00095449865
v 0.004130542 0.0020649985 -0.001873101
v 0.0046852916 0.003030755 -0.0024434684
v 0.005509058 0.0037973304 -0.0022505533
v 0.0049633547 0.0030188807 -0.0034787105
v 0.00565246 0.0040621194 -0.0029395192
v 0.0059250067 0.005164472 -0.002508621
v 0.005696828 0.0053363466 -0.003012023
v 0.004862071 0.0032376382 -0.0039869817
v 0.005575346 0.00412331 -0.003371243
v 0.004777929 0.003987623 -0.00422779
v 0.0048906514 0.0056907535 -0.003795059
v 0.00011569079 -0.0025734892 0.0007596335
v 0.00018542522 -0.0022908263 0.0006988357
v -0.0009305827 -0.0022908263 0.0006988357
v -0.00086084625 -0.0025734892 0.0007596335
v -0.0009305827 -0.0022908263 0.0018957
v 0.00018542522 -0.0022908263 0.0018957
v 0.00011569079 -0.0025734892 0.0018349021
v -0.00086084625 -0.0025734892 0.0018349002
v 0.00018542522 -0.0022908263 0.0018957
v 0.00018542522 -0.0022908263 0.0006988357
v 0.00011569079 -0.0025734892 0.0007596335
v 0.00011569079 -0.0025734892 0.0018349021
v -0.0009305827 -0.0022908263 0.0006988357
v -0.0009305827 -0.0022908263 0.0018957
v -0.00086084625 -0.0025734892 0.0018349002
v -0.00086084625 -0.0025734892 0.0007596335
v -0.0010961363 -0.002155093 0.0005948703
v -0.0009978137 -0.0023335114 0.0019051404
v -0.0009978137 -0.0023335114 0.00069228985
v -0.0010961344 -0.002155093 0.0019928073
v -0.0010961344 -0.0016175659 0.0019928073
v -0.0010961363 -0.0016175659 0.0005948703
v 0.00025243105 -0.0023335114 0.0019051404
v 0.00035264244 -0.002155093 0.0005948703
v 0.00025243105 -0.0023335114 0.00069228985
v 0.00035264244 -0.002155093 0.0019928073
v 0.00035264244 -0.0016175659 0.0019928073
v 0.00035264244 -0.0016175659 0.0005948703
v 0.00025243105 -0.0023335114 0.0019051404
v 0.00025243105 -0.0023335114 0.00069228985
v -0.0009978137 -0.0023335114 0.00069228985
v -0.0009978137 -0.0023335114 0.0019051404
v -0.0010961344 -0.002155093 0.0019928073
v 0.00025243105 -0.0023335114 0.0019051404
v -0.0009978137 -0.0023335114 0.0019051404
v 0.00035264244 -0.002155093 0.0019928073
v 0.00035264244 -0.0016175659 0.0019928073
v -0.0010961344 -0.0016175659 0.0019928073
v 0.00035264244 -0.002155093 0.0005948703
v 0.00035264244 -0.0016175659 0.0005948703
v -0.0010961363 -0.0016175659 0.0005948703
v -0.0010961363 -0.002155093 0.0005948703
v 0.00025243105 -0.0023335114 0.00069228985
v -0.0009978137 -0.0023335114 0.00069228985
v 0.00011569079 -0.0025734892 0.0018349021
v 0.00011569079 -0.0025734892 0.0007596335
v -0.00086084625 -0.0025734892 0.0007596335
v -0.00086084625 -0.0025734892 0.0018349002
v 4.4229477E-05 -0.0033439782 0.00081950065
v 4.4229477E-05 -0.0024972116 0.00081950065
v -0.0007889404 -0.0024972116 0.00081950065
v -0.0007889404 -0.0033439782 0.00081950065
v -0.0007889404 -0.0024972116 0.001773221
v -0.0007889404 -0.0033439782 0.001773221
v -0.0007889404 -0.0033439782 0.001773221
v -0.0007889404 -0.0024972116 0.001773221
v 4.4229477E-05 -0.0024972116 0.001773221
v 4.4229477E-05 -0.0033439782 0.001773221
v 4.4229477E-05 -0.0024972116 0.00081950065
v 4.4229477E-05 -0.0033439782 0.00081950065
v 0.00011569079 -0.0033224975 0.0007596335
v -0.00086084625 -0.0033224975 0.0007596335
v -0.0009305827 -0.0036051595 0.0006988357
v 0.00018542522 -0.0036051595 0.0006988357
v -0.0009305827 -0.0036051595 0.0018957
v -0.00086084625 -0.0033224975 0.0018349002
v 0.00011569079 -0.0033224975 0.0018349021
v 0.00018542522 -0.0036051595 0.0018957
v 0.00018542522 -0.0036051595 0.0018957
v 0.00011569079 -0.0033224975 0.0018349021
v 0.00011569079 -0.0033224975 0.0007596335
v 0.00018542522 -0.0036051595 0.0006988357
v -0.0009305827 -0.0036051595 0.0006988357
v -0.00086084625 -0.0033224975 0.0007596335
v -0.00086084625 -0.0033224975 0.0018349002
v -0.0009305827 -0.0036051595 0.0018957
v -0.0010961363 -0.0037408944 0.0005948703
v -0.0009978137 -0.003562475 0.00069228985
v -0.0009978137 -0.003562475 0.0019051404
v -0.0010961344 -0.0037408944 0.0019928073
v -0.0010961344 -0.0042784205 0.0019928073
v -0.0010961363 -0.0042784205 0.0005948703
v 0.00025243105 -0.003562475 0.0019051404
v 0.00025243105 -0.003562475 0.00069228985
v 0.00035264244 -0.0037408944 0.0005948703
v 0.00035264244 -0.0037408944 0.0019928073
v 0.00035264244 -0.0042784205 0.0019928073
v 0.00035264244 -0.0042784205 0.0005948703
v 0.00025243105 -0.003562475 0.0019051404
v -0.0009978137 -0.003562475 0.0019051404
v -0.0009978137 -0.003562475 0.00069228985
v 0.00025243105 -0.003562475 0.00069228985
v -0.0010961344 -0.0037408944 0.0019928073
v -0.0009978137 -0.003562475 0.0019051404
v 0.00025243105 -0.003562475 0.0019051404
v 0.00035264244 -0.0037408944 0.0019928073
v 0.00035264244 -0.0042784205 0.0019928073
v -0.0010961344 -0.0042784205 0.0019928073
v 0.00035264244 -0.0037408944 0.0005948703
v -0.0010961363 -0.0042784205 0.0005948703
v 0.00035264244 -0.0042784205 0.0005948703
v -0.0010961363 -0.0037408944 0.0005948703
v 0.00025243105 -0.003562475 0.00069228985
v -0.0009978137 -0.003562475 0.00069228985
v 0.00011569079 -0.0033224975 0.0018349021
v -0.00086084625 -0.0033224975 0.0018349002
v -0.00086084625 -0.0033224975 0.0007596335
v 0.00011569079 -0.0033224975 0.0007596335
v -0.0018181094 -0.0031263852 0.002605639
v -0.0018181094 -0.0031263852 0.0005224946
v 0.00089938875 -0.0031263852 0.0005224946
v 0.00089938875 -0.0031263852 0.002605639
v -0.0020970714 -0.0034457732 0.0028205153
v 0.0015622843 -0.0034457732 0.0028205153
v -0.00215685 -0.003897399 0.0028205153
v 0.0019010248 -0.003897399 0.0028205153
v -0.002465702 -0.0041914773 0.0028205153
v 0.00212021 -0.0041914773 0.0028205153
v -0.002465702 -0.0044522937 0.0028205153
v 0.0021401357 -0.0044522937 0.0028205153
v -0.002465702 -0.0045872163 0.0029257536
v 0.002130173 -0.0045872163 0.0029257536
v -0.0025208718 -0.0047205407 0.0029257536
v 0.0021454904 -0.0047205407 0.0029257536
v -0.0025208718 -0.0049635996 0.0029257536
v 0.0021454904 -0.0049635996 0.0029257536
v -0.0025208718 -0.0060410234 0.0029257536
v 0.0021454904 -0.0060410234 0.0029257536
v -0.0025208718 -0.0060410234 -0.0006926247
v 0.0021454904 -0.0060410234 -0.0006926247
v -0.0025208718 -0.0049635996 -0.0006926247
v -0.0025208718 -0.0049635996 0.0029257536
v -0.0025208718 -0.0060410234 0.0029257536
v -0.0025208718 -0.0047205407 0.0029257536
v 0.0021454904 -0.0049635996 -0.0006926247
v 0.0021454904 -0.0060410234 0.0029257536
v 0.0021454904 -0.0049635996 0.0029257536
v -0.0025208718 -0.0047205407 -0.0006926247
v -0.002465702 -0.0045872163 0.0029257536
v 0.0021454904 -0.0047205407 -0.0006926247
v 0.0021454904 -0.0047205407 0.0029257536
v -0.002465702 -0.0045872163 -0.0006926247
v -0.002465702 -0.0044522937 0.0028205153
v 0.002130173 -0.0045872163 -0.0006926247
v 0.002130173 -0.0045872163 0.0029257536
v -0.002465702 -0.0044522937 -0.0006926247
v -0.002465702 -0.0041914773 0.0028205153
v 0.0021401357 -0.0044522937 -0.0006926247
v 0.0021401357 -0.0044522937 0.0028205153
v -0.002465702 -0.0041914773 -0.0006926247
v -0.00215685 -0.003897399 0.0028205153
v 0.00212021 -0.0041914773 -0.0006926247
v 0.00212021 -0.0041914773 0.0028205153
v -0.00215685 -0.003897399 -3.9400755E-05
v -0.0020970714 -0.0034457732 0.0028205153
v 0.0019010248 -0.003897399 -3.9400755E-05
v 0.0019010248 -0.003897399 0.0028205153
v -0.0020970714 -0.0034457732 8.092977E-05
v -0.0018181094 -0.0031263852 0.002605639
v -0.0018181094 -0.0031263852 0.0005224946
v 0.0015622843 -0.0034457732 8.092977E-05
v 0.0015622843 -0.0034457732 0.0028205153
v 0.00089938875 -0.0031263852 0.0005224946
v 0.00089938875 -0.0031263852 0.002605639
v -0.0022365532 -0.002451125 -0.00050143566
v -0.0022365532 -0.002451125 0.002776422
v 0.001248092 -0.002451125 0.002776422
v 0.001248092 -0.002451125 -0.00050143566
v -0.0022365532 -0.0020694423 -0.00050143566
v 0.0016718765 -0.0020694423 -0.00050143566
v -0.0025254798 -0.0019079888 -0.00050143566
v 0.0016718765 -0.0019079888 -0.00050143566
v -0.0027645906 -0.0017186117 -0.00050143566
v 0.0016718765 -0.0017186117 -0.00050143566
v -0.0028841463 -0.0014610761 -0.00050143566
v 0.0018611732 -0.0014610761 -0.00050143566
v -0.0028841463 -0.0013255214 -0.0008043599
v 0.0019707656 -0.0013255214 -0.0008043599
v -0.0029393157 -0.0011921966 -0.0008043599
v 0.0025921655 -0.0011921966 -0.0008043599
v -0.0029393157 -0.0009491381 -0.0008043599
v 0.0025921655 -0.0009491381 -0.0008043599
v -0.0029393157 -0.00020560861 -0.0008043599
v 0.0025921655 -0.00020560861 -0.0008043599
v -0.0029393157 -0.00020560861 0.0031922003
v 0.0025921655 -0.00020560861 0.0031922003
v -0.0029393157 -0.0009491381 0.0031922003
v -0.0029393157 -0.0009491381 -0.0008043599
v -0.0029393157 -0.00020560861 -0.0008043599
v -0.0029393157 -0.0011921966 -0.0008043599
v 0.0025921655 -0.0009491381 0.0031922003
v 0.0025921655 -0.00020560861 -0.0008043599
v 0.0025921655 -0.0009491381 -0.0008043599
v -0.0029393157 -0.0011921966 0.0031922003
v -0.0028841463 -0.0013255214 -0.0008043599
v 0.0025921655 -0.0011921966 0.0031922003
v 0.0025921655 -0.0011921966 -0.0008043599
v -0.0028841463 -0.0013255214 0.0031922003
v -0.0028841463 -0.0014610761 -0.00050143566
v 0.0019707656 -0.0013255214 0.0031922003
v 0.0019707656 -0.0013255214 -0.0008043599
v -0.0028841463 -0.0014610761 0.0031922003
v -0.0027645906 -0.0017186117 -0.00050143566
v 0.0018611732 -0.0014610761 0.0031922003
v 0.0018611732 -0.0014610761 -0.00050143566
v -0.0027645906 -0.0017186117 0.0031922003
v -0.0025254798 -0.0019079888 -0.00050143566
v 0.0016718765 -0.0017186117 0.0031922003
v 0.0016718765 -0.0017186117 -0.00050143566
v -0.0025254798 -0.0019079888 0.0031922003
v -0.0022365532 -0.0020694423 -0.00050143566
v 0.0016718765 -0.0019079888 0.0031922003
v 0.0016718765 -0.0019079888 -0.00050143566
v -0.0022365532 -0.0020694423 0.0031922003
v -0.0022365532 -0.002451125 -0.00050143566
v -0.0022365532 -0.002451125 0.002776422
v 0.0016718765 -0.0020694423 0.0031922003
v 0.0016718765 -0.0020694423 -0.00050143566
v 0.001248092 -0.002451125 0.002776422
v 0.001248092 -0.002451125 -0.00050143566
v 0.001338298 -0.005837967 -8.987441E-05
v 0.0012278398 -0.005837967 -0.0002393329
v 0.0012278398 -0.0049183113 -0.0002393329
v 0.001338298 -0.0049494673 -8.987441E-05
v 0.001338298 -0.005837967 -8.987441E-05
v 0.001338298 -0.0049494673 -8.987441E-05
v 0.0013876241 -0.004989659 -0.00027016163
v 0.0013876241 -0.005837967 -0.00027016163
v 0.0013432811 -0.005277675 -0.00026160627
v 0.0013432811 -0.005033642 -0.00026160627
v 0.0012854094 -0.005033642 -0.00025043904
v 0.0012854094 -0.005277675 -0.00025043904
v 0.0022688736 -0.0051502064 0.0007342897
v 0.002224307 -0.0051502064 0.0007679557
v 0.002155039 -0.0051502064 0.0006893597
v 0.0021996053 -0.0051502064 0.00065569376
v 0.0021930872 -0.0058040977 0.0006260763
v 0.0021996053 -0.0051502064 0.00065569376
v 0.002155039 -0.0051502064 0.0006893597
v 0.0021250043 -0.0058040977 0.0006775048
v 0.0021250043 -0.0058040977 0.0006775048
v 0.002155039 -0.0051502064 0.0006893597
v 0.002224307 -0.0051502064 0.0007679557
v 0.0022308272 -0.0058040977 0.0007975732
v 0.0022308272 -0.0058040977 0.0007975732
v 0.002224307 -0.0051502064 0.0007679557
v 0.0022688736 -0.0051502064 0.0007342897
v 0.00229891 -0.0058040977 0.0007461446
v 0.0022147403 -0.005212524 0.0006710498
v 0.0022204581 -0.0055805882 0.0006667267
v 0.0022629441 -0.0055805882 0.00071488123
v 0.0022572163 -0.005212525 0.0007192083
v 0.002556406 -0.005388606 0.001046028
v 0.0025156133 -0.0053480165 0.0010679319
v 0.0024934881 -0.0053480165 0.0010515366
v 0.002505922 -0.005388606 0.0010086179
v 0.0026531105 -0.005429196 0.0009941035
v 0.002535399 -0.005429196 0.00090687926
v 0.0024432589 -0.005388606 0.0010132473
v 0.0024660262 -0.0053480165 0.0010535658
v 0.0024495837 -0.0053480165 0.001075112
v 0.0024057424 -0.005388606 0.0010624115
v 0.0023892915 -0.005429196 0.00091766915
v 0.0023018164 -0.005429196 0.001032302
v 0.0024616518 -0.005388606 0.0011614236
v 0.0024740878 -0.0053480165 0.0011185049
v 0.0025015476 -0.0053480165 0.0011164777
v 0.0025243151 -0.005388606 0.0011567962
v 0.0024321745 -0.005429196 0.0012631642
v 0.0025782823 -0.005429196 0.0012523744
v 0.0025618316 -0.005388606 0.0011076321
v 0.0025179924 -0.0053480165 0.0010949314
v 0.0025156133 -0.0053480165 0.0010679319
v 0.002556406 -0.005388606 0.001046028
v 0.0026657558 -0.005429196 0.0011377414
v 0.0026531105 -0.005429196 0.0009941035
v 0.0024495837 -0.0053480165 0.001075112
v 0.0024519605 -0.0053480165 0.0011021096
v 0.0024111678 -0.005388606 0.0011240154
v 0.0024057424 -0.005388606 0.0010624115
v 0.0023018164 -0.005429196 0.001032302
v 0.0023144654 -0.005429196 0.0011759398
v 0.0024934881 -0.0053480165 0.0010515366
v 0.0024660262 -0.0053480165 0.0010535658
v 0.0024432589 -0.005388606 0.0010132473
v 0.002505922 -0.005388606 0.0010086179
v 0.002535399 -0.005429196 0.00090687926
v 0.0023892915 -0.005429196 0.00091766915
v 0.0025243151 -0.005388606 0.0011567962
v 0.0025015476 -0.0053480165 0.0011164777
v 0.0025179924 -0.0053480165 0.0010949314
v 0.0025618316 -0.005388606 0.0011076321
v 0.0025782823 -0.005429196 0.0012523744
v 0.0026657558 -0.005429196 0.0011377414
v 0.0024111678 -0.005388606 0.0011240154
v 0.0024519605 -0.0053480165 0.0011021096
v 0.0024740878 -0.0053480165 0.0011185049
v 0.0024616518 -0.005388606 0.0011614236
v 0.0023144654 -0.005429196 0.0011759398
v 0.0024321745 -0.005429196 0.0012631642
v 0.0026557287 -0.005466783 0.0011348351
v 0.0026657558 -0.005429196 0.0011377414
v 0.0026531105 -0.005429196 0.0009941035
v 0.002643779 -0.005466783 0.0009991142
v 0.0026373079 -0.005468709 0.0011294984
v 0.0026266386 -0.005468709 0.0010083176
v 0.0025730762 -0.005466783 0.0012431511
v 0.0025782823 -0.005429196 0.0012523744
v 0.0026657558 -0.005429196 0.0011377414
v 0.0026557287 -0.005466783 0.0011348351
v 0.002563509 -0.005468709 0.0012262085
v 0.0026373079 -0.005468709 0.0011294984
v 0.00243502 -0.005466783 0.0012533464
v 0.0024321745 -0.005429196 0.0012631642
v 0.0025782823 -0.005429196 0.0012523744
v 0.0025730762 -0.005466783 0.0012431511
v 0.0024402458 -0.005468709 0.0012353131
v 0.002563509 -0.005468709 0.0012262085
v 0.0023237993 -0.005466783 0.0011709292
v 0.0023144654 -0.005429196 0.0011759398
v 0.0024321745 -0.005429196 0.0012631642
v 0.00243502 -0.005466783 0.0012533464
v 0.0023409375 -0.005468709 0.0011617258
v 0.0024402458 -0.005468709 0.0012353131
v 0.0023118474 -0.005466783 0.0010352065
v 0.0023018164 -0.005429196 0.001032302
v 0.0023144654 -0.005429196 0.0011759398
v 0.0023237993 -0.005466783 0.0011709292
v 0.002330268 -0.005468709 0.0010405432
v 0.0023409375 -0.005468709 0.0011617258
v 0.0023945 -0.005466783 0.0009268923
v 0.0023892915 -0.005429196 0.00091766915
v 0.0023018164 -0.005429196 0.001032302
v 0.0023118474 -0.005466783 0.0010352065
v 0.0024040628 -0.005468709 0.0009438349
v 0.002330268 -0.005468709 0.0010405432
v 0.0025325543 -0.005466783 0.0009166971
v 0.002535399 -0.005429196 0.00090687926
v 0.0023892915 -0.005429196 0.00091766915
v 0.0023945 -0.005466783 0.0009268923
v 0.0025273298 -0.005468709 0.0009347303
v 0.0024040628 -0.005468709 0.0009438349
v 0.002643779 -0.005466783 0.0009991142
v 0.0026531105 -0.005429196 0.0009941035
v 0.002535399 -0.005429196 0.00090687926
v 0.0025325543 -0.005466783 0.0009166971
v 0.0026266386 -0.005468709 0.0010083176
v 0.0025273298 -0.005468709 0.0009347303
v 0.0026266386 -0.005638132 0.0010083176
v 0.0025273298 -0.005638132 0.0009347303
v 0.0025445574 -0.005638132 0.00087527215
v 0.0026831508 -0.005638132 0.000977971
v 0.0027092632 -0.005825431 0.00096395065
v 0.0025525158 -0.005825431 0.00084780034
v 0.0026831508 -0.005638132 0.000977971
v 0.0026373079 -0.005638132 0.0011294984
v 0.0026266386 -0.005638132 0.0010083176
v 0.0026980424 -0.005638132 0.001147095
v 0.0027261048 -0.005825431 0.0011552254
v 0.0027092632 -0.005825431 0.00096395065
v 0.0026980424 -0.005638132 0.001147095
v 0.002563509 -0.005638132 0.0012262085
v 0.0026373079 -0.005638132 0.0011294984
v 0.002595049 -0.005638132 0.001282065
v 0.0026096206 -0.005825431 0.001307875
v 0.0027261048 -0.005825431 0.0011552254
v 0.002595049 -0.005638132 0.001282065
v 0.0024402458 -0.005638132 0.0012353131
v 0.002563509 -0.005638132 0.0012262085
v 0.0024230187 -0.005638132 0.0012947714
v 0.0024150582 -0.005825431 0.001322243
v 0.0026096206 -0.005825431 0.001307875
v 0.0024230187 -0.005638132 0.0012947714
v 0.0023409375 -0.005638132 0.0011617258
v 0.0024402458 -0.005638132 0.0012353131
v 0.0022844232 -0.005638132 0.0011920724
v 0.0022583127 -0.005825431 0.0012060928
v 0.0024150582 -0.005825431 0.001322243
v 0.0022844232 -0.005638132 0.0011920724
v 0.002330268 -0.005638132 0.0010405432
v 0.0023409375 -0.005638132 0.0011617258
v 0.0022695314 -0.005638132 0.0010229485
v 0.002241473 -0.005825431 0.0010148181
v 0.0022583127 -0.005825431 0.0012060928
v 0.0022695314 -0.005638132 0.0010229485
v 0.0024040628 -0.005638132 0.0009438349
v 0.002330268 -0.005638132 0.0010405432
v 0.0023725247 -0.005638132 0.0008879786
v 0.0023579532 -0.005825431 0.0008621685
v 0.002241473 -0.005825431 0.0010148181
v 0.0023725247 -0.005638132 0.0008879786
v 0.0025273298 -0.005638132 0.0009347303
v 0.0024040628 -0.005638132 0.0009438349
v 0.0025445574 -0.005638132 0.00087527215
v 0.0025525158 -0.005825431 0.00084780034
v 0.0023579532 -0.005825431 0.0008621685
v 0.0026373079 -0.005638132 0.0011294984
v 0.0026373079 -0.005468709 0.0011294984
v 0.0026266386 -0.005468709 0.0010083176
v 0.0026266386 -0.005638132 0.0010083176
v 0.002563509 -0.005638132 0.0012262085
v 0.002563509 -0.005468709 0.0012262085
v 0.0026373079 -0.005468709 0.0011294984
v 0.0026373079 -0.005638132 0.0011294984
v 0.0024402458 -0.005638132 0.0012353131
v 0.0024402458 -0.005468709 0.0012353131
v 0.002563509 -0.005468709 0.0012262085
v 0.002563509 -0.005638132 0.0012262085
v 0.0023409375 -0.005638132 0.0011617258
v 0.0023409375 -0.005468709 0.0011617258
v 0.0024402458 -0.005468709 0.0012353131
v 0.0024402458 -0.005638132 0.0012353131
v 0.002330268 -0.005638132 0.0010405432
v 0.002330268 -0.005468709 0.0010405432
v 0.0023409375 -0.005468709 0.0011617258
v 0.0023409375 -0.005638132 0.0011617258
v 0.0024040628 -0.005638132 0.0009438349
v 0.0024040628 -0.005468709 0.0009438349
v 0.002330268 -0.005468709 0.0010405432
v 0.002330268 -0.005638132 0.0010405432
v 0.0025273298 -0.005638132 0.0009347303
v 0.0025273298 -0.005468709 0.0009347303
v 0.0024040628 -0.005468709 0.0009438349
v 0.0024040628 -0.005638132 0.0009438349
v 0.0026266386 -0.005638132 0.0010083176
v 0.0026266386 -0.005468709 0.0010083176
v 0.0025273298 -0.005468709 0.0009347303
v 0.0025273298 -0.005638132 0.0009347303
v 0.001046302 -0.0055291005 -0.00045265406
v 0.0010564419 -0.0052369237 -0.00053441507
v 0.0010564419 -0.0055291005 -0.00053441507
v 0.001046302 -0.0052369237 -0.00045265406
v 0.0009795708 -0.0055291005 -0.0004015158
v 0.0009795708 -0.0052369237 -0.0004015158
v 0.0010050351 -0.0055291005 -0.00059879123
v 0.0009214126 -0.0052369237 -0.00060746906
v 0.0009214126 -0.0055291005 -0.00060746906
v 0.0010050351 -0.0052369237 -0.00059879123
v 0.0010564419 -0.0055291005 -0.00053441507
v 0.0010564419 -0.0052369237 -0.00053441507
v 0.0008445377 -0.0055291005 -0.00047457576
v 0.0008445377 -0.0052369237 -0.00047457576
v 0.0008959464 -0.0052369237 -0.00041019573
v 0.0008959464 -0.0055291005 -0.00041019573
v 0.0009795708 -0.0052369237 -0.0004015158
v 0.0009795708 -0.0055291005 -0.0004015158
v 0.0008546795 -0.0055291005 -0.00055633084
v 0.0008445377 -0.0052369237 -0.00047457576
v 0.0008445377 -0.0055291005 -0.00047457576
v 0.0008546795 -0.0052369237 -0.00055633084
v 0.0009214126 -0.0055291005 -0.00060746906
v 0.0009214126 -0.0052369237 -0.00060746906
v 0.001059297 -0.005180595 -0.00044562592
v 0.0010304915 -0.005133474 -0.00046120925
v 0.001038958 -0.005133474 -0.0005294776
v 0.0010708139 -0.005180595 -0.0005384715
v 0.0009835145 -0.005180595 -0.00038755088
v 0.00097477355 -0.005133474 -0.00041850982
v 0.0010304915 -0.005133474 -0.00046120925
v 0.001059297 -0.005180595 -0.00044562592
v 0.0010708139 -0.005180595 -0.0005384715
v 0.001038958 -0.005133474 -0.0005294776
v 0.0009960333 -0.005133474 -0.00058322947
v 0.0010124326 -0.005180595 -0.00061157864
v 0.0010124326 -0.005180595 -0.00061157864
v 0.0009960333 -0.005133474 -0.00058322947
v 0.00092620996 -0.005133474 -0.00059047504
v 0.000917467 -0.005180595 -0.00062143593
v 0.000917467 -0.005180595 -0.00062143593
v 0.00092620996 -0.005133474 -0.00059047504
v 0.0008704919 -0.005133474 -0.00054777757
v 0.00084168446 -0.005180595 -0.00056336285
v 0.00084168446 -0.005180595 -0.00056336285
v 0.0008704919 -0.005133474 -0.00054777757
v 0.0008620237 -0.005133474 -0.0004795131
v 0.00083016953 -0.005180595 -0.0004705174
v 0.00083016953 -0.005180595 -0.0004705174
v 0.0008620237 -0.005133474 -0.0004795131
v 0.0009049482 -0.005133474 -0.00042575703
v 0.0008885469 -0.005180595 -0.0003974101
v 0.0008885469 -0.005180595 -0.0003974101
v 0.0009049482 -0.005133474 -0.00042575703
v 0.00097477355 -0.005133474 -0.00041850982
v 0.0009835145 -0.005180595 -0.00038755088
v 0.0010304915 -0.005133474 -0.00046120925
v 0.0009504908 -0.005088406 -0.0005044955
v 0.001038958 -0.005133474 -0.0005294776
v 0.00097477355 -0.005133474 -0.00041850982
v 0.001038958 -0.005133474 -0.0005294776
v 0.0009504908 -0.005088406 -0.0005044955
v 0.0009960333 -0.005133474 -0.00058322947
v 0.00092620996 -0.005133474 -0.00059047504
v 0.00092620996 -0.005133474 -0.00059047504
v 0.0009504908 -0.005088406 -0.0005044955
v 0.0008704919 -0.005133474 -0.00054777757
v 0.0008620237 -0.005133474 -0.0004795131
v 0.0008620237 -0.005133474 -0.0004795131
v 0.0009504908 -0.005088406 -0.0005044955
v 0.0009049482 -0.005133474 -0.00042575703
v 0.00097477355 -0.005133474 -0.00041850982
v 0.0009795708 -0.0052369237 -0.0004015158
v 0.0009835145 -0.005180595 -0.00038755088
v 0.001059297 -0.005180595 -0.00044562592
v 0.001046302 -0.0052369237 -0.00045265406
v 0.0010708139 -0.005180595 -0.0005384715
v 0.0010564419 -0.0052369237 -0.00053441507
v 0.0008959464 -0.0052369237 -0.00041019573
v 0.0009835145 -0.005180595 -0.00038755088
v 0.0009795708 -0.0052369237 -0.0004015158
v 0.0008885469 -0.005180595 -0.0003974101
v 0.0008445377 -0.0052369237 -0.00047457576
v 0.00083016953 -0.005180595 -0.0004705174
v 0.0008546795 -0.0052369237 -0.00055633084
v 0.00083016953 -0.005180595 -0.0004705174
v 0.0008445377 -0.0052369237 -0.00047457576
v 0.00084168446 -0.005180595 -0.00056336285
v 0.0009214126 -0.0052369237 -0.00060746906
v 0.000917467 -0.005180595 -0.00062143593
v 0.0010050351 -0.0052369237 -0.00059879123
v 0.000917467 -0.005180595 -0.00062143593
v 0.0009214126 -0.0052369237 -0.00060746906
v 0.0010124326 -0.005180595 -0.00061157864
v 0.0010564419 -0.0052369237 -0.00053441507
v 0.0010708139 -0.005180595 -0.0005384715
v -0.0058167432 0.004559815 0.005024579
v -0.005413842 0.004391584 0.005713527
v -0.0050110836 0.0039476515 0.0058295596
v -0.004914287 0.0032073876 0.0055774995
v -0.005450636 0.003226638 0.0047086715
v -0.00525593 0.003280296 0.0051987343
v -0.0058924076 0.0033816434 0.004300246
v -0.005724845 0.0034297386 0.0051689968
v -0.005366149 0.0040751453 0.0056907353
v -0.005697825 0.0044043143 0.005585533
v -0.005981091 0.0036204017 0.0047974135
v -0.006415249 0.0037976226 0.0038724404
v -0.005617691 0.0041312934 0.0056458176
v -0.005840589 0.0037903383 0.005392346
v -0.0061121844 0.004030241 0.0051300656
v -0.0060116635 0.0038471934 0.0052103447
v -0.006165794 0.003965705 0.00473998
v -0.006050758 0.0043315277 0.0052265213
v -0.0060210833 0.004342586 0.0048712566
v -0.006346348 0.004010747 0.004199275
v -0.0064709615 0.004409883 0.0041431286
v -0.0015179513 -0.0053317803 -0.00080404995
v -0.0017127004 -0.0052531427 -0.000120048964
v -0.0019825904 -0.0055302666 -0.00088473887
v -0.0016892178 -0.0052602743 -0.0004773438
v -0.0019792444 -0.005149714 0.0002547662
v -0.0024052793 -0.00551965 -0.0006852425
v -0.0022120406 -0.005414903 -0.0007068102
v -0.0019994506 -0.0050725043 -0.0003439082
v -0.0025392626 -0.005387066 -0.0005385418
v -0.0021970153 -0.0050739846 -3.0006766E-05
v -0.0024206548 -0.0050468724 0.0006823471
v -0.0023603428 -0.0053106192 -0.0006183751
v -0.002267852 -0.0050983015 -0.00043402746
v -0.0025089523 -0.0050852573 -0.0001836437
v -0.0023680131 -0.005057938 -0.0002733846
v -0.00246987 -0.0050985706 7.718384E-05
v -0.0026463699 -0.005219616 -0.00023419021
v -0.0026122278 -0.0052942014 -7.806271E-06
v -0.0025325133 -0.0050988556 0.00047263852
v -0.0028018625 -0.005179257 0.00057003787
v 0.00229891 -0.0058040977 0.0007461446
v 0.0022572163 -0.005212525 0.0007192083
v 0.0022629441 -0.0055805882 0.00071488123
v 0.0022204581 -0.0055805882 0.0006667267
v 0.0022688736 -0.0051502064 0.0007342897
v 0.0021930872 -0.0058040977 0.0006260763
v 0.0022147403 -0.005212524 0.0006710498
v 0.0021996053 -0.0051502064 0.00065569376
v 0.0013876241 -0.005837967 -0.00027016163
v 0.0013876241 -0.004989659 -0.00027016163
v 0.0013432811 -0.005033642 -0.00026160627
v 0.0012278398 -0.0049183113 -0.0002393329
v 0.0013432811 -0.005277675 -0.00026160627
v 0.0012854094 -0.005033642 -0.00025043904
v 0.0012854094 -0.005277675 -0.00025043904
v 0.0012278398 -0.005837967 -0.0002393329
v -0.005048382 0.007896905 -0.0011508672
v -0.0052909506 0.008190187 0.0005316065
v -0.005291507 0.007297338 3.2688826E-05
v -0.005305289 0.0069500376 -0.0011199672
v -0.0051619182 0.0073024416 -0.001756986
v -0.004257715 0.0056118225 -0.0031056958
v -0.0048664203 0.0076963506 -0.0021290875
v -0.0037713232 0.005794983 -0.0040468313
v -0.0028078933 0.0052929795 -0.004482927
v -0.0030071207 0.005808073 -0.0047624847
v -0.0016206497 0.0062674154 -0.005090774
v -0.0049203564 0.008507564 -0.00026779575
v -0.005114232 0.008868005 0.0005948259
v -0.00548406 0.00846931 0.00136589
v -0.0052471897 0.008798816 0.0017080712
v -0.004770069 0.009217337 0.0010962542
v -0.004899275 0.00914452 0.0022466055
v -0.004687485 0.0093911765 0.0014709613
v -0.0045007686 0.009497638 0.0027394406
v -0.0043710573 0.009988075 0.0022185885
v -0.004177804 0.009472797 0.0035544063
v -0.004518546 0.009924259 0.0014147833
v -0.0041028545 0.010769376 0.0020857847
v -0.0042835204 0.010355251 0.0033268079
v -0.004603456 0.009544007 0.0008249755
v -0.004740724 0.009279425 8.74462E-05
v -0.004317603 0.009997527 0.00039362974
v -0.0047617364 0.00873797 -0.0006203681
v -0.0043419385 0.010362405 0.0011589357
v -0.0038670627 0.011226884 0.0013565667
v -0.0040556043 0.011140035 0.0022603034
v -0.003912242 0.011778397 0.0025093704
v -0.0036125325 0.010879057 0.0039472627
v -0.0042810906 0.00969757 -0.00037935973
v -0.004791055 0.008282023 -0.0014492484
v -0.0043384586 0.00873054 -0.0018104735
v -0.003839506 0.01185092 0.0021907783
v -0.004199894 0.009290313 -0.0011655891
v -0.0037182467 0.009327601 -0.0022646799
v -0.0036379306 0.009943618 -0.001622355
v -0.0037065812 0.01025843 -0.0010616701
v -0.0037640638 0.010669927 -0.00048682466
v -0.0033695893 0.010911569 -0.0012341812
v -0.0040697367 0.011086145 0.00088011846
v -0.0034096597 0.011356223 -0.0007355979
v -0.0028832224 0.011502522 -0.0013610425
v -0.002832961 0.010915775 -0.002033889
v -0.0032181893 0.010492777 -0.0018590527
v -0.0038314753 0.011440703 0.0006343872
v -0.0031575551 0.011784583 -0.00037313745
v -0.0029940526 0.010046355 -0.0029102555
v -0.003387961 0.011811765 0.00017680421
v -0.003652251 0.011641048 0.0011050927
v -0.0033012375 0.011929716 0.000585635
v -0.0035704891 0.012357061 0.0017993016
v -0.0024980807 0.011871098 -0.0008017456
v -0.0021955105 0.011949341 -0.0005472763
v -0.0036771905 0.012225676 0.0020002502
v -0.0034636601 0.0125787025 0.002065166
v -0.0034833115 0.012385803 0.00239437
v -0.0030475834 0.012620166 0.0012797922
v -0.002827357 0.012794584 0.0013904392
v -0.003664646 0.012109858 0.0027833676
v -0.0037270286 0.0119925225 0.0029700988
v -0.0031245481 0.012048415 0.0035842645
v -0.0029174008 0.0118789775 0.0037331635
v -0.0024920106 0.012208083 0.0036224138
v -0.0031761 0.012193011 0.0034181383
v -0.0029557645 0.0124057215 0.0030095028
v -0.0026383265 0.012320593 0.0035215097
v -0.0028003769 0.012564503 0.002749061
v -0.0028532483 0.012352178 0.003245194
v -0.0023233024 0.012550409 0.0033394264
v -0.0020729895 0.012440499 0.003544511
v -0.0025114513 0.012546424 0.00304718
v -0.0025616144 0.012856693 0.002439814
v -0.002038453 0.012788219 0.002994036
v -0.0017703742 0.012791155 0.0032483744
v -0.0021866106 0.012787525 0.0028121488
v -0.002109067 0.012885804 0.0026862354
v -0.0015799472 0.012876936 0.002986358
v -0.0030156274 0.012895283 0.001982585
v -0.0024415862 0.013025405 0.0023160058
v -0.0014141221 0.012989182 0.0018204919
v -0.0010804917 0.013015845 0.0022970545
v 4.896977E-05 0.01289845 0.001400846
v -0.00027455535 0.013025228 0.0021445688
v -8.081771E-05 0.013048598 0.0022230546
v 0.000118030104 0.012865752 0.0021074777
v 0.00057510164 0.012697373 0.0019000339
v 0.000945393 0.012508686 0.0017641353
v -0.0017368012 0.013002415 0.0014375767
v -0.00013940873 0.012777125 0.00080802373
v 0.00029180312 0.012744717 0.0010597343
v 0.0009385436 0.012224931 0.00015907823
v 0.0014431681 0.011781208 0.0011326526
v -0.0004778047 0.012648933 0.00041090182
v 0.00155507 0.0114649935 -0.00040528178
v 0.0019967721 0.011112132 0.0005747354
v 0.0023224822 0.010969675 -0.00067334546
v 0.002910673 0.0105242655 -0.0003549598
v -0.0026606843 0.013011237 0.0015953612
v -0.0020032688 0.012942273 0.001176526
v -0.0027934771 0.01303707 0.0019320135
v -0.0027521383 0.012842917 0.0015331691
v -0.0027428647 0.012906842 0.0013461548
v -0.0022026778 0.012754016 0.000885954
v -0.0005036309 0.012439627 -5.228132E-05
v 4.092706E-06 0.012343023 -0.00018608719
v -0.0023325153 0.011992484 -6.067559E-05
v -0.00050607516 0.011910764 -0.0011058399
v 0.0006072545 0.011565747 -0.0010169946
v -0.0003469544 0.011652913 -0.0022263199
v 0.0006943096 0.011172553 -0.0026135514
v -0.001350485 0.011283053 -0.0027946238
v 0.0018954672 0.010786948 -0.0026757116
v -0.0003372492 0.011145102 -0.0030409663
v -0.0026504062 0.0104855355 -0.0028511907
v 0.0006341099 0.0107658245 -0.0032442387
v -0.0001109669 0.010472139 -0.0039876476
v -0.0011390412 0.010617756 -0.003854843
v 0.0005488702 0.010364788 -0.003937951
v -0.0009311103 0.009866795 -0.004460041
v -0.0025321436 0.009974592 -0.0037931523
v -0.0027963743 0.009625927 -0.0036657874
v -0.003855021 0.008277756 -0.00319869
v -0.0010829972 0.009543347 -0.004467606
v -0.0005513051 0.009625845 -0.0043409644
v 0.0015859916 0.010071235 -0.0037892254
v -0.0016434728 0.008497719 -0.005546161
v -0.0043393658 0.008186723 -0.0025875967
v 0.0017777873 0.010520137 -0.0030802202
v -0.0024930201 0.008572536 -0.0048299143
v -0.0036894707 0.007833396 -0.0034643325
v -0.0025860881 0.0075981533 -0.0050926516
v -0.0026896852 0.008119554 -0.0049604145
v -0.0013924078 0.007991594 -0.0056346008
v -0.0023684574 0.0065396307 -0.0053923605
v -0.0017195714 0.0072887037 -0.005737216
v -0.0007361111 0.0070409775 -0.005357077
v -0.0007195182 0.007886533 -0.0054172217
v -0.00060672284 0.008733862 -0.0050975773
v 0.00061176275 0.00813612 -0.004724514
v 0.0006513147 0.009084669 -0.004544962
v 0.0015779748 0.008665481 -0.004318641
v 0.0022721377 0.009535939 -0.004016952
v 0.002892452 0.009259643 -0.0036251317
v 0.0032788732 0.009787257 -0.0025291347
v 0.002769865 0.0099809 -0.0030120052
v 0.0027679328 0.010388732 -0.0024094763
v 0.0033097556 0.010120733 -0.002033175
v 0.0037410043 0.009891012 -0.0017887381
v 0.0027528028 0.010667064 -0.0019817546
v 0.0033421977 0.010452529 -0.0015090104
v 0.0038203334 0.010140313 -0.0011432251
v 0.0043782303 0.009744395 -0.00075743033
v 0.003711293 0.010091575 -0.0007040268
v -0.00030098902 -0.011981694 -0.0003215
v -0.00040436763 -0.0123218335 0.00018403746
v 8.5197385E-08 -0.012192646 -5.9091744E-05
v -0.00014636884 -0.012554122 0.0008219576
v 1.977161E-05 -0.011867044 -0.0006770909
v 4.878467E-05 -0.011407189 -0.00104978
v -0.000313726 -0.01166197 -0.00034706548
v -0.00035181406 -0.011153383 -0.0005390805
v -0.0002067585 -0.010616357 -0.0010591547
v 0.00022220146 -0.011174833 -0.0016065162
v 0.00018070813 -0.010500188 -0.0014990628
v 0.00051588763 -0.010501627 -0.001870681
v 0.0003238552 -0.011756259 -0.0014106809
v 0.00032731786 -0.012191527 -0.00048499776
v 0.00028448895 -0.012639989 0.00047830015
v 0.0008184563 -0.0110610295 -0.0021478238
v 0.0011477111 -0.01035862 -0.0023913854
v 0.0008586666 -0.01152206 -0.002035822
v 0.00028560444 -0.012891788 0.0017613232
v -0.00013539042 -0.012914319 0.0020924667
v 0.0005122937 -0.01300905 0.0023593588
v 0.0016726987 -0.010815407 -0.0023373258
v 0.0013069712 -0.009937591 -0.002375674
v 0.0019709712 -0.010489597 -0.0023002978
v 0.0017150589 -0.009860626 -0.0023933542
v 0.0020298327 -0.010030689 -0.0022812828
v 0.0031014874 -0.0111454325 -0.001960733
v 0.0027014124 -0.010165095 -0.001970515
v 0.00324559 -0.010498459 -0.0018101555
v 0.0027528442 -0.011623689 -0.0020015494
v 0.003983838 -0.011657363 -0.0014379212
v 0.0039951587 -0.011163588 -0.0014406407
v 0.004180096 -0.011379579 -0.00059524283
v 0.0034082108 -0.012060159 -0.001622357
v 0.004060194 -0.011618641 -0.00096845225
v 0.0036676722 -0.012060771 -0.0010266863
v 0.0029634188 -0.012592995 -0.00087401073
v 0.0021643308 -0.011790918 -0.00193733
v 0.0019680646 -0.012380439 -0.0012592116
v 0.0040360643 -0.011594118 -0.00037564768
v 0.0041866694 -0.011453015 -7.737681E-05
v 0.0038562934 -0.011911801 -1.8831342E-05
v 0.0041088215 -0.011775231 0.00042528374
v 0.0034580722 -0.012339413 -0.0007126449
v 0.0035965864 -0.012143026 0.00058621296
v 0.0038523567 -0.0117844315 0.0010892602
v 0.0023080583 -0.012878292 -0.00062985776
v 0.0014602902 -0.01107128 -0.0023649223
v 0.0014201911 -0.011606662 -0.002235051
v 0.0015577808 -0.011744086 -0.0021413532
v 0.0012094636 -0.0118585965 -0.0018898419
v 0.00071441516 -0.012117854 -0.0012774074
v 0.0012335858 -0.012588965 -0.00068897795
v 0.003022061 -0.012549304 -0.00032640115
v 0.002974866 -0.012619761 0.0007395848
v 0.0016844968 -0.012978801 -0.00023819998
v 0.00070736074 -0.012654528 -1.8191486E-05
v 0.0009759032 -0.012952363 0.00047188348
v 0.00058230705 -0.012877261 0.0011128086
v 0.0023677484 -0.012966583 0.00029838277
v 0.0020152202 -0.012942728 0.00052791944
v 0.0012661811 -0.012884266 0.0010882181
v 0.002217991 -0.012755038 0.0012004585
v 0.0011370076 -0.012874244 0.0013954788
v 0.0008062653 -0.0129303215 0.001953614
v 0.0014825152 -0.012796583 0.0015706494
v 0.0012224253 -0.012763786 0.0021362077
v 0.001152073 -0.0128253065 0.0027194296
v 0.0017768724 -0.012366786 0.0021201894
v 0.0021027592 -0.012266547 0.0032355862
v 0.0028110715 -0.012503275 0.0013621275
v 0.0021674724 -0.012165509 0.002213661
v 0.0029809626 -0.012227623 0.0019879024
v 0.0025398245 -0.012094452 0.0025076247
v 0.0029351064 -0.011641024 0.0034345633
v 0.0032969648 -0.011783264 0.0026511361
v 0.003501765 -0.011850736 0.0022470236
v 0.0033552414 -0.012169515 0.0011973785
v 0.0036776622 -0.01182161 0.0017638436
v -0.0030915602 -0.007956463 0.0040125907
v -0.0036250812 -0.0077706706 0.0028407087
v -0.003301425 -0.0074576912 0.0032515677
v -0.0029196667 -0.0074047265 0.0039980323
v -0.0028677392 -0.007686321 0.0044082403
v -0.0018329856 -0.007527579 0.004985226
v -0.0028789933 -0.008021798 0.0046267896
v -0.0016973878 -0.007897661 0.0055146012
v -0.0009139952 -0.008157087 0.005565374
v -0.001294798 -0.008299129 0.005786892
v -0.00084752357 -0.009116153 0.005679383
v -0.0034996432 -0.008190356 0.0034432425
v -0.003898456 -0.008182762 0.0029307937
v -0.0038889865 -0.007732345 0.0023430344
v -0.004062223 -0.007998435 0.0022250942
v -0.0038577279 -0.008508308 0.0025398924
v -0.004132336 -0.008287685 0.0018315262
v -0.0039270725 -0.008600925 0.0022929958
v -0.0040184255 -0.008646886 0.0014238142
v -0.0041020927 -0.008937412 0.0017993264
v -0.0039747264 -0.008716048 0.000832168
v -0.0040826946 -0.008887542 0.0023559867
v -0.0041885353 -0.00935401 0.0019218496
v -0.00424065 -0.009046169 0.001073153
v -0.0039293766 -0.008744619 0.002719758
v -0.0038139762 -0.008596722 0.0032151777
v -0.0039872737 -0.009078445 0.003003271
v -0.003474657 -0.0084198 0.0036559694
v -0.0041328445 -0.00915439 0.0025385797
v -0.0041697617 -0.009667824 0.0024080963
v -0.0042658467 -0.009484574 0.0018299004
v -0.0044103977 -0.009746408 0.0016885923
v -0.004224578 -0.009493626 0.0007009986
v -0.0038054972 -0.0090477355 0.003481782
v -0.0031099184 -0.008268952 0.0041860444
v -0.0031556766 -0.008691177 0.004383564
v -0.0043562353 -0.009832796 0.0018929257
v -0.0034817527 -0.008968376 0.003964743
v -0.0032805966 -0.009259647 0.004556791
v -0.0035723334 -0.009530097 0.0041946033
v -0.0037795955 -0.009580808 0.0038894643
v -0.0039768857 -0.009655259 0.0035545551
v -0.003902743 -0.010003112 0.003995608
v -0.0041862275 -0.009568016 0.002743225
v -0.004070327 -0.010109607 0.0037114657
v -0.0039910683 -0.010432078 0.0040496923
v -0.0037196646 -0.010314994 0.004311867
v -0.0036694936 -0.009963262 0.004268885
v -0.004185234 -0.009832934 0.0028907554
v -0.004141285 -0.010359595 0.0034636194
v -0.0033387626 -0.009967832 0.004711595
v -0.0041685747 -0.010209678 0.003140447
v -0.00418937 -0.009944496 0.0025660663
v -0.004187938 -0.010258974 0.0028631932
v -0.0043781963 -0.01016973 0.0021312726
v -0.0040598786 -0.010694687 0.0036484925
v -0.004061068 -0.010833923 0.0034382413
v -0.0043900325 -0.010059022 0.0020116584
v -0.0044517117 -0.0102705285 0.0019537532
v -0.0044456986 -0.010168597 0.0017332557
v -0.004331842 -0.010538761 0.002383917
v -0.0043405495 -0.0106659215 0.0022810786
v -0.004464492 -0.009958288 0.0014924471
v -0.0044681947 -0.009875461 0.0013756558
v -0.004466305 -0.010107513 0.0009755374
v -0.0043997723 -0.010119887 0.0008801846
v -0.00445608 -0.010404602 0.0009317284
v -0.0044924975 -0.0101522785 0.001073691
v -0.0044490066 -0.010346571 0.0012993457
v -0.004479533 -0.010394212 0.0009969481
v -0.004419747 -0.010467517 0.0014412856
v -0.00445313 -0.010351195 0.0011595777
v -0.00444708 -0.0105922725 0.0010850591
v -0.0044496553 -0.010624303 0.00095666427
v -0.004408108 -0.010551966 0.0012508106
v -0.004397228 -0.010656725 0.0016187815
v -0.004363619 -0.010785176 0.0012765765
v -0.0043957476 -0.010841374 0.0011375452
v -0.004359693 -0.010749698 0.0013800539
v -0.0043489155 -0.010810831 0.001464529
v -0.004332261 -0.010957117 0.0013120578
v -0.004439361 -0.010540398 0.0019539595
v -0.0043869913 -0.010745709 0.0017012279
v -0.0041912254 -0.011190285 0.001934644
v -0.0042243935 -0.011258028 0.0016707374
v -0.0037077093 -0.012002593 0.0019830957
v -0.00406501 -0.011726609 0.0017097068
v -0.00399496 -0.011833918 0.001626486
v -0.0038378495 -0.011928324 0.0016175746
v -0.0035679217 -0.012134778 0.0016058284
v -0.0033366245 -0.012290827 0.0015693808
v -0.0042294846 -0.011106142 0.002160706
v -0.0036452569 -0.011978474 0.0022731607
v -0.0035280448 -0.012131756 0.002088274
v -0.0031323244 -0.012452115 0.002402395
v -0.0028536192 -0.012507033 0.0016415702
v -0.0037136467 -0.011859861 0.0025025085
v -0.0024927321 -0.0125630265 0.0026353276
v -0.00285913 -0.012196699 0.003276906
v -0.0023581684 -0.01260895 0.001782838
v -0.0019180058 -0.012691124 0.0026016633
v -0.0015206697 -0.012698098 0.0021697772
v -0.0034419182 -0.012080459 0.0027650108
v -0.00437062 -0.010748699 0.0021409339
v -0.0042642225 -0.011026859 0.0023236875
v -0.0036595091 -0.0118369125 0.0027554238
v -0.0034385829 -0.011666836 0.0035216701
v -0.0044171107 -0.010662492 0.0019587097
v -0.0043450166 -0.0106925275 0.0021814904
v -0.0043547815 -0.010726827 0.0023037798
v -0.004257078 -0.010947398 0.0025108014
v -0.004109907 -0.010764122 0.0031349596
v -0.0031999534 -0.011711649 0.0042691724
v -0.003308365 -0.011163958 0.004770108
v -0.003418559 -0.010293349 0.0046598297
v -0.0028206343 -0.012175283 0.00444293
v -0.0031170188 -0.011744486 0.004914614
v -0.0013117089 -0.01289592 0.0034713077
v -0.0008719702 -0.013024536 0.0028780198
v -0.0005026105 -0.012987617 0.0024638558
v -0.0007424238 -0.012815159 0.0022135614
v -0.00013539042 -0.012914319 0.0020924667
v -0.00021765247 -0.013048598 0.0028471493
v -0.0006051881 -0.013011597 0.0031995
v -0.0003943871 -0.012915263 0.0034937924
v -0.001114183 -0.0128740715 0.0037202549
v -0.0019352597 -0.012552633 0.0042265123
v -0.0027096178 -0.012042225 0.004847668
v -0.0018806575 -0.012417659 0.0044946177
v -0.00084696425 -0.01276718 0.004085497
v -0.0017851259 -0.0121981865 0.0049607297
v -0.00090945634 -0.012370082 0.0048228563
v -0.00028956594 -0.012584099 0.0042648357
v -0.00069192227 -0.0115020545 0.005055772
v -0.0015974513 -0.011319918 0.005506837
v -0.0008260557 -0.0107795345 0.0053716325
v -0.002543846 -0.01192007 0.0052901898
v -0.0023410222 -0.011049094 0.0056122914
v -0.0017355272 -0.010573699 0.005725418
v -0.001312049 -0.010183415 0.0057621985
v -0.0027596792 -0.011677295 0.0054474664
v -0.001993912 -0.01005518 0.0058871065
v -0.0025508397 -0.011042242 0.005786957
v -0.0029346743 -0.011117247 0.0054073385
v -0.0023852955 -0.010769902 0.005650997
v -0.0030769294 -0.010218664 0.005126387
v -0.0030327411 -0.00994915 0.005032532
v -0.002789489 -0.008800906 0.0050717485
v -0.0016503995 -0.009962244 0.005875482
v -0.00083395984 -0.009834532 0.005728701
v -0.0024350637 -0.009681592 0.0055251247
v -0.0028396146 -0.008504525 0.004839364
v -0.0014245535 -0.009548306 0.0059585134
v -0.0022852817 -0.009406602 0.0056270086
v -0.0019818097 -0.0092487 0.0056688925
v -0.0025358235 -0.008725214 0.005142983
v -0.0013415496 -0.008930316 0.005936921
vt 0.6982422 0.7128906
vt 0.65234375 0.7402344
vt 0.6894531 0.7182617
vt 0.8178711 0.96533203
vt 0.82714844 0.98095703
vt 0.8354492 0.96435547
vt 0.90527344 0.83984375
vt 0.9003906 0.8564453
vt 0.9003906 0.83984375
vt 0.90527344 0.83984375
vt 0.9003906 0.8564453
vt 0.9003906 0.83984375
vt 0.90527344 0.83984375
vt 0.9003906 0.8564453
vt 0.9003906 0.83984375
vt 0.90527344 0.83984375
vt 0.9003906 0.8564453
vt 0.9003906 0.83984375
vt 0.9003906 0.8564453
vt 0.90527344 0.83984375
vt 0.9003906 0.83984375
vt 0.9003906 0.8564453
vt 0.90527344 0.83984375
vt 0.9003906 0.83984375
vt 0.9003906 0.8564453
vt 0.90527344 0.83984375
vt 0.9003906 0.83984375
vt 0.9003906 0.8564453
vt 0.90527344 0.83984375
vt 0.9003906 0.83984375
vt 0.43652344 0.6308594
vt 0.41381836 0.6826172
vt 0.43164062 0.6777344
vt 0.42211914 0.62060547
vt 0.4609375 0.5888672
vt 0.37695312 0.6699219
vt 0.38842773 0.6870117
vt 0.36816406 0.7011719
vt 0.36328125 0.7011719
vt 0.44213867 0.57910156
vt 0.47631836 0.5517578
vt 0.44848633 0.55810547
vt 0.48266602 0.53125
vt 0.45581055 0.5258789
vt 0.4831543 0.47729492
vt 0.43652344 0.5517578
vt 0.36621094 0.6743164
vt 0.39746094 0.6352539
vt 0.4050293 0.60595703
vt 0.4194336 0.5708008
vt 0.4404297 0.52441406
vt 0.45288086 0.4987793
vt 0.43701172 0.47631836
vt 0.34228516 0.69873047
vt 0.33569336 0.74072266
vt 0.34448242 0.62646484
vt 0.3713379 0.64208984
vt 0.32055664 0.73046875
vt 0.31274414 0.68652344
vt 0.29589844 0.7373047
vt 0.3876953 0.6176758
vt 0.28515625 0.69970703
vt 0.2709961 0.7133789
vt 0.2619629 0.6948242
vt 0.30932617 0.6269531
vt 0.2841797 0.63427734
vt 0.30615234 0.5805664
vt 0.24658203 0.6723633
vt 0.26513672 0.6323242
vt 0.21496582 0.66552734
vt 0.36914062 0.6245117
vt 0.36206055 0.58203125
vt 0.35375977 0.6176758
vt 0.32592773 0.6113281
vt 0.33862305 0.59375
vt 0.31225586 0.56396484
vt 0.3474121 0.5463867
vt 0.3552246 0.52246094
vt 0.30810547 0.50341797
vt 0.30200195 0.53125
vt 0.29589844 0.54052734
vt 0.38110352 0.60253906
vt 0.39794922 0.5229492
vt 0.3803711 0.5366211
vt 0.41186523 0.5263672
vt 0.40625 0.5629883
vt 0.42871094 0.52978516
vt 0.4260254 0.51708984
vt 0.43823242 0.5029297
vt 0.42138672 0.5024414
vt 0.41601562 0.50390625
vt 0.42626953 0.4892578
vt 0.40893555 0.5073242
vt 0.4050293 0.50146484
vt 0.4099121 0.49658203
vt 0.40185547 0.45825195
vt 0.39575195 0.4855957
vt 0.41625977 0.4506836
vt 0.39526367 0.49658203
vt 0.38354492 0.5073242
vt 0.390625 0.49560547
vt 0.38549805 0.48217773
vt 0.37939453 0.51660156
vt 0.3708496 0.51123047
vt 0.375 0.49951172
vt 0.37231445 0.49072266
vt 0.38134766 0.4560547
vt 0.37426758 0.40039062
vt 0.34643555 0.51123047
vt 0.35839844 0.44189453
vt 0.40722656 0.40356445
vt 0.42578125 0.4416504
vt 0.35058594 0.49047852
vt 0.34350586 0.4567871
vt 0.33813477 0.4711914
vt 0.32543945 0.48266602
vt 0.32763672 0.45581055
vt 0.33618164 0.4296875
vt 0.35986328 0.3972168
vt 0.37280273 0.3791504
vt 0.4116211 0.36401367
vt 0.42358398 0.36157227
vt 0.35058594 0.3774414
vt 0.31811523 0.35668945
vt 0.32958984 0.39453125
vt 0.2932129 0.38964844
vt 0.32348633 0.36816406
vt 0.28515625 0.3696289
vt 0.29345703 0.37573242
vt 0.2626953 0.38134766
vt 0.4243164 0.40893555
vt 0.30493164 0.4128418
vt 0.26904297 0.4091797
vt 0.24511719 0.39916992
vt 0.23486328 0.4182129
vt 0.21252441 0.4086914
vt 0.29052734 0.42163086
vt 0.30932617 0.45166016
vt 0.2548828 0.42407227
vt 0.31176758 0.47558594
vt 0.30639648 0.4909668
vt 0.27856445 0.43652344
vt 0.29785156 0.47607422
vt 0.2861328 0.45214844
vt 0.265625 0.44873047
vt 0.29614258 0.5024414
vt 0.29711914 0.48168945
vt 0.2854004 0.4794922
vt 0.2709961 0.45336914
vt 0.28637695 0.48364258
vt 0.27026367 0.4794922
vt 0.2944336 0.5151367
vt 0.26416016 0.46142578
vt 0.25878906 0.44555664
vt 0.24438477 0.44750977
vt 0.25756836 0.45239258
vt 0.24169922 0.45410156
vt 0.25170898 0.4621582
vt 0.22595215 0.46411133
vt 0.23046875 0.4741211
vt 0.25854492 0.47973633
vt 0.20874023 0.46191406
vt 0.19921875 0.47338867
vt 0.18432617 0.41430664
vt 0.21875 0.47070312
vt 0.17480469 0.48168945
vt 0.16662598 0.43359375
vt 0.21032715 0.46972656
vt 0.14331055 0.47827148
vt 0.12670898 0.4453125
vt 0.12194824 0.4909668
vt 0.15478516 0.50634766
vt 0.109436035 0.45507812
vt 0.10876465 0.5053711
vt 0.095703125 0.4658203
vt 0.08886719 0.5058594
vt 0.074035645 0.47094727
vt 0.062194824 0.47485352
vt 0.17858887 0.48999023
vt 0.19018555 0.48876953
vt 0.1763916 0.4963379
vt 0.19238281 0.4970703
vt 0.11437988 0.5288086
vt 0.09472656 0.52685547
vt 0.13330078 0.51464844
vt 0.13720703 0.5786133
vt 0.110839844 0.57666016
vt 0.20593262 0.4855957
vt 0.20043945 0.4909668
vt 0.2097168 0.49902344
vt 0.19580078 0.50634766
vt 0.18127441 0.50390625
vt 0.1772461 0.51904297
vt 0.17297363 0.5566406
vt 0.18823242 0.5830078
vt 0.20605469 0.47314453
vt 0.2084961 0.4819336
vt 0.2175293 0.48754883
vt 0.234375 0.49365234
vt 0.21374512 0.5097656
vt 0.2154541 0.48217773
vt 0.2211914 0.4741211
vt 0.1776123 0.5341797
vt 0.19689941 0.53466797
vt 0.20581055 0.52441406
vt 0.19946289 0.5263672
vt 0.24377441 0.484375
vt 0.19067383 0.5527344
vt 0.21960449 0.5263672
vt 0.2310791 0.5175781
vt 0.21191406 0.53466797
vt 0.22546387 0.5366211
vt 0.2121582 0.5444336
vt 0.20129395 0.54003906
vt 0.20983887 0.5605469
vt 0.23022461 0.55371094
vt 0.23400879 0.57666016
vt 0.21166992 0.5722656
vt 0.24255371 0.55029297
vt 0.24743652 0.5336914
vt 0.23620605 0.51123047
vt 0.19958496 0.6020508
vt 0.21557617 0.59814453
vt 0.16040039 0.60498047
vt 0.19592285 0.63134766
vt 0.23693848 0.62109375
vt 0.1784668 0.65478516
vt 0.2705078 0.54052734
vt 0.2536621 0.5209961
vt 0.27124023 0.5180664
vt 0.25390625 0.51660156
vt 0.25195312 0.5102539
vt 0.25732422 0.50390625
vt 0.26489258 0.49121094
vt 0.2734375 0.4897461
vt 0.27807617 0.5058594
vt 0.27856445 0.49902344
vt 0.28759766 0.50927734
vt 0.28344727 0.5209961
vt 0.25512695 0.5708008
vt 0.2824707 0.57128906
vt 0.26831055 0.5878906
vt 0.28881836 0.5908203
vt 0.17346191 0.6640625
vt 0.18774414 0.6713867
vt 0.16491699 0.6772461
vt 0.15136719 0.65771484
vt 0.12536621 0.68896484
vt 0.15270996 0.6323242
vt 0.12756348 0.6225586
vt 0.120788574 0.6503906
vt 0.101867676 0.67626953
vt 0.10205078 0.61328125
vt 0.09124756 0.63623047
vt 0.07348633 0.60058594
vt 0.07922363 0.66845703
vt 0.060272217 0.7163086
vt 0.08850098 0.7246094
vt 0.023712158 0.75
vt 0.013626099 0.7294922
vt 0.028533936 0.71533203
vt 0.008392334 0.7026367
vt 0.062286377 0.62597656
vt 0.049560547 0.6567383
vt 0.017654419 0.6611328
vt 0.045440674 0.6118164
vt 0.013931274 0.625
vt 0.05126953 0.5864258
vt 0.033355713 0.5966797
vt 0.01525116 0.58447266
vt 0.023025513 0.57177734
vt 0.014167786 0.5649414
vt 0.02835083 0.54345703
vt 0.016860962 0.5444336
vt 0.019439697 0.53222656
vt 0.038848877 0.5786133
vt 0.083618164 0.58203125
vt 0.062316895 0.55810547
vt 0.097229004 0.5390625
vt 0.050994873 0.5493164
vt 0.0259552 0.5205078
vt 0.01890564 0.52197266
vt 0.073913574 0.52490234
vt 0.074035645 0.53515625
vt 0.07702637 0.50390625
vt 0.0690918 0.51416016
vt 0.0635376 0.5283203
vt 0.052459717 0.5004883
vt 0.033203125 0.48413086
vt 0.033081055 0.5058594
vt 0.047332764 0.51660156
vt 0.03955078 0.5366211
vt 0.97802734 0.21960449
vt 0.9301758 0.17456055
vt 0.9477539 0.22229004
vt 0.97753906 0.15661621
vt 0.8959961 0.14648438
vt 0.91796875 0.11413574
vt 0.8618164 0.091674805
vt 0.84765625 0.10864258
vt 0.8027344 0.09307861
vt 0.9267578 0.091308594
vt 0.9916992 0.115478516
vt 0.80615234 0.0725708
vt 0.77978516 0.07141113
vt 0.8222656 0.04525757
vt 0.94140625 0.0592041
vt 0.98095703 0.06939697
vt 0.97998047 0.043640137
vt 0.875 0.066833496
vt 0.78515625 0.043945312
vt 0.74609375 0.045562744
vt 0.7885742 0.030014038
vt 0.8408203 0.017959595
vt 0.8925781 0.037872314
vt 0.91308594 0.009567261
vt 0.9819336 0.01411438
vt 0.038238525 0.42651367
vt 0.039123535 0.4633789
vt 0.1182251 0.41967773
vt 0.112854004 0.40478516
vt 0.04446411 0.39526367
vt 0.08355713 0.33691406
vt 0.02470398 0.39208984
vt 0.14624023 0.37426758
vt 0.15014648 0.3947754
vt 0.18603516 0.39916992
vt 0.17895508 0.34106445
vt 0.20397949 0.34692383
vt 0.2097168 0.38208008
vt 0.12976074 0.34960938
vt 0.22229004 0.31298828
vt 0.22827148 0.3774414
vt 0.24450684 0.3190918
vt 0.25146484 0.36791992
vt 0.2668457 0.3173828
vt 0.27661133 0.35864258
vt 0.2915039 0.33325195
vt 0.19152832 0.30151367
vt 0.16381836 0.29248047
vt 0.16748047 0.25195312
vt 0.13049316 0.2548828
vt 0.13061523 0.2364502
vt 0.11755371 0.25219727
vt 0.11846924 0.23608398
vt 0.09753418 0.26782227
vt 0.10076904 0.25048828
vt 0.08666992 0.21850586
vt 0.08483887 0.23999023
vt 0.058532715 0.21606445
vt 0.064819336 0.26049805
vt 0.041900635 0.27075195
vt 0.05456543 0.28125
vt 0.03475952 0.23010254
vt 0.010406494 0.24560547
vt 0.0115356445 0.28686523
vt 0.068725586 0.27685547
vt 0.085998535 0.2998047
vt 0.018325806 0.2956543
vt 0.029342651 0.32641602
vt 0.0048599243 0.33251953
vt 0.061035156 0.31030273
vt 0.014411926 0.3215332
vt 0.021011353 0.3269043
vt 0.019866943 0.33520508
vt 0.010391235 0.37475586
vt 0.031204224 0.33691406
vt 0.10675049 0.32348633
vt 0.12585449 0.31079102
vt 0.12182617 0.30517578
vt 0.13354492 0.31396484
vt 0.12463379 0.2932129
vt 0.13110352 0.29956055
vt 0.13232422 0.2890625
vt 0.13891602 0.29711914
vt 0.13891602 0.30810547
vt 0.69140625 0.8408203
vt 0.65185547 0.90478516
vt 0.6171875 0.92041016
vt 0.6118164 0.8642578
vt 0.56591797 0.86621094
vt 0.5761719 0.9243164
vt 0.53808594 0.88183594
vt 0.5498047 0.91845703
vt 0.48901367 0.89453125
vt 0.49902344 0.92578125
vt 0.4465332 0.93066406
vt 0.4440918 0.89990234
vt 0.4038086 0.9267578
vt 0.40844727 0.89697266
vt 0.41430664 0.8642578
vt 0.4440918 0.89990234
vt 0.40844727 0.89697266
vt 0.44262695 0.86328125
vt 0.48901367 0.89453125
vt 0.44458008 0.84375
vt 0.4267578 0.8339844
vt 0.41088867 0.81884766
vt 0.4663086 0.81884766
vt 0.40039062 0.7915039
vt 0.47558594 0.8510742
vt 0.48046875 0.8647461
vt 0.5317383 0.8540039
vt 0.53808594 0.88183594
vt 0.56591797 0.86621094
vt 0.5620117 0.80566406
vt 0.5942383 0.84521484
vt 0.6118164 0.8642578
vt 0.5136719 0.83447266
vt 0.54052734 0.80908203
vt 0.49682617 0.8173828
vt 0.4819336 0.8330078
vt 0.52783203 0.80078125
vt 0.48217773 0.796875
vt 0.48876953 0.80615234
vt 0.5234375 0.79541016
vt 0.54003906 0.7832031
vt 0.4741211 0.7758789
vt 0.46142578 0.75390625
vt 0.40283203 0.7573242
vt 0.47314453 0.74121094
vt 0.4025879 0.7446289
vt 0.5029297 0.6953125
vt 0.41381836 0.70410156
vt 0.46411133 0.65234375
vt 0.4790039 0.75146484
vt 0.5209961 0.7558594
vt 0.5361328 0.7324219
vt 0.5341797 0.7192383
vt 0.53808594 0.70751953
vt 0.57177734 0.69970703
vt 0.51123047 0.78125
vt 0.51708984 0.78759766
vt 0.5253906 0.7739258
vt 0.5307617 0.77685547
vt 0.5385742 0.76416016
vt 0.5493164 0.76904297
vt 0.54296875 0.74609375
vt 0.55566406 0.7416992
vt 0.5703125 0.78271484
vt 0.5551758 0.73339844
vt 0.578125 0.75634766
vt 0.56689453 0.74072266
vt 0.5932617 0.79003906
vt 0.60302734 0.7626953
vt 0.62841797 0.7631836
vt 0.6142578 0.73583984
vt 0.5957031 0.7392578
vt 0.5888672 0.7207031
vt 0.58447266 0.7001953
vt 0.58251953 0.67871094
vt 0.5961914 0.68408203
vt 0.6142578 0.6796875
vt 0.59277344 0.63623047
vt 0.51220703 0.66552734
vt 0.5283203 0.6225586
vt 0.4645996 0.6010742
vt 0.5576172 0.5629883
vt 0.51953125 0.55078125
vt 0.58935547 0.5307617
vt 0.64208984 0.57373047
vt 0.66064453 0.54833984
vt 0.6376953 0.72558594
vt 0.6191406 0.6113281
vt 0.640625 0.63183594
vt 0.63134766 0.6645508
vt 0.6328125 0.6796875
vt 0.6542969 0.66503906
vt 0.6855469 0.6333008
vt 0.67626953 0.6870117
vt 0.65234375 0.61865234
vt 0.66845703 0.61376953
vt 0.71435547 0.6098633
vt 0.71240234 0.56152344
vt 0.7739258 0.6015625
vt 0.7529297 0.56152344
vt 0.7910156 0.56152344
vt 0.8520508 0.5810547
vt 0.8515625 0.6098633
vt 0.71484375 0.6323242
vt 0.8027344 0.6328125
vt 0.8496094 0.63427734
vt 0.8359375 0.68310547
vt 0.7241211 0.66552734
vt 0.71191406 0.6689453
vt 0.7788086 0.72558594
vt 0.83935547 0.7338867
vt 0.6953125 0.6699219
vt 0.72509766 0.7080078
vt 0.7583008 0.7758789
vt 0.8095703 0.7949219
vt 0.7597656 0.81347656
vt 0.70996094 0.6958008
vt 0.71972656 0.7529297
vt 0.6953125 0.8027344
vt 0.6479492 0.8173828
vt 0.69140625 0.8408203
vt 0.69873047 0.6899414
vt 0.6948242 0.7128906
vt 0.6503906 0.7519531
vt 0.67822266 0.7055664
vt 0.6118164 0.8413086
vt 0.6538086 0.7944336
vt 0.6513672 0.74072266
vt 0.6538086 0.7089844
vt 0.6513672 0.72998047
vt 0.6386719 0.78125
vt 0.6503906 0.69140625
vt 0.63916016 0.8027344
vt 0.6328125 0.8173828
vt 0.6147461 0.7836914
vt 0.62646484 0.79785156
vt 0.6113281 0.7949219
vt 0.6123047 0.83154297
vt 0.5908203 0.8051758
vt 0.6064453 0.8051758
vt 0.6142578 0.81152344
vt 0.041412354 0.15649414
vt 0.035247803 0.13024902
vt 0.014404297 0.1472168
vt 0.059265137 0.14074707
vt 0.089538574 0.12573242
vt 0.04559326 0.105773926
vt 0.055389404 0.080322266
vt 0.07897949 0.061920166
vt 0.076416016 0.14904785
vt 0.059326172 0.16894531
vt 0.099975586 0.19616699
vt 0.13708496 0.19104004
vt 0.13781738 0.15063477
vt 0.10595703 0.10144043
vt 0.105163574 0.04272461
vt 0.121520996 0.079589844
vt 0.14782715 0.028808594
vt 0.15307617 0.21398926
vt 0.14819336 0.22387695
vt 0.1661377 0.23937988
vt 0.19445801 0.23303223
vt 0.20178223 0.26708984
vt 0.19921875 0.20751953
vt 0.21606445 0.23571777
vt 0.24804688 0.29516602
vt 0.26757812 0.2553711
vt 0.3088379 0.29711914
vt 0.14611816 0.12573242
vt 0.19030762 0.19665527
vt 0.22668457 0.22375488
vt 0.22009277 0.1928711
vt 0.20495605 0.17736816
vt 0.15466309 0.101867676
vt 0.17712402 0.13964844
vt 0.19909668 0.15393066
vt 0.1665039 0.060028076
vt 0.17871094 0.029647827
vt 0.27148438 0.24975586
vt 0.2479248 0.21691895
vt 0.23547363 0.1694336
vt 0.22131348 0.15454102
vt 0.21069336 0.14550781
vt 0.18029785 0.09838867
vt 0.18005371 0.06921387
vt 0.18945312 0.06933594
vt 0.19665527 0.060424805
vt 0.20166016 0.08984375
vt 0.22302246 0.13378906
vt 0.23803711 0.14819336
vt 0.24633789 0.15588379
vt 0.25683594 0.18713379
vt 0.26879883 0.22387695
vt 0.22094727 0.07727051
vt 0.2397461 0.11639404
vt 0.25708008 0.13110352
vt 0.26757812 0.13415527
vt 0.20141602 0.05432129
vt 0.22387695 0.06951904
vt 0.24841309 0.09893799
vt 0.21118164 0.03466797
vt 0.2241211 0.010498047
vt 0.21032715 0.010574341
vt 0.2614746 0.032684326
vt 0.2668457 0.013633728
vt 0.3330078 0.020889282
vt 0.3388672 0.0029716492
vt 0.37939453 0.026977539
vt 0.33911133 0.03250122
vt 0.3696289 0.04824829
vt 0.45483398 0.026992798
vt 0.26367188 0.046783447
vt 0.23022461 0.051086426
vt 0.3400879 0.04660034
vt 0.2770996 0.061828613
vt 0.31176758 0.10498047
vt 0.27441406 0.08856201
vt 0.27368164 0.09710693
vt 0.25146484 0.093688965
vt 0.31567383 0.109802246
vt 0.26464844 0.12310791
vt 0.27807617 0.11895752
vt 0.29223633 0.13110352
vt 0.2788086 0.14685059
vt 0.26342773 0.16455078
vt 0.28759766 0.20996094
vt 0.30908203 0.19567871
vt 0.31835938 0.1829834
vt 0.32910156 0.16723633
vt 0.3251953 0.20703125
vt 0.36547852 0.13366699
vt 0.33007812 0.19506836
vt 0.3466797 0.18615723
vt 0.37109375 0.1418457
vt 0.35131836 0.20910645
vt 0.3190918 0.2211914
vt 0.35229492 0.2232666
vt 0.31396484 0.24072266
vt 0.34448242 0.24731445
vt 0.3095703 0.25976562
vt 0.34423828 0.25952148
vt 0.3088379 0.26708984
vt 0.3388672 0.2685547
vt 0.34326172 0.29541016
vt 0.3708496 0.30517578
vt 0.3330078 0.31103516
vt 0.36743164 0.2487793
vt 0.41088867 0.31054688
vt 0.37670898 0.24206543
vt 0.36767578 0.3178711
vt 0.36499023 0.33447266
vt 0.4020996 0.34545898
vt 0.38256836 0.23059082
vt 0.4074707 0.32543945
vt 0.41748047 0.32641602
vt 0.40698242 0.35009766
vt 0.46313477 0.36083984
vt 0.4741211 0.34814453
vt 0.4494629 0.3010254
vt 0.4873047 0.31469727
vt 0.51171875 0.29174805
vt 0.47705078 0.2734375
vt 0.5566406 0.25732422
vt 0.38745117 0.21398926
vt 0.42285156 0.29882812
vt 0.43579102 0.27294922
vt 0.4243164 0.27416992
vt 0.43896484 0.23742676
vt 0.42285156 0.24133301
vt 0.55029297 0.23803711
vt 0.58496094 0.22045898
vt 0.57177734 0.21557617
vt 0.60302734 0.20117188
vt 0.59521484 0.18408203
vt 0.6357422 0.19152832
vt 0.42456055 0.20874023
vt 0.44702148 0.20605469
vt 0.38500977 0.19519043
vt 0.42895508 0.18933105
vt 0.44604492 0.19421387
vt 0.4326172 0.17626953
vt 0.3935547 0.18408203
vt 0.4753418 0.20776367
vt 0.46801758 0.2454834
vt 0.49194336 0.24365234
vt 0.49291992 0.20275879
vt 0.5463867 0.21826172
vt 0.46948242 0.1965332
vt 0.5185547 0.1862793
vt 0.55615234 0.19970703
vt 0.5263672 0.16271973
vt 0.5073242 0.14099121
vt 0.49560547 0.18444824
vt 0.4777832 0.17004395
vt 0.48828125 0.18884277
vt 0.5654297 0.1809082
vt 0.5317383 0.14648438
vt 0.51708984 0.13012695
vt 0.54589844 0.12719727
vt 0.57421875 0.15454102
vt 0.4584961 0.18469238
vt 0.6176758 0.15649414
vt 0.63964844 0.13391113
vt 0.66259766 0.17346191
vt 0.6928711 0.15637207
vt 0.5854492 0.120788574
vt 0.56347656 0.09527588
vt 0.53564453 0.103515625
vt 0.50097656 0.119384766
vt 0.5078125 0.09222412
vt 0.54052734 0.079711914
vt 0.578125 0.0692749
vt 0.5546875 0.047943115
vt 0.5917969 0.09100342
vt 0.6176758 0.038269043
vt 0.6352539 0.09539795
vt 0.52490234 0.07824707
vt 0.6621094 0.122558594
vt 0.6855469 0.11065674
vt 0.7163086 0.14233398
vt 0.7324219 0.12878418
vt 0.6621094 0.07446289
vt 0.6953125 0.099731445
vt 0.6538086 0.062469482
vt 0.70751953 0.06304932
vt 0.76123047 0.09857178
vt 0.67578125 0.03967285
vt 0.6772461 0.06298828
vt 0.6489258 0.014381409
vt 0.6020508 0.00774765
vt 0.5410156 0.04446411
vt 0.546875 0.028579712
vt 0.53515625 0.021377563
vt 0.51904297 0.037139893
vt 0.5131836 0.062347412
vt 0.46655273 0.046722412
vt 0.49609375 0.07281494
vt 0.41210938 0.073791504
vt 0.43530273 0.10760498
vt 0.49145508 0.1361084
vt 0.44091797 0.13745117
vt 0.46606445 0.15637207
vt 0.38134766 0.15588379
vt 0.4399414 0.15734863
vt 0.3803711 0.18078613
vt 0.4194336 0.17028809
vt 0.42333984 0.15979004
vt 0.4416504 0.17163086
vt 0.44580078 0.18591309
vt 0.44970703 0.18347168
vt 0.16845703 0.98583984
vt 0.15576172 0.96533203
vt 0.11999512 0.9785156
vt 0.13134766 0.99121094
vt 0.15576172 0.96533203
vt 0.16845703 0.98583984
vt 0.22839355 0.96728516
vt 0.21826172 0.9453125
vt 0.29492188 0.9394531
vt 0.30981445 0.9580078
vt 0.3305664 0.9272461
vt 0.14245605 0.94628906
vt 0.11004639 0.9580078
vt 0.11999512 0.9785156
vt 0.081604004 0.9482422
vt 0.097229004 0.9819336
vt 0.070617676 0.9790039
vt 0.04663086 0.95654297
vt 0.10003662 0.92529297
vt 0.073791504 0.921875
vt 0.04119873 0.92626953
vt 0.04058838 0.8984375
vt 0.26586914 0.9238281
vt 0.2010498 0.921875
vt 0.17980957 0.88964844
vt 0.12609863 0.91064453
vt 0.1640625 0.84716797
vt 0.24304199 0.90185547
vt 0.11633301 0.875
vt 0.09387207 0.88720703
vt 0.07092285 0.88427734
vt 0.10992432 0.8569336
vt 0.10101318 0.86083984
vt 0.07397461 0.8520508
vt 0.12347412 0.8286133
vt 0.061309814 0.8378906
vt 0.032470703 0.8544922
vt 0.013725281 0.83447266
vt 0.04937744 0.81591797
vt 0.014160156 0.81396484
vt 0.02746582 0.8022461
vt 0.12060547 0.7988281
vt 0.10107422 0.77246094
vt 0.04598999 0.7675781
vt 0.07385254 0.74658203
vt 0.1940918 0.8046875
vt 0.15466309 0.77685547
vt 0.15136719 0.74121094
vt 0.12805176 0.72558594
vt 0.18066406 0.7055664
vt 0.17004395 0.7270508
vt 0.17919922 0.7583008
vt 0.19824219 0.71728516
vt 0.20910645 0.7036133
vt 0.2232666 0.73535156
vt 0.24206543 0.72021484
vt 0.1977539 0.7739258
vt 0.2548828 0.7573242
vt 0.27514648 0.7338867
vt 0.20629883 0.8388672
vt 0.21838379 0.79589844
vt 0.28222656 0.7739258
vt 0.3071289 0.75146484
vt 0.3305664 0.7651367
vt 0.21972656 0.86816406
vt 0.26367188 0.8046875
vt 0.24511719 0.8408203
vt 0.3173828 0.7993164
vt 0.25317383 0.8569336
vt 0.28173828 0.8461914
vt 0.27270508 0.890625
vt 0.28442383 0.8989258
vt 0.29492188 0.88134766
vt 0.31030273 0.9145508
vt 0.3227539 0.8901367
vt 0.35229492 0.890625
vt 0.32373047 0.85839844
vt 0.37402344 0.8388672
vt 0.28955078 0.8129883
vt 0.328125 0.8364258
vt 0.3413086 0.81689453
vt 0.38598633 0.7871094
vt 0.3491211 0.7739258
vt 0.4362793 0.6303711
vt 0.41333008 0.6821289
vt 0.43139648 0.6777344
vt 0.421875 0.62060547
vt 0.46069336 0.5883789
vt 0.37670898 0.6699219
vt 0.3881836 0.6870117
vt 0.36401367 0.7006836
vt 0.44213867 0.57910156
vt 0.47607422 0.55126953
vt 0.4482422 0.55810547
vt 0.48266602 0.5307617
vt 0.4555664 0.5253906
vt 0.48291016 0.47705078
vt 0.4362793 0.55126953
vt 0.3659668 0.6738281
vt 0.3972168 0.6347656
vt 0.40478516 0.60546875
vt 0.41918945 0.5708008
vt 0.44018555 0.52441406
vt 0.45288086 0.49853516
vt 0.43676758 0.47607422
vt 0.34179688 0.69873047
vt 0.33544922 0.74072266
vt 0.34399414 0.62597656
vt 0.3708496 0.64160156
vt 0.3203125 0.73046875
vt 0.31225586 0.68652344
vt 0.29541016 0.7373047
vt 0.38745117 0.6176758
vt 0.28466797 0.69970703
vt 0.2705078 0.7133789
vt 0.28393555 0.63378906
vt 0.2614746 0.6948242
vt 0.24609375 0.6723633
vt 0.30908203 0.62646484
vt 0.3059082 0.5805664
vt 0.26464844 0.6323242
vt 0.21459961 0.66503906
vt 0.36889648 0.6245117
vt 0.32543945 0.6113281
vt 0.28857422 0.5908203
vt 0.2680664 0.5878906
vt 0.23352051 0.57666016
vt 0.2364502 0.62060547
vt 0.3383789 0.59375
vt 0.35327148 0.6171875
vt 0.36157227 0.58203125
vt 0.31201172 0.56396484
vt 0.34716797 0.54589844
vt 0.35498047 0.52197266
vt 0.30786133 0.5029297
vt 0.30151367 0.53125
vt 0.29541016 0.54052734
vt 0.38085938 0.6020508
vt 0.39770508 0.52246094
vt 0.38012695 0.5361328
vt 0.4116211 0.5258789
vt 0.40600586 0.5629883
vt 0.42871094 0.5292969
vt 0.42578125 0.51660156
vt 0.43798828 0.5024414
vt 0.42114258 0.5019531
vt 0.41577148 0.50390625
vt 0.4260254 0.48901367
vt 0.4086914 0.5073242
vt 0.40478516 0.50146484
vt 0.40966797 0.4963379
vt 0.40161133 0.4580078
vt 0.3955078 0.48535156
vt 0.41625977 0.45043945
vt 0.39501953 0.4963379
vt 0.38330078 0.5073242
vt 0.39038086 0.49536133
vt 0.3852539 0.4819336
vt 0.3791504 0.51660156
vt 0.37060547 0.51123047
vt 0.37475586 0.49926758
vt 0.3720703 0.49047852
vt 0.38110352 0.4555664
vt 0.37402344 0.40014648
vt 0.3461914 0.5107422
vt 0.3581543 0.44140625
vt 0.40722656 0.4033203
vt 0.4255371 0.4411621
vt 0.3503418 0.48999023
vt 0.34326172 0.45629883
vt 0.33789062 0.47094727
vt 0.32495117 0.48242188
vt 0.32739258 0.45532227
vt 0.3359375 0.42919922
vt 0.35961914 0.39672852
vt 0.3725586 0.3786621
vt 0.41137695 0.3635254
vt 0.42358398 0.36108398
vt 0.35058594 0.37695312
vt 0.31811523 0.35620117
vt 0.3293457 0.39404297
vt 0.29296875 0.38916016
vt 0.3046875 0.41235352
vt 0.3232422 0.36767578
vt 0.2849121 0.36914062
vt 0.2932129 0.37524414
vt 0.26220703 0.38085938
vt 0.24475098 0.39868164
vt 0.30908203 0.45141602
vt 0.2902832 0.42114258
vt 0.26879883 0.4086914
vt 0.23461914 0.4177246
vt 0.2121582 0.40820312
vt 0.25463867 0.42358398
vt 0.31152344 0.47509766
vt 0.30615234 0.49072266
vt 0.2783203 0.43603516
vt 0.29760742 0.47558594
vt 0.28588867 0.45166016
vt 0.26538086 0.44848633
vt 0.29589844 0.5019531
vt 0.296875 0.48120117
vt 0.28515625 0.4790039
vt 0.2705078 0.45288086
vt 0.2861328 0.4831543
vt 0.27001953 0.47924805
vt 0.29418945 0.51464844
vt 0.28710938 0.50878906
vt 0.2783203 0.4987793
vt 0.27319336 0.48950195
vt 0.2775879 0.5053711
vt 0.26391602 0.4609375
vt 0.2644043 0.49072266
vt 0.28320312 0.5209961
vt 0.2709961 0.5175781
vt 0.25830078 0.4794922
vt 0.27026367 0.54003906
vt 0.25708008 0.50341797
vt 0.25732422 0.45214844
vt 0.2512207 0.46166992
vt 0.23010254 0.4736328
vt 0.2434082 0.48388672
vt 0.23400879 0.4934082
vt 0.25146484 0.5097656
vt 0.25341797 0.5161133
vt 0.25341797 0.5205078
vt 0.23571777 0.5107422
vt 0.24707031 0.5336914
vt 0.25830078 0.4453125
vt 0.24401855 0.44726562
vt 0.24133301 0.45385742
vt 0.22558594 0.4638672
vt 0.20837402 0.46142578
vt 0.19885254 0.4729004
vt 0.18395996 0.41381836
vt 0.21838379 0.47021484
vt 0.1743164 0.48120117
vt 0.1661377 0.43310547
vt 0.20996094 0.46923828
vt 0.14282227 0.4777832
vt 0.1262207 0.44482422
vt 0.12145996 0.49047852
vt 0.15441895 0.5058594
vt 0.108947754 0.45458984
vt 0.10827637 0.5048828
vt 0.09515381 0.46533203
vt 0.088378906 0.5058594
vt 0.07354736 0.47045898
vt 0.061645508 0.47436523
vt 0.17810059 0.4897461
vt 0.18969727 0.48828125
vt 0.17590332 0.49609375
vt 0.1920166 0.49658203
vt 0.1138916 0.5283203
vt 0.094177246 0.5263672
vt 0.1328125 0.51464844
vt 0.13671875 0.578125
vt 0.11029053 0.5761719
vt 0.2055664 0.48510742
vt 0.19995117 0.49072266
vt 0.20935059 0.49853516
vt 0.1953125 0.5058594
vt 0.18078613 0.50390625
vt 0.17675781 0.5185547
vt 0.17248535 0.55615234
vt 0.18774414 0.58251953
vt 0.2055664 0.47265625
vt 0.20812988 0.4814453
vt 0.21716309 0.48706055
vt 0.21496582 0.4819336
vt 0.2208252 0.47387695
vt 0.21325684 0.50927734
vt 0.17712402 0.5341797
vt 0.19641113 0.5341797
vt 0.20544434 0.5239258
vt 0.23071289 0.51708984
vt 0.19909668 0.5258789
vt 0.21911621 0.5263672
vt 0.22497559 0.5366211
vt 0.21154785 0.5341797
vt 0.19018555 0.5527344
vt 0.21179199 0.5444336
vt 0.2421875 0.5498047
vt 0.20080566 0.54003906
vt 0.2298584 0.55322266
vt 0.20947266 0.5600586
vt 0.2548828 0.5703125
vt 0.28222656 0.57128906
vt 0.21130371 0.5722656
vt 0.21508789 0.59765625
vt 0.19909668 0.6020508
vt 0.19555664 0.63134766
vt 0.15991211 0.60498047
vt 0.17797852 0.65478516
vt 0.17297363 0.6640625
vt 0.18725586 0.67089844
vt 0.16442871 0.6772461
vt 0.15075684 0.65722656
vt 0.15222168 0.63183594
vt 0.1270752 0.6220703
vt 0.12023926 0.6503906
vt 0.101501465 0.61279297
vt 0.09069824 0.63623047
vt 0.10131836 0.67626953
vt 0.124694824 0.68896484
vt 0.07287598 0.60009766
vt 0.07861328 0.66796875
vt 0.05960083 0.7163086
vt 0.087890625 0.7241211
vt 0.022994995 0.75
vt 0.012901306 0.7294922
vt 0.027832031 0.71533203
vt 0.0076789856 0.70214844
vt 0.061676025 0.6254883
vt 0.048919678 0.6567383
vt 0.016983032 0.66064453
vt 0.044799805 0.6113281
vt 0.013267517 0.6245117
vt 0.05065918 0.5864258
vt 0.032714844 0.5961914
vt 0.014602661 0.58447266
vt 0.022399902 0.57128906
vt 0.013534546 0.5644531
vt 0.027740479 0.54296875
vt 0.016235352 0.5439453
vt 0.018814087 0.5317383
vt 0.038208008 0.578125
vt 0.08306885 0.58154297
vt 0.06173706 0.5576172
vt 0.09667969 0.5385742
vt 0.05038452 0.5488281
vt 0.025344849 0.52001953
vt 0.018295288 0.5214844
vt 0.07336426 0.52441406
vt 0.07348633 0.53466797
vt 0.07647705 0.50341797
vt 0.06854248 0.5136719
vt 0.06298828 0.52783203
vt 0.051879883 0.49975586
vt 0.03262329 0.48364258
vt 0.032470703 0.5053711
vt 0.04675293 0.5161133
vt 0.038970947 0.5361328
vt 0.9765625 0.22180176
vt 0.92822266 0.17651367
vt 0.94628906 0.22473145
vt 0.9760742 0.15795898
vt 0.8930664 0.14819336
vt 0.91503906 0.115234375
vt 0.85839844 0.09277344
vt 0.84375 0.11004639
vt 0.79833984 0.09442139
vt 0.9238281 0.092041016
vt 0.9897461 0.1161499
vt 0.8017578 0.0736084
vt 0.77685547 0.07244873
vt 0.8178711 0.045715332
vt 0.93847656 0.059265137
vt 0.9785156 0.06933594
vt 0.97753906 0.043151855
vt 0.87109375 0.06744385
vt 0.78222656 0.04458618
vt 0.7426758 0.046447754
vt 0.7836914 0.030456543
vt 0.8364258 0.0178833
vt 0.8886719 0.037872314
vt 0.90966797 0.00894165
vt 0.9794922 0.013084412
vt 0.03805542 0.42626953
vt 0.038848877 0.4633789
vt 0.11871338 0.41967773
vt 0.11328125 0.40454102
vt 0.044433594 0.3947754
vt 0.083984375 0.33618164
vt 0.024536133 0.39160156
vt 0.14697266 0.37402344
vt 0.1508789 0.3947754
vt 0.18701172 0.39941406
vt 0.18005371 0.3408203
vt 0.20532227 0.3466797
vt 0.2109375 0.38183594
vt 0.13049316 0.34936523
vt 0.22375488 0.3125
vt 0.22961426 0.3774414
vt 0.24609375 0.31835938
vt 0.2529297 0.36791992
vt 0.2685547 0.31689453
vt 0.2783203 0.35864258
vt 0.29345703 0.3330078
vt 0.19274902 0.30078125
vt 0.16491699 0.29174805
vt 0.16870117 0.25073242
vt 0.1315918 0.23498535
vt 0.13439941 0.31323242
vt 0.13977051 0.30737305
vt 0.13989258 0.29614258
vt 0.13146973 0.2536621
vt 0.1184082 0.25097656
vt 0.119384766 0.23461914
vt 0.0982666 0.26660156
vt 0.1015625 0.24914551
vt 0.087402344 0.21679688
vt 0.085510254 0.23840332
vt 0.059051514 0.2142334
vt 0.13330078 0.28808594
vt 0.13195801 0.29882812
vt 0.12548828 0.29248047
vt 0.06530762 0.25927734
vt 0.12670898 0.3100586
vt 0.122558594 0.30419922
vt 0.08654785 0.29882812
vt 0.107421875 0.3227539
vt 0.04220581 0.26953125
vt 0.05496216 0.2800293
vt 0.035095215 0.22827148
vt 0.010543823 0.24389648
vt 0.01158905 0.28564453
vt 0.06921387 0.27563477
vt 0.06137085 0.30932617
vt 0.029418945 0.32543945
vt 0.0184021 0.2944336
vt 0.004737854 0.33154297
vt 0.03125 0.33618164
vt 0.019851685 0.33422852
vt 0.010177612 0.37402344
vt 0.0143966675 0.32055664
vt 0.021026611 0.32592773
vt 0.6928711 0.83984375
vt 0.6533203 0.9038086
vt 0.6191406 0.9199219
vt 0.61279297 0.86328125
vt 0.5673828 0.86572266
vt 0.578125 0.9238281
vt 0.54003906 0.88183594
vt 0.5517578 0.91796875
vt 0.49072266 0.89453125
vt 0.50097656 0.92578125
vt 0.44848633 0.93066406
vt 0.44580078 0.89990234
vt 0.40576172 0.9267578
vt 0.41015625 0.8964844
vt 0.41601562 0.86376953
vt 0.44580078 0.89990234
vt 0.41015625 0.8964844
vt 0.44433594 0.86328125
vt 0.49072266 0.89453125
vt 0.44604492 0.84375
vt 0.4284668 0.83251953
vt 0.41235352 0.81884766
vt 0.47509766 0.7763672
vt 0.4025879 0.79296875
vt 0.48046875 0.7519531
vt 0.40405273 0.7583008
vt 0.4741211 0.7416992
vt 0.4038086 0.74560547
vt 0.50390625 0.6958008
vt 0.41455078 0.7050781
vt 0.46484375 0.65283203
vt 0.4819336 0.8647461
vt 0.47705078 0.8515625
vt 0.5332031 0.8540039
vt 0.54003906 0.88183594
vt 0.5673828 0.86572266
vt 0.5629883 0.80566406
vt 0.5957031 0.84472656
vt 0.61279297 0.86328125
vt 0.5151367 0.83447266
vt 0.5415039 0.80908203
vt 0.49804688 0.8173828
vt 0.4675293 0.81933594
vt 0.48339844 0.8334961
vt 0.48339844 0.796875
vt 0.5292969 0.80078125
vt 0.48999023 0.8066406
vt 0.52441406 0.79541016
vt 0.5410156 0.7832031
vt 0.52246094 0.75634766
vt 0.51220703 0.78125
vt 0.5180664 0.78808594
vt 0.5371094 0.7324219
vt 0.5263672 0.77441406
vt 0.5317383 0.77685547
vt 0.5498047 0.76904297
vt 0.57128906 0.78222656
vt 0.5566406 0.7416992
vt 0.53515625 0.7192383
vt 0.57910156 0.75634766
vt 0.55615234 0.73339844
vt 0.5722656 0.69970703
vt 0.5390625 0.7080078
vt 0.5678711 0.74072266
vt 0.5942383 0.7895508
vt 0.6040039 0.76220703
vt 0.62939453 0.7626953
vt 0.6147461 0.73535156
vt 0.5961914 0.7392578
vt 0.58935547 0.72021484
vt 0.58496094 0.7001953
vt 0.5830078 0.6791992
vt 0.5966797 0.68408203
vt 0.6142578 0.6791992
vt 0.5126953 0.6665039
vt 0.59277344 0.63623047
vt 0.5288086 0.6230469
vt 0.4650879 0.6020508
vt 0.5576172 0.56347656
vt 0.51953125 0.55126953
vt 0.58935547 0.53125
vt 0.64160156 0.57373047
vt 0.66015625 0.54833984
vt 0.6191406 0.6113281
vt 0.6376953 0.72509766
vt 0.63134766 0.6640625
vt 0.6333008 0.6796875
vt 0.6689453 0.61328125
vt 0.65283203 0.61865234
vt 0.68652344 0.6333008
vt 0.71435547 0.609375
vt 0.71191406 0.56103516
vt 0.7739258 0.6010742
vt 0.7524414 0.56103516
vt 0.79003906 0.5605469
vt 0.8510742 0.5800781
vt 0.8510742 0.6088867
vt 0.6401367 0.63183594
vt 0.65478516 0.66503906
vt 0.6777344 0.68652344
vt 0.71484375 0.63183594
vt 0.8022461 0.63183594
vt 0.8491211 0.6328125
vt 0.8359375 0.6821289
vt 0.7241211 0.6645508
vt 0.71240234 0.66845703
vt 0.72558594 0.70703125
vt 0.7792969 0.7241211
vt 0.83935547 0.7324219
vt 0.69677734 0.6699219
vt 0.75878906 0.77441406
vt 0.8100586 0.7939453
vt 0.7607422 0.8120117
vt 0.7109375 0.6953125
vt 0.72021484 0.7519531
vt 0.69628906 0.8017578
vt 0.6489258 0.81689453
vt 0.6928711 0.83984375
vt 0.7006836 0.6899414
vt 0.6982422 0.7128906
vt 0.6801758 0.7055664
vt 0.6894531 0.7182617
vt 0.65234375 0.7402344
vt 0.6508789 0.75146484
vt 0.61328125 0.8408203
vt 0.65478516 0.79345703
vt 0.65478516 0.7084961
vt 0.6513672 0.7294922
vt 0.63964844 0.7807617
vt 0.6508789 0.69091797
vt 0.6401367 0.8022461
vt 0.63378906 0.81689453
vt 0.61572266 0.7832031
vt 0.6274414 0.7973633
vt 0.6123047 0.7949219
vt 0.61328125 0.8305664
vt 0.5917969 0.8046875
vt 0.6074219 0.8046875
vt 0.61572266 0.81103516
vt 0.040924072 0.15942383
vt 0.034576416 0.13330078
vt 0.013931274 0.1505127
vt 0.05859375 0.14367676
vt 0.08862305 0.12854004
vt 0.04473877 0.108947754
vt 0.05429077 0.083496094
vt 0.077697754 0.06500244
vt 0.07574463 0.15185547
vt 0.05883789 0.17175293
vt 0.09954834 0.1986084
vt 0.13647461 0.19335938
vt 0.13696289 0.1529541
vt 0.1048584 0.10418701
vt 0.103637695 0.045654297
vt 0.12023926 0.082336426
vt 0.14611816 0.03149414
vt 0.15258789 0.21606445
vt 0.14782715 0.22595215
vt 0.16577148 0.24133301
vt 0.19396973 0.23474121
vt 0.20141602 0.2685547
vt 0.1986084 0.20922852
vt 0.2154541 0.23730469
vt 0.24780273 0.29638672
vt 0.2668457 0.2565918
vt 0.3083496 0.29785156
vt 0.14501953 0.12805176
vt 0.1895752 0.1986084
vt 0.22595215 0.22521973
vt 0.21923828 0.19445801
vt 0.20410156 0.17919922
vt 0.15344238 0.10424805
vt 0.17602539 0.14172363
vt 0.19812012 0.15576172
vt 0.16491699 0.0625
vt 0.17626953 0.043029785
vt 0.17675781 0.031555176
vt 0.24719238 0.21826172
vt 0.23449707 0.17102051
vt 0.22009277 0.15625
vt 0.20947266 0.14733887
vt 0.17883301 0.10064697
vt 0.17834473 0.0715332
vt 0.18786621 0.07159424
vt 0.19494629 0.062683105
vt 0.20007324 0.09197998
vt 0.22167969 0.13562012
vt 0.2368164 0.14990234
vt 0.24511719 0.1574707
vt 0.19958496 0.056549072
vt 0.21923828 0.0793457
vt 0.22216797 0.0715332
vt 0.23828125 0.11816406
vt 0.25561523 0.13269043
vt 0.24682617 0.10070801
vt 0.20898438 0.036743164
vt 0.25585938 0.18847656
vt 0.26611328 0.13562012
vt 0.22192383 0.012702942
vt 0.20812988 0.012901306
vt 0.25927734 0.034576416
vt 0.2644043 0.01537323
vt 0.3305664 0.022323608
vt 0.33618164 0.0044136047
vt 0.37646484 0.028076172
vt 0.33666992 0.033843994
vt 0.3671875 0.049346924
vt 0.4519043 0.02760315
vt 0.26171875 0.048614502
vt 0.33764648 0.047912598
vt 0.22827148 0.053131104
vt 0.27514648 0.0635376
vt 0.30981445 0.10626221
vt 0.27270508 0.09020996
vt 0.27197266 0.09869385
vt 0.24975586 0.095458984
vt 0.31396484 0.11102295
vt 0.2631836 0.124694824
vt 0.2763672 0.1204834
vt 0.29077148 0.13244629
vt 0.27734375 0.14831543
vt 0.26220703 0.16601562
vt 0.32763672 0.16821289
vt 0.31713867 0.18395996
vt 0.30786133 0.19665527
vt 0.2866211 0.21118164
vt 0.3239746 0.20788574
vt 0.36328125 0.13452148
vt 0.2680664 0.22509766
vt 0.32885742 0.19592285
vt 0.34521484 0.18701172
vt 0.36914062 0.14257812
vt 0.27075195 0.25097656
vt 0.30810547 0.26782227
vt 0.3088379 0.26049805
vt 0.35009766 0.20983887
vt 0.33813477 0.2692871
vt 0.31298828 0.24157715
vt 0.31811523 0.22216797
vt 0.34326172 0.2602539
vt 0.34277344 0.29589844
vt 0.3701172 0.30566406
vt 0.33251953 0.31152344
vt 0.35131836 0.22387695
vt 0.34375 0.2479248
vt 0.36645508 0.24926758
vt 0.41015625 0.31054688
vt 0.37573242 0.24243164
vt 0.3671875 0.31811523
vt 0.36450195 0.3347168
vt 0.40625 0.35009766
vt 0.41577148 0.32617188
vt 0.44848633 0.30078125
vt 0.46264648 0.36035156
vt 0.47338867 0.34765625
vt 0.48632812 0.31420898
vt 0.5102539 0.29101562
vt 0.47607422 0.27319336
vt 0.5551758 0.2565918
vt 0.421875 0.29882812
vt 0.43432617 0.27294922
vt 0.42333984 0.27416992
vt 0.38134766 0.23095703
vt 0.42138672 0.24133301
vt 0.38598633 0.21447754
vt 0.43725586 0.23742676
vt 0.42260742 0.2088623
vt 0.38354492 0.19567871
vt 0.4453125 0.20617676
vt 0.42700195 0.18945312
vt 0.44433594 0.19421387
vt 0.43066406 0.17651367
vt 0.39160156 0.18457031
vt 0.4736328 0.2076416
vt 0.46679688 0.24536133
vt 0.3786621 0.18139648
vt 0.37939453 0.15649414
vt 0.4177246 0.1706543
vt 0.42138672 0.16015625
vt 0.43798828 0.15759277
vt 0.43896484 0.13781738
vt 0.43310547 0.10809326
vt 0.40966797 0.074523926
vt 0.4638672 0.047180176
vt 0.5161133 0.03729248
vt 0.53222656 0.021499634
vt 0.5439453 0.02859497
vt 0.5986328 0.007507324
vt 0.53808594 0.04449463
vt 0.5102539 0.062469482
vt 0.4892578 0.1361084
vt 0.49853516 0.119384766
vt 0.5053711 0.092285156
vt 0.4934082 0.07299805
vt 0.52246094 0.07824707
vt 0.5517578 0.047821045
vt 0.4638672 0.15649414
vt 0.47583008 0.16992188
vt 0.5053711 0.14086914
vt 0.53808594 0.079589844
vt 0.53271484 0.103393555
vt 0.6142578 0.037750244
vt 0.6455078 0.013748169
vt 0.56103516 0.0949707
vt 0.5151367 0.13000488
vt 0.43969727 0.17175293
vt 0.6503906 0.061676025
vt 0.6723633 0.03878784
vt 0.5751953 0.06896973
vt 0.54345703 0.12695312
vt 0.44384766 0.18603516
vt 0.44799805 0.18347168
vt 0.4567871 0.18481445
vt 0.46777344 0.1965332
vt 0.49121094 0.20251465
vt 0.48657227 0.1887207
vt 0.49389648 0.1842041
vt 0.49072266 0.2434082
vt 0.5239258 0.16235352
vt 0.51660156 0.18591309
vt 0.54833984 0.23730469
vt 0.5698242 0.21484375
vt 0.5830078 0.21960449
vt 0.6010742 0.20031738
vt 0.5449219 0.21765137
vt 0.5292969 0.14624023
vt 0.5546875 0.19909668
vt 0.56347656 0.18029785
vt 0.5932617 0.18322754
vt 0.6333008 0.19042969
vt 0.57177734 0.15393066
vt 0.6152344 0.15563965
vt 0.63671875 0.13293457
vt 0.66015625 0.17211914
vt 0.6904297 0.15490723
vt 0.5830078 0.12023926
vt 0.58935547 0.0904541
vt 0.6323242 0.09460449
vt 0.65966797 0.121520996
vt 0.6591797 0.07354736
vt 0.6826172 0.109436035
vt 0.7133789 0.14074707
vt 0.7294922 0.12719727
vt 0.6738281 0.06201172
vt 0.69189453 0.09851074
vt 0.70410156 0.06185913
vt 0.7578125 0.09686279
vt 0.9536133 0.8803711
vt 0.9682617 0.8769531
vt 0.9682617 0.93603516
vt 0.9536133 0.9326172
vt 0.9682617 0.8769531
vt 0.9682617 0.93603516
vt 0.9536133 0.9326172
vt 0.9536133 0.8803711
vt 0.95166016 0.93652344
vt 0.95166016 0.875
vt 0.93847656 0.87841797
vt 0.93847656 0.93310547
vt 0.95166016 0.93652344
vt 0.95166016 0.875
vt 0.93847656 0.87841797
vt 0.93847656 0.93310547
vt 0.9042969 0.8486328
vt 0.96435547 0.83984375
vt 0.9086914 0.83984375
vt 0.96875 0.8486328
vt 0.96875 0.8725586
vt 0.9042969 0.8725586
vt 0.9633789 0.8100586
vt 0.91015625 0.8178711
vt 0.9140625 0.8100586
vt 0.96728516 0.8178711
vt 0.96728516 0.8388672
vt 0.91015625 0.8388672
vt 0.8876953 0.94433594
vt 0.8876953 0.93359375
vt 0.89746094 0.93359375
vt 0.89746094 0.94433594
vt 0.96875 0.8486328
vt 0.9086914 0.83984375
vt 0.96435547 0.83984375
vt 0.9042969 0.8486328
vt 0.9042969 0.8725586
vt 0.96875 0.8725586
vt 0.91015625 0.8178711
vt 0.91015625 0.8388672
vt 0.96728516 0.8388672
vt 0.96728516 0.8178711
vt 0.9140625 0.8100586
vt 0.9633789 0.8100586
vt 0.8886719 0.9433594
vt 0.8886719 0.9345703
vt 0.8964844 0.9345703
vt 0.8964844 0.9433594
vt 0.9370117 0.953125
vt 0.90625 0.953125
vt 0.90625 0.91748047
vt 0.9370117 0.91748047
vt 0.90625 0.87597656
vt 0.9370117 0.87597656
vt 0.9370117 0.953125
vt 0.90625 0.953125
vt 0.90625 0.9169922
vt 0.9370117 0.9169922
vt 0.90625 0.87597656
vt 0.9370117 0.87597656
vt 0.9536133 0.8803711
vt 0.9536133 0.9326172
vt 0.9682617 0.93603516
vt 0.9682617 0.8769531
vt 0.9682617 0.8769531
vt 0.9536133 0.8803711
vt 0.9536133 0.9326172
vt 0.9682617 0.93603516
vt 0.95166016 0.93652344
vt 0.93847656 0.93310547
vt 0.93847656 0.87841797
vt 0.95166016 0.875
vt 0.95166016 0.93652344
vt 0.93847656 0.93310547
vt 0.93847656 0.87841797
vt 0.95166016 0.875
vt 0.9042969 0.8486328
vt 0.9086914 0.83984375
vt 0.96435547 0.83984375
vt 0.96875 0.8486328
vt 0.96875 0.8725586
vt 0.9042969 0.8725586
vt 0.9633789 0.8100586
vt 0.9140625 0.8100586
vt 0.91015625 0.8178711
vt 0.96728516 0.8178711
vt 0.96728516 0.8388672
vt 0.91015625 0.8388672
vt 0.8876953 0.94433594
vt 0.89746094 0.94433594
vt 0.89746094 0.93359375
vt 0.8876953 0.93359375
vt 0.96875 0.8486328
vt 0.96435547 0.83984375
vt 0.9086914 0.83984375
vt 0.9042969 0.8486328
vt 0.9042969 0.8725586
vt 0.96875 0.8725586
vt 0.91015625 0.8178711
vt 0.96728516 0.8388672
vt 0.91015625 0.8388672
vt 0.96728516 0.8178711
vt 0.9140625 0.8100586
vt 0.9633789 0.8100586
vt 0.8886719 0.9433594
vt 0.8964844 0.9433594
vt 0.8964844 0.9345703
vt 0.8886719 0.9345703
vt 0.375 0.75
vt 0.375 1
vt 0.625 1
vt 0.625 0.75
vt 0.375 0.71875
vt 0.625 0.71875
vt 0.375 0.6875
vt 0.625 0.6875
vt 0.375 0.65625
vt 0.625 0.65625
vt 0.375 0.625
vt 0.625 0.625
vt 0.375 0.59375
vt 0.625 0.59375
vt 0.375 0.5625
vt 0.625 0.5625
vt 0.375 0.53125
vt 0.625 0.53125
vt 0.375 0.5
vt 0.625 0.5
vt 0.375 0.25
vt 0.625 0.25
vt 0.375 0.21875
vt 0.125 0.21875
vt 0.125 0.25
vt 0.125 0.1875
vt 0.625 0.21875
vt 0.875 0.25
vt 0.875 0.21875
vt 0.375 0.1875
vt 0.125 0.15625
vt 0.625 0.1875
vt 0.875 0.1875
vt 0.375 0.15625
vt 0.125 0.125
vt 0.625 0.15625
vt 0.875 0.15625
vt 0.375 0.125
vt 0.125 0.09375
vt 0.625 0.125
vt 0.875 0.125
vt 0.375 0.09375
vt 0.125 0.0625
vt 0.625 0.09375
vt 0.875 0.09375
vt 0.375 0.0625
vt 0.125 0.03125
vt 0.625 0.0625
vt 0.875 0.0625
vt 0.375 0.03125
vt 0.125 0
vt 0.375 0
vt 0.625 0.03125
vt 0.875 0.03125
vt 0.625 0
vt 0.875 0
vt 0.375 0.75
vt 0.375 1
vt 0.625 1
vt 0.625 0.75
vt 0.375 0.71875
vt 0.625 0.71875
vt 0.375 0.6875
vt 0.625 0.6875
vt 0.375 0.65625
vt 0.625 0.65625
vt 0.375 0.625
vt 0.625 0.625
vt 0.375 0.59375
vt 0.625 0.59375
vt 0.375 0.5625
vt 0.625 0.5625
vt 0.375 0.53125
vt 0.625 0.53125
vt 0.375 0.5
vt 0.625 0.5
vt 0.375 0.25
vt 0.625 0.25
vt 0.375 0.21875
vt 0.125 0.21875
vt 0.125 0.25
vt 0.125 0.1875
vt 0.625 0.21875
vt 0.875 0.25
vt 0.875 0.21875
vt 0.375 0.1875
vt 0.125 0.15625
vt 0.625 0.1875
vt 0.875 0.1875
vt 0.375 0.15625
vt 0.125 0.125
vt 0.625 0.15625
vt 0.875 0.15625
vt 0.375 0.125
vt 0.125 0.09375
vt 0.625 0.125
vt 0.875 0.125
vt 0.375 0.09375
vt 0.125 0.0625
vt 0.625 0.09375
vt 0.875 0.09375
vt 0.375 0.0625
vt 0.125 0.03125
vt 0.625 0.0625
vt 0.875 0.0625
vt 0.375 0.03125
vt 0.125 0
vt 0.375 0
vt 0.625 0.03125
vt 0.875 0.03125
vt 0.625 0
vt 0.875 0
vt 0.82421875 0.8178711
vt 0.8334961 0.8178711
vt 0.8334961 0.8496094
vt 0.82421875 0.8486328
vt 0.85595703 0.90527344
vt 0.85595703 0.9746094
vt 0.8378906 0.9711914
vt 0.8378906 0.90527344
vt 0.7949219 0.8642578
vt 0.7949219 0.93310547
vt 0.81396484 0.93310547
vt 0.81396484 0.8642578
vt 0.82128906 0.96875
vt 0.82177734 0.9736328
vt 0.8310547 0.9736328
vt 0.8305664 0.96875
vt 0.8378906 0.8388672
vt 0.8378906 0.9550781
vt 0.85595703 0.9550781
vt 0.85595703 0.8388672
vt 0.8334961 0.859375
vt 0.8334961 0.83203125
vt 0.82421875 0.83203125
vt 0.82421875 0.859375
vt 0.85595703 0.8388672
vt 0.85595703 0.9550781
vt 0.8378906 0.9550781
vt 0.8378906 0.8388672
vt 0.81396484 0.92089844
vt 0.81396484 0.87646484
vt 0.7949219 0.87646484
vt 0.7949219 0.92089844
vt 0.8959961 0.87939453
vt 0.9013672 0.8745117
vt 0.9013672 0.87060547
vt 0.8959961 0.87060547
vt 0.88378906 0.8901367
vt 0.88378906 0.87060547
vt 0.8959961 0.87939453
vt 0.9013672 0.8745117
vt 0.9013672 0.87060547
vt 0.8959961 0.87060547
vt 0.88378906 0.8901367
vt 0.88378906 0.87060547
vt 0.8959961 0.87060547
vt 0.9013672 0.87060547
vt 0.9013672 0.8745117
vt 0.8959961 0.87939453
vt 0.88378906 0.87060547
vt 0.88378906 0.8901367
vt 0.8959961 0.87060547
vt 0.9013672 0.87060547
vt 0.9013672 0.8745117
vt 0.8959961 0.87939453
vt 0.88378906 0.87060547
vt 0.88378906 0.8901367
vt 0.9013672 0.87060547
vt 0.9013672 0.8745117
vt 0.8959961 0.87939453
vt 0.8959961 0.87060547
vt 0.88378906 0.87060547
vt 0.88378906 0.8901367
vt 0.9013672 0.87060547
vt 0.9013672 0.8745117
vt 0.8959961 0.87939453
vt 0.8959961 0.87060547
vt 0.88378906 0.87060547
vt 0.88378906 0.8901367
vt 0.8959961 0.87939453
vt 0.9013672 0.8745117
vt 0.9013672 0.87060547
vt 0.8959961 0.87060547
vt 0.88378906 0.8901367
vt 0.88378906 0.87060547
vt 0.8959961 0.87939453
vt 0.9013672 0.8745117
vt 0.9013672 0.87060547
vt 0.8959961 0.87060547
vt 0.88378906 0.8901367
vt 0.88378906 0.87060547
vt 0.90771484 0.8354492
vt 0.90771484 0.82958984
vt 0.88623047 0.82958984
vt 0.88623047 0.8354492
vt 0.90771484 0.8383789
vt 0.88916016 0.8383789
vt 0.88623047 0.8354492
vt 0.88623047 0.82958984
vt 0.90771484 0.82958984
vt 0.90771484 0.8354492
vt 0.88916016 0.8383789
vt 0.90771484 0.8383789
vt 0.90771484 0.8354492
vt 0.90771484 0.82958984
vt 0.88623047 0.82958984
vt 0.88623047 0.8354492
vt 0.90771484 0.8383789
vt 0.88916016 0.8383789
vt 0.88623047 0.8354492
vt 0.88623047 0.82958984
vt 0.90771484 0.82958984
vt 0.90771484 0.8354492
vt 0.88916016 0.8383789
vt 0.90771484 0.8383789
vt 0.90771484 0.8354492
vt 0.90771484 0.82958984
vt 0.88623047 0.82958984
vt 0.88623047 0.8354492
vt 0.90771484 0.8383789
vt 0.88916016 0.8383789
vt 0.88623047 0.8354492
vt 0.88623047 0.82958984
vt 0.90771484 0.82958984
vt 0.90771484 0.8354492
vt 0.88916016 0.8383789
vt 0.90771484 0.8383789
vt 0.90771484 0.8354492
vt 0.90771484 0.82958984
vt 0.88623047 0.82958984
vt 0.88623047 0.8354492
vt 0.90771484 0.8383789
vt 0.88916016 0.8383789
vt 0.88623047 0.8354492
vt 0.88623047 0.82958984
vt 0.90771484 0.82958984
vt 0.90771484 0.8354492
vt 0.88916016 0.8383789
vt 0.90771484 0.8383789
vt 0.89453125 0.9267578
vt 0.88183594 0.9267578
vt 0.88183594 0.92529297
vt 0.8959961 0.92529297
vt 0.8979492 0.9082031
vt 0.88183594 0.9082031
vt 0.8959961 0.92529297
vt 0.88183594 0.9267578
vt 0.89453125 0.9267578
vt 0.88183594 0.92529297
vt 0.88183594 0.9082031
vt 0.8979492 0.9082031
vt 0.88183594 0.92529297
vt 0.89453125 0.9267578
vt 0.88183594 0.9267578
vt 0.8959961 0.92529297
vt 0.8979492 0.9082031
vt 0.88183594 0.9082031
vt 0.8959961 0.92529297
vt 0.88183594 0.9267578
vt 0.89453125 0.9267578
vt 0.88183594 0.92529297
vt 0.88183594 0.9082031
vt 0.8979492 0.9082031
vt 0.88183594 0.92529297
vt 0.89453125 0.9267578
vt 0.88183594 0.9267578
vt 0.8959961 0.92529297
vt 0.8979492 0.9082031
vt 0.88183594 0.9082031
vt 0.8959961 0.92529297
vt 0.88183594 0.9267578
vt 0.89453125 0.9267578
vt 0.88183594 0.92529297
vt 0.88183594 0.9082031
vt 0.8979492 0.9082031
vt 0.88183594 0.92529297
vt 0.89453125 0.9267578
vt 0.88183594 0.9267578
vt 0.8959961 0.92529297
vt 0.8979492 0.9082031
vt 0.88183594 0.9082031
vt 0.8959961 0.92529297
vt 0.88183594 0.9267578
vt 0.89453125 0.9267578
vt 0.88183594 0.92529297
vt 0.88183594 0.9082031
vt 0.8979492 0.9082031
vt 0.9086914 0.81103516
vt 0.8847656 0.81103516
vt 0.8847656 0.828125
vt 0.9086914 0.828125
vt 0.9086914 0.828125
vt 0.8847656 0.828125
vt 0.8847656 0.81103516
vt 0.9086914 0.81103516
vt 0.9086914 0.81103516
vt 0.8847656 0.81103516
vt 0.8847656 0.828125
vt 0.9086914 0.828125
vt 0.9086914 0.828125
vt 0.8847656 0.828125
vt 0.8847656 0.81103516
vt 0.9086914 0.81103516
vt 0.9086914 0.81103516
vt 0.8847656 0.81103516
vt 0.8847656 0.828125
vt 0.9086914 0.828125
vt 0.9086914 0.828125
vt 0.8847656 0.828125
vt 0.8847656 0.81103516
vt 0.9086914 0.81103516
vt 0.9086914 0.81103516
vt 0.8847656 0.81103516
vt 0.8847656 0.828125
vt 0.9086914 0.828125
vt 0.9086914 0.828125
vt 0.8847656 0.828125
vt 0.8847656 0.81103516
vt 0.9086914 0.81103516
vt 0.88183594 0.89941406
vt 0.90527344 0.9057617
vt 0.88183594 0.9057617
vt 0.90527344 0.89941406
vt 0.88183594 0.8925781
vt 0.90527344 0.8925781
vt 0.88183594 0.89941406
vt 0.90527344 0.8925781
vt 0.88183594 0.8925781
vt 0.90527344 0.89941406
vt 0.88183594 0.9057617
vt 0.90527344 0.9057617
vt 0.88183594 0.9057617
vt 0.90527344 0.9057617
vt 0.90527344 0.89941406
vt 0.88183594 0.89941406
vt 0.90527344 0.8925781
vt 0.88183594 0.8925781
vt 0.88183594 0.89941406
vt 0.90527344 0.9057617
vt 0.88183594 0.9057617
vt 0.90527344 0.89941406
vt 0.88183594 0.8925781
vt 0.90527344 0.8925781
vt 0.8935547 0.9682617
vt 0.8935547 0.9638672
vt 0.8828125 0.9638672
vt 0.8828125 0.9682617
vt 0.8828125 0.9682617
vt 0.8828125 0.9638672
vt 0.8935547 0.9638672
vt 0.8935547 0.9682617
vt 0.8828125 0.9682617
vt 0.8828125 0.9638672
vt 0.8935547 0.9638672
vt 0.8935547 0.9682617
vt 0.8935547 0.9682617
vt 0.8935547 0.9638672
vt 0.8828125 0.9638672
vt 0.8828125 0.9682617
vt 0.8828125 0.9682617
vt 0.8828125 0.9638672
vt 0.8935547 0.9638672
vt 0.8935547 0.9682617
vt 0.8935547 0.9682617
vt 0.8935547 0.9638672
vt 0.8828125 0.9638672
vt 0.8828125 0.9682617
vt 0.8828125 0.9682617
vt 0.8828125 0.9638672
vt 0.8935547 0.9638672
vt 0.8935547 0.9682617
vt 0.8935547 0.9682617
vt 0.8935547 0.9638672
vt 0.8828125 0.9638672
vt 0.8828125 0.9682617
vt 0.8959961 0.8823242
vt 0.9033203 0.8911133
vt 0.88964844 0.8876953
vt 0.90185547 0.8769531
vt 0.88964844 0.8876953
vt 0.9033203 0.8911133
vt 0.8959961 0.8823242
vt 0.90185547 0.8774414
vt 0.90185547 0.8769531
vt 0.9033203 0.8911133
vt 0.8959961 0.8823242
vt 0.88964844 0.8876953
vt 0.88964844 0.8876953
vt 0.9033203 0.8911133
vt 0.8959961 0.8823242
vt 0.90185547 0.8774414
vt 0.89941406 0.92626953
vt 0.90478516 0.92626953
vt 0.90478516 0.91748047
vt 0.89941406 0.91748047
vt 0.90478516 0.9091797
vt 0.89941406 0.9091797
vt 0.89941406 0.91748047
vt 0.90478516 0.92626953
vt 0.89941406 0.92626953
vt 0.90478516 0.91748047
vt 0.89941406 0.9091797
vt 0.90478516 0.9091797
vt 0.89941406 0.91748047
vt 0.90478516 0.9091797
vt 0.89941406 0.9091797
vt 0.90478516 0.91748047
vt 0.89941406 0.92626953
vt 0.90478516 0.92626953
vt 0.89941406 0.91748047
vt 0.90478516 0.92626953
vt 0.89941406 0.92626953
vt 0.90478516 0.91748047
vt 0.89941406 0.9091797
vt 0.90478516 0.9091797
vt 0.42407227 0.40844727
vt 0.4321289 0.4350586
vt 0.44506836 0.4519043
vt 0.4711914 0.45922852
vt 0.48413086 0.42382812
vt 0.4741211 0.44018555
vt 0.4777832 0.39819336
vt 0.46704102 0.42407227
vt 0.4428711 0.43896484
vt 0.43408203 0.42504883
vt 0.46313477 0.40673828
vt 0.45898438 0.37182617
vt 0.44189453 0.43017578
vt 0.45361328 0.421875
vt 0.4465332 0.40893555
vt 0.45239258 0.4140625
vt 0.44970703 0.3984375
vt 0.43701172 0.41064453
vt 0.43408203 0.40112305
vt 0.44970703 0.3803711
vt 0.4345703 0.3737793
vt 0.4711914 0.45947266
vt 0.484375 0.42407227
vt 0.4453125 0.45239258
vt 0.47436523 0.4404297
vt 0.47802734 0.3984375
vt 0.43237305 0.43530273
vt 0.44311523 0.43920898
vt 0.46704102 0.4243164
vt 0.43432617 0.42529297
vt 0.4633789 0.40698242
vt 0.45922852 0.37231445
vt 0.44213867 0.43041992
vt 0.45361328 0.42236328
vt 0.44677734 0.40942383
vt 0.45263672 0.41430664
vt 0.44970703 0.39892578
vt 0.43725586 0.4111328
vt 0.43408203 0.40161133
vt 0.44995117 0.38085938
vt 0.4345703 0.37426758
vt 0.8613281 0.93603516
vt 0.8671875 0.8652344
vt 0.8671875 0.9091797
vt 0.875 0.9091797
vt 0.8647461 0.85791016
vt 0.8803711 0.93603516
vt 0.875 0.8652344
vt 0.8774414 0.85791016
vt 0.8598633 0.9223633
vt 0.8598633 0.8251953
vt 0.8652344 0.8305664
vt 0.87841797 0.8173828
vt 0.8652344 0.85839844
vt 0.87158203 0.8305664
vt 0.87158203 0.85839844
vt 0.87841797 0.9223633
vt 0.6972656 0.49804688
vt 0.62353516 0.49975586
vt 0.6503906 0.5288086
vt 0.7011719 0.53515625
vt 0.72509766 0.51464844
vt 0.81396484 0.5444336
vt 0.7416992 0.49487305
vt 0.8520508 0.5185547
vt 0.90234375 0.52001953
vt 0.8925781 0.49975586
vt 0.9458008 0.46020508
vt 0.65771484 0.4802246
vt 0.61865234 0.4736328
vt 0.5878906 0.49609375
vt 0.5751953 0.4807129
vt 0.5991211 0.45483398
vt 0.55566406 0.46362305
vt 0.58447266 0.44848633
vt 0.53759766 0.44311523
vt 0.55810547 0.42578125
vt 0.5175781 0.43408203
vt 0.5883789 0.42895508
vt 0.5673828 0.40063477
vt 0.5205078 0.4140625
vt 0.6113281 0.44140625
vt 0.64208984 0.45239258
vt 0.6323242 0.42285156
vt 0.6738281 0.46826172
vt 0.6015625 0.41333008
vt 0.5996094 0.3840332
vt 0.5629883 0.39086914
vt 0.5576172 0.37231445
vt 0.49804688 0.38964844
vt 0.6665039 0.42944336
vt 0.70996094 0.47998047
vt 0.7294922 0.4567871
vt 0.56933594 0.36938477
vt 0.70214844 0.43896484
vt 0.7529297 0.4260254
vt 0.7260742 0.40820312
vt 0.7001953 0.40185547
vt 0.6748047 0.39282227
vt 0.7089844 0.37719727
vt 0.61865234 0.39013672
vt 0.6870117 0.36743164
vt 0.71533203 0.3540039
vt 0.74609375 0.36669922
vt 0.73779297 0.38500977
vt 0.6308594 0.37597656
vt 0.6777344 0.35180664
vt 0.7817383 0.39135742
vt 0.6538086 0.35668945
vt 0.61328125 0.36889648
vt 0.6381836 0.35205078
vt 0.5878906 0.35107422
vt 0.69873047 0.33544922
vt 0.69189453 0.3251953
vt 0.57958984 0.35668945
vt 0.57910156 0.34399414
vt 0.56640625 0.34887695
vt 0.61035156 0.33203125
vt 0.6069336 0.3227539
vt 0.55126953 0.35913086
vt 0.5439453 0.36328125
vt 0.5214844 0.35058594
vt 0.51171875 0.35107422
vt 0.5180664 0.32983398
vt 0.5292969 0.34716797
vt 0.54345703 0.33569336
vt 0.5253906 0.33081055
vt 0.55371094 0.32836914
vt 0.53515625 0.3347168
vt 0.5336914 0.3161621
vt 0.52441406 0.31176758
vt 0.54345703 0.32055664
vt 0.5673828 0.3161621
vt 0.5498047 0.30126953
vt 0.5419922 0.29345703
vt 0.5551758 0.30566406
vt 0.56152344 0.3010254
vt 0.5546875 0.28442383
vt 0.58447266 0.32714844
vt 0.5751953 0.3095703
vt 0.6035156 0.2770996
vt 0.5883789 0.26489258
vt 0.640625 0.22338867
vt 0.60839844 0.22827148
vt 0.6098633 0.21923828
vt 0.6201172 0.21179199
vt 0.6381836 0.19885254
vt 0.6538086 0.18725586
vt 0.6152344 0.2878418
vt 0.6591797 0.23596191
vt 0.65771484 0.21948242
vt 0.70751953 0.20910645
vt 0.6948242 0.17211914
vt 0.6694336 0.25048828
vt 0.75390625 0.19372559
vt 0.7314453 0.15783691
vt 0.7783203 0.17736816
vt 0.77978516 0.15185547
vt 0.60009766 0.31445312
vt 0.6225586 0.296875
vt 0.58740234 0.31884766
vt 0.6020508 0.31982422
vt 0.60839844 0.31762695
vt 0.6328125 0.3059082
vt 0.68603516 0.25805664
vt 0.7011719 0.24194336
vt 0.67089844 0.32470703
vt 0.7324219 0.2770996
vt 0.7583008 0.23242188
vt 0.7792969 0.28710938
vt 0.8129883 0.2631836
vt 0.7895508 0.32495117
vt 0.83447266 0.23217773
vt 0.81347656 0.29736328
vt 0.78027344 0.3737793
vt 0.83740234 0.2746582
vt 0.8510742 0.30541992
vt 0.8330078 0.33251953
vt 0.8613281 0.28833008
vt 0.8652344 0.33764648
vt 0.8178711 0.38085938
vt 0.8149414 0.39501953
vt 0.79296875 0.45239258
vt 0.8745117 0.35058594
vt 0.88134766 0.33325195
vt 0.8769531 0.25927734
vt 0.90185547 0.39038086
vt 0.76416016 0.46826172
vt 0.8510742 0.24169922
vt 0.8671875 0.40893555
vt 0.81103516 0.45996094
vt 0.8857422 0.43530273
vt 0.8725586 0.42358398
vt 0.92041016 0.3972168
vt 0.91308594 0.45898438
vt 0.9243164 0.42285156
vt 0.9609375 0.41186523
vt 0.9423828 0.38183594
vt 0.91748047 0.35742188
vt 0.9584961 0.3256836
vt 0.91748047 0.30688477
vt 0.9433594 0.2800293
vt 0.90234375 0.2446289
vt 0.91259766 0.21862793
vt 0.87109375 0.18286133
vt 0.8730469 0.21118164
vt 0.8466797 0.20141602
vt 0.8491211 0.1751709
vt 0.8491211 0.15405273
vt 0.8276367 0.19567871
vt 0.82373047 0.16748047
vt 0.8227539 0.14428711
vt 0.82128906 0.121154785
vt 0.80615234 0.13793945
vt 0.12188721 0.9790039
vt 0.17077637 0.9848633
vt 0.15722656 0.96533203
vt 0.22924805 0.9663086
vt 0.111694336 0.9584961
vt 0.08337402 0.94921875
vt 0.0993042 0.9824219
vt 0.07287598 0.97998047
vt 0.048797607 0.95751953
vt 0.07531738 0.92333984
vt 0.043029785 0.92822266
vt 0.04208374 0.9003906
vt 0.10144043 0.92626953
vt 0.14379883 0.94628906
vt 0.21899414 0.9448242
vt 0.07208252 0.8857422
vt 0.03353882 0.8569336
vt 0.09484863 0.8886719
vt 0.29492188 0.9379883
vt 0.3100586 0.95654297
vt 0.33007812 0.92529297
vt 0.061828613 0.83984375
vt 0.0146865845 0.83740234
vt 0.04977417 0.8183594
vt 0.01486969 0.81689453
vt 0.027908325 0.8051758
vt 0.10058594 0.77490234
vt 0.04586792 0.7705078
vt 0.07336426 0.74902344
vt 0.12011719 0.80078125
vt 0.15026855 0.7426758
vt 0.12695312 0.72753906
vt 0.17895508 0.70751953
vt 0.15393066 0.7783203
vt 0.1685791 0.7290039
vt 0.17810059 0.7597656
vt 0.19335938 0.8051758
vt 0.123535156 0.8300781
vt 0.1640625 0.84814453
vt 0.1965332 0.71875
vt 0.20715332 0.7050781
vt 0.22155762 0.7363281
vt 0.2401123 0.7211914
vt 0.19665527 0.77490234
vt 0.25317383 0.7578125
vt 0.27294922 0.734375
vt 0.20581055 0.83935547
vt 0.074645996 0.8535156
vt 0.101623535 0.8623047
vt 0.1104126 0.85791016
vt 0.117004395 0.87646484
vt 0.12719727 0.9116211
vt 0.18017578 0.8901367
vt 0.21740723 0.7963867
vt 0.26245117 0.8046875
vt 0.21948242 0.86816406
vt 0.20153809 0.9213867
vt 0.24304199 0.9013672
vt 0.26586914 0.92285156
vt 0.24438477 0.8408203
vt 0.25268555 0.8564453
vt 0.27246094 0.8901367
vt 0.28100586 0.84521484
vt 0.2841797 0.8979492
vt 0.30981445 0.91308594
vt 0.29418945 0.8803711
vt 0.32202148 0.8886719
vt 0.35131836 0.8886719
vt 0.32250977 0.8569336
vt 0.37231445 0.83691406
vt 0.28808594 0.8125
vt 0.32666016 0.8354492
vt 0.31567383 0.7988281
vt 0.3395996 0.8154297
vt 0.38354492 0.78564453
vt 0.3466797 0.7734375
vt 0.32836914 0.76464844
vt 0.28051758 0.7739258
vt 0.30493164 0.75097656
vt 0.6972656 0.49902344
vt 0.6230469 0.50097656
vt 0.6503906 0.52978516
vt 0.70166016 0.5361328
vt 0.72558594 0.515625
vt 0.8149414 0.5449219
vt 0.7416992 0.49560547
vt 0.85302734 0.51904297
vt 0.9038086 0.51953125
vt 0.89404297 0.49951172
vt 0.94677734 0.45947266
vt 0.65771484 0.48120117
vt 0.61816406 0.47460938
vt 0.58740234 0.49731445
vt 0.57470703 0.48217773
vt 0.59814453 0.4560547
vt 0.5551758 0.46484375
vt 0.5834961 0.44970703
vt 0.5366211 0.44458008
vt 0.5571289 0.4267578
vt 0.51660156 0.43554688
vt 0.58740234 0.42993164
vt 0.56591797 0.40161133
vt 0.51953125 0.4152832
vt 0.61035156 0.44213867
vt 0.64160156 0.453125
vt 0.63134766 0.42358398
vt 0.67333984 0.46899414
vt 0.60058594 0.41430664
vt 0.59814453 0.38476562
vt 0.5620117 0.39160156
vt 0.5566406 0.37304688
vt 0.4963379 0.39086914
vt 0.66552734 0.43017578
vt 0.70996094 0.4807129
vt 0.7290039 0.4572754
vt 0.5678711 0.3701172
vt 0.70166016 0.43945312
vt 0.7529297 0.42626953
vt 0.72558594 0.40844727
vt 0.69970703 0.40234375
vt 0.6738281 0.3930664
vt 0.7084961 0.3774414
vt 0.6171875 0.39086914
vt 0.68652344 0.36743164
vt 0.71484375 0.3540039
vt 0.74560547 0.36645508
vt 0.7373047 0.3852539
vt 0.6298828 0.37646484
vt 0.6767578 0.35180664
vt 0.7817383 0.39135742
vt 0.65283203 0.3569336
vt 0.6123047 0.3696289
vt 0.63720703 0.35253906
vt 0.5864258 0.3515625
vt 0.6977539 0.33544922
vt 0.6904297 0.32495117
vt 0.578125 0.35717773
vt 0.5776367 0.34448242
vt 0.5644531 0.34936523
vt 0.6088867 0.3322754
vt 0.60546875 0.32299805
vt 0.5498047 0.35986328
vt 0.54296875 0.36401367
vt 0.52001953 0.35131836
vt 0.5097656 0.35205078
vt 0.51660156 0.33032227
vt 0.52783203 0.34814453
vt 0.5419922 0.33618164
vt 0.5234375 0.33154297
vt 0.5517578 0.32885742
vt 0.5336914 0.33544922
vt 0.53222656 0.3166504
vt 0.52246094 0.31225586
vt 0.5415039 0.32128906
vt 0.56591797 0.31640625
vt 0.54785156 0.3017578
vt 0.54052734 0.29370117
vt 0.55371094 0.30615234
vt 0.5600586 0.30151367
vt 0.55322266 0.28466797
vt 0.5830078 0.32763672
vt 0.5732422 0.30981445
vt 0.6015625 0.2770996
vt 0.5864258 0.26464844
vt 0.6401367 0.22265625
vt 0.6069336 0.2277832
vt 0.6088867 0.21875
vt 0.61865234 0.21118164
vt 0.63671875 0.19812012
vt 0.65234375 0.18640137
vt 0.61328125 0.2878418
vt 0.65966797 0.23510742
vt 0.65771484 0.21862793
vt 0.70654297 0.20800781
vt 0.6933594 0.17102051
vt 0.67041016 0.24975586
vt 0.7524414 0.19250488
vt 0.7573242 0.23144531
vt 0.7294922 0.15637207
vt 0.77685547 0.17578125
vt 0.7783203 0.15002441
vt 0.7011719 0.24108887
vt 0.5986328 0.31445312
vt 0.62109375 0.296875
vt 0.6875 0.25708008
vt 0.7314453 0.27661133
vt 0.5859375 0.3190918
vt 0.60058594 0.32006836
vt 0.6069336 0.31762695
vt 0.63134766 0.3059082
vt 0.6699219 0.32470703
vt 0.7783203 0.28637695
vt 0.7890625 0.3244629
vt 0.78027344 0.37353516
vt 0.8120117 0.26220703
vt 0.8129883 0.29663086
vt 0.82666016 0.19396973
vt 0.8227539 0.16552734
vt 0.82128906 0.14221191
vt 0.8046875 0.13586426
vt 0.8198242 0.11883545
vt 0.84765625 0.15185547
vt 0.84814453 0.17321777
vt 0.87060547 0.18078613
vt 0.8457031 0.19958496
vt 0.8334961 0.23071289
vt 0.83691406 0.2734375
vt 0.8496094 0.2401123
vt 0.8725586 0.20922852
vt 0.87646484 0.2578125
vt 0.90234375 0.24291992
vt 0.9121094 0.21655273
vt 0.94384766 0.27807617
vt 0.91796875 0.30566406
vt 0.9589844 0.32421875
vt 0.86083984 0.28735352
vt 0.88134766 0.3322754
vt 0.91796875 0.3564453
vt 0.9433594 0.38061523
vt 0.8510742 0.30444336
vt 0.90283203 0.38964844
vt 0.8652344 0.33691406
vt 0.8330078 0.3317871
vt 0.8745117 0.34985352
vt 0.8178711 0.3803711
vt 0.8149414 0.3947754
vt 0.79345703 0.45239258
vt 0.92089844 0.39624023
vt 0.96240234 0.41088867
vt 0.8676758 0.40844727
vt 0.76416016 0.46850586
vt 0.92529297 0.42211914
vt 0.8730469 0.4230957
vt 0.88623047 0.43481445
vt 0.81152344 0.45996094
vt 0.9140625 0.4584961
vn -0.6542969 0.109375 -0.7480469
vn -0.23999023 -0.7709961 -0.59033203
vn -0.5444336 -0.42114258 -0.72558594
vn 0.98583984 0.051452637 0.16027832
vn -0.070373535 0.0574646 0.99609375
vn -0.8461914 0.06756592 0.5283203
vn 0.64697266 0.6689453 -0.36645508
vn -0 1 0
vn 0.21081543 0.65234375 -0.72802734
vn -0.35083008 0.6689453 -0.65527344
vn -0 1 0
vn -0.7207031 0.6611328 -0.20874023
vn -0.64697266 0.6689453 0.36645508
vn -0 1 0
vn -0.2109375 0.65234375 0.72802734
vn 0.35083008 0.6689453 0.65527344
vn -0 1 0
vn 0.7207031 0.6611328 0.20874023
vn -0 1 0
vn 0.64697266 0.6689453 -0.36645508
vn 0.7207031 0.6611328 0.20874023
vn -0 1 0
vn -0.35083008 0.6689453 -0.65527344
vn 0.21081543 0.65234375 -0.72802734
vn -0 1 0
vn -0.64697266 0.6689453 0.36645508
vn -0.7207031 0.6611328 -0.20874023
vn -0 1 0
vn 0.35083008 0.6689453 0.65527344
vn -0.2109375 0.65234375 0.72802734
vn -0.32714844 -0.007698059 -0.9448242
vn -0.12805176 -0.5854492 -0.80029297
vn -0.17333984 -0.3779297 -0.9091797
vn -0.29785156 -0.08074951 -0.9511719
vn -0.35131836 0.22937012 -0.90771484
vn 0.0013189316 -0.22180176 -0.97509766
vn 0.4885254 -0.17285156 -0.85546875
vn 0.4008789 0.4230957 -0.8125
vn 0.28173828 0.59521484 -0.7524414
vn -0.35913086 0.25317383 -0.8984375
vn -0.32714844 0.33276367 -0.88427734
vn -0.34692383 0.22973633 -0.9091797
vn -0.25073242 0.39575195 -0.8833008
vn -0.30322266 0.30566406 -0.90234375
vn -0.120788574 0.8588867 -0.49804688
vn -0.67626953 -0.09399414 -0.73095703
vn -0.042938232 0.055755615 -0.9975586
vn -0.16210938 -0.29663086 -0.94091797
vn -0.53564453 -0.010826111 -0.8442383
vn -0.63720703 0.08050537 -0.7661133
vn -0.61328125 -0.2010498 -0.7636719
vn -0.28027344 0.33203125 -0.9008789
vn -0.29858398 0.24414062 -0.92285156
vn -0.21716309 0.23327637 -0.9477539
vn 0.23400879 0.43237305 -0.87060547
vn -0.22021484 -0.06365967 -0.97314453
vn -0.107788086 -0.014625549 -0.9941406
vn -0.28295898 0.18322754 -0.94140625
vn -0.3244629 0.023406982 -0.9458008
vn -0.2866211 0.030212402 -0.95751953
vn -0.5527344 -0.12597656 -0.82373047
vn -0.44360352 -0.08666992 -0.89208984
vn -0.6777344 -0.036132812 -0.734375
vn -0.6352539 -0.3190918 -0.703125
vn -0.0440979 -0.049835205 -0.9975586
vn -0.15148926 -0.34350586 -0.9267578
vn 0.078552246 0.06854248 -0.9946289
vn -0.45898438 -0.49536133 -0.7373047
vn -0.14904785 -0.6333008 -0.7597656
vn -0.5102539 -0.53564453 -0.67285156
vn -0.3942871 0.14233398 -0.90771484
vn 0.07354736 0.4008789 -0.91308594
vn -0.30810547 0.3413086 -0.8881836
vn 0.15429688 0.04562378 -0.9868164
vn 0.28222656 0.20153809 -0.9379883
vn -0.028320312 0.15393066 -0.98779297
vn 0.22180176 0.37841797 -0.8984375
vn 0.07763672 0.55126953 -0.8310547
vn -0.42871094 0.22912598 -0.87402344
vn -0.36914062 0.2607422 -0.89208984
vn -0.47460938 0.039093018 -0.87939453
vn -0.6640625 0.1262207 -0.7368164
vn -0.41308594 0.13439941 -0.9008789
vn 0.052825928 0.5727539 -0.8178711
vn -0.609375 -0.0769043 -0.7890625
vn -0.75878906 0.025436401 -0.6508789
vn -0.7841797 -0.35766602 -0.50683594
vn -0.4111328 -0.4855957 -0.7714844
vn -0.32104492 -0.05239868 -0.9458008
vn 0.05621338 -0.2010498 -0.97802734
vn 0.17199707 -0.4194336 -0.89160156
vn -0.328125 0.013069153 -0.94433594
vn 0.10876465 -0.6796875 -0.72509766
vn -0.1574707 -0.69091797 -0.7055664
vn -0.35742188 -0.15124512 -0.9213867
vn -0.5888672 0.14697266 -0.7949219
vn -0.33789062 -0.070739746 -0.93847656
vn -0.61328125 0.13793945 -0.77783203
vn -0.070129395 -0.5288086 -0.8457031
vn 0.24938965 0.30126953 -0.92041016
vn 0.25732422 -0.16003418 -0.953125
vn -0.13623047 0.1706543 -0.9760742
vn 0.21826172 0.77441406 -0.59375
vn 0.42260742 0.8378906 -0.3449707
vn 0.53271484 0.6386719 -0.5551758
vn -0.19592285 0.5620117 -0.80322266
vn -0.56933594 0.30249023 -0.76416016
vn -0.7602539 0.3540039 -0.5444336
vn -0.24609375 0.4182129 -0.8745117
vn -0.5830078 0.49829102 -0.64160156
vn -0.7885742 0.28222656 -0.54589844
vn -0.6723633 0.110961914 -0.7319336
vn -0.30810547 0.54052734 -0.78271484
vn -0.5439453 0.27148438 -0.7939453
vn -0.4987793 0.49365234 -0.71240234
vn -0.56152344 0.21838379 -0.79833984
vn -0.74853516 0.057037354 -0.66064453
vn -0.7480469 0.3786621 -0.5449219
vn -0.74658203 0.54248047 -0.38476562
vn -0.9301758 0.21520996 -0.296875
vn -0.8232422 0.4128418 -0.39013672
vn -0.5830078 0.79296875 -0.17663574
vn -0.9199219 0.39160156 0.0036296844
vn -0.83740234 0.52685547 0.14562988
vn -0.8022461 0.5644531 -0.19433594
vn -0.92333984 0.35864258 -0.13574219
vn -0.8256836 0.5336914 0.18225098
vn -0.83935547 0.5214844 0.1541748
vn -0.7626953 0.5932617 0.25732422
vn -0.9941406 0.06463623 -0.08734131
vn -0.84814453 0.26733398 -0.45751953
vn -0.84716797 0.2434082 -0.47192383
vn -0.9213867 -0.09313965 -0.3779297
vn -0.9638672 -0.12561035 -0.23510742
vn -0.9082031 0.016235352 -0.4177246
vn -0.92041016 0.24304199 -0.30615234
vn -0.8178711 -0.06060791 -0.57177734
vn -0.7573242 0.03353882 -0.65234375
vn -0.88671875 -0.10803223 -0.44921875
vn -0.8076172 0.1418457 -0.5727539
vn -0.74072266 0.029754639 -0.6713867
vn -0.7729492 -0.08203125 -0.62939453
vn -0.8364258 0.1217041 -0.5341797
vn -0.7841797 0.052581787 -0.61816406
vn -0.78759766 -0.14111328 -0.5996094
vn -0.8017578 -0.16125488 -0.5751953
vn -0.77197266 -0.07739258 -0.6308594
vn -0.81689453 0.039215088 -0.5756836
vn -0.8286133 -0.0062179565 -0.5595703
vn -0.64208984 -0.4597168 -0.61328125
vn -0.6308594 -0.1743164 -0.75634766
vn -0.5317383 0.13110352 -0.8364258
vn -0.85839844 0.07293701 -0.5078125
vn -0.78466797 -0.14331055 -0.6035156
vn -0.88378906 -0.021194458 -0.4675293
vn -0.83935547 0.1005249 -0.53466797
vn -0.89990234 0.06329346 -0.43164062
vn -0.8725586 0.25146484 -0.4189453
vn -0.8701172 -0.04272461 -0.49145508
vn -0.9238281 0.099121094 -0.3696289
vn -0.5307617 0.09460449 -0.84228516
vn -0.8066406 0.24377441 -0.5385742
vn -0.7626953 0.42504883 -0.48706055
vn -0.88916016 0.4482422 -0.09234619
vn -0.69189453 -0.12683105 -0.7109375
vn -0.8701172 0.3100586 -0.38354492
vn -0.8984375 0.32299805 -0.296875
vn -0.42895508 0.12585449 -0.89453125
vn -0.9121094 0.0496521 -0.40722656
vn -0.95214844 0.19848633 -0.2322998
vn -0.828125 -0.19995117 -0.5234375
vn -0.5859375 -0.39624023 -0.70703125
vn -0.97265625 -0.07312012 -0.2208252
vn -0.79345703 -0.35839844 -0.49169922
vn -0.9272461 -0.3071289 -0.21325684
vn -0.84716797 -0.44677734 -0.28710938
vn -0.9194336 -0.37670898 -0.11303711
vn -0.9707031 -0.23828125 0.024902344
vn -0.54296875 -0.095336914 -0.83447266
vn -0.52685547 0.10559082 -0.8432617
vn -0.60595703 -0.2277832 -0.76220703
vn -0.6894531 0.16589355 -0.7050781
vn -0.5004883 -0.27246094 -0.82177734
vn -0.77441406 -0.43701172 -0.45776367
vn -0.5576172 -0.36816406 -0.7441406
vn -0.3330078 -0.40014648 -0.8540039
vn -0.38134766 -0.32617188 -0.8652344
vn -0.73046875 0.45214844 -0.51220703
vn -0.78125 0.06536865 -0.62060547
vn -0.7055664 -0.13171387 -0.69628906
vn -0.5834961 -0.05682373 -0.8100586
vn -0.6748047 0.010414124 -0.73779297
vn -0.6357422 -0.25317383 -0.7294922
vn -0.44750977 -0.44628906 -0.77490234
vn -0.105407715 -0.4597168 -0.88183594
vn -0.16259766 0.7138672 -0.6816406
vn -0.5551758 0.82373047 -0.113464355
vn -0.9003906 0.12164307 -0.4182129
vn -0.6538086 0.1427002 -0.7426758
vn -0.5673828 -0.29248047 -0.77001953
vn -0.7919922 0.5961914 0.1315918
vn -0.97753906 -0.19177246 0.08911133
vn -0.6191406 -0.29467773 -0.72802734
vn -0.5595703 0.20166016 -0.80371094
vn -0.43725586 -0.23913574 -0.8666992
vn -0.5253906 0.2211914 -0.82177734
vn -0.65234375 0.21057129 -0.72802734
vn -0.45214844 -0.33666992 -0.8261719
vn -0.45214844 -0.4482422 -0.7709961
vn -0.47070312 -0.28027344 -0.8364258
vn -0.72265625 0.16345215 -0.671875
vn -0.6279297 -0.14770508 -0.76416016
vn -0.71435547 0.11212158 -0.69091797
vn -0.64990234 0.22290039 -0.7265625
vn -0.58496094 -0.29882812 -0.75390625
vn -0.69921875 0.04724121 -0.7133789
vn -0.2006836 -0.6166992 -0.76123047
vn -0.27368164 -0.6166992 -0.73779297
vn -0.71484375 0.01625061 -0.69921875
vn -0.6586914 -0.13110352 -0.74121094
vn -0.49438477 0.1763916 -0.8510742
vn 0.08654785 -0.49072266 -0.8671875
vn -0.044921875 -0.765625 -0.64208984
vn -0.040008545 -0.26000977 -0.96484375
vn -0.15197754 -0.4638672 -0.8725586
vn -0.14526367 -0.68896484 -0.70996094
vn -0.20458984 -0.30908203 -0.92871094
vn -0.6694336 -0.20861816 -0.7128906
vn -0.6645508 -0.11621094 -0.73828125
vn -0.8129883 -0.28735352 -0.50634766
vn -0.84277344 0.3244629 -0.42919922
vn -0.49316406 0.36108398 -0.7915039
vn -0.64208984 -0.0053100586 -0.76660156
vn -0.39892578 -0.1850586 -0.8979492
vn -0.5361328 -0.47924805 -0.6948242
vn -0.96875 -0.11846924 -0.21899414
vn -0.8120117 -0.36547852 -0.45483398
vn -0.9707031 -0.013214111 -0.24023438
vn -0.63671875 -0.30688477 -0.70751953
vn -0.67089844 -0.05908203 -0.7392578
vn -0.5756836 -0.09490967 -0.8125
vn -0.064331055 -0.5859375 -0.8076172
vn 0.18322754 -0.23071289 -0.9555664
vn -0.37036133 0.010406494 -0.92871094
vn -0.7416992 -0.27270508 -0.61279297
vn -0.47143555 -0.63720703 -0.6098633
vn -0.007423401 -0.5205078 -0.8540039
vn -0.090270996 -0.9345703 -0.34448242
vn 0.024627686 -0.18664551 -0.9819336
vn -0.18762207 -0.5253906 -0.8300781
vn 0.041229248 -0.90527344 -0.42285156
vn -0.041503906 -0.97265625 -0.22912598
vn -0.21166992 -0.56591797 -0.796875
vn 0.040618896 -0.9316406 -0.36108398
vn -0.375 -0.73095703 -0.5698242
vn 0.051330566 -0.98095703 -0.18786621
vn -0.116882324 -0.9614258 -0.24963379
vn -0.2434082 -0.93896484 -0.2421875
vn -0.13317871 -0.9604492 -0.24475098
vn -0.17102051 -0.9370117 -0.30444336
vn -0.04800415 -0.9716797 -0.2319336
vn -0.070739746 -0.9790039 -0.19128418
vn -0.07421875 -0.9692383 -0.23474121
vn 0.021728516 -0.9921875 -0.12420654
vn -0.14831543 -0.98876953 -0.021636963
vn -0.27148438 -0.95751953 -0.095581055
vn -0.26049805 -0.96533203 -0.017868042
vn -0.5292969 -0.8022461 -0.27612305
vn -0.3725586 -0.9248047 -0.07519531
vn -0.4873047 -0.8725586 -0.03768921
vn -0.54589844 -0.83251953 -0.09448242
vn -0.58984375 -0.8071289 0.03378296
vn -0.6557617 -0.73779297 -0.16064453
vn -0.5800781 -0.8144531 0.013465881
vn -0.71240234 -0.70214844 0.008979797
vn -0.5522461 -0.8105469 -0.19543457
vn -0.49316406 -0.56347656 -0.66259766
vn -0.6484375 -0.63427734 -0.42138672
vn -0.60595703 -0.41870117 -0.67626953
vn -0.6855469 -0.67626953 -0.2692871
vn -0.8769531 -0.47705078 -0.055511475
vn -0.81933594 -0.4020996 0.40893555
vn -0.8105469 -0.37890625 -0.4465332
vn -0.7182617 -0.5102539 -0.47265625
vn -0.90234375 -0.33984375 -0.26538086
vn -0.8881836 -0.38598633 -0.2487793
vn -0.7915039 -0.5444336 -0.27807617
vn -0.9448242 -0.3154297 -0.08898926
vn -0.91015625 -0.30737305 0.27783203
vn -0.9116211 -0.41064453 -0.0067367554
vn -0.85009766 -0.4921875 -0.18591309
vn -0.78564453 -0.57177734 -0.23596191
vn 0.09118652 -0.2355957 0.96777344
vn 0.17199707 -0.3935547 0.90283203
vn 0.16418457 -0.3034668 0.93847656
vn 0.16967773 -0.43237305 0.8857422
vn 0.26489258 -0.4387207 0.8588867
vn 0.27368164 -0.546875 0.7915039
vn 0.28466797 -0.71191406 0.64160156
vn 0.28271484 -0.71972656 0.63427734
vn 0.18896484 -0.9194336 0.34521484
vn 0.28735352 -0.5756836 0.765625
vn 0.28271484 -0.6118164 0.73876953
vn 0.21447754 -0.9169922 0.33569336
vn 0.062805176 -0.99658203 0.05508423
vn 0.19189453 -0.92871094 0.31762695
vn 0.296875 -0.66748047 0.68310547
vn 0.23034668 -0.5131836 0.82666016
vn 0.34960938 -0.72265625 0.5966797
vn 0.22058105 -0.78808594 0.57470703
vn 0.10266113 -0.9916992 0.079589844
vn -0.13317871 -0.9604492 -0.24475098
vn 0.103637695 -0.9946289 -0.0121154785
vn 0.3515625 -0.92529297 0.14135742
vn 0.29077148 -0.80810547 0.51220703
vn 0.46557617 -0.8417969 0.27294922
vn 0.3852539 -0.83447266 0.3935547
vn -0.33154297 0.50097656 0.7993164
vn -0.23388672 0.59472656 0.76953125
vn -0.7182617 0.41845703 0.55566406
vn -0.73828125 0.28564453 0.61083984
vn -0.58935547 0.26000977 0.76464844
vn -0.8066406 0.31054688 0.5029297
vn 0.0099487305 0.484375 0.875
vn -0.9057617 0.3161621 0.28198242
vn -0.8408203 0.4074707 0.35620117
vn -0.77490234 0.5053711 0.37890625
vn -0.8286133 0.5263672 0.18969727
vn -0.75341797 0.6279297 0.19616699
vn -0.8095703 0.5024414 0.30395508
vn -0.9604492 0.123535156 0.24902344
vn -0.83935547 0.5214844 0.1541748
vn -0.9667969 0.17663574 0.18347168
vn -0.9941406 0.06463623 -0.08734131
vn -0.99853516 0.006099701 0.052368164
vn -0.9638672 -0.12561035 -0.23510742
vn -0.9951172 -0.000320673 -0.099121094
vn -0.92041016 0.24304199 -0.30615234
vn -0.83740234 0.52685547 0.14562988
vn -0.9707031 0.21716309 0.10296631
vn -0.9301758 0.21520996 -0.296875
vn -0.94140625 0.29492188 0.16455078
vn -0.8232422 0.4128418 -0.39013672
vn -0.83691406 0.5283203 0.14123535
vn -0.5830078 0.79296875 -0.17663574
vn -0.7241211 0.6743164 0.14550781
vn -0.36621094 0.92871094 0.056884766
vn -0.06738281 0.9975586 -0.012275696
vn -0.14660645 0.9873047 0.057373047
vn 0.12322998 0.9921875 0
vn 0.056854248 0.9921875 0.111083984
vn 0.060760498 0.99658203 0.05508423
vn -0.1083374 0.9926758 0.053527832
vn 0.08917236 0.9951172 0.043121338
vn -0.025558472 0.9995117 0.018997192
vn 0.02305603 0.9995117 0.025253296
vn -0.23815918 0.9614258 0.13659668
vn -0.70214844 0.6958008 0.15209961
vn 0.024032593 0.9995117 -0.0021533966
vn -0.38916016 0.9057617 0.16711426
vn 0.10437012 0.8745117 0.4736328
vn -0.35327148 0.9223633 0.15478516
vn 0.049041748 0.99658203 -0.06439209
vn -0.14233398 0.9892578 0.032165527
vn 0.12145996 0.48339844 0.8671875
vn 0.10675049 0.38671875 0.9160156
vn -0.5024414 0.4970703 0.70751953
vn -0.95996094 0.2064209 0.19006348
vn -0.96972656 0.24194336 -0.03970337
vn -0.94433594 0.32421875 0.05706787
vn -0.9716797 0.23632812 0.012306213
vn -0.94921875 0.28881836 0.12512207
vn -0.96875 0.22021484 0.113220215
vn -0.9213867 0.32226562 0.21679688
vn -0.95410156 0.23474121 0.18493652
vn -0.9433594 0.31347656 0.10736084
vn -0.01663208 0.44458008 0.8955078
vn -0.23388672 0.59472656 0.76953125
vn -0.33154297 0.50097656 0.7993164
vn -0.09039307 0.6074219 0.7890625
vn -0.14855957 0.515625 0.84375
vn 0.0099487305 0.484375 0.875
vn 0.02381897 0.5024414 0.8642578
vn 0.10675049 0.38671875 0.9160156
vn 0.019699097 0.95214844 0.30419922
vn 0.10437012 0.8745117 0.4736328
vn 0.02305603 0.9995117 0.025253296
vn 0.005706787 0.99902344 0.048950195
vn -0.025558472 0.9995117 0.018997192
vn 0.0028076172 0.9995117 0.02909851
vn 0.021362305 0.9995117 0.030700684
vn 0.005706787 0.99902344 0.048950195
vn 0.0028076172 0.9995117 0.02909851
vn -0.007106781 0.9975586 0.06616211
vn 0.019699097 0.95214844 0.30419922
vn -0.1194458 0.9926758 0.0072631836
vn -0.11254883 0.9926758 -0.047821045
vn 0.009735107 0.9995117 -0.029769897
vn 0.26220703 0.94873047 0.17736816
vn -0.00030064583 0.9638672 0.26586914
vn -0.01977539 0.97314453 0.22949219
vn 0.057250977 0.9692383 0.23962402
vn -0.06689453 0.68115234 0.7290039
vn 0.02381897 0.5024414 0.8642578
vn -0.14855957 0.515625 0.84375
vn -0.09716797 0.6225586 0.7763672
vn -0.29638672 0.5673828 0.7680664
vn -0.09039307 0.6074219 0.7890625
vn 0.038909912 0.80126953 0.59716797
vn 0.08892822 0.72265625 0.6855469
vn 0.18920898 0.8725586 0.4501953
vn 0.0006532669 0.94677734 0.3215332
vn 0.079589844 0.7241211 0.6850586
vn 0.6621094 0.6591797 0.35668945
vn 0.64501953 0.74365234 0.17687988
vn 0.6347656 0.72216797 0.27416992
vn 0.44750977 0.5776367 0.6826172
vn 0.24609375 0.80859375 0.53466797
vn -0.11706543 0.85498047 0.5053711
vn -0.1862793 0.8989258 0.39672852
vn 0.42895508 0.7363281 0.5229492
vn 0.39868164 0.84472656 0.3564453
vn 0.5332031 0.69873047 0.47753906
vn 0.6459961 0.7290039 0.22619629
vn 0.7421875 0.6381836 0.20593262
vn -0.21179199 0.63134766 0.74609375
vn -0.19946289 0.6015625 0.7734375
vn 0.07019043 0.8046875 0.58935547
vn 0.4230957 0.75683594 0.49829102
vn 0.5209961 0.7001953 0.48779297
vn 0.4777832 0.50341797 0.71972656
vn 0.75097656 0.60595703 0.26245117
vn 0.77734375 0.6245117 0.07647705
vn 0.85058594 0.51220703 0.11816406
vn 0.8696289 0.4741211 0.13757324
vn 0.5234375 0.8496094 0.064086914
vn 0.43310547 0.6665039 0.6069336
vn 0.31225586 0.94873047 0.052581787
vn 0.25805664 0.7753906 0.5761719
vn 0.3605957 0.5649414 0.7421875
vn 0.32299805 0.7133789 0.62158203
vn 0.5258789 0.30273438 0.7949219
vn 0.21020508 0.032043457 0.9770508
vn 0.34301758 0.63378906 0.6933594
vn 0.6713867 0.4482422 0.58984375
vn 0.63964844 0.48828125 0.59375
vn 0.60546875 0.3605957 0.70947266
vn 0.47631836 0.054016113 0.8774414
vn -0.04144287 -0.21936035 0.9746094
vn -0.07965088 -0.2166748 0.97314453
vn 0.5830078 0.48828125 0.64941406
vn 0.20910645 -0.08795166 0.9741211
vn 0.33251953 0.20483398 0.92041016
vn 0.65185547 0.5649414 0.5058594
vn 0.64990234 0.63134766 0.42260742
vn 0.72265625 0.59472656 0.35229492
vn 0.78466797 0.6020508 0.1484375
vn 0.74560547 0.5917969 0.30639648
vn 0.8383789 0.5419922 0.059448242
vn 0.7910156 0.5317383 0.30200195
vn 0.7739258 0.43432617 0.46118164
vn 0.84228516 -0.3251953 0.43017578
vn 0.61083984 0.54052734 0.5786133
vn 0.69140625 0.5839844 0.42504883
vn 0.35131836 0.5732422 0.7402344
vn 0.34838867 0.69091797 0.6333008
vn 0.36645508 0.6743164 0.6411133
vn 0.4013672 0.8100586 0.4272461
vn 0.5444336 0.22143555 0.80908203
vn 0.35302734 0.7558594 0.55126953
vn 0.48608398 0.45776367 0.7446289
vn 0.5888672 -0.015914917 0.80810547
vn 0.43139648 -0.34838867 0.83203125
vn 0.5957031 -0.43896484 0.6723633
vn 0.3166504 -0.60546875 0.73046875
vn 0.45043945 -0.6669922 0.5932617
vn 0.3569336 -0.8251953 0.4375
vn 0.3852539 -0.83447266 0.3935547
vn 0.34960938 -0.72265625 0.5966797
vn 0.31640625 -0.46264648 0.828125
vn 0.25146484 -0.5629883 0.78759766
vn 0.23034668 -0.5131836 0.82666016
vn 0.28271484 -0.6118164 0.73876953
vn 0.27197266 -0.63964844 0.7192383
vn 0.49658203 -0.40283203 0.7685547
vn 0.14550781 -0.5053711 0.85058594
vn 0.16967773 -0.43237305 0.8857422
vn 0.5810547 0.28320312 0.7631836
vn 0.1685791 -0.5625 0.8095703
vn -0.024215698 -0.051940918 0.99853516
vn 0.09118652 -0.2355957 0.96777344
vn 0.08312988 0.097473145 0.9916992
vn 0.36132812 -0.16381836 0.91796875
vn -0.0014476776 0.05596924 0.99853516
vn -0.10974121 0.16955566 0.9794922
vn -0.21643066 0.44067383 0.87109375
vn -0.01663208 0.44458008 0.8955078
vn 0.43066406 0.30249023 0.85009766
vn 0.19824219 0.44458008 0.87353516
vn 0.18774414 0.20336914 0.9609375
vn 0.42358398 0.7446289 0.515625
vn -0.2644043 0.5996094 0.7553711
vn 0.025238037 0.10870361 0.99365234
vn 0.6508789 0.5756836 0.4951172
vn 0.48876953 0.76171875 0.42504883
vn 0.66064453 0.62890625 0.40966797
vn 0.24450684 0.19165039 0.9506836
vn 0.24157715 0.84472656 0.47753906
vn -0.33447266 0.25097656 0.9082031
vn -0.6484375 0.546875 0.5292969
vn 0.4609375 0.5888672 0.6635742
vn -0.03668213 0.5620117 0.8261719
vn 0.18322754 0.73828125 0.64941406
vn -0.5131836 0.5864258 0.6269531
vn -0.12609863 0.7426758 0.65771484
vn -0.23657227 0.8623047 0.44750977
vn -0.45654297 0.77978516 0.42822266
vn 0.19042969 0.9794922 -0.06842041
vn 0.12322998 0.9921875 0
vn -0.06738281 0.9975586 -0.012275696
vn 0.12310791 0.99072266 -0.05999756
vn -0.059906006 0.99609375 -0.06542969
vn 0.08917236 0.9951172 0.043121338
vn -0.025558472 0.9995117 0.018997192
vn 0.0028076172 0.9995117 0.02909851
vn -0.06335449 0.98779297 -0.14245605
vn 0.14160156 0.9863281 -0.08453369
vn -0.120788574 0.8588867 -0.49804688
vn -0.089416504 0.8911133 -0.44433594
vn -0.07531738 0.9770508 -0.19812012
vn -0.01474762 1 0.0030574799
vn 0.021362305 0.9995117 0.030700684
vn 0.021347046 0.9995117 0.0069084167
vn 0.009735107 0.9995117 -0.029769897
vn -0.28759766 0.41992188 -0.86083984
vn -0.25073242 0.39575195 -0.8833008
vn -0.32714844 0.33276367 -0.88427734
vn -0.35473633 0.3527832 -0.86572266
vn -0.35131836 0.22937012 -0.90771484
vn -0.101379395 0.54052734 -0.83496094
vn -0.34472656 0.26098633 -0.90185547
vn -0.32714844 -0.007698059 -0.9448242
vn -0.27734375 0.08874512 -0.95654297
vn -0.17333984 -0.3779297 -0.9091797
vn -0.027740479 0.99902344 0.036499023
vn -0.043701172 0.80566406 -0.5908203
vn -0.0010404587 0.59472656 -0.8041992
vn 0.36669922 0.7446289 -0.5576172
vn 0.18774414 0.8388672 -0.5107422
vn -0.049346924 0.99609375 0.07635498
vn 0.07867432 0.93603516 -0.34277344
vn 0.11022949 0.89746094 -0.42700195
vn -0.008903503 0.9980469 0.05895996
vn -0.00030064583 0.9638672 0.26586914
vn -0.05279541 0.22790527 -0.97216797
vn 0.20837402 0.7084961 -0.6743164
vn 0.40722656 0.75390625 -0.515625
vn 0.4807129 0.6879883 -0.54345703
vn 0.37426758 0.8647461 -0.33496094
vn 0.041900635 0.9926758 -0.113098145
vn -0.10870361 0.96240234 0.24816895
vn 0.03463745 0.97021484 0.23999023
vn 0.029052734 0.98535156 0.16784668
vn 0.18981934 0.9399414 -0.2836914
vn 0.28710938 0.86572266 -0.41015625
vn 0.37695312 0.7104492 -0.5942383
vn 0.36694336 0.7290039 -0.578125
vn 0.33764648 0.82128906 -0.45996094
vn 0.16821289 0.52246094 -0.8359375
vn 0.2607422 0.92626953 -0.27294922
vn 0.30493164 0.8339844 -0.45996094
vn 0.45361328 0.67285156 -0.58447266
vn 0.4243164 0.7963867 -0.4309082
vn -0.108947754 0.99365234 -0.035339355
vn 0.38720703 0.9145508 -0.117004395
vn 0.41308594 0.7792969 -0.47143555
vn 0.05407715 0.97802734 -0.20166016
vn 0.39868164 0.84472656 0.3564453
vn -0.1862793 0.8989258 0.39672852
vn 0.66503906 0.7060547 -0.24389648
vn 0.6459961 0.7290039 0.22619629
vn 0.7705078 0.5864258 -0.24938965
vn 0.7421875 0.6381836 0.20593262
vn 0.78466797 0.6020508 0.1484375
vn 0.7104492 0.7001953 0.07269287
vn 0.8388672 0.5234375 -0.15002441
vn 0.8383789 0.5419922 0.059448242
vn 0.6611328 0.74902344 -0.044311523
vn 0.37963867 0.90283203 -0.2010498
vn 0.7363281 0.6767578 -0.013702393
vn 0.67871094 0.734375 -0.014038086
vn 0.7192383 0.6767578 -0.15588379
vn 0.6533203 0.74365234 -0.14147949
vn 0.49414062 0.6953125 -0.5214844
vn 0.5625 0.7949219 -0.22680664
vn 0.75390625 0.62402344 -0.20605469
vn 0.6225586 0.63134766 -0.4621582
vn 0.46972656 0.8173828 -0.3330078
vn 0.5053711 0.7919922 -0.34228516
vn 0.32983398 0.85302734 -0.40405273
vn 0.31713867 0.8388672 -0.44213867
vn 0.29589844 0.65527344 -0.6948242
vn 0.31445312 0.73583984 -0.5996094
vn 0.37646484 0.7578125 -0.53271484
vn 0.58154297 0.68115234 -0.44482422
vn 0.3383789 0.03540039 -0.9404297
vn 0.80615234 0.55908203 -0.19396973
vn 0.5029297 0.19421387 -0.84228516
vn 0.42382812 0.45239258 -0.78466797
vn 0.77246094 0.6015625 -0.20336914
vn 0.003107071 0.048919678 -0.99902344
vn 0.26757812 -0.011024475 -0.9633789
vn 0.14489746 -0.014862061 -0.9892578
vn 0.17822266 -0.04196167 -0.98291016
vn 0.20092773 -0.23608398 -0.9506836
vn 0.09881592 -0.09887695 -0.9902344
vn -0.27416992 -0.51904297 -0.8095703
vn -0.109436035 -0.2565918 -0.9604492
vn 0.2722168 -0.7524414 -0.5996094
vn 0.17871094 -0.84472656 -0.5048828
vn -0.33251953 -0.5253906 -0.7832031
vn -0.12805176 -0.5854492 -0.80029297
vn -0.24682617 -0.5957031 -0.76464844
vn -0.07684326 -0.2956543 -0.95214844
vn -0.10064697 -0.5522461 -0.8276367
vn 0.45141602 -0.19470215 -0.87060547
vn 0.4885254 -0.17285156 -0.85546875
vn 0.4008789 0.4230957 -0.8125
vn -0.11254883 -0.41577148 -0.90234375
vn 0.5126953 0.46362305 -0.72265625
vn 0.4519043 0.6665039 -0.5932617
vn 0.28173828 0.59521484 -0.7524414
vn 0.23400879 0.43237305 -0.87060547
vn 0.41503906 0.39453125 -0.8198242
vn 0.47021484 0.640625 -0.6074219
vn 0.45385742 0.42114258 -0.78515625
vn 0.56689453 0.39892578 -0.7207031
vn 0.15454102 0.22399902 -0.96240234
vn 0.73339844 0.22521973 -0.6411133
vn 0.036010742 -0.33984375 -0.9399414
vn 0.2548828 0.39526367 -0.8823242
vn -0.48217773 -0.12854004 -0.8666992
vn -0.18664551 -0.65771484 -0.72998047
vn -0.21679688 -0.039367676 -0.97558594
vn -0.20043945 -0.38208008 -0.90234375
vn 0.625 0.05908203 -0.7783203
vn 0.8261719 -0.5473633 -0.13195801
vn 0.68115234 -0.6928711 -0.23742676
vn 0.7661133 -0.6225586 -0.15930176
vn 0.7939453 -0.6035156 -0.07373047
vn 0.6923828 -0.7211914 0.014312744
vn 0.13195801 -0.19592285 -0.9716797
vn 0.1743164 -0.060058594 -0.98291016
vn 0.112854004 -0.1295166 -0.98535156
vn 0.22387695 -0.26293945 -0.93847656
vn 0.2878418 0.15332031 -0.9453125
vn 0.62890625 -0.06237793 -0.77490234
vn 0.6875 0.13183594 -0.71435547
vn 0.24365234 -0.8066406 -0.5385742
vn -0.1673584 -0.62890625 -0.75927734
vn 0.28271484 -0.43701172 -0.8540039
vn 0.2454834 -0.52001953 -0.8178711
vn 0.4453125 -0.3527832 -0.8227539
vn 0.63427734 -0.64160156 -0.43115234
vn 0.6010742 -0.31347656 -0.73535156
vn 0.67822266 -0.71533203 -0.16674805
vn 0.8623047 -0.4741211 -0.1784668
vn 0.94628906 -0.07373047 -0.31445312
vn 0.82910156 -0.0071144104 -0.5595703
vn 0.89453125 -0.37646484 -0.24182129
vn 0.71484375 -0.60546875 -0.35009766
vn 0.74072266 -0.6713867 -0.01966858
vn 0.84375 -0.5366211 0.0027599335
vn 0.9848633 -0.12524414 -0.12176514
vn 0.72753906 -0.67333984 0.13208008
vn 0.80322266 -0.5834961 0.11981201
vn 0.95654297 -0.25170898 -0.14770508
vn 0.8256836 -0.5546875 0.10095215
vn 0.80371094 -0.59375 0.041931152
vn 0.62109375 -0.7753906 0.113586426
vn 0.5473633 -0.83154297 0.096191406
vn 0.8388672 -0.53515625 0.10229492
vn 0.6044922 -0.79052734 0.10144043
vn 0.87890625 -0.47607422 -0.035827637
vn 0.95703125 0.2902832 -0.01309967
vn 0.93896484 0.3178711 -0.13208008
vn 0.7480469 -0.6635742 -0.01272583
vn 0.6958008 -0.7036133 -0.14379883
vn 0.7182617 -0.68896484 -0.099243164
vn 0.79833984 -0.5883789 -0.12719727
vn 0.6923828 -0.71533203 -0.09362793
vn 0.8354492 -0.5361328 -0.12054443
vn 0.9472656 -0.16540527 -0.27490234
vn 0.6591797 -0.7519531 -0.00504303
vn 0.5800781 -0.8105469 0.08087158
vn 0.42358398 -0.8774414 0.22509766
vn 0.36108398 -0.87597656 0.32006836
vn 0.84814453 -0.52685547 0.05795288
vn 0.39648438 -0.86328125 0.31201172
vn 0.68066406 -0.72753906 0.0869751
vn 0.3569336 -0.8251953 0.4375
vn 0.3852539 -0.83447266 0.3935547
vn 0.45043945 -0.6669922 0.5932617
vn 0.5986328 -0.72265625 0.34545898
vn 0.5957031 -0.43896484 0.6723633
vn 0.84228516 -0.3251953 0.43017578
vn 0.8828125 -0.45117188 -0.13220215
vn 0.8774414 -0.4794922 -0.015670776
vn 0.7910156 0.5317383 0.30200195
vn 0.9301758 0.3371582 -0.14538574
vn 0.9111328 0.2668457 -0.31396484
vn 0.85058594 0.41259766 -0.32641602
vn 0.8457031 0.41455078 -0.33569336
vn 0.87158203 0.4699707 -0.13781738
vn 0.89501953 0.44555664 -0.010528564
vn 0.99316406 0.05630493 -0.10424805
vn 0.90625 0.42236328 -0.021636963
vn 0.9770508 -0.055908203 -0.20544434
vn 0.71972656 0.6640625 -0.20300293
vn 0.94970703 0.26831055 -0.16186523
vn 0.54296875 0.64453125 -0.53808594
vn 0.8408203 0.2578125 -0.47558594
vn 0.8852539 0.4519043 -0.11114502
vn 0.93847656 0.049957275 -0.3413086
vn 0.58691406 0.39208984 -0.7084961
vn 0.96875 0.16503906 -0.18615723
vn 0.46948242 0.77001953 0.4321289
vn 0.49658203 0.7216797 0.48242188
vn 0.36767578 0.66503906 0.64990234
vn 0.56640625 0.39331055 0.7241211
vn 0.49658203 0.7216797 0.48242188
vn 0.46948242 0.77001953 0.4321289
vn 0.46533203 0.8183594 0.33789062
vn 0.4909668 0.78466797 0.37841797
vn 0.60253906 0.79785156 0.012939453
vn 0.5776367 0.81640625 -0.006214142
vn 0.6845703 0.6435547 -0.3425293
vn 0.42797852 0.8066406 0.40795898
vn 0.23388672 0.79589844 0.55859375
vn 0.36767578 0.66503906 0.64990234
vn -0.20202637 0.59472656 0.7783203
vn -0.1529541 0.5810547 0.7993164
vn 0.16601562 0.5932617 0.78759766
vn 0.21020508 0.52783203 0.8227539
vn 0.26489258 0.7597656 0.59375
vn -0.09863281 0.46191406 0.88134766
vn -0.0046844482 0.4567871 0.88964844
vn -0.018081665 0.27783203 0.9604492
vn 0.58154297 0.79785156 0.1583252
vn 0.46533203 0.79248047 0.39453125
vn 0.56152344 0.71435547 0.41748047
vn 0.5058594 0.7578125 0.41186523
vn 0.7973633 0.39208984 0.4584961
vn 0.65771484 0.73779297 0.15161133
vn 0.61621094 0.64501953 0.4519043
vn 0.37573242 0.53027344 0.7597656
vn 0.07287598 0.15112305 0.98583984
vn 0.7792969 0.099243164 0.61865234
vn 0.58203125 0.061309814 0.8105469
vn 0.36157227 -0.105895996 0.92626953
vn 0.8173828 0.05444336 0.5732422
vn 0.4584961 -0.22302246 0.86035156
vn 0.22460938 0.1184082 0.96728516
vn 0.037078857 -0.06311035 0.9975586
vn 0.5004883 -0.40063477 0.7675781
vn 0.16088867 -0.57470703 0.8022461
vn 0.28222656 -0.69091797 0.66552734
vn 0.7470703 -0.14050293 0.64990234
vn 0.5756836 -0.46704102 0.6713867
vn 0.25170898 -0.74609375 0.6166992
vn 0.31201172 -0.7915039 0.5253906
vn 0.97216797 0.08068848 0.21911621
vn 0.8881836 -0.11193848 0.44555664
vn 0.80615234 -0.5263672 0.27026367
vn 0.45581055 -0.80908203 0.37158203
vn 0.8432617 -0.5107422 -0.16784668
vn 0.81152344 -0.55810547 -0.1730957
vn 0.9404297 -0.31713867 -0.12213135
vn 0.87646484 -0.44262695 -0.18884277
vn 0.8618164 -0.4880371 -0.13928223
vn 0.9243164 -0.32055664 -0.20629883
vn 0.87597656 -0.4038086 -0.26391602
vn 0.9580078 -0.23339844 -0.16784668
vn 0.9458008 -0.20898438 -0.2479248
vn 0.89208984 -0.37890625 -0.24597168
vn 0.90283203 0.31030273 0.2980957
vn 0.96972656 -0.10418701 -0.22009277
vn 0.9511719 -0.19494629 -0.2388916
vn 0.9448242 -0.3010254 -0.12902832
vn 0.9614258 -0.10284424 -0.25512695
vn 0.72998047 0.6401367 0.23962402
vn 0.96484375 -0.055664062 -0.25708008
vn 0.9658203 0.18579102 -0.17980957
vn 0.9238281 0.17712402 -0.33911133
vn 0.8466797 0.49414062 -0.19714355
vn 0.8613281 0.3046875 -0.40600586
vn 0.8120117 0.5395508 -0.22131348
vn 0.76953125 0.58154297 -0.26293945
vn 0.80371094 0.44311523 -0.39672852
vn 0.74609375 0.59765625 -0.29248047
vn 0.81884766 0.44482422 -0.36279297
vn 0.7597656 0.49926758 -0.4169922
vn 0.8823242 0.27539062 -0.38110352
vn 0.7553711 0.25561523 -0.6035156
vn 0.90722656 0.14758301 -0.39331055
vn 0.859375 0.37939453 -0.34277344
vn 0.8383789 0.26904297 -0.47387695
vn 0.66064453 0.12463379 -0.7402344
vn 0.8100586 0.10534668 -0.57714844
vn 0.1262207 0.13391113 0.98291016
vn 0.66259766 0.2758789 0.69628906
vn 0.4963379 0.21008301 0.84228516
vn 0.16992188 0.14575195 0.9746094
vn -0.11419678 0.023529053 0.99316406
vn 0.49804688 -0.05822754 0.8652344
vn 0.6142578 -0.48364258 0.62353516
vn 0.12261963 -0.6435547 0.7553711
vn -0.14001465 0.03225708 0.9897461
vn -0.21008301 -0.054260254 0.9760742
vn -0.13354492 0.035003662 0.9902344
vn -0.18762207 -0.15795898 0.9692383
vn -0.16003418 -0.05834961 0.98535156
vn -0.5161133 -0.44970703 0.7290039
vn -0.20019531 0.48999023 0.8486328
vn 0.2614746 -0.1907959 0.94628906
vn 0.4428711 0.12817383 0.88720703
vn -0.055358887 0.4177246 0.9067383
vn -0.23742676 0.39501953 0.88720703
vn -0.08416748 0.54003906 0.83740234
vn -0.16125488 -0.09283447 0.9824219
vn -0.10437012 -0.023544312 0.9941406
vn 0.054504395 -0.19433594 0.9794922
vn 0.16088867 -0.57470703 0.8022461
vn 0.24841309 0.0064811707 0.96875
vn 0.3005371 -0.10864258 0.9477539
vn 0.037078857 -0.06311035 0.9975586
vn 0.086364746 0.050933838 0.9951172
vn 0.22460938 0.1184082 0.96728516
vn 0.119262695 0.5048828 0.85498047
vn 0.06744385 0.2697754 0.9604492
vn -0.018081665 0.27783203 0.9604492
vn 0.4272461 0.115356445 0.89697266
vn -0.0046844482 0.4567871 0.88964844
vn 0.21020508 0.52783203 0.8227539
vn 0.35375977 -0.11798096 0.9277344
vn 0.26635742 -0.2265625 0.9370117
vn 0.6015625 0.39770508 0.6928711
vn 0.16601562 0.5932617 0.78759766
vn 0.020324707 0.120788574 0.9926758
vn 0.3527832 -0.29174805 0.88916016
vn 0.5214844 -0.08666992 0.8491211
vn 0.5727539 0.3178711 0.7553711
vn 0.5292969 0.44970703 0.7192383
vn 0.6743164 0.43481445 0.59716797
vn 0.21655273 -0.52734375 0.82177734
vn -0.07098389 -0.027832031 0.9970703
vn -0.0026435852 -0.47802734 0.87841797
vn 0.09466553 -0.21228027 0.97265625
vn 0.02218628 -0.546875 0.83691406
vn -0.13867188 -0.54345703 0.828125
vn -0.22021484 0.08972168 0.9711914
vn -0.19482422 0.019760132 0.98046875
vn -0.09918213 0.25024414 0.9628906
vn -0.24401855 0.43041992 0.8691406
vn -0.09741211 0.1739502 0.97998047
vn -0.16015625 -0.5336914 0.8305664
vn -0.08001709 0.5263672 0.8461914
vn -0.3010254 0.6118164 0.7314453
vn -0.17700195 0.81152344 0.5566406
vn 0.30200195 0.55566406 0.77441406
vn 0.08911133 0.17016602 0.9814453
vn 0.48046875 -0.037628174 0.87597656
vn 0.67041016 0.014816284 0.7421875
vn 0.053833008 0.13916016 0.98876953
vn 0.77246094 0.24707031 0.58496094
vn 0.5878906 0.50146484 0.6347656
vn 0.13183594 0.28051758 0.9506836
vn -0.30786133 0.29077148 0.9057617
vn 0.095703125 0.20507812 0.9741211
vn -0.31982422 0.31469727 0.8935547
vn 0.57666016 0.2980957 0.7607422
vn 0.23144531 -0.49267578 0.8388672
vn 0.5566406 -0.21923828 0.80126953
vn 0.093444824 -0.13476562 0.9863281
vn -0.18615723 -0.7578125 0.625
vn -0.14733887 -0.92626953 0.3461914
vn 0.1373291 -0.8676758 0.47827148
vn -0.28295898 -0.3010254 0.91064453
vn -0.42163086 0.16552734 0.89160156
vn -0.6489258 0.3305664 0.6855469
vn -0.2010498 -0.16601562 0.96533203
vn -0.59716797 0.08868408 0.7973633
vn -0.6245117 0.3779297 0.68310547
vn -0.3540039 0.34594727 0.86865234
vn -0.3630371 -0.203125 0.9091797
vn -0.34692383 0.18408203 0.9199219
vn -0.49316406 0.034362793 0.8691406
vn -0.32763672 0.24499512 0.91259766
vn -0.36499023 0.5366211 0.7607422
vn -0.64990234 0.32128906 0.68896484
vn -0.81396484 0.22033691 0.53759766
vn -0.7363281 0.57128906 0.3623047
vn -0.8041992 0.41845703 0.42163086
vn -0.9238281 0.0009813309 0.38305664
vn -0.85839844 0.48364258 0.17163086
vn -0.9482422 0.3059082 0.0847168
vn -0.89453125 0.25610352 0.36669922
vn -0.8769531 0.36938477 0.30737305
vn -0.6274414 0.46801758 0.6225586
vn -0.94677734 0.31982422 0.032226562
vn -0.97314453 0.19787598 0.11779785
vn -0.9838867 0.17797852 -0.020935059
vn -0.85009766 0.44702148 0.2783203
vn -0.6923828 0.5522461 0.46411133
vn -0.35986328 0.5493164 0.75390625
vn -0.36206055 0.61035156 0.70458984
vn -0.49438477 0.62402344 0.60498047
vn -0.4440918 0.44604492 0.77685547
vn -0.71533203 0.23706055 0.65722656
vn -0.38256836 0.58935547 0.7114258
vn -0.50439453 0.5385742 0.6748047
vn -0.38598633 0.5463867 0.74365234
vn -0.2775879 0.5864258 0.7607422
vn -0.5234375 0.55615234 0.6455078
vn -0.41137695 0.5473633 0.7285156
vn -0.24633789 0.6484375 0.72021484
vn -0.32299805 0.73779297 0.59277344
vn -0.33496094 0.64941406 0.68310547
vn -0.34204102 0.5810547 0.73828125
vn -0.4260254 0.6113281 0.6669922
vn 0.08721924 0.77978516 0.6196289
vn -0.07208252 0.5410156 0.8378906
vn -0.23144531 0.29077148 0.92822266
vn -0.47485352 0.74365234 0.47021484
vn -0.25317383 0.86328125 0.43676758
vn 0.16699219 0.7138672 0.6796875
vn -0.49365234 0.8222656 0.28320312
vn -0.5205078 0.5698242 0.63623047
vn 0.07891846 0.35180664 0.9326172
vn -0.07495117 0.6411133 0.7636719
vn -0.22460938 0.8334961 0.5048828
vn -0.2241211 0.2536621 0.94091797
vn -0.06567383 0.6323242 0.77197266
vn -0.22753906 0.40527344 0.8852539
vn -0.51220703 0.53759766 0.6694336
vn -0.65771484 0.4675293 0.59033203
vn -0.5683594 0.64746094 0.5078125
vn -0.37817383 0.25585938 0.88964844
vn -0.31958008 0.25219727 0.9135742
vn -0.35668945 0.08093262 0.93066406
vn -0.6118164 0.4194336 0.67089844
vn -0.15356445 0.5751953 0.80322266
vn -0.19934082 0.15112305 0.9682617
vn -0.109313965 0.58691406 0.8022461
vn -0.21240234 0.5800781 0.7861328
vn -0.3635254 0.51220703 0.7783203
vn -0.48583984 0.52197266 0.7011719
vn -0.3461914 0.4958496 0.7963867
vn -0.4729004 0.16259766 0.86572266
vn -0.56640625 -0.035888672 0.8232422
vn -0.89990234 0.10107422 0.42456055
vn -0.18896484 0.4326172 0.88134766
vn -0.48217773 0.16137695 0.86083984
vn -0.62939453 0.21472168 0.74658203
vn -0.19299316 -0.055725098 0.9794922
vn -0.19348145 0.46313477 0.8647461
vn -0.3876953 0.4855957 0.7836914
vn 0.05206299 0.49291992 0.86865234
vn 0.22717285 0.5361328 0.8129883
vn -0.1262207 0.61083984 0.7817383
vn 0.19274902 0.51904297 0.83251953
vn 0.032165527 0.6591797 0.75146484
vn 0.23950195 0.59814453 0.76464844
vn 0.08288574 0.7470703 0.65966797
vn -0.008102417 0.94140625 0.3371582
vn 0.06750488 0.22070312 0.97314453
vn -0.15649414 0.02482605 0.9873047
vn 0.17822266 0.3791504 0.9082031
vn -0.24584961 0.24572754 0.9375
vn 0.24902344 0.40966797 0.8774414
vn 0.26049805 0.49243164 0.8305664
vn 0.24523926 0.47045898 0.84765625
vn 0.30566406 0.50146484 0.80908203
vn 0.28198242 0.39404297 0.875
vn -0.6020508 0.04586792 0.7973633
vn -0.31640625 0.328125 0.8901367
vn -0.15356445 0.4741211 0.8671875
vn -0.022964478 0.2467041 0.96875
vn -0.06719971 0.3359375 0.9394531
vn 0.062683105 0.45483398 0.8881836
vn 0.30004883 0.55371094 0.77685547
vn 0.60791016 0.30859375 0.7314453
vn -0.43139648 -0.51416016 0.7416992
vn -0.88623047 -0.22399902 0.40600586
vn -0.5317383 0.5336914 0.65771484
vn -0.94677734 0.28955078 0.140625
vn -0.4519043 0.89160156 0.027328491
vn 0.081726074 0.44799805 0.8901367
vn 0.054901123 0.5102539 0.85839844
vn -0.2286377 0.13061523 0.96484375
vn 0.14819336 0.27270508 0.9506836
vn 0.1105957 0.41088867 0.90478516
vn -0.18859863 0.070739746 0.9794922
vn 0.24902344 0.5307617 0.8100586
vn -0.13757324 0.55859375 0.8178711
vn -0.35302734 0.41357422 0.83935547
vn 0.17028809 0.45776367 0.8725586
vn -0.3642578 0.4453125 0.8178711
vn -0.26635742 0.56640625 0.77978516
vn -0.35083008 0.2602539 0.89941406
vn -0.29736328 0.49414062 0.81689453
vn -0.037841797 0.5708008 0.8203125
vn -0.1784668 0.5307617 0.8286133
vn -0.054138184 0.42138672 0.90527344
vn 0.5239258 0.52783203 0.66845703
vn 0.7729492 0.4440918 0.45361328
vn 0.7685547 0.1899414 0.61083984
vn 0.5678711 0.20544434 0.796875
vn 0.49023438 0.2109375 0.8457031
vn 0.27270508 -0.031555176 0.9614258
vn 0.03213501 0.08227539 0.99609375
vn -0.1529541 0.5810547 0.7993164
vn 0.36767578 0.66503906 0.64990234
vn 0.56640625 0.39331055 0.7241211
vn 0.4831543 0.09490967 0.87060547
vn 0.48388672 0.46166992 0.74316406
vn 0.7573242 0.4699707 0.45361328
vn 0.5449219 0.3864746 0.7441406
vn 0.83203125 0.38378906 0.4008789
vn 0.546875 0.77734375 0.31079102
vn 0.46948242 0.77001953 0.4321289
vn 0.5966797 0.5024414 0.6254883
vn 0.7290039 0.62841797 0.2709961
vn 0.45117188 0.84765625 0.2788086
vn 0.46533203 0.8183594 0.33789062
vn 0.5776367 0.81640625 -0.006214142
vn 0.4880371 0.8540039 0.18029785
vn 0.5756836 0.77490234 0.26049805
vn 0.6298828 0.7446289 0.21984863
vn 0.8691406 0.4423828 0.22094727
vn 0.81103516 0.5576172 0.17663574
vn 0.72509766 0.68896484 0.010574341
vn 0.79785156 0.5966797 0.08331299
vn 0.7553711 0.64941406 -0.089782715
vn 0.57666016 0.63623047 0.5126953
vn 0.7602539 0.6484375 0.038879395
vn 0.63427734 0.7675781 -0.09082031
vn 0.53759766 0.8383789 0.09069824
vn 0.3852539 0.9199219 -0.074279785
vn 0.33666992 0.8730469 0.35253906
vn 0.43066406 0.9013672 -0.040161133
vn 0.28100586 0.95703125 0.06982422
vn 0.58691406 0.69384766 0.41674805
vn 0.33740234 0.4489746 0.82714844
vn 0.31054688 0.56591797 0.7636719
vn 0.21142578 0.4296875 0.8779297
vn 0.31884766 0.6821289 0.6582031
vn 0.076293945 0.9140625 0.39819336
vn -0.0009303093 0.9946289 -0.10205078
vn 0.12573242 0.41748047 0.89990234
vn 0.17858887 0.49121094 0.85253906
vn 0.14807129 0.6166992 0.7729492
vn 0.18457031 0.68310547 0.70654297
vn 0.21520996 0.67089844 0.70947266
vn 0.15234375 0.8359375 0.52734375
vn -0.012901306 0.9995117 0.023742676
vn 0.117126465 0.9243164 0.36279297
vn 0.18151855 0.82177734 0.54003906
vn 0.12915039 0.8051758 0.5786133
vn 0.06317139 0.07720947 -0.9951172
vn 0.23693848 0.32202148 -0.9165039
vn 0.2861328 0.21899414 -0.93310547
vn 0.20385742 0.20727539 -0.95703125
vn 0.23706055 0.33374023 -0.91259766
vn 0.31860352 0.32080078 -0.89208984
vn 0.4621582 0.51708984 -0.7207031
vn 0.5078125 0.50341797 -0.69921875
vn 0.63916016 0.5917969 -0.49121094
vn 0.38061523 0.24450684 -0.89208984
vn 0.39892578 0.13183594 -0.90722656
vn 0.5913086 0.6245117 -0.5102539
vn 0.6201172 0.6660156 -0.41455078
vn 0.5732422 0.6357422 -0.51708984
vn 0.41455078 0.29492188 -0.86083984
vn 0.22814941 0.17199707 -0.9584961
vn 0.47827148 0.1685791 -0.8618164
vn 0.49072266 0.5205078 -0.69873047
vn 0.60546875 0.6845703 -0.40576172
vn 0.5776367 0.81640625 -0.006214142
vn 0.6845703 0.6435547 -0.3425293
vn 0.7597656 0.49926758 -0.4169922
vn 0.52978516 0.44555664 -0.7216797
vn 0.7553711 0.25561523 -0.6035156
vn 0.66064453 0.12463379 -0.7402344
vn -0.7739258 0.05319214 -0.6308594
vn -0.8046875 -0.10296631 -0.58496094
vn -0.9355469 0.119506836 -0.3322754
vn -0.8417969 0.34814453 -0.41235352
vn -0.7524414 0.3395996 -0.5644531
vn -0.8432617 0.4416504 -0.30639648
vn -0.59033203 -0.15991211 -0.7910156
vn -0.94677734 0.31518555 -0.06237793
vn -0.9785156 0.18798828 -0.08380127
vn -0.97802734 0.15112305 -0.14294434
vn -0.97998047 0.19458008 0.037841797
vn -0.9951172 0.0309906 0.0960083
vn -0.9873047 0.15783691 -0.0024166107
vn -0.8027344 0.5913086 -0.07659912
vn -0.97314453 0.19787598 0.11779785
vn -0.9008789 0.41748047 0.118774414
vn -0.85009766 0.44702148 0.2783203
vn -0.84033203 0.5048828 0.19763184
vn -0.6923828 0.5522461 0.46411133
vn -0.82177734 0.4897461 0.29101562
vn -0.71533203 0.23706055 0.65722656
vn -0.9482422 0.3059082 0.0847168
vn -0.8046875 0.5888672 0.077941895
vn -0.7363281 0.57128906 0.3623047
vn -0.8041992 0.41845703 0.42163086
vn -0.8256836 0.55615234 0.09197998
vn -0.8618164 0.49804688 0.09765625
vn -0.8222656 0.56933594 0.0028133392
vn -0.83251953 0.55322266 0.02645874
vn -0.9370117 0.3408203 0.07910156
vn -0.9238281 0.0009813309 0.38305664
vn -0.9770508 0.19177246 0.09460449
vn -0.96484375 -0.16320801 0.20690918
vn -0.8647461 -0.41479492 0.28295898
vn -0.9165039 -0.34692383 0.19934082
vn -0.7919922 -0.55908203 0.24475098
vn -0.8701172 0.49267578 -0.012481689
vn -0.80029297 0.59472656 0.07556152
vn -0.85009766 0.5229492 0.061279297
vn -0.8588867 -0.49975586 0.11193848
vn -0.81396484 0.5683594 0.12109375
vn -0.85839844 0.5058594 0.08679199
vn -0.9794922 0.19433594 0.052459717
vn -0.8232422 0.56640625 -0.03967285
vn -0.8251953 -0.5463867 0.14416504
vn -0.9165039 -0.3642578 0.16638184
vn -0.7973633 -0.5830078 0.15673828
vn -0.8569336 -0.48461914 0.17419434
vn -0.8339844 -0.5341797 0.13647461
vn -0.96435547 -0.25341797 0.07928467
vn -0.9897461 -0.11462402 0.08508301
vn -0.9921875 -0.10650635 0.06341553
vn -0.8330078 -0.51953125 0.18859863
vn -0.7036133 -0.4597168 -0.5419922
vn -0.8300781 0.2286377 -0.5083008
vn -0.46142578 -0.30810547 -0.83203125
vn -0.43603516 -0.24230957 -0.8666992
vn -0.63378906 -0.7651367 0.113220215
vn -0.78564453 -0.61376953 0.07757568
vn -0.5756836 -0.19458008 -0.7939453
vn -0.8046875 -0.10296631 -0.58496094
vn -0.7739258 0.05319214 -0.6308594
vn -0.70947266 -0.14257812 -0.6899414
vn -0.73779297 -0.08892822 -0.6694336
vn -0.59033203 -0.15991211 -0.7910156
vn -0.5698242 -0.13989258 -0.8095703
vn -0.43603516 -0.24230957 -0.8666992
vn -0.84277344 -0.37158203 -0.38964844
vn -0.7036133 -0.4597168 -0.5419922
vn -0.8339844 -0.5341797 0.13647461
vn -0.8671875 -0.48242188 0.12200928
vn -0.8569336 -0.48461914 0.17419434
vn -0.8701172 -0.46679688 0.15783691
vn -0.8378906 -0.5307617 0.1262207
vn -0.8671875 -0.48242188 0.12200928
vn -0.8701172 -0.46679688 0.15783691
vn -0.84033203 -0.5341797 0.09051514
vn -0.84277344 -0.37158203 -0.38964844
vn -0.5493164 -0.81884766 -0.16662598
vn -0.5913086 -0.77246094 -0.2322998
vn -0.5942383 -0.80371094 -0.03591919
vn -0.7109375 -0.5439453 -0.44580078
vn -0.6064453 -0.78222656 -0.14111328
vn -0.828125 -0.23840332 -0.5073242
vn -0.66796875 -0.69873047 -0.2565918
vn -0.29174805 -0.91796875 -0.2685547
vn -0.21765137 -0.9614258 -0.16711426
vn -0.29101562 -0.8925781 -0.34423828
vn -0.15734863 -0.9814453 -0.109191895
vn -0.040527344 -0.9921875 -0.11920166
vn -0.78271484 -0.4567871 -0.42236328
vn -0.52978516 -0.7495117 -0.39746094
vn -0.7319336 -0.14941406 -0.66503906
vn -0.5698242 -0.13989258 -0.8095703
vn -0.73779297 -0.08892822 -0.6694336
vn -0.7915039 -0.15258789 -0.5917969
vn -0.8354492 0.032043457 -0.5488281
vn -0.70947266 -0.14257812 -0.6899414
vn -0.7290039 -0.32128906 -0.6044922
vn -0.79589844 -0.2944336 -0.5288086
vn -0.64746094 -0.6118164 -0.4543457
vn -0.37573242 -0.8935547 -0.24536133
vn -0.4970703 -0.7753906 -0.3894043
vn -0.07489014 -0.95458984 -0.2878418
vn -0.76708984 -0.32739258 -0.55126953
vn -0.0041885376 -1 -0.012519836
vn -0.07623291 -0.9609375 -0.26538086
vn -0.31762695 -0.65722656 -0.68359375
vn -0.83740234 -0.24682617 -0.4880371
vn 0.0791626 -0.94628906 -0.31274414
vn 0.16589355 -0.9819336 -0.089782715
vn -0.7338867 -0.6069336 -0.30566406
vn -0.14160156 -0.9897461 -0.020568848
vn 0.04058838 -0.97802734 -0.20471191
vn -0.36938477 -0.71533203 -0.5932617
vn -0.39575195 -0.54296875 -0.74072266
vn -0.5708008 -0.7451172 -0.34448242
vn -0.47509766 -0.75097656 -0.45825195
vn -0.052703857 -0.49121094 -0.8696289
vn -0.5410156 -0.61279297 -0.5756836
vn -0.26879883 -0.61328125 -0.7426758
vn -0.2939453 -0.8198242 -0.4909668
vn -0.23632812 -0.029937744 -0.9711914
vn -0.43115234 -0.5336914 -0.72753906
vn 0.018325806 -0.75390625 -0.65722656
vn -0.1048584 -0.74609375 -0.65771484
vn -0.028839111 -0.6621094 -0.74853516
vn 0.100097656 -0.35253906 -0.93066406
vn -0.16540527 0.25732422 -0.95214844
vn -0.22827148 0.31811523 -0.9199219
vn -0.1149292 -0.7055664 -0.69921875
vn -0.06262207 0.04421997 -0.9970703
vn -0.21240234 -0.2998047 -0.9301758
vn -0.10180664 -0.9160156 -0.38867188
vn -0.09069824 -0.79248047 -0.6035156
vn -0.0060806274 -0.9404297 -0.33984375
vn 0.053253174 -0.99365234 -0.100097656
vn 0.018173218 -0.94140625 -0.33642578
vn 0.09411621 -0.9873047 -0.12658691
vn 0.1451416 -0.91796875 -0.36987305
vn 0.15112305 -0.8227539 -0.54785156
vn 0.58740234 -0.47802734 -0.65283203
vn -0.07141113 -0.82910156 -0.5546875
vn -0.14025879 -0.8286133 -0.5419922
vn -0.47143555 -0.55566406 -0.6845703
vn -0.44189453 -0.68847656 -0.5751953
vn 0.19140625 -0.40771484 -0.8930664
vn -0.124694824 -0.57666016 -0.8071289
vn 0.07196045 -0.46289062 -0.88378906
vn 0.296875 -0.09680176 -0.9501953
vn 0.5708008 -0.24853516 -0.78271484
vn 0.34692383 0.0993042 -0.9326172
vn 0.58984375 -0.12213135 -0.79833984
vn 0.62158203 0.072753906 -0.77978516
vn 0.66064453 0.12463379 -0.7402344
vn 0.47827148 0.1685791 -0.8618164
vn -0.5527344 -0.421875 -0.71875
vn -0.45043945 -0.828125 -0.33398438
vn -0.38671875 -0.8027344 -0.4543457
vn 0.31469727 0.07897949 -0.9458008
vn 0.3059082 0.15612793 -0.93896484
vn 0.22814941 0.17199707 -0.9584961
vn 0.39892578 0.13183594 -0.90722656
vn 0.4350586 0.16320801 -0.8852539
vn 0.49145508 -0.13085938 -0.86083984
vn 0.21166992 0.23718262 -0.9482422
vn 0.21459961 0.21740723 -0.95214844
vn 0.20385742 0.20727539 -0.95703125
vn 0.09893799 -0.6533203 -0.7504883
vn -0.23352051 0.13305664 -0.9633789
vn 0.06317139 0.07720947 -0.9951172
vn -0.17687988 -0.14465332 -0.9736328
vn 0.10900879 -0.055847168 -0.9926758
vn -0.3935547 0.16308594 -0.90478516
vn -0.48779297 0.10913086 -0.86621094
vn -0.6948242 0.07800293 -0.71484375
vn -0.5756836 -0.19458008 -0.7939453
vn -0.12561035 -0.46948242 -0.87402344
vn -0.6542969 0.109375 -0.7480469
vn -0.5102539 -0.76123047 -0.40039062
vn -0.5444336 -0.42114258 -0.72558594
vn -0.23999023 -0.7709961 -0.59033203
vn -0.3425293 -0.101745605 -0.93408203
vn -0.7866211 0.02178955 -0.6166992
vn -0.3852539 0.10089111 -0.91748047
vn -0.33154297 -0.9086914 -0.25317383
vn -0.031311035 -0.9926758 -0.11834717
vn -0.2993164 -0.14208984 -0.9433594
vn -0.64453125 -0.70703125 -0.29125977
vn -0.6279297 0.27612305 -0.72802734
vn -0.8857422 0.31103516 -0.34448242
vn -0.3557129 -0.57910156 -0.7338867
vn -0.69628906 -0.101745605 -0.7104492
vn -0.6411133 -0.37963867 -0.6669922
vn -0.86376953 0.21179199 -0.45703125
vn -0.82373047 -0.15649414 -0.5449219
vn -0.91796875 -0.13964844 -0.37158203
vn -0.9560547 0.060272217 -0.2878418
vn -0.6870117 -0.6376953 0.3486328
vn -0.7919922 -0.55908203 0.24475098
vn -0.8647461 -0.41479492 0.28295898
vn -0.7314453 -0.58447266 0.35107422
vn -0.76220703 -0.5083008 0.40063477
vn -0.7973633 -0.5830078 0.15673828
vn -0.8569336 -0.48461914 0.17419434
vn -0.8701172 -0.46679688 0.15783691
vn -0.6875 -0.5288086 0.49731445
vn -0.6201172 -0.67333984 0.40234375
vn -0.5161133 -0.44970703 0.7290039
vn -0.54052734 -0.5019531 0.67529297
vn -0.63671875 -0.55078125 0.5395508
vn -0.80371094 -0.5180664 0.29223633
vn -0.8378906 -0.5307617 0.1262207
vn -0.7441406 -0.6303711 0.22241211
vn -0.5942383 -0.80371094 -0.03591919
vn -0.24560547 -0.14172363 0.9589844
vn -0.18762207 -0.15795898 0.9692383
vn -0.21008301 -0.054260254 0.9760742
vn -0.2565918 -0.045013428 0.96533203
vn -0.11419678 0.023529053 0.99316406
vn -0.2142334 -0.3486328 0.91259766
vn -0.13867188 -0.0023670197 0.9902344
vn 0.1262207 0.13391113 0.98291016
vn 0.09197998 0.029937744 0.9951172
vn 0.4963379 0.21008301 0.84228516
vn -0.66308594 -0.6098633 0.4338379
vn -0.4099121 -0.5126953 0.75439453
vn -0.1685791 -0.42138672 0.8911133
vn -0.09051514 -0.7763672 0.62353516
vn -0.3100586 -0.7036133 0.63964844
vn -0.6875 -0.65478516 0.3149414
vn -0.4572754 -0.68896484 0.5620117
vn -0.40893555 -0.7216797 0.55859375
vn -0.6386719 -0.74365234 0.19812012
vn -0.53466797 -0.81884766 0.20825195
vn -0.6064453 -0.78222656 -0.14111328
vn -0.15112305 -0.65234375 0.7426758
vn -0.059387207 -0.8022461 0.5942383
vn 0.014663696 -0.80126953 0.59765625
vn -0.25219727 -0.8027344 0.54052734
vn -0.5 -0.7636719 0.40844727
vn -0.6904297 -0.7167969 0.09838867
vn -0.5102539 -0.85839844 0.054138184
vn -0.5151367 -0.85595703 0.04034424
vn -0.26342773 -0.8774414 0.4008789
vn -0.23754883 -0.82666016 0.5097656
vn -0.07318115 -0.80078125 0.59472656
vn -0.10491943 -0.74902344 0.6542969
vn -0.55810547 -0.8129883 0.16625977
vn -0.28051758 -0.87939453 0.38452148
vn -0.21118164 -0.96972656 0.12402344
vn -0.20141602 -0.85058594 0.48535156
vn -0.09674072 -0.8339844 0.54296875
vn -0.14074707 -0.87597656 0.46166992
vn -0.36376953 -0.93115234 0.02911377
vn -0.2368164 -0.78564453 0.57128906
vn -0.09643555 -0.8354492 0.5410156
vn -0.21765137 -0.9614258 -0.16711426
vn -0.66796875 -0.69873047 -0.2565918
vn -0.0748291 -0.99316406 -0.08795166
vn -0.15734863 -0.9814453 -0.109191895
vn -0.022109985 -0.99902344 0.039489746
vn -0.040527344 -0.9921875 -0.11920166
vn 0.053253174 -0.99365234 -0.100097656
vn -0.013130188 -1 0.0011291504
vn 0.039886475 -0.99902344 -0.018341064
vn 0.09411621 -0.9873047 -0.12658691
vn -0.034698486 -0.99609375 -0.08337402
vn 0.031921387 -0.9995117 -0.0105896
vn -0.1998291 -0.9790039 -0.038635254
vn 0.033233643 -0.9995117 -0.0024871826
vn 0.016525269 -0.9995117 0.029403687
vn 0.031036377 -0.9980469 0.05316162
vn -0.014907837 -0.95410156 0.29956055
vn -0.011772156 -0.97753906 0.21032715
vn -0.047668457 -0.9980469 0.03945923
vn -0.09649658 -0.92285156 0.3725586
vn -0.06982422 -0.9790039 0.19189453
vn -0.14978027 -0.95410156 0.25952148
vn -0.2685547 -0.8017578 0.5336914
vn -0.27148438 -0.7607422 0.58984375
vn -0.0002259016 -0.94091797 0.33862305
vn -0.13806152 -0.7973633 0.58740234
vn -0.15551758 -0.71875 0.6777344
vn -0.06414795 -0.6738281 0.73583984
vn 0.5083008 -0.42333984 0.75
vn 0.09283447 -0.99560547 0.024139404
vn 0.01826477 -0.52734375 0.8491211
vn 0.50390625 -0.5571289 0.66015625
vn 0.2668457 -0.7006836 0.6616211
vn 0.23669434 -0.96728516 0.09106445
vn 0.15515137 -0.22338867 0.96240234
vn 0.49853516 0.07836914 0.86328125
vn 0.4716797 -0.1887207 0.8613281
vn 0.37036133 -0.23425293 0.8989258
vn 0.92871094 0.11773682 0.35131836
vn 0.48950195 -0.27124023 0.8286133
vn 0.50146484 -0.36108398 0.7861328
vn 0.5756836 0.33154297 0.7475586
vn 0.92333984 0.22460938 0.31201172
vn 0.49023438 0.42895508 0.75878906
vn 0.66259766 0.2758789 0.69628906
vn 0.50341797 -0.25756836 0.82470703
vn 0.6665039 -0.19152832 0.7207031
vn 0.59521484 0.39233398 0.7011719
vn 0.5698242 -0.13781738 0.8100586
vn 0.7084961 0.23242188 0.6665039
vn 0.6635742 -0.45214844 0.5961914
vn 0.6142578 -0.48364258 0.62353516
vn 0.12261963 -0.6435547 0.7553711
vn 0.14135742 -0.828125 0.54248047
vn 0.10333252 -0.74853516 0.65478516
vn 0.16088867 -0.57470703 0.8022461
vn 0.28222656 -0.69091797 0.66552734
vn 0.25170898 -0.74609375 0.6166992
vn 0.31201172 -0.7915039 0.5253906
vn 0.27172852 -0.5205078 0.8095703
vn 0.45581055 -0.80908203 0.37158203
vn 0.20788574 -0.5102539 0.83447266
vn 0.10760498 0.11029053 0.98828125
vn 0.7158203 0.35717773 0.60009766
vn 0.6425781 0.08123779 0.76220703
vn 0.55322266 0.12573242 0.82373047
vn 0.6689453 -0.052642822 0.74121094
vn 0.27514648 -0.011352539 0.9614258
vn 0.6455078 -0.17626953 0.74316406
vn 0.5654297 -0.19946289 0.80029297
vn 0.47314453 -0.2956543 0.8300781
vn 0.74658203 -0.1940918 0.63671875
vn 0.3479004 -0.4621582 0.81591797
vn 0.7792969 -0.4584961 0.42749023
vn 0.65771484 -0.6230469 0.42358398
vn 0.9316406 0.059265137 0.35839844
vn 0.60546875 0.2993164 0.7373047
vn 0.1381836 -0.8754883 0.4633789
vn 0.121154785 -0.98339844 0.1348877
vn 0.60546875 -0.77783203 0.16809082
vn 0.4140625 -0.9091797 -0.043060303
vn 0.5473633 -0.8364258 0.0335083
vn 0.34448242 -0.9375 -0.050323486
vn 0.2734375 -0.9560547 -0.10620117
vn 0.14147949 -0.9892578 -0.0423584
vn 0.2479248 -0.96435547 0.09362793
vn 0.37890625 -0.91259766 -0.15344238
vn 0.1451416 -0.91796875 -0.36987305
vn 0.86621094 -0.46533203 -0.18273926
vn 0.58740234 -0.47802734 -0.65283203
vn 0.84472656 -0.49560547 -0.20153809
vn 0.43188477 -0.90185547 -0.0109939575
vn 0.6098633 -0.7919922 0.029296875
vn 0.4243164 -0.8935547 -0.14587402
vn 0.4165039 -0.9057617 -0.080200195
vn 0.2783203 -0.9555664 0.09844971
vn 0.7495117 -0.65966797 -0.056671143
vn 0.93896484 -0.27392578 -0.20715332
vn 0.7241211 -0.68359375 0.09057617
vn 0.8544922 -0.5185547 0.025039673
vn 0.7841797 -0.6064453 0.1328125
vn 0.9003906 -0.30908203 -0.30615234
vn 0.8745117 -0.37353516 -0.30859375
vn 0.92089844 -0.37768555 -0.09838867
vn 0.5708008 -0.24853516 -0.78271484
vn 0.91308594 -0.078063965 -0.40039062
vn 0.80810547 -0.5595703 -0.1842041
vn 0.6953125 -0.70703125 0.12902832
vn 0.85498047 -0.49169922 -0.16625977
vn 0.58984375 -0.12213135 -0.79833984
vn 0.9506836 -0.27783203 -0.13708496
vn 0.8857422 -0.15319824 -0.43847656
vn 0.36328125 -0.73095703 0.5776367
vn 0.60302734 -0.7973633 0.023406982
vn 0.8105469 -0.57958984 -0.083862305
vn 0.9555664 -0.25610352 0.14685059
vn 0.7910156 -0.14001465 0.5957031
vn 0.9477539 -0.31713867 0.03918457
vn 0.67871094 -0.6665039 0.30932617
vn 0.7626953 -0.21081543 0.6118164
vn 0.84228516 -0.5385742 -0.01473999
vn 0.77001953 -0.4819336 0.4182129
vn 0.49072266 -0.7011719 0.51708984
vn 0.93115234 -0.3581543 -0.064575195
vn 0.8432617 -0.5107422 -0.16784668
vn 0.8618164 -0.4880371 -0.13928223
vn 0.7553711 -0.3857422 0.52978516
vn 0.8959961 -0.33251953 -0.29370117
vn 0.9511719 -0.28027344 -0.1307373
vn 0.88720703 -0.32836914 -0.3239746
vn 0.8251953 -0.5053711 -0.2529297
vn 0.87597656 -0.4038086 -0.26391602
vn 0.82910156 -0.359375 -0.4284668
vn 0.7705078 -0.5415039 -0.33666992
vn 0.8105469 -0.5493164 -0.20300293
vn 0.89208984 -0.37890625 -0.24597168
vn 0.9448242 -0.3010254 -0.12902832
vn 0.8496094 -0.40161133 -0.34228516
vn 0.9086914 -0.39916992 -0.12182617
vn 0.8310547 -0.55371094 -0.0496521
vn 0.85546875 -0.5175781 -0.0068969727
vn 0.7290039 -0.67822266 -0.09283447
vn 0.9082031 -0.40576172 -0.1005249
vn 0.9614258 -0.10284424 -0.25512695
vn 0.8100586 0.10534668 -0.57714844
vn 0.75683594 -0.37402344 -0.5361328
vn 0.8183594 -0.042663574 -0.5732422
vn 0.62158203 0.072753906 -0.77978516
vn 0.66064453 0.12463379 -0.7402344
vn 0.2770996 -0.92529297 -0.25952148
vn 0.70654297 -0.31103516 -0.6357422
vn -0.70654297 -0.31103516 -0.6357422
vn -0.2770996 -0.92529297 -0.25952148
vn -0.70654297 -0.31103516 0.6357422
vn 0.70654297 -0.31103516 0.6357422
vn 0.2770996 -0.92529297 0.25952148
vn -0.2770996 -0.92529297 0.25952148
vn 0.70654297 -0.31103516 0.6357422
vn 0.70654297 -0.31103516 -0.6357422
vn 0.2770996 -0.92529297 -0.25952148
vn 0.2770996 -0.92529297 0.25952148
vn -0.70654297 -0.31103516 -0.6357422
vn -0.70654297 -0.31103516 0.6357422
vn -0.2770996 -0.92529297 0.25952148
vn -0.2770996 -0.92529297 -0.25952148
vn -0.6879883 -0.13916016 -0.71240234
vn -0.15588379 -0.9736328 0.16552734
vn -0.1574707 -0.9741211 -0.16308594
vn -0.69140625 -0.13378906 0.70996094
vn -0.69433594 0 0.71972656
vn -0.69433594 0 -0.71972656
vn 0.15551758 -0.9736328 0.16577148
vn 0.68847656 -0.14013672 -0.7114258
vn 0.15698242 -0.9741211 -0.16333008
vn 0.69189453 -0.1348877 0.70947266
vn 0.69433594 0 0.71972656
vn 0.69433594 0 -0.71972656
vn 0.15551758 -0.9736328 0.16577148
vn 0.15698242 -0.9741211 -0.16333008
vn -0.1574707 -0.9741211 -0.16308594
vn -0.15588379 -0.9736328 0.16552734
vn -0.69140625 -0.13378906 0.70996094
vn 0.15551758 -0.9736328 0.16577148
vn -0.15588379 -0.9736328 0.16552734
vn 0.69189453 -0.1348877 0.70947266
vn 0.69433594 0 0.71972656
vn -0.69433594 0 0.71972656
vn 0.68847656 -0.14013672 -0.7114258
vn 0.69433594 0 -0.71972656
vn -0.69433594 0 -0.71972656
vn -0.6879883 -0.13916016 -0.71240234
vn 0.15698242 -0.9741211 -0.16333008
vn -0.1574707 -0.9741211 -0.16308594
vn 0.2770996 -0.92529297 0.25952148
vn 0.2770996 -0.92529297 -0.25952148
vn -0.2770996 -0.92529297 -0.25952148
vn -0.2770996 -0.92529297 0.25952148
vn 0.7529297 0 -0.65771484
vn 0.7529297 0 -0.65771484
vn -0.7529297 0 -0.65771484
vn -0.7529297 0 -0.65771484
vn -0.7529297 0 0.65771484
vn -0.7529297 0 0.65771484
vn -0.7529297 0 0.65771484
vn -0.7529297 0 0.65771484
vn 0.7529297 0 0.65771484
vn 0.7529297 0 0.65771484
vn 0.7529297 0 -0.65771484
vn 0.7529297 0 -0.65771484
vn 0.2770996 0.92529297 -0.25952148
vn -0.2770996 0.92529297 -0.25952148
vn -0.70654297 0.31103516 -0.6357422
vn 0.70654297 0.31103516 -0.6357422
vn -0.70654297 0.31103516 0.6357422
vn -0.2770996 0.92529297 0.25952148
vn 0.2770996 0.92529297 0.25952148
vn 0.70654297 0.31103516 0.6357422
vn 0.70654297 0.31103516 0.6357422
vn 0.2770996 0.92529297 0.25952148
vn 0.2770996 0.92529297 -0.25952148
vn 0.70654297 0.31103516 -0.6357422
vn -0.70654297 0.31103516 -0.6357422
vn -0.2770996 0.92529297 -0.25952148
vn -0.2770996 0.92529297 0.25952148
vn -0.70654297 0.31103516 0.6357422
vn -0.6879883 0.13916016 -0.71240234
vn -0.1574707 0.9741211 -0.16308594
vn -0.15588379 0.9736328 0.16552734
vn -0.69140625 0.13378906 0.70996094
vn -0.69433594 0 0.71972656
vn -0.69433594 0 -0.71972656
vn 0.15551758 0.9736328 0.16577148
vn 0.15698242 0.9741211 -0.16333008
vn 0.68847656 0.14013672 -0.7114258
vn 0.69189453 0.1348877 0.70947266
vn 0.69433594 0 0.71972656
vn 0.69433594 0 -0.71972656
vn 0.15551758 0.9736328 0.16577148
vn -0.15588379 0.9736328 0.16552734
vn -0.1574707 0.9741211 -0.16308594
vn 0.15698242 0.9741211 -0.16333008
vn -0.69140625 0.13378906 0.70996094
vn -0.15588379 0.9736328 0.16552734
vn 0.15551758 0.9736328 0.16577148
vn 0.69189453 0.1348877 0.70947266
vn 0.69433594 0 0.71972656
vn -0.69433594 0 0.71972656
vn 0.68847656 0.14013672 -0.7114258
vn -0.69433594 0 -0.71972656
vn 0.69433594 0 -0.71972656
vn -0.6879883 0.13916016 -0.71240234
vn 0.15698242 0.9741211 -0.16333008
vn -0.1574707 0.9741211 -0.16308594
vn 0.2770996 0.92529297 0.25952148
vn -0.2770996 0.92529297 0.25952148
vn -0.2770996 0.92529297 -0.25952148
vn 0.2770996 0.92529297 -0.25952148
vn -0.13000488 0.9741211 0.18518066
vn -0.1340332 0.9790039 -0.15246582
vn 0.101623535 0.9824219 -0.15612793
vn 0.10217285 0.9765625 0.19055176
vn -0.55371094 0.32250977 0.7675781
vn 0.45166016 0.59277344 0.6669922
vn -0.5107422 0.26708984 0.8173828
vn 0.55908203 0.4182129 0.7158203
vn -0.66796875 0.35473633 0.6538086
vn 0.65283203 0.2705078 0.70751953
vn -0.64746094 0.19592285 0.7363281
vn 0.66308594 0.20141602 0.7207031
vn -0.44018555 0.39575195 0.80615234
vn 0.47436523 0.3347168 0.81396484
vn -0.6459961 0.09466553 0.7573242
vn 0.62353516 0.025375366 0.78125
vn -0.61279297 0 0.79003906
vn 0.61279297 0 0.79003906
vn -0.21606445 -0.9355469 0.27856445
vn 0.21606445 -0.9355469 0.27856445
vn -0.21606445 -0.9355469 -0.27856445
vn 0.21606445 -0.9355469 -0.27856445
vn -0.61279297 0 -0.79003906
vn -0.61279297 0 0.79003906
vn -0.21606445 -0.9355469 0.27856445
vn -0.6459961 0.09466553 0.7573242
vn 0.61279297 0 -0.79003906
vn 0.21606445 -0.9355469 0.27856445
vn 0.61279297 0 0.79003906
vn -0.6459961 0.09466553 -0.7573242
vn -0.44018555 0.39575195 0.80615234
vn 0.62353516 0.025375366 -0.78125
vn 0.62353516 0.025375366 0.78125
vn -0.5649414 0.11706543 -0.81689453
vn -0.64746094 0.19592285 0.7363281
vn 0.5917969 0.01222229 -0.80615234
vn 0.47436523 0.3347168 0.81396484
vn -0.6088867 0 -0.79296875
vn -0.66796875 0.35473633 0.6538086
vn 0.6279297 0.015487671 -0.7783203
vn 0.66308594 0.20141602 0.7207031
vn -0.36132812 0.7026367 -0.61279297
vn -0.5107422 0.26708984 0.8173828
vn 0.3334961 0.7060547 -0.6245117
vn 0.65283203 0.2705078 0.70751953
vn -0.36669922 0.8120117 -0.45410156
vn -0.55371094 0.32250977 0.7675781
vn 0.39575195 0.8359375 -0.38012695
vn 0.55908203 0.4182129 0.7158203
vn -0.49047852 0.5332031 -0.68896484
vn -0.13000488 0.9741211 0.18518066
vn -0.1340332 0.9790039 -0.15246582
vn 0.39941406 0.6982422 -0.5942383
vn 0.45166016 0.59277344 0.6669922
vn 0.101623535 0.9824219 -0.15612793
vn 0.10217285 0.9765625 0.19055176
vn -0.11480713 -0.98583984 -0.12176514
vn -0.15405273 -0.9824219 0.106933594
vn 0.117248535 -0.98535156 0.12512207
vn 0.10119629 -0.98095703 -0.16455078
vn -0.57714844 -0.31982422 -0.75146484
vn 0.6982422 -0.53515625 -0.47558594
vn -0.46606445 -0.70166016 -0.5390625
vn 0.66064453 0 -0.7504883
vn -0.5859375 -0.47045898 -0.65966797
vn 0.54003906 -0.2286377 -0.8100586
vn -0.60791016 -0.62158203 -0.49389648
vn 0.46289062 -0.80126953 -0.37841797
vn -0.2854004 -0.7104492 -0.6430664
vn 0.16601562 -0.88964844 -0.42578125
vn -0.6254883 -0.091674805 -0.77490234
vn 0.46435547 -0.76660156 -0.44360352
vn -0.5854492 0 -0.8105469
vn 0.5854492 0 -0.8105469
vn -0.13098145 0.9746094 -0.18127441
vn 0.13098145 0.9746094 -0.18127441
vn -0.13098145 0.9746094 0.18127441
vn 0.13098145 0.9746094 0.18127441
vn -0.5854492 0 0.8105469
vn -0.5854492 0 -0.8105469
vn -0.13098145 0.9746094 -0.18127441
vn -0.6254883 -0.091674805 -0.77490234
vn 0.5854492 0 0.8105469
vn 0.13098145 0.9746094 -0.18127441
vn 0.5854492 0 -0.8105469
vn -0.6254883 -0.091674805 0.77490234
vn -0.2854004 -0.7104492 -0.6430664
vn 0.46435547 -0.76660156 0.44360352
vn 0.46435547 -0.76660156 -0.44360352
vn -0.56689453 -0.11859131 0.8154297
vn -0.60791016 -0.62158203 -0.49389648
vn 0.3005371 -0.828125 0.47338867
vn 0.16601562 -0.88964844 -0.42578125
vn -0.68408203 -0.2052002 0.69970703
vn -0.5859375 -0.47045898 -0.65966797
vn 0.5957031 -0.45361328 0.66259766
vn 0.46289062 -0.80126953 -0.37841797
vn -0.5859375 -0.47045898 0.65966797
vn -0.46606445 -0.70166016 -0.5390625
vn 0.54003906 -0.2286377 0.8100586
vn 0.54003906 -0.2286377 -0.8100586
vn -0.46606445 -0.70166016 0.5390625
vn -0.57714844 -0.31982422 -0.75146484
vn 0.66064453 0 0.7504883
vn 0.66064453 0 -0.7504883
vn -0.32104492 -0.6821289 0.6567383
vn -0.11480713 -0.98583984 -0.12176514
vn -0.15405273 -0.9824219 0.106933594
vn 0.5136719 -0.66015625 0.54785156
vn 0.6982422 -0.53515625 -0.47558594
vn 0.117248535 -0.98535156 0.12512207
vn 0.10119629 -0.98095703 -0.16455078
vn -0.8041992 0 0.5942383
vn -0.9633789 0 0.26757812
vn -0.8461914 0.06756592 0.5283203
vn -0.070373535 0.0574646 0.99609375
vn 0.96435547 0 0.26391602
vn -0.070373535 0.0574646 0.99609375
vn 0.98583984 0.051452637 0.16027832
vn 0.99365234 0 -0.111328125
vn -0.18945312 0 -0.9819336
vn -0.18945312 0 -0.9819336
vn -0.18945312 0 -0.9819336
vn -0.18945312 0 -0.9819336
vn 0.71533203 0.16186523 0.6796875
vn -0.3701172 0.09698486 0.9238281
vn -0.9707031 0.097351074 0.21875
vn -0.4519043 0.16955566 -0.87597656
vn -0.18554688 0.048675537 -0.9814453
vn -0.4519043 0.16955566 -0.87597656
vn -0.9707031 0.097351074 0.21875
vn -0.9770508 0.04107666 0.20959473
vn -0.9770508 0.04107666 0.20959473
vn -0.9707031 0.097351074 0.21875
vn -0.3701172 0.09698486 0.9238281
vn -0.3618164 0.03857422 0.9316406
vn -0.3618164 0.03857422 0.9316406
vn -0.3701172 0.09698486 0.9238281
vn 0.71533203 0.16186523 0.6796875
vn 0.9067383 0.05178833 0.41870117
vn 0.7583008 0.020080566 -0.6513672
vn 0.75634766 0.02293396 -0.6538086
vn 0.74365234 0.022949219 -0.66845703
vn 0.74121094 0.020019531 -0.67089844
vn 0.33862305 0.92089844 -0.19213867
vn 0.64697266 0.6689453 -0.36645508
vn 0.21081543 0.65234375 -0.72802734
vn 0.11242676 0.9145508 -0.3881836
vn 0.6542969 0.6616211 -0.36645508
vn 0.20898438 0.66015625 -0.7216797
vn -0.18359375 0.92089844 -0.34350586
vn -0.35083008 0.6689453 -0.65527344
vn -0.7207031 0.6611328 -0.20874023
vn -0.38061523 0.91796875 -0.11029053
vn -0.3569336 0.6616211 -0.6591797
vn -0.7167969 0.66552734 -0.2076416
vn -0.11242676 0.9145508 0.3881836
vn -0.2109375 0.65234375 0.72802734
vn 0.35083008 0.6689453 0.65527344
vn 0.18359375 0.92089844 0.34350586
vn -0.20898438 0.66015625 0.7216797
vn 0.3569336 0.6616211 0.6591797
vn 0.38061523 0.91796875 0.11029053
vn 0.7207031 0.6611328 0.20874023
vn 0.64697266 0.6689453 -0.36645508
vn 0.33862305 0.92089844 -0.19213867
vn 0.7167969 0.66552734 0.2076416
vn 0.6542969 0.6616211 -0.36645508
vn -0.7207031 0.6611328 -0.20874023
vn -0.64697266 0.6689453 0.36645508
vn -0.33862305 0.92089844 0.19213867
vn -0.38061523 0.91796875 -0.11029053
vn -0.7167969 0.66552734 -0.2076416
vn -0.6542969 0.6616211 0.36645508
vn 0.21081543 0.65234375 -0.72802734
vn -0.35083008 0.6689453 -0.65527344
vn -0.18359375 0.92089844 -0.34350586
vn 0.11242676 0.9145508 -0.3881836
vn 0.20898438 0.66015625 -0.7216797
vn -0.3569336 0.6616211 -0.6591797
vn 0.18359375 0.92089844 0.34350586
vn 0.35083008 0.6689453 0.65527344
vn 0.7207031 0.6611328 0.20874023
vn 0.38061523 0.91796875 0.11029053
vn 0.3569336 0.6616211 0.6591797
vn 0.7167969 0.66552734 0.2076416
vn -0.33862305 0.92089844 0.19213867
vn -0.64697266 0.6689453 0.36645508
vn -0.2109375 0.65234375 0.72802734
vn -0.11242676 0.9145508 0.3881836
vn -0.6542969 0.6616211 0.36645508
vn -0.20898438 0.66015625 0.7216797
vn 0.8251953 -0.51171875 0.23901367
vn 0.7167969 0.66552734 0.2076416
vn 0.6542969 0.6616211 -0.36645508
vn 0.75 -0.50683594 -0.42456055
vn 0.9501953 -0.14440918 0.27539062
vn 0.86083984 -0.15026855 -0.48608398
vn 0.40698242 -0.50683594 0.7597656
vn 0.3569336 0.6616211 0.6591797
vn 0.7167969 0.66552734 0.2076416
vn 0.8251953 -0.51171875 0.23901367
vn 0.46777344 -0.15026855 0.87109375
vn 0.9501953 -0.14440918 0.27539062
vn -0.23986816 -0.50683594 0.828125
vn -0.20898438 0.66015625 0.7216797
vn 0.3569336 0.6616211 0.6591797
vn 0.40698242 -0.50683594 0.7597656
vn -0.27563477 -0.14038086 0.9511719
vn 0.46777344 -0.15026855 0.87109375
vn -0.75 -0.50683594 0.42456055
vn -0.6542969 0.6616211 0.36645508
vn -0.20898438 0.66015625 0.7216797
vn -0.23986816 -0.50683594 0.828125
vn -0.86083984 -0.15026855 0.48608398
vn -0.27563477 -0.14038086 0.9511719
vn -0.8251953 -0.51220703 -0.23901367
vn -0.7167969 0.66552734 -0.2076416
vn -0.6542969 0.6616211 0.36645508
vn -0.75 -0.50683594 0.42456055
vn -0.9501953 -0.14440918 -0.27539062
vn -0.86083984 -0.15026855 0.48608398
vn -0.40698242 -0.50683594 -0.7597656
vn -0.3569336 0.6616211 -0.6591797
vn -0.7167969 0.66552734 -0.2076416
vn -0.8251953 -0.51220703 -0.23901367
vn -0.4675293 -0.15026855 -0.87109375
vn -0.9501953 -0.14440918 -0.27539062
vn 0.23986816 -0.50683594 -0.828125
vn 0.20898438 0.66015625 -0.7216797
vn -0.3569336 0.6616211 -0.6591797
vn -0.40698242 -0.50683594 -0.7597656
vn 0.27539062 -0.14038086 -0.9511719
vn -0.4675293 -0.15026855 -0.87109375
vn 0.75 -0.50683594 -0.42456055
vn 0.6542969 0.6616211 -0.36645508
vn 0.20898438 0.66015625 -0.7216797
vn 0.23986816 -0.50683594 -0.828125
vn 0.86083984 -0.15026855 -0.48608398
vn 0.27539062 -0.14038086 -0.9511719
vn 0.7548828 0.4987793 -0.42626953
vn 0.24523926 0.4729004 -0.8461914
vn 0.26245117 0.33203125 -0.90625
vn 0.82128906 0.33203125 -0.46435547
vn 0.86035156 0.15625 -0.48510742
vn 0.27514648 0.15100098 -0.94970703
vn 0.82128906 0.33203125 -0.46435547
vn 0.8408203 0.48339844 0.24365234
vn 0.7548828 0.4987793 -0.42626953
vn 0.90478516 0.3359375 0.26220703
vn 0.94921875 0.1541748 0.27490234
vn 0.86035156 0.15625 -0.48510742
vn 0.90478516 0.3359375 0.26220703
vn 0.41015625 0.4987793 0.7636719
vn 0.8408203 0.48339844 0.24365234
vn 0.44555664 0.33203125 0.83154297
vn 0.46801758 0.15625 0.8696289
vn 0.94921875 0.1541748 0.27490234
vn 0.44555664 0.33203125 0.83154297
vn -0.24523926 0.4729004 0.8461914
vn 0.41015625 0.4987793 0.7636719
vn -0.26245117 0.33203125 0.90625
vn -0.27514648 0.15100098 0.94970703
vn 0.46801758 0.15625 0.8696289
vn -0.26245117 0.33203125 0.90625
vn -0.7548828 0.4987793 0.42626953
vn -0.24523926 0.4729004 0.8461914
vn -0.82128906 0.33203125 0.46435547
vn -0.86035156 0.15625 0.48510742
vn -0.27514648 0.15100098 0.94970703
vn -0.82128906 0.33203125 0.46435547
vn -0.8408203 0.48339844 -0.24353027
vn -0.7548828 0.4987793 0.42626953
vn -0.90478516 0.3359375 -0.26220703
vn -0.94921875 0.15405273 -0.27490234
vn -0.86035156 0.15625 0.48510742
vn -0.90478516 0.3359375 -0.26220703
vn -0.41015625 0.4987793 -0.7636719
vn -0.8408203 0.48339844 -0.24353027
vn -0.44555664 0.33203125 -0.83154297
vn -0.46801758 0.15625 -0.8696289
vn -0.94921875 0.15405273 -0.27490234
vn -0.44555664 0.33203125 -0.83154297
vn 0.24523926 0.4729004 -0.8461914
vn -0.41015625 0.4987793 -0.7636719
vn 0.26245117 0.33203125 -0.90625
vn 0.27514648 0.15100098 -0.94970703
vn -0.46801758 0.15625 -0.8696289
vn 0.8408203 0.48339844 0.24365234
vn 0.9501953 -0.14440918 0.27539062
vn 0.86083984 -0.15026855 -0.48608398
vn 0.7548828 0.4987793 -0.42626953
vn 0.41015625 0.4987793 0.7636719
vn 0.46777344 -0.15026855 0.87109375
vn 0.9501953 -0.14440918 0.27539062
vn 0.8408203 0.48339844 0.24365234
vn -0.24523926 0.4729004 0.8461914
vn -0.27563477 -0.14038086 0.9511719
vn 0.46777344 -0.15026855 0.87109375
vn 0.41015625 0.4987793 0.7636719
vn -0.7548828 0.4987793 0.42626953
vn -0.86083984 -0.15026855 0.48608398
vn -0.27563477 -0.14038086 0.9511719
vn -0.24523926 0.4729004 0.8461914
vn -0.8408203 0.48339844 -0.24353027
vn -0.9501953 -0.14440918 -0.27539062
vn -0.86083984 -0.15026855 0.48608398
vn -0.7548828 0.4987793 0.42626953
vn -0.41015625 0.4987793 -0.7636719
vn -0.4675293 -0.15026855 -0.87109375
vn -0.9501953 -0.14440918 -0.27539062
vn -0.8408203 0.48339844 -0.24353027
vn 0.24523926 0.4729004 -0.8461914
vn 0.27539062 -0.14038086 -0.9511719
vn -0.4675293 -0.15026855 -0.87109375
vn -0.41015625 0.4987793 -0.7636719
vn 0.7548828 0.4987793 -0.42626953
vn 0.86083984 -0.15026855 -0.48608398
vn 0.27539062 -0.14038086 -0.9511719
vn 0.24523926 0.4729004 -0.8461914
vn 0.86572266 0 0.5004883
vn 0.9614258 -0.047546387 -0.27148438
vn 0.96240234 0 -0.27172852
vn 0.8647461 -0.04699707 0.5004883
vn 0.27172852 0 0.96240234
vn 0.27148438 -0.046051025 0.9614258
vn 0.47583008 0 -0.87939453
vn -0.27148438 -0.046051025 -0.9614258
vn -0.27172852 0 -0.96240234
vn 0.47509766 -0.04699707 -0.87890625
vn 0.96240234 0 -0.27172852
vn 0.9614258 -0.047546387 -0.27148438
vn -0.96240234 0 0.27172852
vn -0.9614258 -0.047546387 0.27148438
vn -0.47509766 -0.04699707 0.87890625
vn -0.47583008 0 0.87939453
vn 0.27148438 -0.046051025 0.9614258
vn 0.27172852 0 0.96240234
vn -0.86572266 0 -0.5004883
vn -0.9614258 -0.047546387 0.27148438
vn -0.96240234 0 0.27172852
vn -0.8647461 -0.04699707 -0.5004883
vn -0.27172852 0 -0.96240234
vn -0.27148438 -0.046051025 -0.9614258
vn 0.859375 0.13293457 0.49389648
vn 0.6176758 0.7001953 0.3581543
vn 0.68408203 0.7036133 -0.19311523
vn 0.9536133 0.13415527 -0.2692871
vn 0.2692871 0.13183594 0.95410156
vn 0.1953125 0.6953125 0.69140625
vn 0.6176758 0.7001953 0.3581543
vn 0.859375 0.13293457 0.49389648
vn 0.9536133 0.13415527 -0.2692871
vn 0.68408203 0.7036133 -0.19311523
vn 0.33935547 0.7001953 -0.62841797
vn 0.47387695 0.13293457 -0.87060547
vn 0.47387695 0.13293457 -0.87060547
vn 0.33935547 0.7001953 -0.62841797
vn -0.1953125 0.6953125 -0.69140625
vn -0.2692871 0.13183594 -0.95410156
vn -0.2692871 0.13183594 -0.95410156
vn -0.1953125 0.6953125 -0.69140625
vn -0.6176758 0.7001953 -0.3581543
vn -0.859375 0.13293457 -0.49389648
vn -0.859375 0.13293457 -0.49389648
vn -0.6176758 0.7001953 -0.3581543
vn -0.68408203 0.7036133 0.19311523
vn -0.9536133 0.13415527 0.2692871
vn -0.9536133 0.13415527 0.2692871
vn -0.68408203 0.7036133 0.19311523
vn -0.33935547 0.7001953 0.62841797
vn -0.47387695 0.13293457 0.87060547
vn -0.47387695 0.13293457 0.87060547
vn -0.33935547 0.7001953 0.62841797
vn 0.1953125 0.6953125 0.69140625
vn 0.2692871 0.13183594 0.95410156
vn 0.6176758 0.7001953 0.3581543
vn -0 1 0
vn 0.68408203 0.7036133 -0.19311523
vn 0.1953125 0.6953125 0.69140625
vn 0.68408203 0.7036133 -0.19311523
vn -0 1 0
vn 0.33935547 0.7001953 -0.62841797
vn -0.1953125 0.6953125 -0.69140625
vn -0.1953125 0.6953125 -0.69140625
vn -0 1 0
vn -0.6176758 0.7001953 -0.3581543
vn -0.68408203 0.7036133 0.19311523
vn -0.68408203 0.7036133 0.19311523
vn -0 1 0
vn -0.33935547 0.7001953 0.62841797
vn 0.1953125 0.6953125 0.69140625
vn 0.27148438 -0.046051025 0.9614258
vn 0.2692871 0.13183594 0.95410156
vn 0.859375 0.13293457 0.49389648
vn 0.8647461 -0.04699707 0.5004883
vn 0.9536133 0.13415527 -0.2692871
vn 0.9614258 -0.047546387 -0.27148438
vn -0.47509766 -0.04699707 0.87890625
vn 0.2692871 0.13183594 0.95410156
vn 0.27148438 -0.046051025 0.9614258
vn -0.47387695 0.13293457 0.87060547
vn -0.9614258 -0.047546387 0.27148438
vn -0.9536133 0.13415527 0.2692871
vn -0.8647461 -0.04699707 -0.5004883
vn -0.9536133 0.13415527 0.2692871
vn -0.9614258 -0.047546387 0.27148438
vn -0.859375 0.13293457 -0.49389648
vn -0.27148438 -0.046051025 -0.9614258
vn -0.2692871 0.13183594 -0.95410156
vn 0.47509766 -0.04699707 -0.87890625
vn -0.2692871 0.13183594 -0.95410156
vn -0.27148438 -0.046051025 -0.9614258
vn 0.47387695 0.13293457 -0.87060547
vn 0.9614258 -0.047546387 -0.27148438
vn 0.9536133 0.13415527 -0.2692871
vn -0.6928711 0.40893555 0.5942383
vn -0.37548828 0.34057617 0.8618164
vn -0.18481445 -0.19689941 0.9628906
vn -0.35888672 -0.36791992 0.85791016
vn -0.6201172 -0.67333984 0.40234375
vn -0.46118164 -0.6933594 0.55371094
vn -0.6870117 -0.6376953 0.3486328
vn -0.4958496 -0.76171875 0.4169922
vn -0.33520508 -0.27954102 0.89990234
vn -0.5991211 0.40063477 0.6933594
vn -0.7783203 -0.5834961 0.2322998
vn -0.8647461 -0.41479492 0.28295898
vn -0.44213867 -0.26757812 0.85595703
vn -0.53564453 -0.4423828 0.7192383
vn -0.9296875 -0.06530762 0.3623047
vn -0.8183594 -0.36621094 0.44311523
vn -0.9291992 -0.16870117 0.32836914
vn -0.81933594 0.38183594 0.42773438
vn -0.87109375 0.24499512 0.42529297
vn -0.9091797 -0.203125 0.36328125
vn -0.8852539 0.008514404 0.4650879
vn -0.12133789 0.70751953 -0.69628906
vn 0.14160156 0.9863281 -0.08453369
vn -0.16711426 0.46826172 -0.8676758
vn 0.14233398 0.9145508 -0.3786621
vn 0.19042969 0.9794922 -0.06842041
vn -0.74902344 0.005443573 -0.66259766
vn -0.06915283 0.64990234 -0.75683594
vn 0.26000977 0.9291992 -0.2631836
vn -0.8388672 0.17260742 -0.51660156
vn 0.12805176 0.99072266 0.041748047
vn -0.06738281 0.9975586 -0.012275696
vn -0.22338867 0.6381836 -0.7368164
vn -0.084472656 0.85058594 -0.51904297
vn -0.5 0.8540039 -0.14221191
vn -0.21362305 0.95410156 -0.2109375
vn -0.38110352 0.92089844 -0.08111572
vn -0.875 0.41210938 -0.25317383
vn -0.78564453 0.56591797 -0.25073242
vn -0.35058594 0.92871094 -0.12030029
vn -0.5913086 0.7661133 -0.25195312
vn 0.9067383 0.05178833 0.41870117
vn 0.74121094 0.020019531 -0.67089844
vn 0.74365234 0.022949219 -0.66845703
vn 0.75634766 0.02293396 -0.6538086
vn 0.71533203 0.16186523 0.6796875
vn -0.18554688 0.048675537 -0.9814453
vn 0.7583008 0.020080566 -0.6513672
vn -0.4519043 0.16955566 -0.87597656
vn 0.99365234 0 -0.111328125
vn 0.98583984 0.051452637 0.16027832
vn -0.18945312 0 -0.9819336
vn -0.8461914 0.06756592 0.5283203
vn -0.18945312 0 -0.9819336
vn -0.18945312 0 -0.9819336
vn -0.18945312 0 -0.9819336
vn -0.9633789 0 0.26757812
vn -0.9370117 0.3137207 -0.15356445
vn -0.97802734 0.15112305 -0.14294434
vn -0.9785156 0.18798828 -0.08380127
vn -0.9355469 0.119506836 -0.3322754
vn -0.89990234 0.06616211 -0.4309082
vn -0.8046875 -0.10296631 -0.58496094
vn -0.77978516 0.27929688 -0.5605469
vn -0.78222656 -0.07434082 -0.61865234
vn -0.5756836 -0.19458008 -0.7939453
vn -0.6015625 -0.23950195 -0.76220703
vn -0.17687988 -0.14465332 -0.9736328
vn -0.92871094 0.29736328 -0.22241211
vn -0.87109375 0.45410156 -0.18713379
vn -0.9873047 0.15783691 -0.0024166107
vn -0.9008789 0.41748047 0.118774414
vn -0.79541016 0.60546875 -0.02671814
vn -0.84033203 0.5048828 0.19763184
vn -0.83935547 0.5439453 0.00044608116
vn -0.82177734 0.4897461 0.29101562
vn -0.8964844 0.3930664 0.20495605
vn -0.71533203 0.23706055 0.65722656
vn -0.93310547 0.35913086 0.018707275
vn -0.97314453 0.2290039 0.00920105
vn -0.89990234 0.10107422 0.42456055
vn -0.87109375 0.4831543 -0.08770752
vn -0.8413086 0.49243164 -0.22399902
vn -0.8876953 0.4008789 -0.22692871
vn -0.8408203 0.46362305 -0.27905273
vn -0.92333984 0.37402344 -0.08868408
vn -0.90234375 0.4309082 -0.002910614
vn -0.9824219 0.1427002 -0.12231445
vn -0.91259766 0.35473633 0.20385742
vn -0.62939453 0.21472168 0.74658203
vn -0.83203125 0.46972656 -0.2944336
vn -0.82714844 0.4868164 -0.28051758
vn -0.7758789 0.5229492 -0.35327148
vn -0.93603516 0.34326172 -0.07476807
vn -0.80322266 0.49975586 -0.32373047
vn -0.7832031 0.4819336 -0.39257812
vn -0.81103516 0.46435547 -0.35546875
vn -0.8442383 0.41503906 -0.3388672
vn -0.8803711 0.3696289 -0.29711914
vn -0.80615234 0.41479492 -0.421875
vn -0.90527344 0.39770508 -0.14855957
vn -0.76416016 0.5415039 -0.3503418
vn -0.37939453 0.81640625 -0.43579102
vn -0.56152344 0.640625 -0.5239258
vn -0.7792969 0.47583008 -0.40771484
vn -0.84521484 0.49243164 -0.20739746
vn -0.49243164 0.8300781 -0.2614746
vn -0.77441406 0.4814453 -0.4111328
vn -0.54003906 0.8129883 -0.21728516
vn -0.8203125 0.52783203 -0.21911621
vn -0.47851562 0.77197266 -0.4182129
vn -0.8017578 0.52734375 -0.28076172
vn -0.17895508 0.91308594 -0.36572266
vn -0.093811035 0.9511719 -0.2939453
vn -0.90478516 0.41455078 -0.09649658
vn -0.58935547 0.7973633 0.1295166
vn -0.6020508 0.75439453 0.26123047
vn -0.5727539 0.68359375 -0.45239258
vn -0.44799805 0.7578125 -0.47387695
vn -0.63720703 0.7368164 0.22644043
vn -0.77246094 0.4326172 0.46484375
vn -0.5410156 0.48486328 0.6870117
vn -0.3876953 0.4855957 0.7836914
vn -0.1262207 0.61083984 0.7817383
vn -0.47045898 0.76904297 0.43237305
vn -0.40625 0.8535156 0.32592773
vn -0.28173828 0.75683594 0.58984375
vn -0.39282227 0.81884766 0.41870117
vn -0.32470703 0.8881836 0.32543945
vn -0.31176758 0.82714844 0.46801758
vn 0.032165527 0.6591797 0.75146484
vn -0.36376953 0.85791016 0.36328125
vn -0.40307617 0.78515625 0.46972656
vn -0.28076172 0.8930664 0.35131836
vn 0.08288574 0.7470703 0.65966797
vn -0.37304688 0.8300781 0.4140625
vn -0.055511475 0.9848633 0.16455078
vn -0.008102417 0.94140625 0.3371582
vn -0.50927734 0.8364258 0.20214844
vn -0.026779175 0.98779297 0.15222168
vn 0.028167725 0.99902344 -0.040496826
vn -0.012901306 0.9995117 0.023742676
vn 0.14819336 0.98095703 -0.12512207
vn -0.0009303093 0.9946289 -0.10205078
vn 0.28100586 0.95703125 0.06982422
vn 0.43066406 0.9013672 -0.040161133
vn 0.3852539 0.9199219 -0.074279785
vn 0.63427734 0.7675781 -0.09082031
vn 0.041534424 0.98779297 -0.14868164
vn 0.11706543 0.9555664 -0.27026367
vn 0.4013672 0.8955078 -0.19152832
vn 0.52197266 0.78759766 -0.32739258
vn 0.7553711 0.64941406 -0.089782715
vn 0.04940796 0.9238281 -0.37939453
vn 0.45361328 0.8618164 -0.22668457
vn 0.72509766 0.68896484 0.010574341
vn 0.44555664 0.8911133 -0.08618164
vn 0.6298828 0.7446289 0.21984863
vn -0.09295654 0.9863281 -0.13427734
vn -0.05419922 0.92333984 -0.38012695
vn -0.18566895 0.9824219 0.028717041
vn -0.59765625 0.7529297 -0.27539062
vn -0.2397461 0.8769531 -0.41674805
vn -0.24389648 0.7949219 -0.5551758
vn -0.09234619 0.8623047 -0.49780273
vn 0.25439453 0.84033203 -0.47827148
vn -0.24780273 0.83935547 -0.48413086
vn 0.0017242432 0.93603516 -0.35229492
vn 0.29760742 0.89746094 -0.32617188
vn 0.05053711 0.9511719 -0.30493164
vn 0.27075195 0.9140625 -0.3022461
vn -0.25952148 0.8364258 -0.48266602
vn 0.34375 0.89160156 -0.29467773
vn 0.076171875 0.83691406 -0.5419922
vn -0.49072266 0.69140625 -0.53027344
vn 0.23303223 0.81152344 -0.5361328
vn 0.1394043 0.6899414 -0.7104492
vn -0.23840332 0.7548828 -0.61083984
vn 0.19262695 0.5991211 -0.77734375
vn -0.21118164 0.4946289 -0.8432617
vn -0.4411621 0.5390625 -0.71777344
vn -0.6430664 0.5126953 -0.56933594
vn -0.7841797 0.34570312 -0.515625
vn -0.20153809 0.6113281 -0.765625
vn 0.16906738 0.4873047 -0.8569336
vn 0.25805664 0.64990234 -0.71484375
vn -0.22741699 0.56591797 -0.79248047
vn -0.7709961 0.4116211 -0.48583984
vn 0.36914062 0.75439453 -0.54296875
vn -0.4753418 0.5878906 -0.65478516
vn -0.7866211 0.105529785 -0.60839844
vn -0.74902344 0.08892822 -0.6567383
vn -0.72509766 0.1496582 -0.6723633
vn 0.08325195 0.17346191 -0.9814453
vn -0.22302246 -0.3720703 -0.9008789
vn 0.0004079342 -0.20117188 -0.9794922
vn 0.06317139 0.07720947 -0.9951172
vn 0.2861328 0.21899414 -0.93310547
vn 0.27661133 0.43603516 -0.8564453
vn 0.23693848 0.32202148 -0.9165039
vn 0.24560547 0.35229492 -0.9033203
vn 0.23706055 0.33374023 -0.91259766
vn 0.37402344 0.47021484 -0.7993164
vn 0.5078125 0.50341797 -0.69921875
vn 0.63916016 0.5917969 -0.49121094
vn 0.50683594 0.6513672 -0.5649414
vn 0.52734375 0.6904297 -0.49560547
vn 0.6274414 0.64941406 -0.43017578
vn 0.6201172 0.6660156 -0.41455078
vn 0.43896484 0.8671875 -0.23571777
vn 0.5551758 0.8222656 -0.1262207
vn 0.5883789 0.8071289 -0.04763794
vn 0.5776367 0.81640625 -0.006214142
vn 0.4880371 0.8540039 0.18029785
vn -0.47143555 -0.63720703 -0.6098633
vn -0.090270996 -0.9345703 -0.34448242
vn -0.38305664 -0.82128906 -0.4230957
vn -0.2434082 -0.93896484 -0.2421875
vn -0.65722656 -0.59814453 -0.4584961
vn -0.8442383 -0.2401123 -0.47875977
vn -0.7416992 -0.27270508 -0.61279297
vn -0.5102539 -0.53564453 -0.67285156
vn -0.45898438 -0.49536133 -0.7373047
vn -0.7626953 -0.16357422 -0.6254883
vn -0.6352539 -0.3190918 -0.703125
vn -0.6777344 -0.036132812 -0.734375
vn -0.65185547 -0.54052734 -0.5317383
vn -0.47265625 -0.7993164 -0.37060547
vn -0.4169922 -0.8666992 -0.27319336
vn -0.52246094 -0.14355469 -0.84033203
vn -0.2866211 0.030212402 -0.95751953
vn -0.48901367 -0.43798828 -0.75439453
vn -0.12182617 -0.97802734 -0.16931152
vn -0.13317871 -0.9604492 -0.24475098
vn 0.103637695 -0.9946289 -0.0121154785
vn 0.10437012 -0.14892578 -0.98339844
vn -0.28295898 0.18322754 -0.94140625
vn 0.26171875 -0.007423401 -0.96533203
vn 0.23400879 0.43237305 -0.87060547
vn 0.41503906 0.39453125 -0.8198242
vn 0.37817383 -0.058746338 -0.9238281
vn 0.45385742 0.42114258 -0.78515625
vn 0.56689453 0.39892578 -0.7207031
vn 0.17016602 -0.45410156 -0.8745117
vn 0.7109375 -0.35131836 -0.609375
vn 0.73339844 0.22521973 -0.6411133
vn 0.8261719 -0.5473633 -0.13195801
vn 0.29516602 -0.62646484 -0.7216797
vn 0.88671875 -0.44726562 -0.11883545
vn 0.68310547 -0.7114258 -0.16381836
vn 0.22827148 -0.8598633 -0.45629883
vn 0.07122803 -0.65234375 -0.75439453
vn -0.042785645 -0.80859375 -0.58691406
vn 0.79345703 -0.60498047 -0.062561035
vn 0.7661133 -0.6225586 -0.15930176
vn 0.68359375 -0.72998047 -0.006389618
vn 0.6923828 -0.7211914 0.014312744
vn 0.6230469 -0.7788086 -0.07232666
vn 0.6088867 -0.7890625 0.079956055
vn 0.62109375 -0.7753906 0.113586426
vn 0.12084961 -0.91015625 -0.39624023
vn -0.054748535 -0.23413086 -0.9707031
vn -0.07281494 -0.37060547 -0.92578125
vn 0.07928467 -0.6542969 -0.7519531
vn -0.19030762 -0.7915039 -0.5805664
vn -0.3466797 -0.8076172 -0.47680664
vn -0.28955078 -0.8461914 -0.44726562
vn 0.5234375 -0.8520508 0.0016508102
vn 0.5029297 -0.8569336 0.11419678
vn -0.1472168 -0.95458984 -0.25830078
vn -0.41967773 -0.8417969 -0.33935547
vn -0.2006836 -0.97314453 -0.11065674
vn -0.21984863 -0.96875 -0.11584473
vn 0.32226562 -0.94677734 0.0077781677
vn 0.048431396 -0.9946289 0.09008789
vn 0.04260254 -0.9916992 0.11999512
vn 0.23535156 -0.91259766 0.33447266
vn 0.078552246 -0.99609375 0.041229248
vn 0.09210205 -0.9951172 -0.031585693
vn 0.23803711 -0.93603516 0.25976562
vn 0.4189453 -0.9042969 0.08306885
vn 0.3515625 -0.92529297 0.14135742
vn 0.44726562 -0.87841797 0.16918945
vn 0.46557617 -0.8417969 0.27294922
vn 0.35888672 -0.87109375 0.3347168
vn 0.31933594 -0.9223633 0.21740723
vn 0.3100586 -0.89697266 0.31445312
vn 0.31982422 -0.91259766 0.25561523
vn 0.3852539 -0.83447266 0.3935547
vn 0.36108398 -0.87597656 0.32006836
vn 0.42358398 -0.8774414 0.22509766
vn 0.5917969 -0.7895508 0.16223145
vn 0.5473633 -0.83154297 0.096191406
vn -0.86376953 0.29882812 0.40551758
vn -0.77490234 0.5053711 0.37890625
vn -0.8408203 0.4074707 0.35620117
vn -0.7182617 0.41845703 0.55566406
vn -0.6899414 0.41601562 0.59228516
vn -0.23388672 0.59472656 0.76953125
vn -0.6894531 0.24035645 0.68359375
vn -0.33325195 0.5097656 0.79296875
vn -0.01663208 0.44458008 0.8955078
vn -0.032989502 0.4169922 0.9082031
vn 0.08312988 0.097473145 0.9916992
vn -0.80810547 0.35107422 0.47338867
vn -0.8725586 0.31396484 0.3737793
vn -0.8095703 0.5024414 0.30395508
vn -0.9667969 0.17663574 0.18347168
vn -0.9794922 0.045654297 0.19677734
vn -0.99853516 0.006099701 0.052368164
vn -0.9765625 0.10546875 0.18798828
vn -0.9951172 -0.000320673 -0.099121094
vn -0.96435547 0.26391602 -0.022506714
vn -0.92041016 0.24304199 -0.30615234
vn -0.94189453 0.3244629 0.08465576
vn -0.93896484 0.33032227 0.09838867
vn -0.88916016 0.4482422 -0.09234619
vn -0.9580078 0.22839355 0.17224121
vn -0.8901367 0.23925781 0.38745117
vn -0.9267578 0.25830078 0.2722168
vn -0.81640625 0.2993164 0.49389648
vn -0.9663086 0.21289062 0.14428711
vn -0.98876953 0.116882324 0.09118652
vn -0.8457031 0.46899414 0.25439453
vn -0.95996094 0.2722168 0.06561279
vn -0.8984375 0.32299805 -0.296875
vn -0.85791016 0.29174805 0.4230957
vn -0.859375 0.26513672 0.4375
vn -0.8408203 0.28027344 0.46289062
vn -0.9370117 0.2697754 0.22155762
vn -0.82421875 0.3088379 0.47436523
vn -0.80126953 0.23388672 0.55029297
vn -0.8120117 0.28564453 0.50878906
vn -0.8286133 0.32080078 0.45874023
vn -0.9091797 0.2692871 0.3178711
vn -0.8095703 0.2854004 0.5131836
vn -0.96972656 0.1739502 0.17126465
vn -0.9472656 0.15527344 0.28076172
vn -0.8652344 -0.25610352 0.43066406
vn -0.7729492 0.06604004 0.6308594
vn -0.7836914 0.22314453 0.57958984
vn -0.9770508 0.14123535 0.1583252
vn -0.98779297 -0.038970947 0.15039062
vn -0.77441406 0.18029785 0.6064453
vn -0.99316406 -0.0058631897 0.11627197
vn -0.97558594 0.11975098 0.18347168
vn -0.96875 -0.10974121 0.22290039
vn -0.9511719 0.15283203 0.26879883
vn -0.8378906 -0.41015625 0.35986328
vn -0.8354492 -0.4663086 0.29101562
vn -0.9477539 0.22180176 0.22949219
vn -0.99316406 0 0.11505127
vn -0.99560547 0.025253296 0.090270996
vn -0.9580078 0.027389526 0.28515625
vn -0.95751953 -0.04559326 0.2854004
vn -0.99365234 0.021987915 0.10961914
vn -0.9692383 0.21154785 -0.12695312
vn -0.94140625 0.22460938 -0.25170898
vn -0.95214844 0.19848633 -0.2322998
vn -0.97265625 -0.07312012 -0.2208252
vn -1 0.0023212433 -0.0066337585
vn -0.99365234 -0.10284424 0.04852295
vn -0.9975586 -0.0657959 -0.014320374
vn -0.9916992 -0.12841797 -0.016586304
vn -0.98095703 -0.13781738 0.1361084
vn -0.9785156 -0.13305664 0.1574707
vn -0.9272461 -0.3071289 -0.21325684
vn -0.98095703 -0.17016602 0.09509277
vn -0.98876953 -0.14038086 -0.05215454
vn -0.97216797 -0.15490723 0.17492676
vn -0.9194336 -0.37670898 -0.11303711
vn -0.9814453 -0.18981934 0.02619934
vn -0.9604492 -0.27148438 0.06237793
vn -0.9707031 -0.23828125 0.024902344
vn -0.9926758 -0.10748291 0.056854248
vn -0.93310547 -0.35961914 -0.016677856
vn -0.87890625 -0.43774414 0.1895752
vn -0.91015625 -0.30737305 0.27783203
vn -0.77246094 -0.6113281 0.17102051
vn -0.81933594 -0.4020996 0.40893555
vn -0.71240234 -0.70214844 0.008979797
vn -0.5800781 -0.8144531 0.013465881
vn -0.58984375 -0.8071289 0.03378296
vn -0.4873047 -0.8725586 -0.03768921
vn -0.86621094 -0.4946289 0.07354736
vn -0.77783203 -0.6152344 0.12768555
vn -0.63134766 -0.7729492 0.06112671
vn -0.3696289 -0.9111328 0.18127441
vn -0.26049805 -0.96533203 -0.017868042
vn -0.7973633 -0.58496094 0.14709473
vn -0.25756836 -0.9428711 0.21142578
vn -0.45361328 -0.8803711 0.13842773
vn -0.14831543 -0.98876953 -0.021636963
vn -0.35131836 -0.93603516 0.024154663
vn -0.070739746 -0.9790039 -0.19128418
vn -0.5390625 -0.7709961 0.33935547
vn -0.9453125 -0.31982422 0.06567383
vn -0.8618164 -0.48510742 0.14672852
vn -0.7714844 -0.5571289 0.30688477
vn -0.7553711 -0.5942383 0.2758789
vn -0.95214844 -0.3010254 0.048858643
vn -0.97021484 -0.052612305 0.23583984
vn -0.9692383 -0.19702148 0.14831543
vn -0.89697266 -0.3334961 0.28979492
vn -0.89404297 -0.36401367 0.2619629
vn -0.81933594 -0.5444336 0.17980957
vn -0.8564453 -0.2076416 0.4724121
vn -0.8027344 0.0362854 0.59521484
vn -0.47509766 -0.8701172 0.13220215
vn -0.8125 -0.41479492 0.4099121
vn -0.33764648 -0.9370117 0.08728027
vn -0.17004395 -0.98046875 -0.09820557
vn -0.11450195 -0.9633789 -0.2421875
vn -0.17102051 -0.9370117 -0.30444336
vn -0.13317871 -0.9604492 -0.24475098
vn 0.062805176 -0.99658203 0.05508423
vn -0.021102905 -0.98876953 0.14697266
vn 0.18896484 -0.9194336 0.34521484
vn -0.09375 -0.9428711 0.31982422
vn -0.25927734 -0.9243164 0.28076172
vn -0.31054688 -0.8588867 0.40771484
vn -0.1796875 -0.89697266 0.4038086
vn 0.013946533 -0.8876953 0.46044922
vn -0.050872803 -0.7373047 0.6738281
vn 0.18066406 -0.6220703 0.76171875
vn 0.28271484 -0.71972656 0.63427734
vn 0.26489258 -0.4387207 0.8588867
vn 0.1940918 -0.4165039 0.8881836
vn 0.17199707 -0.3935547 0.90283203
vn -0.06390381 -0.6645508 0.7446289
vn 0.1274414 -0.40112305 0.90722656
vn 0.16992188 -0.27294922 0.94677734
vn 0.16418457 -0.3034668 0.93847656
vn -0.44384766 -0.48608398 0.7529297
vn -0.41210938 0.012863159 0.9111328
vn -0.38354492 -0.0065078735 0.92333984
vn -0.7910156 -0.033325195 0.6113281
vn -0.36694336 0.06829834 0.9277344
vn -0.6298828 0.23266602 0.74121094
vn -0.67626953 0.15661621 0.72021484
vn -0.6816406 0.27246094 0.6791992
vn -0 -0.13000488 0.9916992
vn 0.09118652 -0.2355957 0.96777344
vn -0.60546875 0.09655762 0.79003906
vn -0.76708984 0.30297852 0.56591797
vn 0.12512207 -0.03543091 0.9916992
vn -0.41015625 0.28515625 0.86621094
vn -0.43847656 0.2626953 0.859375
vn -0.48217773 0.3491211 0.80371094
vn 0.15490723 0.14147949 0.97753906
g ring_of_kafrene_mesh_low_0
f 3/3/3 2/2/2 1/1/1
f 6/6/6 5/5/5 4/4/4
f 9/9/9 8/8/8 7/7/7
f 12/12/12 11/11/11 10/10/10
f 15/15/15 14/14/14 13/13/13
f 18/18/18 17/17/17 16/16/16
f 21/21/21 20/20/20 19/19/19
f 24/24/24 23/23/23 22/22/22
f 27/27/27 26/26/26 25/25/25
f 30/30/30 29/29/29 28/28/28
f 33/33/33 32/32/32 31/31/31
f 32/32/32 34/34/34 31/31/31
f 35/35/35 31/31/31 34/34/34
f 34/34/34 32/32/32 36/36/36
f 37/37/37 36/36/36 32/32/32
f 38/38/38 36/36/36 37/37/37
f 38/38/38 39/39/39 36/36/36
f 40/40/40 35/35/35 34/34/34
f 41/41/41 35/35/35 40/40/40
f 42/42/42 41/41/41 40/40/40
f 41/41/41 42/42/42 43/43/43
f 42/42/42 44/44/44 43/43/43
f 45/45/45 43/43/43 44/44/44
f 42/42/42 40/40/40 46/46/46
f 44/44/44 42/42/42 46/46/46
f 39/39/39 47/47/47 36/36/36
f 48/48/48 34/34/34 36/36/36
f 36/36/36 47/47/47 48/48/48
f 34/34/34 49/49/49 40/40/40
f 34/34/34 48/48/48 49/49/49
f 40/40/40 50/50/50 46/46/46
f 49/49/49 50/50/50 40/40/40
f 51/51/51 44/44/44 46/46/46
f 46/46/46 50/50/50 51/51/51
f 52/52/52 45/45/45 44/44/44
f 52/52/52 44/44/44 51/51/51
f 45/45/45 52/52/52 53/53/53
f 54/54/54 47/47/47 39/39/39
f 55/55/55 54/54/54 39/39/39
f 47/47/47 54/54/54 56/56/56
f 57/57/57 47/47/47 56/56/56
f 55/55/55 58/58/58 54/54/54
f 47/47/47 57/57/57 48/48/48
f 58/58/58 59/59/59 54/54/54
f 59/59/59 56/56/56 54/54/54
f 59/59/59 58/58/58 60/60/60
f 48/48/48 57/57/57 61/61/61
f 48/48/48 61/61/61 49/49/49
f 62/62/62 59/59/59 60/60/60
f 60/60/60 63/63/63 62/62/62
f 62/62/62 63/63/63 64/64/64
f 59/59/59 62/62/62 65/65/65
f 65/65/65 56/56/56 59/59/59
f 62/62/62 64/64/64 66/66/66
f 62/62/62 66/66/66 65/65/65
f 67/67/67 65/65/65 66/66/66
f 66/66/66 64/64/64 68/68/68
f 69/69/69 66/66/66 68/68/68
f 68/68/68 70/70/70 69/69/69
f 71/71/71 57/57/57 56/56/56
f 57/57/57 71/71/71 61/61/61
f 61/61/61 71/71/71 72/72/72
f 71/71/71 73/73/73 72/72/72
f 73/73/73 71/71/71 56/56/56
f 56/56/56 65/65/65 74/74/74
f 74/74/74 65/65/65 67/67/67
f 73/73/73 56/56/56 75/75/75
f 74/74/74 75/75/75 56/56/56
f 73/73/73 75/75/75 72/72/72
f 75/75/75 74/74/74 76/76/76
f 74/74/74 67/67/67 76/76/76
f 75/75/75 76/76/76 77/77/77
f 72/72/72 75/75/75 77/77/77
f 77/77/77 78/78/78 72/72/72
f 78/78/78 77/77/77 79/79/79
f 77/77/77 80/80/80 79/79/79
f 76/76/76 81/81/81 77/77/77
f 81/81/81 80/80/80 77/77/77
f 76/76/76 67/67/67 81/81/81
f 79/79/79 80/80/80 81/81/81
f 82/82/82 61/61/61 72/72/72
f 83/83/83 82/82/82 72/72/72
f 84/84/84 83/83/83 72/72/72
f 78/78/78 84/84/84 72/72/72
f 82/82/82 83/83/83 85/85/85
f 61/61/61 82/82/82 86/86/86
f 86/86/86 82/82/82 85/85/85
f 49/49/49 61/61/61 86/86/86
f 50/50/50 49/49/49 86/86/86
f 50/50/50 86/86/86 87/87/87
f 86/86/86 85/85/85 87/87/87
f 50/50/50 87/87/87 51/51/51
f 87/87/87 88/88/88 51/51/51
f 85/85/85 88/88/88 87/87/87
f 88/88/88 89/89/89 51/51/51
f 89/89/89 52/52/52 51/51/51
f 52/52/52 89/89/89 53/53/53
f 88/88/88 85/85/85 90/90/90
f 88/88/88 90/90/90 89/89/89
f 85/85/85 91/91/91 90/90/90
f 85/85/85 83/83/83 91/91/91
f 90/90/90 92/92/92 89/89/89
f 89/89/89 92/92/92 53/53/53
f 90/90/90 91/91/91 92/92/92
f 83/83/83 93/93/93 91/91/91
f 91/91/91 93/93/93 94/94/94
f 94/94/94 93/93/93 83/83/83
f 91/91/91 95/95/95 92/92/92
f 95/95/95 91/91/91 94/94/94
f 92/92/92 95/95/95 96/96/96
f 95/95/95 94/94/94 97/97/97
f 95/95/95 97/97/97 96/96/96
f 53/53/53 92/92/92 98/98/98
f 92/92/92 96/96/96 98/98/98
f 99/99/99 94/94/94 83/83/83
f 94/94/94 99/99/99 97/97/97
f 83/83/83 100/100/100 99/99/99
f 97/97/97 99/99/99 101/101/101
f 100/100/100 101/101/101 99/99/99
f 102/102/102 97/97/97 101/101/101
f 96/96/96 97/97/97 102/102/102
f 100/100/100 83/83/83 103/103/103
f 83/83/83 84/84/84 103/103/103
f 103/103/103 84/84/84 104/104/104
f 103/103/103 104/104/104 100/100/100
f 84/84/84 78/78/78 104/104/104
f 100/100/100 105/105/105 101/101/101
f 104/104/104 105/105/105 100/100/100
f 105/105/105 102/102/102 101/101/101
f 104/104/104 78/78/78 105/105/105
f 102/102/102 105/105/105 106/106/106
f 78/78/78 106/106/106 105/105/105
f 107/107/107 96/96/96 102/102/102
f 102/102/102 106/106/106 107/107/107
f 96/96/96 107/107/107 108/108/108
f 98/98/98 96/96/96 108/108/108
f 106/106/106 78/78/78 109/109/109
f 109/109/109 78/78/78 79/79/79
f 107/107/107 106/106/106 110/110/110
f 107/107/107 110/110/110 108/108/108
f 108/108/108 111/111/111 98/98/98
f 112/112/112 98/98/98 111/111/111
f 53/53/53 98/98/98 112/112/112
f 113/113/113 106/106/106 109/109/109
f 114/114/114 106/106/106 113/113/113
f 106/106/106 114/114/114 110/110/110
f 113/113/113 109/109/109 115/115/115
f 115/115/115 114/114/114 113/113/113
f 109/109/109 116/116/116 115/115/115
f 109/109/109 79/79/79 116/116/116
f 117/117/117 114/114/114 115/115/115
f 116/116/116 117/117/117 115/115/115
f 110/110/110 114/114/114 118/118/118
f 114/114/114 117/117/117 118/118/118
f 110/110/110 119/119/119 108/108/108
f 110/110/110 118/118/118 119/119/119
f 108/108/108 120/120/120 111/111/111
f 108/108/108 119/119/119 120/120/120
f 120/120/120 121/121/121 111/111/111
f 111/111/111 121/121/121 122/122/122
f 119/119/119 123/123/123 120/120/120
f 124/124/124 120/120/120 123/123/123
f 119/119/119 125/125/125 123/123/123
f 118/118/118 125/125/125 119/119/119
f 125/125/125 118/118/118 126/126/126
f 127/127/127 124/124/124 123/123/123
f 125/125/125 127/127/127 123/123/123
f 128/128/128 124/124/124 127/127/127
f 127/127/127 125/125/125 129/129/129
f 129/129/129 128/128/128 127/127/127
f 125/125/125 126/126/126 129/129/129
f 129/129/129 126/126/126 128/128/128
f 126/126/126 130/130/130 128/128/128
f 131/131/131 111/111/111 122/122/122
f 131/131/131 112/112/112 111/111/111
f 118/118/118 132/132/132 126/126/126
f 117/117/117 132/132/132 118/118/118
f 126/126/126 133/133/133 130/130/130
f 133/133/133 134/134/134 130/130/130
f 134/134/134 133/133/133 135/135/135
f 134/134/134 135/135/135 136/136/136
f 126/126/126 132/132/132 137/137/137
f 133/133/133 126/126/126 137/137/137
f 117/117/117 138/138/138 132/132/132
f 138/138/138 137/137/137 132/132/132
f 139/139/139 133/133/133 137/137/137
f 133/133/133 139/139/139 135/135/135
f 140/140/140 138/138/138 117/117/117
f 116/116/116 140/140/140 117/117/117
f 141/141/141 140/140/140 116/116/116
f 79/79/79 141/141/141 116/116/116
f 142/142/142 139/139/139 137/137/137
f 142/142/142 137/137/137 138/138/138
f 140/140/140 143/143/143 138/138/138
f 143/143/143 140/140/140 141/141/141
f 144/144/144 142/142/142 138/138/138
f 143/143/143 144/144/144 138/138/138
f 142/142/142 145/145/145 139/139/139
f 145/145/145 142/142/142 144/144/144
f 141/141/141 79/79/79 146/146/146
f 147/147/147 143/143/143 141/141/141
f 141/141/141 146/146/146 147/147/147
f 144/144/144 143/143/143 148/148/148
f 143/143/143 147/147/147 148/148/148
f 149/149/149 145/145/145 144/144/144
f 149/149/149 144/144/144 148/148/148
f 147/147/147 150/150/150 148/148/148
f 146/146/146 150/150/150 147/147/147
f 148/148/148 151/151/151 149/149/149
f 151/151/151 148/148/148 150/150/150
f 79/79/79 152/152/152 146/146/146
f 152/152/152 79/79/79 81/81/81
f 145/145/145 149/149/149 153/153/153
f 151/151/151 153/153/153 149/149/149
f 145/145/145 154/154/154 139/139/139
f 139/139/139 154/154/154 155/155/155
f 135/135/135 139/139/139 155/155/155
f 154/154/154 145/145/145 156/156/156
f 155/155/155 154/154/154 156/156/156
f 156/156/156 145/145/145 153/153/153
f 156/156/156 157/157/157 155/155/155
f 155/155/155 157/157/157 135/135/135
f 156/156/156 153/153/153 158/158/158
f 157/157/157 156/156/156 158/158/158
f 157/157/157 159/159/159 135/135/135
f 157/157/157 158/158/158 159/159/159
f 158/158/158 160/160/160 159/159/159
f 160/160/160 158/158/158 161/161/161
f 161/161/161 158/158/158 153/153/153
f 151/151/151 161/161/161 153/153/153
f 159/159/159 162/162/162 135/135/135
f 162/162/162 136/136/136 135/135/135
f 162/162/162 163/163/163 136/136/136
f 163/163/163 164/164/164 136/136/136
f 162/162/162 159/159/159 165/165/165
f 165/165/165 159/159/159 160/160/160
f 164/164/164 163/163/163 166/166/166
f 167/167/167 164/164/164 166/166/166
f 168/168/168 162/162/162 165/165/165
f 163/163/163 162/162/162 168/168/168
f 167/167/167 166/166/166 169/169/169
f 170/170/170 167/167/167 169/169/169
f 169/169/169 171/171/171 170/170/170
f 169/169/169 172/172/172 171/171/171
f 171/171/171 173/173/173 170/170/170
f 173/173/173 171/171/171 174/174/174
f 175/175/175 173/173/173 174/174/174
f 175/175/175 174/174/174 176/176/176
f 177/177/177 175/175/175 176/176/176
f 178/178/178 177/177/177 176/176/176
f 169/169/169 166/166/166 179/179/179
f 166/166/166 163/163/163 180/180/180
f 179/179/179 166/166/166 180/180/180
f 169/169/169 179/179/179 181/181/181
f 172/172/172 169/169/169 181/181/181
f 180/180/180 182/182/182 179/179/179
f 182/182/182 181/181/181 179/179/179
f 174/174/174 171/171/171 183/183/183
f 174/174/174 184/184/184 176/176/176
f 174/174/174 183/183/183 184/184/184
f 172/172/172 185/185/185 171/171/171
f 171/171/171 185/185/185 183/183/183
f 186/186/186 185/185/185 172/172/172
f 183/183/183 185/185/185 187/187/187
f 185/185/185 186/186/186 187/187/187
f 180/180/180 163/163/163 188/188/188
f 189/189/189 182/182/182 180/180/180
f 189/189/189 180/180/180 188/188/188
f 189/189/189 190/190/190 182/182/182
f 189/189/189 188/188/188 190/190/190
f 181/181/181 182/182/182 191/191/191
f 190/190/190 191/191/191 182/182/182
f 181/181/181 192/192/192 172/172/172
f 192/192/192 181/181/181 191/191/191
f 192/192/192 193/193/193 172/172/172
f 193/193/193 192/192/192 191/191/191
f 194/194/194 186/186/186 172/172/172
f 194/194/194 172/172/172 193/193/193
f 194/194/194 195/195/195 186/186/186
f 188/188/188 163/163/163 196/196/196
f 196/196/196 163/163/163 168/168/168
f 196/196/196 168/168/168 197/197/197
f 197/197/197 188/188/188 196/196/196
f 168/168/168 165/165/165 197/197/197
f 198/198/198 188/188/188 197/197/197
f 188/188/188 198/198/198 190/190/190
f 198/198/198 199/199/199 190/190/190
f 199/199/199 200/200/200 190/190/190
f 191/191/191 190/190/190 200/200/200
f 165/165/165 201/201/201 197/197/197
f 201/201/201 198/198/198 197/197/197
f 201/201/201 165/165/165 202/202/202
f 202/202/202 165/165/165 160/160/160
f 202/202/202 160/160/160 201/201/201
f 160/160/160 198/198/198 201/201/201
f 198/198/198 160/160/160 199/199/199
f 194/194/194 203/203/203 195/195/195
f 203/203/203 194/194/194 193/193/193
f 203/203/203 193/193/193 204/204/204
f 205/205/205 193/193/193 191/191/191
f 205/205/205 191/191/191 200/200/200
f 193/193/193 206/206/206 204/204/204
f 193/193/193 205/205/205 206/206/206
f 206/206/206 205/205/205 204/204/204
f 160/160/160 207/207/207 199/199/199
f 207/207/207 160/160/160 161/161/161
f 203/203/203 208/208/208 195/195/195
f 203/203/203 204/204/204 208/208/208
f 205/205/205 200/200/200 209/209/209
f 210/210/210 200/200/200 199/199/199
f 200/200/200 210/210/210 209/209/209
f 211/211/211 205/205/205 209/209/209
f 205/205/205 211/211/211 204/204/204
f 209/209/209 212/212/212 211/211/211
f 212/212/212 209/209/209 210/210/210
f 211/211/211 213/213/213 204/204/204
f 212/212/212 213/213/213 211/211/211
f 204/204/204 214/214/214 208/208/208
f 213/213/213 214/214/214 204/204/204
f 208/208/208 214/214/214 213/213/213
f 215/215/215 208/208/208 213/213/213
f 208/208/208 215/215/215 195/195/195
f 213/213/213 212/212/212 216/216/216
f 215/215/215 213/213/213 216/216/216
f 216/216/216 217/217/217 215/215/215
f 217/217/217 218/218/218 215/215/215
f 215/215/215 218/218/218 195/195/195
f 216/216/216 212/212/212 219/219/219
f 216/216/216 219/219/219 217/217/217
f 220/220/220 212/212/212 210/210/210
f 212/212/212 220/220/220 219/219/219
f 220/220/220 210/210/210 221/221/221
f 221/221/221 210/210/210 199/199/199
f 222/222/222 195/195/195 218/218/218
f 218/218/218 217/217/217 223/223/223
f 223/223/223 222/222/222 218/218/218
f 224/224/224 195/195/195 222/222/222
f 195/195/195 224/224/224 186/186/186
f 225/225/225 222/222/222 223/223/223
f 225/225/225 224/224/224 222/222/222
f 226/226/226 225/225/225 223/223/223
f 217/217/217 226/226/226 223/223/223
f 224/224/224 225/225/225 227/227/227
f 227/227/227 225/225/225 226/226/226
f 219/219/219 220/220/220 228/228/228
f 229/229/229 220/220/220 221/221/221
f 228/228/228 220/220/220 229/229/229
f 230/230/230 228/228/228 229/229/229
f 221/221/221 231/231/231 229/229/229
f 231/231/231 230/230/230 229/229/229
f 221/221/221 199/199/199 231/231/231
f 199/199/199 232/232/232 231/231/231
f 232/232/232 199/199/199 207/207/207
f 232/232/232 233/233/233 231/231/231
f 233/233/233 232/232/232 207/207/207
f 233/233/233 230/230/230 231/231/231
f 207/207/207 161/161/161 233/233/233
f 161/161/161 234/234/234 233/233/233
f 230/230/230 233/233/233 234/234/234
f 161/161/161 151/151/151 234/234/234
f 151/151/151 235/235/235 234/234/234
f 235/235/235 151/151/151 150/150/150
f 236/236/236 234/234/234 235/235/235
f 236/236/236 230/230/230 234/234/234
f 237/237/237 235/235/235 150/150/150
f 237/237/237 236/236/236 235/235/235
f 146/146/146 237/237/237 150/150/150
f 236/236/236 237/237/237 238/238/238
f 237/237/237 146/146/146 238/238/238
f 230/230/230 236/236/236 238/238/238
f 152/152/152 238/238/238 146/146/146
f 230/230/230 238/238/238 239/239/239
f 152/152/152 239/239/239 238/238/238
f 239/239/239 228/228/228 230/230/230
f 152/152/152 81/81/81 239/239/239
f 239/239/239 81/81/81 228/228/228
f 240/240/240 228/228/228 81/81/81
f 240/240/240 219/219/219 228/228/228
f 219/219/219 240/240/240 217/217/217
f 241/241/241 240/240/240 81/81/81
f 67/67/67 241/241/241 81/81/81
f 240/240/240 241/241/241 242/242/242
f 217/217/217 240/240/240 242/242/242
f 242/242/242 241/241/241 67/67/67
f 217/217/217 242/242/242 69/69/69
f 226/226/226 217/217/217 69/69/69
f 243/243/243 242/242/242 67/67/67
f 242/242/242 243/243/243 69/69/69
f 243/243/243 67/67/67 66/66/66
f 243/243/243 66/66/66 69/69/69
f 70/70/70 226/226/226 69/69/69
f 70/70/70 227/227/227 226/226/226
f 244/244/244 227/227/227 70/70/70
f 245/245/245 244/244/244 70/70/70
f 245/245/245 246/246/246 244/244/244
f 244/244/244 246/246/246 247/247/247
f 244/244/244 247/247/247 227/227/227
f 248/248/248 247/247/247 246/246/246
f 247/247/247 249/249/249 227/227/227
f 249/249/249 224/224/224 227/227/227
f 224/224/224 249/249/249 250/250/250
f 186/186/186 224/224/224 250/250/250
f 247/247/247 251/251/251 249/249/249
f 251/251/251 250/250/250 249/249/249
f 248/248/248 252/252/252 247/247/247
f 252/252/252 251/251/251 247/247/247
f 186/186/186 250/250/250 253/253/253
f 187/187/187 186/186/186 253/253/253
f 250/250/250 251/251/251 254/254/254
f 253/253/253 250/250/250 254/254/254
f 253/253/253 255/255/255 187/187/187
f 255/255/255 253/253/253 254/254/254
f 256/256/256 254/254/254 251/251/251
f 252/252/252 256/256/256 251/251/251
f 257/257/257 252/252/252 248/248/248
f 258/258/258 257/257/257 248/248/248
f 259/259/259 257/257/257 258/258/258
f 259/259/259 260/260/260 257/257/257
f 257/257/257 261/261/261 252/252/252
f 260/260/260 261/261/261 257/257/257
f 261/261/261 256/256/256 252/252/252
f 260/260/260 262/262/262 261/261/261
f 261/261/261 262/262/262 256/256/256
f 263/263/263 254/254/254 256/256/256
f 263/263/263 255/255/255 254/254/254
f 262/262/262 264/264/264 256/256/256
f 264/264/264 263/263/263 256/256/256
f 265/265/265 264/264/264 262/262/262
f 263/263/263 264/264/264 265/265/265
f 266/266/266 263/263/263 265/265/265
f 266/266/266 265/265/265 267/267/267
f 268/268/268 255/255/255 263/263/263
f 266/266/266 268/268/268 263/263/263
f 269/269/269 266/266/266 267/267/267
f 266/266/266 269/269/269 268/268/268
f 267/267/267 270/270/270 269/269/269
f 269/269/269 270/270/270 271/271/271
f 272/272/272 271/271/271 270/270/270
f 273/273/273 271/271/271 272/272/272
f 274/274/274 273/273/273 272/272/272
f 273/273/273 274/274/274 275/275/275
f 276/276/276 269/269/269 271/271/271
f 269/269/269 276/276/276 268/268/268
f 273/273/273 276/276/276 271/271/271
f 255/255/255 268/268/268 277/277/277
f 255/255/255 277/277/277 187/187/187
f 187/187/187 277/277/277 183/183/183
f 278/278/278 268/268/268 276/276/276
f 268/268/268 278/278/278 277/277/277
f 277/277/277 279/279/279 183/183/183
f 277/277/277 278/278/278 279/279/279
f 183/183/183 279/279/279 184/184/184
f 280/280/280 278/278/278 276/276/276
f 273/273/273 280/280/280 276/276/276
f 281/281/281 273/273/273 275/275/275
f 282/282/282 281/281/281 275/275/275
f 283/283/283 184/184/184 279/279/279
f 184/184/184 283/283/283 176/176/176
f 278/278/278 284/284/284 279/279/279
f 278/278/278 280/280/280 284/284/284
f 284/284/284 283/283/283 279/279/279
f 283/283/283 285/285/285 176/176/176
f 285/285/285 178/178/178 176/176/176
f 285/285/285 283/283/283 286/286/286
f 286/286/286 283/283/283 284/284/284
f 285/285/285 286/286/286 178/178/178
f 287/287/287 286/286/286 284/284/284
f 280/280/280 287/287/287 284/284/284
f 286/286/286 288/288/288 178/178/178
f 288/288/288 286/286/286 287/287/287
f 288/288/288 289/289/289 178/178/178
f 282/282/282 289/289/289 290/290/290
f 290/290/290 289/289/289 288/288/288
f 281/281/281 282/282/282 290/290/290
f 291/291/291 288/288/288 287/287/287
f 291/291/291 290/290/290 288/288/288
f 291/291/291 287/287/287 280/280/280
f 281/281/281 290/290/290 291/291/291
f 292/292/292 291/291/291 280/280/280
f 292/292/292 281/281/281 291/291/291
f 292/292/292 280/280/280 273/273/273
f 281/281/281 292/292/292 273/273/273
f 295/295/295 294/294/294 293/293/293
f 294/294/294 296/296/296 293/293/293
f 294/294/294 297/297/297 296/296/296
f 297/297/297 298/298/298 296/296/296
f 299/299/299 298/298/298 297/297/297
f 300/300/300 299/299/299 297/297/297
f 300/300/300 301/301/301 299/299/299
f 298/298/298 302/302/302 296/296/296
f 302/302/302 298/298/298 299/299/299
f 302/302/302 303/303/303 296/296/296
f 301/301/301 304/304/304 299/299/299
f 305/305/305 304/304/304 301/301/301
f 299/299/299 304/304/304 306/306/306
f 306/306/306 304/304/304 305/305/305
f 302/302/302 307/307/307 303/303/303
f 303/303/303 307/307/307 308/308/308
f 308/308/308 307/307/307 309/309/309
f 310/310/310 302/302/302 299/299/299
f 310/310/310 299/299/299 306/306/306
f 311/311/311 306/306/306 305/305/305
f 311/311/311 305/305/305 312/312/312
f 313/313/313 311/311/311 312/312/312
f 313/313/313 314/314/314 311/311/311
f 314/314/314 306/306/306 311/311/311
f 310/310/310 306/306/306 314/314/314
f 310/310/310 315/315/315 302/302/302
f 315/315/315 310/310/310 314/314/314
f 315/315/315 307/307/307 302/302/302
f 315/315/315 314/314/314 316/316/316
f 307/307/307 315/315/315 316/316/316
f 309/309/309 307/307/307 316/316/316
f 317/317/317 309/309/309 316/316/316
f 320/320/320 319/319/319 318/318/318
f 321/321/321 320/320/320 318/318/318
f 318/318/318 322/322/322 321/321/321
f 322/322/322 323/323/323 321/321/321
f 322/322/322 318/318/318 324/324/324
f 320/320/320 321/321/321 325/325/325
f 326/326/326 320/320/320 325/325/325
f 326/326/326 325/325/325 327/327/327
f 325/325/325 328/328/328 327/327/327
f 328/328/328 329/329/329 327/327/327
f 329/329/329 330/330/330 327/327/327
f 325/325/325 321/321/321 331/331/331
f 331/331/331 321/321/321 323/323/323
f 331/331/331 328/328/328 325/325/325
f 329/329/329 332/332/332 330/330/330
f 329/329/329 328/328/328 332/332/332
f 332/332/332 333/333/333 330/330/330
f 332/332/332 334/334/334 333/333/333
f 334/334/334 335/335/335 333/333/333
f 335/335/335 334/334/334 336/336/336
f 337/337/337 335/335/335 336/336/336
f 336/336/336 338/338/338 337/337/337
f 328/328/328 339/339/339 332/332/332
f 328/328/328 340/340/340 339/339/339
f 340/340/340 341/341/341 339/339/339
f 342/342/342 341/341/341 340/340/340
f 343/343/343 341/341/341 342/342/342
f 343/343/343 342/342/342 344/344/344
f 345/345/345 343/343/343 344/344/344
f 344/344/344 346/346/346 345/345/345
f 346/346/346 347/347/347 345/345/345
f 348/348/348 345/345/345 347/347/347
f 349/349/349 348/348/348 347/347/347
f 349/349/349 347/347/347 346/346/346
f 350/350/350 348/348/348 349/349/349
f 351/351/351 350/350/350 349/349/349
f 351/351/351 349/349/349 346/346/346
f 350/350/350 351/351/351 352/352/352
f 352/352/352 351/351/351 353/353/353
f 354/354/354 350/350/350 352/352/352
f 354/354/354 352/352/352 355/355/355
f 352/352/352 356/356/356 355/355/355
f 352/352/352 353/353/353 356/356/356
f 351/351/351 346/346/346 357/357/357
f 351/351/351 357/357/357 353/353/353
f 357/357/357 346/346/346 358/358/358
f 353/353/353 357/357/357 358/358/358
f 353/353/353 359/359/359 356/356/356
f 360/360/360 359/359/359 353/353/353
f 361/361/361 356/356/356 359/359/359
f 362/362/362 353/353/353 358/358/358
f 362/362/362 360/360/360 353/353/353
f 363/363/363 361/361/361 359/359/359
f 359/359/359 360/360/360 363/363/363
f 361/361/361 363/363/363 364/364/364
f 360/360/360 364/364/364 363/363/363
f 365/365/365 361/361/361 364/364/364
f 365/365/365 364/364/364 360/360/360
f 361/361/361 365/365/365 366/366/366
f 365/365/365 324/324/324 366/366/366
f 324/324/324 365/365/365 367/367/367
f 367/367/367 365/365/365 360/360/360
f 322/322/322 324/324/324 367/367/367
f 322/322/322 367/367/367 323/323/323
f 367/367/367 360/360/360 323/323/323
f 360/360/360 362/362/362 323/323/323
f 362/362/362 358/358/358 323/323/323
f 368/368/368 323/323/323 358/358/358
f 368/368/368 331/331/331 323/323/323
f 369/369/369 368/368/368 358/358/358
f 368/368/368 369/369/369 331/331/331
f 370/370/370 369/369/369 358/358/358
f 370/370/370 358/358/358 346/346/346
f 369/369/369 371/371/371 331/331/331
f 331/331/331 371/371/371 328/328/328
f 372/372/372 370/370/370 346/346/346
f 346/346/346 344/344/344 372/372/372
f 370/370/370 373/373/373 369/369/369
f 370/370/370 372/372/372 373/373/373
f 373/373/373 371/371/371 369/369/369
f 344/344/344 374/374/374 372/372/372
f 372/372/372 374/374/374 373/373/373
f 344/344/344 342/342/342 374/374/374
f 374/374/374 375/375/375 373/373/373
f 342/342/342 375/375/375 374/374/374
f 371/371/371 373/373/373 375/375/375
f 342/342/342 340/340/340 375/375/375
f 376/376/376 340/340/340 328/328/328
f 328/328/328 371/371/371 376/376/376
f 376/376/376 375/375/375 340/340/340
f 376/376/376 371/371/371 375/375/375
f 379/379/379 378/378/378 377/377/377
f 380/380/380 379/379/379 377/377/377
f 379/379/379 380/380/380 381/381/381
f 382/382/382 379/379/379 381/381/381
f 381/381/381 383/383/383 382/382/382
f 383/383/383 384/384/384 382/382/382
f 383/383/383 385/385/385 384/384/384
f 385/385/385 386/386/386 384/384/384
f 387/387/387 386/386/386 385/385/385
f 388/388/388 387/387/387 385/385/385
f 389/389/389 387/387/387 388/388/388
f 390/390/390 389/389/389 388/388/388
f 393/393/393 392/392/392 391/391/391
f 392/392/392 394/394/394 391/391/391
f 392/392/392 395/395/395 394/394/394
f 394/394/394 396/396/396 391/391/391
f 396/396/396 397/397/397 391/391/391
f 391/391/391 397/397/397 398/398/398
f 397/397/397 396/396/396 398/398/398
f 396/396/396 399/399/399 398/398/398
f 399/399/399 400/400/400 398/398/398
f 396/396/396 394/394/394 401/401/401
f 399/399/399 396/396/396 401/401/401
f 395/395/395 402/402/402 394/394/394
f 394/394/394 402/402/402 401/401/401
f 403/403/403 402/402/402 395/395/395
f 404/404/404 403/403/403 395/395/395
f 405/405/405 403/403/403 404/404/404
f 406/406/406 403/403/403 405/405/405
f 407/407/407 406/406/406 405/405/405
f 408/408/408 407/407/407 405/405/405
f 402/402/402 403/403/403 409/409/409
f 401/401/401 402/402/402 409/409/409
f 409/409/409 403/403/403 410/410/410
f 403/403/403 406/406/406 410/410/410
f 401/401/401 409/409/409 411/411/411
f 409/409/409 410/410/410 411/411/411
f 412/412/412 399/399/399 401/401/401
f 412/412/412 401/401/401 411/411/411
f 410/410/410 406/406/406 413/413/413
f 410/410/410 413/413/413 411/411/411
f 399/399/399 412/412/412 414/414/414
f 412/412/412 411/411/411 415/415/415
f 412/412/412 415/415/415 414/414/414
f 411/411/411 413/413/413 416/416/416
f 415/415/415 411/411/411 416/416/416
f 406/406/406 417/417/417 413/413/413
f 413/413/413 417/417/417 416/416/416
f 399/399/399 414/414/414 418/418/418
f 399/399/399 418/418/418 400/400/400
f 400/400/400 418/418/418 419/419/419
f 420/420/420 400/400/400 419/419/419
f 419/419/419 421/421/421 420/420/420
f 421/421/421 422/422/422 420/420/420
f 421/421/421 423/423/423 422/422/422
f 423/423/423 424/424/424 422/422/422
f 425/425/425 424/424/424 423/423/423
f 419/419/419 418/418/418 426/426/426
f 419/419/419 426/426/426 421/421/421
f 418/418/418 414/414/414 427/427/427
f 428/428/428 426/426/426 418/418/418
f 427/427/427 428/428/428 418/418/418
f 421/421/421 426/426/426 429/429/429
f 426/426/426 428/428/428 429/429/429
f 423/423/423 421/421/421 430/430/430
f 421/421/421 429/429/429 430/430/430
f 430/430/430 429/429/429 431/431/431
f 431/431/431 423/423/423 430/430/430
f 414/414/414 432/432/432 427/427/427
f 432/432/432 414/414/414 415/415/415
f 433/433/433 432/432/432 415/415/415
f 433/433/433 415/415/415 416/416/416
f 432/432/432 433/433/433 434/434/434
f 432/432/432 434/434/434 427/427/427
f 433/433/433 416/416/416 435/435/435
f 433/433/433 435/435/435 434/434/434
f 416/416/416 417/417/417 435/435/435
f 434/434/434 436/436/436 427/427/427
f 434/434/434 435/435/435 436/436/436
f 435/435/435 417/417/417 437/437/437
f 435/435/435 437/437/437 436/436/436
f 427/427/427 436/436/436 438/438/438
f 427/427/427 438/438/438 428/428/428
f 438/438/438 436/436/436 439/439/439
f 438/438/438 439/439/439 428/428/428
f 436/436/436 437/437/437 439/439/439
f 440/440/440 437/437/437 417/417/417
f 406/406/406 440/440/440 417/417/417
f 439/439/439 441/441/441 428/428/428
f 441/441/441 429/429/429 428/428/428
f 429/429/429 441/441/441 431/431/431
f 439/439/439 437/437/437 442/442/442
f 440/440/440 442/442/442 437/437/437
f 439/439/439 443/443/443 441/441/441
f 441/441/441 443/443/443 431/431/431
f 443/443/443 439/439/439 442/442/442
f 444/444/444 440/440/440 406/406/406
f 445/445/445 442/442/442 440/440/440
f 444/444/444 445/445/445 440/440/440
f 446/446/446 445/445/445 444/444/444
f 445/445/445 446/446/446 447/447/447
f 442/442/442 445/445/445 448/448/448
f 442/442/442 448/448/448 443/443/443
f 445/445/445 447/447/447 448/448/448
f 443/443/443 449/449/449 431/431/431
f 448/448/448 449/449/449 443/443/443
f 449/449/449 450/450/450 431/431/431
f 449/449/449 448/448/448 450/450/450
f 451/451/451 431/431/431 450/450/450
f 423/423/423 431/431/431 451/451/451
f 448/448/448 452/452/452 450/450/450
f 452/452/452 448/448/448 447/447/447
f 452/452/452 451/451/451 450/450/450
f 453/453/453 452/452/452 447/447/447
f 452/452/452 453/453/453 451/451/451
f 453/453/453 454/454/454 451/451/451
f 455/455/455 423/423/423 451/451/451
f 451/451/451 454/454/454 455/455/455
f 425/425/425 423/423/423 455/455/455
f 455/455/455 456/456/456 425/425/425
f 454/454/454 456/456/456 455/455/455
f 456/456/456 457/457/457 425/425/425
f 456/456/456 458/458/458 457/457/457
f 456/456/456 454/454/454 458/458/458
f 458/458/458 459/459/459 457/457/457
f 458/458/458 460/460/460 459/459/459
f 460/460/460 458/458/458 461/461/461
f 461/461/461 462/462/462 460/460/460
f 453/453/453 447/447/447 463/463/463
f 446/446/446 463/463/463 447/447/447
f 454/454/454 464/464/464 458/458/458
f 458/458/458 464/464/464 461/461/461
f 465/465/465 464/464/464 454/454/454
f 464/464/464 465/465/465 461/461/461
f 454/454/454 453/453/453 466/466/466
f 465/465/465 454/454/454 466/466/466
f 453/453/453 467/467/467 466/466/466
f 467/467/467 453/453/453 463/463/463
f 465/465/465 466/466/466 468/468/468
f 466/466/466 467/467/467 468/468/468
f 469/469/469 465/465/465 468/468/468
f 470/470/470 468/468/468 467/467/467
f 468/468/468 470/470/470 469/469/469
f 465/465/465 471/471/471 461/461/461
f 461/461/461 471/471/471 472/472/472
f 472/472/472 471/471/471 465/465/465
f 469/469/469 472/472/472 465/465/465
f 462/462/462 461/461/461 472/472/472
f 472/472/472 473/473/473 462/462/462
f 473/473/473 472/472/472 469/469/469
f 473/473/473 474/474/474 462/462/462
f 474/474/474 473/473/473 475/475/475
f 476/476/476 474/474/474 475/475/475
f 476/476/476 475/475/475 477/477/477
f 477/477/477 475/475/475 478/478/478
f 475/475/475 479/479/479 478/478/478
f 473/473/473 480/480/480 475/475/475
f 480/480/480 473/473/473 469/469/469
f 475/475/475 481/481/481 479/479/479
f 480/480/480 481/481/481 475/475/475
f 481/481/481 482/482/482 479/479/479
f 483/483/483 482/482/482 481/481/481
f 481/481/481 480/480/480 484/484/484
f 483/483/483 481/481/481 484/484/484
f 485/485/485 480/480/480 469/469/469
f 485/485/485 484/484/484 480/480/480
f 483/483/483 484/484/484 486/486/486
f 483/483/483 486/486/486 487/487/487
f 488/488/488 485/485/485 469/469/469
f 470/470/470 488/488/488 469/469/469
f 485/485/485 489/489/489 484/484/484
f 484/484/484 489/489/489 486/486/486
f 490/490/490 487/487/487 486/486/486
f 491/491/491 487/487/487 490/490/490
f 492/492/492 491/491/491 490/490/490
f 493/493/493 485/485/485 488/488/488
f 493/493/493 489/489/489 485/485/485
f 494/494/494 490/490/490 486/486/486
f 494/494/494 486/486/486 489/489/489
f 492/492/492 490/490/490 495/495/495
f 494/494/494 495/495/495 490/490/490
f 496/496/496 495/495/495 494/494/494
f 497/497/497 492/492/492 495/495/495
f 497/497/497 495/495/495 496/496/496
f 408/408/408 497/497/497 496/496/496
f 498/498/498 493/493/493 488/488/488
f 498/498/498 488/488/488 470/470/470
f 493/493/493 499/499/499 489/489/489
f 498/498/498 499/499/499 493/493/493
f 500/500/500 494/494/494 489/489/489
f 500/500/500 489/489/489 499/499/499
f 501/501/501 499/499/499 498/498/498
f 501/501/501 498/498/498 470/470/470
f 502/502/502 408/408/408 496/496/496
f 407/407/407 408/408/408 502/502/502
f 503/503/503 496/496/496 494/494/494
f 503/503/503 494/494/494 500/500/500
f 504/504/504 500/500/500 499/499/499
f 504/504/504 499/499/499 501/501/501
f 505/505/505 501/501/501 470/470/470
f 506/506/506 504/504/504 501/501/501
f 506/506/506 501/501/501 505/505/505
f 504/504/504 446/446/446 500/500/500
f 504/504/504 506/506/506 446/446/446
f 507/507/507 503/503/503 500/500/500
f 507/507/507 500/500/500 446/446/446
f 506/506/506 463/463/463 446/446/446
f 463/463/463 506/506/506 505/505/505
f 467/467/467 463/463/463 505/505/505
f 508/508/508 505/505/505 470/470/470
f 508/508/508 470/470/470 467/467/467
f 508/508/508 467/467/467 505/505/505
f 503/503/503 509/509/509 496/496/496
f 503/503/503 507/507/507 509/509/509
f 509/509/509 510/510/510 496/496/496
f 502/502/502 496/496/496 510/510/510
f 511/511/511 507/507/507 446/446/446
f 511/511/511 446/446/446 444/444/444
f 507/507/507 512/512/512 509/509/509
f 509/509/509 512/512/512 510/510/510
f 511/511/511 513/513/513 507/507/507
f 513/513/513 511/511/511 444/444/444
f 513/513/513 512/512/512 507/507/507
f 514/514/514 502/502/502 510/510/510
f 407/407/407 502/502/502 514/514/514
f 513/513/513 444/444/444 515/515/515
f 515/515/515 407/407/407 514/514/514
f 515/515/515 444/444/444 406/406/406
f 515/515/515 406/406/406 407/407/407
f 516/516/516 513/513/513 515/515/515
f 513/513/513 516/516/516 512/512/512
f 516/516/516 515/515/515 514/514/514
f 512/512/512 517/517/517 510/510/510
f 514/514/514 510/510/510 517/517/517
f 516/516/516 517/517/517 512/512/512
f 517/517/517 516/516/516 514/514/514
f 520/520/520 519/519/519 518/518/518
f 519/519/519 521/521/521 518/518/518
f 521/521/521 519/519/519 522/522/522
f 519/519/519 523/523/523 522/522/522
f 523/523/523 524/524/524 522/522/522
f 524/524/524 525/525/525 522/522/522
f 521/521/521 526/526/526 518/518/518
f 526/526/526 521/521/521 522/522/522
f 526/526/526 527/527/527 518/518/518
f 527/527/527 526/526/526 528/528/528
f 526/526/526 529/529/529 528/528/528
f 529/529/529 526/526/526 522/522/522
f 530/530/530 529/529/529 522/522/522
f 525/525/525 531/531/531 522/522/522
f 530/530/530 522/522/522 531/531/531
f 525/525/525 532/532/532 531/531/531
f 532/532/532 533/533/533 531/531/531
f 533/533/533 532/532/532 534/534/534
f 529/529/529 535/535/535 528/528/528
f 535/535/535 536/536/536 528/528/528
f 536/536/536 535/535/535 537/537/537
f 537/537/537 535/535/535 538/538/538
f 539/539/539 537/537/537 538/538/538
f 540/540/540 535/535/535 529/529/529
f 535/535/535 540/540/540 538/538/538
f 541/541/541 539/539/539 538/538/538
f 541/541/541 538/538/538 540/540/540
f 542/542/542 539/539/539 541/541/541
f 543/543/543 542/542/542 541/541/541
f 544/544/544 542/542/542 543/543/543
f 545/545/545 531/531/531 533/533/533
f 545/545/545 530/530/530 531/531/531
f 546/546/546 540/540/540 529/529/529
f 546/546/546 529/529/529 530/530/530
f 547/547/547 541/541/541 540/540/540
f 541/541/541 547/547/547 543/543/543
f 540/540/540 546/546/546 548/548/548
f 547/547/547 540/540/540 548/548/548
f 549/549/549 546/546/546 530/530/530
f 546/546/546 549/549/549 548/548/548
f 550/550/550 545/545/545 533/533/533
f 551/551/551 530/530/530 545/545/545
f 551/551/551 545/545/545 550/550/550
f 552/552/552 549/549/549 530/530/530
f 551/551/551 552/552/552 530/530/530
f 553/553/553 550/550/550 533/533/533
f 534/534/534 553/553/553 533/533/533
f 553/553/553 534/534/534 554/554/554
f 547/547/547 555/555/555 543/543/543
f 556/556/556 547/547/547 548/548/548
f 555/555/555 547/547/547 556/556/556
f 548/548/548 549/549/549 557/557/557
f 556/556/556 548/548/548 557/557/557
f 558/558/558 549/549/549 552/552/552
f 549/549/549 558/558/558 557/557/557
f 551/551/551 559/559/559 552/552/552
f 559/559/559 558/558/558 552/552/552
f 551/551/551 550/550/550 560/560/560
f 559/559/559 551/551/551 560/560/560
f 553/553/553 561/561/561 550/550/550
f 561/561/561 560/560/560 550/550/550
f 561/561/561 553/553/553 562/562/562
f 560/560/560 561/561/561 562/562/562
f 553/553/553 563/563/563 562/562/562
f 563/563/563 553/553/553 554/554/554
f 564/564/564 560/560/560 562/562/562
f 562/562/562 563/563/563 564/564/564
f 565/565/565 559/559/559 560/560/560
f 565/565/565 560/560/560 564/564/564
f 558/558/558 559/559/559 566/566/566
f 559/559/559 565/565/565 566/566/566
f 567/567/567 557/557/557 558/558/558
f 566/566/566 567/567/567 558/558/558
f 557/557/557 567/567/567 568/568/568
f 568/568/568 556/556/556 557/557/557
f 556/556/556 568/568/568 569/569/569
f 569/569/569 555/555/555 556/556/556
f 563/563/563 570/570/570 564/564/564
f 571/571/571 565/565/565 564/564/564
f 571/571/571 564/564/564 570/570/570
f 572/572/572 566/566/566 565/565/565
f 571/571/571 572/572/572 565/565/565
f 573/573/573 567/567/567 566/566/566
f 572/572/572 573/573/573 566/566/566
f 563/563/563 574/574/574 570/570/570
f 574/574/574 575/575/575 570/570/570
f 574/574/574 563/563/563 554/554/554
f 576/576/576 571/571/571 570/570/570
f 572/572/572 571/571/571 576/576/576
f 576/576/576 570/570/570 575/575/575
f 577/577/577 574/574/574 554/554/554
f 574/574/574 577/577/577 575/575/575
f 577/577/577 554/554/554 578/578/578
f 554/554/554 579/579/579 578/578/578
f 580/580/580 577/577/577 578/578/578
f 581/581/581 580/580/580 578/578/578
f 582/582/582 580/580/580 581/581/581
f 583/583/583 582/582/582 581/581/581
f 583/583/583 584/584/584 582/582/582
f 582/582/582 585/585/585 580/580/580
f 584/584/584 585/585/585 582/582/582
f 584/584/584 586/586/586 585/585/585
f 584/584/584 587/587/587 586/586/586
f 577/577/577 580/580/580 588/588/588
f 585/585/585 588/588/588 580/580/580
f 577/577/577 589/589/589 575/575/575
f 589/589/589 577/577/577 588/588/588
f 588/588/588 585/585/585 590/590/590
f 586/586/586 590/590/590 585/585/585
f 588/588/588 591/591/591 589/589/589
f 591/591/591 588/588/588 590/590/590
f 591/591/591 575/575/575 589/589/589
f 590/590/590 592/592/592 591/591/591
f 590/590/590 586/586/586 592/592/592
f 591/591/591 593/593/593 575/575/575
f 592/592/592 593/593/593 591/591/591
f 594/594/594 593/593/593 592/592/592
f 593/593/593 595/595/595 575/575/575
f 595/595/595 593/593/593 594/594/594
f 595/595/595 576/576/576 575/575/575
f 576/576/576 595/595/595 594/594/594
f 586/586/586 596/596/596 592/592/592
f 596/596/596 594/594/594 592/592/592
f 597/597/597 576/576/576 594/594/594
f 597/597/597 572/572/572 576/576/576
f 572/572/572 597/597/597 598/598/598
f 598/598/598 597/597/597 594/594/594
f 573/573/573 572/572/572 598/598/598
f 599/599/599 598/598/598 594/594/594
f 598/598/598 599/599/599 573/573/573
f 596/596/596 599/599/599 594/594/594
f 599/599/599 600/600/600 573/573/573
f 573/573/573 600/600/600 567/567/567
f 600/600/600 601/601/601 567/567/567
f 567/567/567 601/601/601 568/568/568
f 602/602/602 568/568/568 601/601/601
f 568/568/568 602/602/602 569/569/569
f 603/603/603 601/601/601 600/600/600
f 603/603/603 602/602/602 601/601/601
f 604/604/604 600/600/600 599/599/599
f 604/604/604 603/603/603 600/600/600
f 605/605/605 599/599/599 596/596/596
f 605/605/605 604/604/604 599/599/599
f 606/606/606 603/603/603 604/604/604
f 603/603/603 606/606/606 602/602/602
f 607/607/607 605/605/605 596/596/596
f 607/607/607 596/596/596 586/586/586
f 608/608/608 606/606/606 604/604/604
f 608/608/608 604/604/604 605/605/605
f 609/609/609 608/608/608 605/605/605
f 610/610/610 609/609/609 605/605/605
f 607/607/607 610/610/610 605/605/605
f 611/611/611 606/606/606 608/608/608
f 609/609/609 611/611/611 608/608/608
f 606/606/606 612/612/612 602/602/602
f 611/611/611 613/613/613 606/606/606
f 613/613/613 612/612/612 606/606/606
f 612/612/612 614/614/614 602/602/602
f 614/614/614 569/569/569 602/602/602
f 613/613/613 615/615/615 612/612/612
f 615/615/615 614/614/614 612/612/612
f 569/569/569 614/614/614 616/616/616
f 555/555/555 569/569/569 616/616/616
f 615/615/615 617/617/617 614/614/614
f 617/617/617 616/616/616 614/614/614
f 616/616/616 618/618/618 555/555/555
f 618/618/618 543/543/543 555/555/555
f 618/618/618 544/544/544 543/543/543
f 619/619/619 618/618/618 616/616/616
f 617/617/617 619/619/619 616/616/616
f 618/618/618 619/619/619 544/544/544
f 619/619/619 620/620/620 544/544/544
f 619/619/619 617/617/617 620/620/620
f 620/620/620 621/621/621 544/544/544
f 617/617/617 621/621/621 620/620/620
f 621/621/621 622/622/622 544/544/544
f 623/623/623 617/617/617 615/615/615
f 621/621/621 617/617/617 623/623/623
f 624/624/624 621/621/621 623/623/623
f 624/624/624 623/623/623 625/625/625
f 625/625/625 623/623/623 615/615/615
f 624/624/624 626/626/626 621/621/621
f 626/626/626 622/622/622 621/621/621
f 626/626/626 627/627/627 622/622/622
f 625/625/625 615/615/615 613/613/613
f 628/628/628 627/627/627 626/626/626
f 629/629/629 625/625/625 613/613/613
f 613/613/613 611/611/611 629/629/629
f 630/630/630 628/628/628 626/626/626
f 624/624/624 630/630/630 626/626/626
f 630/630/630 631/631/631 628/628/628
f 624/624/624 631/631/631 630/630/630
f 631/631/631 632/632/632 628/628/628
f 633/633/633 632/632/632 631/631/631
f 634/634/634 633/633/633 631/631/631
f 634/634/634 631/631/631 635/635/635
f 635/635/635 631/631/631 624/624/624
f 636/636/636 634/634/634 635/635/635
f 636/636/636 635/635/635 637/637/637
f 635/635/635 638/638/638 637/637/637
f 637/637/637 638/638/638 639/639/639
f 611/611/611 640/640/640 629/629/629
f 611/611/611 609/609/609 640/640/640
f 641/641/641 635/635/635 624/624/624
f 638/638/638 635/635/635 641/641/641
f 641/641/641 624/624/624 642/642/642
f 638/638/638 641/641/641 642/642/642
f 624/624/624 643/643/643 642/642/642
f 643/643/643 624/624/624 625/625/625
f 643/643/643 625/625/625 629/629/629
f 644/644/644 642/642/642 643/643/643
f 638/638/638 642/642/642 644/644/644
f 645/645/645 643/643/643 629/629/629
f 645/645/645 629/629/629 640/640/640
f 645/645/645 644/644/644 643/643/643
f 638/638/638 646/646/646 639/639/639
f 647/647/647 639/639/639 646/646/646
f 648/648/648 647/647/647 646/646/646
f 647/647/647 648/648/648 649/649/649
f 648/648/648 650/650/650 649/649/649
f 649/649/649 650/650/650 651/651/651
f 652/652/652 645/645/645 640/640/640
f 653/653/653 644/644/644 645/645/645
f 652/652/652 653/653/653 645/645/645
f 652/652/652 640/640/640 654/654/654
f 609/609/609 654/654/654 640/640/640
f 655/655/655 652/652/652 654/654/654
f 653/653/653 652/652/652 655/655/655
f 656/656/656 653/653/653 655/655/655
f 656/656/656 655/655/655 657/657/657
f 655/655/655 654/654/654 658/658/658
f 658/658/658 654/654/654 609/609/609
f 657/657/657 655/655/655 658/658/658
f 653/653/653 659/659/659 644/644/644
f 653/653/653 656/656/656 659/659/659
f 659/659/659 660/660/660 644/644/644
f 660/660/660 638/638/638 644/644/644
f 638/638/638 660/660/660 661/661/661
f 646/646/646 638/638/638 661/661/661
f 660/660/660 659/659/659 662/662/662
f 661/661/661 660/660/660 662/662/662
f 663/663/663 646/646/646 661/661/661
f 648/648/648 646/646/646 663/663/663
f 656/656/656 664/664/664 659/659/659
f 662/662/662 659/659/659 664/664/664
f 665/665/665 663/663/663 661/661/661
f 662/662/662 665/665/665 661/661/661
f 666/666/666 648/648/648 663/663/663
f 663/663/663 665/665/665 667/667/667
f 666/666/666 663/663/663 667/667/667
f 668/668/668 667/667/667 665/665/665
f 665/665/665 662/662/662 669/669/669
f 668/668/668 665/665/665 669/669/669
f 669/669/669 670/670/670 668/668/668
f 662/662/662 671/671/671 669/669/669
f 671/671/671 662/662/662 664/664/664
f 669/669/669 671/671/671 670/670/670
f 671/671/671 664/664/664 670/670/670
f 666/666/666 672/672/672 648/648/648
f 672/672/672 650/650/650 648/648/648
f 666/666/666 667/667/667 673/673/673
f 672/672/672 666/666/666 673/673/673
f 673/673/673 667/667/667 674/674/674
f 667/667/667 668/668/668 674/674/674
f 672/672/672 673/673/673 675/675/675
f 673/673/673 674/674/674 675/675/675
f 672/672/672 676/676/676 650/650/650
f 676/676/676 672/672/672 675/675/675
f 664/664/664 677/677/677 670/670/670
f 664/664/664 656/656/656 677/677/677
f 676/676/676 678/678/678 650/650/650
f 650/650/650 678/678/678 651/651/651
f 678/678/678 679/679/679 651/651/651
f 679/679/679 680/680/680 651/651/651
f 681/681/681 680/680/680 679/679/679
f 676/676/676 682/682/682 678/678/678
f 682/682/682 679/679/679 678/678/678
f 676/676/676 675/675/675 683/683/683
f 682/682/682 676/676/676 683/683/683
f 683/683/683 675/675/675 684/684/684
f 674/674/674 684/684/684 675/675/675
f 684/684/684 674/674/674 685/685/685
f 686/686/686 684/684/684 685/685/685
f 674/674/674 668/668/668 685/685/685
f 687/687/687 683/683/683 684/684/684
f 687/687/687 684/684/684 686/686/686
f 683/683/683 688/688/688 682/682/682
f 687/687/687 689/689/689 683/683/683
f 689/689/689 688/688/688 683/683/683
f 688/688/688 690/690/690 682/682/682
f 679/679/679 682/682/682 690/690/690
f 690/690/690 688/688/688 691/691/691
f 691/691/691 688/688/688 689/689/689
f 692/692/692 679/679/679 690/690/690
f 692/692/692 690/690/690 691/691/691
f 693/693/693 687/687/687 686/686/686
f 687/687/687 693/693/693 689/689/689
f 692/692/692 694/694/694 679/679/679
f 694/694/694 681/681/681 679/679/679
f 694/694/694 695/695/695 681/681/681
f 695/695/695 696/696/696 681/681/681
f 697/697/697 696/696/696 695/695/695
f 692/692/692 698/698/698 694/694/694
f 698/698/698 695/695/695 694/694/694
f 699/699/699 697/697/697 695/695/695
f 699/699/699 695/695/695 698/698/698
f 692/692/692 700/700/700 698/698/698
f 692/692/692 691/691/691 700/700/700
f 699/699/699 701/701/701 697/697/697
f 701/701/701 702/702/702 697/697/697
f 703/703/703 701/701/701 699/699/699
f 704/704/704 699/699/699 698/698/698
f 704/704/704 703/703/703 699/699/699
f 704/704/704 698/698/698 700/700/700
f 703/703/703 704/704/704 700/700/700
f 703/703/703 700/700/700 705/705/705
f 691/691/691 705/705/705 700/700/700
f 706/706/706 705/705/705 691/691/691
f 706/706/706 691/691/691 689/689/689
f 689/689/689 707/707/707 706/706/706
f 693/693/693 707/707/707 689/689/689
f 707/707/707 708/708/708 706/706/706
f 706/706/706 708/708/708 709/709/709
f 709/709/709 708/708/708 710/710/710
f 708/708/708 707/707/707 710/710/710
f 709/709/709 710/710/710 587/587/587
f 707/707/707 693/693/693 711/711/711
f 710/710/710 707/707/707 711/711/711
f 686/686/686 711/711/711 693/693/693
f 710/710/710 712/712/712 587/587/587
f 712/712/712 710/710/710 711/711/711
f 586/586/586 587/587/587 712/712/712
f 686/686/686 713/713/713 711/711/711
f 713/713/713 712/712/712 711/711/711
f 713/713/713 686/686/686 712/712/712
f 714/714/714 586/586/586 712/712/712
f 686/686/686 714/714/714 712/712/712
f 714/714/714 607/607/607 586/586/586
f 714/714/714 686/686/686 685/685/685
f 607/607/607 714/714/714 715/715/715
f 715/715/715 714/714/714 685/685/685
f 610/610/610 607/607/607 715/715/715
f 715/715/715 685/685/685 716/716/716
f 668/668/668 716/716/716 685/685/685
f 610/610/610 715/715/715 717/717/717
f 717/717/717 715/715/715 716/716/716
f 716/716/716 668/668/668 718/718/718
f 717/717/717 716/716/716 718/718/718
f 668/668/668 670/670/670 718/718/718
f 719/719/719 610/610/610 717/717/717
f 609/609/609 610/610/610 719/719/719
f 720/720/720 717/717/717 718/718/718
f 718/718/718 670/670/670 720/720/720
f 719/719/719 717/717/717 720/720/720
f 721/721/721 609/609/609 719/719/719
f 721/721/721 658/658/658 609/609/609
f 658/658/658 721/721/721 722/722/722
f 721/721/721 719/719/719 722/722/722
f 658/658/658 722/722/722 657/657/657
f 723/723/723 722/722/722 719/719/719
f 723/723/723 719/719/719 720/720/720
f 723/723/723 657/657/657 722/722/722
f 723/723/723 720/720/720 657/657/657
f 670/670/670 724/724/724 720/720/720
f 720/720/720 724/724/724 657/657/657
f 724/724/724 670/670/670 677/677/677
f 657/657/657 724/724/724 725/725/725
f 725/725/725 656/656/656 657/657/657
f 677/677/677 656/656/656 726/726/726
f 726/726/726 724/724/724 677/677/677
f 656/656/656 725/725/725 726/726/726
f 724/724/724 726/726/726 725/725/725
f 729/729/729 728/728/728 727/727/727
f 730/730/730 729/729/729 727/727/727
f 733/733/733 732/732/732 731/731/731
f 734/734/734 733/733/733 731/731/731
f 733/733/733 734/734/734 735/735/735
f 735/735/735 736/736/736 733/733/733
f 737/737/737 736/736/736 735/735/735
f 734/734/734 731/731/731 738/738/738
f 739/739/739 738/738/738 731/731/731
f 740/740/740 739/739/739 731/731/731
f 739/739/739 740/740/740 741/741/741
f 740/740/740 742/742/742 741/741/741
f 741/741/741 742/742/742 743/743/743
f 744/744/744 741/741/741 743/743/743
f 745/745/745 739/739/739 741/741/741
f 739/739/739 745/745/745 738/738/738
f 741/741/741 744/744/744 746/746/746
f 746/746/746 745/745/745 741/741/741
f 744/744/744 747/747/747 746/746/746
f 746/746/746 747/747/747 748/748/748
f 734/734/734 749/749/749 735/735/735
f 750/750/750 734/734/734 738/738/738
f 749/749/749 734/734/734 750/750/750
f 750/750/750 738/738/738 751/751/751
f 745/745/745 752/752/752 738/738/738
f 738/738/738 752/752/752 751/751/751
f 751/751/751 752/752/752 753/753/753
f 754/754/754 750/750/750 751/751/751
f 754/754/754 749/749/749 750/750/750
f 755/755/755 752/752/752 745/745/745
f 752/752/752 755/755/755 753/753/753
f 756/756/756 745/745/745 746/746/746
f 756/756/756 755/755/755 745/745/745
f 757/757/757 746/746/746 748/748/748
f 757/757/757 756/756/756 746/746/746
f 758/758/758 755/755/755 756/756/756
f 753/753/753 755/755/755 758/758/758
f 759/759/759 756/756/756 757/757/757
f 759/759/759 758/758/758 756/756/756
f 760/760/760 757/757/757 748/748/748
f 760/760/760 759/759/759 757/757/757
f 761/761/761 758/758/758 759/759/759
f 760/760/760 761/761/761 759/759/759
f 761/761/761 753/753/753 758/758/758
f 762/762/762 760/760/760 748/748/748
f 760/760/760 762/762/762 761/761/761
f 763/763/763 762/762/762 748/748/748
f 762/762/762 763/763/763 764/764/764
f 765/765/765 762/762/762 764/764/764
f 765/765/765 764/764/764 766/766/766
f 767/767/767 765/765/765 766/766/766
f 762/762/762 768/768/768 761/761/761
f 768/768/768 762/762/762 765/765/765
f 769/769/769 765/765/765 767/767/767
f 769/769/769 768/768/768 765/765/765
f 770/770/770 769/769/769 767/767/767
f 771/771/771 769/769/769 770/770/770
f 772/772/772 761/761/761 768/768/768
f 753/753/753 761/761/761 772/772/772
f 773/773/773 768/768/768 769/769/769
f 773/773/773 772/772/772 768/768/768
f 771/771/771 774/774/774 769/769/769
f 774/774/774 773/773/773 769/769/769
f 775/775/775 774/774/774 771/771/771
f 775/775/775 776/776/776 774/774/774
f 773/773/773 774/774/774 777/777/777
f 776/776/776 777/777/777 774/774/774
f 778/778/778 773/773/773 777/777/777
f 777/777/777 776/776/776 778/778/778
f 772/772/772 773/773/773 778/778/778
f 776/776/776 779/779/779 778/778/778
f 776/776/776 780/780/780 779/779/779
f 781/781/781 779/779/779 780/780/780
f 778/778/778 779/779/779 781/781/781
f 782/782/782 781/781/781 780/780/780
f 783/783/783 772/772/772 778/778/778
f 783/783/783 778/778/778 781/781/781
f 784/784/784 781/781/781 782/782/782
f 781/781/781 784/784/784 783/783/783
f 785/785/785 784/784/784 782/782/782
f 772/772/772 783/783/783 786/786/786
f 786/786/786 753/753/753 772/772/772
f 784/784/784 787/787/787 783/783/783
f 783/783/783 787/787/787 786/786/786
f 788/788/788 784/784/784 785/785/785
f 789/789/789 788/788/788 785/785/785
f 789/789/789 790/790/790 788/788/788
f 786/786/786 791/791/791 753/753/753
f 791/791/791 751/751/751 753/753/753
f 791/791/791 754/754/754 751/751/751
f 792/792/792 787/787/787 784/784/784
f 788/788/788 792/792/792 784/784/784
f 793/793/793 786/786/786 787/787/787
f 791/791/791 786/786/786 793/793/793
f 793/793/793 787/787/787 792/792/792
f 790/790/790 794/794/794 788/788/788
f 788/788/788 794/794/794 792/792/792
f 791/791/791 795/795/795 754/754/754
f 795/795/795 791/791/791 793/793/793
f 793/793/793 792/792/792 796/796/796
f 795/795/795 793/793/793 796/796/796
f 795/795/795 797/797/797 754/754/754
f 795/795/795 796/796/796 797/797/797
f 749/749/749 754/754/754 797/797/797
f 798/798/798 749/749/749 797/797/797
f 735/735/735 749/749/749 798/798/798
f 798/798/798 797/797/797 799/799/799
f 796/796/796 799/799/799 797/797/797
f 800/800/800 735/735/735 798/798/798
f 800/800/800 798/798/798 799/799/799
f 800/800/800 737/737/737 735/735/735
f 800/800/800 801/801/801 737/737/737
f 801/801/801 800/800/800 799/799/799
f 801/801/801 802/802/802 737/737/737
f 799/799/799 803/803/803 801/801/801
f 803/803/803 802/802/802 801/801/801
f 803/803/803 799/799/799 796/796/796
f 804/804/804 802/802/802 803/803/803
f 792/792/792 805/805/805 796/796/796
f 803/803/803 796/796/796 805/805/805
f 794/794/794 805/805/805 792/792/792
f 806/806/806 803/803/803 805/805/805
f 806/806/806 804/804/804 803/803/803
f 806/806/806 805/805/805 794/794/794
f 807/807/807 804/804/804 806/806/806
f 807/807/807 806/806/806 794/794/794
f 808/808/808 804/804/804 807/807/807
f 807/807/807 794/794/794 790/790/790
f 809/809/809 808/808/808 807/807/807
f 809/809/809 807/807/807 790/790/790
f 812/812/812 811/811/811 810/810/810
f 811/811/811 813/813/813 810/810/810
f 814/814/814 810/810/810 813/813/813
f 813/813/813 811/811/811 815/815/815
f 816/816/816 815/815/815 811/811/811
f 817/817/817 815/815/815 816/816/816
f 818/818/818 814/814/814 813/813/813
f 819/819/819 814/814/814 818/818/818
f 820/820/820 819/819/819 818/818/818
f 819/819/819 820/820/820 821/821/821
f 820/820/820 822/822/822 821/821/821
f 823/823/823 821/821/821 822/822/822
f 820/820/820 818/818/818 824/824/824
f 822/822/822 820/820/820 824/824/824
f 817/817/817 825/825/825 815/815/815
f 826/826/826 813/813/813 815/815/815
f 815/815/815 825/825/825 826/826/826
f 813/813/813 827/827/827 818/818/818
f 813/813/813 826/826/826 827/827/827
f 818/818/818 828/828/828 824/824/824
f 827/827/827 828/828/828 818/818/818
f 829/829/829 822/822/822 824/824/824
f 824/824/824 828/828/828 829/829/829
f 830/830/830 823/823/823 822/822/822
f 830/830/830 822/822/822 829/829/829
f 823/823/823 830/830/830 831/831/831
f 832/832/832 825/825/825 817/817/817
f 833/833/833 832/832/832 817/817/817
f 825/825/825 832/832/832 834/834/834
f 835/835/835 825/825/825 834/834/834
f 833/833/833 836/836/836 832/832/832
f 825/825/825 835/835/835 826/826/826
f 836/836/836 837/837/837 832/832/832
f 837/837/837 834/834/834 832/832/832
f 837/837/837 836/836/836 838/838/838
f 826/826/826 835/835/835 839/839/839
f 826/826/826 839/839/839 827/827/827
f 840/840/840 837/837/837 838/838/838
f 838/838/838 841/841/841 840/840/840
f 840/840/840 841/841/841 842/842/842
f 841/841/841 843/843/843 842/842/842
f 842/842/842 843/843/843 844/844/844
f 837/837/837 840/840/840 845/845/845
f 845/845/845 834/834/834 837/837/837
f 840/840/840 842/842/842 845/845/845
f 846/846/846 845/845/845 842/842/842
f 847/847/847 842/842/842 844/844/844
f 844/844/844 848/848/848 847/847/847
f 849/849/849 835/835/835 834/834/834
f 835/835/835 849/849/849 839/839/839
f 850/850/850 845/845/845 846/846/846
f 834/834/834 845/845/845 850/850/850
f 851/851/851 842/842/842 847/847/847
f 851/851/851 846/846/846 842/842/842
f 852/852/852 851/851/851 847/847/847
f 851/851/851 852/852/852 846/846/846
f 853/853/853 852/852/852 847/847/847
f 854/854/854 853/853/853 847/847/847
f 848/848/848 854/854/854 847/847/847
f 850/850/850 855/855/855 834/834/834
f 856/856/856 849/849/849 834/834/834
f 856/856/856 834/834/834 855/855/855
f 849/849/849 856/856/856 857/857/857
f 856/856/856 855/855/855 857/857/857
f 855/855/855 850/850/850 858/858/858
f 850/850/850 846/846/846 858/858/858
f 855/855/855 858/858/858 859/859/859
f 857/857/857 855/855/855 859/859/859
f 859/859/859 860/860/860 857/857/857
f 860/860/860 859/859/859 861/861/861
f 859/859/859 862/862/862 861/861/861
f 858/858/858 863/863/863 859/859/859
f 863/863/863 862/862/862 859/859/859
f 858/858/858 846/846/846 863/863/863
f 861/861/861 862/862/862 863/863/863
f 864/864/864 849/849/849 857/857/857
f 864/864/864 839/839/839 849/849/849
f 865/865/865 864/864/864 857/857/857
f 866/866/866 865/865/865 857/857/857
f 860/860/860 866/866/866 857/857/857
f 864/864/864 865/865/865 867/867/867
f 839/839/839 864/864/864 868/868/868
f 868/868/868 864/864/864 867/867/867
f 827/827/827 839/839/839 868/868/868
f 828/828/828 827/827/827 868/868/868
f 828/828/828 868/868/868 869/869/869
f 868/868/868 867/867/867 869/869/869
f 828/828/828 869/869/869 829/829/829
f 869/869/869 870/870/870 829/829/829
f 867/867/867 870/870/870 869/869/869
f 870/870/870 871/871/871 829/829/829
f 871/871/871 830/830/830 829/829/829
f 830/830/830 871/871/871 831/831/831
f 870/870/870 867/867/867 872/872/872
f 870/870/870 872/872/872 871/871/871
f 867/867/867 873/873/873 872/872/872
f 867/867/867 865/865/865 873/873/873
f 872/872/872 874/874/874 871/871/871
f 871/871/871 874/874/874 831/831/831
f 872/872/872 873/873/873 874/874/874
f 865/865/865 875/875/875 873/873/873
f 873/873/873 875/875/875 876/876/876
f 876/876/876 875/875/875 865/865/865
f 873/873/873 877/877/877 874/874/874
f 877/877/877 873/873/873 876/876/876
f 874/874/874 877/877/877 878/878/878
f 877/877/877 876/876/876 879/879/879
f 877/877/877 879/879/879 878/878/878
f 831/831/831 874/874/874 880/880/880
f 874/874/874 878/878/878 880/880/880
f 881/881/881 876/876/876 865/865/865
f 876/876/876 881/881/881 879/879/879
f 865/865/865 882/882/882 881/881/881
f 879/879/879 881/881/881 883/883/883
f 882/882/882 883/883/883 881/881/881
f 884/884/884 879/879/879 883/883/883
f 878/878/878 879/879/879 884/884/884
f 882/882/882 865/865/865 885/885/885
f 865/865/865 866/866/866 885/885/885
f 885/885/885 866/866/866 886/886/886
f 885/885/885 886/886/886 882/882/882
f 866/866/866 860/860/860 886/886/886
f 882/882/882 887/887/887 883/883/883
f 886/886/886 887/887/887 882/882/882
f 887/887/887 884/884/884 883/883/883
f 886/886/886 860/860/860 887/887/887
f 884/884/884 887/887/887 888/888/888
f 860/860/860 888/888/888 887/887/887
f 889/889/889 878/878/878 884/884/884
f 884/884/884 888/888/888 889/889/889
f 878/878/878 889/889/889 890/890/890
f 880/880/880 878/878/878 890/890/890
f 888/888/888 860/860/860 891/891/891
f 891/891/891 860/860/860 861/861/861
f 889/889/889 888/888/888 892/892/892
f 889/889/889 892/892/892 890/890/890
f 890/890/890 893/893/893 880/880/880
f 894/894/894 880/880/880 893/893/893
f 831/831/831 880/880/880 894/894/894
f 895/895/895 888/888/888 891/891/891
f 896/896/896 888/888/888 895/895/895
f 888/888/888 896/896/896 892/892/892
f 895/895/895 891/891/891 897/897/897
f 897/897/897 896/896/896 895/895/895
f 891/891/891 898/898/898 897/897/897
f 891/891/891 861/861/861 898/898/898
f 899/899/899 896/896/896 897/897/897
f 898/898/898 899/899/899 897/897/897
f 892/892/892 896/896/896 900/900/900
f 896/896/896 899/899/899 900/900/900
f 892/892/892 901/901/901 890/890/890
f 892/892/892 900/900/900 901/901/901
f 890/890/890 902/902/902 893/893/893
f 890/890/890 901/901/901 902/902/902
f 902/902/902 903/903/903 893/893/893
f 893/893/893 903/903/903 904/904/904
f 901/901/901 905/905/905 902/902/902
f 906/906/906 902/902/902 905/905/905
f 901/901/901 907/907/907 905/905/905
f 900/900/900 907/907/907 901/901/901
f 907/907/907 900/900/900 908/908/908
f 900/900/900 909/909/909 908/908/908
f 899/899/899 909/909/909 900/900/900
f 910/910/910 906/906/906 905/905/905
f 907/907/907 910/910/910 905/905/905
f 911/911/911 906/906/906 910/910/910
f 910/910/910 907/907/907 912/912/912
f 912/912/912 911/911/911 910/910/910
f 907/907/907 908/908/908 912/912/912
f 912/912/912 908/908/908 911/911/911
f 908/908/908 913/913/913 911/911/911
f 908/908/908 914/914/914 913/913/913
f 899/899/899 915/915/915 909/909/909
f 908/908/908 909/909/909 916/916/916
f 915/915/915 916/916/916 909/909/909
f 908/908/908 917/917/917 914/914/914
f 917/917/917 908/908/908 916/916/916
f 914/914/914 917/917/917 918/918/918
f 914/914/914 918/918/918 919/919/919
f 920/920/920 917/917/917 916/916/916
f 917/917/917 920/920/920 918/918/918
f 921/921/921 915/915/915 899/899/899
f 898/898/898 921/921/921 899/899/899
f 922/922/922 921/921/921 898/898/898
f 861/861/861 922/922/922 898/898/898
f 923/923/923 920/920/920 916/916/916
f 923/923/923 916/916/916 915/915/915
f 921/921/921 924/924/924 915/915/915
f 924/924/924 921/921/921 922/922/922
f 925/925/925 923/923/923 915/915/915
f 924/924/924 925/925/925 915/915/915
f 923/923/923 926/926/926 920/920/920
f 926/926/926 923/923/923 925/925/925
f 922/922/922 861/861/861 927/927/927
f 928/928/928 924/924/924 922/922/922
f 922/922/922 927/927/927 928/928/928
f 925/925/925 924/924/924 929/929/929
f 924/924/924 928/928/928 929/929/929
f 930/930/930 926/926/926 925/925/925
f 930/930/930 925/925/925 929/929/929
f 928/928/928 931/931/931 929/929/929
f 927/927/927 931/931/931 928/928/928
f 929/929/929 932/932/932 930/930/930
f 932/932/932 929/929/929 931/931/931
f 861/861/861 933/933/933 927/927/927
f 933/933/933 861/861/861 863/863/863
f 933/933/933 934/934/934 927/927/927
f 933/933/933 863/863/863 934/934/934
f 927/927/927 935/935/935 931/931/931
f 935/935/935 927/927/927 934/934/934
f 935/935/935 936/936/936 931/931/931
f 936/936/936 932/932/932 931/931/931
f 937/937/937 935/935/935 934/934/934
f 935/935/935 937/937/937 936/936/936
f 926/926/926 930/930/930 938/938/938
f 932/932/932 938/938/938 930/930/930
f 932/932/932 936/936/936 939/939/939
f 937/937/937 939/939/939 936/936/936
f 940/940/940 937/937/937 934/934/934
f 863/863/863 940/940/940 934/934/934
f 940/940/940 941/941/941 937/937/937
f 937/937/937 941/941/941 939/939/939
f 942/942/942 932/932/932 939/939/939
f 932/932/932 942/942/942 938/938/938
f 940/940/940 863/863/863 943/943/943
f 940/940/940 943/943/943 941/941/941
f 942/942/942 939/939/939 944/944/944
f 941/941/941 944/944/944 939/939/939
f 945/945/945 926/926/926 938/938/938
f 942/942/942 946/946/946 938/938/938
f 945/945/945 938/938/938 946/946/946
f 947/947/947 946/946/946 942/942/942
f 948/948/948 947/947/947 942/942/942
f 948/948/948 942/942/942 944/944/944
f 947/947/947 948/948/948 949/949/949
f 950/950/950 949/949/949 948/948/948
f 944/944/944 950/950/950 948/948/948
f 950/950/950 944/944/944 951/951/951
f 944/944/944 941/941/941 951/951/951
f 949/949/949 950/950/950 951/951/951
f 951/951/951 941/941/941 952/952/952
f 941/941/941 943/943/943 952/952/952
f 953/953/953 951/951/951 952/952/952
f 953/953/953 949/949/949 951/951/951
f 952/952/952 954/954/954 953/953/953
f 943/943/943 954/954/954 952/952/952
f 955/955/955 926/926/926 945/945/945
f 926/926/926 955/955/955 920/920/920
f 920/920/920 955/955/955 956/956/956
f 956/956/956 955/955/955 945/945/945
f 918/918/918 920/920/920 956/956/956
f 945/945/945 957/957/957 956/956/956
f 956/956/956 957/957/957 918/918/918
f 957/957/957 945/945/945 946/946/946
f 957/957/957 946/946/946 958/958/958
f 957/957/957 958/958/958 918/918/918
f 946/946/946 947/947/947 958/958/958
f 958/958/958 959/959/959 918/918/918
f 959/959/959 919/919/919 918/918/918
f 959/959/959 960/960/960 919/919/919
f 960/960/960 961/961/961 919/919/919
f 959/959/959 958/958/958 962/962/962
f 962/962/962 958/958/958 947/947/947
f 961/961/961 960/960/960 963/963/963
f 964/964/964 961/961/961 963/963/963
f 965/965/965 959/959/959 962/962/962
f 960/960/960 959/959/959 965/965/965
f 964/964/964 963/963/963 966/966/966
f 967/967/967 964/964/964 966/966/966
f 966/966/966 968/968/968 967/967/967
f 966/966/966 969/969/969 968/968/968
f 968/968/968 970/970/970 967/967/967
f 970/970/970 968/968/968 971/971/971
f 972/972/972 970/970/970 971/971/971
f 972/972/972 971/971/971 973/973/973
f 974/974/974 972/972/972 973/973/973
f 975/975/975 974/974/974 973/973/973
f 966/966/966 963/963/963 976/976/976
f 963/963/963 960/960/960 977/977/977
f 976/976/976 963/963/963 977/977/977
f 966/966/966 976/976/976 978/978/978
f 969/969/969 966/966/966 978/978/978
f 977/977/977 979/979/979 976/976/976
f 979/979/979 978/978/978 976/976/976
f 971/971/971 968/968/968 980/980/980
f 971/971/971 981/981/981 973/973/973
f 971/971/971 980/980/980 981/981/981
f 969/969/969 982/982/982 968/968/968
f 968/968/968 982/982/982 980/980/980
f 983/983/983 982/982/982 969/969/969
f 980/980/980 982/982/982 984/984/984
f 982/982/982 983/983/983 984/984/984
f 977/977/977 960/960/960 985/985/985
f 986/986/986 979/979/979 977/977/977
f 986/986/986 977/977/977 985/985/985
f 986/986/986 987/987/987 979/979/979
f 986/986/986 985/985/985 987/987/987
f 978/978/978 979/979/979 988/988/988
f 987/987/987 988/988/988 979/979/979
f 978/978/978 989/989/989 969/969/969
f 989/989/989 978/978/978 988/988/988
f 989/989/989 990/990/990 969/969/969
f 990/990/990 989/989/989 988/988/988
f 991/991/991 983/983/983 969/969/969
f 991/991/991 969/969/969 990/990/990
f 991/991/991 992/992/992 983/983/983
f 985/985/985 960/960/960 993/993/993
f 993/993/993 960/960/960 965/965/965
f 993/993/993 965/965/965 994/994/994
f 994/994/994 985/985/985 993/993/993
f 965/965/965 962/962/962 994/994/994
f 995/995/995 985/985/985 994/994/994
f 985/985/985 995/995/995 987/987/987
f 962/962/962 996/996/996 994/994/994
f 996/996/996 995/995/995 994/994/994
f 996/996/996 962/962/962 997/997/997
f 997/997/997 962/962/962 947/947/947
f 997/997/997 947/947/947 996/996/996
f 947/947/947 995/995/995 996/996/996
f 995/995/995 947/947/947 949/949/949
f 995/995/995 949/949/949 987/987/987
f 949/949/949 998/998/998 987/987/987
f 988/988/988 987/987/987 998/998/998
f 991/991/991 999/999/999 992/992/992
f 999/999/999 991/991/991 990/990/990
f 999/999/999 990/990/990 1000/1000/1000
f 1001/1001/1001 990/990/990 988/988/988
f 1001/1001/1001 988/988/988 998/998/998
f 1002/1002/1002 998/998/998 949/949/949
f 953/953/953 1002/1002/1002 949/949/949
f 954/954/954 1002/1002/1002 953/953/953
f 990/990/990 1003/1003/1003 1000/1000/1000
f 990/990/990 1001/1001/1001 1003/1003/1003
f 1003/1003/1003 1001/1001/1001 1000/1000/1000
f 998/998/998 1002/1002/1002 1004/1004/1004
f 1001/1001/1001 998/998/998 1004/1004/1004
f 954/954/954 1005/1005/1005 1002/1002/1002
f 1005/1005/1005 1004/1004/1004 1002/1002/1002
f 1006/1006/1006 1001/1001/1001 1004/1004/1004
f 1001/1001/1001 1006/1006/1006 1000/1000/1000
f 1004/1004/1004 1005/1005/1005 1006/1006/1006
f 999/999/999 1007/1007/1007 992/992/992
f 999/999/999 1000/1000/1000 1007/1007/1007
f 1006/1006/1006 1008/1008/1008 1000/1000/1000
f 1005/1005/1005 1008/1008/1008 1006/1006/1006
f 1005/1005/1005 954/954/954 1009/1009/1009
f 1009/1009/1009 954/954/954 943/943/943
f 1000/1000/1000 1010/1010/1010 1007/1007/1007
f 1008/1008/1008 1010/1010/1010 1000/1000/1000
f 1007/1007/1007 1010/1010/1010 1008/1008/1008
f 1008/1008/1008 1005/1005/1005 1011/1011/1011
f 1011/1011/1011 1005/1005/1005 1009/1009/1009
f 1012/1012/1012 1007/1007/1007 1008/1008/1008
f 1012/1012/1012 1008/1008/1008 1011/1011/1011
f 1007/1007/1007 1012/1012/1012 992/992/992
f 1013/1013/1013 1009/1009/1009 943/943/943
f 1013/1013/1013 943/943/943 863/863/863
f 1011/1011/1011 1009/1009/1009 853/853/853
f 1011/1011/1011 853/853/853 1012/1012/1012
f 1009/1009/1009 1013/1013/1013 853/853/853
f 1014/1014/1014 1013/1013/1013 863/863/863
f 846/846/846 1014/1014/1014 863/863/863
f 852/852/852 1014/1014/1014 846/846/846
f 1013/1013/1013 1014/1014/1014 852/852/852
f 853/853/853 1013/1013/1013 852/852/852
f 853/853/853 1015/1015/1015 1012/1012/1012
f 1012/1012/1012 1015/1015/1015 992/992/992
f 1015/1015/1015 853/853/853 1016/1016/1016
f 853/853/853 854/854/854 1016/1016/1016
f 1017/1017/1017 992/992/992 1015/1015/1015
f 1016/1016/1016 1017/1017/1017 1015/1015/1015
f 854/854/854 1018/1018/1018 1016/1016/1016
f 1018/1018/1018 1017/1017/1017 1016/1016/1016
f 848/848/848 1018/1018/1018 854/854/854
f 1019/1019/1019 992/992/992 1017/1017/1017
f 1018/1018/1018 1019/1019/1019 1017/1017/1017
f 992/992/992 1019/1019/1019 983/983/983
f 848/848/848 1020/1020/1020 1018/1018/1018
f 1019/1019/1019 1018/1018/1018 1020/1020/1020
f 1021/1021/1021 1020/1020/1020 848/848/848
f 1022/1022/1022 1021/1021/1021 848/848/848
f 1022/1022/1022 1023/1023/1023 1021/1021/1021
f 1021/1021/1021 1023/1023/1023 1024/1024/1024
f 1021/1021/1021 1024/1024/1024 1020/1020/1020
f 1025/1025/1025 1019/1019/1019 1020/1020/1020
f 1024/1024/1024 1025/1025/1025 1020/1020/1020
f 983/983/983 1019/1019/1019 1026/1026/1026
f 1019/1019/1019 1025/1025/1025 1026/1026/1026
f 1024/1024/1024 1027/1027/1027 1025/1025/1025
f 1027/1027/1027 1026/1026/1026 1025/1025/1025
f 983/983/983 1026/1026/1026 1028/1028/1028
f 984/984/984 983/983/983 1028/1028/1028
f 1028/1028/1028 1026/1026/1026 1029/1029/1029
f 1026/1026/1026 1027/1027/1027 1029/1029/1029
f 1030/1030/1030 1027/1027/1027 1024/1024/1024
f 1031/1031/1031 1030/1030/1030 1024/1024/1024
f 1028/1028/1028 1032/1032/1032 984/984/984
f 1032/1032/1032 1028/1028/1028 1029/1029/1029
f 1033/1033/1033 1029/1029/1029 1027/1027/1027
f 1030/1030/1030 1033/1033/1033 1027/1027/1027
f 1034/1034/1034 1030/1030/1030 1031/1031/1031
f 1035/1035/1035 1034/1034/1034 1031/1031/1031
f 1036/1036/1036 1034/1034/1034 1035/1035/1035
f 1036/1036/1036 1037/1037/1037 1034/1034/1034
f 1034/1034/1034 1038/1038/1038 1030/1030/1030
f 1037/1037/1037 1038/1038/1038 1034/1034/1034
f 1038/1038/1038 1033/1033/1033 1030/1030/1030
f 1037/1037/1037 1039/1039/1039 1038/1038/1038
f 1038/1038/1038 1039/1039/1039 1033/1033/1033
f 1040/1040/1040 1029/1029/1029 1033/1033/1033
f 1040/1040/1040 1032/1032/1032 1029/1029/1029
f 1039/1039/1039 1041/1041/1041 1033/1033/1033
f 1041/1041/1041 1040/1040/1040 1033/1033/1033
f 1042/1042/1042 1041/1041/1041 1039/1039/1039
f 1040/1040/1040 1041/1041/1041 1042/1042/1042
f 1043/1043/1043 1040/1040/1040 1042/1042/1042
f 1043/1043/1043 1042/1042/1042 1044/1044/1044
f 1045/1045/1045 1032/1032/1032 1040/1040/1040
f 1043/1043/1043 1045/1045/1045 1040/1040/1040
f 1046/1046/1046 1043/1043/1043 1044/1044/1044
f 1043/1043/1043 1046/1046/1046 1045/1045/1045
f 1044/1044/1044 1047/1047/1047 1046/1046/1046
f 1046/1046/1046 1047/1047/1047 1048/1048/1048
f 1049/1049/1049 1048/1048/1048 1047/1047/1047
f 1050/1050/1050 1048/1048/1048 1049/1049/1049
f 1051/1051/1051 1050/1050/1050 1049/1049/1049
f 1050/1050/1050 1051/1051/1051 1052/1052/1052
f 1053/1053/1053 1046/1046/1046 1048/1048/1048
f 1046/1046/1046 1053/1053/1053 1045/1045/1045
f 1050/1050/1050 1053/1053/1053 1048/1048/1048
f 1032/1032/1032 1045/1045/1045 1054/1054/1054
f 1032/1032/1032 1054/1054/1054 984/984/984
f 984/984/984 1054/1054/1054 980/980/980
f 1055/1055/1055 1045/1045/1045 1053/1053/1053
f 1045/1045/1045 1055/1055/1055 1054/1054/1054
f 1054/1054/1054 1056/1056/1056 980/980/980
f 1054/1054/1054 1055/1055/1055 1056/1056/1056
f 980/980/980 1056/1056/1056 981/981/981
f 1057/1057/1057 1055/1055/1055 1053/1053/1053
f 1050/1050/1050 1057/1057/1057 1053/1053/1053
f 1058/1058/1058 1050/1050/1050 1052/1052/1052
f 1059/1059/1059 1058/1058/1058 1052/1052/1052
f 1060/1060/1060 981/981/981 1056/1056/1056
f 981/981/981 1060/1060/1060 973/973/973
f 1055/1055/1055 1061/1061/1061 1056/1056/1056
f 1055/1055/1055 1057/1057/1057 1061/1061/1061
f 1061/1061/1061 1060/1060/1060 1056/1056/1056
f 1060/1060/1060 1062/1062/1062 973/973/973
f 1062/1062/1062 975/975/975 973/973/973
f 1062/1062/1062 1060/1060/1060 1063/1063/1063
f 1063/1063/1063 1060/1060/1060 1061/1061/1061
f 1062/1062/1062 1063/1063/1063 975/975/975
f 1064/1064/1064 1063/1063/1063 1061/1061/1061
f 1057/1057/1057 1064/1064/1064 1061/1061/1061
f 1063/1063/1063 1065/1065/1065 975/975/975
f 1065/1065/1065 1063/1063/1063 1064/1064/1064
f 1065/1065/1065 1066/1066/1066 975/975/975
f 1059/1059/1059 1066/1066/1066 1067/1067/1067
f 1067/1067/1067 1066/1066/1066 1065/1065/1065
f 1058/1058/1058 1059/1059/1059 1067/1067/1067
f 1068/1068/1068 1065/1065/1065 1064/1064/1064
f 1068/1068/1068 1067/1067/1067 1065/1065/1065
f 1068/1068/1068 1064/1064/1064 1057/1057/1057
f 1058/1058/1058 1067/1067/1067 1068/1068/1068
f 1069/1069/1069 1068/1068/1068 1057/1057/1057
f 1069/1069/1069 1058/1058/1058 1068/1068/1068
f 1069/1069/1069 1057/1057/1057 1050/1050/1050
f 1058/1058/1058 1069/1069/1069 1050/1050/1050
f 1072/1072/1072 1071/1071/1071 1070/1070/1070
f 1071/1071/1071 1073/1073/1073 1070/1070/1070
f 1071/1071/1071 1074/1074/1074 1073/1073/1073
f 1074/1074/1074 1075/1075/1075 1073/1073/1073
f 1076/1076/1076 1075/1075/1075 1074/1074/1074
f 1077/1077/1077 1076/1076/1076 1074/1074/1074
f 1077/1077/1077 1078/1078/1078 1076/1076/1076
f 1075/1075/1075 1079/1079/1079 1073/1073/1073
f 1079/1079/1079 1075/1075/1075 1076/1076/1076
f 1079/1079/1079 1080/1080/1080 1073/1073/1073
f 1078/1078/1078 1081/1081/1081 1076/1076/1076
f 1082/1082/1082 1081/1081/1081 1078/1078/1078
f 1076/1076/1076 1081/1081/1081 1083/1083/1083
f 1083/1083/1083 1081/1081/1081 1082/1082/1082
f 1079/1079/1079 1084/1084/1084 1080/1080/1080
f 1080/1080/1080 1084/1084/1084 1085/1085/1085
f 1085/1085/1085 1084/1084/1084 1086/1086/1086
f 1087/1087/1087 1079/1079/1079 1076/1076/1076
f 1087/1087/1087 1076/1076/1076 1083/1083/1083
f 1088/1088/1088 1083/1083/1083 1082/1082/1082
f 1088/1088/1088 1082/1082/1082 1089/1089/1089
f 1090/1090/1090 1088/1088/1088 1089/1089/1089
f 1090/1090/1090 1091/1091/1091 1088/1088/1088
f 1091/1091/1091 1083/1083/1083 1088/1088/1088
f 1087/1087/1087 1083/1083/1083 1091/1091/1091
f 1087/1087/1087 1092/1092/1092 1079/1079/1079
f 1092/1092/1092 1087/1087/1087 1091/1091/1091
f 1092/1092/1092 1084/1084/1084 1079/1079/1079
f 1092/1092/1092 1091/1091/1091 1093/1093/1093
f 1084/1084/1084 1092/1092/1092 1093/1093/1093
f 1086/1086/1086 1084/1084/1084 1093/1093/1093
f 1094/1094/1094 1086/1086/1086 1093/1093/1093
f 1097/1097/1097 1096/1096/1096 1095/1095/1095
f 1098/1098/1098 1097/1097/1097 1095/1095/1095
f 1095/1095/1095 1099/1099/1099 1098/1098/1098
f 1099/1099/1099 1100/1100/1100 1098/1098/1098
f 1099/1099/1099 1095/1095/1095 1101/1101/1101
f 1097/1097/1097 1098/1098/1098 1102/1102/1102
f 1103/1103/1103 1097/1097/1097 1102/1102/1102
f 1103/1103/1103 1102/1102/1102 1104/1104/1104
f 1102/1102/1102 1105/1105/1105 1104/1104/1104
f 1105/1105/1105 1106/1106/1106 1104/1104/1104
f 1106/1106/1106 1107/1107/1107 1104/1104/1104
f 1102/1102/1102 1098/1098/1098 1108/1108/1108
f 1108/1108/1108 1098/1098/1098 1100/1100/1100
f 1108/1108/1108 1105/1105/1105 1102/1102/1102
f 1106/1106/1106 1109/1109/1109 1107/1107/1107
f 1106/1106/1106 1105/1105/1105 1109/1109/1109
f 1109/1109/1109 1110/1110/1110 1107/1107/1107
f 1109/1109/1109 1111/1111/1111 1110/1110/1110
f 1111/1111/1111 1112/1112/1112 1110/1110/1110
f 1112/1112/1112 1111/1111/1111 1113/1113/1113
f 1114/1114/1114 1112/1112/1112 1113/1113/1113
f 1113/1113/1113 1115/1115/1115 1114/1114/1114
f 1105/1105/1105 1116/1116/1116 1109/1109/1109
f 1105/1105/1105 1117/1117/1117 1116/1116/1116
f 1117/1117/1117 1118/1118/1118 1116/1116/1116
f 1119/1119/1119 1118/1118/1118 1117/1117/1117
f 1108/1108/1108 1120/1120/1120 1105/1105/1105
f 1121/1121/1121 1117/1117/1117 1105/1105/1105
f 1105/1105/1105 1120/1120/1120 1121/1121/1121
f 1121/1121/1121 1122/1122/1122 1117/1117/1117
f 1121/1121/1121 1120/1120/1120 1122/1122/1122
f 1123/1123/1123 1119/1119/1119 1117/1117/1117
f 1122/1122/1122 1123/1123/1123 1117/1117/1117
f 1119/1119/1119 1123/1123/1123 1124/1124/1124
f 1125/1125/1125 1119/1119/1119 1124/1124/1124
f 1124/1124/1124 1126/1126/1126 1125/1125/1125
f 1126/1126/1126 1127/1127/1127 1125/1125/1125
f 1128/1128/1128 1125/1125/1125 1127/1127/1127
f 1129/1129/1129 1128/1128/1128 1127/1127/1127
f 1129/1129/1129 1127/1127/1127 1126/1126/1126
f 1130/1130/1130 1128/1128/1128 1129/1129/1129
f 1123/1123/1123 1122/1122/1122 1131/1131/1131
f 1124/1124/1124 1123/1123/1123 1131/1131/1131
f 1120/1120/1120 1132/1132/1132 1122/1122/1122
f 1131/1131/1131 1122/1122/1122 1132/1132/1132
f 1124/1124/1124 1131/1131/1131 1133/1133/1133
f 1126/1126/1126 1124/1124/1124 1133/1133/1133
f 1133/1133/1133 1131/1131/1131 1132/1132/1132
f 1134/1134/1134 1130/1130/1130 1129/1129/1129
f 1134/1134/1134 1129/1129/1129 1126/1126/1126
f 1132/1132/1132 1120/1120/1120 1135/1135/1135
f 1135/1135/1135 1120/1120/1120 1108/1108/1108
f 1136/1136/1136 1133/1133/1133 1132/1132/1132
f 1133/1133/1133 1136/1136/1136 1126/1126/1126
f 1136/1136/1136 1132/1132/1132 1135/1135/1135
f 1136/1136/1136 1137/1137/1137 1126/1126/1126
f 1136/1136/1136 1135/1135/1135 1137/1137/1137
f 1138/1138/1138 1135/1135/1135 1108/1108/1108
f 1135/1135/1135 1138/1138/1138 1137/1137/1137
f 1138/1138/1138 1108/1108/1108 1100/1100/1100
f 1138/1138/1138 1100/1100/1100 1137/1137/1137
f 1130/1130/1130 1134/1134/1134 1139/1139/1139
f 1139/1139/1139 1134/1134/1134 1140/1140/1140
f 1141/1141/1141 1130/1130/1130 1139/1139/1139
f 1141/1141/1141 1139/1139/1139 1142/1142/1142
f 1139/1139/1139 1143/1143/1143 1142/1142/1142
f 1139/1139/1139 1140/1140/1140 1143/1143/1143
f 1134/1134/1134 1126/1126/1126 1144/1144/1144
f 1144/1144/1144 1126/1126/1126 1137/1137/1137
f 1134/1134/1134 1144/1144/1144 1140/1140/1140
f 1140/1140/1140 1144/1144/1144 1137/1137/1137
f 1145/1145/1145 1137/1137/1137 1100/1100/1100
f 1145/1145/1145 1140/1140/1140 1137/1137/1137
f 1146/1146/1146 1145/1145/1145 1100/1100/1100
f 1145/1145/1145 1146/1146/1146 1140/1140/1140
f 1140/1140/1140 1147/1147/1147 1143/1143/1143
f 1146/1146/1146 1147/1147/1147 1140/1140/1140
f 1148/1148/1148 1143/1143/1143 1147/1147/1147
f 1149/1149/1149 1146/1146/1146 1100/1100/1100
f 1099/1099/1099 1149/1149/1149 1100/1100/1100
f 1099/1099/1099 1101/1101/1101 1149/1149/1149
f 1101/1101/1101 1150/1150/1150 1149/1149/1149
f 1149/1149/1149 1150/1150/1150 1146/1146/1146
f 1150/1150/1150 1101/1101/1101 1151/1151/1151
f 1148/1148/1148 1150/1150/1150 1151/1151/1151
f 1152/1152/1152 1148/1148/1148 1147/1147/1147
f 1147/1147/1147 1146/1146/1146 1152/1152/1152
f 1150/1150/1150 1148/1148/1148 1153/1153/1153
f 1148/1148/1148 1152/1152/1152 1153/1153/1153
f 1150/1150/1150 1153/1153/1153 1146/1146/1146
f 1146/1146/1146 1153/1153/1153 1152/1152/1152
f 1156/1156/1156 1155/1155/1155 1154/1154/1154
f 1157/1157/1157 1156/1156/1156 1154/1154/1154
f 1156/1156/1156 1157/1157/1157 1158/1158/1158
f 1159/1159/1159 1156/1156/1156 1158/1158/1158
f 1158/1158/1158 1160/1160/1160 1159/1159/1159
f 1160/1160/1160 1161/1161/1161 1159/1159/1159
f 1160/1160/1160 1162/1162/1162 1161/1161/1161
f 1162/1162/1162 1163/1163/1163 1161/1161/1161
f 1164/1164/1164 1163/1163/1163 1162/1162/1162
f 1165/1165/1165 1164/1164/1164 1162/1162/1162
f 1166/1166/1166 1164/1164/1164 1165/1165/1165
f 1167/1167/1167 1166/1166/1166 1165/1165/1165
f 1170/1170/1170 1169/1169/1169 1168/1168/1168
f 1169/1169/1169 1171/1171/1171 1168/1168/1168
f 1169/1169/1169 1172/1172/1172 1171/1171/1171
f 1171/1171/1171 1173/1173/1173 1168/1168/1168
f 1173/1173/1173 1174/1174/1174 1168/1168/1168
f 1168/1168/1168 1174/1174/1174 1175/1175/1175
f 1175/1175/1175 1174/1174/1174 1176/1176/1176
f 1174/1174/1174 1173/1173/1173 1176/1176/1176
f 1177/1177/1177 1175/1175/1175 1176/1176/1176
f 1177/1177/1177 1176/1176/1176 1178/1178/1178
f 1179/1179/1179 1177/1177/1177 1178/1178/1178
f 1178/1178/1178 1180/1180/1180 1179/1179/1179
f 1180/1180/1180 1181/1181/1181 1179/1179/1179
f 1180/1180/1180 1182/1182/1182 1181/1181/1181
f 1182/1182/1182 1183/1183/1183 1181/1181/1181
f 1184/1184/1184 1183/1183/1183 1182/1182/1182
f 1172/1172/1172 1185/1185/1185 1171/1171/1171
f 1173/1173/1173 1171/1171/1171 1186/1186/1186
f 1171/1171/1171 1185/1185/1185 1186/1186/1186
f 1187/1187/1187 1185/1185/1185 1172/1172/1172
f 1188/1188/1188 1187/1187/1187 1172/1172/1172
f 1189/1189/1189 1187/1187/1187 1188/1188/1188
f 1190/1190/1190 1187/1187/1187 1189/1189/1189
f 1191/1191/1191 1190/1190/1190 1189/1189/1189
f 1192/1192/1192 1191/1191/1191 1189/1189/1189
f 1185/1185/1185 1187/1187/1187 1193/1193/1193
f 1186/1186/1186 1185/1185/1185 1193/1193/1193
f 1193/1193/1193 1187/1187/1187 1194/1194/1194
f 1187/1187/1187 1190/1190/1190 1194/1194/1194
f 1193/1193/1193 1194/1194/1194 1195/1195/1195
f 1186/1186/1186 1193/1193/1193 1195/1195/1195
f 1196/1196/1196 1173/1173/1173 1186/1186/1186
f 1173/1173/1173 1196/1196/1196 1176/1176/1176
f 1197/1197/1197 1196/1196/1196 1186/1186/1186
f 1197/1197/1197 1186/1186/1186 1195/1195/1195
f 1196/1196/1196 1197/1197/1197 1198/1198/1198
f 1196/1196/1196 1198/1198/1198 1176/1176/1176
f 1194/1194/1194 1190/1190/1190 1199/1199/1199
f 1194/1194/1194 1199/1199/1199 1195/1195/1195
f 1197/1197/1197 1195/1195/1195 1200/1200/1200
f 1197/1197/1197 1200/1200/1200 1198/1198/1198
f 1195/1195/1195 1199/1199/1199 1201/1201/1201
f 1200/1200/1200 1195/1195/1195 1201/1201/1201
f 1190/1190/1190 1202/1202/1202 1199/1199/1199
f 1199/1199/1199 1202/1202/1202 1201/1201/1201
f 1176/1176/1176 1198/1198/1198 1203/1203/1203
f 1204/1204/1204 1198/1198/1198 1200/1200/1200
f 1198/1198/1198 1204/1204/1204 1203/1203/1203
f 1205/1205/1205 1200/1200/1200 1201/1201/1201
f 1205/1205/1205 1204/1204/1204 1200/1200/1200
f 1203/1203/1203 1206/1206/1206 1176/1176/1176
f 1206/1206/1206 1178/1178/1178 1176/1176/1176
f 1204/1204/1204 1207/1207/1207 1203/1203/1203
f 1204/1204/1204 1205/1205/1205 1207/1207/1207
f 1206/1206/1206 1203/1203/1203 1207/1207/1207
f 1205/1205/1205 1201/1201/1201 1208/1208/1208
f 1201/1201/1201 1202/1202/1202 1208/1208/1208
f 1205/1205/1205 1208/1208/1208 1207/1207/1207
f 1208/1208/1208 1202/1202/1202 1209/1209/1209
f 1207/1207/1207 1208/1208/1208 1209/1209/1209
f 1190/1190/1190 1210/1210/1210 1202/1202/1202
f 1210/1210/1210 1209/1209/1209 1202/1202/1202
f 1211/1211/1211 1207/1207/1207 1209/1209/1209
f 1211/1211/1211 1206/1206/1206 1207/1207/1207
f 1178/1178/1178 1206/1206/1206 1212/1212/1212
f 1180/1180/1180 1178/1178/1178 1212/1212/1212
f 1210/1210/1210 1213/1213/1213 1209/1209/1209
f 1211/1211/1211 1209/1209/1209 1213/1213/1213
f 1211/1211/1211 1214/1214/1214 1206/1206/1206
f 1214/1214/1214 1212/1212/1212 1206/1206/1206
f 1212/1212/1212 1214/1214/1214 1215/1215/1215
f 1180/1180/1180 1212/1212/1212 1216/1216/1216
f 1216/1216/1216 1212/1212/1212 1215/1215/1215
f 1182/1182/1182 1180/1180/1180 1216/1216/1216
f 1215/1215/1215 1182/1182/1182 1216/1216/1216
f 1211/1211/1211 1217/1217/1217 1214/1214/1214
f 1217/1217/1217 1211/1211/1211 1213/1213/1213
f 1214/1214/1214 1217/1217/1217 1215/1215/1215
f 1218/1218/1218 1210/1210/1210 1190/1190/1190
f 1219/1219/1219 1213/1213/1213 1210/1210/1210
f 1218/1218/1218 1219/1219/1219 1210/1210/1210
f 1220/1220/1220 1219/1219/1219 1218/1218/1218
f 1219/1219/1219 1220/1220/1220 1221/1221/1221
f 1213/1213/1213 1219/1219/1219 1222/1222/1222
f 1213/1213/1213 1222/1222/1222 1217/1217/1217
f 1219/1219/1219 1221/1221/1221 1222/1222/1222
f 1217/1217/1217 1223/1223/1223 1215/1215/1215
f 1222/1222/1222 1223/1223/1223 1217/1217/1217
f 1223/1223/1223 1224/1224/1224 1215/1215/1215
f 1223/1223/1223 1222/1222/1222 1224/1224/1224
f 1182/1182/1182 1215/1215/1215 1225/1225/1225
f 1225/1225/1225 1215/1215/1215 1224/1224/1224
f 1222/1222/1222 1226/1226/1226 1224/1224/1224
f 1226/1226/1226 1222/1222/1222 1221/1221/1221
f 1226/1226/1226 1225/1225/1225 1224/1224/1224
f 1227/1227/1227 1226/1226/1226 1221/1221/1221
f 1226/1226/1226 1227/1227/1227 1225/1225/1225
f 1228/1228/1228 1182/1182/1182 1225/1225/1225
f 1184/1184/1184 1182/1182/1182 1228/1228/1228
f 1225/1225/1225 1229/1229/1229 1228/1228/1228
f 1227/1227/1227 1229/1229/1229 1225/1225/1225
f 1228/1228/1228 1230/1230/1230 1184/1184/1184
f 1229/1229/1229 1230/1230/1230 1228/1228/1228
f 1230/1230/1230 1231/1231/1231 1184/1184/1184
f 1230/1230/1230 1232/1232/1232 1231/1231/1231
f 1230/1230/1230 1229/1229/1229 1232/1232/1232
f 1232/1232/1232 1233/1233/1233 1231/1231/1231
f 1232/1232/1232 1234/1234/1234 1233/1233/1233
f 1234/1234/1234 1232/1232/1232 1235/1235/1235
f 1235/1235/1235 1236/1236/1236 1234/1234/1234
f 1229/1229/1229 1237/1237/1237 1232/1232/1232
f 1232/1232/1232 1237/1237/1237 1235/1235/1235
f 1227/1227/1227 1221/1221/1221 1238/1238/1238
f 1220/1220/1220 1238/1238/1238 1221/1221/1221
f 1229/1229/1229 1227/1227/1227 1239/1239/1239
f 1237/1237/1237 1229/1229/1229 1239/1239/1239
f 1240/1240/1240 1227/1227/1227 1238/1238/1238
f 1227/1227/1227 1240/1240/1240 1239/1239/1239
f 1236/1236/1236 1235/1235/1235 1241/1241/1241
f 1237/1237/1237 1242/1242/1242 1235/1235/1235
f 1235/1235/1235 1242/1242/1242 1241/1241/1241
f 1243/1243/1243 1241/1241/1241 1242/1242/1242
f 1241/1241/1241 1244/1244/1244 1236/1236/1236
f 1244/1244/1244 1241/1241/1241 1243/1243/1243
f 1244/1244/1244 1245/1245/1245 1236/1236/1236
f 1245/1245/1245 1244/1244/1244 1246/1246/1246
f 1247/1247/1247 1245/1245/1245 1246/1246/1246
f 1247/1247/1247 1246/1246/1246 1248/1248/1248
f 1248/1248/1248 1246/1246/1246 1249/1249/1249
f 1246/1246/1246 1250/1250/1250 1249/1249/1249
f 1251/1251/1251 1237/1237/1237 1239/1239/1239
f 1237/1237/1237 1251/1251/1251 1242/1242/1242
f 1251/1251/1251 1239/1239/1239 1252/1252/1252
f 1251/1251/1251 1252/1252/1252 1242/1242/1242
f 1252/1252/1252 1243/1243/1243 1242/1242/1242
f 1252/1252/1252 1253/1253/1253 1243/1243/1243
f 1239/1239/1239 1240/1240/1240 1252/1252/1252
f 1253/1253/1253 1252/1252/1252 1240/1240/1240
f 1244/1244/1244 1254/1254/1254 1246/1246/1246
f 1254/1254/1254 1244/1244/1244 1243/1243/1243
f 1246/1246/1246 1255/1255/1255 1250/1250/1250
f 1254/1254/1254 1255/1255/1255 1246/1246/1246
f 1255/1255/1255 1256/1256/1256 1250/1250/1250
f 1257/1257/1257 1256/1256/1256 1255/1255/1255
f 1255/1255/1255 1254/1254/1254 1258/1258/1258
f 1257/1257/1257 1255/1255/1255 1258/1258/1258
f 1259/1259/1259 1254/1254/1254 1243/1243/1243
f 1259/1259/1259 1258/1258/1258 1254/1254/1254
f 1259/1259/1259 1260/1260/1260 1258/1258/1258
f 1257/1257/1257 1258/1258/1258 1261/1261/1261
f 1258/1258/1258 1260/1260/1260 1261/1261/1261
f 1257/1257/1257 1261/1261/1261 1262/1262/1262
f 1263/1263/1263 1259/1259/1259 1243/1243/1243
f 1253/1253/1253 1263/1263/1263 1243/1243/1243
f 1264/1264/1264 1262/1262/1262 1261/1261/1261
f 1265/1265/1265 1262/1262/1262 1264/1264/1264
f 1266/1266/1266 1265/1265/1265 1264/1264/1264
f 1267/1267/1267 1259/1259/1259 1263/1263/1263
f 1267/1267/1267 1260/1260/1260 1259/1259/1259
f 1268/1268/1268 1264/1264/1264 1261/1261/1261
f 1268/1268/1268 1261/1261/1261 1260/1260/1260
f 1266/1266/1266 1264/1264/1264 1269/1269/1269
f 1268/1268/1268 1269/1269/1269 1264/1264/1264
f 1270/1270/1270 1269/1269/1269 1268/1268/1268
f 1271/1271/1271 1266/1266/1266 1269/1269/1269
f 1271/1271/1271 1269/1269/1269 1270/1270/1270
f 1192/1192/1192 1271/1271/1271 1270/1270/1270
f 1272/1272/1272 1267/1267/1267 1263/1263/1263
f 1272/1272/1272 1263/1263/1263 1253/1253/1253
f 1272/1272/1272 1273/1273/1273 1267/1267/1267
f 1267/1267/1267 1273/1273/1273 1260/1260/1260
f 1274/1274/1274 1273/1273/1273 1272/1272/1272
f 1274/1274/1274 1272/1272/1272 1253/1253/1253
f 1274/1274/1274 1275/1275/1275 1273/1273/1273
f 1273/1273/1273 1276/1276/1276 1260/1260/1260
f 1274/1274/1274 1276/1276/1276 1275/1275/1275
f 1277/1277/1277 1268/1268/1268 1260/1260/1260
f 1260/1260/1260 1276/1276/1276 1277/1277/1277
f 1278/1278/1278 1192/1192/1192 1270/1270/1270
f 1191/1191/1191 1192/1192/1192 1278/1278/1278
f 1279/1279/1279 1270/1270/1270 1268/1268/1268
f 1279/1279/1279 1268/1268/1268 1277/1277/1277
f 1280/1280/1280 1274/1274/1274 1253/1253/1253
f 1281/1281/1281 1276/1276/1276 1274/1274/1274
f 1281/1281/1281 1274/1274/1274 1280/1280/1280
f 1276/1276/1276 1220/1220/1220 1277/1277/1277
f 1276/1276/1276 1281/1281/1281 1220/1220/1220
f 1282/1282/1282 1279/1279/1279 1277/1277/1277
f 1282/1282/1282 1277/1277/1277 1220/1220/1220
f 1281/1281/1281 1238/1238/1238 1220/1220/1220
f 1238/1238/1238 1281/1281/1281 1280/1280/1280
f 1240/1240/1240 1238/1238/1238 1280/1280/1280
f 1283/1283/1283 1280/1280/1280 1253/1253/1253
f 1283/1283/1283 1253/1253/1253 1240/1240/1240
f 1283/1283/1283 1240/1240/1240 1280/1280/1280
f 1279/1279/1279 1284/1284/1284 1270/1270/1270
f 1279/1279/1279 1282/1282/1282 1284/1284/1284
f 1284/1284/1284 1285/1285/1285 1270/1270/1270
f 1278/1278/1278 1270/1270/1270 1285/1285/1285
f 1286/1286/1286 1282/1282/1282 1220/1220/1220
f 1286/1286/1286 1220/1220/1220 1218/1218/1218
f 1282/1282/1282 1287/1287/1287 1284/1284/1284
f 1284/1284/1284 1287/1287/1287 1285/1285/1285
f 1286/1286/1286 1288/1288/1288 1282/1282/1282
f 1288/1288/1288 1286/1286/1286 1218/1218/1218
f 1288/1288/1288 1287/1287/1287 1282/1282/1282
f 1289/1289/1289 1278/1278/1278 1285/1285/1285
f 1191/1191/1191 1278/1278/1278 1289/1289/1289
f 1288/1288/1288 1218/1218/1218 1290/1290/1290
f 1290/1290/1290 1191/1191/1191 1289/1289/1289
f 1290/1290/1290 1218/1218/1218 1190/1190/1190
f 1290/1290/1290 1190/1190/1190 1191/1191/1191
f 1291/1291/1291 1288/1288/1288 1290/1290/1290
f 1288/1288/1288 1291/1291/1291 1287/1287/1287
f 1291/1291/1291 1290/1290/1290 1289/1289/1289
f 1287/1287/1287 1292/1292/1292 1285/1285/1285
f 1289/1289/1289 1285/1285/1285 1292/1292/1292
f 1291/1291/1291 1292/1292/1292 1287/1287/1287
f 1292/1292/1292 1291/1291/1291 1289/1289/1289
f 1295/1295/1295 1294/1294/1294 1293/1293/1293
f 1294/1294/1294 1296/1296/1296 1293/1293/1293
f 1296/1296/1296 1294/1294/1294 1297/1297/1297
f 1294/1294/1294 1298/1298/1298 1297/1297/1297
f 1298/1298/1298 1299/1299/1299 1297/1297/1297
f 1299/1299/1299 1300/1300/1300 1297/1297/1297
f 1296/1296/1296 1301/1301/1301 1293/1293/1293
f 1301/1301/1301 1296/1296/1296 1297/1297/1297
f 1301/1301/1301 1302/1302/1302 1293/1293/1293
f 1302/1302/1302 1301/1301/1301 1303/1303/1303
f 1301/1301/1301 1304/1304/1304 1303/1303/1303
f 1304/1304/1304 1301/1301/1301 1297/1297/1297
f 1305/1305/1305 1304/1304/1304 1297/1297/1297
f 1300/1300/1300 1306/1306/1306 1297/1297/1297
f 1305/1305/1305 1297/1297/1297 1306/1306/1306
f 1300/1300/1300 1307/1307/1307 1306/1306/1306
f 1307/1307/1307 1308/1308/1308 1306/1306/1306
f 1308/1308/1308 1307/1307/1307 1309/1309/1309
f 1304/1304/1304 1310/1310/1310 1303/1303/1303
f 1310/1310/1310 1311/1311/1311 1303/1303/1303
f 1311/1311/1311 1310/1310/1310 1312/1312/1312
f 1312/1312/1312 1310/1310/1310 1313/1313/1313
f 1314/1314/1314 1312/1312/1312 1313/1313/1313
f 1315/1315/1315 1310/1310/1310 1304/1304/1304
f 1310/1310/1310 1315/1315/1315 1313/1313/1313
f 1316/1316/1316 1314/1314/1314 1313/1313/1313
f 1316/1316/1316 1313/1313/1313 1315/1315/1315
f 1317/1317/1317 1314/1314/1314 1316/1316/1316
f 1318/1318/1318 1317/1317/1317 1316/1316/1316
f 1319/1319/1319 1317/1317/1317 1318/1318/1318
f 1320/1320/1320 1306/1306/1306 1308/1308/1308
f 1320/1320/1320 1305/1305/1305 1306/1306/1306
f 1321/1321/1321 1315/1315/1315 1304/1304/1304
f 1321/1321/1321 1304/1304/1304 1305/1305/1305
f 1322/1322/1322 1316/1316/1316 1315/1315/1315
f 1316/1316/1316 1322/1322/1322 1318/1318/1318
f 1315/1315/1315 1321/1321/1321 1323/1323/1323
f 1322/1322/1322 1315/1315/1315 1323/1323/1323
f 1324/1324/1324 1321/1321/1321 1305/1305/1305
f 1321/1321/1321 1324/1324/1324 1323/1323/1323
f 1325/1325/1325 1320/1320/1320 1308/1308/1308
f 1326/1326/1326 1305/1305/1305 1320/1320/1320
f 1326/1326/1326 1320/1320/1320 1325/1325/1325
f 1327/1327/1327 1324/1324/1324 1305/1305/1305
f 1326/1326/1326 1327/1327/1327 1305/1305/1305
f 1328/1328/1328 1325/1325/1325 1308/1308/1308
f 1309/1309/1309 1328/1328/1328 1308/1308/1308
f 1328/1328/1328 1309/1309/1309 1329/1329/1329
f 1309/1309/1309 1330/1330/1330 1329/1329/1329
f 1331/1331/1331 1322/1322/1322 1323/1323/1323
f 1323/1323/1323 1324/1324/1324 1332/1332/1332
f 1331/1331/1331 1323/1323/1323 1332/1332/1332
f 1333/1333/1333 1324/1324/1324 1327/1327/1327
f 1324/1324/1324 1333/1333/1333 1332/1332/1332
f 1326/1326/1326 1334/1334/1334 1327/1327/1327
f 1334/1334/1334 1333/1333/1333 1327/1327/1327
f 1326/1326/1326 1325/1325/1325 1335/1335/1335
f 1334/1334/1334 1326/1326/1326 1335/1335/1335
f 1328/1328/1328 1336/1336/1336 1325/1325/1325
f 1336/1336/1336 1335/1335/1335 1325/1325/1325
f 1336/1336/1336 1328/1328/1328 1337/1337/1337
f 1335/1335/1335 1336/1336/1336 1337/1337/1337
f 1328/1328/1328 1338/1338/1338 1337/1337/1337
f 1338/1338/1338 1328/1328/1328 1329/1329/1329
f 1339/1339/1339 1335/1335/1335 1337/1337/1337
f 1337/1337/1337 1338/1338/1338 1339/1339/1339
f 1340/1340/1340 1334/1334/1334 1335/1335/1335
f 1340/1340/1340 1335/1335/1335 1339/1339/1339
f 1333/1333/1333 1334/1334/1334 1341/1341/1341
f 1334/1334/1334 1340/1340/1340 1341/1341/1341
f 1342/1342/1342 1332/1332/1332 1333/1333/1333
f 1341/1341/1341 1342/1342/1342 1333/1333/1333
f 1343/1343/1343 1338/1338/1338 1329/1329/1329
f 1343/1343/1343 1329/1329/1329 1330/1330/1330
f 1338/1338/1338 1344/1344/1344 1339/1339/1339
f 1338/1338/1338 1343/1343/1343 1344/1344/1344
f 1343/1343/1343 1345/1345/1345 1344/1344/1344
f 1346/1346/1346 1340/1340/1340 1339/1339/1339
f 1346/1346/1346 1339/1339/1339 1344/1344/1344
f 1347/1347/1347 1341/1341/1341 1340/1340/1340
f 1346/1346/1346 1347/1347/1347 1340/1340/1340
f 1348/1348/1348 1346/1346/1346 1344/1344/1344
f 1348/1348/1348 1344/1344/1344 1345/1345/1345
f 1347/1347/1347 1346/1346/1346 1348/1348/1348
f 1349/1349/1349 1343/1343/1343 1330/1330/1330
f 1343/1343/1343 1349/1349/1349 1345/1345/1345
f 1332/1332/1332 1342/1342/1342 1350/1350/1350
f 1350/1350/1350 1331/1331/1331 1332/1332/1332
f 1351/1351/1351 1342/1342/1342 1341/1341/1341
f 1347/1347/1347 1351/1351/1351 1341/1341/1341
f 1349/1349/1349 1330/1330/1330 1352/1352/1352
f 1330/1330/1330 1353/1353/1353 1352/1352/1352
f 1354/1354/1354 1349/1349/1349 1352/1352/1352
f 1355/1355/1355 1354/1354/1354 1352/1352/1352
f 1356/1356/1356 1354/1354/1354 1355/1355/1355
f 1357/1357/1357 1356/1356/1356 1355/1355/1355
f 1357/1357/1357 1358/1358/1358 1356/1356/1356
f 1356/1356/1356 1359/1359/1359 1354/1354/1354
f 1358/1358/1358 1359/1359/1359 1356/1356/1356
f 1358/1358/1358 1360/1360/1360 1359/1359/1359
f 1358/1358/1358 1361/1361/1361 1360/1360/1360
f 1349/1349/1349 1354/1354/1354 1362/1362/1362
f 1359/1359/1359 1362/1362/1362 1354/1354/1354
f 1360/1360/1360 1363/1363/1363 1359/1359/1359
f 1362/1362/1362 1359/1359/1359 1363/1363/1363
f 1364/1364/1364 1349/1349/1349 1362/1362/1362
f 1349/1349/1349 1364/1364/1364 1345/1345/1345
f 1362/1362/1362 1365/1365/1365 1364/1364/1364
f 1365/1365/1365 1362/1362/1362 1363/1363/1363
f 1365/1365/1365 1345/1345/1345 1364/1364/1364
f 1363/1363/1363 1366/1366/1366 1365/1365/1365
f 1363/1363/1363 1360/1360/1360 1366/1366/1366
f 1365/1365/1365 1367/1367/1367 1345/1345/1345
f 1366/1366/1366 1367/1367/1367 1365/1365/1365
f 1368/1368/1368 1367/1367/1367 1366/1366/1366
f 1367/1367/1367 1369/1369/1369 1345/1345/1345
f 1369/1369/1369 1367/1367/1367 1368/1368/1368
f 1369/1369/1369 1348/1348/1348 1345/1345/1345
f 1348/1348/1348 1369/1369/1369 1368/1368/1368
f 1360/1360/1360 1370/1370/1370 1366/1366/1366
f 1370/1370/1370 1368/1368/1368 1366/1366/1366
f 1371/1371/1371 1348/1348/1348 1368/1368/1368
f 1371/1371/1371 1347/1347/1347 1348/1348/1348
f 1347/1347/1347 1371/1371/1371 1372/1372/1372
f 1372/1372/1372 1371/1371/1371 1368/1368/1368
f 1351/1351/1351 1347/1347/1347 1372/1372/1372
f 1373/1373/1373 1372/1372/1372 1368/1368/1368
f 1372/1372/1372 1373/1373/1373 1351/1351/1351
f 1370/1370/1370 1373/1373/1373 1368/1368/1368
f 1373/1373/1373 1374/1374/1374 1351/1351/1351
f 1351/1351/1351 1374/1374/1374 1342/1342/1342
f 1374/1374/1374 1375/1375/1375 1342/1342/1342
f 1342/1342/1342 1375/1375/1375 1350/1350/1350
f 1376/1376/1376 1373/1373/1373 1370/1370/1370
f 1377/1377/1377 1374/1374/1374 1373/1373/1373
f 1376/1376/1376 1377/1377/1377 1373/1373/1373
f 1378/1378/1378 1375/1375/1375 1374/1374/1374
f 1377/1377/1377 1378/1378/1378 1374/1374/1374
f 1379/1379/1379 1350/1350/1350 1375/1375/1375
f 1378/1378/1378 1379/1379/1379 1375/1375/1375
f 1380/1380/1380 1378/1378/1378 1377/1377/1377
f 1378/1378/1378 1380/1380/1380 1379/1379/1379
f 1381/1381/1381 1376/1376/1376 1370/1370/1370
f 1381/1381/1381 1370/1370/1370 1360/1360/1360
f 1350/1350/1350 1379/1379/1379 1382/1382/1382
f 1331/1331/1331 1350/1350/1350 1382/1382/1382
f 1383/1383/1383 1380/1380/1380 1377/1377/1377
f 1383/1383/1383 1377/1377/1377 1376/1376/1376
f 1384/1384/1384 1383/1383/1383 1376/1376/1376
f 1385/1385/1385 1384/1384/1384 1376/1376/1376
f 1381/1381/1381 1385/1385/1385 1376/1376/1376
f 1382/1382/1382 1386/1386/1386 1331/1331/1331
f 1386/1386/1386 1322/1322/1322 1331/1331/1331
f 1322/1322/1322 1386/1386/1386 1318/1318/1318
f 1387/1387/1387 1318/1318/1318 1386/1386/1386
f 1387/1387/1387 1319/1319/1319 1318/1318/1318
f 1386/1386/1386 1382/1382/1382 1388/1388/1388
f 1388/1388/1388 1387/1387/1387 1386/1386/1386
f 1389/1389/1389 1380/1380/1380 1383/1383/1383
f 1384/1384/1384 1389/1389/1389 1383/1383/1383
f 1387/1387/1387 1390/1390/1390 1319/1319/1319
f 1390/1390/1390 1387/1387/1387 1388/1388/1388
f 1382/1382/1382 1391/1391/1391 1388/1388/1388
f 1391/1391/1391 1382/1382/1382 1379/1379/1379
f 1380/1380/1380 1392/1392/1392 1379/1379/1379
f 1392/1392/1392 1391/1391/1391 1379/1379/1379
f 1393/1393/1393 1390/1390/1390 1388/1388/1388
f 1393/1393/1393 1388/1388/1388 1391/1391/1391
f 1390/1390/1390 1394/1394/1394 1319/1319/1319
f 1390/1390/1390 1393/1393/1393 1394/1394/1394
f 1394/1394/1394 1395/1395/1395 1319/1319/1319
f 1393/1393/1393 1395/1395/1395 1394/1394/1394
f 1395/1395/1395 1396/1396/1396 1319/1319/1319
f 1397/1397/1397 1392/1392/1392 1380/1380/1380
f 1389/1389/1389 1397/1397/1397 1380/1380/1380
f 1398/1398/1398 1391/1391/1391 1392/1392/1392
f 1398/1398/1398 1393/1393/1393 1391/1391/1391
f 1397/1397/1397 1398/1398/1398 1392/1392/1392
f 1399/1399/1399 1393/1393/1393 1398/1398/1398
f 1395/1395/1395 1393/1393/1393 1399/1399/1399
f 1400/1400/1400 1395/1395/1395 1399/1399/1399
f 1400/1400/1400 1399/1399/1399 1401/1401/1401
f 1401/1401/1401 1399/1399/1399 1398/1398/1398
f 1401/1401/1401 1398/1398/1398 1397/1397/1397
f 1402/1402/1402 1396/1396/1396 1395/1395/1395
f 1400/1400/1400 1402/1402/1402 1395/1395/1395
f 1402/1402/1402 1403/1403/1403 1396/1396/1396
f 1404/1404/1404 1403/1403/1403 1402/1402/1402
f 1405/1405/1405 1404/1404/1404 1402/1402/1402
f 1402/1402/1402 1400/1400/1400 1405/1405/1405
f 1406/1406/1406 1405/1405/1405 1400/1400/1400
f 1407/1407/1407 1404/1404/1404 1405/1405/1405
f 1408/1408/1408 1407/1407/1407 1405/1405/1405
f 1408/1408/1408 1405/1405/1405 1406/1406/1406
f 1409/1409/1409 1408/1408/1408 1406/1406/1406
f 1409/1409/1409 1406/1406/1406 1410/1410/1410
f 1406/1406/1406 1411/1411/1411 1410/1410/1410
f 1410/1410/1410 1411/1411/1411 1412/1412/1412
f 1413/1413/1413 1406/1406/1406 1400/1400/1400
f 1406/1406/1406 1413/1413/1413 1414/1414/1414
f 1413/1413/1413 1400/1400/1400 1414/1414/1414
f 1411/1411/1411 1406/1406/1406 1414/1414/1414
f 1400/1400/1400 1415/1415/1415 1414/1414/1414
f 1415/1415/1415 1400/1400/1400 1401/1401/1401
f 1415/1415/1415 1401/1401/1401 1416/1416/1416
f 1416/1416/1416 1401/1401/1401 1397/1397/1397
f 1397/1397/1397 1389/1389/1389 1416/1416/1416
f 1417/1417/1417 1414/1414/1414 1415/1415/1415
f 1417/1417/1417 1415/1415/1415 1416/1416/1416
f 1389/1389/1389 1418/1418/1418 1416/1416/1416
f 1417/1417/1417 1416/1416/1416 1418/1418/1418
f 1389/1389/1389 1384/1384/1384 1418/1418/1418
f 1411/1411/1411 1414/1414/1414 1419/1419/1419
f 1417/1417/1417 1419/1419/1419 1414/1414/1414
f 1420/1420/1420 1417/1417/1417 1418/1418/1418
f 1384/1384/1384 1421/1421/1421 1418/1418/1418
f 1420/1420/1420 1418/1418/1418 1421/1421/1421
f 1420/1420/1420 1422/1422/1422 1417/1417/1417
f 1422/1422/1422 1419/1419/1419 1417/1417/1417
f 1423/1423/1423 1420/1420/1420 1421/1421/1421
f 1422/1422/1422 1420/1420/1420 1423/1423/1423
f 1424/1424/1424 1422/1422/1422 1423/1423/1423
f 1424/1424/1424 1423/1423/1423 1425/1425/1425
f 1423/1423/1423 1421/1421/1421 1426/1426/1426
f 1426/1426/1426 1421/1421/1421 1384/1384/1384
f 1425/1425/1425 1423/1423/1423 1426/1426/1426
f 1422/1422/1422 1427/1427/1427 1419/1419/1419
f 1422/1422/1422 1424/1424/1424 1427/1427/1427
f 1428/1428/1428 1411/1411/1411 1419/1419/1419
f 1427/1427/1427 1428/1428/1428 1419/1419/1419
f 1429/1429/1429 1426/1426/1426 1384/1384/1384
f 1429/1429/1429 1384/1384/1384 1430/1430/1430
f 1384/1384/1384 1385/1385/1385 1430/1430/1430
f 1426/1426/1426 1429/1429/1429 1431/1431/1431
f 1426/1426/1426 1431/1431/1431 1425/1425/1425
f 1429/1429/1429 1430/1430/1430 1431/1431/1431
f 1432/1432/1432 1425/1425/1425 1431/1431/1431
f 1432/1432/1432 1431/1431/1431 1430/1430/1430
f 1432/1432/1432 1430/1430/1430 1433/1433/1433
f 1432/1432/1432 1433/1433/1433 1425/1425/1425
f 1430/1430/1430 1385/1385/1385 1434/1434/1434
f 1430/1430/1430 1434/1434/1434 1433/1433/1433
f 1385/1385/1385 1435/1435/1435 1434/1434/1434
f 1385/1385/1385 1381/1381/1381 1435/1435/1435
f 1381/1381/1381 1436/1436/1436 1435/1435/1435
f 1436/1436/1436 1381/1381/1381 1360/1360/1360
f 1436/1436/1436 1360/1360/1360 1437/1437/1437
f 1360/1360/1360 1361/1361/1361 1437/1437/1437
f 1438/1438/1438 1437/1437/1437 1361/1361/1361
f 1439/1439/1439 1438/1438/1438 1361/1361/1361
f 1439/1439/1439 1440/1440/1440 1438/1438/1438
f 1441/1441/1441 1440/1440/1440 1439/1439/1439
f 1440/1440/1440 1442/1442/1442 1438/1438/1438
f 1442/1442/1442 1440/1440/1440 1441/1441/1441
f 1437/1437/1437 1438/1438/1438 1443/1443/1443
f 1438/1438/1438 1442/1442/1442 1443/1443/1443
f 1434/1434/1434 1435/1435/1435 1444/1444/1444
f 1435/1435/1435 1436/1436/1436 1445/1445/1445
f 1435/1435/1435 1445/1445/1445 1444/1444/1444
f 1446/1446/1446 1436/1436/1436 1437/1437/1437
f 1436/1436/1436 1446/1446/1446 1445/1445/1445
f 1447/1447/1447 1437/1437/1437 1443/1443/1443
f 1447/1447/1447 1446/1446/1446 1437/1437/1437
f 1447/1447/1447 1443/1443/1443 1448/1448/1448
f 1442/1442/1442 1448/1448/1448 1443/1443/1443
f 1446/1446/1446 1447/1447/1447 1448/1448/1448
f 1449/1449/1449 1442/1442/1442 1441/1441/1441
f 1448/1448/1448 1442/1442/1442 1449/1449/1449
f 1434/1434/1434 1444/1444/1444 1450/1450/1450
f 1433/1433/1433 1434/1434/1434 1450/1450/1450
f 1450/1450/1450 1451/1451/1451 1433/1433/1433
f 1444/1444/1444 1452/1452/1452 1450/1450/1450
f 1452/1452/1452 1444/1444/1444 1445/1445/1445
f 1452/1452/1452 1451/1451/1451 1450/1450/1450
f 1448/1448/1448 1453/1453/1453 1446/1446/1446
f 1453/1453/1453 1448/1448/1448 1449/1449/1449
f 1446/1446/1446 1454/1454/1454 1445/1445/1445
f 1453/1453/1453 1454/1454/1454 1446/1446/1446
f 1441/1441/1441 1455/1455/1455 1449/1449/1449
f 1441/1441/1441 1456/1456/1456 1455/1455/1455
f 1453/1453/1453 1449/1449/1449 1457/1457/1457
f 1453/1453/1453 1457/1457/1457 1454/1454/1454
f 1454/1454/1454 1458/1458/1458 1445/1445/1445
f 1458/1458/1458 1452/1452/1452 1445/1445/1445
f 1451/1451/1451 1459/1459/1459 1433/1433/1433
f 1433/1433/1433 1459/1459/1459 1425/1425/1425
f 1455/1455/1455 1456/1456/1456 1460/1460/1460
f 1461/1461/1461 1460/1460/1460 1456/1456/1456
f 1449/1449/1449 1462/1462/1462 1457/1457/1457
f 1455/1455/1455 1462/1462/1462 1449/1449/1449
f 1458/1458/1458 1454/1454/1454 1463/1463/1463
f 1457/1457/1457 1463/1463/1463 1454/1454/1454
f 1425/1425/1425 1459/1459/1459 1464/1464/1464
f 1464/1464/1464 1424/1424/1424 1425/1425/1425
f 1459/1459/1459 1465/1465/1465 1464/1464/1464
f 1424/1424/1424 1464/1464/1464 1465/1465/1465
f 1465/1465/1465 1459/1459/1459 1466/1466/1466
f 1466/1466/1466 1424/1424/1424 1465/1465/1465
f 1459/1459/1459 1451/1451/1451 1466/1466/1466
f 1467/1467/1467 1424/1424/1424 1466/1466/1466
f 1467/1467/1467 1466/1466/1466 1451/1451/1451
f 1424/1424/1424 1467/1467/1467 1427/1427/1427
f 1468/1468/1468 1427/1427/1427 1467/1467/1467
f 1428/1428/1428 1427/1427/1427 1468/1468/1468
f 1469/1469/1469 1467/1467/1467 1451/1451/1451
f 1469/1469/1469 1468/1468/1468 1467/1467/1467
f 1470/1470/1470 1469/1469/1469 1451/1451/1451
f 1468/1468/1468 1469/1469/1469 1470/1470/1470
f 1470/1470/1470 1451/1451/1451 1452/1452/1452
f 1471/1471/1471 1428/1428/1428 1468/1468/1468
f 1411/1411/1411 1428/1428/1428 1471/1471/1471
f 1452/1452/1452 1472/1472/1472 1470/1470/1470
f 1472/1472/1472 1452/1452/1452 1458/1458/1458
f 1473/1473/1473 1468/1468/1468 1470/1470/1470
f 1468/1468/1468 1473/1473/1473 1471/1471/1471
f 1472/1472/1472 1473/1473/1473 1470/1470/1470
f 1474/1474/1474 1411/1411/1411 1471/1471/1471
f 1411/1411/1411 1474/1474/1474 1412/1412/1412
f 1475/1475/1475 1412/1412/1412 1474/1474/1474
f 1475/1475/1475 1476/1476/1476 1412/1412/1412
f 1476/1476/1476 1475/1475/1475 1477/1477/1477
f 1473/1473/1473 1478/1478/1478 1471/1471/1471
f 1478/1478/1478 1474/1474/1474 1471/1471/1471
f 1478/1478/1478 1473/1473/1473 1472/1472/1472
f 1475/1475/1475 1474/1474/1474 1478/1478/1478
f 1479/1479/1479 1472/1472/1472 1458/1458/1458
f 1479/1479/1479 1458/1458/1458 1463/1463/1463
f 1480/1480/1480 1478/1478/1478 1472/1472/1472
f 1480/1480/1480 1472/1472/1472 1479/1479/1479
f 1480/1480/1480 1475/1475/1475 1478/1478/1478
f 1481/1481/1481 1480/1480/1480 1479/1479/1479
f 1481/1481/1481 1479/1479/1479 1463/1463/1463
f 1480/1480/1480 1481/1481/1481 1475/1475/1475
f 1475/1475/1475 1482/1482/1482 1477/1477/1477
f 1481/1481/1481 1482/1482/1482 1475/1475/1475
f 1477/1477/1477 1482/1482/1482 1483/1483/1483
f 1484/1484/1484 1481/1481/1481 1463/1463/1463
f 1481/1481/1481 1484/1484/1484 1482/1482/1482
f 1484/1484/1484 1463/1463/1463 1457/1457/1457
f 1482/1482/1482 1485/1485/1485 1483/1483/1483
f 1484/1484/1484 1485/1485/1485 1482/1482/1482
f 1485/1485/1485 1486/1486/1486 1483/1483/1483
f 1486/1486/1486 1487/1487/1487 1483/1483/1483
f 1488/1488/1488 1487/1487/1487 1486/1486/1486
f 1489/1489/1489 1484/1484/1484 1457/1457/1457
f 1484/1484/1484 1489/1489/1489 1485/1485/1485
f 1489/1489/1489 1486/1486/1486 1485/1485/1485
f 1457/1457/1457 1462/1462/1462 1489/1489/1489
f 1462/1462/1462 1490/1490/1490 1489/1489/1489
f 1486/1486/1486 1489/1489/1489 1490/1490/1490
f 1490/1490/1490 1462/1462/1462 1455/1455/1455
f 1491/1491/1491 1490/1490/1490 1455/1455/1455
f 1491/1491/1491 1486/1486/1486 1490/1490/1490
f 1491/1491/1491 1455/1455/1455 1460/1460/1460
f 1492/1492/1492 1488/1488/1488 1486/1486/1486
f 1491/1491/1491 1492/1492/1492 1486/1486/1486
f 1491/1491/1491 1460/1460/1460 1493/1493/1493
f 1491/1491/1491 1493/1493/1493 1492/1492/1492
f 1492/1492/1492 1494/1494/1494 1488/1488/1488
f 1493/1493/1493 1494/1494/1494 1492/1492/1492
f 1494/1494/1494 1495/1495/1495 1488/1488/1488
f 1496/1496/1496 1495/1495/1495 1494/1494/1494
f 1497/1497/1497 1493/1493/1493 1460/1460/1460
f 1461/1461/1461 1497/1497/1497 1460/1460/1460
f 1498/1498/1498 1494/1494/1494 1493/1493/1493
f 1497/1497/1497 1498/1498/1498 1493/1493/1493
f 1497/1497/1497 1461/1461/1461 1498/1498/1498
f 1498/1498/1498 1496/1496/1496 1494/1494/1494
f 1461/1461/1461 1499/1499/1499 1498/1498/1498
f 1498/1498/1498 1499/1499/1499 1496/1496/1496
f 1499/1499/1499 1500/1500/1500 1496/1496/1496
f 1503/1503/1503 1502/1502/1502 1501/1501/1501
f 1504/1504/1504 1503/1503/1503 1501/1501/1501
f 1507/1507/1507 1506/1506/1506 1505/1505/1505
f 1508/1508/1508 1507/1507/1507 1505/1505/1505
f 1511/1511/1511 1510/1510/1510 1509/1509/1509
f 1512/1512/1512 1511/1511/1511 1509/1509/1509
f 1515/1515/1515 1514/1514/1514 1513/1513/1513
f 1516/1516/1516 1515/1515/1515 1513/1513/1513
f 1519/1519/1519 1518/1518/1518 1517/1517/1517
f 1518/1518/1518 1520/1520/1520 1517/1517/1517
f 1517/1517/1517 1520/1520/1520 1521/1521/1521
f 1522/1522/1522 1517/1517/1517 1521/1521/1521
f 1525/1525/1525 1524/1524/1524 1523/1523/1523
f 1524/1524/1524 1526/1526/1526 1523/1523/1523
f 1527/1527/1527 1526/1526/1526 1524/1524/1524
f 1528/1528/1528 1527/1527/1527 1524/1524/1524
f 1531/1531/1531 1530/1530/1530 1529/1529/1529
f 1532/1532/1532 1531/1531/1531 1529/1529/1529
f 1535/1535/1535 1534/1534/1534 1533/1533/1533
f 1534/1534/1534 1536/1536/1536 1533/1533/1533
f 1533/1533/1533 1536/1536/1536 1537/1537/1537
f 1538/1538/1538 1533/1533/1533 1537/1537/1537
f 1541/1541/1541 1540/1540/1540 1539/1539/1539
f 1542/1542/1542 1541/1541/1541 1539/1539/1539
f 1542/1542/1542 1539/1539/1539 1543/1543/1543
f 1544/1544/1544 1542/1542/1542 1543/1543/1543
f 1547/1547/1547 1546/1546/1546 1545/1545/1545
f 1548/1548/1548 1547/1547/1547 1545/1545/1545
f 1551/1551/1551 1550/1550/1550 1549/1549/1549
f 1552/1552/1552 1551/1551/1551 1549/1549/1549
f 1553/1553/1553 1551/1551/1551 1552/1552/1552
f 1554/1554/1554 1553/1553/1553 1552/1552/1552
f 1557/1557/1557 1556/1556/1556 1555/1555/1555
f 1558/1558/1558 1557/1557/1557 1555/1555/1555
f 1559/1559/1559 1557/1557/1557 1558/1558/1558
f 1560/1560/1560 1559/1559/1559 1558/1558/1558
f 1563/1563/1563 1562/1562/1562 1561/1561/1561
f 1564/1564/1564 1563/1563/1563 1561/1561/1561
f 1567/1567/1567 1566/1566/1566 1565/1565/1565
f 1568/1568/1568 1567/1567/1567 1565/1565/1565
f 1571/1571/1571 1570/1570/1570 1569/1569/1569
f 1572/1572/1572 1571/1571/1571 1569/1569/1569
f 1575/1575/1575 1574/1574/1574 1573/1573/1573
f 1576/1576/1576 1575/1575/1575 1573/1573/1573
f 1579/1579/1579 1578/1578/1578 1577/1577/1577
f 1580/1580/1580 1579/1579/1579 1577/1577/1577
f 1580/1580/1580 1577/1577/1577 1581/1581/1581
f 1577/1577/1577 1582/1582/1582 1581/1581/1581
f 1585/1585/1585 1584/1584/1584 1583/1583/1583
f 1586/1586/1586 1585/1585/1585 1583/1583/1583
f 1586/1586/1586 1587/1587/1587 1585/1585/1585
f 1587/1587/1587 1588/1588/1588 1585/1585/1585
f 1591/1591/1591 1590/1590/1590 1589/1589/1589
f 1592/1592/1592 1591/1591/1591 1589/1589/1589
f 1595/1595/1595 1594/1594/1594 1593/1593/1593
f 1596/1596/1596 1595/1595/1595 1593/1593/1593
f 1596/1596/1596 1593/1593/1593 1597/1597/1597
f 1593/1593/1593 1598/1598/1598 1597/1597/1597
f 1601/1601/1601 1600/1600/1600 1599/1599/1599
f 1600/1600/1600 1602/1602/1602 1599/1599/1599
f 1599/1599/1599 1602/1602/1602 1603/1603/1603
f 1602/1602/1602 1604/1604/1604 1603/1603/1603
f 1607/1607/1607 1606/1606/1606 1605/1605/1605
f 1608/1608/1608 1607/1607/1607 1605/1605/1605
f 1611/1611/1611 1610/1610/1610 1609/1609/1609
f 1612/1612/1612 1611/1611/1611 1609/1609/1609
f 1612/1612/1612 1609/1609/1609 1613/1613/1613
f 1614/1614/1614 1612/1612/1612 1613/1613/1613
f 1614/1614/1614 1613/1613/1613 1615/1615/1615
f 1616/1616/1616 1614/1614/1614 1615/1615/1615
f 1616/1616/1616 1615/1615/1615 1617/1617/1617
f 1618/1618/1618 1616/1616/1616 1617/1617/1617
f 1618/1618/1618 1617/1617/1617 1619/1619/1619
f 1620/1620/1620 1618/1618/1618 1619/1619/1619
f 1620/1620/1620 1619/1619/1619 1621/1621/1621
f 1622/1622/1622 1620/1620/1620 1621/1621/1621
f 1622/1622/1622 1621/1621/1621 1623/1623/1623
f 1624/1624/1624 1622/1622/1622 1623/1623/1623
f 1624/1624/1624 1623/1623/1623 1625/1625/1625
f 1626/1626/1626 1624/1624/1624 1625/1625/1625
f 1626/1626/1626 1625/1625/1625 1627/1627/1627
f 1628/1628/1628 1626/1626/1626 1627/1627/1627
f 1628/1628/1628 1627/1627/1627 1629/1629/1629
f 1630/1630/1630 1628/1628/1628 1629/1629/1629
f 1630/1630/1630 1629/1629/1629 1631/1631/1631
f 1631/1631/1631 1629/1629/1629 1632/1632/1632
f 1629/1629/1629 1633/1633/1633 1632/1632/1632
f 1631/1631/1631 1632/1632/1632 1634/1634/1634
f 1635/1635/1635 1630/1630/1630 1631/1631/1631
f 1636/1636/1636 1630/1630/1630 1635/1635/1635
f 1637/1637/1637 1636/1636/1636 1635/1635/1635
f 1638/1638/1638 1631/1631/1631 1634/1634/1634
f 1635/1635/1635 1631/1631/1631 1638/1638/1638
f 1638/1638/1638 1634/1634/1634 1639/1639/1639
f 1637/1637/1637 1635/1635/1635 1640/1640/1640
f 1640/1640/1640 1635/1635/1635 1638/1638/1638
f 1641/1641/1641 1637/1637/1637 1640/1640/1640
f 1642/1642/1642 1638/1638/1638 1639/1639/1639
f 1640/1640/1640 1638/1638/1638 1642/1642/1642
f 1642/1642/1642 1639/1639/1639 1643/1643/1643
f 1641/1641/1641 1640/1640/1640 1644/1644/1644
f 1644/1644/1644 1640/1640/1640 1642/1642/1642
f 1645/1645/1645 1641/1641/1641 1644/1644/1644
f 1646/1646/1646 1642/1642/1642 1643/1643/1643
f 1644/1644/1644 1642/1642/1642 1646/1646/1646
f 1646/1646/1646 1643/1643/1643 1647/1647/1647
f 1645/1645/1645 1644/1644/1644 1648/1648/1648
f 1648/1648/1648 1644/1644/1644 1646/1646/1646
f 1649/1649/1649 1645/1645/1645 1648/1648/1648
f 1650/1650/1650 1646/1646/1646 1647/1647/1647
f 1648/1648/1648 1646/1646/1646 1650/1650/1650
f 1650/1650/1650 1647/1647/1647 1651/1651/1651
f 1649/1649/1649 1648/1648/1648 1652/1652/1652
f 1652/1652/1652 1648/1648/1648 1650/1650/1650
f 1653/1653/1653 1649/1649/1649 1652/1652/1652
f 1654/1654/1654 1650/1650/1650 1651/1651/1651
f 1652/1652/1652 1650/1650/1650 1654/1654/1654
f 1654/1654/1654 1651/1651/1651 1655/1655/1655
f 1653/1653/1653 1652/1652/1652 1656/1656/1656
f 1656/1656/1656 1652/1652/1652 1654/1654/1654
f 1657/1657/1657 1653/1653/1653 1656/1656/1656
f 1658/1658/1658 1654/1654/1654 1655/1655/1655
f 1656/1656/1656 1654/1654/1654 1658/1658/1658
f 1658/1658/1658 1655/1655/1655 1659/1659/1659
f 1660/1660/1660 1658/1658/1658 1659/1659/1659
f 1657/1657/1657 1656/1656/1656 1661/1661/1661
f 1661/1661/1661 1656/1656/1656 1658/1658/1658
f 1661/1661/1661 1658/1658/1658 1660/1660/1660
f 1662/1662/1662 1657/1657/1657 1661/1661/1661
f 1663/1663/1663 1661/1661/1661 1660/1660/1660
f 1662/1662/1662 1661/1661/1661 1663/1663/1663
f 1664/1664/1664 1662/1662/1662 1663/1663/1663
f 1667/1667/1667 1666/1666/1666 1665/1665/1665
f 1668/1668/1668 1667/1667/1667 1665/1665/1665
f 1668/1668/1668 1665/1665/1665 1669/1669/1669
f 1670/1670/1670 1668/1668/1668 1669/1669/1669
f 1670/1670/1670 1669/1669/1669 1671/1671/1671
f 1672/1672/1672 1670/1670/1670 1671/1671/1671
f 1672/1672/1672 1671/1671/1671 1673/1673/1673
f 1674/1674/1674 1672/1672/1672 1673/1673/1673
f 1674/1674/1674 1673/1673/1673 1675/1675/1675
f 1676/1676/1676 1674/1674/1674 1675/1675/1675
f 1676/1676/1676 1675/1675/1675 1677/1677/1677
f 1678/1678/1678 1676/1676/1676 1677/1677/1677
f 1678/1678/1678 1677/1677/1677 1679/1679/1679
f 1680/1680/1680 1678/1678/1678 1679/1679/1679
f 1680/1680/1680 1679/1679/1679 1681/1681/1681
f 1682/1682/1682 1680/1680/1680 1681/1681/1681
f 1682/1682/1682 1681/1681/1681 1683/1683/1683
f 1684/1684/1684 1682/1682/1682 1683/1683/1683
f 1684/1684/1684 1683/1683/1683 1685/1685/1685
f 1686/1686/1686 1684/1684/1684 1685/1685/1685
f 1686/1686/1686 1685/1685/1685 1687/1687/1687
f 1687/1687/1687 1685/1685/1685 1688/1688/1688
f 1685/1685/1685 1689/1689/1689 1688/1688/1688
f 1687/1687/1687 1688/1688/1688 1690/1690/1690
f 1691/1691/1691 1686/1686/1686 1687/1687/1687
f 1692/1692/1692 1686/1686/1686 1691/1691/1691
f 1693/1693/1693 1692/1692/1692 1691/1691/1691
f 1694/1694/1694 1687/1687/1687 1690/1690/1690
f 1691/1691/1691 1687/1687/1687 1694/1694/1694
f 1694/1694/1694 1690/1690/1690 1695/1695/1695
f 1693/1693/1693 1691/1691/1691 1696/1696/1696
f 1696/1696/1696 1691/1691/1691 1694/1694/1694
f 1697/1697/1697 1693/1693/1693 1696/1696/1696
f 1698/1698/1698 1694/1694/1694 1695/1695/1695
f 1696/1696/1696 1694/1694/1694 1698/1698/1698
f 1698/1698/1698 1695/1695/1695 1699/1699/1699
f 1697/1697/1697 1696/1696/1696 1700/1700/1700
f 1700/1700/1700 1696/1696/1696 1698/1698/1698
f 1701/1701/1701 1697/1697/1697 1700/1700/1700
f 1702/1702/1702 1698/1698/1698 1699/1699/1699
f 1700/1700/1700 1698/1698/1698 1702/1702/1702
f 1702/1702/1702 1699/1699/1699 1703/1703/1703
f 1701/1701/1701 1700/1700/1700 1704/1704/1704
f 1704/1704/1704 1700/1700/1700 1702/1702/1702
f 1705/1705/1705 1701/1701/1701 1704/1704/1704
f 1706/1706/1706 1702/1702/1702 1703/1703/1703
f 1704/1704/1704 1702/1702/1702 1706/1706/1706
f 1706/1706/1706 1703/1703/1703 1707/1707/1707
f 1705/1705/1705 1704/1704/1704 1708/1708/1708
f 1708/1708/1708 1704/1704/1704 1706/1706/1706
f 1709/1709/1709 1705/1705/1705 1708/1708/1708
f 1710/1710/1710 1706/1706/1706 1707/1707/1707
f 1708/1708/1708 1706/1706/1706 1710/1710/1710
f 1710/1710/1710 1707/1707/1707 1711/1711/1711
f 1709/1709/1709 1708/1708/1708 1712/1712/1712
f 1712/1712/1712 1708/1708/1708 1710/1710/1710
f 1713/1713/1713 1709/1709/1709 1712/1712/1712
f 1714/1714/1714 1710/1710/1710 1711/1711/1711
f 1712/1712/1712 1710/1710/1710 1714/1714/1714
f 1714/1714/1714 1711/1711/1711 1715/1715/1715
f 1716/1716/1716 1714/1714/1714 1715/1715/1715
f 1713/1713/1713 1712/1712/1712 1717/1717/1717
f 1717/1717/1717 1712/1712/1712 1714/1714/1714
f 1717/1717/1717 1714/1714/1714 1716/1716/1716
f 1718/1718/1718 1713/1713/1713 1717/1717/1717
f 1719/1719/1719 1717/1717/1717 1716/1716/1716
f 1718/1718/1718 1717/1717/1717 1719/1719/1719
f 1720/1720/1720 1718/1718/1718 1719/1719/1719
f 1723/1723/1723 1722/1722/1722 1721/1721/1721
f 1724/1724/1724 1723/1723/1723 1721/1721/1721
f 1727/1727/1727 1726/1726/1726 1725/1725/1725
f 1728/1728/1728 1727/1727/1727 1725/1725/1725
f 1731/1731/1731 1730/1730/1730 1729/1729/1729
f 1732/1732/1732 1731/1731/1731 1729/1729/1729
f 1735/1735/1735 1734/1734/1734 1733/1733/1733
f 1736/1736/1736 1735/1735/1735 1733/1733/1733
f 1739/1739/1739 1738/1738/1738 1737/1737/1737
f 1740/1740/1740 1739/1739/1739 1737/1737/1737
f 1743/1743/1743 1742/1742/1742 1741/1741/1741
f 1744/1744/1744 1743/1743/1743 1741/1741/1741
f 1747/1747/1747 1746/1746/1746 1745/1745/1745
f 1748/1748/1748 1747/1747/1747 1745/1745/1745
f 1751/1751/1751 1750/1750/1750 1749/1749/1749
f 1752/1752/1752 1751/1751/1751 1749/1749/1749
f 1755/1755/1755 1754/1754/1754 1753/1753/1753
f 1756/1756/1756 1755/1755/1755 1753/1753/1753
f 1756/1756/1756 1753/1753/1753 1757/1757/1757
f 1758/1758/1758 1756/1756/1756 1757/1757/1757
f 1761/1761/1761 1760/1760/1760 1759/1759/1759
f 1762/1762/1762 1761/1761/1761 1759/1759/1759
f 1762/1762/1762 1759/1759/1759 1763/1763/1763
f 1764/1764/1764 1762/1762/1762 1763/1763/1763
f 1767/1767/1767 1766/1766/1766 1765/1765/1765
f 1768/1768/1768 1767/1767/1767 1765/1765/1765
f 1768/1768/1768 1765/1765/1765 1769/1769/1769
f 1770/1770/1770 1768/1768/1768 1769/1769/1769
f 1773/1773/1773 1772/1772/1772 1771/1771/1771
f 1774/1774/1774 1773/1773/1773 1771/1771/1771
f 1774/1774/1774 1771/1771/1771 1775/1775/1775
f 1776/1776/1776 1774/1774/1774 1775/1775/1775
f 1779/1779/1779 1778/1778/1778 1777/1777/1777
f 1780/1780/1780 1779/1779/1779 1777/1777/1777
f 1780/1780/1780 1781/1781/1781 1779/1779/1779
f 1781/1781/1781 1782/1782/1782 1779/1779/1779
f 1785/1785/1785 1784/1784/1784 1783/1783/1783
f 1786/1786/1786 1785/1785/1785 1783/1783/1783
f 1786/1786/1786 1787/1787/1787 1785/1785/1785
f 1787/1787/1787 1788/1788/1788 1785/1785/1785
f 1791/1791/1791 1790/1790/1790 1789/1789/1789
f 1792/1792/1792 1791/1791/1791 1789/1789/1789
f 1792/1792/1792 1789/1789/1789 1793/1793/1793
f 1794/1794/1794 1792/1792/1792 1793/1793/1793
f 1797/1797/1797 1796/1796/1796 1795/1795/1795
f 1798/1798/1798 1797/1797/1797 1795/1795/1795
f 1798/1798/1798 1795/1795/1795 1799/1799/1799
f 1800/1800/1800 1798/1798/1798 1799/1799/1799
f 1803/1803/1803 1802/1802/1802 1801/1801/1801
f 1804/1804/1804 1803/1803/1803 1801/1801/1801
f 1804/1804/1804 1801/1801/1801 1805/1805/1805
f 1806/1806/1806 1804/1804/1804 1805/1805/1805
f 1809/1809/1809 1808/1808/1808 1807/1807/1807
f 1810/1810/1810 1809/1809/1809 1807/1807/1807
f 1810/1810/1810 1807/1807/1807 1811/1811/1811
f 1812/1812/1812 1810/1810/1810 1811/1811/1811
f 1815/1815/1815 1814/1814/1814 1813/1813/1813
f 1816/1816/1816 1815/1815/1815 1813/1813/1813
f 1816/1816/1816 1813/1813/1813 1817/1817/1817
f 1818/1818/1818 1816/1816/1816 1817/1817/1817
f 1821/1821/1821 1820/1820/1820 1819/1819/1819
f 1822/1822/1822 1821/1821/1821 1819/1819/1819
f 1822/1822/1822 1819/1819/1819 1823/1823/1823
f 1824/1824/1824 1822/1822/1822 1823/1823/1823
f 1827/1827/1827 1826/1826/1826 1825/1825/1825
f 1828/1828/1828 1827/1827/1827 1825/1825/1825
f 1828/1828/1828 1825/1825/1825 1829/1829/1829
f 1830/1830/1830 1828/1828/1828 1829/1829/1829
f 1833/1833/1833 1832/1832/1832 1831/1831/1831
f 1834/1834/1834 1833/1833/1833 1831/1831/1831
f 1834/1834/1834 1831/1831/1831 1835/1835/1835
f 1836/1836/1836 1834/1834/1834 1835/1835/1835
f 1839/1839/1839 1838/1838/1838 1837/1837/1837
f 1840/1840/1840 1839/1839/1839 1837/1837/1837
f 1840/1840/1840 1837/1837/1837 1841/1841/1841
f 1842/1842/1842 1840/1840/1840 1841/1841/1841
f 1845/1845/1845 1844/1844/1844 1843/1843/1843
f 1846/1846/1846 1845/1845/1845 1843/1843/1843
f 1846/1846/1846 1843/1843/1843 1847/1847/1847
f 1848/1848/1848 1846/1846/1846 1847/1847/1847
f 1851/1851/1851 1850/1850/1850 1849/1849/1849
f 1852/1852/1852 1851/1851/1851 1849/1849/1849
f 1851/1851/1851 1852/1852/1852 1853/1853/1853
f 1854/1854/1854 1851/1851/1851 1853/1853/1853
f 1857/1857/1857 1856/1856/1856 1855/1855/1855
f 1856/1856/1856 1858/1858/1858 1855/1855/1855
f 1855/1855/1855 1858/1858/1858 1859/1859/1859
f 1860/1860/1860 1855/1855/1855 1859/1859/1859
f 1863/1863/1863 1862/1862/1862 1861/1861/1861
f 1862/1862/1862 1864/1864/1864 1861/1861/1861
f 1861/1861/1861 1864/1864/1864 1865/1865/1865
f 1866/1866/1866 1861/1861/1861 1865/1865/1865
f 1869/1869/1869 1868/1868/1868 1867/1867/1867
f 1868/1868/1868 1870/1870/1870 1867/1867/1867
f 1867/1867/1867 1870/1870/1870 1871/1871/1871
f 1872/1872/1872 1867/1867/1867 1871/1871/1871
f 1875/1875/1875 1874/1874/1874 1873/1873/1873
f 1874/1874/1874 1876/1876/1876 1873/1873/1873
f 1873/1873/1873 1876/1876/1876 1877/1877/1877
f 1878/1878/1878 1873/1873/1873 1877/1877/1877
f 1881/1881/1881 1880/1880/1880 1879/1879/1879
f 1880/1880/1880 1882/1882/1882 1879/1879/1879
f 1879/1879/1879 1882/1882/1882 1883/1883/1883
f 1884/1884/1884 1879/1879/1879 1883/1883/1883
f 1887/1887/1887 1886/1886/1886 1885/1885/1885
f 1886/1886/1886 1888/1888/1888 1885/1885/1885
f 1885/1885/1885 1888/1888/1888 1889/1889/1889
f 1890/1890/1890 1885/1885/1885 1889/1889/1889
f 1893/1893/1893 1892/1892/1892 1891/1891/1891
f 1892/1892/1892 1894/1894/1894 1891/1891/1891
f 1891/1891/1891 1894/1894/1894 1895/1895/1895
f 1896/1896/1896 1891/1891/1891 1895/1895/1895
f 1899/1899/1899 1898/1898/1898 1897/1897/1897
f 1900/1900/1900 1899/1899/1899 1897/1897/1897
f 1903/1903/1903 1902/1902/1902 1901/1901/1901
f 1904/1904/1904 1903/1903/1903 1901/1901/1901
f 1907/1907/1907 1906/1906/1906 1905/1905/1905
f 1908/1908/1908 1907/1907/1907 1905/1905/1905
f 1911/1911/1911 1910/1910/1910 1909/1909/1909
f 1912/1912/1912 1911/1911/1911 1909/1909/1909
f 1915/1915/1915 1914/1914/1914 1913/1913/1913
f 1916/1916/1916 1915/1915/1915 1913/1913/1913
f 1919/1919/1919 1918/1918/1918 1917/1917/1917
f 1920/1920/1920 1919/1919/1919 1917/1917/1917
f 1923/1923/1923 1922/1922/1922 1921/1921/1921
f 1924/1924/1924 1923/1923/1923 1921/1921/1921
f 1927/1927/1927 1926/1926/1926 1925/1925/1925
f 1928/1928/1928 1927/1927/1927 1925/1925/1925
f 1931/1931/1931 1930/1930/1930 1929/1929/1929
f 1930/1930/1930 1932/1932/1932 1929/1929/1929
f 1929/1929/1929 1932/1932/1932 1933/1933/1933
f 1932/1932/1932 1934/1934/1934 1933/1933/1933
f 1937/1937/1937 1936/1936/1936 1935/1935/1935
f 1936/1936/1936 1938/1938/1938 1935/1935/1935
f 1935/1935/1935 1938/1938/1938 1939/1939/1939
f 1938/1938/1938 1940/1940/1940 1939/1939/1939
f 1943/1943/1943 1942/1942/1942 1941/1941/1941
f 1944/1944/1944 1943/1943/1943 1941/1941/1941
f 1945/1945/1945 1943/1943/1943 1944/1944/1944
f 1946/1946/1946 1945/1945/1945 1944/1944/1944
f 1949/1949/1949 1948/1948/1948 1947/1947/1947
f 1948/1948/1948 1950/1950/1950 1947/1947/1947
f 1947/1947/1947 1950/1950/1950 1951/1951/1951
f 1950/1950/1950 1952/1952/1952 1951/1951/1951
f 1955/1955/1955 1954/1954/1954 1953/1953/1953
f 1956/1956/1956 1955/1955/1955 1953/1953/1953
f 1959/1959/1959 1958/1958/1958 1957/1957/1957
f 1960/1960/1960 1959/1959/1959 1957/1957/1957
f 1963/1963/1963 1962/1962/1962 1961/1961/1961
f 1964/1964/1964 1963/1963/1963 1961/1961/1961
f 1967/1967/1967 1966/1966/1966 1965/1965/1965
f 1968/1968/1968 1967/1967/1967 1965/1965/1965
f 1971/1971/1971 1970/1970/1970 1969/1969/1969
f 1972/1972/1972 1971/1971/1971 1969/1969/1969
f 1975/1975/1975 1974/1974/1974 1973/1973/1973
f 1976/1976/1976 1975/1975/1975 1973/1973/1973
f 1979/1979/1979 1978/1978/1978 1977/1977/1977
f 1980/1980/1980 1979/1979/1979 1977/1977/1977
f 1983/1983/1983 1982/1982/1982 1981/1981/1981
f 1984/1984/1984 1983/1983/1983 1981/1981/1981
f 1987/1987/1987 1986/1986/1986 1985/1985/1985
f 1985/1985/1985 1986/1986/1986 1988/1988/1988
f 1991/1991/1991 1990/1990/1990 1989/1989/1989
f 1992/1992/1992 1990/1990/1990 1991/1991/1991
f 1995/1995/1995 1994/1994/1994 1993/1993/1993
f 1996/1996/1996 1994/1994/1994 1995/1995/1995
f 1999/1999/1999 1998/1998/1998 1997/1997/1997
f 2000/2000/2000 1998/1998/1998 1999/1999/1999
f 2003/2003/2003 2002/2002/2002 2001/2001/2001
f 2004/2004/2004 2003/2003/2003 2001/2001/2001
f 2005/2005/2005 2003/2003/2003 2004/2004/2004
f 2006/2006/2006 2005/2005/2005 2004/2004/2004
f 2009/2009/2009 2008/2008/2008 2007/2007/2007
f 2008/2008/2008 2010/2010/2010 2007/2007/2007
f 2007/2007/2007 2010/2010/2010 2011/2011/2011
f 2010/2010/2010 2012/2012/2012 2011/2011/2011
f 2015/2015/2015 2014/2014/2014 2013/2013/2013
f 2014/2014/2014 2016/2016/2016 2013/2013/2013
f 2013/2013/2013 2016/2016/2016 2017/2017/2017
f 2016/2016/2016 2018/2018/2018 2017/2017/2017
f 2021/2021/2021 2020/2020/2020 2019/2019/2019
f 2020/2020/2020 2022/2022/2022 2019/2019/2019
f 2019/2019/2019 2022/2022/2022 2023/2023/2023
f 2022/2022/2022 2024/2024/2024 2023/2023/2023
f 2025/2025/2025 894/894/894 893/893/893
f 2025/2025/2025 893/893/893 904/904/904
f 2026/2026/2026 894/894/894 2025/2025/2025
f 2027/2027/2027 894/894/894 2026/2026/2026
f 2027/2027/2027 831/831/831 894/894/894
f 831/831/831 2027/2027/2027 2028/2028/2028
f 2028/2028/2028 823/823/823 831/831/831
f 2029/2029/2029 823/823/823 2028/2028/2028
f 2030/2030/2030 2029/2029/2029 2028/2028/2028
f 2027/2027/2027 2030/2030/2030 2028/2028/2028
f 2029/2029/2029 2030/2030/2030 2031/2031/2031
f 2027/2027/2027 2032/2032/2032 2030/2030/2030
f 2030/2030/2030 2032/2032/2032 2031/2031/2031
f 2033/2033/2033 2027/2027/2027 2026/2026/2026
f 2027/2027/2027 2033/2033/2033 2032/2032/2032
f 2033/2033/2033 2026/2026/2026 2034/2034/2034
f 2034/2034/2034 2026/2026/2026 2025/2025/2025
f 2032/2032/2032 2035/2035/2035 2031/2031/2031
f 2035/2035/2035 2036/2036/2036 2031/2031/2031
f 2032/2032/2032 2033/2033/2033 2037/2037/2037
f 2037/2037/2037 2033/2033/2033 2034/2034/2034
f 2038/2038/2038 2032/2032/2032 2037/2037/2037
f 2032/2032/2032 2038/2038/2038 2035/2035/2035
f 2037/2037/2037 2039/2039/2039 2038/2038/2038
f 2039/2039/2039 2037/2037/2037 2034/2034/2034
f 2038/2038/2038 2040/2040/2040 2035/2035/2035
f 2039/2039/2039 2040/2040/2040 2038/2038/2038
f 2040/2040/2040 2039/2039/2039 2035/2035/2035
f 2036/2036/2036 2035/2035/2035 2041/2041/2041
f 2039/2039/2039 2041/2041/2041 2035/2035/2035
f 2042/2042/2042 2039/2039/2039 2034/2034/2034
f 2039/2039/2039 2042/2042/2042 2041/2041/2041
f 2042/2042/2042 2034/2034/2034 2043/2043/2043
f 2034/2034/2034 2025/2025/2025 2043/2043/2043
f 2042/2042/2042 2043/2043/2043 2041/2041/2041
f 2044/2044/2044 2036/2036/2036 2041/2041/2041
f 2041/2041/2041 2043/2043/2043 2044/2044/2044
f 904/904/904 2036/2036/2036 2044/2044/2044
f 2025/2025/2025 904/904/904 2045/2045/2045
f 2043/2043/2043 2025/2025/2025 2045/2045/2045
f 2043/2043/2043 2045/2045/2045 2044/2044/2044
f 2045/2045/2045 904/904/904 2044/2044/2044
f 2046/2046/2046 45/45/45 53/53/53
f 2047/2047/2047 45/45/45 2046/2046/2046
f 53/53/53 2048/2048/2048 2046/2046/2046
f 2048/2048/2048 53/53/53 112/112/112
f 2049/2049/2049 2047/2047/2047 2046/2046/2046
f 2048/2048/2048 2049/2049/2049 2046/2046/2046
f 2047/2047/2047 2049/2049/2049 2050/2050/2050
f 2048/2048/2048 112/112/112 2051/2051/2051
f 2051/2051/2051 112/112/112 131/131/131
f 2048/2048/2048 2052/2052/2052 2049/2049/2049
f 2052/2052/2052 2048/2048/2048 2051/2051/2051
f 2049/2049/2049 2053/2053/2053 2050/2050/2050
f 2052/2052/2052 2053/2053/2053 2049/2049/2049
f 2052/2052/2052 2051/2051/2051 2054/2054/2054
f 2054/2054/2054 2051/2051/2051 131/131/131
f 2053/2053/2053 2055/2055/2055 2050/2050/2050
f 2055/2055/2055 2056/2056/2056 2050/2050/2050
f 2053/2053/2053 2052/2052/2052 2057/2057/2057
f 2057/2057/2057 2052/2052/2052 2054/2054/2054
f 2058/2058/2058 2053/2053/2053 2057/2057/2057
f 2053/2053/2053 2058/2058/2058 2055/2055/2055
f 2057/2057/2057 2059/2059/2059 2058/2058/2058
f 2059/2059/2059 2057/2057/2057 2054/2054/2054
f 2058/2058/2058 2060/2060/2060 2055/2055/2055
f 2059/2059/2059 2060/2060/2060 2058/2058/2058
f 2060/2060/2060 2059/2059/2059 2055/2055/2055
f 2056/2056/2056 2055/2055/2055 2061/2061/2061
f 2059/2059/2059 2061/2061/2061 2055/2055/2055
f 2062/2062/2062 2059/2059/2059 2054/2054/2054
f 2059/2059/2059 2062/2062/2062 2061/2061/2061
f 2062/2062/2062 2054/2054/2054 2063/2063/2063
f 2054/2054/2054 131/131/131 2063/2063/2063
f 2062/2062/2062 2063/2063/2063 2061/2061/2061
f 2064/2064/2064 2056/2056/2056 2061/2061/2061
f 2061/2061/2061 2063/2063/2063 2064/2064/2064
f 122/122/122 2056/2056/2056 2064/2064/2064
f 131/131/131 122/122/122 2065/2065/2065
f 2063/2063/2063 131/131/131 2065/2065/2065
f 2063/2063/2063 2065/2065/2065 2064/2064/2064
f 2065/2065/2065 122/122/122 2064/2064/2064
f 2068/2068/2068 2067/2067/2067 2066/2066/2066
f 2069/2069/2069 2068/2068/2068 2066/2066/2066
f 2067/2067/2067 2070/2070/2070 2066/2066/2066
f 2071/2071/2071 2069/2069/2069 2066/2066/2066
f 2067/2067/2067 2072/2072/2072 2070/2070/2070
f 2071/2071/2071 2073/2073/2073 2069/2069/2069
f 2072/2072/2072 2073/2073/2073 2070/2070/2070
f 2073/2073/2073 2072/2072/2072 2069/2069/2069
f 2076/2076/2076 2075/2075/2075 2074/2074/2074
f 2075/2075/2075 2076/2076/2076 2077/2077/2077
f 2078/2078/2078 2076/2076/2076 2074/2074/2074
f 2076/2076/2076 2079/2079/2079 2077/2077/2077
f 2078/2078/2078 2074/2074/2074 2080/2080/2080
f 2077/2077/2077 2079/2079/2079 2081/2081/2081
f 2074/2074/2074 2081/2081/2081 2080/2080/2080
f 2079/2079/2079 2080/2080/2080 2081/2081/2081
f 2084/2084/2084 2083/2083/2083 2082/2082/2082
f 2084/2084/2084 2082/2082/2082 2085/2085/2085
f 2082/2082/2082 2086/2086/2086 2085/2085/2085
f 2087/2087/2087 2085/2085/2085 2086/2086/2086
f 2088/2088/2088 2086/2086/2086 2082/2082/2082
f 2086/2086/2086 2088/2088/2088 2089/2089/2089
f 2089/2089/2089 2087/2087/2087 2086/2086/2086
f 2090/2090/2090 2087/2087/2087 2089/2089/2089
f 2091/2091/2091 2090/2090/2090 2089/2089/2089
f 2088/2088/2088 2091/2091/2091 2089/2089/2089
f 2092/2092/2092 2090/2090/2090 2091/2091/2091
f 2083/2083/2083 2093/2093/2093 2082/2082/2082
f 2093/2093/2093 2083/2083/2083 2094/2094/2094
f 2083/2083/2083 2095/2095/2095 2094/2094/2094
f 2095/2095/2095 2096/2096/2096 2094/2094/2094
f 2096/2096/2096 2097/2097/2097 2094/2094/2094
f 2097/2097/2097 2096/2096/2096 2098/2098/2098
f 2099/2099/2099 2097/2097/2097 2098/2098/2098
f 2100/2100/2100 2099/2099/2099 2098/2098/2098
f 2100/2100/2100 2101/2101/2101 2099/2099/2099
f 2100/2100/2100 2102/2102/2102 2101/2101/2101
f 2099/2099/2099 2103/2103/2103 2097/2097/2097
f 2101/2101/2101 2103/2103/2103 2099/2099/2099
f 2102/2102/2102 2104/2104/2104 2101/2101/2101
f 2101/2101/2101 2104/2104/2104 2103/2103/2103
f 2104/2104/2104 2102/2102/2102 2105/2105/2105
f 2097/2097/2097 2106/2106/2106 2094/2094/2094
f 2103/2103/2103 2106/2106/2106 2097/2097/2097
f 2093/2093/2093 2094/2094/2094 2107/2107/2107
f 2106/2106/2106 2107/2107/2107 2094/2094/2094
f 2106/2106/2106 2103/2103/2103 2108/2108/2108
f 2107/2107/2107 2106/2106/2106 2108/2108/2108
f 2109/2109/2109 2093/2093/2093 2107/2107/2107
f 2082/2082/2082 2093/2093/2093 2109/2109/2109
f 2104/2104/2104 2110/2110/2110 2103/2103/2103
f 2103/2103/2103 2110/2110/2110 2108/2108/2108
f 2104/2104/2104 2111/2111/2111 2110/2110/2110
f 2104/2104/2104 2112/2112/2112 2111/2111/2111
f 2112/2112/2112 2104/2104/2104 2105/2105/2105
f 2105/2105/2105 2113/2113/2113 2112/2112/2112
f 2113/2113/2113 2105/2105/2105 2114/2114/2114
f 2115/2115/2115 2107/2107/2107 2108/2108/2108
f 2109/2109/2109 2107/2107/2107 2115/2115/2115
f 2116/2116/2116 2082/2082/2082 2109/2109/2109
f 2116/2116/2116 2088/2088/2088 2082/2082/2082
f 2116/2116/2116 2109/2109/2109 2117/2117/2117
f 2116/2116/2116 2117/2117/2117 2088/2088/2088
f 2112/2112/2112 2118/2118/2118 2111/2111/2111
f 2113/2113/2113 2118/2118/2118 2112/2112/2112
f 2119/2119/2119 2109/2109/2109 2115/2115/2115
f 2109/2109/2109 2119/2119/2119 2117/2117/2117
f 2117/2117/2117 2119/2119/2119 2120/2120/2120
f 2121/2121/2121 2119/2119/2119 2115/2115/2115
f 2119/2119/2119 2121/2121/2121 2120/2120/2120
f 2115/2115/2115 2108/2108/2108 2122/2122/2122
f 2122/2122/2122 2121/2121/2121 2115/2115/2115
f 2108/2108/2108 2123/2123/2123 2122/2122/2122
f 2108/2108/2108 2110/2110/2110 2123/2123/2123
f 2121/2121/2121 2122/2122/2122 2124/2124/2124
f 2124/2124/2124 2122/2122/2122 2123/2123/2123
f 2110/2110/2110 2125/2125/2125 2123/2123/2123
f 2111/2111/2111 2125/2125/2125 2110/2110/2110
f 2123/2123/2123 2125/2125/2125 2126/2126/2126
f 2126/2126/2126 2124/2124/2124 2123/2123/2123
f 2126/2126/2126 2127/2127/2127 2124/2124/2124
f 2124/2124/2124 2127/2127/2127 2128/2128/2128
f 2129/2129/2129 2121/2121/2121 2124/2124/2124
f 2120/2120/2120 2121/2121/2121 2129/2129/2129
f 2129/2129/2129 2124/2124/2124 2128/2128/2128
f 2125/2125/2125 2130/2130/2130 2126/2126/2126
f 2130/2130/2130 2125/2125/2125 2111/2111/2111
f 2127/2127/2127 2126/2126/2126 2131/2131/2131
f 2131/2131/2131 2126/2126/2126 2130/2130/2130
f 2132/2132/2132 2120/2120/2120 2129/2129/2129
f 2132/2132/2132 2129/2129/2129 2128/2128/2128
f 2133/2133/2133 2131/2131/2131 2130/2130/2130
f 2134/2134/2134 2130/2130/2130 2111/2111/2111
f 2130/2130/2130 2134/2134/2134 2133/2133/2133
f 2134/2134/2134 2135/2135/2135 2133/2133/2133
f 2134/2134/2134 2136/2136/2136 2135/2135/2135
f 2134/2134/2134 2111/2111/2111 2136/2136/2136
f 2131/2131/2131 2133/2133/2133 2137/2137/2137
f 2137/2137/2137 2127/2127/2127 2131/2131/2131
f 2133/2133/2133 2138/2138/2138 2137/2137/2137
f 2138/2138/2138 2133/2133/2133 2135/2135/2135
f 2127/2127/2127 2137/2137/2137 2138/2138/2138
f 2111/2111/2111 2139/2139/2139 2136/2136/2136
f 2136/2136/2136 2139/2139/2139 2140/2140/2140
f 2118/2118/2118 2139/2139/2139 2111/2111/2111
f 2141/2141/2141 2139/2139/2139 2118/2118/2118
f 2139/2139/2139 2141/2141/2141 2140/2140/2140
f 2136/2136/2136 2142/2142/2142 2135/2135/2135
f 2136/2136/2136 2140/2140/2140 2142/2142/2142
f 2142/2142/2142 2143/2143/2143 2135/2135/2135
f 2140/2140/2140 2143/2143/2143 2142/2142/2142
f 2144/2144/2144 2141/2141/2141 2118/2118/2118
f 2144/2144/2144 2118/2118/2118 2113/2113/2113
f 2145/2145/2145 2144/2144/2144 2113/2113/2113
f 2145/2145/2145 2113/2113/2113 2114/2114/2114
f 2146/2146/2146 2145/2145/2145 2114/2114/2114
f 2147/2147/2147 2146/2146/2146 2114/2114/2114
f 2148/2148/2148 2146/2146/2146 2147/2147/2147
f 2149/2149/2149 2144/2144/2144 2145/2145/2145
f 2146/2146/2146 2149/2149/2149 2145/2145/2145
f 2150/2150/2150 2141/2141/2141 2144/2144/2144
f 2149/2149/2149 2150/2150/2150 2144/2144/2144
f 2148/2148/2148 2151/2151/2151 2146/2146/2146
f 2151/2151/2151 2149/2149/2149 2146/2146/2146
f 2150/2150/2150 2152/2152/2152 2141/2141/2141
f 2152/2152/2152 2140/2140/2140 2141/2141/2141
f 2149/2149/2149 2153/2153/2153 2150/2150/2150
f 2151/2151/2151 2153/2153/2153 2149/2149/2149
f 2150/2150/2150 2153/2153/2153 2152/2152/2152
f 2151/2151/2151 2148/2148/2148 2154/2154/2154
f 2148/2148/2148 2155/2155/2155 2154/2154/2154
f 2156/2156/2156 2153/2153/2153 2151/2151/2151
f 2153/2153/2153 2156/2156/2156 2152/2152/2152
f 2154/2154/2154 2156/2156/2156 2151/2151/2151
f 2140/2140/2140 2152/2152/2152 2157/2157/2157
f 2157/2157/2157 2152/2152/2152 2156/2156/2156
f 2154/2154/2154 2155/2155/2155 2158/2158/2158
f 2155/2155/2155 2159/2159/2159 2158/2158/2158
f 2156/2156/2156 2154/2154/2154 2160/2160/2160
f 2154/2154/2154 2158/2158/2158 2160/2160/2160
f 2160/2160/2160 2157/2157/2157 2156/2156/2156
f 2158/2158/2158 2159/2159/2159 2161/2161/2161
f 2160/2160/2160 2158/2158/2158 2161/2161/2161
f 2159/2159/2159 2162/2162/2162 2161/2161/2161
f 2163/2163/2163 2140/2140/2140 2157/2157/2157
f 2143/2143/2143 2140/2140/2140 2163/2163/2163
f 2157/2157/2157 2160/2160/2160 2164/2164/2164
f 2160/2160/2160 2161/2161/2161 2164/2164/2164
f 2163/2163/2163 2157/2157/2157 2164/2164/2164
f 2165/2165/2165 2161/2161/2161 2162/2162/2162
f 2166/2166/2166 2165/2165/2165 2162/2162/2162
f 2167/2167/2167 2165/2165/2165 2166/2166/2166
f 2168/2168/2168 2167/2167/2167 2166/2166/2166
f 2167/2167/2167 2168/2168/2168 2169/2169/2169
f 2170/2170/2170 2167/2167/2167 2169/2169/2169
f 2170/2170/2170 2171/2171/2171 2167/2167/2167
f 2167/2167/2167 2171/2171/2171 2172/2172/2172
f 2165/2165/2165 2173/2173/2173 2161/2161/2161
f 2173/2173/2173 2164/2164/2164 2161/2161/2161
f 2165/2165/2165 2167/2167/2167 2174/2174/2174
f 2173/2173/2173 2165/2165/2165 2174/2174/2174
f 2175/2175/2175 2167/2167/2167 2172/2172/2172
f 2167/2167/2167 2175/2175/2175 2174/2174/2174
f 2176/2176/2176 2175/2175/2175 2172/2172/2172
f 2175/2175/2175 2176/2176/2176 2174/2174/2174
f 2177/2177/2177 2176/2176/2176 2172/2172/2172
f 2174/2174/2174 2178/2178/2178 2173/2173/2173
f 2178/2178/2178 2174/2174/2174 2176/2176/2176
f 2176/2176/2176 2177/2177/2177 2179/2179/2179
f 2177/2177/2177 2180/2180/2180 2179/2179/2179
f 2180/2180/2180 2181/2181/2181 2179/2179/2179
f 2180/2180/2180 2182/2182/2182 2181/2181/2181
f 2164/2164/2164 2173/2173/2173 2183/2183/2183
f 2178/2178/2178 2184/2184/2184 2173/2173/2173
f 2183/2183/2183 2173/2173/2173 2184/2184/2184
f 2185/2185/2185 2164/2164/2164 2183/2183/2183
f 2185/2185/2185 2163/2163/2163 2164/2164/2164
f 2186/2186/2186 2163/2163/2163 2185/2185/2185
f 2183/2183/2183 2186/2186/2186 2185/2185/2185
f 2186/2186/2186 2143/2143/2143 2163/2163/2163
f 2186/2186/2186 2183/2183/2183 2143/2143/2143
f 2183/2183/2183 2187/2187/2187 2143/2143/2143
f 2187/2187/2187 2183/2183/2183 2184/2184/2184
f 2188/2188/2188 2143/2143/2143 2187/2187/2187
f 2184/2184/2184 2188/2188/2188 2187/2187/2187
f 2143/2143/2143 2188/2188/2188 2135/2135/2135
f 2189/2189/2189 2188/2188/2188 2184/2184/2184
f 2178/2178/2178 2189/2189/2189 2184/2184/2184
f 2135/2135/2135 2188/2188/2188 2189/2189/2189
f 2178/2178/2178 2190/2190/2190 2189/2189/2189
f 2190/2190/2190 2178/2178/2178 2176/2176/2176
f 2191/2191/2191 2135/2135/2135 2189/2189/2189
f 2191/2191/2191 2138/2138/2138 2135/2135/2135
f 2189/2189/2189 2192/2192/2192 2191/2191/2191
f 2192/2192/2192 2138/2138/2138 2191/2191/2191
f 2189/2189/2189 2190/2190/2190 2192/2192/2192
f 2192/2192/2192 2127/2127/2127 2138/2138/2138
f 2190/2190/2190 2176/2176/2176 2193/2193/2193
f 2190/2190/2190 2193/2193/2193 2192/2192/2192
f 2176/2176/2176 2179/2179/2179 2193/2193/2193
f 2127/2127/2127 2192/2192/2192 2194/2194/2194
f 2192/2192/2192 2193/2193/2193 2194/2194/2194
f 2195/2195/2195 2193/2193/2193 2179/2179/2179
f 2194/2194/2194 2193/2193/2193 2195/2195/2195
f 2127/2127/2127 2194/2194/2194 2196/2196/2196
f 2128/2128/2128 2127/2127/2127 2196/2196/2196
f 2197/2197/2197 2195/2195/2195 2179/2179/2179
f 2197/2197/2197 2179/2179/2179 2181/2181/2181
f 2198/2198/2198 2194/2194/2194 2195/2195/2195
f 2198/2198/2198 2196/2196/2196 2194/2194/2194
f 2199/2199/2199 2128/2128/2128 2196/2196/2196
f 2199/2199/2199 2132/2132/2132 2128/2128/2128
f 2200/2200/2200 2195/2195/2195 2197/2197/2197
f 2200/2200/2200 2198/2198/2198 2195/2195/2195
f 2196/2196/2196 2198/2198/2198 2201/2201/2201
f 2202/2202/2202 2199/2199/2199 2196/2196/2196
f 2202/2202/2202 2196/2196/2196 2201/2201/2201
f 2203/2203/2203 2201/2201/2201 2198/2198/2198
f 2200/2200/2200 2203/2203/2203 2198/2198/2198
f 2204/2204/2204 2202/2202/2202 2201/2201/2201
f 2202/2202/2202 2204/2204/2204 2199/2199/2199
f 2201/2201/2201 2203/2203/2203 2204/2204/2204
f 2199/2199/2199 2205/2205/2205 2132/2132/2132
f 2204/2204/2204 2205/2205/2205 2199/2199/2199
f 2205/2205/2205 2206/2206/2206 2132/2132/2132
f 2132/2132/2132 2206/2206/2206 2120/2120/2120
f 2206/2206/2206 2207/2207/2207 2120/2120/2120
f 2205/2205/2205 2204/2204/2204 2208/2208/2208
f 2206/2206/2206 2205/2205/2205 2208/2208/2208
f 2203/2203/2203 2209/2209/2209 2204/2204/2204
f 2208/2208/2208 2204/2204/2204 2209/2209/2209
f 2210/2210/2210 2203/2203/2203 2200/2200/2200
f 2209/2209/2209 2203/2203/2203 2210/2210/2210
f 2206/2206/2206 2208/2208/2208 2211/2211/2211
f 2211/2211/2211 2208/2208/2208 2209/2209/2209
f 2120/2120/2120 2207/2207/2207 2212/2212/2212
f 2117/2117/2117 2120/2120/2120 2212/2212/2212
f 2117/2117/2117 2212/2212/2212 2088/2088/2088
f 2212/2212/2212 2207/2207/2207 2088/2088/2088
f 2213/2213/2213 2210/2210/2210 2200/2200/2200
f 2213/2213/2213 2200/2200/2200 2197/2197/2197
f 2214/2214/2214 2207/2207/2207 2206/2206/2206
f 2214/2214/2214 2206/2206/2206 2211/2211/2211
f 2207/2207/2207 2215/2215/2215 2088/2088/2088
f 2215/2215/2215 2091/2091/2091 2088/2088/2088
f 2216/2216/2216 2215/2215/2215 2207/2207/2207
f 2216/2216/2216 2091/2091/2091 2215/2215/2215
f 2214/2214/2214 2217/2217/2217 2207/2207/2207
f 2217/2217/2217 2216/2216/2216 2207/2207/2207
f 2217/2217/2217 2214/2214/2214 2218/2218/2218
f 2214/2214/2214 2211/2211/2211 2218/2218/2218
f 2216/2216/2216 2217/2217/2217 2218/2218/2218
f 2216/2216/2216 2219/2219/2219 2091/2091/2091
f 2219/2219/2219 2092/2092/2092 2091/2091/2091
f 2216/2216/2216 2220/2220/2220 2219/2219/2219
f 2219/2219/2219 2220/2220/2220 2092/2092/2092
f 2216/2216/2216 2218/2218/2218 2220/2220/2220
f 2220/2220/2220 2221/2221/2221 2092/2092/2092
f 2220/2220/2220 2218/2218/2218 2221/2221/2221
f 2218/2218/2218 2222/2222/2222 2221/2221/2221
f 2222/2222/2222 2218/2218/2218 2211/2211/2211
f 2223/2223/2223 2222/2222/2222 2211/2211/2211
f 2223/2223/2223 2211/2211/2211 2209/2209/2209
f 2222/2222/2222 2223/2223/2223 2224/2224/2224
f 2223/2223/2223 2209/2209/2209 2225/2225/2225
f 2223/2223/2223 2225/2225/2225 2224/2224/2224
f 2224/2224/2224 2225/2225/2225 2226/2226/2226
f 2225/2225/2225 2209/2209/2209 2210/2210/2210
f 2225/2225/2225 2227/2227/2227 2226/2226/2226
f 2225/2225/2225 2210/2210/2210 2227/2227/2227
f 2228/2228/2228 2226/2226/2226 2227/2227/2227
f 2229/2229/2229 2228/2228/2228 2227/2227/2227
f 2210/2210/2210 2230/2230/2230 2227/2227/2227
f 2230/2230/2230 2229/2229/2229 2227/2227/2227
f 2210/2210/2210 2213/2213/2213 2230/2230/2230
f 2213/2213/2213 2231/2231/2231 2230/2230/2230
f 2229/2229/2229 2230/2230/2230 2231/2231/2231
f 2213/2213/2213 2197/2197/2197 2231/2231/2231
f 2232/2232/2232 2229/2229/2229 2231/2231/2231
f 2232/2232/2232 2233/2233/2233 2229/2229/2229
f 2197/2197/2197 2234/2234/2234 2231/2231/2231
f 2234/2234/2234 2197/2197/2197 2181/2181/2181
f 2232/2232/2232 2231/2231/2231 2235/2235/2235
f 2231/2231/2231 2234/2234/2234 2235/2235/2235
f 2234/2234/2234 2181/2181/2181 2235/2235/2235
f 2232/2232/2232 2235/2235/2235 2233/2233/2233
f 2181/2181/2181 2182/2182/2182 2235/2235/2235
f 2235/2235/2235 2236/2236/2236 2233/2233/2233
f 2236/2236/2236 2235/2235/2235 2182/2182/2182
f 2233/2233/2233 2236/2236/2236 2237/2237/2237
f 2238/2238/2238 2236/2236/2236 2182/2182/2182
f 2237/2237/2237 2236/2236/2236 2238/2238/2238
f 2241/2241/2241 2240/2240/2240 2239/2239/2239
f 2242/2242/2242 2240/2240/2240 2241/2241/2241
f 2239/2239/2239 2243/2243/2243 2241/2241/2241
f 2243/2243/2243 2239/2239/2239 2244/2244/2244
f 2239/2239/2239 2245/2245/2245 2244/2244/2244
f 2244/2244/2244 2245/2245/2245 2246/2246/2246
f 2247/2247/2247 2244/2244/2244 2246/2246/2246
f 2244/2244/2244 2247/2247/2247 2248/2248/2248
f 2247/2247/2247 2249/2249/2249 2248/2248/2248
f 2248/2248/2248 2249/2249/2249 2250/2250/2250
f 2251/2251/2251 2243/2243/2243 2244/2244/2244
f 2248/2248/2248 2251/2251/2251 2244/2244/2244
f 2243/2243/2243 2252/2252/2252 2241/2241/2241
f 2243/2243/2243 2251/2251/2251 2252/2252/2252
f 2253/2253/2253 2242/2242/2242 2241/2241/2241
f 2253/2253/2253 2241/2241/2241 2252/2252/2252
f 2254/2254/2254 2248/2248/2248 2250/2250/2250
f 2254/2254/2254 2250/2250/2250 2255/2255/2255
f 2256/2256/2256 2251/2251/2251 2248/2248/2248
f 2254/2254/2254 2256/2256/2256 2248/2248/2248
f 2242/2242/2242 2253/2253/2253 2257/2257/2257
f 2257/2257/2257 2258/2258/2258 2242/2242/2242
f 2259/2259/2259 2258/2258/2258 2257/2257/2257
f 2254/2254/2254 2255/2255/2255 2260/2260/2260
f 2260/2260/2260 2255/2255/2255 2261/2261/2261
f 2262/2262/2262 2260/2260/2260 2261/2261/2261
f 2262/2262/2262 2261/2261/2261 2263/2263/2263
f 2264/2264/2264 2262/2262/2262 2263/2263/2263
f 2265/2265/2265 2262/2262/2262 2264/2264/2264
f 2266/2266/2266 2265/2265/2265 2264/2264/2264
f 2267/2267/2267 2265/2265/2265 2266/2266/2266
f 2268/2268/2268 2260/2260/2260 2262/2262/2262
f 2265/2265/2265 2268/2268/2268 2262/2262/2262
f 2267/2267/2267 2269/2269/2269 2265/2265/2265
f 2270/2270/2270 2269/2269/2269 2267/2267/2267
f 2270/2270/2270 2271/2271/2271 2269/2269/2269
f 2269/2269/2269 2272/2272/2272 2265/2265/2265
f 2272/2272/2272 2268/2268/2268 2265/2265/2265
f 2271/2271/2271 2273/2273/2273 2269/2269/2269
f 2272/2272/2272 2269/2269/2269 2273/2273/2273
f 2273/2273/2273 2271/2271/2271 2274/2274/2274
f 2274/2274/2274 2272/2272/2272 2273/2273/2273
f 2272/2272/2272 2275/2275/2275 2268/2268/2268
f 2275/2275/2275 2272/2272/2272 2274/2274/2274
f 2260/2260/2260 2268/2268/2268 2276/2276/2276
f 2275/2275/2275 2276/2276/2276 2268/2268/2268
f 2277/2277/2277 2276/2276/2276 2275/2275/2275
f 2271/2271/2271 2278/2278/2278 2274/2274/2274
f 2271/2271/2271 2279/2279/2279 2278/2278/2278
f 2280/2280/2280 2278/2278/2278 2279/2279/2279
f 2274/2274/2274 2278/2278/2278 2280/2280/2280
f 2281/2281/2281 2280/2280/2280 2279/2279/2279
f 2282/2282/2282 2275/2275/2275 2274/2274/2274
f 2282/2282/2282 2274/2274/2274 2280/2280/2280
f 2283/2283/2283 2280/2280/2280 2281/2281/2281
f 2280/2280/2280 2283/2283/2283 2282/2282/2282
f 2284/2284/2284 2283/2283/2283 2281/2281/2281
f 2275/2275/2275 2282/2282/2282 2285/2285/2285
f 2285/2285/2285 2277/2277/2277 2275/2275/2275
f 2286/2286/2286 2260/2260/2260 2276/2276/2276
f 2286/2286/2286 2254/2254/2254 2260/2260/2260
f 2286/2286/2286 2287/2287/2287 2254/2254/2254
f 2286/2286/2286 2276/2276/2276 2287/2287/2287
f 2287/2287/2287 2256/2256/2256 2254/2254/2254
f 2276/2276/2276 2288/2288/2288 2287/2287/2287
f 2287/2287/2287 2288/2288/2288 2256/2256/2256
f 2276/2276/2276 2277/2277/2277 2288/2288/2288
f 2288/2288/2288 2289/2289/2289 2256/2256/2256
f 2277/2277/2277 2289/2289/2289 2288/2288/2288
f 2256/2256/2256 2289/2289/2289 2251/2251/2251
f 2289/2289/2289 2290/2290/2290 2251/2251/2251
f 2290/2290/2290 2289/2289/2289 2277/2277/2277
f 2251/2251/2251 2290/2290/2290 2252/2252/2252
f 2291/2291/2291 2290/2290/2290 2277/2277/2277
f 2252/2252/2252 2290/2290/2290 2291/2291/2291
f 2282/2282/2282 2292/2292/2292 2285/2285/2285
f 2285/2285/2285 2292/2292/2292 2293/2293/2293
f 2283/2283/2283 2292/2292/2292 2282/2282/2282
f 2293/2293/2293 2292/2292/2292 2283/2283/2283
f 2285/2285/2285 2294/2294/2294 2277/2277/2277
f 2294/2294/2294 2291/2291/2291 2277/2277/2277
f 2295/2295/2295 2252/2252/2252 2291/2291/2291
f 2295/2295/2295 2253/2253/2253 2252/2252/2252
f 2296/2296/2296 2295/2295/2295 2291/2291/2291
f 2294/2294/2294 2296/2296/2296 2291/2291/2291
f 2297/2297/2297 2253/2253/2253 2295/2295/2295
f 2296/2296/2296 2297/2297/2297 2295/2295/2295
f 2253/2253/2253 2297/2297/2297 2257/2257/2257
f 2294/2294/2294 2285/2285/2285 2298/2298/2298
f 2298/2298/2298 2285/2285/2285 2293/2293/2293
f 2294/2294/2294 2299/2299/2299 2296/2296/2296
f 2299/2299/2299 2294/2294/2294 2298/2298/2298
f 2297/2297/2297 2296/2296/2296 2300/2300/2300
f 2299/2299/2299 2300/2300/2300 2296/2296/2296
f 2299/2299/2299 2298/2298/2298 2301/2301/2301
f 2298/2298/2298 2293/2293/2293 2301/2301/2301
f 2299/2299/2299 2301/2301/2301 2300/2300/2300
f 2257/2257/2257 2297/2297/2297 2302/2302/2302
f 2302/2302/2302 2297/2297/2297 2300/2300/2300
f 2303/2303/2303 2257/2257/2257 2302/2302/2302
f 2303/2303/2303 2259/2259/2259 2257/2257/2257
f 2302/2302/2302 2300/2300/2300 2304/2304/2304
f 2303/2303/2303 2302/2302/2302 2304/2304/2304
f 2301/2301/2301 2304/2304/2304 2300/2300/2300
f 2303/2303/2303 2305/2305/2305 2259/2259/2259
f 2305/2305/2305 2303/2303/2303 2304/2304/2304
f 2305/2305/2305 2306/2306/2306 2259/2259/2259
f 2304/2304/2304 2307/2307/2307 2305/2305/2305
f 2307/2307/2307 2306/2306/2306 2305/2305/2305
f 2307/2307/2307 2304/2304/2304 2301/2301/2301
f 2308/2308/2308 2306/2306/2306 2307/2307/2307
f 2307/2307/2307 2301/2301/2301 2309/2309/2309
f 2293/2293/2293 2309/2309/2309 2301/2301/2301
f 2310/2310/2310 2308/2308/2308 2307/2307/2307
f 2310/2310/2310 2307/2307/2307 2309/2309/2309
f 2311/2311/2311 2309/2309/2309 2293/2293/2293
f 2310/2310/2310 2309/2309/2309 2311/2311/2311
f 2312/2312/2312 2308/2308/2308 2310/2310/2310
f 2312/2312/2312 2310/2310/2310 2311/2311/2311
f 2313/2313/2313 2308/2308/2308 2312/2312/2312
f 2314/2314/2314 2313/2313/2313 2312/2312/2312
f 2314/2314/2314 2312/2312/2312 2315/2315/2315
f 2312/2312/2312 2311/2311/2311 2315/2315/2315
f 2316/2316/2316 2311/2311/2311 2293/2293/2293
f 2315/2315/2315 2311/2311/2311 2316/2316/2316
f 2316/2316/2316 2293/2293/2293 2283/2283/2283
f 2317/2317/2317 2315/2315/2315 2316/2316/2316
f 2316/2316/2316 2283/2283/2283 2284/2284/2284
f 2317/2317/2317 2316/2316/2316 2284/2284/2284
f 2320/2320/2320 2319/2319/2319 2318/2318/2318
f 2320/2320/2320 2318/2318/2318 2321/2321/2321
f 2318/2318/2318 2322/2322/2322 2321/2321/2321
f 2323/2323/2323 2321/2321/2321 2322/2322/2322
f 2324/2324/2324 2322/2322/2322 2318/2318/2318
f 2322/2322/2322 2324/2324/2324 2325/2325/2325
f 2325/2325/2325 2323/2323/2323 2322/2322/2322
f 2326/2326/2326 2323/2323/2323 2325/2325/2325
f 2327/2327/2327 2326/2326/2326 2325/2325/2325
f 2324/2324/2324 2327/2327/2327 2325/2325/2325
f 2328/2328/2328 2326/2326/2326 2327/2327/2327
f 2319/2319/2319 2329/2329/2329 2318/2318/2318
f 2329/2329/2329 2319/2319/2319 2330/2330/2330
f 2319/2319/2319 2331/2331/2331 2330/2330/2330
f 2331/2331/2331 2332/2332/2332 2330/2330/2330
f 2332/2332/2332 2333/2333/2333 2330/2330/2330
f 2333/2333/2333 2332/2332/2332 2334/2334/2334
f 2335/2335/2335 2333/2333/2333 2334/2334/2334
f 2336/2336/2336 2335/2335/2335 2334/2334/2334
f 2336/2336/2336 2337/2337/2337 2335/2335/2335
f 2336/2336/2336 2338/2338/2338 2337/2337/2337
f 2335/2335/2335 2339/2339/2339 2333/2333/2333
f 2337/2337/2337 2339/2339/2339 2335/2335/2335
f 2338/2338/2338 2340/2340/2340 2337/2337/2337
f 2337/2337/2337 2340/2340/2340 2339/2339/2339
f 2340/2340/2340 2338/2338/2338 2341/2341/2341
f 2333/2333/2333 2342/2342/2342 2330/2330/2330
f 2339/2339/2339 2342/2342/2342 2333/2333/2333
f 2329/2329/2329 2330/2330/2330 2343/2343/2343
f 2342/2342/2342 2343/2343/2343 2330/2330/2330
f 2342/2342/2342 2339/2339/2339 2344/2344/2344
f 2343/2343/2343 2342/2342/2342 2344/2344/2344
f 2345/2345/2345 2329/2329/2329 2343/2343/2343
f 2318/2318/2318 2329/2329/2329 2345/2345/2345
f 2340/2340/2340 2346/2346/2346 2339/2339/2339
f 2339/2339/2339 2346/2346/2346 2344/2344/2344
f 2340/2340/2340 2347/2347/2347 2346/2346/2346
f 2340/2340/2340 2348/2348/2348 2347/2347/2347
f 2348/2348/2348 2340/2340/2340 2341/2341/2341
f 2341/2341/2341 2349/2349/2349 2348/2348/2348
f 2349/2349/2349 2341/2341/2341 2350/2350/2350
f 2351/2351/2351 2343/2343/2343 2344/2344/2344
f 2345/2345/2345 2343/2343/2343 2351/2351/2351
f 2352/2352/2352 2318/2318/2318 2345/2345/2345
f 2352/2352/2352 2324/2324/2324 2318/2318/2318
f 2352/2352/2352 2345/2345/2345 2353/2353/2353
f 2352/2352/2352 2353/2353/2353 2324/2324/2324
f 2348/2348/2348 2354/2354/2354 2347/2347/2347
f 2349/2349/2349 2354/2354/2354 2348/2348/2348
f 2355/2355/2355 2345/2345/2345 2351/2351/2351
f 2345/2345/2345 2355/2355/2355 2353/2353/2353
f 2353/2353/2353 2355/2355/2355 2356/2356/2356
f 2357/2357/2357 2355/2355/2355 2351/2351/2351
f 2355/2355/2355 2357/2357/2357 2356/2356/2356
f 2351/2351/2351 2344/2344/2344 2358/2358/2358
f 2358/2358/2358 2357/2357/2357 2351/2351/2351
f 2344/2344/2344 2359/2359/2359 2358/2358/2358
f 2344/2344/2344 2346/2346/2346 2359/2359/2359
f 2357/2357/2357 2358/2358/2358 2360/2360/2360
f 2360/2360/2360 2358/2358/2358 2359/2359/2359
f 2346/2346/2346 2361/2361/2361 2359/2359/2359
f 2347/2347/2347 2361/2361/2361 2346/2346/2346
f 2359/2359/2359 2361/2361/2361 2362/2362/2362
f 2362/2362/2362 2360/2360/2360 2359/2359/2359
f 2362/2362/2362 2363/2363/2363 2360/2360/2360
f 2360/2360/2360 2363/2363/2363 2364/2364/2364
f 2365/2365/2365 2357/2357/2357 2360/2360/2360
f 2356/2356/2356 2357/2357/2357 2365/2365/2365
f 2365/2365/2365 2360/2360/2360 2364/2364/2364
f 2361/2361/2361 2366/2366/2366 2362/2362/2362
f 2366/2366/2366 2361/2361/2361 2347/2347/2347
f 2363/2363/2363 2362/2362/2362 2367/2367/2367
f 2367/2367/2367 2362/2362/2362 2366/2366/2366
f 2368/2368/2368 2356/2356/2356 2365/2365/2365
f 2368/2368/2368 2365/2365/2365 2364/2364/2364
f 2369/2369/2369 2367/2367/2367 2366/2366/2366
f 2370/2370/2370 2366/2366/2366 2347/2347/2347
f 2366/2366/2366 2370/2370/2370 2369/2369/2369
f 2370/2370/2370 2371/2371/2371 2369/2369/2369
f 2370/2370/2370 2372/2372/2372 2371/2371/2371
f 2370/2370/2370 2347/2347/2347 2372/2372/2372
f 2367/2367/2367 2369/2369/2369 2373/2373/2373
f 2373/2373/2373 2363/2363/2363 2367/2367/2367
f 2369/2369/2369 2374/2374/2374 2373/2373/2373
f 2374/2374/2374 2369/2369/2369 2371/2371/2371
f 2363/2363/2363 2373/2373/2373 2374/2374/2374
f 2347/2347/2347 2375/2375/2375 2372/2372/2372
f 2372/2372/2372 2375/2375/2375 2376/2376/2376
f 2354/2354/2354 2375/2375/2375 2347/2347/2347
f 2377/2377/2377 2375/2375/2375 2354/2354/2354
f 2375/2375/2375 2377/2377/2377 2376/2376/2376
f 2372/2372/2372 2378/2378/2378 2371/2371/2371
f 2372/2372/2372 2376/2376/2376 2378/2378/2378
f 2378/2378/2378 2379/2379/2379 2371/2371/2371
f 2376/2376/2376 2379/2379/2379 2378/2378/2378
f 2380/2380/2380 2377/2377/2377 2354/2354/2354
f 2380/2380/2380 2354/2354/2354 2349/2349/2349
f 2381/2381/2381 2380/2380/2380 2349/2349/2349
f 2381/2381/2381 2349/2349/2349 2350/2350/2350
f 2382/2382/2382 2381/2381/2381 2350/2350/2350
f 2383/2383/2383 2382/2382/2382 2350/2350/2350
f 2384/2384/2384 2382/2382/2382 2383/2383/2383
f 2385/2385/2385 2380/2380/2380 2381/2381/2381
f 2382/2382/2382 2385/2385/2385 2381/2381/2381
f 2386/2386/2386 2377/2377/2377 2380/2380/2380
f 2385/2385/2385 2386/2386/2386 2380/2380/2380
f 2384/2384/2384 2387/2387/2387 2382/2382/2382
f 2387/2387/2387 2385/2385/2385 2382/2382/2382
f 2386/2386/2386 2388/2388/2388 2377/2377/2377
f 2388/2388/2388 2376/2376/2376 2377/2377/2377
f 2385/2385/2385 2389/2389/2389 2386/2386/2386
f 2387/2387/2387 2389/2389/2389 2385/2385/2385
f 2386/2386/2386 2389/2389/2389 2388/2388/2388
f 2387/2387/2387 2384/2384/2384 2390/2390/2390
f 2384/2384/2384 2391/2391/2391 2390/2390/2390
f 2392/2392/2392 2389/2389/2389 2387/2387/2387
f 2389/2389/2389 2392/2392/2392 2388/2388/2388
f 2390/2390/2390 2392/2392/2392 2387/2387/2387
f 2376/2376/2376 2388/2388/2388 2393/2393/2393
f 2393/2393/2393 2388/2388/2388 2392/2392/2392
f 2390/2390/2390 2391/2391/2391 2394/2394/2394
f 2391/2391/2391 2395/2395/2395 2394/2394/2394
f 2392/2392/2392 2390/2390/2390 2396/2396/2396
f 2390/2390/2390 2394/2394/2394 2396/2396/2396
f 2396/2396/2396 2393/2393/2393 2392/2392/2392
f 2394/2394/2394 2395/2395/2395 2397/2397/2397
f 2396/2396/2396 2394/2394/2394 2397/2397/2397
f 2395/2395/2395 2398/2398/2398 2397/2397/2397
f 2399/2399/2399 2376/2376/2376 2393/2393/2393
f 2379/2379/2379 2376/2376/2376 2399/2399/2399
f 2393/2393/2393 2396/2396/2396 2400/2400/2400
f 2396/2396/2396 2397/2397/2397 2400/2400/2400
f 2399/2399/2399 2393/2393/2393 2400/2400/2400
f 2401/2401/2401 2397/2397/2397 2398/2398/2398
f 2402/2402/2402 2401/2401/2401 2398/2398/2398
f 2403/2403/2403 2401/2401/2401 2402/2402/2402
f 2404/2404/2404 2403/2403/2403 2402/2402/2402
f 2403/2403/2403 2404/2404/2404 2405/2405/2405
f 2406/2406/2406 2403/2403/2403 2405/2405/2405
f 2406/2406/2406 2407/2407/2407 2403/2403/2403
f 2403/2403/2403 2407/2407/2407 2408/2408/2408
f 2401/2401/2401 2409/2409/2409 2397/2397/2397
f 2409/2409/2409 2400/2400/2400 2397/2397/2397
f 2401/2401/2401 2403/2403/2403 2410/2410/2410
f 2409/2409/2409 2401/2401/2401 2410/2410/2410
f 2411/2411/2411 2403/2403/2403 2408/2408/2408
f 2403/2403/2403 2411/2411/2411 2410/2410/2410
f 2412/2412/2412 2411/2411/2411 2408/2408/2408
f 2411/2411/2411 2412/2412/2412 2410/2410/2410
f 2413/2413/2413 2412/2412/2412 2408/2408/2408
f 2410/2410/2410 2414/2414/2414 2409/2409/2409
f 2414/2414/2414 2410/2410/2410 2412/2412/2412
f 2412/2412/2412 2413/2413/2413 2415/2415/2415
f 2412/2412/2412 2415/2415/2415 2416/2416/2416
f 2413/2413/2413 2417/2417/2417 2415/2415/2415
f 2417/2417/2417 2418/2418/2418 2415/2415/2415
f 2416/2416/2416 2415/2415/2415 2418/2418/2418
f 2417/2417/2417 2419/2419/2419 2418/2418/2418
f 2420/2420/2420 2414/2414/2414 2412/2412/2412
f 2420/2420/2420 2412/2412/2412 2416/2416/2416
f 2400/2400/2400 2409/2409/2409 2421/2421/2421
f 2414/2414/2414 2422/2422/2422 2409/2409/2409
f 2421/2421/2421 2409/2409/2409 2422/2422/2422
f 2414/2414/2414 2420/2420/2420 2423/2423/2423
f 2414/2414/2414 2423/2423/2423 2422/2422/2422
f 2420/2420/2420 2416/2416/2416 2424/2424/2424
f 2423/2423/2423 2420/2420/2420 2424/2424/2424
f 2425/2425/2425 2400/2400/2400 2421/2421/2421
f 2425/2425/2425 2399/2399/2399 2400/2400/2400
f 2426/2426/2426 2399/2399/2399 2425/2425/2425
f 2421/2421/2421 2426/2426/2426 2425/2425/2425
f 2426/2426/2426 2379/2379/2379 2399/2399/2399
f 2426/2426/2426 2421/2421/2421 2379/2379/2379
f 2427/2427/2427 2421/2421/2421 2422/2422/2422
f 2421/2421/2421 2427/2427/2427 2379/2379/2379
f 2428/2428/2428 2427/2427/2427 2422/2422/2422
f 2428/2428/2428 2379/2379/2379 2427/2427/2427
f 2423/2423/2423 2428/2428/2428 2422/2422/2422
f 2379/2379/2379 2428/2428/2428 2371/2371/2371
f 2371/2371/2371 2428/2428/2428 2423/2423/2423
f 2429/2429/2429 2371/2371/2371 2423/2423/2423
f 2423/2423/2423 2424/2424/2424 2429/2429/2429
f 2429/2429/2429 2374/2374/2374 2371/2371/2371
f 2424/2424/2424 2374/2374/2374 2429/2429/2429
f 2424/2424/2424 2363/2363/2363 2374/2374/2374
f 2363/2363/2363 2424/2424/2424 2430/2430/2430
f 2424/2424/2424 2416/2416/2416 2430/2430/2430
f 2363/2363/2363 2430/2430/2430 2431/2431/2431
f 2364/2364/2364 2363/2363/2363 2431/2431/2431
f 2432/2432/2432 2364/2364/2364 2431/2431/2431
f 2432/2432/2432 2368/2368/2368 2364/2364/2364
f 2430/2430/2430 2416/2416/2416 2433/2433/2433
f 2434/2434/2434 2431/2431/2431 2430/2430/2430
f 2434/2434/2434 2430/2430/2430 2433/2433/2433
f 2433/2433/2433 2416/2416/2416 2435/2435/2435
f 2416/2416/2416 2418/2418/2418 2435/2435/2435
f 2435/2435/2435 2418/2418/2418 2436/2436/2436
f 2418/2418/2418 2419/2419/2419 2436/2436/2436
f 2437/2437/2437 2436/2436/2436 2419/2419/2419
f 2438/2438/2438 2437/2437/2437 2419/2419/2419
f 2439/2439/2439 2437/2437/2437 2438/2438/2438
f 2440/2440/2440 2437/2437/2437 2439/2439/2439
f 2436/2436/2436 2437/2437/2437 2440/2440/2440
f 2441/2441/2441 2436/2436/2436 2440/2440/2440
f 2441/2441/2441 2440/2440/2440 2442/2442/2442
f 2441/2441/2441 2443/2443/2443 2436/2436/2436
f 2443/2443/2443 2435/2435/2435 2436/2436/2436
f 2441/2441/2441 2442/2442/2442 2443/2443/2443
f 2433/2433/2433 2435/2435/2435 2444/2444/2444
f 2444/2444/2444 2435/2435/2435 2443/2443/2443
f 2445/2445/2445 2433/2433/2433 2444/2444/2444
f 2445/2445/2445 2434/2434/2434 2433/2433/2433
f 2446/2446/2446 2444/2444/2444 2443/2443/2443
f 2446/2446/2446 2445/2445/2445 2444/2444/2444
f 2442/2442/2442 2447/2447/2447 2443/2443/2443
f 2446/2446/2446 2443/2443/2443 2447/2447/2447
f 2446/2446/2446 2448/2448/2448 2445/2445/2445
f 2448/2448/2448 2446/2446/2446 2447/2447/2447
f 2447/2447/2447 2442/2442/2442 2449/2449/2449
f 2448/2448/2448 2447/2447/2447 2449/2449/2449
f 2442/2442/2442 2450/2450/2450 2449/2449/2449
f 2450/2450/2450 2451/2451/2451 2449/2449/2449
f 2452/2452/2452 2449/2449/2449 2451/2451/2451
f 2452/2452/2452 2448/2448/2448 2449/2449/2449
f 2453/2453/2453 2452/2452/2452 2451/2451/2451
f 2445/2445/2445 2454/2454/2454 2434/2434/2434
f 2448/2448/2448 2454/2454/2454 2445/2445/2445
f 2452/2452/2452 2455/2455/2455 2448/2448/2448
f 2455/2455/2455 2454/2454/2454 2448/2448/2448
f 2456/2456/2456 2452/2452/2452 2453/2453/2453
f 2456/2456/2456 2455/2455/2455 2452/2452/2452
f 2457/2457/2457 2456/2456/2456 2453/2453/2453
f 2454/2454/2454 2458/2458/2458 2434/2434/2434
f 2431/2431/2431 2434/2434/2434 2458/2458/2458
f 2456/2456/2456 2457/2457/2457 2459/2459/2459
f 2456/2456/2456 2459/2459/2459 2455/2455/2455
f 2454/2454/2454 2455/2455/2455 2460/2460/2460
f 2458/2458/2458 2454/2454/2454 2460/2460/2460
f 2461/2461/2461 2431/2431/2431 2458/2458/2458
f 2460/2460/2460 2461/2461/2461 2458/2458/2458
f 2461/2461/2461 2432/2432/2432 2431/2431/2431
f 2461/2461/2461 2460/2460/2460 2432/2432/2432
f 2462/2462/2462 2460/2460/2460 2455/2455/2455
f 2459/2459/2459 2462/2462/2462 2455/2455/2455
f 2460/2460/2460 2463/2463/2463 2432/2432/2432
f 2463/2463/2463 2460/2460/2460 2462/2462/2462
f 2432/2432/2432 2463/2463/2463 2368/2368/2368
f 2464/2464/2464 2463/2463/2463 2462/2462/2462
f 2463/2463/2463 2464/2464/2464 2368/2368/2368
f 2464/2464/2464 2462/2462/2462 2459/2459/2459
f 2368/2368/2368 2464/2464/2464 2356/2356/2356
f 2464/2464/2464 2465/2465/2465 2356/2356/2356
f 2457/2457/2457 2466/2466/2466 2459/2459/2459
f 2466/2466/2466 2457/2457/2457 2467/2467/2467
f 2468/2468/2468 2464/2464/2464 2459/2459/2459
f 2468/2468/2468 2465/2465/2465 2464/2464/2464
f 2468/2468/2468 2459/2459/2459 2466/2466/2466
f 2356/2356/2356 2465/2465/2465 2469/2469/2469
f 2353/2353/2353 2356/2356/2356 2469/2469/2469
f 2353/2353/2353 2469/2469/2469 2324/2324/2324
f 2469/2469/2469 2465/2465/2465 2324/2324/2324
f 2470/2470/2470 2466/2466/2466 2467/2467/2467
f 2470/2470/2470 2467/2467/2467 2328/2328/2328
f 2471/2471/2471 2468/2468/2468 2466/2466/2466
f 2468/2468/2468 2471/2471/2471 2465/2465/2465
f 2472/2472/2472 2471/2471/2471 2466/2466/2466
f 2472/2472/2472 2466/2466/2466 2470/2470/2470
f 2471/2471/2471 2472/2472/2472 2465/2465/2465
f 2465/2465/2465 2473/2473/2473 2324/2324/2324
f 2472/2472/2472 2473/2473/2473 2465/2465/2465
f 2473/2473/2473 2327/2327/2327 2324/2324/2324
f 2472/2472/2472 2327/2327/2327 2473/2473/2473
f 2474/2474/2474 2328/2328/2328 2327/2327/2327
f 2474/2474/2474 2470/2470/2470 2328/2328/2328
f 2472/2472/2472 2474/2474/2474 2327/2327/2327
f 2472/2472/2472 2470/2470/2470 2474/2474/2474
