g ship_laat_mesh
v -0.56768465 2.5925026 -0.26126766
v 0.0030694008 3.2176142 -3.414004
v -0.43179083 3.2176142 -3.3868253
v 0.57382345 2.5925026 -0.26126766
v 0.43792963 3.2176142 -3.3868253
v 0.64177036 4.073745 -0.7640748
v 0.6689491 4.7939825 -1.1853456
v 3.481951 2.9458265 -1.198935
v 0.64177036 4.073745 -3.3596466
v 3.481951 2.9458265 -2.8704288
v 0.6689491 4.7939825 -2.9383757
v -0.64922094 4.073745 -0.7640748
v -3.475812 2.9458265 -1.198935
v -0.6763997 4.7939825 -1.1853456
v -0.64922094 4.073745 -3.3596466
v -0.6763997 4.7939825 -2.9383757
v -3.475812 2.9458265 -2.8704288
v -0.64922094 3.1768456 -1.1853456
v -2.6876278 3.108899 -1.198935
v -0.64922094 3.924262 -0.79125357
v -0.64922094 3.924262 -3.4547722
v -2.6876278 3.108899 -2.8840182
v -0.64922094 3.1768456 -2.951965
v 0.64177036 3.1768456 -1.1853456
v 0.64177036 3.924262 -0.79125357
v 2.6937668 3.108899 -1.198935
v 0.64177036 3.924262 -3.4547722
v 0.64177036 3.1768456 -2.951965
v 2.6937668 3.108899 -2.8976076
v 3.1150377 0.71716785 2.674039
v 3.2781103 1.0161343 2.674039
v 3.2781103 0.86665106 2.9322367
v 3.2781103 0.86665106 2.9322367
v 3.2781103 0.55409527 2.9322367
v 3.2781103 0.40461206 2.674039
v 3.2781103 0.55409527 2.4158401
v 3.2781103 0.86665106 2.4158401
v 3.2781103 1.0161343 2.674039
v 3.2781103 1.0161343 2.674039
v 3.2781103 0.71716785 2.674039
v 3.2781103 0.86665106 2.9322367
v 3.2781103 0.86665106 2.9322367
v 3.2781103 0.55409527 2.9322367
v 3.2781103 0.40461206 2.674039
v 3.2781103 0.55409527 2.4158401
v 3.2781103 0.86665106 2.4158401
v 3.2781103 1.0161343 2.674039
v -0.56768465 2.1440525 -0.26126766
v -0.56768465 2.5925026 -0.26126766
v -0.43179083 3.2176142 -3.3868253
v -1.219975 0.5133271 -0.26126766
v -1.2063856 0.8122935 -0.26126766
v -0.78511477 1.4781733 -3.3596466
v 0.57382345 2.1440525 -0.26126766
v 0.43792963 3.2176142 -3.3868253
v 0.57382345 2.5925026 -0.26126766
v 1.2125244 0.5133271 -0.26126766
v 0.79125357 1.4781733 -3.3596466
v 1.2261138 0.8122935 -0.26126766
v -0.63563156 2.4566088 1.8994436
v -0.64922094 4.39989 -1.09022
v -0.63563156 3.0817204 2.2935362
v -0.63563156 2.6060915 -0.26126766
v -0.63563156 3.8563147 -1.0494518
v -0.64922094 4.39989 -1.09022
v -0.63563156 2.212 -1.0494518
v -0.63563156 2.1440525 -0.26126766
v -0.63563156 4.522195 -4.1070623
v -0.64922094 4.6988564 -1.0494518
v -0.64922094 4.6988564 -3.9575794
v -0.7035785 2.5109663 -4.4603863
v -0.71716785 2.1032848 -4.4467974
v -0.63563156 3.7340107 -3.94399
v -0.6220422 3.5437593 -5.1806235
v -0.63563156 3.0409517 -4.990372
v -0.58127403 3.3942757 -5.275749
v -0.58127403 2.9865942 -5.099087
v -0.58127403 2.0489273 -4.59628
v -0.5948634 1.9402122 -4.4196186
v -1.2743325 0.757936 -1.375597
v -1.2607431 0.9074192 -1.0494518
v -0.63563156 2.212 -1.0494518
v -0.63563156 2.1440525 -0.26126766
v -1.2471538 0.9074192 -0.26126766
v -1.3422794 0.71716785 -0.26126766
v -1.3558688 0.71716785 -1.0494518
v -1.3422794 0.48614836 -1.0494518
v -1.3015113 0.47255898 -0.26126766
v -1.0840812 0.32307577 -1.0494518
v -1.2063856 0.5948634 -1.5794377
v 0.0030694008 2.782754 -0.3020358
v 0.0030694008 3.2176142 -3.414004
v -0.56768465 2.5925026 -0.26126766
v 0.57382345 2.5925026 -0.26126766
v 0.0030694008 3.2176142 -3.414004
v 0.0030694008 2.782754 -0.3020358
v -0.94818735 4.9978228 -4.60987
v -0.94818735 4.9298763 -4.8272996
v -0.7443466 4.84834 -4.8272996
v -0.6763997 4.875519 -4.60987
v -0.6628103 4.63091 -4.8272996
v -0.56768465 4.603731 -4.60987
v -0.7443466 4.4270687 -4.840889
v -0.6763997 4.3319435 -4.60987
v -0.94818735 4.3455324 -4.840889
v -0.94818735 4.2096386 -4.60987
v -1.2335644 4.875519 -4.60987
v -0.94818735 4.9298763 -4.8272996
v -0.94818735 4.9978228 -4.60987
v -1.1656175 4.84834 -4.8272996
v -1.3422794 4.603731 -4.60987
v -1.2471538 4.63091 -4.8272996
v -1.2335644 4.3319435 -4.60987
v -1.1656175 4.4270687 -4.840889
v -0.94818735 4.2096386 -4.60987
v -0.94818735 4.3455324 -4.840889
v -0.6763997 4.861929 -0.6145916
v -0.94818735 4.6716776 3.2583818
v -0.94818735 4.970644 -0.6145916
v -0.88024044 4.63091 3.2583818
v -0.56768465 4.5765524 -0.6145916
v -0.94818735 4.726035 3.5301695
v -0.8530617 4.5629625 3.2583818
v -0.6763997 4.3047647 -0.6145916
v -0.8394723 4.6716776 3.5301695
v -0.94818735 4.63091 4.644499
v -0.9074192 4.603731 4.644499
v -0.78511477 4.5629625 3.5301695
v -0.88024044 4.5493736 4.644499
v -0.88024044 4.4814262 3.2583818
v -0.94818735 4.1960497 -0.6145916
v -0.94818735 4.4542475 3.2583818
v -0.8394723 4.4406586 3.5301695
v -0.9074192 4.508605 4.644499
v -0.94818735 4.39989 3.5301695
v -0.94818735 4.4814262 4.644499
v -1.2335644 4.3047647 -0.6145916
v -0.94818735 4.4542475 3.2583818
v -0.94818735 4.1960497 -0.6145916
v -1.0297236 4.4814262 3.2583818
v -1.3422794 4.5765524 -0.6145916
v -0.94818735 4.39989 3.5301695
v -1.0569024 4.5629625 3.2583818
v -1.2335644 4.861929 -0.6145916
v -1.0704918 4.4406586 3.5301695
v -0.94818735 4.4814262 4.644499
v -1.0025449 4.508605 4.644499
v -1.1248493 4.5629625 3.5301695
v -1.0297236 4.5493736 4.644499
v -1.0297236 4.63091 3.2583818
v -0.94818735 4.970644 -0.6145916
v -0.94818735 4.6716776 3.2583818
v -1.0704918 4.6716776 3.5301695
v -1.0025449 4.603731 4.644499
v -0.94818735 4.726035 3.5301695
v -0.94818735 4.63091 4.644499
v 0.9407368 4.9978228 -4.60987
v 0.9407368 4.9298763 -4.8272996
v 1.1445775 4.84834 -4.8272996
v 1.2125244 4.875519 -4.60987
v 1.2397032 4.63091 -4.8272996
v 1.3348289 4.603731 -4.60987
v 1.1445775 4.4270687 -4.840889
v 1.2125244 4.3319435 -4.60987
v 0.9407368 4.3455324 -4.840889
v 0.9407368 4.2096386 -4.60987
v 0.6689491 4.875519 -4.60987
v 0.9407368 4.9298763 -4.8272996
v 0.9407368 4.9978228 -4.60987
v 0.73689604 4.84834 -4.8272996
v 0.5466447 4.603731 -4.60987
v 0.64177036 4.63091 -4.8272996
v 0.6689491 4.3319435 -4.60987
v 0.73689604 4.4270687 -4.840889
v 0.9407368 4.2096386 -4.60987
v 0.9407368 4.3455324 -4.840889
v 1.2125244 4.861929 -0.6145916
v 0.9407368 4.6716776 3.2583818
v 0.9407368 4.970644 -0.6145916
v 1.0222731 4.63091 3.2583818
v 1.3348289 4.5765524 -0.6145916
v 0.9407368 4.726035 3.5301695
v 1.0494518 4.5629625 3.2583818
v 1.2125244 4.3047647 -0.6145916
v 1.0630412 4.6716776 3.5301695
v 0.9407368 4.63091 4.644499
v 0.9950943 4.603731 4.644499
v 1.1038094 4.5629625 3.5301695
v 1.0086837 4.5493736 4.644499
v 1.0222731 4.4814262 3.2583818
v 0.9407368 4.1960497 -0.6145916
v 0.9407368 4.4542475 3.2583818
v 1.0630412 4.4406586 3.5301695
v 0.9950943 4.508605 4.644499
v 0.9407368 4.39989 3.5301695
v 0.9407368 4.4814262 4.644499
v 0.6689491 4.3047647 -0.6145916
v 0.9407368 4.4542475 3.2583818
v 0.9407368 4.1960497 -0.6145916
v 0.87278986 4.4814262 3.2583818
v 0.5466447 4.5765524 -0.6145916
v 0.9407368 4.39989 3.5301695
v 0.8320217 4.5629625 3.2583818
v 0.6689491 4.861929 -0.6145916
v 0.81843233 4.4406586 3.5301695
v 0.9407368 4.4814262 4.644499
v 0.88637924 4.508605 4.644499
v 0.7776642 4.5629625 3.5301695
v 0.87278986 4.5493736 4.644499
v 0.87278986 4.63091 3.2583818
v 0.9407368 4.970644 -0.6145916
v 0.9407368 4.6716776 3.2583818
v 0.81843233 4.6716776 3.5301695
v 0.88637924 4.603731 4.644499
v 0.9407368 4.726035 3.5301695
v 0.9407368 4.63091 4.644499
v -0.35025454 0.64922094 -0.36998272
v -0.35025454 0.94818735 -0.26126766
v -0.037698746 0.94818735 -0.26126766
v -0.037698746 0.64922094 -0.36998272
v -0.35025454 0.94818735 -0.26126766
v -0.35025454 1.4509945 -1.8240466
v -0.037698746 1.4509945 -1.8240466
v -0.037698746 0.94818735 -0.26126766
v -0.037698746 0.64922094 -0.36998272
v -0.037698746 0.94818735 -0.26126766
v -0.037698746 1.4509945 -1.8240466
v -0.037698746 1.1520281 -1.9191723
v -0.35025454 1.1520281 -1.9191723
v -0.35025454 1.4509945 -1.8240466
v -0.35025454 0.94818735 -0.26126766
v -0.35025454 0.64922094 -0.36998272
v 0.3156252 0.8258829 -0.16614199
v 0.3156252 1.0569024 -0.084605694
v 0.7776642 1.0569024 -0.084605694
v 0.7776642 0.8258829 -0.16614199
v 0.3156252 1.0569024 -0.084605694
v 0.3156252 1.627656 -1.8919935
v 0.7776642 1.627656 -1.8919935
v 0.7776642 1.0569024 -0.084605694
v 0.7776642 0.8258829 -0.16614199
v 0.7776642 1.0569024 -0.084605694
v 0.7776642 1.627656 -1.8919935
v 0.7776642 1.396637 -1.9735298
v 0.3156252 1.396637 -1.9735298
v 0.3156252 1.627656 -1.8919935
v 0.3156252 1.0569024 -0.084605694
v 0.3156252 0.8258829 -0.16614199
v 0.030248165 0.64922094 0.037698746
v 0.030248165 0.94818735 0.13282442
v 0.34280396 0.94818735 0.13282442
v 0.34280396 0.64922094 0.037698746
v 0.030248165 0.94818735 0.13282442
v 0.030248165 1.4509945 -1.8240466
v 0.34280396 1.4509945 -1.8240466
v 0.34280396 0.94818735 0.13282442
v 0.34280396 0.64922094 0.037698746
v 0.34280396 0.94818735 0.13282442
v 0.34280396 1.4509945 -1.8240466
v 0.34280396 1.1520281 -1.9191723
v 0.030248165 1.1520281 -1.9191723
v 0.030248165 1.4509945 -1.8240466
v 0.030248165 0.94818735 0.13282442
v 0.030248165 0.64922094 0.037698746
v 0.27485704 0.48614836 0.092056274
v 0.27485704 0.7035785 0.16000319
v 0.5194659 0.7035785 0.16000319
v 0.5194659 0.48614836 0.092056274
v 0.27485704 0.7035785 0.16000319
v 0.27485704 1.2879219 -2.0007086
v 0.5194659 1.2879219 -2.0007086
v 0.5194659 0.7035785 0.16000319
v 0.5194659 0.48614836 0.092056274
v 0.5194659 0.7035785 0.16000319
v 0.5194659 1.2879219 -2.0007086
v 0.5194659 1.0569024 -2.0822449
v 0.27485704 1.0569024 -2.0822449
v 0.27485704 1.2879219 -2.0007086
v 0.27485704 0.7035785 0.16000319
v 0.27485704 0.48614836 0.092056274
v -0.11923504 0.9753661 -0.451519
v -0.11923504 1.2063856 -0.3835721
v 0.11178446 1.2063856 -0.3835721
v 0.11178446 0.9753661 -0.451519
v -0.11923504 1.2063856 -0.3835721
v -0.11923504 1.627656 -1.8919935
v 0.11178446 1.627656 -1.8919935
v 0.11178446 1.2063856 -0.3835721
v 0.11178446 0.9753661 -0.451519
v 0.11178446 1.2063856 -0.3835721
v 0.11178446 1.627656 -1.8919935
v 0.11178446 1.396637 -1.9735298
v -0.11923504 1.396637 -1.9735298
v -0.11923504 1.627656 -1.8919935
v -0.11923504 1.2063856 -0.3835721
v -0.11923504 0.9753661 -0.451519
v -0.11923504 0.4589696 -0.05742693
v -0.11923504 0.6899891 0.024109364
v 0.11178446 0.6899891 0.024109364
v 0.11178446 0.4589696 -0.05742693
v -0.11923504 0.6899891 0.024109364
v -0.11923504 1.2879219 -2.0007086
v 0.11178446 1.2879219 -2.0007086
v 0.11178446 0.6899891 0.024109364
v 0.11178446 0.4589696 -0.05742693
v 0.11178446 0.6899891 0.024109364
v 0.11178446 1.2879219 -2.0007086
v 0.11178446 1.0569024 -2.0822449
v -0.11923504 1.0569024 -2.0822449
v -0.11923504 1.2879219 -2.0007086
v -0.11923504 0.6899891 0.024109364
v -0.11923504 0.4589696 -0.05742693
v -0.48614836 0.58127403 0.010519981
v -0.48614836 0.8122935 0.07846689
v -0.24153948 0.8122935 0.07846689
v -0.24153948 0.58127403 0.010519981
v -0.48614836 0.8122935 0.07846689
v -0.48614836 1.2879219 -2.0007086
v -0.24153948 1.2879219 -2.0007086
v -0.24153948 0.8122935 0.07846689
v -0.24153948 0.58127403 0.010519981
v -0.24153948 0.8122935 0.07846689
v -0.24153948 1.2879219 -2.0007086
v -0.24153948 1.0569024 -2.0822449
v -0.48614836 1.0569024 -2.0822449
v -0.48614836 1.2879219 -2.0007086
v -0.48614836 0.8122935 0.07846689
v -0.48614836 0.58127403 0.010519981
v -0.6220422 0.8258829 -0.16614199
v -0.6220422 1.0569024 -0.084605694
v -0.3774333 1.0569024 -0.084605694
v -0.3774333 0.8258829 -0.16614199
v -0.6220422 1.0569024 -0.084605694
v -0.48614836 1.627656 -1.8919935
v -0.24153948 1.627656 -1.8919935
v -0.3774333 1.0569024 -0.084605694
v -0.3774333 0.8258829 -0.16614199
v -0.3774333 1.0569024 -0.084605694
v -0.24153948 1.627656 -1.8919935
v -0.24153948 1.396637 -1.9735298
v -0.48614836 1.396637 -1.9735298
v -0.48614836 1.627656 -1.8919935
v -0.6220422 1.0569024 -0.084605694
v -0.6220422 0.8258829 -0.16614199
v -0.56768465 2.4566088 1.967391
v 0.0030694008 2.4566088 1.967391
v 0.0030694008 2.782754 -0.3020358
v -0.56768465 2.5925026 -0.26126766
v 0.57382345 2.4566088 1.967391
v 0.57382345 2.5925026 -0.26126766
v 0.0030694008 2.782754 -0.3020358
v 0.0030694008 2.4566088 1.967391
v 0.64177036 3.924262 -3.7401493
v 0.64177036 3.924262 -3.4547722
v 2.6937668 3.108899 -2.8976076
v 2.666588 3.108899 -3.6042554
v 6.3493104 1.5868883 -3.3188784
v 6.58033 1.4781733 -3.0470908
v 6.58033 1.4781733 -2.7753031
v 2.6937668 3.108899 -1.198935
v 6.58033 1.4781733 -1.2397032
v 2.6937668 3.108899 -0.73689604
v 6.58033 1.4781733 -0.8592005
v 0.64177036 3.924262 -0.79125357
v 0.64177036 3.924262 -0.6689491
v 0.0030694008 4.5629625 -1.0494518
v -0.36384392 4.522195 -1.0630412
v 0.0030694008 4.6988564 -1.0494518
v 0.36998272 4.522195 -1.0630412
v 0.64177036 4.6988564 -1.0494518
v 0.64177036 4.39989 -1.09022
v 0.628181 3.5437593 -5.1806235
v 0.0030694008 3.4078655 -5.275749
v 0.57382345 3.3942757 -5.275749
v 0.0030694008 3.5573483 -5.1806235
v 0.64177036 4.522195 -4.1070623
v 0.0030694008 4.535784 -4.120652
v -0.63563156 4.522195 -4.1070623
v -0.6220422 3.5437593 -5.1806235
v -0.58127403 3.3942757 -5.275749
v 1.1581669 0.4589696 1.8994436
v 1.3076501 0.47255898 -0.26126766
v 1.0766306 0.32307577 -1.0494518
v 0.9815049 0.295897 2.7555752
v 0.0030694008 0.2279501 2.7555752
v 0.0030694008 0.25512886 -1.0358624
v 0.8999686 0.25512886 4.6580887
v -1.0840812 0.32307577 -1.0494518
v 0.0030694008 0.20077133 4.8891077
v 0.64177036 0.25512886 4.943465
v 0.4651084 0.24153948 5.201664
v 0.27485704 0.26871824 5.541398
v 0.0030694008 0.28230762 5.568577
v -0.26871824 0.26871824 5.541398
v -0.4589696 0.24153948 5.201664
v -0.64922094 0.25512886 4.943465
v -0.8938298 0.25512886 4.6580887
v -0.9753661 0.295897 2.7555752
v -1.1520281 0.4589696 1.8994436
v -1.3015113 0.47255898 -0.26126766
v 0.64177036 2.6060915 -0.26126766
v 0.64177036 2.212 -1.0494518
v 0.64177036 2.1440525 -0.26126766
v 0.64177036 3.8563147 -1.0494518
v 0.64177036 2.4566088 1.8994436
v 0.64177036 4.39989 -1.09022
v 0.628181 3.0817204 2.2935362
v 0.6961279 2.5109663 -4.4603863
v 0.72330666 2.1032848 -4.4467974
v 0.64177036 3.7340107 -3.94399
v 0.64177036 3.0409517 -4.990372
v 0.64177036 4.522195 -4.1070623
v 0.64177036 4.39989 -1.09022
v 0.64177036 4.6988564 -1.0494518
v 0.64177036 4.6988564 -3.9575794
v 0.628181 3.5437593 -5.1806235
v 0.57382345 3.3942757 -5.275749
v 0.57382345 2.9865942 -5.099087
v 0.57382345 2.0489273 -4.59628
v 0.6010022 1.9402122 -4.4196186
v 1.266882 0.9074192 -1.5114908
v 1.266882 0.9074192 -1.0494518
v 0.64177036 2.212 -1.0494518
v 0.64177036 2.1440525 -0.26126766
v 1.2532926 0.9074192 -0.26126766
v 1.3348289 0.71716785 -0.26126766
v 1.3620076 0.71716785 -1.0494518
v 1.3348289 0.48614836 -1.0494518
v 1.3076501 0.47255898 -0.26126766
v 1.0766306 0.32307577 -1.0494518
v 1.2125244 0.7443466 -1.7153316
v 0.6689491 1.6820135 4.8891077
v 0.64177036 1.8314972 3.122488
v 1.1581669 0.6899891 3.122488
v 1.1309881 0.6899891 4.7668037
v 1.09022 0.4453802 3.122488
v 0.8999686 1.0569024 5.0385914
v 0.7504854 1.2063856 5.310379
v 1.0358624 0.4453802 4.63091
v 0.8999686 0.25512886 4.6580887
v 0.9815049 0.295897 2.7555752
v 1.1309881 0.4589696 2.3750725
v 1.1581669 0.4589696 1.8994436
v 0.65535975 1.6412458 5.296789
v 1.2397032 0.7035785 2.3750725
v 1.266882 0.7035785 1.8994436
v 0.64177036 1.9402122 1.8994436
v 0.64177036 1.8994436 2.3886614
v 0.64177036 2.1032848 2.4566088
v 0.64177036 2.4566088 1.8994436
v 0.64177036 2.2391787 2.6060915
v 0.6145916 1.2471538 5.4870405
v 0.628181 2.8642902 2.8642902
v 0.628181 3.0817204 2.2935362
v 0.64177036 2.2799463 2.7555752
v 0.64177036 2.2527676 2.905058
v 0.64177036 2.076106 3.0681305
v 0.64177036 2.4973764 3.7883682
v 0.628181 2.076106 4.8891077
v 0.58741283 1.627656 5.4870405
v 0.451519 1.1656175 5.650113
v 0.4651084 1.9402122 5.6093454
v 0.24767828 0.9889555 5.7180605
v 0.56023407 1.8858547 5.4598618
v 0.6010022 1.9402122 5.2696104
v 0.3156252 1.9538012 5.650113
v 0.6689491 1.6820135 4.8891077
v 0.64177036 2.076106 3.0681305
v 0.64177036 1.8314972 3.122488
v 0.0030694008 1.9538012 5.677292
v 0.0030694008 0.6220422 5.7316494
v 0.16614199 0.6220422 5.7044706
v 0.0030694008 0.49973774 5.7316494
v 0.20691013 0.49973774 5.7044706
v 0.27485704 0.26871824 5.541398
v 0.0030694008 0.28230762 5.568577
v -0.26871824 0.26871824 5.541398
v -0.20077133 0.49973774 5.7044706
v -0.17359257 0.6220422 5.7044706
v -0.24153948 0.9889555 5.7180605
v -0.32307577 1.9538012 5.650113
v -0.4589696 1.9402122 5.6093454
v -0.4453802 1.1656175 5.650113
v -0.5948634 1.627656 5.4870405
v -0.55409527 1.8858547 5.4598618
v -0.6220422 1.2471538 5.4870405
v -0.6628103 1.6412458 5.296789
v -0.6084528 1.9402122 5.2696104
v -0.757936 1.2063856 5.310379
v -0.6763997 1.6820135 4.8891077
v -0.6763997 1.6820135 4.8891077
v -0.9074192 1.0569024 5.0385914
v -0.63563156 2.076106 4.8891077
v -1.1384387 0.6899891 4.7668037
v -0.63563156 2.076106 3.0681305
v -0.63563156 1.8314972 3.122488
v -1.1520281 0.6899891 3.122488
v -0.63563156 1.8314972 3.122488
v -1.0840812 0.4453802 3.122488
v -1.0297236 0.4453802 4.63091
v -0.8938298 0.25512886 4.6580887
v -0.9753661 0.295897 2.7555752
v -1.1248493 0.4589696 2.3750725
v -1.1520281 0.4589696 1.8994436
v -1.2471538 0.7035785 2.3750725
v -1.2607431 0.7035785 1.8994436
v -0.63563156 1.9402122 1.8994436
v -0.63563156 1.8994436 2.3886614
v -0.63563156 2.1032848 2.4566088
v -0.63563156 2.4566088 1.8994436
v -0.63563156 2.2391787 2.6060915
v -0.63563156 2.8642902 2.8642902
v -0.63563156 3.0817204 2.2935362
v -0.63563156 2.2799463 2.7555752
v -0.63563156 2.2527676 2.905058
v -0.63563156 2.076106 3.0681305
v -0.63563156 2.4973764 3.7883682
v 0.8320217 0.5133271 5.06577
v 1.1309881 0.6899891 4.7668037
v 1.0358624 0.4453802 4.63091
v 0.9271474 0.7035785 5.092949
v 0.913558 0.8938298 5.1473064
v 0.8999686 1.0569024 5.0385914
v 0.80484295 1.0704918 5.201664
v 0.7504854 1.2063856 5.310379
v 0.628181 1.1520281 5.2696104
v 0.6145916 1.2471538 5.4870405
v 0.42434025 1.1384387 5.310379
v 0.24767828 1.0161343 5.323968
v 0.451519 1.1656175 5.650113
v 0.1525526 0.8394723 5.296789
v 0.24767828 0.9889555 5.7180605
v 0.16614199 0.63563156 5.2424316
v 0.16614199 0.6220422 5.7044706
v 0.27485704 0.4589696 5.188074
v 0.20691013 0.49973774 5.7044706
v 0.27485704 0.26871824 5.541398
v 0.4651084 0.24153948 5.201664
v 0.451519 0.3774333 5.1201277
v 0.65535975 0.39102268 5.079359
v 0.64177036 0.25512886 4.943465
v 0.8999686 0.25512886 4.6580887
v 1.0358624 0.4453802 4.63091
v 0.8320217 0.5133271 5.06577
v 0.628181 3.0817204 2.2935362
v 0.36998272 4.522195 -1.0630412
v 0.64177036 4.39989 -1.09022
v 0.22049952 3.2176142 2.551734
v 0.0030694008 4.5629625 -1.0494518
v 0.0030694008 3.231203 2.551734
v -0.2279501 3.2176142 2.551734
v -0.36384392 4.522195 -1.0630412
v -0.64922094 4.39989 -1.09022
v -0.63563156 3.0817204 2.2935362
v 0.22049952 3.2176142 2.551734
v 0.628181 3.0817204 2.2935362
v 0.628181 2.8642902 2.8642902
v 0.3156252 3.0545416 2.8099327
v 0.41075087 2.9594154 3.0273628
v 0.47869778 2.8642902 3.2855606
v 0.64177036 2.4973764 3.7883682
v 0.47869778 2.7419853 3.584527
v 0.43792963 2.5653238 4.032977
v 0.42434025 2.2935362 4.726035
v 0.628181 2.076106 4.8891077
v 0.43792963 2.2255888 4.9162865
v 0.6010022 1.9402122 5.2696104
v 0.47869778 2.1168737 5.201664
v 0.56023407 1.8858547 5.4598618
v 0.42434025 1.9945698 5.446273
v 0.4651084 1.9402122 5.6093454
v 0.41075087 1.9945698 5.4734516
v 0.3156252 1.9538012 5.650113
v 0.26126766 2.0081587 5.5142193
v 0.0030694008 2.0081587 5.5142193
v 0.0030694008 1.9538012 5.677292
v -0.32307577 1.9538012 5.650113
v -0.26871824 2.0081587 5.5142193
v -0.41820145 1.9945698 5.4734516
v -0.4589696 1.9402122 5.6093454
v -0.43179083 1.9945698 5.446273
v -0.55409527 1.8858547 5.4598618
v -0.47255898 2.1168737 5.201664
v -0.6084528 1.9402122 5.2696104
v -0.4453802 2.2255888 4.9162865
v -0.63563156 2.076106 4.8891077
v -0.43179083 2.2935362 4.726035
v -0.63563156 2.4973764 3.7883682
v -0.43179083 2.5653238 4.032977
v -0.47255898 2.7419853 3.584527
v -0.47255898 2.8642902 3.2855606
v -0.63563156 2.8642902 2.8642902
v -0.41820145 2.9594154 3.0273628
v -0.32307577 3.0545416 2.8099327
v -0.2279501 3.2176142 2.551734
v -0.63563156 3.0817204 2.2935362
v 0.0030694008 0.25512886 -1.0358624
v 1.0766306 0.32307577 -1.0494518
v 0.6010022 1.9402122 -4.4196186
v 0.0030694008 1.8858547 -4.473976
v 0.57382345 2.0489273 -4.59628
v 0.0030694008 2.0489273 -4.623459
v -0.58127403 2.0489273 -4.59628
v -0.5948634 1.9402122 -4.4196186
v -1.0840812 0.32307577 -1.0494518
v 0.0030694008 0.47255898 -0.26126766
v 0.0030694008 1.4509945 -3.3596466
v 0.79125357 1.4781733 -3.3596466
v 1.2125244 0.5133271 -0.26126766
v 0.64177036 4.073745 -0.6689491
v 0.64177036 4.073745 -0.7640748
v 3.481951 2.9458265 -1.198935
v 3.481951 2.9458265 -0.7504854
v 6.6346874 1.6004772 -0.8592005
v 6.6346874 1.6004772 -1.2397032
v 3.481951 2.9458265 -2.8704288
v 6.6346874 1.6004772 -2.7753031
v 6.6346874 1.6004772 -3.0470908
v 6.3900785 1.7091923 -3.3188784
v 3.481951 2.9458265 -2.8704288
v 3.481951 2.9458265 -3.549898
v 0.64177036 4.073745 -3.3596466
v 0.64177036 4.073745 -3.7401493
v 3.481951 2.9458265 -1.198935
v 0.6689491 4.7939825 -1.1853456
v 0.6689491 4.7939825 -2.9383757
v 3.481951 2.9458265 -2.8704288
v -0.64922094 3.924262 -3.7401493
v -2.6876278 3.108899 -2.8840182
v -0.64922094 3.924262 -3.4547722
v -2.674039 3.108899 -3.6042554
v -6.343171 1.5868883 -3.3188784
v -6.58778 1.4781733 -3.0335014
v -6.58778 1.4781733 -2.7753031
v -2.6876278 3.108899 -1.198935
v -6.58778 1.4781733 -1.2397032
v -2.6876278 3.108899 -0.73689604
v -6.58778 1.4781733 -0.8592005
v -0.64922094 3.924262 -0.79125357
v -0.64922094 3.924262 -0.6689491
v 0.64177036 4.6988564 -1.0494518
v 0.0030694008 4.712446 -3.9847581
v 0.64177036 4.6988564 -3.9575794
v 0.0030694008 4.6988564 -1.0494518
v -0.64922094 4.6988564 -1.0494518
v -0.64922094 4.6988564 -3.9575794
v 0.64177036 4.6988564 -3.9575794
v 0.0030694008 4.535784 -4.120652
v 0.64177036 4.522195 -4.1070623
v 0.0030694008 4.712446 -3.9847581
v -0.64922094 4.6988564 -3.9575794
v -0.63563156 4.522195 -4.1070623
v -0.64922094 4.6988564 -1.0494518
v 0.0030694008 4.6988564 -1.0494518
v -0.36384392 4.522195 -1.0630412
v -0.64922094 4.39989 -1.09022
v -0.24153948 0.4589696 5.215253
v -0.41820145 0.3774333 5.1337166
v -0.5269165 0.3774333 5.337558
v -0.3774333 0.4453802 5.405504
v -0.1464138 0.63563156 5.296789
v -0.6899891 0.6899891 5.568577
v -0.295897 0.5948634 5.4870405
v -0.16000319 0.8394723 5.3511467
v -0.295897 0.7715254 5.527809
v -0.25512886 1.0161343 5.3511467
v -0.3774333 0.9210086 5.527809
v -0.5269165 1.0297236 5.5006304
v -0.41820145 1.1384387 5.310379
v -0.6084528 1.1520281 5.2424316
v -0.6899891 1.043313 5.432683
v -0.5269165 0.3774333 5.337558
v -0.6899891 0.39102268 5.2696104
v -0.41820145 0.3774333 5.1337166
v -0.6084528 0.39102268 5.0521803
v -0.8394723 0.48614836 5.2288427
v -0.7715254 0.5133271 5.0114126
v -0.9210086 0.64922094 5.2424316
v -0.88024044 0.7035785 5.0250015
v -0.9210086 0.8258829 5.2832003
v -0.88024044 0.8938298 5.06577
v -0.8394723 0.96177673 5.3511467
v -0.6899891 1.043313 5.432683
v -0.78511477 1.0704918 5.1473064
v -0.6084528 1.1520281 5.2424316
v -0.7715254 0.5133271 5.0114126
v -1.0297236 0.4453802 4.63091
v -1.1384387 0.6899891 4.7668037
v -0.88024044 0.7035785 5.0250015
v -0.88024044 0.8938298 5.06577
v -0.9074192 1.0569024 5.0385914
v -0.78511477 1.0704918 5.1473064
v -0.757936 1.2063856 5.310379
v -0.6084528 1.1520281 5.2424316
v -0.6220422 1.2471538 5.4870405
v -0.41820145 1.1384387 5.310379
v -0.25512886 1.0161343 5.3511467
v -0.4453802 1.1656175 5.650113
v -0.16000319 0.8394723 5.3511467
v -0.24153948 0.9889555 5.7180605
v -0.1464138 0.63563156 5.296789
v -0.17359257 0.6220422 5.7044706
v -0.24153948 0.4589696 5.215253
v -0.20077133 0.49973774 5.7044706
v -0.26871824 0.26871824 5.541398
v -0.4589696 0.24153948 5.201664
v -0.41820145 0.3774333 5.1337166
v -0.6084528 0.39102268 5.0521803
v -0.64922094 0.25512886 4.943465
v -0.8938298 0.25512886 4.6580887
v -1.0297236 0.4453802 4.63091
v -0.7715254 0.5133271 5.0114126
v 0.0030694008 0.47255898 -0.26126766
v -1.219975 0.5133271 -0.26126766
v -0.78511477 1.4781733 -3.3596466
v 0.0030694008 1.4509945 -3.3596466
v -0.64922094 4.073745 -0.6689491
v -3.475812 2.9458265 -1.198935
v -0.64922094 4.073745 -0.7640748
v -3.475812 2.9458265 -0.7504854
v -6.6285486 1.6004772 -0.8592005
v -6.6285486 1.6004772 -1.2397032
v -3.475812 2.9458265 -2.8704288
v -6.6285486 1.6004772 -2.7753031
v -6.6285486 1.6004772 -3.0335014
v -6.3975286 1.7091923 -3.3188784
v -3.475812 2.9458265 -2.8704288
v -3.475812 2.9458265 -3.549898
v -0.64922094 4.073745 -3.3596466
v -0.64922094 4.073745 -3.7401493
v -3.475812 2.9458265 -1.198935
v -3.475812 2.9458265 -2.8704288
v -0.6763997 4.7939825 -2.9383757
v -0.6763997 4.7939825 -1.1853456
v 0.2340889 2.3886614 -1.4435439
v 0.2340889 2.19841 1.8858547
v 0.43792963 2.19841 1.8858547
v 0.43792963 2.3886614 -1.4435439
v 0.43792963 2.3886614 -1.4435439
v 0.43792963 2.19841 1.8858547
v 0.43792963 2.4566088 1.8858547
v 0.43792963 2.7012177 -1.4299545
v 0.20691013 2.6332703 -1.3212395
v 0.20691013 2.4566088 1.8179073
v 0.2340889 2.19841 1.8858547
v 0.2340889 2.3886614 -1.4435439
v -0.3774333 2.4566088 1.8858547
v -0.3774333 2.19841 1.8858547
v -0.3774333 2.3886614 -1.4435439
v -0.3774333 2.7012177 -1.4299545
v -0.3774333 2.19841 1.8858547
v -0.17359257 2.19841 1.8858547
v -0.17359257 2.3886614 -1.4435439
v -0.3774333 2.3886614 -1.4435439
v -0.1464138 2.4566088 1.8179073
v -0.1464138 2.6332703 -1.3212395
v -0.17359257 2.3886614 -1.4435439
v -0.17359257 2.19841 1.8858547
v -0.64922094 3.1768456 -1.1853456
v -0.64922094 3.1768456 -2.951965
v -2.6876278 3.108899 -2.8840182
v -2.6876278 3.108899 -1.198935
v 0.64177036 3.924262 -0.6689491
v 0.64177036 4.073745 -0.6689491
v 3.481951 2.9458265 -0.7504854
v 2.6937668 3.108899 -0.73689604
v 6.58033 1.4781733 -0.8592005
v 6.6346874 1.6004772 -0.8592005
v 0.64177036 4.073745 -3.7401493
v 0.64177036 3.924262 -3.7401493
v 2.666588 3.108899 -3.6042554
v 3.481951 2.9458265 -3.549898
v 6.3900785 1.7091923 -3.3188784
v 6.3493104 1.5868883 -3.3188784
v 6.58033 1.4781733 -0.8592005
v 6.6346874 1.6004772 -0.8592005
v 6.6346874 1.6004772 -1.2397032
v 6.58033 1.4781733 -1.2397032
v 6.6346874 1.6004772 -2.7753031
v 6.58033 1.4781733 -2.7753031
v 6.58033 1.4781733 -3.0470908
v 6.6346874 1.6004772 -3.0470908
v 0.64177036 3.1768456 -1.1853456
v 2.6937668 3.108899 -1.198935
v 2.6937668 3.108899 -2.8976076
v 0.64177036 3.1768456 -2.951965
v 6.3900785 1.7091923 -3.3188784
v 6.3493104 1.5868883 -3.3188784
v 6.58033 1.4781733 -3.0470908
v 6.6346874 1.6004772 -3.0470908
v 1.6881528 0.56768465 2.443019
v 1.9055829 0.56768465 2.443019
v 1.9055829 0.8394723 2.443019
v 1.6881528 0.8394723 2.443019
v 1.6881528 0.8394723 2.443019
v 1.9055829 0.8394723 2.443019
v 1.9055829 0.8394723 2.7419853
v 1.6881528 0.8394723 2.7419853
v 1.6881528 0.8394723 2.7419853
v 1.9055829 0.8394723 2.7419853
v 1.9055829 0.56768465 2.7419853
v 1.6881528 0.56768465 2.7419853
v 1.6881528 0.56768465 2.7419853
v 1.9055829 0.56768465 2.7419853
v 1.9055829 0.56768465 2.443019
v 1.6881528 0.56768465 2.443019
v 1.6881528 0.56768465 2.7419853
v 1.6881528 0.56768465 2.443019
v 1.6881528 0.8394723 2.443019
v 1.6881528 0.8394723 2.7419853
v 1.0358624 0.6628103 1.9266224
v 1.5114908 0.7715254 1.9266224
v 1.0358624 0.7715254 1.9266224
v 1.5114908 0.6628103 1.9266224
v 1.7153316 0.6628103 2.089695
v 1.7153316 0.7715254 2.089695
v 1.0358624 0.7715254 1.9266224
v 1.484312 0.7715254 2.1712313
v 1.0358624 0.7715254 2.1304636
v 1.5114908 0.7715254 1.9266224
v 1.7153316 0.7715254 2.089695
v 1.8919935 0.7715254 2.4837875
v 1.7560997 0.7715254 2.4837875
v 1.0358624 0.7715254 2.1304636
v 1.484312 0.7715254 2.1712313
v 1.484312 0.6628103 2.1712313
v 1.0358624 0.6628103 2.1304636
v 1.0358624 0.6628103 2.1304636
v 1.5114908 0.6628103 1.9266224
v 1.0358624 0.6628103 1.9266224
v 1.484312 0.6628103 2.1712313
v 1.7153316 0.6628103 2.089695
v 1.7560997 0.6628103 2.4837875
v 1.8919935 0.6628103 2.4837875
v 1.484312 0.6628103 2.1712313
v 1.484312 0.7715254 2.1712313
v 1.7560997 0.7715254 2.4837875
v 1.7560997 0.6628103 2.4837875
v 1.7153316 0.7715254 2.089695
v 1.7153316 0.6628103 2.089695
v 1.8919935 0.6628103 2.4837875
v 1.8919935 0.7715254 2.4837875
v -0.58127403 2.9865942 -5.099087
v -0.58127403 2.0489273 -4.59628
v 0.0030694008 2.0489273 -4.623459
v 0.0030694008 2.9865942 -5.099087
v 0.57382345 2.0489273 -4.59628
v 0.57382345 2.9865942 -5.099087
v 0.0030694008 3.4078655 -5.275749
v -0.58127403 3.3942757 -5.275749
v 0.57382345 3.3942757 -5.275749
v -0.63563156 2.1440525 -0.26126766
v -0.63563156 2.6060915 -0.26126766
v -0.56768465 2.5925026 -0.26126766
v -0.56768465 2.1440525 -0.26126766
v -1.2063856 0.8122935 -0.26126766
v -1.2471538 0.9074192 -0.26126766
v -1.3422794 0.71716785 -0.26126766
v -1.3015113 0.47255898 -0.26126766
v -1.219975 0.5133271 -0.26126766
v -1.1520281 0.4589696 1.8994436
v -1.3015113 0.47255898 -0.26126766
v -1.219975 0.5133271 -0.26126766
v -1.0976706 0.5133271 1.8858547
v 0.0030694008 0.47255898 -0.26126766
v 0.0030694008 0.4589696 1.8858547
v 1.09022 0.5133271 1.8858547
v 1.2125244 0.5133271 -0.26126766
v 1.1581669 0.4589696 1.8994436
v 1.3076501 0.47255898 -0.26126766
v -1.1520281 0.6899891 3.122488
v -1.0840812 0.4453802 3.122488
v 0.0030694008 0.4453802 3.122488
v 0.0030694008 0.6899891 3.122488
v 0.0030694008 1.8179073 3.122488
v -0.63563156 1.8179073 3.122488
v 0.0030694008 2.076106 3.0681305
v -0.63563156 2.076106 3.0681305
v -0.63563156 2.2527676 2.905058
v 1.1581669 0.6899891 3.122488
v 1.09022 0.4453802 3.122488
v 0.64177036 1.8314972 3.122488
v 0.64177036 2.076106 3.0681305
v 0.64177036 2.2527676 2.905058
v 0.0030694008 2.2527676 2.905058
v -0.63563156 2.2799463 2.7555752
v 0.64177036 2.2799463 2.7555752
v 0.0030694008 2.2799463 2.7555752
v -0.63563156 2.2391787 2.6060915
v 0.64177036 2.2391787 2.6060915
v 0.0030694008 2.2391787 2.6060915
v -0.63563156 2.1032848 2.4566088
v 0.64177036 2.1032848 2.4566088
v 0.0030694008 2.1032848 2.4566088
v -0.63563156 1.8858547 2.3750725
v 0.64177036 1.8994436 2.3886614
v 0.0030694008 1.8858547 2.3750725
v -1.2471538 0.7035785 2.3750725
v 1.2397032 0.7035785 2.3750725
v 0.0030694008 0.7035785 2.3750725
v -1.1248493 0.4589696 2.3750725
v 1.1309881 0.4589696 2.3750725
v 0.0030694008 0.4589696 2.3750725
v -1.0840812 0.4453802 3.122488
v -1.1248493 0.4589696 2.3750725
v 0.0030694008 0.4589696 2.3750725
v 0.0030694008 0.4453802 3.122488
v 1.09022 0.4453802 3.122488
v 1.1309881 0.4589696 2.3750725
v -0.56768465 2.5925026 -0.26126766
v -0.63563156 2.6060915 -0.26126766
v -0.63563156 2.4566088 1.8994436
v -0.56768465 2.4566088 1.8858547
v -1.2063856 0.8122935 -0.26126766
v -0.56768465 2.1440525 -0.26126766
v -0.43179083 3.2176142 -3.3868253
v -0.78511477 1.4781733 -3.3596466
v 0.64177036 2.1440525 -0.26126766
v 0.57382345 2.5925026 -0.26126766
v 0.64177036 2.6060915 -0.26126766
v 0.57382345 2.1440525 -0.26126766
v 1.2261138 0.8122935 -0.26126766
v 1.2532926 0.9074192 -0.26126766
v 1.3348289 0.71716785 -0.26126766
v 1.3076501 0.47255898 -0.26126766
v 1.2125244 0.5133271 -0.26126766
v 1.09022 0.5133271 1.8858547
v 1.1581669 0.4589696 1.8994436
v 1.266882 0.7035785 1.8994436
v 0.0030694008 0.7035785 1.8858547
v 0.0030694008 0.4589696 1.8858547
v -1.0976706 0.5133271 1.8858547
v 0.0030694008 1.9266224 1.8858547
v 0.64177036 1.9402122 1.8994436
v 0.64177036 2.4566088 1.8994436
v 0.57382345 2.4566088 1.8858547
v 0.0030694008 2.4566088 1.8858547
v -0.56768465 2.4566088 1.8858547
v -0.63563156 2.4566088 1.8994436
v -0.63563156 1.9266224 1.8858547
v -1.2607431 0.7035785 1.8994436
v -1.1520281 0.4589696 1.8994436
v 0.57382345 2.5925026 -0.26126766
v 0.57382345 2.4566088 1.8858547
v 0.64177036 2.4566088 1.8994436
v 0.64177036 2.6060915 -0.26126766
v 1.2261138 0.8122935 -0.26126766
v 0.79125357 1.4781733 -3.3596466
v 0.43792963 3.2176142 -3.3868253
v 0.57382345 2.1440525 -0.26126766
v 0.0030694008 3.2176142 -3.414004
v 0.0030694008 1.4509945 -3.3596466
v -0.78511477 1.4781733 -3.3596466
v -0.43179083 3.2176142 -3.3868253
v 0.0030694008 3.2176142 -3.414004
v 0.43792963 3.2176142 -3.3868253
v 0.79125357 1.4781733 -3.3596466
v 0.0030694008 1.4509945 -3.3596466
v -2.674039 3.108899 -3.6042554
v -6.3975286 1.7091923 -3.3188784
v -6.343171 1.5868883 -3.3188784
v -3.475812 2.9458265 -3.549898
v -0.64922094 3.924262 -3.7401493
v -0.64922094 4.073745 -3.7401493
v -0.64922094 4.073745 -0.6689491
v -0.64922094 3.924262 -0.6689491
v -2.6876278 3.108899 -0.73689604
v -3.475812 2.9458265 -0.7504854
v -6.58778 1.4781733 -0.8592005
v -6.6285486 1.6004772 -0.8592005
v -6.6285486 1.6004772 -3.0335014
v -6.58778 1.4781733 -2.7753031
v -6.58778 1.4781733 -3.0335014
v -6.6285486 1.6004772 -2.7753031
v -6.6285486 1.6004772 -1.2397032
v -6.58778 1.4781733 -1.2397032
v -6.6285486 1.6004772 -0.8592005
v -6.58778 1.4781733 -0.8592005
v -6.6285486 1.6004772 -3.0335014
v -6.58778 1.4781733 -3.0335014
v -6.343171 1.5868883 -3.3188784
v -6.3975286 1.7091923 -3.3188784
v -3.108899 0.71716785 2.7555752
v -3.2719717 0.55409527 3.013773
v -3.2719717 0.86665106 3.013773
v -3.2719717 0.40461206 2.7555752
v -3.2719717 0.55409527 2.4837875
v -3.2719717 0.86665106 2.4837875
v -3.2719717 1.0161343 2.7555752
v -3.2719717 0.86665106 2.4837875
v -3.2719717 0.86665106 3.013773
v -3.2719717 0.86665106 3.013773
v -3.2719717 0.55409527 3.013773
v -3.2719717 0.71716785 2.7555752
v -3.2719717 0.40461206 2.7555752
v -3.2719717 0.55409527 2.4837875
v -3.2719717 0.86665106 2.4837875
v -3.2719717 0.86665106 2.4837875
v -3.2719717 1.0161343 2.7555752
v -3.2719717 0.86665106 3.013773
v 0.7776642 0.73075724 7.267249
v 0.81843233 0.7715254 7.267249
v 0.8592005 0.73075724 7.25366
v 0.81843233 0.6899891 7.267249
v 0.81843233 0.6899891 7.267249
v 0.6961279 0.6899891 5.5142193
v 0.628181 0.63563156 5.5142193
v 0.8592005 0.73075724 7.25366
v 0.81843233 0.7715254 7.267249
v 0.64177036 0.757936 5.5142193
v 0.57382345 0.7035785 5.527809
v 0.7776642 0.73075724 7.267249
v 0.81843233 0.6899891 7.267249
v 0.628181 0.63563156 5.5142193
v -0.9889555 0.55409527 7.049819
v -0.94818735 0.5948634 7.049819
v -0.9074192 0.55409527 7.063409
v -0.94818735 0.5269165 7.049819
v -0.94818735 0.5269165 7.049819
v -0.58127403 0.7035785 5.337558
v -0.63563156 0.64922094 5.323968
v -0.9074192 0.55409527 7.063409
v -0.94818735 0.5948634 7.049819
v -0.63563156 0.7715254 5.337558
v -0.7035785 0.71716785 5.323968
v -0.9889555 0.55409527 7.049819
v -0.94818735 0.5269165 7.049819
v -0.63563156 0.64922094 5.323968
v -1.6956034 0.56768465 2.5245552
v -1.6956034 0.8394723 2.5245552
v -1.9130335 0.8394723 2.5245552
v -1.9130335 0.56768465 2.5245552
v -1.6956034 0.8394723 2.5245552
v -1.6956034 0.8394723 2.8235216
v -1.9130335 0.8394723 2.8235216
v -1.9130335 0.8394723 2.5245552
v -1.6956034 0.8394723 2.8235216
v -1.6956034 0.56768465 2.8235216
v -1.9130335 0.56768465 2.8235216
v -1.9130335 0.8394723 2.8235216
v -1.6956034 0.56768465 2.8235216
v -1.6956034 0.56768465 2.5245552
v -1.9130335 0.56768465 2.5245552
v -1.9130335 0.56768465 2.8235216
v -1.6956034 0.56768465 2.8235216
v -1.6956034 0.8394723 2.8235216
v -1.6956034 0.8394723 2.5245552
v -1.6956034 0.56768465 2.5245552
v -1.0297236 0.6628103 2.0081587
v -1.0297236 0.7715254 2.0081587
v -1.505352 0.7715254 2.0081587
v -1.505352 0.6628103 2.0081587
v -1.7227821 0.6628103 2.1712313
v -1.7227821 0.7715254 2.1712313
v -1.0297236 0.7715254 2.0081587
v -1.0297236 0.7715254 2.212
v -1.4917622 0.7715254 2.2527676
v -1.505352 0.7715254 2.0081587
v -1.7227821 0.7715254 2.1712313
v -1.8994436 0.7715254 2.5653238
v -1.7499609 0.7715254 2.5653238
v -1.0297236 0.7715254 2.212
v -1.0297236 0.6628103 2.212
v -1.4917622 0.6628103 2.2527676
v -1.4917622 0.7715254 2.2527676
v -1.0297236 0.6628103 2.212
v -1.0297236 0.6628103 2.0081587
v -1.505352 0.6628103 2.0081587
v -1.4917622 0.6628103 2.2527676
v -1.7227821 0.6628103 2.1712313
v -1.7499609 0.6628103 2.5653238
v -1.8994436 0.6628103 2.5653238
v -1.4917622 0.6628103 2.2527676
v -1.7499609 0.6628103 2.5653238
v -1.7499609 0.7715254 2.5653238
v -1.4917622 0.7715254 2.2527676
v -1.7227821 0.7715254 2.1712313
v -1.8994436 0.7715254 2.5653238
v -1.8994436 0.6628103 2.5653238
v -1.7227821 0.6628103 2.1712313
v -0.41820145 2.320715 -4.8272996
v -0.43179083 3.0273628 -5.194213
v -0.43179083 3.0681305 -5.099087
v -0.41820145 2.3614826 -4.7593527
v -0.32307577 2.320715 -4.8272996
v -0.32307577 2.3614826 -4.7593527
v -0.32307577 2.9458265 -5.167034
v -0.43179083 3.0273628 -5.194213
v -0.32307577 2.320715 -4.8272996
v -0.32307577 2.9865942 -5.058319
v -0.32307577 2.3614826 -4.7593527
v -0.43179083 3.0681305 -5.099087
v 0.451519 3.0273628 -5.194213
v 0.451519 3.0681305 -5.099087
v -0.32307577 2.9458265 -5.167034
v 0.35639334 2.9458265 -5.167034
v 0.35639334 2.9865942 -5.058319
v -0.32307577 2.9865942 -5.058319
v 0.35639334 2.9458265 -5.167034
v 0.35639334 2.320715 -4.8272996
v 0.43792963 2.320715 -4.8272996
v 0.451519 3.0681305 -5.099087
v 0.451519 3.0273628 -5.194213
v 0.43792963 2.3614826 -4.7593527
v 0.35639334 2.3614826 -4.7593527
v 0.35639334 2.9458265 -5.167034
v 0.35639334 2.9865942 -5.058319
v 0.43792963 2.320715 -4.8272996
v 0.43792963 2.3614826 -4.7593527
v 0.9407368 4.63091 4.644499
v 0.87278986 4.5493736 4.644499
v 0.88637924 4.603731 4.644499
v 0.9407368 4.5493736 4.644499
v 0.9950943 4.603731 4.644499
v 0.88637924 4.508605 4.644499
v 1.0086837 4.5493736 4.644499
v 0.9407368 4.4814262 4.644499
v 0.9950943 4.508605 4.644499
v -0.94818735 4.63091 4.644499
v -1.0297236 4.5493736 4.644499
v -1.0025449 4.603731 4.644499
v -0.94818735 4.5493736 4.644499
v -0.9074192 4.603731 4.644499
v -1.0025449 4.508605 4.644499
v -0.88024044 4.5493736 4.644499
v -0.94818735 4.4814262 4.644499
v -0.9074192 4.508605 4.644499
v -0.2279501 2.905058 -5.0311403
v -0.06487751 2.5109663 -5.2485704
v -0.06487751 2.5789127 -5.2893386
v 0.016658783 2.5789127 -5.2893386
v -0.2279501 2.5245552 -4.840889
v 0.19332075 2.905058 -5.0447297
v 0.20691013 2.5245552 -4.8544784
v 0.016658783 2.5109663 -5.2485704
v 0.22049952 3.2176142 2.551734
v 0.0030694008 3.3263292 2.7148066
v 0.0030694008 3.231203 2.551734
v -0.2279501 3.2176142 2.551734
v 0.22049952 3.2991505 2.7148066
v 0.28844643 3.2176142 2.7148066
v 0.36998272 3.2176142 2.9594154
v 0.3156252 3.0545416 2.8099327
v 0.41075087 2.9594154 3.0273628
v 0.47869778 2.8642902 3.2855606
v 0.22049952 3.3399181 2.9594154
v 0.2340889 3.3399181 3.231203
v 0.42434025 3.1632566 3.231203
v 0.47869778 2.7419853 3.584527
v 0.42434025 3.0273628 3.5573483
v 0.0030694008 3.367097 2.9594154
v 0.3835721 2.7148066 4.032977
v 0.43792963 2.5653238 4.032977
v 0.42434025 2.2935362 4.726035
v 0.22049952 2.8099327 4.032977
v 0.43792963 2.538145 4.739625
v 0.24767828 3.244793 3.5573483
v 0.451519 2.42943 5.0250015
v 0.43792963 2.2255888 4.9162865
v 0.47869778 2.1168737 5.201664
v 0.451519 2.2799463 5.3511467
v 0.42434025 1.9945698 5.446273
v 0.39716148 2.1576424 5.527809
v 0.41075087 1.9945698 5.4734516
v 0.26126766 2.0081587 5.5142193
v 0.27485704 2.2255888 5.6229343
v 0.0030694008 2.2527676 5.7044706
v 0.0030694008 2.0081587 5.5142193
v -0.26871824 2.0081587 5.5142193
v 0.24767828 2.4701977 5.446273
v 0.24767828 2.6468601 5.0250015
v 0.0030694008 2.5109663 5.5006304
v 0.2340889 2.7012177 4.739625
v 0.0030694008 2.7012177 5.0250015
v 0.0030694008 2.7555752 4.739625
v 0.0030694008 2.891469 4.032977
v 0.0030694008 3.2719717 3.570938
v 0.0030694008 3.3806868 3.244793
v -0.2279501 3.3399181 3.231203
v -0.25512886 3.244793 3.5573483
v -0.2279501 2.8099327 4.032977
v -0.24153948 2.7012177 4.739625
v -0.24153948 2.6468601 5.0250015
v -0.2279501 3.3399181 2.9594154
v -0.36384392 3.2176142 2.9594154
v -0.21436071 3.2991505 2.7148066
v -0.28230762 3.2176142 2.7148066
v -0.32307577 3.0545416 2.8099327
v -0.41820145 2.9594154 3.0273628
v -0.47255898 2.8642902 3.2855606
v -0.43179083 3.1632566 3.231203
v -0.47255898 2.7419853 3.584527
v -0.41820145 3.0273628 3.5573483
v -0.39102268 2.7148066 4.032977
v -0.43179083 2.5653238 4.032977
v -0.43179083 2.2935362 4.726035
v -0.43179083 2.538145 4.739625
v -0.4589696 2.42943 5.0250015
v -0.4453802 2.2255888 4.9162865
v -0.47255898 2.1168737 5.201664
v -0.25512886 2.4701977 5.446273
v -0.4589696 2.2799463 5.3511467
v -0.43179083 1.9945698 5.446273
v -0.28230762 2.2255888 5.6229343
v -0.40461206 2.1576424 5.527809
v -0.41820145 1.9945698 5.4734516
v 1.2397032 4.63091 -4.8272996
v 0.9407368 4.6852674 -4.9224253
v 1.1445775 4.4270687 -4.840889
v 1.1445775 4.84834 -4.8272996
v 0.9407368 4.3455324 -4.840889
v 0.9407368 4.9298763 -4.8272996
v 0.73689604 4.4270687 -4.840889
v 0.73689604 4.84834 -4.8272996
v 0.64177036 4.63091 -4.8272996
v -0.6628103 4.63091 -4.8272996
v -0.94818735 4.6852674 -4.9224253
v -0.7443466 4.4270687 -4.840889
v -0.7443466 4.84834 -4.8272996
v -0.94818735 4.3455324 -4.840889
v -0.94818735 4.9298763 -4.8272996
v -1.1656175 4.4270687 -4.840889
v -1.1656175 4.84834 -4.8272996
v -1.2471538 4.63091 -4.8272996
v 0.016658783 2.212 -5.9280396
v 0.016658783 2.5109663 -5.2485704
v 0.016658783 2.5789127 -5.2893386
v -0.06487751 2.5789127 -5.2893386
v 0.016658783 2.1712313 -5.91445
v -0.024109364 2.212 -5.9280396
v -0.024109364 2.1712313 -5.91445
v -0.06487751 2.5109663 -5.2485704
v 0.24767828 1.0161343 5.323968
v 0.27485704 0.7715254 5.4870405
v 0.1525526 0.8394723 5.296789
v 0.35639334 0.9210086 5.5142193
v 0.42434025 1.1384387 5.310379
v 0.27485704 0.5948634 5.446273
v 0.16614199 0.63563156 5.2424316
v 0.50587654 1.0297236 5.5006304
v 0.628181 1.1520281 5.2696104
v 0.64177036 0.6899891 5.6093454
v 0.36998272 0.4453802 5.3919153
v 0.6689491 1.043313 5.4734516
v 0.27485704 0.4589696 5.188074
v 0.80484295 1.0704918 5.201664
v 0.5194659 0.3774333 5.3511467
v 0.451519 0.3774333 5.1201277
v 0.8320217 0.96177673 5.419094
v 0.913558 0.8938298 5.1473064
v 0.6961279 0.39102268 5.310379
v 0.65535975 0.39102268 5.079359
v 0.9271474 0.8258829 5.3647366
v 0.9271474 0.7035785 5.092949
v 0.8456111 0.48614836 5.296789
v 0.8320217 0.5133271 5.06577
v 0.9271474 0.64922094 5.323968
v 1.2125244 4.3319435 -4.60987
v 1.2125244 4.3047647 -0.6145916
v 1.3348289 4.5765524 -0.6145916
v 0.9407368 4.2096386 -4.60987
v 1.3348289 4.603731 -4.60987
v 0.9407368 4.1960497 -0.6145916
v 1.2125244 4.861929 -0.6145916
v 0.6689491 4.3319435 -4.60987
v 1.2125244 4.875519 -4.60987
v 0.6689491 4.3047647 -0.6145916
v 0.9407368 4.970644 -0.6145916
v 0.5466447 4.603731 -4.60987
v 0.9407368 4.9978228 -4.60987
v 0.5466447 4.5765524 -0.6145916
v 0.6689491 4.861929 -0.6145916
v 0.6689491 4.875519 -4.60987
v -0.6763997 4.3319435 -4.60987
v -0.6763997 4.3047647 -0.6145916
v -0.56768465 4.5765524 -0.6145916
v -0.94818735 4.2096386 -4.60987
v -0.56768465 4.603731 -4.60987
v -0.94818735 4.1960497 -0.6145916
v -0.6763997 4.861929 -0.6145916
v -1.2335644 4.3319435 -4.60987
v -0.6763997 4.875519 -4.60987
v -1.2335644 4.3047647 -0.6145916
v -0.94818735 4.970644 -0.6145916
v -1.3422794 4.603731 -4.60987
v -0.94818735 4.9978228 -4.60987
v -1.3422794 4.5765524 -0.6145916
v -1.2335644 4.861929 -0.6145916
v -1.2335644 4.875519 -4.60987
v -5.908312 2.2527676 -2.299675
v -5.650113 2.3614826 -2.4355688
v -5.7044706 2.5653238 -2.2181387
v -5.8539543 1.967391 -2.3540325
v -5.8539543 2.5109663 -2.1366024
v -5.6908817 2.6468601 -1.9191723
v -5.527809 2.6332703 -2.1773705
v -5.9354897 2.4701977 -1.9735298
v -6.0442047 2.19841 -2.014298
v -6.003437 1.8858547 -2.0414767
v -5.3647366 2.4837875 -2.3812113
v -5.419094 2.674039 -2.055066
v -5.554988 2.089695 -2.517105
v -6.003437 2.19841 -1.7017422
v -5.9626684 1.8994436 -1.6745634
v -5.908312 2.4701977 -1.7968678
v -5.1608953 2.551734 -2.1501918
v -5.215253 2.2255888 -2.4491582
v -5.3919153 2.6876278 -1.8648148
v -5.8267756 1.6412458 -2.0278873
v -5.6908817 1.7091923 -2.3132644
v -5.786007 1.6548347 -1.7153316
v -5.432683 1.8179073 -2.4491582
v -4.984234 2.307125 -2.19096
v -5.106538 2.5653238 -1.837636
v -5.4734516 2.6468601 -1.7153316
v -5.1473064 1.9266224 -2.3948007
v -5.554988 1.5189409 -2.0007086
v -5.4734516 1.5597095 -2.1637812
v -5.2560215 1.5597095 -1.946351
v -5.323968 1.627656 -2.2453175
v -5.527809 1.5325308 -1.8240466
v -5.1608953 1.6820135 -2.2045493
v -4.9298763 2.0081587 -2.1637812
v -5.405504 1.5732985 -1.6881528
v -5.5821667 1.736371 -1.4979014
v -4.9298763 2.320715 -1.837636
v -5.0385914 1.736371 -2.0822449
v -4.8891077 2.0081587 -1.8512254
v -5.2424316 2.4973764 -1.5658484
v -5.2424316 1.6412458 -1.660974
v -5.7180605 1.9945698 -1.4163651
v -5.0114126 1.736371 -1.8919935
v -5.079359 2.2391787 -1.5114908
v -5.6229343 2.5925026 -1.6337953
v -5.2832003 1.8450861 -1.4435439
v -5.092949 1.6956034 -1.7425103
v -5.0250015 1.9538012 -1.5794377
v -5.3919153 2.1168737 -1.3484182
v -5.5142193 2.3886614 -1.4163651
v -5.786007 2.5245552 -1.660974
v -5.799597 2.2799463 -1.4707227
v -2.0217485 0.6628103 3.136078
v -2.0217485 0.9889555 3.000184
v -1.8858547 0.8394723 2.8507004
v -2.2255888 0.6628103 3.2719717
v -1.8858547 0.6628103 2.9186478
v -1.8314972 0.6628103 2.674039
v -1.8858547 0.9074192 2.674039
v -2.0217485 0.35025454 3.000184
v -2.2255888 0.25512886 3.0953093
v -1.8858547 0.49973774 2.8507004
v -2.0217485 1.1248493 2.674039
v -2.2255888 1.0840812 3.0953093
v -1.8858547 0.8394723 2.5109663
v -2.0217485 0.21436071 2.674039
v -2.2255888 0.07846689 2.674039
v -1.8858547 0.41820145 2.674039
v -2.4701977 0.21436071 3.136078
v -2.4701977 0.6763997 3.3127394
v -2.4701977 0.024109364 2.674039
v -2.2255888 1.2607431 2.674039
v -2.0217485 0.9889555 2.3614826
v -1.8858547 0.6628103 2.42943
v -1.8858547 0.49973774 2.5109663
v -2.0217485 0.6628103 2.2255888
v -2.0217485 0.35025454 2.3614826
v -2.2255888 0.25512886 2.2663574
v -2.2255888 1.0840812 2.2663574
v -2.2255888 0.6628103 2.089695
v -2.4701977 1.1248493 3.122488
v -2.4701977 0.21436071 2.2255888
v -2.4701977 1.3015113 2.674039
v -2.4701977 1.1112599 2.2255888
v -2.4701977 0.6628103 2.0353374
v -2.7148066 0.6628103 3.2719717
v -2.7148066 1.0840812 3.0953093
v -2.7148066 1.2607431 2.674039
v -2.7148066 1.0840812 2.2663574
v -2.7148066 0.6628103 2.089695
v -2.7148066 0.25512886 3.0953093
v -2.7148066 0.25512886 2.2663574
v -2.7148066 0.07846689 2.674039
v -2.9186478 0.6628103 3.136078
v -2.9186478 0.9889555 3.000184
v -2.9186478 1.1248493 2.674039
v -2.9186478 0.9889555 2.3614826
v -2.9186478 0.35025454 3.000184
v -2.9186478 0.6628103 2.2255888
v -2.9186478 0.35025454 2.3614826
v -2.9186478 0.21436071 2.674039
v -3.0545416 0.6628103 2.9186478
v -3.0545416 0.8394723 2.8507004
v -3.108899 0.6628103 2.674039
v -3.0545416 0.49973774 2.8507004
v -3.0545416 0.9074192 2.674039
v -3.0545416 0.41820145 2.674039
v -3.0545416 0.8394723 2.5109663
v -3.0545416 0.49973774 2.5109663
v -3.0545416 0.6628103 2.42943
v 2.0278873 1.1248493 2.674039
v 1.8784041 0.9074192 2.674039
v 1.8784041 0.8394723 2.5109663
v 1.837636 0.6628103 2.674039
v 2.0278873 0.9889555 3.000184
v 1.8784041 0.8394723 2.8507004
v 2.0278873 0.9889555 2.3614826
v 1.8784041 0.6628103 2.42943
v 2.231728 1.0840812 3.0953093
v 2.231728 1.2607431 2.674039
v 2.0278873 0.6763997 3.136078
v 1.8784041 0.6628103 2.9186478
v 2.231728 0.6763997 3.2719717
v 2.0278873 0.6628103 2.2255888
v 2.231728 1.0840812 2.2663574
v 1.8784041 0.49973774 2.5109663
v 2.0278873 0.35025454 3.000184
v 1.8784041 0.49973774 2.8507004
v 1.8784041 0.41820145 2.674039
v 2.0278873 0.35025454 2.3614826
v 2.0278873 0.21436071 2.6876278
v 2.231728 0.25512886 3.0953093
v 2.231728 0.6628103 2.089695
v 2.231728 0.25512886 2.2663574
v 2.231728 0.07846689 2.6876278
v 2.476337 0.21436071 3.136078
v 2.476337 0.024109364 2.6876278
v 2.476337 0.21436071 2.2255888
v 2.476337 0.6628103 2.0353374
v 2.476337 1.1112599 2.2255888
v 2.476337 0.6763997 3.3127394
v 2.476337 1.3015113 2.674039
v 2.476337 1.1248493 3.122488
v 2.7209456 0.25512886 2.2663574
v 2.7209456 0.6628103 2.089695
v 2.7209456 0.07846689 2.6876278
v 2.7209456 1.0840812 2.2663574
v 2.7209456 0.25512886 3.0953093
v 2.7209456 0.6763997 3.2719717
v 2.7209456 1.0840812 3.0953093
v 2.7209456 1.2607431 2.674039
v 2.9247863 0.6628103 2.2255888
v 2.9247863 0.35025454 2.3614826
v 2.9247863 0.21436071 2.6876278
v 2.9247863 0.35025454 3.000184
v 2.9247863 0.9889555 2.3614826
v 2.9247863 0.6763997 3.136078
v 2.9247863 0.9889555 3.000184
v 2.9247863 1.1248493 2.674039
v 3.0606802 0.6628103 2.42943
v 3.0606802 0.49973774 2.5109663
v 3.1150377 0.6628103 2.674039
v 3.0606802 0.8394723 2.5109663
v 3.0606802 0.41820145 2.674039
v 3.0606802 0.9074192 2.674039
v 3.0606802 0.49973774 2.8507004
v 3.0606802 0.8394723 2.8507004
v 3.0606802 0.6628103 2.9186478
v 5.91445 2.2527676 -2.299675
v 5.8465033 2.5109663 -2.1366024
v 5.69702 2.5653238 -2.2181387
v 5.6834307 2.6468601 -1.9191723
v 5.9280396 2.4701977 -1.9735298
v 5.5339475 2.6332703 -2.1773705
v 6.050344 2.19841 -2.014298
v 5.656252 2.3614826 -2.4355688
v 5.411643 2.674039 -2.055066
v 5.3572855 2.4837875 -2.3812113
v 5.8600926 1.967391 -2.3540325
v 6.009576 1.8858547 -2.0414767
v 5.547537 2.089695 -2.517105
v 6.009576 2.19841 -1.7017422
v 5.900861 2.4701977 -1.7968678
v 5.9552183 1.8994436 -1.6745634
v 5.153445 2.551734 -2.1501918
v 5.2213917 2.2255888 -2.4491582
v 5.3844643 2.6876278 -1.8648148
v 5.832914 1.6412458 -2.0278873
v 5.69702 1.7091923 -2.3132644
v 5.7785563 1.6548347 -1.7153316
v 5.4252324 1.8179073 -2.4491582
v 5.724199 1.9945698 -1.4163651
v 5.5747156 1.736371 -1.4979014
v 5.7921457 2.2799463 -1.4707227
v 5.7785563 2.5245552 -1.660974
v 5.520358 1.5325308 -1.8240466
v 5.547537 1.5189409 -2.0007086
v 5.2485704 1.5597095 -1.946351
v 5.47959 1.5597095 -2.1637812
v 5.411643 1.5732985 -1.6881528
v 5.3165174 1.627656 -2.2453175
v 5.234981 1.6412458 -1.660974
v 5.1398554 1.9266224 -2.3948007
v 5.2893386 1.8450861 -1.4435439
v 5.085498 1.6956034 -1.7425103
v 5.3844643 2.1168737 -1.3484182
v 5.0311403 1.9538012 -1.5794377
v 5.5067687 2.3886614 -1.4163651
v 5.153445 1.6820135 -2.2045493
v 4.976783 2.307125 -2.19096
v 5.0039616 1.736371 -1.8919935
v 5.085498 2.2391787 -1.5114908
v 5.6154838 2.5925026 -1.6337953
v 4.9360147 2.0081587 -2.1637812
v 5.0311403 1.736371 -2.0822449
v 4.8952465 2.0081587 -1.8512254
v 4.9360147 2.320715 -1.837636
v 5.2485704 2.4973764 -1.5658484
v 5.4660006 2.6468601 -1.7153316
v 5.1126766 2.5653238 -1.837636
vt 0.44150555 0.08768334
vt 0.74089354 0.02158469
vt 0.74089354 0.068242565
vt 0.44150555 0.08768334
vt 0.74089354 0.068242565
vt 0.6592423 0.16544648
vt 0.6048081 0.13822937
vt 0.59314364 0.3909595
vt 0.42206478 0.15767016
vt 0.46872264 0.38707137
vt 0.47649896 0.13434123
vt 0.6592423 0.16544648
vt 0.59314364 0.3909595
vt 0.6048081 0.13822937
vt 0.42206478 0.15767016
vt 0.47649896 0.13434123
vt 0.46872264 0.38707137
vt 0.55815023 0.20821619
vt 0.55815023 0.328749
vt 0.6086963 0.20043987
vt 0.402624 0.20432803
vt 0.46094632 0.328749
vt 0.45317 0.20821619
vt 0.55815023 0.20821619
vt 0.6086963 0.20043987
vt 0.55815023 0.328749
vt 0.402624 0.20432803
vt 0.45317 0.20821619
vt 0.46094632 0.328749
vt 0.75255805 0.3404135
vt 0.7719988 0.34818983
vt 0.7719988 0.328749
vt 0.7719988 0.34818983
vt 0.7719988 0.328749
vt 0.7719988 0.34818983
vt 0.7719988 0.328749
vt 0.7719988 0.34818983
vt 0.7719988 0.328749
vt 0.7719988 0.34818983
vt 0.78755146 0.33652532
vt 0.7719988 0.328749
vt 0.7719988 0.34818983
vt 0.7719988 0.328749
vt 0.7719988 0.34818983
vt 0.7719988 0.328749
vt 0.7719988 0.34818983
vt 0.7719988 0.328749
vt 0.5853673 0.044913627
vt 0.5853673 0.037137315
vt 0.5231568 0.05268994
vt 0.58925545 0.07990703
vt 0.58925545 0.07601888
vt 0.5231568 0.07990703
vt 0.5853673 0.044913627
vt 0.5231568 0.05268994
vt 0.5853673 0.037137315
vt 0.58925545 0.07990703
vt 0.5231568 0.07990703
vt 0.58925545 0.07601888
vt 0.45317 0.4570582
vt 0.30930823 0.6747949
vt 0.41040033 0.4259529
vt 0.44150555 0.61647254
vt 0.34818983 0.6709068
vt 0.30930823 0.6747949
vt 0.47261083 0.6709068
vt 0.4803871 0.61647254
vt 0.29764378 0.90030795
vt 0.28597933 0.6709068
vt 0.28597933 0.89253163
vt 0.44928187 0.93141323
vt 0.4803871 0.92752504
vt 0.3559661 0.8886435
vt 0.3676306 0.9858474
vt 0.40651214 0.9702948
vt 0.37929505 0.99362373
vt 0.41428846 0.9819592
vt 0.48427528 0.9430777
vt 0.49593973 0.93141323
vt 0.5814792 0.7097883
vt 0.5814792 0.6747949
vt 0.47261083 0.6709068
vt 0.4803871 0.61647254
vt 0.5853673 0.61647254
vt 0.60091996 0.62036073
vt 0.5970318 0.6747949
vt 0.61647254 0.67868304
vt 0.62036073 0.62036073
vt 0.6359134 0.68257123
vt 0.59314364 0.72534096
vt 0.44928187 0.02158469
vt 0.74089354 0.02158469
vt 0.44150555 0.08768334
vt 0.44150555 0.08768334
vt 0.74089354 0.02158469
vt 0.44928187 0.02158469
vt 0.11878859 0.45317
vt 0.099347815 0.4648345
vt 0.11101228 0.4881634
vt 0.13045307 0.4803871
vt 0.11101228 0.5114924
vt 0.13045307 0.5114924
vt 0.10712413 0.5231568
vt 0.1265649 0.53093314
vt 0.099347815 0.53870946
vt 0.11878859 0.5503739
vt 0.1265649 0.53093314
vt 0.099347815 0.53870946
vt 0.11878859 0.5503739
vt 0.10712413 0.5231568
vt 0.13045307 0.5114924
vt 0.11101228 0.5114924
vt 0.13045307 0.4803871
vt 0.11101228 0.4881634
vt 0.11878859 0.45317
vt 0.099347815 0.4648345
vt 0.9702948 0.9858474
vt 0.98973554 0.7331173
vt 0.9819592 0.98973554
vt 0.9780711 0.7292291
vt 0.93918955 0.9819592
vt 0.99362373 0.6592423
vt 0.96251845 0.72534096
vt 0.9080843 0.9780711
vt 0.9858474 0.6592423
vt 0.98973554 0.55426204
vt 0.9858474 0.55426204
vt 0.97418296 0.6592423
vt 0.9858474 0.55426204
vt 0.950854 0.72534096
vt 0.8886435 0.9780711
vt 0.9430777 0.7214528
vt 0.96251845 0.65535414
vt 0.9819592 0.55426204
vt 0.95474213 0.65535414
vt 0.9780711 0.55426204
vt 0.9702948 0.9858474
vt 0.98973554 0.7331173
vt 0.9819592 0.98973554
vt 0.9780711 0.7292291
vt 0.93918955 0.9819592
vt 0.99362373 0.6592423
vt 0.96251845 0.72534096
vt 0.9080843 0.9780711
vt 0.9858474 0.6592423
vt 0.98973554 0.55426204
vt 0.9858474 0.55426204
vt 0.97418296 0.6592423
vt 0.9858474 0.55426204
vt 0.950854 0.72534096
vt 0.8886435 0.9780711
vt 0.9430777 0.7214528
vt 0.96251845 0.65535414
vt 0.9819592 0.55426204
vt 0.95474213 0.65535414
vt 0.9780711 0.55426204
vt 0.11878859 0.45317
vt 0.099347815 0.4648345
vt 0.11101228 0.4881634
vt 0.13045307 0.4803871
vt 0.11101228 0.5114924
vt 0.13045307 0.5114924
vt 0.10712413 0.5231568
vt 0.1265649 0.53093314
vt 0.099347815 0.53870946
vt 0.11878859 0.5503739
vt 0.1265649 0.53093314
vt 0.099347815 0.53870946
vt 0.11878859 0.5503739
vt 0.10712413 0.5231568
vt 0.13045307 0.5114924
vt 0.11101228 0.5114924
vt 0.13045307 0.4803871
vt 0.11101228 0.4881634
vt 0.11878859 0.45317
vt 0.099347815 0.4648345
vt 0.9080843 0.9780711
vt 0.9430777 0.7214528
vt 0.8886435 0.9780711
vt 0.950854 0.72534096
vt 0.93918955 0.9819592
vt 0.95474213 0.65535414
vt 0.96251845 0.72534096
vt 0.9702948 0.9858474
vt 0.96251845 0.65535414
vt 0.9780711 0.55426204
vt 0.9819592 0.55426204
vt 0.97418296 0.6592423
vt 0.9858474 0.55426204
vt 0.9780711 0.7292291
vt 0.9819592 0.98973554
vt 0.98973554 0.7331173
vt 0.9858474 0.6592423
vt 0.9858474 0.55426204
vt 0.99362373 0.6592423
vt 0.98973554 0.55426204
vt 0.9080843 0.9780711
vt 0.9430777 0.7214528
vt 0.8886435 0.9780711
vt 0.950854 0.72534096
vt 0.93918955 0.9819592
vt 0.95474213 0.65535414
vt 0.96251845 0.72534096
vt 0.9702948 0.9858474
vt 0.96251845 0.65535414
vt 0.9780711 0.55426204
vt 0.9819592 0.55426204
vt 0.97418296 0.6592423
vt 0.9858474 0.55426204
vt 0.9780711 0.7292291
vt 0.9819592 0.98973554
vt 0.98973554 0.7331173
vt 0.9858474 0.6592423
vt 0.9858474 0.55426204
vt 0.99362373 0.6592423
vt 0.98973554 0.55426204
vt 0.7292291 0.5348213
vt 0.7331173 0.55815023
vt 0.7564462 0.55815023
vt 0.7564462 0.5348213
vt 0.70590013 0.24320959
vt 0.7097883 0.42206478
vt 0.7331173 0.42206478
vt 0.7292291 0.24320959
vt 0.75255805 0.24320959
vt 0.7292291 0.24320959
vt 0.7331173 0.42206478
vt 0.7564462 0.42206478
vt 0.68645936 0.42206478
vt 0.7097883 0.42206478
vt 0.70590013 0.24320959
vt 0.68645936 0.23932144
vt 0.70590013 0.34430164
vt 0.70590013 0.3637424
vt 0.7370054 0.3637424
vt 0.7370054 0.34430164
vt 0.68645936 0.43372923
vt 0.68645936 0.56592655
vt 0.71756464 0.56592655
vt 0.71756464 0.43372923
vt 0.7331173 0.43372923
vt 0.71756464 0.43372923
vt 0.71756464 0.56592655
vt 0.7370054 0.56592655
vt 0.6709068 0.56592655
vt 0.68645936 0.56592655
vt 0.68645936 0.43372923
vt 0.6670186 0.43372923
vt 0.702012 0.56203836
vt 0.702012 0.5348213
vt 0.6747949 0.5348213
vt 0.6747949 0.56203836
vt 0.7214528 0.4181766
vt 0.7214528 0.5348213
vt 0.7370054 0.5348213
vt 0.74089354 0.4181766
vt 0.7564462 0.42206478
vt 0.74089354 0.4181766
vt 0.7370054 0.5348213
vt 0.7564462 0.5348213
vt 0.702012 0.5348213
vt 0.7214528 0.5348213
vt 0.7214528 0.4181766
vt 0.702012 0.42206478
vt 0.71756464 0.37151873
vt 0.7214528 0.3948477
vt 0.74089354 0.3948477
vt 0.74478173 0.37151873
vt 0.70590013 0.34430164
vt 0.70590013 0.5231568
vt 0.72534096 0.5231568
vt 0.72534096 0.3404135
vt 0.74478173 0.34430164
vt 0.72534096 0.3404135
vt 0.72534096 0.5231568
vt 0.74478173 0.52704495
vt 0.68645936 0.52704495
vt 0.70590013 0.5231568
vt 0.70590013 0.34430164
vt 0.68645936 0.34430164
vt 0.7097883 0.29764378
vt 0.7097883 0.32486087
vt 0.7370054 0.32486087
vt 0.7370054 0.29764378
vt 0.7097883 0.29764378
vt 0.70590013 0.47261083
vt 0.7331173 0.47261083
vt 0.7370054 0.29764378
vt 0.7642225 0.29764378
vt 0.7370054 0.29764378
vt 0.7331173 0.47261083
vt 0.7603344 0.47261083
vt 0.67868304 0.47261083
vt 0.70590013 0.47261083
vt 0.7097883 0.29764378
vt 0.68257123 0.29764378
vt 0.71756464 0.37151873
vt 0.7214528 0.3948477
vt 0.74089354 0.3948477
vt 0.74478173 0.37151873
vt 0.702012 0.34430164
vt 0.70590013 0.5231568
vt 0.72534096 0.5231568
vt 0.72534096 0.34430164
vt 0.74478173 0.34430164
vt 0.72534096 0.34430164
vt 0.72534096 0.5231568
vt 0.74866986 0.5231568
vt 0.68257123 0.52704495
vt 0.70590013 0.5231568
vt 0.702012 0.34430164
vt 0.68257123 0.34430164
vt 0.71756464 0.37151873
vt 0.7214528 0.3948477
vt 0.74089354 0.3948477
vt 0.74478173 0.37151873
vt 0.702012 0.34430164
vt 0.70590013 0.5231568
vt 0.72534096 0.5231568
vt 0.72534096 0.34430164
vt 0.74478173 0.34430164
vt 0.72534096 0.34430164
vt 0.72534096 0.5231568
vt 0.74478173 0.52704495
vt 0.68645936 0.52704495
vt 0.70590013 0.5231568
vt 0.702012 0.34430164
vt 0.68257123 0.34430164
vt 0.71756464 0.37151873
vt 0.7214528 0.3948477
vt 0.74089354 0.39873582
vt 0.74478173 0.37151873
vt 0.702012 0.34430164
vt 0.70590013 0.5231568
vt 0.7292291 0.5231568
vt 0.72534096 0.34430164
vt 0.74866986 0.34430164
vt 0.72534096 0.34430164
vt 0.7292291 0.5231568
vt 0.74866986 0.5231568
vt 0.68257123 0.5231568
vt 0.70590013 0.5231568
vt 0.702012 0.34430164
vt 0.67868304 0.34430164
vt 0.46094632 0.07990703
vt 0.46094632 0.013808377
vt 0.71756464 0.013808377
vt 0.7097883 0.07990703
vt 0.46094632 0.07990703
vt 0.7097883 0.07990703
vt 0.71756464 0.013808377
vt 0.46094632 0.013808377
vt 0.99751186 0.044913627
vt 0.96640664 0.044913627
vt 0.93141323 0.278203
vt 0.9819592 0.278203
vt 0.96640664 0.5114924
vt 0.9430777 0.53093314
vt 0.9236369 0.53093314
vt 0.80310404 0.278203
vt 0.80699223 0.53093314
vt 0.76811063 0.278203
vt 0.77588695 0.53093314
vt 0.7719988 0.048801783
vt 0.7642225 0.048801783
vt 0.9080843 0.62036073
vt 0.90419614 0.5814792
vt 0.9236369 0.62036073
vt 0.90419614 0.6592423
vt 0.92752504 0.69034755
vt 0.89253163 0.6981239
vt 0.9158606 0.056578096
vt 0.83032113 0.03324916
vt 0.9080843 0.03324916
vt 0.83032113 0.056578096
vt 0.9197487 0.25487405
vt 0.8342093 0.25487405
vt 0.9197487 0.25487405
vt 0.9158606 0.056578096
vt 0.9080843 0.03324916
vt 0.22376882 0.25098592
vt 0.08768334 0.23543328
vt 0.037137315 0.25487405
vt 0.27431482 0.2704267
vt 0.27431482 0.3404135
vt 0.037137315 0.3404135
vt 0.153782 0.2704267
vt 0.037137315 0.25487405
vt 0.13822937 0.3404135
vt 0.13822937 0.28986746
vt 0.11878859 0.3015319
vt 0.095459655 0.31708455
vt 0.095459655 0.3404135
vt 0.095459655 0.31708455
vt 0.11878859 0.3015319
vt 0.13822937 0.28986746
vt 0.153782 0.2704267
vt 0.27431482 0.2704267
vt 0.22376882 0.25098592
vt 0.08768334 0.23543328
vt 0.44150555 0.61647254
vt 0.47261083 0.6709068
vt 0.4803871 0.61647254
vt 0.34818983 0.6709068
vt 0.45317 0.4570582
vt 0.30930823 0.6747949
vt 0.41040033 0.4259529
vt 0.44928187 0.93141323
vt 0.4803871 0.92752504
vt 0.3559661 0.8886435
vt 0.40651214 0.9702948
vt 0.29764378 0.90030795
vt 0.30930823 0.6747949
vt 0.28597933 0.6709068
vt 0.28597933 0.89253163
vt 0.3676306 0.9858474
vt 0.37929505 0.99362373
vt 0.41428846 0.9819592
vt 0.48427528 0.9430777
vt 0.49593973 0.93141323
vt 0.5814792 0.7097883
vt 0.5814792 0.6747949
vt 0.47261083 0.6709068
vt 0.4803871 0.61647254
vt 0.5853673 0.61647254
vt 0.60091996 0.62036073
vt 0.5970318 0.6747949
vt 0.61647254 0.67868304
vt 0.62036073 0.62036073
vt 0.6359134 0.68257123
vt 0.59314364 0.72534096
vt 0.2159925 0.42206478
vt 0.23932144 0.18488725
vt 0.07601888 0.18099909
vt 0.07601888 0.39873582
vt 0.04102547 0.18488725
vt 0.13045307 0.44150555
vt 0.14989385 0.47649896
vt 0.04102547 0.38318324
vt 0.009920221 0.38707137
vt 0.009920221 0.13822937
vt 0.03324916 0.08379519
vt 0.029361002 0.017696533
vt 0.21210434 0.4803871
vt 0.068242565 0.07990703
vt 0.068242565 0.017696533
vt 0.25098592 0.017696533
vt 0.24709775 0.08379519
vt 0.27431482 0.0915715
vt 0.32097274 0.017696533
vt 0.29375565 0.11490044
vt 0.15767016 0.50371605
vt 0.37929505 0.14600569
vt 0.40651214 0.068242565
vt 0.29764378 0.13434123
vt 0.29375565 0.153782
vt 0.27431482 0.17711094
vt 0.3326372 0.278203
vt 0.27431482 0.42206478
vt 0.20821619 0.5076042
vt 0.14600569 0.5348213
vt 0.25098592 0.53093314
vt 0.11878859 0.56203836
vt 0.24320959 0.5076042
vt 0.25098592 0.4803871
vt 0.25487405 0.5503739
vt 0.2159925 0.42206478
vt 0.27431482 0.17711094
vt 0.23932144 0.18488725
vt 0.25876224 0.60091996
vt 0.068242565 0.60091996
vt 0.068242565 0.5737029
vt 0.048801783 0.60091996
vt 0.048801783 0.5698147
vt 0.009920221 0.55815023
vt 0.009920221 0.60091996
vt 0.009920221 0.55815023
vt 0.048801783 0.5698147
vt 0.068242565 0.5737029
vt 0.11878859 0.56203836
vt 0.25487405 0.5503739
vt 0.25098592 0.53093314
vt 0.14600569 0.5348213
vt 0.20821619 0.5076042
vt 0.24320959 0.5076042
vt 0.15767016 0.50371605
vt 0.21210434 0.4803871
vt 0.25098592 0.4803871
vt 0.14989385 0.47649896
vt 0.2159925 0.42206478
vt 0.2159925 0.42206478
vt 0.13045307 0.44150555
vt 0.27431482 0.42206478
vt 0.07601888 0.39873582
vt 0.27431482 0.17711094
vt 0.23932144 0.18488725
vt 0.07601888 0.18099909
vt 0.23932144 0.18488725
vt 0.04102547 0.18488725
vt 0.04102547 0.38318324
vt 0.009920221 0.38707137
vt 0.009920221 0.13822937
vt 0.03324916 0.08379519
vt 0.029361002 0.017696533
vt 0.068242565 0.07990703
vt 0.068242565 0.017696533
vt 0.25098592 0.017696533
vt 0.24709775 0.08379519
vt 0.27431482 0.0915715
vt 0.32097274 0.017696533
vt 0.29375565 0.11490044
vt 0.37929505 0.14600569
vt 0.40651214 0.068242565
vt 0.29764378 0.13434123
vt 0.29375565 0.153782
vt 0.27431482 0.17711094
vt 0.3326372 0.278203
vt 0.07601888 0.44150555
vt 0.08768334 0.46094632
vt 0.095459655 0.44928187
vt 0.07213072 0.45317
vt 0.064354405 0.46094632
vt 0.060466252 0.46872264
vt 0.056578096 0.4648345
vt 0.044913627 0.47261083
vt 0.044913627 0.4648345
vt 0.03324916 0.46872264
vt 0.037137315 0.4570582
vt 0.029361002 0.44928187
vt 0.02158469 0.4648345
vt 0.025472846 0.43761742
vt 0.013808377 0.45317
vt 0.029361002 0.4298411
vt 0.009920221 0.4298411
vt 0.029361002 0.42206478
vt 0.013808377 0.4259529
vt 0.02158469 0.41428846
vt 0.04102547 0.41040033
vt 0.044913627 0.4181766
vt 0.060466252 0.4181766
vt 0.056578096 0.41040033
vt 0.07601888 0.40651214
vt 0.08379519 0.4181766
vt 0.064354405 0.4259529
vt 0.87309086 0.96640664
vt 0.83809745 0.5737029
vt 0.87309086 0.577591
vt 0.826433 0.98973554
vt 0.7992159 0.5737029
vt 0.80310404 0.98973554
vt 0.826433 0.98973554
vt 0.83809745 0.5737029
vt 0.87309086 0.577591
vt 0.87309086 0.96640664
vt 0.21988066 0.96640664
vt 0.17322278 0.9858474
vt 0.17711094 0.9236369
vt 0.20821619 0.93530136
vt 0.20043987 0.91197246
vt 0.20043987 0.8808672
vt 0.18099909 0.8225449
vt 0.20043987 0.84976196
vt 0.20432803 0.80310404
vt 0.19655171 0.7292291
vt 0.16933462 0.7097883
vt 0.19266357 0.7097883
vt 0.16933462 0.6670186
vt 0.1887754 0.67868304
vt 0.17322278 0.65146595
vt 0.1887754 0.6475778
vt 0.17711094 0.6359134
vt 0.1887754 0.6475778
vt 0.1887754 0.62424886
vt 0.20043987 0.6320252
vt 0.2159925 0.6125844
vt 0.20821619 0.60091996
vt 0.1887754 0.62424886
vt 0.20043987 0.6320252
vt 0.1887754 0.6475778
vt 0.17711094 0.6359134
vt 0.1887754 0.6475778
vt 0.17322278 0.65146595
vt 0.1887754 0.67868304
vt 0.16933462 0.6670186
vt 0.19266357 0.7097883
vt 0.16933462 0.7097883
vt 0.19655171 0.7292291
vt 0.18099909 0.8225449
vt 0.20432803 0.80310404
vt 0.20043987 0.84976196
vt 0.20043987 0.8808672
vt 0.17711094 0.9236369
vt 0.20043987 0.91197246
vt 0.20821619 0.93530136
vt 0.21988066 0.96640664
vt 0.17322278 0.9858474
vt 0.13822937 0.70590013
vt 0.07601888 0.7097883
vt 0.0915715 0.8964198
vt 0.11878859 0.89253163
vt 0.0915715 0.90419614
vt 0.11878859 0.9080843
vt 0.0915715 0.90419614
vt 0.0915715 0.8964198
vt 0.07601888 0.7097883
vt 0.7564462 0.59314364
vt 0.7564462 0.24320959
vt 0.6709068 0.24320959
vt 0.62813705 0.59314364
vt 0.7642225 0.048801783
vt 0.7719988 0.048801783
vt 0.80310404 0.278203
vt 0.76811063 0.278203
vt 0.77588695 0.53093314
vt 0.80699223 0.53093314
vt 0.93141323 0.278203
vt 0.9236369 0.53093314
vt 0.9430777 0.53093314
vt 0.96640664 0.5114924
vt 0.93141323 0.278203
vt 0.9819592 0.278203
vt 0.96640664 0.044913627
vt 0.99751186 0.044913627
vt 0.59314364 0.3909595
vt 0.6048081 0.13822937
vt 0.47649896 0.13434123
vt 0.46872264 0.38707137
vt 0.99751186 0.044913627
vt 0.93141323 0.278203
vt 0.96640664 0.044913627
vt 0.9819592 0.278203
vt 0.96640664 0.5114924
vt 0.9430777 0.53093314
vt 0.9236369 0.53093314
vt 0.80310404 0.278203
vt 0.80699223 0.53093314
vt 0.76811063 0.278203
vt 0.77588695 0.53093314
vt 0.7719988 0.048801783
vt 0.7642225 0.048801783
vt 0.153782 0.6320252
vt 0.08379519 0.96640664
vt 0.15767016 0.96251845
vt 0.07990703 0.6359134
vt 0.0060320646 0.6359134
vt 0.009920221 0.96251845
vt 0.15767016 0.96251845
vt 0.08379519 0.98973554
vt 0.15767016 0.9858474
vt 0.08379519 0.96640664
vt 0.009920221 0.96251845
vt 0.013808377 0.98973554
vt 0.9197487 0.5503739
vt 0.9236369 0.62036073
vt 0.90419614 0.5814792
vt 0.89253163 0.5503739
vt 0.5698147 0.9819592
vt 0.53870946 0.9780711
vt 0.5425976 0.9430777
vt 0.5698147 0.9469659
vt 0.60091996 0.9819592
vt 0.577591 0.8847554
vt 0.5970318 0.9469659
vt 0.6320252 0.97418296
vt 0.62424886 0.93918955
vt 0.60091996 0.9819592
vt 0.5970318 0.9469659
vt 0.5698147 0.9469659
vt 0.5698147 0.9819592
vt 0.53870946 0.9780711
vt 0.5425976 0.9430777
vt 0.62424886 0.93918955
vt 0.5970318 0.9469659
vt 0.6320252 0.97418296
vt 0.60091996 0.9819592
vt 0.5698147 0.9469659
vt 0.5698147 0.9819592
vt 0.5425976 0.9430777
vt 0.53870946 0.9780711
vt 0.5698147 0.9469659
vt 0.5698147 0.9819592
vt 0.5970318 0.9469659
vt 0.62424886 0.93918955
vt 0.60091996 0.9819592
vt 0.6320252 0.97418296
vt 0.07601888 0.44150555
vt 0.095459655 0.44928187
vt 0.08768334 0.46094632
vt 0.07213072 0.45317
vt 0.064354405 0.46094632
vt 0.060466252 0.46872264
vt 0.056578096 0.4648345
vt 0.044913627 0.47261083
vt 0.044913627 0.4648345
vt 0.03324916 0.46872264
vt 0.037137315 0.4570582
vt 0.029361002 0.44928187
vt 0.02158469 0.4648345
vt 0.025472846 0.43761742
vt 0.013808377 0.45317
vt 0.029361002 0.4298411
vt 0.009920221 0.4298411
vt 0.029361002 0.42206478
vt 0.013808377 0.4259529
vt 0.02158469 0.41428846
vt 0.04102547 0.41040033
vt 0.044913627 0.4181766
vt 0.060466252 0.4181766
vt 0.056578096 0.41040033
vt 0.07601888 0.40651214
vt 0.08379519 0.4181766
vt 0.064354405 0.4259529
vt 0.7564462 0.59314364
vt 0.62813705 0.59314364
vt 0.6709068 0.24320959
vt 0.7564462 0.24320959
vt 0.7642225 0.048801783
vt 0.80310404 0.278203
vt 0.7719988 0.048801783
vt 0.76811063 0.278203
vt 0.77588695 0.53093314
vt 0.80699223 0.53093314
vt 0.93141323 0.278203
vt 0.9236369 0.53093314
vt 0.9430777 0.53093314
vt 0.96640664 0.5114924
vt 0.93141323 0.278203
vt 0.9819592 0.278203
vt 0.96640664 0.044913627
vt 0.99751186 0.044913627
vt 0.59314364 0.3909595
vt 0.46872264 0.38707137
vt 0.47649896 0.13434123
vt 0.6048081 0.13822937
vt 0.7292291 0.5698147
vt 0.72534096 0.41040033
vt 0.7370054 0.41040033
vt 0.7370054 0.56592655
vt 0.7370054 0.56592655
vt 0.7370054 0.41040033
vt 0.74866986 0.41040033
vt 0.75255805 0.56592655
vt 0.71756464 0.56203836
vt 0.71367645 0.41428846
vt 0.72534096 0.41040033
vt 0.7292291 0.5698147
vt 0.72534096 0.41040033
vt 0.71367645 0.41040033
vt 0.71756464 0.56592655
vt 0.7292291 0.56592655
vt 0.71367645 0.41040033
vt 0.702012 0.41040033
vt 0.70590013 0.56592655
vt 0.71756464 0.56592655
vt 0.69034755 0.41428846
vt 0.6942357 0.56203836
vt 0.70590013 0.56592655
vt 0.702012 0.41040033
vt 0.55815023 0.20821619
vt 0.45317 0.20821619
vt 0.46094632 0.328749
vt 0.55815023 0.328749
vt 0.95474213 0.3404135
vt 0.9586303 0.33652532
vt 0.9586303 0.42206478
vt 0.95474213 0.402624
vt 0.95474213 0.5192687
vt 0.9586303 0.5192687
vt 0.95474213 0.3054201
vt 0.9586303 0.30930823
vt 0.9586303 0.3676306
vt 0.95474213 0.3909595
vt 0.9586303 0.4803871
vt 0.9586303 0.4803871
vt 0.8964198 0.52704495
vt 0.8964198 0.53093314
vt 0.8847554 0.53093314
vt 0.8847554 0.52704495
vt 0.84198564 0.53093314
vt 0.84198564 0.52704495
vt 0.8342093 0.52704495
vt 0.8342093 0.53093314
vt 0.55815023 0.20821619
vt 0.55815023 0.328749
vt 0.46094632 0.328749
vt 0.45317 0.20821619
vt 0.826433 0.53093314
vt 0.826433 0.53093314
vt 0.8342093 0.52704495
vt 0.8342093 0.53093314
vt 0.50371605 0.068242565
vt 0.48427528 0.0915715
vt 0.5464858 0.08768334
vt 0.5231568 0.064354405
vt 0.5231568 0.064354405
vt 0.5464858 0.08768334
vt 0.5425976 0.017696533
vt 0.5231568 0.04102547
vt 0.5231568 0.04102547
vt 0.5425976 0.017696533
vt 0.4803871 0.02158469
vt 0.50371605 0.044913627
vt 0.50371605 0.044913627
vt 0.4803871 0.02158469
vt 0.48427528 0.0915715
vt 0.50371605 0.068242565
vt 0.50371605 0.044913627
vt 0.50371605 0.068242565
vt 0.5231568 0.064354405
vt 0.5231568 0.04102547
vt 0.4920516 0.05268994
vt 0.5425976 0.060466252
vt 0.4920516 0.064354405
vt 0.5425976 0.05268994
vt 0.55815023 0.05268994
vt 0.55815023 0.060466252
vt 0.4920516 0.064354405
vt 0.5464858 0.08379519
vt 0.49593973 0.08768334
vt 0.5425976 0.060466252
vt 0.55815023 0.060466252
vt 0.59314364 0.064354405
vt 0.58925545 0.07601888
vt 0.49593973 0.017696533
vt 0.5464858 0.02158469
vt 0.5464858 0.03324916
vt 0.49593973 0.029361002
vt 0.49593973 0.029361002
vt 0.5425976 0.05268994
vt 0.4920516 0.05268994
vt 0.5464858 0.03324916
vt 0.55815023 0.05268994
vt 0.58925545 0.037137315
vt 0.59314364 0.05268994
vt 0.5464858 0.03324916
vt 0.5464858 0.02158469
vt 0.58925545 0.029361002
vt 0.58925545 0.037137315
vt 0.55815023 0.060466252
vt 0.55815023 0.05268994
vt 0.59314364 0.05268994
vt 0.59314364 0.064354405
vt 0.5464858 0.278203
vt 0.5464858 0.3637424
vt 0.50371605 0.3637424
vt 0.50371605 0.278203
vt 0.5464858 0.3637424
vt 0.5464858 0.278203
vt 0.50371605 0.25876224
vt 0.5464858 0.25876224
vt 0.5464858 0.25876224
vt 0.40651214 0.74866986
vt 0.40651214 0.702012
vt 0.41428846 0.702012
vt 0.41428846 0.74866986
vt 0.41428846 0.9080843
vt 0.40651214 0.90030795
vt 0.40651214 0.9197487
vt 0.40651214 0.9430777
vt 0.41428846 0.9430777
vt 0.5853673 0.013808377
vt 0.44150555 0.009920221
vt 0.44150555 0.017696533
vt 0.5853673 0.017696533
vt 0.44539374 0.099347815
vt 0.58925545 0.0915715
vt 0.5853673 0.017696533
vt 0.44150555 0.017696533
vt 0.5853673 0.013808377
vt 0.44150555 0.009920221
vt 0.577591 0.02158469
vt 0.58925545 0.029361002
vt 0.58925545 0.07990703
vt 0.577591 0.07990703
vt 0.5231568 0.07990703
vt 0.5231568 0.048801783
vt 0.5114924 0.07601888
vt 0.5231568 0.048801783
vt 0.5114924 0.048801783
vt 0.577591 0.02158469
vt 0.58925545 0.029361002
vt 0.5231568 0.048801783
vt 0.5231568 0.048801783
vt 0.5114924 0.048801783
vt 0.49982792 0.07601888
vt 0.50371605 0.048801783
vt 0.50371605 0.048801783
vt 0.4920516 0.07601888
vt 0.5114924 0.048801783
vt 0.5114924 0.048801783
vt 0.49982792 0.07601888
vt 0.5231568 0.048801783
vt 0.5231568 0.048801783
vt 0.5114924 0.07601888
vt 0.5231568 0.048801783
vt 0.5231568 0.048801783
vt 0.5231568 0.07990703
vt 0.577591 0.02158469
vt 0.577591 0.02158469
vt 0.577591 0.07990703
vt 0.58925545 0.029361002
vt 0.58925545 0.029361002
vt 0.58925545 0.07990703
vt 0.46872264 0.025472846
vt 0.5192687 0.02158469
vt 0.5192687 0.095459655
vt 0.47261083 0.095459655
vt 0.46872264 0.025472846
vt 0.5192687 0.02158469
vt 0.41428846 0.702012
vt 0.40651214 0.702012
vt 0.40651214 0.47261083
vt 0.41428846 0.47261083
vt 0.58925545 0.07601888
vt 0.5853673 0.044913627
vt 0.5231568 0.05268994
vt 0.5231568 0.07990703
vt 0.40651214 0.74866986
vt 0.41428846 0.702012
vt 0.40651214 0.702012
vt 0.41428846 0.74866986
vt 0.41428846 0.9080843
vt 0.40651214 0.90030795
vt 0.40651214 0.9197487
vt 0.40651214 0.9430777
vt 0.41428846 0.9430777
vt 0.58925545 0.029361002
vt 0.58925545 0.029361002
vt 0.577591 0.02158469
vt 0.577591 0.07990703
vt 0.58925545 0.07990703
vt 0.58925545 0.029361002
vt 0.5231568 0.07990703
vt 0.5231568 0.048801783
vt 0.50371605 0.048801783
vt 0.50371605 0.048801783
vt 0.4920516 0.07601888
vt 0.50371605 0.048801783
vt 0.50371605 0.048801783
vt 0.5231568 0.048801783
vt 0.577591 0.02158469
vt 0.58925545 0.029361002
vt 0.41428846 0.702012
vt 0.41428846 0.47261083
vt 0.40651214 0.47261083
vt 0.40651214 0.702012
vt 0.58925545 0.07601888
vt 0.5231568 0.07990703
vt 0.5231568 0.05268994
vt 0.5853673 0.044913627
vt 0.4920516 0.056578096
vt 0.56592655 0.064354405
vt 0.56203836 0.03324916
vt 0.4881634 0.04102547
vt 0.4881634 0.04102547
vt 0.4920516 0.056578096
vt 0.56592655 0.064354405
vt 0.56203836 0.03324916
vt 0.96251845 0.3054201
vt 0.9780711 0.25487405
vt 0.97418296 0.25487405
vt 0.97418296 0.29375565
vt 0.9586303 0.33652532
vt 0.96251845 0.33652532
vt 0.96251845 0.29375565
vt 0.9586303 0.29375565
vt 0.9586303 0.37151873
vt 0.96251845 0.39873582
vt 0.95474213 0.5231568
vt 0.9586303 0.5231568
vt 0.8342093 0.5425976
vt 0.84198564 0.53870946
vt 0.8342093 0.53870946
vt 0.84198564 0.5425976
vt 0.8886435 0.53870946
vt 0.8886435 0.5348213
vt 0.90030795 0.5348213
vt 0.90030795 0.53093314
vt 0.8342093 0.5425976
vt 0.8342093 0.53870946
vt 0.8225449 0.5348213
vt 0.8225449 0.53870946
vt 0.75255805 0.3404135
vt 0.7719988 0.34818983
vt 0.7719988 0.328749
vt 0.7719988 0.328749
vt 0.7719988 0.34818983
vt 0.7719988 0.328749
vt 0.7719988 0.328749
vt 0.7719988 0.34818983
vt 0.7719988 0.34818983
vt 0.7719988 0.328749
vt 0.7719988 0.34818983
vt 0.78755146 0.33652532
vt 0.7719988 0.328749
vt 0.7719988 0.34818983
vt 0.7719988 0.328749
vt 0.7719988 0.34818983
vt 0.7719988 0.328749
vt 0.7719988 0.34818983
vt 0.31319642 0.4259529
vt 0.31319642 0.44928187
vt 0.33652532 0.45317
vt 0.33652532 0.4298411
vt 0.8536501 0.72534096
vt 0.84976196 0.90419614
vt 0.8575383 0.90419614
vt 0.84976196 0.72534096
vt 0.8458738 0.72534096
vt 0.84198564 0.90419614
vt 0.8342093 0.90419614
vt 0.83809745 0.72534096
vt 0.8342093 0.72534096
vt 0.8225449 0.90419614
vt 0.33652532 0.4298411
vt 0.31319642 0.4259529
vt 0.31319642 0.44928187
vt 0.33652532 0.45317
vt 0.8536501 0.72534096
vt 0.84976196 0.90419614
vt 0.8575383 0.90419614
vt 0.84976196 0.72534096
vt 0.8458738 0.72534096
vt 0.84198564 0.90419614
vt 0.8342093 0.90419614
vt 0.83809745 0.72534096
vt 0.8342093 0.72534096
vt 0.8225449 0.90419614
vt 0.5348213 0.064354405
vt 0.5114924 0.068242565
vt 0.4920516 0.0915715
vt 0.55815023 0.08768334
vt 0.5114924 0.068242565
vt 0.5114924 0.044913627
vt 0.4881634 0.02158469
vt 0.4920516 0.0915715
vt 0.5114924 0.044913627
vt 0.53093314 0.04102547
vt 0.5503739 0.017696533
vt 0.4881634 0.02158469
vt 0.53093314 0.04102547
vt 0.5348213 0.064354405
vt 0.55815023 0.08768334
vt 0.5503739 0.017696533
vt 0.53093314 0.04102547
vt 0.5114924 0.044913627
vt 0.5114924 0.068242565
vt 0.5348213 0.064354405
vt 0.49982792 0.05268994
vt 0.49982792 0.064354405
vt 0.5503739 0.060466252
vt 0.5503739 0.05268994
vt 0.56592655 0.05268994
vt 0.56592655 0.060466252
vt 0.49982792 0.064354405
vt 0.50371605 0.08768334
vt 0.55426204 0.08379519
vt 0.5503739 0.060466252
vt 0.56592655 0.060466252
vt 0.6048081 0.064354405
vt 0.5970318 0.07601888
vt 0.50371605 0.017696533
vt 0.50371605 0.029361002
vt 0.55426204 0.03324916
vt 0.55815023 0.02158469
vt 0.50371605 0.029361002
vt 0.49982792 0.05268994
vt 0.5503739 0.05268994
vt 0.55426204 0.03324916
vt 0.56592655 0.05268994
vt 0.5970318 0.037137315
vt 0.6048081 0.05268994
vt 0.55426204 0.03324916
vt 0.5970318 0.037137315
vt 0.60091996 0.029361002
vt 0.55815023 0.02158469
vt 0.56592655 0.060466252
vt 0.6048081 0.064354405
vt 0.6048081 0.05268994
vt 0.56592655 0.05268994
vt 0.53093314 0.7953278
vt 0.4648345 0.7953278
vt 0.4648345 0.80310404
vt 0.53093314 0.80310404
vt 0.5348213 0.7953278
vt 0.5348213 0.80310404
vt 0.47261083 0.7914396
vt 0.47261083 0.7914396
vt 0.53093314 0.7914396
vt 0.47261083 0.7836633
vt 0.53093314 0.7836633
vt 0.47261083 0.7836633
vt 0.53093314 0.7914396
vt 0.53093314 0.7836633
vt 0.4881634 0.7953278
vt 0.49982792 0.7953278
vt 0.49982792 0.80310404
vt 0.4881634 0.80310404
vt 0.5153805 0.7953278
vt 0.53093314 0.7953278
vt 0.53093314 0.7914396
vt 0.5348213 0.80310404
vt 0.5348213 0.7953278
vt 0.53093314 0.7836633
vt 0.53093314 0.80310404
vt 0.47261083 0.7953278
vt 0.47261083 0.80310404
vt 0.5348213 0.7953278
vt 0.5348213 0.80310404
vt 0.3326372 0.4570582
vt 0.3054201 0.44928187
vt 0.31708455 0.4570582
vt 0.32486087 0.44150555
vt 0.34430164 0.44928187
vt 0.3054201 0.43372923
vt 0.34430164 0.4298411
vt 0.31708455 0.42206478
vt 0.3326372 0.42206478
vt 0.3326372 0.4570582
vt 0.3054201 0.44928187
vt 0.31708455 0.4570582
vt 0.32486087 0.44150555
vt 0.34430164 0.44928187
vt 0.3054201 0.43372923
vt 0.34430164 0.4298411
vt 0.31708455 0.42206478
vt 0.3326372 0.42206478
vt 0.4803871 0.35985428
vt 0.4881634 0.28986746
vt 0.4803871 0.28986746
vt 0.4881634 0.28986746
vt 0.4920516 0.35985428
vt 0.4920516 0.35985428
vt 0.4803871 0.35985428
vt 0.4803871 0.28986746
vt 0.21988066 0.96640664
vt 0.25098592 0.9586303
vt 0.23932144 0.97418296
vt 0.21988066 0.96640664
vt 0.23543328 0.950854
vt 0.22376882 0.9469659
vt 0.22765696 0.9236369
vt 0.20821619 0.93530136
vt 0.20043987 0.91197246
vt 0.20043987 0.8808672
vt 0.24320959 0.92752504
vt 0.25098592 0.90419614
vt 0.22765696 0.8964198
vt 0.20043987 0.84976196
vt 0.22376882 0.8614264
vt 0.26265037 0.93530136
vt 0.21988066 0.80699223
vt 0.20432803 0.80310404
vt 0.19655171 0.7292291
vt 0.23932144 0.81088036
vt 0.21988066 0.7331173
vt 0.25098592 0.86920273
vt 0.2159925 0.70590013
vt 0.19266357 0.7097883
vt 0.1887754 0.67868304
vt 0.20821619 0.6709068
vt 0.1887754 0.6475778
vt 0.20821619 0.65146595
vt 0.1887754 0.6475778
vt 0.20043987 0.6320252
vt 0.21988066 0.6436897
vt 0.23932144 0.62813705
vt 0.2159925 0.6125844
vt 0.20043987 0.6320252
vt 0.23932144 0.6670186
vt 0.24320959 0.7097883
vt 0.25876224 0.65535414
vt 0.24320959 0.7370054
vt 0.2665385 0.7097883
vt 0.2665385 0.74089354
vt 0.25876224 0.81088036
vt 0.2704267 0.87309086
vt 0.2704267 0.9080843
vt 0.25098592 0.90419614
vt 0.25098592 0.86920273
vt 0.23932144 0.81088036
vt 0.24320959 0.7370054
vt 0.24320959 0.7097883
vt 0.24320959 0.92752504
vt 0.22765696 0.9236369
vt 0.23543328 0.950854
vt 0.22376882 0.9469659
vt 0.20821619 0.93530136
vt 0.20043987 0.91197246
vt 0.20043987 0.8808672
vt 0.22765696 0.8964198
vt 0.20043987 0.84976196
vt 0.22376882 0.8614264
vt 0.21988066 0.80699223
vt 0.20432803 0.80310404
vt 0.19655171 0.7292291
vt 0.21988066 0.7331173
vt 0.2159925 0.70590013
vt 0.19266357 0.7097883
vt 0.1887754 0.67868304
vt 0.23932144 0.6670186
vt 0.20821619 0.6709068
vt 0.1887754 0.6475778
vt 0.21988066 0.6436897
vt 0.20821619 0.65146595
vt 0.1887754 0.6475778
vt 0.16544648 0.16544648
vt 0.17322278 0.11101228
vt 0.1265649 0.14989385
vt 0.20432803 0.14989385
vt 0.11101228 0.11490044
vt 0.21988066 0.11490044
vt 0.1265649 0.14989385
vt 0.20432803 0.14989385
vt 0.16544648 0.16544648
vt 0.16544648 0.16544648
vt 0.17322278 0.11101228
vt 0.1265649 0.14989385
vt 0.20432803 0.14989385
vt 0.11101228 0.11490044
vt 0.21988066 0.11490044
vt 0.1265649 0.14989385
vt 0.20432803 0.14989385
vt 0.16544648 0.16544648
vt 0.48427528 0.22376882
vt 0.4803871 0.28986746
vt 0.4881634 0.28986746
vt 0.4803871 0.28986746
vt 0.4803871 0.22376882
vt 0.4803871 0.22376882
vt 0.48427528 0.22376882
vt 0.4881634 0.28986746
vt 0.5698147 0.9819592
vt 0.5425976 0.9430777
vt 0.53870946 0.9780711
vt 0.5698147 0.9469659
vt 0.60091996 0.9819592
vt 0.5698147 0.9469659
vt 0.5698147 0.9819592
vt 0.5970318 0.9469659
vt 0.6320252 0.97418296
vt 0.577591 0.8847554
vt 0.5970318 0.9469659
vt 0.62424886 0.93918955
vt 0.60091996 0.9819592
vt 0.60091996 0.9819592
vt 0.62424886 0.93918955
vt 0.6320252 0.97418296
vt 0.5970318 0.9469659
vt 0.5698147 0.9819592
vt 0.5970318 0.9469659
vt 0.60091996 0.9819592
vt 0.5698147 0.9469659
vt 0.53870946 0.9780711
vt 0.5698147 0.9469659
vt 0.5698147 0.9819592
vt 0.5425976 0.9430777
vt 0.74866986 0.99362373
vt 0.74866986 0.6125844
vt 0.7214528 0.6125844
vt 0.77977514 0.99362373
vt 0.7214528 0.99362373
vt 0.77977514 0.6125844
vt 0.6942357 0.6125844
vt 0.74866986 0.99362373
vt 0.6942357 0.99362373
vt 0.74866986 0.6125844
vt 0.66313046 0.6125844
vt 0.7214528 0.99362373
vt 0.66313046 0.99362373
vt 0.7214528 0.6125844
vt 0.6942357 0.6125844
vt 0.6942357 0.99362373
vt 0.74866986 0.99362373
vt 0.74866986 0.6125844
vt 0.7214528 0.6125844
vt 0.77977514 0.99362373
vt 0.7214528 0.99362373
vt 0.77977514 0.6125844
vt 0.6942357 0.6125844
vt 0.74866986 0.99362373
vt 0.6942357 0.99362373
vt 0.74866986 0.6125844
vt 0.66313046 0.6125844
vt 0.7214528 0.99362373
vt 0.66313046 0.99362373
vt 0.7214528 0.6125844
vt 0.6942357 0.6125844
vt 0.6942357 0.99362373
vt 0.41428846 0.3676306
vt 0.43761742 0.3676306
vt 0.43372923 0.3404135
vt 0.40651214 0.38707137
vt 0.42206478 0.34430164
vt 0.42206478 0.31708455
vt 0.42206478 0.34430164
vt 0.40651214 0.33652532
vt 0.3909595 0.3559661
vt 0.37540692 0.37540692
vt 0.41428846 0.3676306
vt 0.40651214 0.33652532
vt 0.43372923 0.3909595
vt 0.37540692 0.33652532
vt 0.3559661 0.34818983
vt 0.39873582 0.32486087
vt 0.3909595 0.3559661
vt 0.40651214 0.38707137
vt 0.39873582 0.32486087
vt 0.3909595 0.3559661
vt 0.41428846 0.3676306
vt 0.37540692 0.33652532
vt 0.43761742 0.3676306
vt 0.37540692 0.37540692
vt 0.37540692 0.33652532
vt 0.3948477 0.31319642
vt 0.41428846 0.3676306
vt 0.40651214 0.33652532
vt 0.42206478 0.34430164
vt 0.42206478 0.31708455
vt 0.43372923 0.3404135
vt 0.39873582 0.32486087
vt 0.42206478 0.34430164
vt 0.3909595 0.3559661
vt 0.3948477 0.31319642
vt 0.37151873 0.31319642
vt 0.3559661 0.34818983
vt 0.40651214 0.33652532
vt 0.37540692 0.33652532
vt 0.37151873 0.31319642
vt 0.39873582 0.3015319
vt 0.34818983 0.31708455
vt 0.39873582 0.32486087
vt 0.34818983 0.31708455
vt 0.39873582 0.3015319
vt 0.37929505 0.29375565
vt 0.3948477 0.31319642
vt 0.37151873 0.31319642
vt 0.34818983 0.28986746
vt 0.37929505 0.29375565
vt 0.3948477 0.31319642
vt 0.37151873 0.31319642
vt 0.5114924 0.56203836
vt 0.5425976 0.55426204
vt 0.5464858 0.577591
vt 0.49982792 0.53870946
vt 0.52704495 0.5853673
vt 0.5464858 0.60091996
vt 0.56203836 0.5814792
vt 0.5425976 0.55426204
vt 0.5425976 0.5348213
vt 0.5464858 0.577591
vt 0.577591 0.56203836
vt 0.5425976 0.5348213
vt 0.5464858 0.577591
vt 0.577591 0.56203836
vt 0.5853673 0.5348213
vt 0.56203836 0.5814792
vt 0.5425976 0.5114924
vt 0.49593973 0.5114924
vt 0.58925545 0.5076042
vt 0.5853673 0.5348213
vt 0.5425976 0.55426204
vt 0.52704495 0.5853673
vt 0.5464858 0.577591
vt 0.5114924 0.56203836
vt 0.5425976 0.55426204
vt 0.5425976 0.5348213
vt 0.5425976 0.5348213
vt 0.49982792 0.53870946
vt 0.5425976 0.5114924
vt 0.5425976 0.5114924
vt 0.58925545 0.5076042
vt 0.5425976 0.5114924
vt 0.49593973 0.5114924
vt 0.49982792 0.48427528
vt 0.5425976 0.4881634
vt 0.5853673 0.48427528
vt 0.5425976 0.4881634
vt 0.49982792 0.48427528
vt 0.5425976 0.4881634
vt 0.5425976 0.4881634
vt 0.5853673 0.48427528
vt 0.5076042 0.46094632
vt 0.5425976 0.46872264
vt 0.5737029 0.4570582
vt 0.5425976 0.46872264
vt 0.5425976 0.46872264
vt 0.5076042 0.46094632
vt 0.5425976 0.46872264
vt 0.5737029 0.4570582
vt 0.5231568 0.43761742
vt 0.53870946 0.44539374
vt 0.53870946 0.4181766
vt 0.53870946 0.44539374
vt 0.55815023 0.43761742
vt 0.55815023 0.43761742
vt 0.53870946 0.44539374
vt 0.53870946 0.44539374
vt 0.5231568 0.43761742
vt 0.577591 0.56203836
vt 0.56203836 0.5814792
vt 0.5464858 0.577591
vt 0.5464858 0.60091996
vt 0.5425976 0.55426204
vt 0.5464858 0.577591
vt 0.5425976 0.55426204
vt 0.52704495 0.5853673
vt 0.5425976 0.5348213
vt 0.5853673 0.5348213
vt 0.5114924 0.56203836
vt 0.52704495 0.5853673
vt 0.49982792 0.53870946
vt 0.5114924 0.56203836
vt 0.5425976 0.5348213
vt 0.5464858 0.577591
vt 0.5425976 0.55426204
vt 0.5464858 0.577591
vt 0.56203836 0.5814792
vt 0.5425976 0.55426204
vt 0.577591 0.56203836
vt 0.5425976 0.5348213
vt 0.49982792 0.53870946
vt 0.5425976 0.5348213
vt 0.5853673 0.5348213
vt 0.5425976 0.5114924
vt 0.58925545 0.5076042
vt 0.5425976 0.5114924
vt 0.49593973 0.5114924
vt 0.5425976 0.5114924
vt 0.49593973 0.5114924
vt 0.58925545 0.5076042
vt 0.5425976 0.5114924
vt 0.5425976 0.4881634
vt 0.49982792 0.48427528
vt 0.5853673 0.48427528
vt 0.5425976 0.4881634
vt 0.5425976 0.4881634
vt 0.49982792 0.48427528
vt 0.5425976 0.4881634
vt 0.5853673 0.48427528
vt 0.5076042 0.46094632
vt 0.5425976 0.46872264
vt 0.5737029 0.4570582
vt 0.5425976 0.46872264
vt 0.5425976 0.46872264
vt 0.5076042 0.46094632
vt 0.5425976 0.46872264
vt 0.5737029 0.4570582
vt 0.5231568 0.43761742
vt 0.53870946 0.44539374
vt 0.53870946 0.4181766
vt 0.53870946 0.44539374
vt 0.55815023 0.43761742
vt 0.55815023 0.43761742
vt 0.53870946 0.44539374
vt 0.53870946 0.44539374
vt 0.5231568 0.43761742
vt 0.41428846 0.3676306
vt 0.42206478 0.34430164
vt 0.43372923 0.3404135
vt 0.42206478 0.31708455
vt 0.40651214 0.33652532
vt 0.42206478 0.34430164
vt 0.3909595 0.3559661
vt 0.43761742 0.3676306
vt 0.40651214 0.33652532
vt 0.41428846 0.3676306
vt 0.40651214 0.38707137
vt 0.37540692 0.37540692
vt 0.43372923 0.3909595
vt 0.37540692 0.33652532
vt 0.39873582 0.32486087
vt 0.3559661 0.34818983
vt 0.3909595 0.3559661
vt 0.40651214 0.38707137
vt 0.39873582 0.32486087
vt 0.3909595 0.3559661
vt 0.41428846 0.3676306
vt 0.37540692 0.33652532
vt 0.43761742 0.3676306
vt 0.34818983 0.31708455
vt 0.37151873 0.31319642
vt 0.37151873 0.31319642
vt 0.3948477 0.31319642
vt 0.39873582 0.32486087
vt 0.40651214 0.33652532
vt 0.42206478 0.31708455
vt 0.42206478 0.34430164
vt 0.3948477 0.31319642
vt 0.43372923 0.3404135
vt 0.39873582 0.3015319
vt 0.41428846 0.3676306
vt 0.37929505 0.29375565
vt 0.3948477 0.31319642
vt 0.34818983 0.28986746
vt 0.37151873 0.31319642
vt 0.37929505 0.29375565
vt 0.42206478 0.34430164
vt 0.37540692 0.37540692
vt 0.39873582 0.32486087
vt 0.34818983 0.31708455
vt 0.39873582 0.3015319
vt 0.3909595 0.3559661
vt 0.40651214 0.33652532
vt 0.37540692 0.33652532
vt 0.3559661 0.34818983
vt 0.37151873 0.31319642
vt 0.3948477 0.31319642
vt 0.37540692 0.33652532
vn -0.015871048 -0.96813196 -0.24993728
vn -0.015871048 -0.96813196 -0.24993728
vn -0.015871048 -0.96813196 -0.24993728
vn 0.015870988 -0.96813196 -0.24993728
vn 0.015870988 -0.96813196 -0.24993728
vn 0.30154932 0.46025944 0.83500254
vn 0.30154932 0.46025944 0.83500254
vn 0.30154932 0.46025944 0.83500254
vn 0.33329135 0.46025944 -0.82284755
vn 0.33329135 0.46025944 -0.82284755
vn 0.33329135 0.46025944 -0.82284755
vn -0.30154932 0.46025944 0.83500254
vn -0.30154932 0.46025944 0.83500254
vn -0.30154932 0.46025944 0.83500254
vn -0.3332913 0.46025944 -0.82284755
vn -0.3332913 0.46025944 -0.82284755
vn -0.3332913 0.46025944 -0.82284755
vn 0.015870988 -0.46025944 0.8876426
vn 0.015870988 -0.46025944 0.8876426
vn 0.015870988 -0.46025944 0.8876426
vn -0.015871048 -0.55548555 -0.8313747
vn -0.015871048 -0.55548555 -0.8313747
vn -0.015871048 -0.55548555 -0.8313747
vn -0.015871048 -0.46025944 0.8876426
vn -0.015871048 -0.46025944 0.8876426
vn -0.015871048 -0.46025944 0.8876426
vn 0.015870988 -0.55548555 -0.8313747
vn 0.015870988 -0.55548555 -0.8313747
vn 0.015870988 -0.55548555 -0.8313747
vn -0.999874 0.015871048 -0.00034391563
vn -0.87290585 0.46025944 0.16185373
vn -0.87290585 0.23806524 0.4258642
vn -0.87290585 0.23806524 0.4258642
vn -0.87290585 -0.23806524 0.4258642
vn -0.87290585 -0.46025944 -0.16185373
vn -0.87290585 -0.23806524 -0.4258642
vn -0.87290585 0.23806524 -0.4258642
vn -0.87290585 0.46025944 0.16185373
vn 0.999874 0.015871048 -0.00034391563
vn 0.999874 0.015871048 -0.00034391563
vn 0.999874 0.015871048 -0.00034391563
vn 0.999874 0.015871048 -0.00034391563
vn 0.999874 0.015871048 -0.00034391563
vn 0.999874 0.015871048 -0.00034391563
vn 0.999874 0.015871048 -0.00034391563
vn 0.999874 0.015871048 -0.00034391563
vn 0.999874 0.015871048 -0.00034391563
vn 0.999874 0.015871048 -0.00034391563
vn 0.999874 0.015871048 -0.00034391563
vn 0.999874 0.015871048 -0.00034391563
vn 0.99886817 -0.04756513 -0
vn 0.99886817 -0.04756513 -0
vn 0.99886817 -0.04756513 -0
vn -0.999874 0.015871048 -0.00034391563
vn -0.999874 0.015871048 -0.00034391563
vn -0.999874 0.015871048 -0.00034391563
vn -0.999874 0.015871048 -0.00034391563
vn -0.999874 0.015871048 -0.00034391563
vn -0.999874 0.015871048 -0.00034391563
vn -0.999874 -0.015870988 -0.00034665503
vn -0.5237435 0.7776798 0.3477167
vn -0.8094218 0.5237435 0.26557326
vn -0.999874 -0.015870988 -0.00034665503
vn -0.999874 0.015871048 -0.00034391563
vn -0.999874 -0.015870988 -0.00034665503
vn -0.999874 0.015871048 -0.00034391563
vn -0.999874 0.015871048 -0.00034391563
vn -0.999874 0.015871048 -0.00034391563
vn -0.999874 -0.015870988 -0.00034665503
vn -0.999874 -0.015870988 -0.00034665503
vn -0.999874 0.015871048 -0.00034391563
vn -0.9968654 0.079116344 -0
vn -0.999874 0.015871048 -0.00034391563
vn -0.999874 0.015871048 -0.00034391563
vn -0.999874 -0.015870988 -0.00034665503
vn -0.90464795 -0.14283913 -0.40150848
vn -0.8411639 -0.23806524 -0.48555976
vn -0.5554856 -0.5237435 -0.6458549
vn -0.23806524 -0.8411638 -0.48555985
vn -0.9363899 0.3332913 -0.10995822
vn -0.90464795 0.39677536 0.15550363
vn -0.90464795 0.39677536 0.15550363
vn -0.9037378 0.42808634 -0
vn -0.9037378 0.42808634 -0
vn -0.98994946 0.14142141 -0
vn -0.9938838 0.110431515 -0
vn -0.891278 -0.4534572 -0
vn -0.68245375 -0.7141957 0.15550359
vn -0.1110971 -0.96813196 -0.22445036
vn -0.65071166 -0.6189696 -0.43983057
vn 0.2063232 -0.96813196 -0.14195512
vn 0.2063232 -0.96813196 -0.14195512
vn 0.2063232 -0.96813196 -0.14195512
vn -0.20632327 -0.96813196 -0.14195512
vn -0.20632327 -0.96813196 -0.14195512
vn -0.20632327 -0.96813196 -0.14195512
vn -0.015871048 0.999874 -0.00034526698
vn -0.015871048 0.87290585 -0.4876305
vn 0.5872276 0.6189697 -0.52157485
vn 0.70710677 0.70710677 -0
vn 0.8094218 0.015871048 -0.58701324
vn 0.999874 -0.015870988 -0.00034665503
vn 0.55548555 -0.5237435 -0.6458549
vn 0.70710677 -0.70710677 -0
vn -0.015871048 -0.7459377 -0.66582656
vn -0.015871048 -0.999874 -0.00034526698
vn -0.70710677 0.70710677 -0
vn -0.015871048 0.87290585 -0.4876305
vn -0.015871048 0.999874 -0.00034526698
vn -0.5872276 0.6189697 -0.52157485
vn -0.999874 -0.015870988 -0.00034665503
vn -0.8094218 0.015871048 -0.58701324
vn -0.70710677 -0.70710677 -0
vn -0.5554856 -0.5237435 -0.6458549
vn -0.015871048 -0.999874 -0.00034526698
vn -0.015871048 -0.7459377 -0.66582656
vn 0.70710677 0.70710677 -0
vn -0.015871048 0.999874 -0.00034526698
vn -0.015871048 0.999874 -0.00034526698
vn 0.70710677 0.70710677 -0
vn 0.999874 -0.015870988 -0.00034665503
vn -0.015871048 0.999874 -0.00034526698
vn 0.999874 -0.015870988 -0.00034665503
vn 0.70710677 -0.70710677 -0
vn 0.70710677 0.70710677 -0
vn -0.015871048 0.999874 -0.00034526698
vn 0.70710677 0.70710677 -0
vn 0.999874 -0.015870988 -0.00034665503
vn 0.999874 -0.015870988 -0.00034665503
vn 0.70710677 -0.70710677 -0
vn -0.015871048 -0.999874 -0.00034526698
vn -0.015871048 -0.999874 -0.00034526698
vn 0.70710677 -0.70710677 -0
vn 0.70710677 -0.70710677 -0
vn -0.015871048 -0.999874 -0.00034526698
vn -0.015871048 -0.999874 -0.00034526698
vn -0.70710677 -0.70710677 -0
vn -0.015871048 -0.999874 -0.00034526698
vn -0.015871048 -0.999874 -0.00034526698
vn -0.70710677 -0.70710677 -0
vn -0.999874 -0.015870988 -0.00034665503
vn -0.015871048 -0.999874 -0.00034526698
vn -0.999874 -0.015870988 -0.00034665503
vn -0.70710677 0.70710677 -0
vn -0.70710677 -0.70710677 -0
vn -0.015871048 -0.999874 -0.00034526698
vn -0.70710677 -0.70710677 -0
vn -0.999874 -0.015870988 -0.00034665503
vn -0.999874 -0.015870988 -0.00034665503
vn -0.70710677 0.70710677 -0
vn -0.015871048 0.999874 -0.00034526698
vn -0.015871048 0.999874 -0.00034526698
vn -0.70710677 0.70710677 -0
vn -0.70710677 0.70710677 -0
vn -0.015871048 0.999874 -0.00034526698
vn -0.015871048 0.999874 -0.00034526698
vn -0.015871048 0.999874 -0.00034526698
vn -0.015871048 0.87290585 -0.4876305
vn 0.5872276 0.6189697 -0.52157485
vn 0.70710677 0.70710677 -0
vn 0.8094218 0.015871048 -0.58701324
vn 0.999874 -0.015870988 -0.00034665503
vn 0.55548555 -0.5237435 -0.6458549
vn 0.70710677 -0.70710677 -0
vn -0.015871048 -0.7459377 -0.66582656
vn -0.015871048 -0.999874 -0.00034526698
vn -0.70710677 0.70710677 -0
vn -0.015871048 0.87290585 -0.4876305
vn -0.015871048 0.999874 -0.00034526698
vn -0.5872276 0.6189697 -0.52157485
vn -0.999874 -0.015870988 -0.00034665503
vn -0.8094218 0.015871048 -0.58701324
vn -0.70710677 -0.70710677 -0
vn -0.5554856 -0.5237435 -0.6458549
vn -0.015871048 -0.999874 -0.00034526698
vn -0.015871048 -0.7459377 -0.66582656
vn 0.70710677 0.70710677 -0
vn -0.015871048 0.999874 -0.00034526698
vn -0.015871048 0.999874 -0.00034526698
vn 0.70710677 0.70710677 -0
vn 0.999874 -0.015870988 -0.00034665503
vn -0.015871048 0.999874 -0.00034526698
vn 0.999874 -0.015870988 -0.00034665503
vn 0.70710677 -0.70710677 -0
vn 0.70710677 0.70710677 -0
vn -0.015871048 0.999874 -0.00034526698
vn 0.70710677 0.70710677 -0
vn 0.999874 -0.015870988 -0.00034665503
vn 0.999874 -0.015870988 -0.00034665503
vn 0.70710677 -0.70710677 -0
vn -0.015871048 -0.999874 -0.00034526698
vn -0.015871048 -0.999874 -0.00034526698
vn 0.70710677 -0.70710677 -0
vn 0.70710677 -0.70710677 -0
vn -0.015871048 -0.999874 -0.00034526698
vn -0.015871048 -0.999874 -0.00034526698
vn -0.70710677 -0.70710677 -0
vn -0.015871048 -0.999874 -0.00034526698
vn -0.015871048 -0.999874 -0.00034526698
vn -0.70710677 -0.70710677 -0
vn -0.999874 -0.015870988 -0.00034665503
vn -0.015871048 -0.999874 -0.00034526698
vn -0.999874 -0.015870988 -0.00034665503
vn -0.70710677 0.70710677 -0
vn -0.70710677 -0.70710677 -0
vn -0.015871048 -0.999874 -0.00034526698
vn -0.70710677 -0.70710677 -0
vn -0.999874 -0.015870988 -0.00034665503
vn -0.999874 -0.015870988 -0.00034665503
vn -0.70710677 0.70710677 -0
vn -0.015871048 0.999874 -0.00034526698
vn -0.015871048 0.999874 -0.00034526698
vn -0.70710677 0.70710677 -0
vn -0.70710677 0.70710677 -0
vn -0.015871048 0.999874 -0.00034526698
vn -0.015871048 0.999874 -0.00034526698
vn -0.015871048 -0.30154932 0.9533185
vn -0.015871048 -0.30154932 0.9533185
vn -0.015871048 -0.30154932 0.9533185
vn -0.015871048 -0.30154932 0.9533185
vn -0.015871048 0.9363899 0.35060233
vn -0.015871048 0.9363899 0.35060233
vn -0.015871048 0.9363899 0.35060233
vn -0.015871048 0.9363899 0.35060233
vn 0.999874 0.015871048 -0.00034391563
vn 0.999874 0.015871048 -0.00034391563
vn 0.999874 0.015871048 -0.00034391563
vn 0.999874 0.015871048 -0.00034391563
vn -0.999874 0.015871048 -0.00034391563
vn -0.999874 0.015871048 -0.00034391563
vn -0.999874 0.015871048 -0.00034391563
vn -0.999874 0.015871048 -0.00034391563
vn -0.015871048 -0.30154932 0.9533185
vn -0.015871048 -0.30154932 0.9533185
vn -0.015871048 -0.30154932 0.9533185
vn -0.015871048 -0.30154932 0.9533185
vn -0.015871048 0.9363899 0.35060233
vn -0.015871048 0.9363899 0.35060233
vn -0.015871048 0.9363899 0.35060233
vn -0.015871048 0.9363899 0.35060233
vn 0.999874 0.015871048 -0.00034391563
vn 0.999874 0.015871048 -0.00034391563
vn 0.999874 0.015871048 -0.00034391563
vn 0.999874 0.015871048 -0.00034391563
vn -0.999874 0.015871048 -0.00034391563
vn -0.999874 0.015871048 -0.00034391563
vn -0.999874 0.015871048 -0.00034391563
vn -0.999874 0.015871048 -0.00034391563
vn -0.015871048 -0.30154932 0.9533185
vn -0.015871048 -0.30154932 0.9533185
vn -0.015871048 -0.30154932 0.9533185
vn -0.015871048 -0.30154932 0.9533185
vn -0.015871048 0.968132 0.24993704
vn -0.015871048 0.968132 0.24993704
vn -0.015871048 0.968132 0.24993704
vn -0.015871048 0.968132 0.24993704
vn 0.999874 0.015871048 -0.00034391563
vn 0.999874 0.015871048 -0.00034391563
vn 0.999874 0.015871048 -0.00034391563
vn 0.999874 0.015871048 -0.00034391563
vn -0.999874 0.015871048 -0.00034391563
vn -0.999874 0.015871048 -0.00034391563
vn -0.999874 0.015871048 -0.00034391563
vn -0.999874 0.015871048 -0.00034391563
vn -0.015871048 -0.30154932 0.9533185
vn -0.015871048 -0.30154932 0.9533185
vn -0.015871048 -0.30154932 0.9533185
vn -0.015871048 -0.30154932 0.9533185
vn -0.015871048 0.968132 0.24993704
vn -0.015871048 0.968132 0.24993704
vn -0.015871048 0.968132 0.24993704
vn -0.015871048 0.968132 0.24993704
vn 0.999874 0.015871048 -0.00034391563
vn 0.999874 0.015871048 -0.00034391563
vn 0.999874 0.015871048 -0.00034391563
vn 0.999874 0.015871048 -0.00034391563
vn -0.999874 0.015871048 -0.00034391563
vn -0.999874 0.015871048 -0.00034391563
vn -0.999874 0.015871048 -0.00034391563
vn -0.999874 0.015871048 -0.00034391563
vn -0.015871048 -0.30154932 0.9533185
vn -0.015871048 -0.30154932 0.9533185
vn -0.015871048 -0.30154932 0.9533185
vn -0.015871048 -0.30154932 0.9533185
vn -0.015871048 0.968132 0.24993704
vn -0.015871048 0.968132 0.24993704
vn -0.015871048 0.968132 0.24993704
vn -0.015871048 0.968132 0.24993704
vn 0.999874 0.015871048 -0.00034391563
vn 0.999874 0.015871048 -0.00034391563
vn 0.999874 0.015871048 -0.00034391563
vn 0.999874 0.015871048 -0.00034391563
vn -0.999874 0.015871048 -0.00034391563
vn -0.999874 0.015871048 -0.00034391563
vn -0.999874 0.015871048 -0.00034391563
vn -0.999874 0.015871048 -0.00034391563
vn -0.015871048 -0.30154932 0.9533185
vn -0.015871048 -0.30154932 0.9533185
vn -0.015871048 -0.30154932 0.9533185
vn -0.015871048 -0.30154932 0.9533185
vn -0.015871048 0.968132 0.24993704
vn -0.015871048 0.968132 0.24993704
vn -0.015871048 0.968132 0.24993704
vn -0.015871048 0.968132 0.24993704
vn 0.999874 0.015871048 -0.00034391563
vn 0.999874 0.015871048 -0.00034391563
vn 0.999874 0.015871048 -0.00034391563
vn 0.999874 0.015871048 -0.00034391563
vn -0.999874 0.015871048 -0.00034391563
vn -0.999874 0.015871048 -0.00034391563
vn -0.999874 0.015871048 -0.00034391563
vn -0.999874 0.015871048 -0.00034391563
vn -0.015871048 -0.30154932 0.9533185
vn -0.015871048 -0.30154932 0.9533185
vn -0.015871048 -0.30154932 0.9533185
vn -0.015871048 -0.30154932 0.9533185
vn -0.015871048 0.968132 0.24993704
vn -0.015871048 0.968132 0.24993704
vn -0.015871048 0.968132 0.24993704
vn -0.015871048 0.968132 0.24993704
vn 0.999874 0.015871048 -0.00034391563
vn 0.999874 0.015871048 -0.00034391563
vn 0.999874 0.015871048 -0.00034391563
vn 0.999874 0.015871048 -0.00034391563
vn -0.999874 0.015871048 -0.00034391563
vn -0.999874 0.015871048 -0.00034391563
vn -0.999874 0.015871048 -0.00034391563
vn -0.999874 0.015871048 -0.00034391563
vn -0.015871048 -0.30154932 0.9533185
vn -0.015871048 -0.30154932 0.9533185
vn -0.015871048 -0.30154932 0.9533185
vn -0.015871048 -0.30154932 0.9533185
vn -0.015871048 0.9363899 0.35060233
vn -0.015871048 0.9363899 0.35060233
vn -0.015871048 0.9363899 0.35060233
vn -0.015871048 0.9363899 0.35060233
vn 0.999874 -0.015870988 -0.00034665503
vn 0.999874 -0.015870988 -0.00034665503
vn 0.999874 -0.015870988 -0.00034665503
vn 0.999874 -0.015870988 -0.00034665503
vn -0.999874 0.015871048 -0.00034391563
vn -0.999874 0.015871048 -0.00034391563
vn -0.999874 0.015871048 -0.00034391563
vn -0.999874 0.015871048 -0.00034391563
vn 0.2063232 -0.96813196 -0.14195512
vn 0.2063232 -0.96813196 -0.14195512
vn 0.2063232 -0.96813196 -0.14195512
vn 0.2063232 -0.96813196 -0.14195512
vn -0.20632327 -0.96813196 -0.14195512
vn -0.20632327 -0.96813196 -0.14195512
vn -0.20632327 -0.96813196 -0.14195512
vn -0.20632327 -0.96813196 -0.14195512
vn -0.36320823 -0.931708 -0
vn -0.36320823 -0.931708 -0
vn -0.36320823 -0.931708 -0
vn -0.36320823 -0.931708 -0
vn -0.390149 -0.9207517 -0
vn -0.390149 -0.9207517 -0
vn -0.390149 -0.9207517 -0
vn -0.390149 -0.9207517 -0
vn -0.390149 -0.9207517 -0
vn -0.36320823 -0.931708 -0
vn -0.390149 -0.9207517 -0
vn -0.36320823 -0.931708 -0
vn -0.36320823 -0.931708 -0
vn -0.015871048 -0.015870988 0.99974805
vn -0.047613025 -0.015870988 0.9987398
vn -0.015871048 -0.047613025 0.9987398
vn -0.015871048 -0.1110971 0.9936828
vn -0.015871048 -0.1110971 0.9936828
vn -0.015871048 -0.14283913 0.98961866
vn 0.015870988 0.7141957 -0.6997661
vn -0.015871048 0.5237435 -0.85172814
vn 0.015870988 0.5237435 -0.85172814
vn -0.015871048 0.7141957 -0.6997661
vn 0.015870988 0.7459378 -0.66582644
vn -0.015871048 0.7459378 -0.66582644
vn -0.015871048 0.7459378 -0.66582644
vn -0.015871048 0.7141957 -0.6997661
vn -0.015871048 0.5237435 -0.85172814
vn 0.6189696 -0.7776798 0.10995791
vn 0.68245363 -0.7141957 0.15550417
vn 0.1110971 -0.96813196 -0.22445036
vn 0.110431515 -0.9938838 -0
vn -0.015871048 -0.999874 -0.00034526698
vn -0.015871048 -0.96813196 -0.24993728
vn 0.172001 -0.9850967 -0
vn -0.1110971 -0.96813196 -0.22445036
vn -0.015871048 -0.999874 -0.00034526698
vn 0.079116285 -0.9968654 -0
vn 0.015870988 -0.999874 -0.00034526698
vn 0.015870988 -0.96813196 0.24993728
vn -0.015871048 -0.9363899 0.35060233
vn -0.015871048 -0.96813196 0.24993728
vn -0.015871048 -0.999874 -0.00034526698
vn -0.079116344 -0.9968654 -0
vn -0.172001 -0.9850967 -0
vn -0.110431515 -0.9938838 -0
vn -0.6189697 -0.7776798 0.10995764
vn -0.68245375 -0.7141957 0.15550359
vn 0.999874 -0.015870988 -0.00034665503
vn 0.999874 0.015871048 -0.00034391563
vn 0.999874 0.015871048 -0.00034391563
vn 0.999874 0.015871048 -0.00034391563
vn 0.999874 0.015871048 -0.00034391563
vn 0.5237435 0.7776798 0.3477167
vn 0.8094218 0.5237435 0.26557326
vn 0.999874 0.015871048 -0.00034391563
vn 0.9968654 0.079116344 -0
vn 0.999874 0.015871048 -0.00034391563
vn 0.999874 -0.015870988 -0.00034665503
vn 0.999874 0.015871048 -0.00034391563
vn 0.999874 -0.015870988 -0.00034665503
vn 0.999874 -0.015870988 -0.00034665503
vn 0.999874 -0.015870988 -0.00034665503
vn 0.999874 0.015871048 -0.00034391563
vn 0.9046479 -0.14283913 -0.40150863
vn 0.8411638 -0.23806524 -0.48555988
vn 0.55548555 -0.5237435 -0.6458549
vn 0.23806524 -0.8411638 -0.48555985
vn 0.931708 0.36320823 -0
vn 0.90373784 0.4280864 -0
vn 0.90373784 0.4280864 -0
vn 0.90373784 0.4280864 -0
vn 0.90373784 0.4280864 -0
vn 0.98994946 0.14142141 -0
vn 0.9968654 0.079116344 -0
vn 0.87290585 -0.46025944 -0.16185373
vn 0.68245363 -0.7141957 0.15550417
vn 0.1110971 -0.96813196 -0.22445036
vn 0.7141957 -0.5872276 -0.38090453
vn 0.9046479 0.39677536 0.15550402
vn 0.90373784 0.4280864 -0
vn 0.954758 0.29738364 -0
vn 0.9363899 0.3332913 0.10995822
vn 0.87115216 -0.49101302 -0
vn 0.9046479 0.3650334 0.21991548
vn 0.9363899 0.26980734 0.2244502
vn 0.89127797 -0.4534572 -0
vn 0.172001 -0.9850967 -0
vn 0.110431515 -0.9938838 -0
vn 0.8411638 -0.5237435 0.13467072
vn 0.90373784 -0.42808634 -0
vn 0.9363899 0.23806524 0.25787368
vn 0.9363899 0.3332913 0.10995822
vn 0.9363899 0.3332913 0.10995822
vn 0.931708 0.36320823 -0
vn 0.90373784 0.4280864 -0
vn 0.999874 0.015871048 -0.00034391563
vn 0.999874 0.015871048 -0.00034391563
vn 0.999874 0.015871048 -0.00034391563
vn 0.8094218 0.1110971 0.5766228
vn 0.96813196 0.23806524 0.07775266
vn 0.8094218 0.5237435 0.26557326
vn 0.999874 0.015871048 -0.00034391563
vn 0.999874 0.015871048 -0.00034391563
vn 0.999874 0.015871048 -0.00034391563
vn 0.96813196 0.20632327 0.14195509
vn 0.96813196 0.23806524 0.07775266
vn 0.8411638 0.07935512 0.53492635
vn 0.33329135 0.047613025 0.9416209
vn 0.39677536 0.047613025 0.91668004
vn 0.07935506 0.047613025 0.9957087
vn 0.8411638 0.3650334 0.39899132
vn 0.9046479 0.3332913 0.26557317
vn 0.17458117 0.047613025 0.98349094
vn 0.9968654 0.079116344 -0
vn 0.99886817 0.04756513 -0
vn 0.99886817 0.04756513 -0
vn -0.015871048 0.047613025 0.9987398
vn -0.015871048 0.015871048 0.99974805
vn 0.1110971 -0.015870988 0.9936828
vn -0.015871048 -0.4285174 0.90339416
vn 0.07935506 -0.46025944 0.8842308
vn 0.015870988 -0.96813196 0.24993728
vn -0.015871048 -0.9363899 0.35060233
vn -0.015871048 -0.96813196 0.24993728
vn -0.07935512 -0.46025944 0.8842308
vn -0.1110971 -0.015870988 0.9936828
vn -0.07935512 0.047613025 0.9957087
vn -0.17458117 0.047613025 0.98349094
vn -0.39677536 0.047613025 0.91668004
vn -0.3332913 0.047613025 0.9416209
vn -0.8411639 0.07935512 0.53492624
vn -0.8411639 0.3650334 0.39899117
vn -0.8094218 0.1110971 0.5766228
vn -0.9363899 0.23806524 0.25787368
vn -0.90464795 0.3332913 0.26557294
vn -0.9363899 0.26980734 0.2244502
vn -0.9968654 0.079116344 -0
vn -0.90464795 0.39677536 0.15550363
vn -0.90464795 0.3650334 0.21991521
vn -0.968132 0.23806524 0.07775189
vn -0.9363899 0.3332913 0.10995822
vn -0.99886817 0.04756513 -0
vn -0.99886817 0.04756513 -0
vn -0.95475805 0.29738364 -0
vn -0.9037378 0.42808634 -0
vn -0.87115216 -0.49101302 -0
vn -0.891278 -0.4534572 -0
vn -0.172001 -0.9850967 -0
vn -0.110431515 -0.9938838 -0
vn -0.8411639 -0.5237435 0.13467027
vn -0.9037378 -0.42808628 -0
vn -0.9363899 0.3332913 0.10995822
vn -0.9363899 0.3332913 0.10995822
vn -0.931708 0.36320823 -0
vn -0.9037378 0.42808634 -0
vn -0.999874 -0.015870988 -0.00034665503
vn -0.999874 0.015871048 -0.00034391563
vn -0.999874 0.015871048 -0.00034391563
vn -0.968132 0.23806524 0.07775189
vn -0.8094218 0.5237435 0.26557326
vn -0.999874 0.015871048 -0.00034391563
vn -0.999874 0.015871048 -0.00034391563
vn -0.999874 0.015871048 -0.00034391563
vn -0.968132 0.20632327 0.14195466
vn 0.55548555 -0.39677536 0.7307565
vn 0.46025944 -0.4285174 0.7775179
vn 0.5872276 -0.36503333 0.7224364
vn 0.46025944 -0.39677536 0.79418546
vn 0.33329135 -0.36503333 0.86929137
vn 0.17458117 -0.5872276 0.7903703
vn -0.015871048 -0.8411638 0.5405475
vn 0.14283913 -0.9046479 0.4015086
vn 0.14283913 -0.9046479 0.4015086
vn 0.46025944 -0.87290585 0.16185382
vn 0.46025944 -0.87290585 0.16185382
vn 0.7141957 -0.68245363 0.15550417
vn 0.68245363 -0.7141957 0.15550417
vn 0.954758 -0.29738364 -0
vn 0.90373784 -0.42808634 -0
vn 0.9968654 0.079116344 -0
vn 0.99886817 0.04756513 -0
vn 0.87290585 0.42851746 0.23325558
vn 0.9632913 0.2684583 -0
vn 0.9046479 0.3332913 0.26557317
vn 0.7459377 0.46025944 0.4813919
vn 0.7459377 0.46025944 0.4813919
vn 0.7141957 -0.047613025 0.6983248
vn 0.68245363 -0.17458117 0.70977354
vn 0.68245363 -0.26980728 0.6793093
vn 0.5872276 -0.36503333 0.7224364
vn 0.55548555 -0.39677536 0.7307565
vn 0.8094218 0.5237435 0.26557326
vn 0.30154932 0.90464795 0.3011313
vn 0.5237435 0.7776798 0.3477167
vn 0.26980728 0.90464795 0.32987285
vn -0.015871048 0.9363899 0.35060233
vn -0.015871048 0.9363899 0.35060233
vn -0.26980734 0.90464795 0.32987285
vn -0.30154932 0.90464795 0.3011313
vn -0.5237435 0.7776798 0.3477167
vn -0.8094218 0.5237435 0.26557326
vn 0.26980728 0.90464795 0.32987285
vn 0.8094218 0.5237435 0.26557326
vn 0.96813196 0.23806524 0.07775266
vn 0.46025944 0.8411639 0.28390953
vn 0.49200147 0.8411639 0.22445023
vn 0.68245363 0.68245375 0.26175165
vn 0.96813196 0.20632327 0.14195509
vn 0.68245363 0.68245375 0.26175165
vn 0.5872276 0.7459378 0.31423005
vn 0.5872276 0.7459378 0.31423005
vn 0.96813196 0.23806524 0.07775266
vn 0.65071166 0.7141957 0.25787365
vn 0.9046479 0.3332913 0.26557317
vn 0.65071166 0.7141957 0.25787365
vn 0.8411638 0.3650334 0.39899132
vn 0.6189696 0.7141957 0.32680437
vn 0.30154932 0.9363899 0.17956024
vn 0.39677536 0.90464795 0.15550359
vn 0.07935506 0.9363899 0.34187227
vn 0.047613025 0.9363899 0.3477167
vn -0.015871048 0.9363899 0.35060233
vn -0.015871048 0.9363899 0.35060233
vn -0.07935512 0.9363899 0.34187227
vn -0.047613025 0.9363899 0.3477167
vn -0.39677536 0.90464795 0.15550359
vn -0.30154932 0.9363899 0.17956024
vn -0.6189697 0.7141957 0.32680428
vn -0.8411639 0.3650334 0.39899117
vn -0.65071166 0.7141957 0.25787365
vn -0.90464795 0.3332913 0.26557294
vn -0.65071166 0.7141957 0.25787365
vn -0.968132 0.23806524 0.07775189
vn -0.5872276 0.7459378 0.31423005
vn -0.968132 0.20632327 0.14195466
vn -0.5872276 0.7459378 0.31423005
vn -0.68245375 0.68245375 0.26175132
vn -0.68245375 0.68245375 0.26175132
vn -0.968132 0.23806524 0.07775189
vn -0.49200153 0.8411639 0.2244501
vn -0.46025944 0.8411639 0.28390953
vn -0.26980734 0.90464795 0.32987285
vn -0.8094218 0.5237435 0.26557326
vn -0.015871048 -0.96813196 -0.24993728
vn 0.1110971 -0.96813196 -0.22445036
vn 0.23806524 -0.8411638 -0.48555985
vn -0.015871048 -0.9046479 -0.4258642
vn 0.55548555 -0.5237435 -0.6458549
vn -0.015871048 -0.7459377 -0.66582656
vn -0.5554856 -0.5237435 -0.6458549
vn -0.23806524 -0.8411638 -0.48555985
vn -0.1110971 -0.96813196 -0.22445036
vn -0.015871048 0.968132 0.24993704
vn -0.015871048 0.968132 0.24993704
vn -0.015871048 0.968132 0.24993704
vn -0.015871048 0.968132 0.24993704
vn 0.36320817 0.931708 -0
vn 0.36320817 0.931708 -0
vn 0.46025944 0.87290585 -0.16185382
vn 0.390149 0.9207517 -0
vn 0.39677536 0.90464795 -0.15550359
vn 0.39677536 0.90464795 -0.15550359
vn 0.46025944 0.87290585 -0.16185382
vn 0.39677536 0.90464795 -0.15550359
vn 0.39677536 0.90464795 -0.15550359
vn 0.39677536 0.90464795 -0.15550359
vn 0.36320817 0.931708 -0
vn 0.36320817 0.931708 -0
vn 0.36320817 0.931708 -0
vn 0.36320817 0.931708 -0
vn 0.46025944 0.87290585 -0.16185382
vn 0.5510615 0.8344646 -0
vn 0.5510615 0.8344646 -0
vn 0.46025944 0.87290585 -0.16185382
vn 0.36320817 -0.931708 -0
vn 0.36320817 -0.931708 -0
vn 0.36320817 -0.931708 -0
vn 0.36320817 -0.931708 -0
vn 0.390149 -0.9207517 -0
vn 0.390149 -0.9207517 -0
vn 0.390149 -0.9207517 -0
vn 0.390149 -0.9207517 -0
vn 0.390149 -0.9207517 -0
vn 0.36320817 -0.931708 -0
vn 0.390149 -0.9207517 -0
vn 0.36320817 -0.931708 -0
vn 0.36320817 -0.931708 -0
vn 0.015870988 0.999874 -0.00034526698
vn -0.015871048 0.999874 -0.00034526698
vn 0.015870988 0.999874 -0.00034526698
vn -0.015871048 0.999874 -0.00034526698
vn -0.015871048 0.999874 -0.00034526698
vn -0.015871048 0.999874 -0.00034526698
vn 0.047613025 0.65071166 -0.7578307
vn -0.015871048 0.65071166 -0.759159
vn 0.047613025 0.65071166 -0.7578307
vn -0.015871048 0.65071166 -0.759159
vn -0.047613025 0.65071166 -0.7578307
vn -0.047613025 0.65071166 -0.7578307
vn 0.015870988 -0.1110971 0.9936828
vn 0.015870988 -0.1110971 0.9936828
vn 0.015870988 -0.1110971 0.9936828
vn 0.015870988 -0.14283913 0.98961866
vn 0.46025944 -0.7776798 0.42822355
vn 0.14283913 -0.96813196 0.2057122
vn -0.07935512 -0.9363899 0.34187227
vn 0.2063232 -0.7459377 0.63325167
vn 0.6189696 -0.36503333 0.69543314
vn -0.5872276 -0.2063232 0.78268415
vn 0.36503333 -0.39677536 0.84221137
vn 0.55548555 0.1110971 0.8240711
vn 0.33329135 0.015871048 0.94269025
vn 0.33329135 0.5237435 0.7839704
vn 0.14283913 0.39677536 0.9067339
vn -0.17458117 0.65071166 0.7389829
vn -0.015871048 0.8094218 0.58701324
vn -0.39677536 0.87290585 0.28390962
vn -0.5237435 0.7141957 0.46434602
vn -0.07935512 -0.9363899 0.34187227
vn -0.4280864 -0.90373784 -0
vn 0.14283913 -0.96813196 0.2057122
vn -0.26980734 -0.9363899 -0.22445023
vn -0.7459378 -0.65071166 -0.1419546
vn -0.65071166 -0.65071166 -0.39134216
vn -0.96329135 -0.26845825 -0
vn -0.87290585 -0.2063232 -0.44211552
vn -0.9850967 0.172001 -0
vn -0.90464795 0.26980734 -0.32987282
vn -0.8411639 0.5237435 0.13467027
vn -0.5237435 0.7141957 0.46434602
vn -0.7378054 0.6750134 -0
vn -0.39677536 0.87290585 0.28390962
vn -0.5554856 -0.39677536 0.73075646
vn -0.5872276 -0.36503333 0.7224364
vn -0.46025944 -0.4285174 0.7775179
vn -0.46025944 -0.39677536 0.79418546
vn -0.3332913 -0.36503333 0.8692914
vn -0.17458117 -0.5872276 0.7903703
vn 0.015870988 -0.8411638 0.5405475
vn -0.1428392 -0.9046479 0.4015086
vn -0.1428392 -0.9046479 0.4015086
vn -0.46025944 -0.87290585 0.16185382
vn -0.46025944 -0.87290585 0.16185382
vn -0.7141957 -0.68245363 0.15550417
vn -0.68245375 -0.7141957 0.15550359
vn -0.95475805 -0.29738364 -0
vn -0.9037378 -0.42808628 -0
vn -0.9968654 0.079116344 -0
vn -0.99886817 0.04756513 -0
vn -0.87290585 0.42851746 0.23325558
vn -0.96329135 0.2684583 -0
vn -0.90464795 0.3332913 0.26557294
vn -0.7459378 0.46025944 0.48139173
vn -0.7459378 0.46025944 0.48139173
vn -0.7141957 -0.047613025 0.6983248
vn -0.68245375 -0.17458117 0.7097734
vn -0.68245375 -0.26980728 0.6793091
vn -0.5872276 -0.36503333 0.7224364
vn -0.5554856 -0.39677536 0.73075646
vn 0.015870988 0.968132 0.24993704
vn 0.015870988 0.968132 0.24993704
vn 0.015870988 0.968132 0.24993704
vn 0.015870988 0.968132 0.24993704
vn -0.36320823 0.931708 -0
vn -0.46025944 0.87290585 -0.16185382
vn -0.36320823 0.931708 -0
vn -0.390149 0.9207517 -0
vn -0.39677536 0.90464795 -0.15550359
vn -0.39677536 0.90464795 -0.15550359
vn -0.46025944 0.87290585 -0.16185382
vn -0.39677536 0.90464795 -0.15550359
vn -0.39677536 0.90464795 -0.15550359
vn -0.39677536 0.90464795 -0.15550359
vn -0.36320823 0.931708 -0
vn -0.36320823 0.931708 -0
vn -0.36320823 0.931708 -0
vn -0.36320823 0.931708 -0
vn -0.46025944 0.87290585 -0.16185382
vn -0.46025944 0.87290585 -0.16185382
vn -0.5510616 0.8344646 -0
vn -0.5510616 0.8344646 -0
vn -0.015871048 -0.999874 -0.00034526698
vn -0.015871048 -0.999874 -0.00034526698
vn -0.015871048 -0.999874 -0.00034526698
vn -0.015871048 -0.999874 -0.00034526698
vn 0.999874 0.015871048 -0.00034391563
vn 0.999874 0.015871048 -0.00034391563
vn 0.999874 0.015871048 -0.00034391563
vn 0.999874 0.015871048 -0.00034391563
vn -0.9938838 -0.110431515 -0
vn -0.9938838 -0.110431515 -0
vn -0.9938838 -0.110431515 -0
vn -0.9938838 -0.110431515 -0
vn -0.999874 0.015871048 -0.00034391563
vn -0.999874 0.015871048 -0.00034391563
vn -0.999874 0.015871048 -0.00034391563
vn -0.999874 0.015871048 -0.00034391563
vn -0.015871048 -0.999874 -0.00034526698
vn -0.015871048 -0.999874 -0.00034526698
vn -0.015871048 -0.999874 -0.00034526698
vn -0.015871048 -0.999874 -0.00034526698
vn 0.9938838 -0.110431515 -0
vn 0.9938838 -0.110431515 -0
vn 0.9938838 -0.110431515 -0
vn 0.9938838 -0.110431515 -0
vn 0.04756513 -0.99886817 -0
vn 0.04756513 -0.99886817 -0
vn 0.04756513 -0.99886817 -0
vn 0.04756513 -0.99886817 -0
vn 0.015870988 -0.015870988 0.99974805
vn 0.015870988 -0.015870988 0.99974805
vn 0.015870988 -0.015870988 0.99974805
vn 0.015870988 -0.015870988 0.99974805
vn 0.015870988 -0.015870988 0.99974805
vn 0.015870988 -0.015870988 0.99974805
vn 0.047613025 -0.015870988 -0.9987398
vn 0.047613025 -0.015870988 -0.9987398
vn 0.047613025 -0.015870988 -0.9987398
vn 0.047613025 -0.047613025 -0.99773043
vn 0.047613025 -0.047613025 -0.99773043
vn 0.047613025 -0.047613025 -0.99773043
vn 0.931708 -0.36320817 -0
vn 0.931708 -0.36320817 -0
vn 0.931708 -0.36320817 -0
vn 0.931708 -0.36320817 -0
vn 0.931708 -0.36320817 -0
vn 0.931708 -0.36320817 -0
vn 0.931708 -0.36320817 -0
vn 0.931708 -0.36320817 -0
vn -0.04756513 -0.99886817 -0
vn -0.04756513 -0.99886817 -0
vn -0.04756513 -0.99886817 -0
vn -0.04756513 -0.99886817 -0
vn 0.68245363 -0.26980728 -0.6793093
vn 0.68245363 -0.26980728 -0.6793093
vn 0.68245363 -0.26980728 -0.6793093
vn 0.68245363 -0.26980728 -0.6793093
vn -0.015871048 0.015871048 -0.99974805
vn -0.015871048 0.015871048 -0.99974805
vn -0.015871048 0.015871048 -0.99974805
vn -0.015871048 0.015871048 -0.99974805
vn -0.015871048 0.999874 -0.00034526698
vn -0.015871048 0.999874 -0.00034526698
vn -0.015871048 0.999874 -0.00034526698
vn -0.015871048 0.999874 -0.00034526698
vn -0.015871048 0.015871048 0.99974805
vn -0.015871048 0.015871048 0.99974805
vn -0.015871048 0.015871048 0.99974805
vn -0.015871048 0.015871048 0.99974805
vn -0.015871048 -0.999874 -0.00034526698
vn -0.015871048 -0.999874 -0.00034526698
vn -0.015871048 -0.999874 -0.00034526698
vn -0.015871048 -0.999874 -0.00034526698
vn -0.999874 0.015871048 -0.00034391563
vn -0.999874 0.015871048 -0.00034391563
vn -0.999874 0.015871048 -0.00034391563
vn -0.999874 0.015871048 -0.00034391563
vn -0.015871048 0.015871048 -0.99974805
vn 0.23806524 0.015871048 -0.97111946
vn -0.015871048 0.015871048 -0.99974805
vn 0.23806524 0.015871048 -0.97111946
vn 0.6189696 0.015871048 -0.78525454
vn 0.6189696 0.015871048 -0.78525454
vn -0.015871048 0.999874 -0.00034526698
vn -0.015871048 0.999874 -0.00034526698
vn -0.015871048 0.999874 -0.00034526698
vn -0.015871048 0.999874 -0.00034526698
vn -0.015871048 0.999874 -0.00034526698
vn -0.015871048 0.999874 -0.00034526698
vn -0.015871048 0.999874 -0.00034526698
vn -0.015871048 0.015871048 0.99974805
vn -0.1428392 0.015871048 0.98961866
vn -0.1428392 0.015871048 0.98961866
vn -0.015871048 0.015871048 0.99974805
vn -0.015871048 -0.999874 -0.00034526698
vn -0.015871048 -0.999874 -0.00034526698
vn -0.015871048 -0.999874 -0.00034526698
vn -0.015871048 -0.999874 -0.00034526698
vn -0.015871048 -0.999874 -0.00034526698
vn -0.015871048 -0.999874 -0.00034526698
vn -0.015871048 -0.999874 -0.00034526698
vn -0.999874 0.015871048 -0.00034391563
vn -0.999874 0.015871048 -0.00034391563
vn -0.999874 0.015871048 -0.00034391563
vn -0.999874 0.015871048 -0.00034391563
vn 0.999874 0.015871048 -0.00034391563
vn 0.999874 0.015871048 -0.00034391563
vn 0.999874 0.015871048 -0.00034391563
vn 0.999874 0.015871048 -0.00034391563
vn -0.015871048 -0.4285174 -0.90339416
vn -0.015871048 -0.46025944 -0.8876426
vn -0.015871048 -0.46025944 -0.8876426
vn -0.015871048 -0.4285174 -0.90339416
vn 0.015870988 -0.46025944 -0.8876426
vn 0.015870988 -0.4285174 -0.90339416
vn -0.015871048 -0.39677536 -0.9177785
vn -0.015871048 -0.39677536 -0.9177785
vn 0.015870988 -0.39677536 -0.9177785
vn 0.015870988 -0.015870988 0.99974805
vn 0.015870988 -0.015870988 0.99974805
vn 0.015870988 -0.015870988 0.99974805
vn 0.015870988 -0.015870988 0.99974805
vn 0.015870988 -0.015870988 0.99974805
vn 0.015870988 -0.015870988 0.99974805
vn 0.015870988 0.015871048 0.99974805
vn 0.015870988 0.015871048 0.99974805
vn 0.015870988 0.015871048 0.99974805
vn -0.49101308 0.87115216 -0
vn -0.49101308 0.87115216 -0
vn -0.015871048 0.999874 -0.00034526698
vn 0.015870988 0.999874 -0.00034526698
vn -0.015871048 0.999874 -0.00034526698
vn -0.015871048 0.999874 -0.00034526698
vn -0.015871048 0.999874 -0.00034526698
vn 0.015870988 0.999874 -0.00034526698
vn 0.49101302 0.87115216 -0
vn 0.49101302 0.87115216 -0
vn -0.015871048 -0.015870988 -0.99974805
vn -0.015871048 -0.015870988 -0.99974805
vn -0.015871048 -0.015870988 -0.99974805
vn -0.015871048 -0.015870988 -0.99974805
vn -0.015871048 -0.015870988 -0.99974805
vn -0.015871048 -0.015870988 -0.99974805
vn -0.015871048 -0.46025944 -0.8876426
vn -0.015871048 -0.46025944 -0.8876426
vn -0.015871048 -0.8411638 -0.5405475
vn 0.015870988 -0.015870988 -0.99974805
vn 0.015870988 -0.015870988 -0.99974805
vn 0.015870988 -0.015870988 -0.99974805
vn 0.015870988 -0.46025944 -0.8876426
vn 0.015870988 -0.8411638 -0.5405475
vn -0.015871048 -0.8411638 -0.5405475
vn 0.015870988 -0.999874 -0.00034526698
vn -0.015871048 -0.999874 -0.00034526698
vn 0.015870988 -0.999874 -0.00034526698
vn 0.015870988 -0.87290585 0.4876305
vn -0.015871048 -0.87290585 0.4876305
vn 0.015870988 -0.87290585 0.4876305
vn 0.015870988 -0.5237435 0.85172814
vn -0.015871048 -0.55548555 0.8313747
vn 0.015870988 -0.5237435 0.85172814
vn 0.015870988 -0.015870988 0.99974805
vn -0.015871048 -0.047613025 0.9987398
vn 0.015870988 -0.047613025 0.9987398
vn 0.015870988 0.015871048 0.99974805
vn -0.015871048 -0.015870988 0.99974805
vn 0.015870988 0.015871048 0.99974805
vn 0.015870988 0.015871048 0.99974805
vn -0.015871048 0.015871048 0.99974805
vn 0.015870988 0.015871048 0.99974805
vn -0.015871048 0.999874 -0.00034526698
vn -0.015871048 0.999874 -0.00034526698
vn -0.015871048 0.999874 -0.00034526698
vn -0.015871048 0.999874 -0.00034526698
vn -0.015871048 0.999874 -0.00034526698
vn -0.015871048 0.999874 -0.00034526698
vn -0.015871048 -0.999874 -0.00034526698
vn -0.015871048 -0.999874 -0.00034526698
vn -0.015871048 -0.999874 -0.00034526698
vn -0.015871048 -0.999874 -0.00034526698
vn 0.954758 -0.29738364 -0
vn 0.954758 -0.29738364 -0
vn 0.954758 -0.29738364 -0
vn 0.954758 -0.29738364 -0
vn -0.015871048 -0.015870988 0.99974805
vn -0.015871048 -0.015870988 0.99974805
vn -0.015871048 -0.015870988 0.99974805
vn -0.015871048 -0.015870988 0.99974805
vn -0.015871048 -0.015870988 0.99974805
vn -0.015871048 -0.015870988 0.99974805
vn -0.015871048 0.015871048 0.99974805
vn -0.015871048 0.015871048 0.99974805
vn -0.015871048 0.015871048 0.99974805
vn 0.015870988 -0.015870988 -0.99974805
vn 0.015870988 -0.015870988 -0.99974805
vn 0.015870988 0.015871048 -0.99974805
vn -0.015871048 -0.015870988 -0.99974805
vn -0.015871048 0.015871048 -0.99974805
vn -0.015871048 0.015871048 -0.99974805
vn -0.015871048 -0.015870988 -0.99974805
vn 0.015870988 0.015871048 -0.99974805
vn 0.015870988 -0.015870988 -0.99974805
vn -0.015871048 0.015871048 -0.99974805
vn -0.015871048 0.015871048 -0.99974805
vn -0.015871048 0.015871048 -0.99974805
vn -0.015871048 0.015871048 -0.99974805
vn -0.015871048 -0.015870988 -0.99974805
vn -0.015871048 -0.015870988 -0.99974805
vn -0.015871048 -0.015870988 -0.99974805
vn 0.015870988 -0.999874 -0.00034526698
vn 0.015870988 -0.999874 -0.00034526698
vn 0.015870988 -0.999874 -0.00034526698
vn 0.015870988 -0.999874 -0.00034526698
vn -0.9363899 -0.30154932 0.1795603
vn -0.9363899 -0.30154932 0.1795603
vn -0.9363899 -0.30154932 0.1795603
vn -0.9363899 -0.30154932 0.1795603
vn 0.015870988 0.015871048 0.99974805
vn 0.015870988 0.015871048 0.99974805
vn 0.015870988 0.015871048 0.99974805
vn 0.015870988 0.015871048 0.99974805
vn -0.015871048 0.015871048 0.99974805
vn -0.015871048 0.015871048 0.99974805
vn -0.015871048 0.015871048 0.99974805
vn -0.015871048 0.015871048 0.99974805
vn -0.047613025 -0.047613025 -0.99773043
vn -0.047613025 -0.047613025 -0.99773043
vn -0.047613025 -0.047613025 -0.99773043
vn -0.047613025 -0.047613025 -0.99773043
vn -0.047613025 -0.015870988 -0.9987398
vn -0.047613025 -0.015870988 -0.9987398
vn -0.015871048 -0.015870988 0.99974805
vn -0.015871048 -0.015870988 0.99974805
vn -0.015871048 -0.015870988 0.99974805
vn -0.015871048 -0.015870988 0.99974805
vn -0.015871048 -0.015870988 0.99974805
vn -0.015871048 -0.015870988 0.99974805
vn -0.931708 -0.36320817 -0
vn -0.931708 -0.36320817 -0
vn -0.931708 -0.36320817 -0
vn -0.931708 -0.36320817 -0
vn -0.931708 -0.36320817 -0
vn -0.931708 -0.36320817 -0
vn -0.931708 -0.36320817 -0
vn -0.931708 -0.36320817 -0
vn -0.68245375 -0.26980728 -0.6793091
vn -0.68245375 -0.26980728 -0.6793091
vn -0.68245375 -0.26980728 -0.6793091
vn -0.68245375 -0.26980728 -0.6793091
vn 0.999874 0.015871048 -0.00034391563
vn 0.87290585 -0.23806524 0.4258642
vn 0.87290585 0.23806524 0.4258642
vn 0.87290585 -0.46025944 -0.16185373
vn 0.87290585 -0.23806524 -0.4258642
vn 0.87290585 0.23806524 -0.4258642
vn 0.87290585 0.46025944 0.16185373
vn 0.87290585 0.23806524 -0.4258642
vn 0.87290585 0.23806524 0.4258642
vn -0.999874 0.015871048 -0.00034391563
vn -0.999874 0.015871048 -0.00034391563
vn -0.999874 0.015871048 -0.00034391563
vn -0.999874 0.015871048 -0.00034391563
vn -0.999874 0.015871048 -0.00034391563
vn -0.999874 0.015871048 -0.00034391563
vn -0.999874 0.015871048 -0.00034391563
vn -0.999874 0.015871048 -0.00034391563
vn -0.999874 0.015871048 -0.00034391563
vn -0.8411639 0.047613025 0.5386802
vn 0.04756513 0.99886817 -0
vn 0.5237435 0.015871048 0.85172814
vn 0.5237435 0.015871048 0.85172814
vn 0.5237435 0.015871048 0.85172814
vn 0.8411638 -0.047613025 -0.5386803
vn -0.015871048 -0.999874 -0.00034526698
vn 0.5237435 0.015871048 0.85172814
vn 0.04756513 0.99886817 -0
vn 0.04756513 0.99886817 -0
vn -0.8411639 0.047613025 0.5386802
vn -0.8411639 0.047613025 0.5386802
vn 0.5237435 0.015871048 0.85172814
vn -0.015871048 -0.999874 -0.00034526698
vn -0.999874 0.015871048 -0.00034391563
vn 0.015870988 0.999874 -0.00034526698
vn -0.17458117 -0.07935506 0.9814398
vn -0.17458117 -0.07935506 0.9814398
vn -0.17458117 -0.07935506 0.9814398
vn 0.96813196 -0.015870988 0.24993728
vn -0.015871048 -0.999874 -0.00034526698
vn -0.17458117 -0.07935506 0.9814398
vn 0.015870988 0.999874 -0.00034526698
vn 0.015870988 0.999874 -0.00034526698
vn -0.999874 0.015871048 -0.00034391563
vn -0.999874 0.015871048 -0.00034391563
vn -0.17458117 -0.07935506 0.9814398
vn -0.015871048 -0.999874 -0.00034526698
vn -0.015871048 0.015871048 -0.99974805
vn -0.015871048 0.015871048 -0.99974805
vn -0.015871048 0.015871048 -0.99974805
vn -0.015871048 0.015871048 -0.99974805
vn -0.015871048 0.999874 -0.00034526698
vn -0.015871048 0.999874 -0.00034526698
vn -0.015871048 0.999874 -0.00034526698
vn -0.015871048 0.999874 -0.00034526698
vn -0.015871048 0.015871048 0.99974805
vn -0.015871048 0.015871048 0.99974805
vn -0.015871048 0.015871048 0.99974805
vn -0.015871048 0.015871048 0.99974805
vn -0.015871048 -0.999874 -0.00034526698
vn -0.015871048 -0.999874 -0.00034526698
vn -0.015871048 -0.999874 -0.00034526698
vn -0.015871048 -0.999874 -0.00034526698
vn 0.999874 0.015871048 -0.00034391563
vn 0.999874 0.015871048 -0.00034391563
vn 0.999874 0.015871048 -0.00034391563
vn 0.999874 0.015871048 -0.00034391563
vn -0.015871048 0.015871048 -0.99974805
vn -0.015871048 0.015871048 -0.99974805
vn -0.23806524 0.015871048 -0.97111946
vn -0.23806524 0.015871048 -0.97111946
vn -0.6189697 0.015871048 -0.78525454
vn -0.6189697 0.015871048 -0.78525454
vn -0.015871048 0.999874 -0.00034526698
vn -0.015871048 0.999874 -0.00034526698
vn -0.015871048 0.999874 -0.00034526698
vn -0.015871048 0.999874 -0.00034526698
vn -0.015871048 0.999874 -0.00034526698
vn -0.015871048 0.999874 -0.00034526698
vn -0.015871048 0.999874 -0.00034526698
vn -0.015871048 0.015871048 0.99974805
vn -0.015871048 0.015871048 0.99974805
vn 0.14283913 0.015871048 0.98961866
vn 0.14283913 0.015871048 0.98961866
vn -0.015871048 -0.999874 -0.00034526698
vn -0.015871048 -0.999874 -0.00034526698
vn -0.015871048 -0.999874 -0.00034526698
vn -0.015871048 -0.999874 -0.00034526698
vn -0.015871048 -0.999874 -0.00034526698
vn -0.015871048 -0.999874 -0.00034526698
vn -0.015871048 -0.999874 -0.00034526698
vn 0.999874 0.015871048 -0.00034391563
vn 0.999874 0.015871048 -0.00034391563
vn 0.999874 0.015871048 -0.00034391563
vn 0.999874 0.015871048 -0.00034391563
vn -0.999874 0.015871048 -0.00034391563
vn -0.999874 0.015871048 -0.00034391563
vn -0.999874 0.015871048 -0.00034391563
vn -0.999874 0.015871048 -0.00034391563
vn -0.7141957 -0.39677536 -0.5766227
vn -0.5237435 0.39677536 -0.75383157
vn -0.6189697 0.7141957 -0.32680428
vn -0.9938838 -0.110431515 -0
vn 0.65071166 -0.4285174 -0.62685496
vn 0.9938838 -0.110431515 -0
vn 0.26980728 -0.68245363 -0.67930925
vn -0.5237435 0.39677536 -0.75383157
vn 0.65071166 -0.4285174 -0.62685496
vn 0.68245363 -0.65071166 0.33291352
vn 0.9938838 -0.110431515 -0
vn -0.6189697 0.7141957 -0.32680428
vn 0.5237435 0.39677536 -0.75383157
vn 0.6189696 0.7141957 -0.32680437
vn 0.26980728 -0.68245363 -0.67930925
vn -0.26980734 -0.68245363 -0.67930925
vn -0.68245375 -0.65071166 0.33291325
vn 0.68245363 -0.65071166 0.33291352
vn -0.26980734 -0.68245363 -0.67930925
vn -0.68245375 -0.39677536 -0.6138617
vn 0.7141957 -0.39677536 -0.5766227
vn 0.6189696 0.7141957 -0.32680437
vn 0.5237435 0.39677536 -0.75383157
vn 0.9968654 -0.079116285 -0
vn -0.9938838 -0.110431515 -0
vn -0.26980734 -0.68245363 -0.67930925
vn -0.68245375 -0.65071166 0.33291325
vn 0.7141957 -0.39677536 -0.5766227
vn 0.9968654 -0.079116285 -0
vn -0.015871048 -0.015870988 0.99974805
vn -0.015871048 -0.015870988 0.99974805
vn -0.015871048 -0.015870988 0.99974805
vn -0.015871048 -0.015870988 0.99974805
vn -0.015871048 -0.015870988 0.99974805
vn -0.015871048 -0.015870988 0.99974805
vn -0.015871048 -0.015870988 0.99974805
vn -0.015871048 -0.015870988 0.99974805
vn -0.015871048 -0.015870988 0.99974805
vn -0.015871048 -0.015870988 0.99974805
vn -0.015871048 -0.015870988 0.99974805
vn -0.015871048 -0.015870988 0.99974805
vn -0.015871048 -0.015870988 0.99974805
vn -0.015871048 -0.015870988 0.99974805
vn -0.015871048 -0.015870988 0.99974805
vn -0.015871048 -0.015870988 0.99974805
vn -0.015871048 -0.015870988 0.99974805
vn -0.015871048 -0.015870988 0.99974805
vn -0.999874 -0.015870988 -0.00034665503
vn -0.5872276 -0.7776798 -0.22445023
vn -0.6189697 0.26980734 -0.73761815
vn 0.55548555 0.26980734 -0.7865366
vn -0.68245375 -0.65071166 0.33291325
vn 0.68245363 0.6189697 -0.38875905
vn 0.015870988 -0.9046479 0.4258642
vn 0.5872276 -0.7776798 -0.22445023
vn 0.26980728 0.8411639 -0.4686655
vn -0.015871048 0.968132 -0.24993704
vn -0.015871048 0.90464795 -0.42586404
vn -0.26980734 0.8411639 -0.4686655
vn 0.30154932 0.90464795 -0.3011313
vn 0.87290585 0.39677536 -0.28390965
vn 0.87290585 0.42851746 -0.23325558
vn 0.9363899 0.047613025 -0.3477167
vn 0.96813196 0.1110971 -0.22445038
vn 0.9850967 0.172001 -0
vn 0.39677536 0.90464795 -0.15550359
vn 0.42808628 0.9037378 -0
vn 0.89127797 0.4534572 -0
vn 0.96813196 0.20632327 0.14195509
vn 0.8094218 0.46025944 0.36468846
vn -0.015871048 0.999874 -0.00034526698
vn 0.8411638 0.5237435 0.13467072
vn 0.98994946 0.14142141 -0
vn 0.99886817 0.04756513 -0
vn 0.4285174 0.8411639 0.32987303
vn 0.87115216 0.49101308 -0
vn 0.39677536 0.7776798 0.48763043
vn 0.87290585 0.46025944 0.16185373
vn 0.999874 0.015871048 -0.00034391563
vn 0.999874 0.015871048 -0.00034391563
vn 0.87290585 0.39677536 0.28390965
vn 0.96813196 -0.015870988 0.24993728
vn 0.7776798 0.1110971 0.6187662
vn 0.36503333 -0.36503333 0.8564469
vn 0.14283913 -0.49200147 0.85879654
vn 0.39677536 0.1428392 0.9067339
vn -0.015871048 0.1110971 0.9936828
vn -0.015871048 -0.5237435 0.85172814
vn -0.1428392 -0.49200147 0.85879654
vn 0.46025944 0.7459378 0.48139176
vn 0.46025944 0.8411639 0.28390953
vn -0.015871048 0.8094218 0.58701324
vn 0.4285174 0.87290585 0.23325576
vn -0.015871048 0.9363899 0.35060233
vn -0.015871048 0.999874 -0.00034526698
vn -0.015871048 0.90464795 0.42586404
vn -0.015871048 0.8411639 0.5405474
vn -0.015871048 0.999874 -0.00034526698
vn -0.42808634 0.9037378 -0
vn -0.39677536 0.7776798 0.48763043
vn -0.42851746 0.8411639 0.32987285
vn -0.42851746 0.87290585 0.2332555
vn -0.46025944 0.8411639 0.28390953
vn -0.39677536 0.90464795 -0.15550359
vn -0.87290585 0.42851746 -0.23325558
vn -0.30154932 0.90464795 -0.3011313
vn -0.87290585 0.39677536 -0.28390965
vn -0.9363899 0.047613025 -0.3477167
vn -0.968132 0.1110971 -0.22445011
vn -0.9850967 0.172001 -0
vn -0.891278 0.4534572 -0
vn -0.968132 0.20632327 0.14195466
vn -0.8094218 0.46025944 0.36468846
vn -0.8411639 0.5237435 0.13467027
vn -0.98994946 0.14142141 -0
vn -0.99886817 0.04756513 -0
vn -0.87115216 0.49101308 -0
vn -0.87290585 0.46025944 0.16185373
vn -0.999874 0.015871048 -0.00034391563
vn -0.999874 0.015871048 -0.00034391563
vn -0.46025944 0.7459378 0.48139176
vn -0.87290585 0.39677536 0.28390965
vn -0.968132 -0.015870988 0.24993704
vn -0.39677536 0.1428392 0.9067339
vn -0.7776798 0.1110971 0.6187662
vn -0.3650334 -0.36503333 0.85644686
vn 0.8094218 0.015871048 -0.58701324
vn -0.015871048 0.047613025 -0.9987398
vn 0.55548555 -0.5237435 -0.6458549
vn 0.5872276 0.6189697 -0.52157485
vn -0.015871048 -0.7459377 -0.66582656
vn -0.015871048 0.87290585 -0.4876305
vn -0.5554856 -0.5237435 -0.6458549
vn -0.5872276 0.6189697 -0.52157485
vn -0.8094218 0.015871048 -0.58701324
vn 0.8094218 0.015871048 -0.58701324
vn -0.015871048 0.047613025 -0.9987398
vn 0.55548555 -0.5237435 -0.6458549
vn 0.5872276 0.6189697 -0.52157485
vn -0.015871048 -0.7459377 -0.66582656
vn -0.015871048 0.87290585 -0.4876305
vn -0.5554856 -0.5237435 -0.6458549
vn -0.5872276 0.6189697 -0.52157485
vn -0.8094218 0.015871048 -0.58701324
vn 0.68245363 0.6189697 -0.38875905
vn 0.7141957 -0.6189696 0.32680437
vn 0.68245363 0.65071166 -0.33291352
vn -0.7459378 0.5872276 -0.31423005
vn 0.015870988 -0.9046479 0.4258642
vn -0.999874 -0.015870988 -0.00034665503
vn -0.68245375 -0.65071166 0.33291325
vn -0.7141957 -0.65071166 0.2578737
vn -0.3332913 0.5237435 0.7839704
vn -0.3332913 0.015871048 0.9426903
vn -0.5554856 0.1110971 0.8240711
vn -0.1428392 0.39677536 0.9067339
vn 0.015870988 0.8094218 0.58701324
vn -0.3650334 -0.39677536 0.8422113
vn -0.6189697 -0.36503333 0.6954331
vn 0.17458117 0.65071166 0.7389829
vn 0.39677536 0.87290585 0.28390962
vn 0.5872276 -0.2063232 0.78268415
vn -0.20632327 -0.7459377 0.63325167
vn 0.5237435 0.7141957 0.46434602
vn -0.46025944 -0.7776798 0.42822355
vn 0.73780537 0.67501354 -0
vn 0.07935506 -0.9363899 0.34187227
vn -0.1428392 -0.96813196 0.2057122
vn 0.8411638 0.5237435 0.13467072
vn 0.9046479 0.26980734 -0.329873
vn 0.42808634 -0.90373784 -0
vn 0.26980728 -0.9363899 -0.22445023
vn 0.9850967 0.172001 -0
vn 0.87290585 -0.2063232 -0.44211552
vn 0.7459377 -0.65071166 -0.14195523
vn 0.65071166 -0.65071166 -0.39134216
vn 0.9632913 -0.26845825 -0
vn 0.70710677 -0.70710677 -0
vn 0.70710677 -0.70710677 -0
vn 0.999874 -0.015870988 -0.00034665503
vn -0.015871048 -0.999874 -0.00034526698
vn 0.999874 -0.015870988 -0.00034665503
vn -0.015871048 -0.999874 -0.00034526698
vn 0.70710677 0.70710677 -0
vn -0.70710677 -0.70710677 -0
vn 0.70710677 0.70710677 -0
vn -0.70710677 -0.70710677 -0
vn -0.015871048 0.999874 -0.00034526698
vn -0.999874 -0.015870988 -0.00034665503
vn -0.015871048 0.999874 -0.00034526698
vn -0.999874 -0.015870988 -0.00034665503
vn -0.70710677 0.70710677 -0
vn -0.70710677 0.70710677 -0
vn 0.70710677 -0.70710677 -0
vn 0.70710677 -0.70710677 -0
vn 0.999874 -0.015870988 -0.00034665503
vn -0.015871048 -0.999874 -0.00034526698
vn 0.999874 -0.015870988 -0.00034665503
vn -0.015871048 -0.999874 -0.00034526698
vn 0.70710677 0.70710677 -0
vn -0.70710677 -0.70710677 -0
vn 0.70710677 0.70710677 -0
vn -0.70710677 -0.70710677 -0
vn -0.015871048 0.999874 -0.00034526698
vn -0.999874 -0.015870988 -0.00034665503
vn -0.015871048 0.999874 -0.00034526698
vn -0.999874 -0.015870988 -0.00034665503
vn -0.70710677 0.70710677 -0
vn -0.70710677 0.70710677 -0
vn -0.7459378 0.20632327 -0.6332515
vn -0.30154932 0.39677536 -0.8669702
vn -0.3650334 0.7141957 -0.5972228
vn -0.65071166 -0.23806524 -0.72104037
vn -0.68245375 0.5872276 -0.4352248
vn -0.36320823 0.931708 -0
vn -0.015871048 0.8411639 -0.5405474
vn -0.87115216 0.49101308 -0
vn -0.9968654 0.079116344 -0
vn -0.90464795 -0.36503333 -0.21991532
vn 0.2063232 0.5872276 -0.78268415
vn 0.23806524 0.9363899 -0.25787365
vn -0.1428392 -0.015870988 -0.98961866
vn -0.90464795 0.1110971 0.41142374
vn -0.8411639 -0.33329135 0.42586407
vn -0.8094218 0.49200153 0.32057902
vn 0.5872276 0.7141957 -0.38090453
vn 0.4285174 0.20632327 -0.8796611
vn 0.30154932 0.9363899 0.17956024
vn -0.65071166 -0.7459377 -0.14195512
vn -0.42851746 -0.6189696 -0.6582168
vn -0.5872276 -0.7141957 0.38090453
vn 0.047613025 -0.4285174 -0.9022781
vn 0.8411638 0.3332913 -0.42586425
vn 0.65071166 0.7459378 0.1419545
vn 0.1110971 0.87290585 0.47507137
vn 0.55548555 -0.23806524 -0.7967187
vn -0.30154932 -0.9363899 -0.17956024
vn -0.1110971 -0.87290585 -0.47507137
vn 0.36320817 -0.931708 -0
vn 0.2063232 -0.7459377 -0.63325167
vn -0.23806524 -0.9363899 0.25787365
vn 0.55548555 -0.5872276 -0.58872706
vn 0.9046479 -0.1110971 -0.4114239
vn 0.015870988 -0.8411638 0.5405475
vn -0.20632327 -0.5872276 0.78268415
vn 0.9046479 0.3650334 0.21991548
vn 0.8094218 -0.49200147 -0.3205791
vn 0.9968654 -0.079116285 -0
vn 0.4285174 0.6189697 0.65821683
vn 0.36503333 -0.7141957 0.59722286
vn -0.42851746 -0.2063232 0.879661
vn 0.87115216 -0.49101302 -0
vn 0.65071166 0.23806524 0.72104037
vn -0.20632327 0.7459378 0.6332515
vn 0.30154932 -0.39677536 0.8669702
vn 0.68245363 -0.5872276 0.435225
vn 0.7459377 -0.2063232 0.63325167
vn 0.14283913 0.015871048 0.98961866
vn -0.047613025 0.42851746 0.90227807
vn -0.5554856 0.5872276 0.58872706
vn -0.5554856 0.23806524 0.7967187
vn 0.65071166 0.015871048 0.759159
vn 0.65071166 0.5237435 0.54978824
vn 0.87290585 0.3650334 0.32370666
vn 0.36503333 0.015871048 0.93085915
vn 0.87290585 0.015871048 0.4876305
vn 0.999874 0.015871048 -0.00034391563
vn 0.87115216 0.49101308 -0
vn 0.65071166 -0.5237435 0.54978824
vn 0.36503333 -0.65071166 0.66582656
vn 0.87290585 -0.36503333 0.32370675
vn 0.65071166 0.7459378 -0.1419545
vn 0.36503333 0.65071166 0.66582656
vn 0.87290585 0.3650334 -0.32370666
vn 0.65071166 -0.7459377 0.14195512
vn 0.36320817 -0.931708 -0
vn 0.87115216 -0.49101302 -0
vn -0.015871048 -0.7141957 0.6997661
vn -0.015871048 0.015871048 0.99974805
vn -0.015871048 -0.999874 -0.00034526698
vn 0.36320817 0.931708 -0
vn 0.65071166 0.5237435 -0.54978824
vn 0.87290585 -0.015870988 -0.4876305
vn 0.87290585 -0.36503333 -0.32370675
vn 0.65071166 -0.015870988 -0.759159
vn 0.65071166 -0.5237435 -0.54978824
vn 0.36503333 -0.65071166 -0.66582656
vn 0.36503333 0.65071166 -0.66582656
vn 0.36503333 -0.015870988 -0.93085915
vn -0.015871048 0.7141957 0.6997661
vn -0.015871048 -0.7141957 -0.6997661
vn -0.015871048 0.999874 -0.00034526698
vn -0.015871048 0.7141957 -0.6997661
vn -0.015871048 -0.015870988 -0.99974805
vn -0.3650334 0.015871048 0.93085915
vn -0.3650334 0.65071166 0.6658265
vn -0.36320823 0.931708 -0
vn -0.3650334 0.65071166 -0.6658265
vn -0.3650334 -0.015870988 -0.93085915
vn -0.3650334 -0.65071166 0.6658265
vn -0.3650334 -0.65071166 -0.6658265
vn -0.36320823 -0.931708 -0
vn -0.65071166 0.015871048 0.759159
vn -0.65071166 0.5237435 0.54978824
vn -0.65071166 0.7459378 -0.1419545
vn -0.65071166 0.5237435 -0.54978824
vn -0.65071166 -0.5237435 0.54978824
vn -0.65071166 -0.015870988 -0.759159
vn -0.65071166 -0.5237435 -0.54978824
vn -0.65071166 -0.7459377 0.14195512
vn -0.87290585 0.015871048 0.4876305
vn -0.87290585 0.3650334 0.32370666
vn -0.999874 0.015871048 -0.00034391563
vn -0.87290585 -0.36503333 0.32370675
vn -0.87115216 0.49101308 -0
vn -0.87115216 -0.49101302 -0
vn -0.87290585 0.3650334 -0.32370666
vn -0.87290585 -0.36503333 -0.32370675
vn -0.87290585 -0.015870988 -0.4876305
vn -0.65071166 0.7459378 -0.1419545
vn -0.87115216 0.49101308 -0
vn -0.87290585 0.3332913 -0.35630366
vn -0.999874 0.015871048 -0.00034391563
vn -0.65071166 0.5237435 0.54978824
vn -0.87290585 0.3650334 0.32370666
vn -0.65071166 0.5237435 -0.54978824
vn -0.87290585 -0.015870988 -0.4876305
vn -0.3650334 0.65071166 0.6658265
vn -0.36320823 0.931708 -0
vn -0.65071166 0.015871048 0.759159
vn -0.87290585 0.015871048 0.4876305
vn -0.3650334 0.015871048 0.93085915
vn -0.65071166 -0.015870988 -0.759159
vn -0.3650334 0.65071166 -0.6658265
vn -0.87290585 -0.36503333 -0.32370675
vn -0.65071166 -0.5237435 0.54978824
vn -0.87290585 -0.33329135 0.3563036
vn -0.87115216 -0.49101302 -0
vn -0.65071166 -0.5237435 -0.54978824
vn -0.65071166 -0.7459377 0.14195512
vn -0.3650334 -0.65071166 0.6658265
vn -0.3650334 -0.015870988 -0.93085915
vn -0.3650334 -0.65071166 -0.6658265
vn -0.36320823 -0.931708 -0
vn -0.015871048 -0.7141957 0.6997661
vn -0.015871048 -0.999874 -0.00034526698
vn -0.015871048 -0.7141957 -0.6997661
vn -0.015871048 -0.015870988 -0.99974805
vn -0.015871048 0.7141957 -0.6997661
vn -0.015871048 0.015871048 0.99974805
vn -0.015871048 0.999874 -0.00034526698
vn -0.015871048 0.7141957 0.6997661
vn 0.36503333 -0.65071166 -0.66582656
vn 0.36503333 -0.015870988 -0.93085915
vn 0.36320817 -0.931708 -0
vn 0.36503333 0.65071166 -0.66582656
vn 0.36503333 -0.65071166 0.66582656
vn 0.36503333 0.015871048 0.93085915
vn 0.36503333 0.65071166 0.66582656
vn 0.36320817 0.931708 -0
vn 0.65071166 -0.015870988 -0.759159
vn 0.65071166 -0.5237435 -0.54978824
vn 0.65071166 -0.7459377 0.14195512
vn 0.65071166 -0.5237435 0.54978824
vn 0.65071166 0.5237435 -0.54978824
vn 0.65071166 0.015871048 0.759159
vn 0.65071166 0.5237435 0.54978824
vn 0.65071166 0.7459378 -0.1419545
vn 0.87290585 -0.015870988 -0.4876305
vn 0.87290585 -0.36503333 -0.32370675
vn 0.999874 0.015871048 -0.00034391563
vn 0.87290585 0.3332913 -0.35630366
vn 0.87115216 -0.49101302 -0
vn 0.87115216 0.49101308 -0
vn 0.87290585 -0.33329135 0.3563036
vn 0.87290585 0.3650334 0.32370666
vn 0.87290585 0.015871048 0.4876305
vn 0.7459377 0.20632327 -0.63325167
vn 0.68245363 0.5872276 -0.435225
vn 0.36503333 0.7141957 -0.59722286
vn 0.36320817 0.931708 -0
vn 0.87115216 0.49101308 -0
vn 0.015870988 0.8411639 -0.5405474
vn 0.9968654 0.079116344 -0
vn 0.30154932 0.39677536 -0.8669702
vn -0.23806524 0.9363899 -0.25787365
vn -0.20632327 0.5872276 -0.78268415
vn 0.65071166 -0.23806524 -0.72104037
vn 0.9046479 -0.36503333 -0.21991558
vn 0.14283913 -0.015870988 -0.98961866
vn 0.9046479 0.1110971 0.4114239
vn 0.8094218 0.49200153 0.32057902
vn 0.8411638 -0.33329135 0.42586422
vn -0.5872276 0.7141957 -0.38090453
vn -0.42851746 0.20632327 -0.879661
vn -0.30154932 0.9363899 0.17956024
vn 0.65071166 -0.7459377 -0.14195512
vn 0.4285174 -0.6189696 -0.6582169
vn 0.5872276 -0.7141957 0.38090453
vn -0.047613025 -0.4285174 -0.9022781
vn 0.4285174 -0.2063232 0.8796611
vn 0.2063232 -0.5872276 0.78268415
vn 0.55548555 0.23806524 0.7967187
vn 0.55548555 0.5872276 0.58872706
vn 0.23806524 -0.9363899 0.25787365
vn 0.30154932 -0.9363899 -0.17956024
vn -0.36320823 -0.931708 -0
vn 0.1110971 -0.87290585 -0.47507137
vn -0.015871048 -0.8411638 0.5405475
vn -0.20632327 -0.7459377 -0.63325167
vn -0.3650334 -0.7141957 0.5972228
vn -0.5554856 -0.23806524 -0.7967187
vn -0.30154932 -0.39677536 0.8669702
vn -0.68245375 -0.5872276 0.4352248
vn -0.1428392 0.015871048 0.98961866
vn -0.7459378 -0.2063232 0.6332515
vn 0.047613025 0.42851746 0.90227807
vn -0.5554856 -0.5872276 -0.58872706
vn -0.8411639 0.3332913 -0.42586413
vn -0.87115216 -0.49101302 -0
vn -0.65071166 0.23806524 0.72104037
vn 0.2063232 0.7459378 0.6332515
vn -0.90464795 -0.1110971 -0.41142374
vn -0.8094218 -0.49200147 -0.3205791
vn -0.9968654 -0.079116285 -0
vn -0.90464795 0.3650334 0.21991521
vn -0.42851746 0.6189697 0.6582168
vn -0.1110971 0.87290585 0.47507137
vn -0.65071166 0.7459378 0.1419545
g ship_laat_mesh_0
f 3/3/3 2/2/2 1/1/1
f 2/2/2 5/5/5 4/4/4
f 8/8/8 7/7/7 6/6/6
f 11/11/11 10/10/10 9/9/9
f 14/14/14 13/13/13 12/12/12
f 17/17/17 16/16/16 15/15/15
f 20/20/20 19/19/19 18/18/18
f 23/23/23 22/22/22 21/21/21
f 26/26/26 25/25/25 24/24/24
f 29/29/29 28/28/28 27/27/27
f 32/32/32 31/31/31 30/30/30
f 34/34/34 33/33/33 30/30/30
f 35/35/35 34/34/34 30/30/30
f 36/36/36 35/35/35 30/30/30
f 37/37/37 36/36/36 30/30/30
f 38/38/38 37/37/37 30/30/30
f 41/41/41 40/40/40 39/39/39
f 43/43/43 40/40/40 42/42/42
f 44/44/44 40/40/40 43/43/43
f 45/45/45 40/40/40 44/44/44
f 46/46/46 40/40/40 45/45/45
f 47/47/47 40/40/40 46/46/46
f 50/50/50 49/49/49 48/48/48
f 53/53/53 52/52/52 51/51/51
f 56/56/56 55/55/55 54/54/54
f 59/59/59 58/58/58 57/57/57
f 62/62/62 61/61/61 60/60/60
f 64/64/64 63/63/63 60/60/60
f 65/65/65 64/64/64 60/60/60
f 66/66/66 63/63/63 64/64/64
f 66/66/66 67/67/67 63/63/63
f 65/65/65 68/68/68 64/64/64
f 68/68/68 65/65/65 69/69/69
f 70/70/70 68/68/68 69/69/69
f 71/71/71 66/66/66 64/64/64
f 66/66/66 71/71/71 72/72/72
f 68/68/68 73/73/73 64/64/64
f 73/73/73 71/71/71 64/64/64
f 68/68/68 74/74/74 73/73/73
f 75/75/75 71/71/71 73/73/73
f 74/74/74 75/75/75 73/73/73
f 72/72/72 71/71/71 75/75/75
f 74/74/74 76/76/76 75/75/75
f 76/76/76 77/77/77 75/75/75
f 75/75/75 77/77/77 78/78/78
f 72/72/72 75/75/75 78/78/78
f 79/79/79 72/72/72 78/78/78
f 72/72/72 79/79/79 80/80/80
f 80/80/80 81/81/81 72/72/72
f 81/81/81 82/82/82 72/72/72
f 83/83/83 82/82/82 81/81/81
f 84/84/84 83/83/83 81/81/81
f 85/85/85 84/84/84 81/81/81
f 86/86/86 85/85/85 81/81/81
f 86/86/86 81/81/81 80/80/80
f 86/86/86 87/87/87 85/85/85
f 86/86/86 80/80/80 87/87/87
f 87/87/87 88/88/88 85/85/85
f 87/87/87 89/89/89 88/88/88
f 89/89/89 90/90/90 79/79/79
f 79/79/79 90/90/90 80/80/80
f 80/80/80 90/90/90 87/87/87
f 87/87/87 90/90/90 89/89/89
f 93/93/93 92/92/92 91/91/91
f 96/96/96 95/95/95 94/94/94
f 99/99/99 98/98/98 97/97/97
f 100/100/100 99/99/99 97/97/97
f 101/101/101 99/99/99 100/100/100
f 102/102/102 101/101/101 100/100/100
f 103/103/103 101/101/101 102/102/102
f 104/104/104 103/103/103 102/102/102
f 105/105/105 103/103/103 104/104/104
f 106/106/106 105/105/105 104/104/104
f 109/109/109 108/108/108 107/107/107
f 108/108/108 110/110/110 107/107/107
f 107/107/107 110/110/110 111/111/111
f 110/110/110 112/112/112 111/111/111
f 111/111/111 112/112/112 113/113/113
f 112/112/112 114/114/114 113/113/113
f 113/113/113 114/114/114 115/115/115
f 114/114/114 116/116/116 115/115/115
f 119/119/119 118/118/118 117/117/117
f 118/118/118 120/120/120 117/117/117
f 117/117/117 120/120/120 121/121/121
f 118/118/118 122/122/122 120/120/120
f 120/120/120 123/123/123 121/121/121
f 121/121/121 123/123/123 124/124/124
f 122/122/122 125/125/125 120/120/120
f 120/120/120 125/125/125 123/123/123
f 122/122/122 126/126/126 125/125/125
f 126/126/126 127/127/127 125/125/125
f 125/125/125 127/127/127 128/128/128
f 125/125/125 128/128/128 123/123/123
f 127/127/127 129/129/129 128/128/128
f 123/123/123 130/130/130 124/124/124
f 123/123/123 128/128/128 130/130/130
f 124/124/124 130/130/130 131/131/131
f 130/130/130 132/132/132 131/131/131
f 128/128/128 129/129/129 133/133/133
f 128/128/128 133/133/133 130/130/130
f 130/130/130 133/133/133 132/132/132
f 129/129/129 134/134/134 133/133/133
f 133/133/133 135/135/135 132/132/132
f 133/133/133 134/134/134 135/135/135
f 134/134/134 136/136/136 135/135/135
f 139/139/139 138/138/138 137/137/137
f 138/138/138 140/140/140 137/137/137
f 137/137/137 140/140/140 141/141/141
f 138/138/138 142/142/142 140/140/140
f 140/140/140 143/143/143 141/141/141
f 141/141/141 143/143/143 144/144/144
f 142/142/142 145/145/145 140/140/140
f 140/140/140 145/145/145 143/143/143
f 142/142/142 146/146/146 145/145/145
f 146/146/146 147/147/147 145/145/145
f 145/145/145 147/147/147 148/148/148
f 145/145/145 148/148/148 143/143/143
f 147/147/147 149/149/149 148/148/148
f 143/143/143 150/150/150 144/144/144
f 143/143/143 148/148/148 150/150/150
f 144/144/144 150/150/150 151/151/151
f 150/150/150 152/152/152 151/151/151
f 148/148/148 149/149/149 153/153/153
f 148/148/148 153/153/153 150/150/150
f 150/150/150 153/153/153 152/152/152
f 149/149/149 154/154/154 153/153/153
f 153/153/153 155/155/155 152/152/152
f 153/153/153 154/154/154 155/155/155
f 154/154/154 156/156/156 155/155/155
f 159/159/159 158/158/158 157/157/157
f 160/160/160 159/159/159 157/157/157
f 161/161/161 159/159/159 160/160/160
f 162/162/162 161/161/161 160/160/160
f 163/163/163 161/161/161 162/162/162
f 164/164/164 163/163/163 162/162/162
f 165/165/165 163/163/163 164/164/164
f 166/166/166 165/165/165 164/164/164
f 169/169/169 168/168/168 167/167/167
f 168/168/168 170/170/170 167/167/167
f 167/167/167 170/170/170 171/171/171
f 170/170/170 172/172/172 171/171/171
f 171/171/171 172/172/172 173/173/173
f 172/172/172 174/174/174 173/173/173
f 173/173/173 174/174/174 175/175/175
f 174/174/174 176/176/176 175/175/175
f 179/179/179 178/178/178 177/177/177
f 178/178/178 180/180/180 177/177/177
f 177/177/177 180/180/180 181/181/181
f 178/178/178 182/182/182 180/180/180
f 180/180/180 183/183/183 181/181/181
f 181/181/181 183/183/183 184/184/184
f 182/182/182 185/185/185 180/180/180
f 180/180/180 185/185/185 183/183/183
f 182/182/182 186/186/186 185/185/185
f 186/186/186 187/187/187 185/185/185
f 185/185/185 187/187/187 188/188/188
f 185/185/185 188/188/188 183/183/183
f 187/187/187 189/189/189 188/188/188
f 183/183/183 190/190/190 184/184/184
f 183/183/183 188/188/188 190/190/190
f 184/184/184 190/190/190 191/191/191
f 190/190/190 192/192/192 191/191/191
f 188/188/188 189/189/189 193/193/193
f 188/188/188 193/193/193 190/190/190
f 190/190/190 193/193/193 192/192/192
f 189/189/189 194/194/194 193/193/193
f 193/193/193 195/195/195 192/192/192
f 193/193/193 194/194/194 195/195/195
f 194/194/194 196/196/196 195/195/195
f 199/199/199 198/198/198 197/197/197
f 198/198/198 200/200/200 197/197/197
f 197/197/197 200/200/200 201/201/201
f 198/198/198 202/202/202 200/200/200
f 200/200/200 203/203/203 201/201/201
f 201/201/201 203/203/203 204/204/204
f 202/202/202 205/205/205 200/200/200
f 200/200/200 205/205/205 203/203/203
f 202/202/202 206/206/206 205/205/205
f 206/206/206 207/207/207 205/205/205
f 205/205/205 207/207/207 208/208/208
f 205/205/205 208/208/208 203/203/203
f 207/207/207 209/209/209 208/208/208
f 203/203/203 210/210/210 204/204/204
f 203/203/203 208/208/208 210/210/210
f 204/204/204 210/210/210 211/211/211
f 210/210/210 212/212/212 211/211/211
f 208/208/208 209/209/209 213/213/213
f 208/208/208 213/213/213 210/210/210
f 210/210/210 213/213/213 212/212/212
f 209/209/209 214/214/214 213/213/213
f 213/213/213 215/215/215 212/212/212
f 213/213/213 214/214/214 215/215/215
f 214/214/214 216/216/216 215/215/215
f 219/219/219 218/218/218 217/217/217
f 220/220/220 219/219/219 217/217/217
f 223/223/223 222/222/222 221/221/221
f 224/224/224 223/223/223 221/221/221
f 227/227/227 226/226/226 225/225/225
f 228/228/228 227/227/227 225/225/225
f 231/231/231 230/230/230 229/229/229
f 232/232/232 231/231/231 229/229/229
f 235/235/235 234/234/234 233/233/233
f 236/236/236 235/235/235 233/233/233
f 239/239/239 238/238/238 237/237/237
f 240/240/240 239/239/239 237/237/237
f 243/243/243 242/242/242 241/241/241
f 244/244/244 243/243/243 241/241/241
f 247/247/247 246/246/246 245/245/245
f 248/248/248 247/247/247 245/245/245
f 251/251/251 250/250/250 249/249/249
f 252/252/252 251/251/251 249/249/249
f 255/255/255 254/254/254 253/253/253
f 256/256/256 255/255/255 253/253/253
f 259/259/259 258/258/258 257/257/257
f 260/260/260 259/259/259 257/257/257
f 263/263/263 262/262/262 261/261/261
f 264/264/264 263/263/263 261/261/261
f 267/267/267 266/266/266 265/265/265
f 268/268/268 267/267/267 265/265/265
f 271/271/271 270/270/270 269/269/269
f 272/272/272 271/271/271 269/269/269
f 275/275/275 274/274/274 273/273/273
f 276/276/276 275/275/275 273/273/273
f 279/279/279 278/278/278 277/277/277
f 280/280/280 279/279/279 277/277/277
f 283/283/283 282/282/282 281/281/281
f 284/284/284 283/283/283 281/281/281
f 287/287/287 286/286/286 285/285/285
f 288/288/288 287/287/287 285/285/285
f 291/291/291 290/290/290 289/289/289
f 292/292/292 291/291/291 289/289/289
f 295/295/295 294/294/294 293/293/293
f 296/296/296 295/295/295 293/293/293
f 299/299/299 298/298/298 297/297/297
f 300/300/300 299/299/299 297/297/297
f 303/303/303 302/302/302 301/301/301
f 304/304/304 303/303/303 301/301/301
f 307/307/307 306/306/306 305/305/305
f 308/308/308 307/307/307 305/305/305
f 311/311/311 310/310/310 309/309/309
f 312/312/312 311/311/311 309/309/309
f 315/315/315 314/314/314 313/313/313
f 316/316/316 315/315/315 313/313/313
f 319/319/319 318/318/318 317/317/317
f 320/320/320 319/319/319 317/317/317
f 323/323/323 322/322/322 321/321/321
f 324/324/324 323/323/323 321/321/321
f 327/327/327 326/326/326 325/325/325
f 328/328/328 327/327/327 325/325/325
f 331/331/331 330/330/330 329/329/329
f 332/332/332 331/331/331 329/329/329
f 335/335/335 334/334/334 333/333/333
f 336/336/336 335/335/335 333/333/333
f 339/339/339 338/338/338 337/337/337
f 340/340/340 339/339/339 337/337/337
f 343/343/343 342/342/342 341/341/341
f 344/344/344 343/343/343 341/341/341
f 347/347/347 346/346/346 345/345/345
f 348/348/348 347/347/347 345/345/345
f 351/351/351 350/350/350 349/349/349
f 352/352/352 351/351/351 349/349/349
f 355/355/355 354/354/354 353/353/353
f 356/356/356 355/355/355 353/353/353
f 356/356/356 357/357/357 355/355/355
f 357/357/357 358/358/358 355/355/355
f 358/358/358 359/359/359 355/355/355
f 355/355/355 359/359/359 360/360/360
f 359/359/359 361/361/361 360/360/360
f 360/360/360 361/361/361 362/362/362
f 361/361/361 363/363/363 362/362/362
f 360/360/360 362/362/362 364/364/364
f 362/362/362 365/365/365 364/364/364
f 368/368/368 367/367/367 366/366/366
f 369/369/369 368/368/368 366/366/366
f 368/368/368 369/369/369 370/370/370
f 369/369/369 371/371/371 370/370/370
f 374/374/374 373/373/373 372/372/372
f 373/373/373 375/375/375 372/372/372
f 372/372/372 375/375/375 376/376/376
f 375/375/375 377/377/377 376/376/376
f 377/377/377 375/375/375 378/378/378
f 375/375/375 379/379/379 378/378/378
f 375/375/375 373/373/373 379/379/379
f 373/373/373 380/380/380 379/379/379
f 383/383/383 382/382/382 381/381/381
f 384/384/384 383/383/383 381/381/381
f 384/384/384 385/385/385 383/383/383
f 385/385/385 386/386/386 383/383/383
f 385/385/385 384/384/384 387/387/387
f 386/386/386 385/385/385 388/388/388
f 389/389/389 385/385/385 387/387/387
f 389/389/389 387/387/387 390/390/390
f 389/389/389 390/390/390 391/391/391
f 389/389/389 391/391/391 392/392/392
f 393/393/393 389/389/389 392/392/392
f 389/389/389 393/393/393 394/394/394
f 395/395/395 389/389/389 394/394/394
f 396/396/396 389/389/389 395/395/395
f 397/397/397 389/389/389 396/396/396
f 385/385/385 389/389/389 397/397/397
f 398/398/398 385/385/385 397/397/397
f 385/385/385 398/398/398 388/388/388
f 388/388/388 398/398/398 399/399/399
f 400/400/400 388/388/388 399/399/399
f 403/403/403 402/402/402 401/401/401
f 401/401/401 402/402/402 404/404/404
f 401/401/401 404/404/404 405/405/405
f 404/404/404 406/406/406 405/405/405
f 406/406/406 407/407/407 405/405/405
f 402/402/402 408/408/408 404/404/404
f 408/408/408 402/402/402 409/409/409
f 408/408/408 410/410/410 404/404/404
f 408/408/408 409/409/409 411/411/411
f 408/408/408 411/411/411 410/410/410
f 410/410/410 412/412/412 404/404/404
f 412/412/412 413/413/413 404/404/404
f 413/413/413 412/412/412 414/414/414
f 412/412/412 415/415/415 414/414/414
f 416/416/416 412/412/412 410/410/410
f 411/411/411 416/416/416 410/410/410
f 417/417/417 416/416/416 411/411/411
f 418/418/418 417/417/417 411/411/411
f 418/418/418 411/411/411 419/419/419
f 411/411/411 409/409/409 419/419/419
f 409/409/409 420/420/420 419/419/419
f 420/420/420 409/409/409 421/421/421
f 422/422/422 421/421/421 409/409/409
f 423/423/423 422/422/422 409/409/409
f 423/423/423 424/424/424 422/422/422
f 424/424/424 425/425/425 422/422/422
f 425/425/425 426/426/426 422/422/422
f 426/426/426 427/427/427 422/422/422
f 422/422/422 427/427/427 421/421/421
f 428/428/428 427/427/427 426/426/426
f 421/421/421 427/427/427 428/428/428
f 429/429/429 428/428/428 426/426/426
f 430/430/430 428/428/428 429/429/429
f 431/431/431 430/430/430 420/420/420
f 431/431/431 420/420/420 421/421/421
f 431/431/431 421/421/421 428/428/428
f 431/431/431 428/428/428 430/430/430
f 434/434/434 433/433/433 432/432/432
f 435/435/435 434/434/434 432/432/432
f 436/436/436 434/434/434 435/435/435
f 437/437/437 435/435/435 432/432/432
f 438/438/438 437/437/437 432/432/432
f 439/439/439 436/436/436 435/435/435
f 439/439/439 440/440/440 436/436/436
f 440/440/440 441/441/441 436/436/436
f 442/442/442 436/436/436 441/441/441
f 441/441/441 443/443/443 442/442/442
f 444/444/444 438/438/438 432/432/432
f 442/442/442 443/443/443 445/445/445
f 443/443/443 446/446/446 445/445/445
f 446/446/446 447/447/447 445/445/445
f 447/447/447 448/448/448 445/445/445
f 447/447/447 449/449/449 448/448/448
f 447/447/447 450/450/450 449/449/449
f 450/450/450 451/451/451 449/449/449
f 438/438/438 444/444/444 452/452/452
f 453/453/453 451/451/451 450/450/450
f 454/454/454 453/453/453 450/450/450
f 455/455/455 451/451/451 453/453/453
f 456/456/456 455/455/455 453/453/453
f 457/457/457 456/456/456 453/453/453
f 458/458/458 457/457/457 453/453/453
f 457/457/457 458/458/458 459/459/459
f 444/444/444 460/460/460 452/452/452
f 461/461/461 452/452/452 460/460/460
f 461/461/461 460/460/460 462/462/462
f 461/461/461 462/462/462 463/463/463
f 460/460/460 464/464/464 462/462/462
f 460/460/460 444/444/444 464/464/464
f 444/444/444 465/465/465 464/464/464
f 462/462/462 466/466/466 463/463/463
f 465/465/465 444/444/444 467/467/467
f 459/459/459 465/465/465 467/467/467
f 468/468/468 459/459/459 467/467/467
f 469/469/469 468/468/468 467/467/467
f 463/463/463 466/466/466 470/470/470
f 463/463/463 470/470/470 471/471/471
f 471/471/471 472/472/472 463/463/463
f 471/471/471 473/473/473 472/472/472
f 473/473/473 474/474/474 472/472/472
f 475/475/475 474/474/474 473/473/473
f 476/476/476 475/475/475 473/473/473
f 477/477/477 476/476/476 473/473/473
f 478/478/478 477/477/477 473/473/473
f 478/478/478 473/473/473 479/479/479
f 473/473/473 471/471/471 479/479/479
f 479/479/479 471/471/471 480/480/480
f 470/470/470 480/480/480 471/471/471
f 481/481/481 480/480/480 470/470/470
f 481/481/481 482/482/482 480/480/480
f 482/482/482 483/483/483 480/480/480
f 484/484/484 483/483/483 482/482/482
f 485/485/485 484/484/484 482/482/482
f 486/486/486 483/483/483 484/484/484
f 487/487/487 484/484/484 485/485/485
f 484/484/484 487/487/487 486/486/486
f 488/488/488 487/487/487 485/485/485
f 487/487/487 489/489/489 486/486/486
f 487/487/487 488/488/488 490/490/490
f 489/489/489 487/487/487 491/491/491
f 492/492/492 489/489/489 491/491/491
f 488/488/488 493/493/493 490/490/490
f 494/494/494 492/492/492 491/491/491
f 493/493/493 495/495/495 490/490/490
f 495/495/495 496/496/496 490/490/490
f 497/497/497 494/494/494 491/491/491
f 498/498/498 497/497/497 491/491/491
f 497/497/497 499/499/499 494/494/494
f 499/499/499 500/500/500 494/494/494
f 501/501/501 500/500/500 499/499/499
f 502/502/502 501/501/501 499/499/499
f 499/499/499 503/503/503 502/502/502
f 504/504/504 502/502/502 503/503/503
f 504/504/504 503/503/503 505/505/505
f 506/506/506 504/504/504 505/505/505
f 507/507/507 506/506/506 505/505/505
f 508/508/508 507/507/507 505/505/505
f 509/509/509 507/507/507 508/508/508
f 510/510/510 507/507/507 509/509/509
f 511/511/511 510/510/510 509/509/509
f 511/511/511 512/512/512 510/510/510
f 512/512/512 513/513/513 510/510/510
f 511/511/511 514/514/514 512/512/512
f 514/514/514 515/515/515 512/512/512
f 515/515/515 516/516/516 512/512/512
f 516/516/516 517/517/517 512/512/512
f 493/493/493 517/517/517 516/516/516
f 520/520/520 519/519/519 518/518/518
f 519/519/519 521/521/521 518/518/518
f 522/522/522 521/521/521 519/519/519
f 523/523/523 522/522/522 519/519/519
f 524/524/524 522/522/522 523/523/523
f 523/523/523 525/525/525 524/524/524
f 525/525/525 526/526/526 524/524/524
f 525/525/525 527/527/527 526/526/526
f 527/527/527 528/528/528 526/526/526
f 529/529/529 528/528/528 527/527/527
f 530/530/530 529/529/529 527/527/527
f 531/531/531 529/529/529 530/530/530
f 532/532/532 531/531/531 530/530/530
f 533/533/533 531/531/531 532/532/532
f 534/534/534 533/533/533 532/532/532
f 535/535/535 533/533/533 534/534/534
f 536/536/536 535/535/535 534/534/534
f 537/537/537 535/535/535 536/536/536
f 537/537/537 538/538/538 535/535/535
f 538/538/538 539/539/539 535/535/535
f 540/540/540 539/539/539 538/538/538
f 541/541/541 540/540/540 538/538/538
f 541/541/541 542/542/542 540/540/540
f 542/542/542 543/543/543 540/540/540
f 543/543/543 544/544/544 540/540/540
f 547/547/547 546/546/546 545/545/545
f 546/546/546 548/548/548 545/545/545
f 548/548/548 546/546/546 549/549/549
f 550/550/550 548/548/548 549/549/549
f 551/551/551 550/550/550 549/549/549
f 552/552/552 551/551/551 549/549/549
f 552/552/552 553/553/553 551/551/551
f 553/553/553 554/554/554 551/551/551
f 557/557/557 556/556/556 555/555/555
f 558/558/558 557/557/557 555/555/555
f 558/558/558 559/559/559 557/557/557
f 559/559/559 560/560/560 557/557/557
f 557/557/557 560/560/560 561/561/561
f 560/560/560 562/562/562 561/561/561
f 562/562/562 563/563/563 561/561/561
f 561/561/561 563/563/563 564/564/564
f 565/565/565 561/561/561 564/564/564
f 564/564/564 566/566/566 565/565/565
f 565/565/565 566/566/566 567/567/567
f 566/566/566 568/568/568 567/567/567
f 567/567/567 568/568/568 569/569/569
f 568/568/568 570/570/570 569/569/569
f 569/569/569 570/570/570 571/571/571
f 570/570/570 572/572/572 571/571/571
f 571/571/571 572/572/572 573/573/573
f 572/572/572 574/574/574 573/573/573
f 573/573/573 574/574/574 575/575/575
f 576/576/576 573/573/573 575/575/575
f 577/577/577 576/576/576 575/575/575
f 578/578/578 577/577/577 575/575/575
f 578/578/578 579/579/579 577/577/577
f 579/579/579 580/580/580 577/577/577
f 579/579/579 581/581/581 580/580/580
f 581/581/581 582/582/582 580/580/580
f 581/581/581 583/583/583 582/582/582
f 583/583/583 584/584/584 582/582/582
f 583/583/583 585/585/585 584/584/584
f 585/585/585 586/586/586 584/584/584
f 585/585/585 587/587/587 586/586/586
f 588/588/588 586/586/586 587/587/587
f 589/589/589 588/588/588 587/587/587
f 589/589/589 590/590/590 588/588/588
f 590/590/590 591/591/591 588/588/588
f 591/591/591 592/592/592 588/588/588
f 591/591/591 593/593/593 592/592/592
f 593/593/593 594/594/594 592/592/592
f 592/592/592 594/594/594 595/595/595
f 596/596/596 592/592/592 595/595/595
f 599/599/599 598/598/598 597/597/597
f 600/600/600 599/599/599 597/597/597
f 599/599/599 600/600/600 601/601/601
f 600/600/600 602/602/602 601/601/601
f 602/602/602 600/600/600 603/603/603
f 600/600/600 604/604/604 603/603/603
f 604/604/604 600/600/600 597/597/597
f 605/605/605 604/604/604 597/597/597
f 608/608/608 607/607/607 606/606/606
f 609/609/609 608/608/608 606/606/606
f 612/612/612 611/611/611 610/610/610
f 613/613/613 612/612/612 610/610/610
f 613/613/613 614/614/614 612/612/612
f 614/614/614 615/615/615 612/612/612
f 616/616/616 612/612/612 615/615/615
f 617/617/617 616/616/616 615/615/615
f 617/617/617 618/618/618 616/616/616
f 618/618/618 619/619/619 616/616/616
f 619/619/619 621/621/621 620/620/620
f 620/620/620 621/621/621 622/622/622
f 621/621/621 623/623/623 622/622/622
f 626/626/626 625/625/625 624/624/624
f 627/627/627 626/626/626 624/624/624
f 630/630/630 629/629/629 628/628/628
f 629/629/629 631/631/631 628/628/628
f 632/632/632 631/631/631 629/629/629
f 633/633/633 632/632/632 629/629/629
f 634/634/634 633/633/633 629/629/629
f 634/634/634 629/629/629 635/635/635
f 636/636/636 634/634/634 635/635/635
f 636/636/636 635/635/635 637/637/637
f 638/638/638 636/636/636 637/637/637
f 637/637/637 635/635/635 639/639/639
f 640/640/640 637/637/637 639/639/639
f 643/643/643 642/642/642 641/641/641
f 642/642/642 644/644/644 641/641/641
f 644/644/644 642/642/642 645/645/645
f 642/642/642 646/646/646 645/645/645
f 649/649/649 648/648/648 647/647/647
f 648/648/648 650/650/650 647/647/647
f 650/650/650 648/648/648 651/651/651
f 648/648/648 652/652/652 651/651/651
f 655/655/655 654/654/654 653/653/653
f 656/656/656 655/655/655 653/653/653
f 659/659/659 658/658/658 657/657/657
f 660/660/660 659/659/659 657/657/657
f 660/660/660 657/657/657 661/661/661
f 662/662/662 659/659/659 660/660/660
f 663/663/663 660/660/660 661/661/661
f 662/662/662 660/660/660 663/663/663
f 663/663/663 661/661/661 664/664/664
f 662/662/662 663/663/663 665/665/665
f 665/665/665 663/663/663 664/664/664
f 665/665/665 664/664/664 666/666/666
f 662/662/662 665/665/665 667/667/667
f 667/667/667 665/665/665 666/666/666
f 662/662/662 667/667/667 668/668/668
f 667/667/667 666/666/666 669/669/669
f 668/668/668 667/667/667 669/669/669
f 668/668/668 669/669/669 670/670/670
f 671/671/671 668/668/668 670/670/670
f 662/662/662 668/668/668 671/671/671
f 662/662/662 673/673/673 672/672/672
f 672/672/672 673/673/673 674/674/674
f 673/673/673 675/675/675 674/674/674
f 673/673/673 676/676/676 675/675/675
f 662/662/662 676/676/676 673/673/673
f 676/676/676 677/677/677 675/675/675
f 676/676/676 678/678/678 677/677/677
f 662/662/662 678/678/678 676/676/676
f 678/678/678 679/679/679 677/677/677
f 678/678/678 680/680/680 679/679/679
f 662/662/662 680/680/680 678/678/678
f 680/680/680 681/681/681 679/679/679
f 662/662/662 682/682/682 680/680/680
f 680/680/680 682/682/682 681/681/681
f 662/662/662 683/683/683 682/682/682
f 682/682/682 684/684/684 681/681/681
f 682/682/682 683/683/683 684/684/684
f 683/683/683 685/685/685 684/684/684
f 688/688/688 687/687/687 686/686/686
f 689/689/689 688/688/688 686/686/686
f 689/689/689 690/690/690 688/688/688
f 690/690/690 691/691/691 688/688/688
f 690/690/690 692/692/692 691/691/691
f 693/693/693 691/691/691 692/692/692
f 694/694/694 693/693/693 692/692/692
f 695/695/695 693/693/693 694/694/694
f 696/696/696 695/695/695 694/694/694
f 696/696/696 697/697/697 695/695/695
f 697/697/697 698/698/698 695/695/695
f 697/697/697 699/699/699 698/698/698
f 699/699/699 700/700/700 698/698/698
f 699/699/699 701/701/701 700/700/700
f 701/701/701 702/702/702 700/700/700
f 701/701/701 703/703/703 702/702/702
f 703/703/703 704/704/704 702/702/702
f 703/703/703 705/705/705 704/704/704
f 706/706/706 705/705/705 703/703/703
f 707/707/707 706/706/706 703/703/703
f 707/707/707 708/708/708 706/706/706
f 708/708/708 709/709/709 706/706/706
f 710/710/710 709/709/709 708/708/708
f 711/711/711 710/710/710 708/708/708
f 712/712/712 711/711/711 708/708/708
f 715/715/715 714/714/714 713/713/713
f 716/716/716 715/715/715 713/713/713
f 719/719/719 718/718/718 717/717/717
f 718/718/718 720/720/720 717/717/717
f 721/721/721 720/720/720 718/718/718
f 722/722/722 721/721/721 718/718/718
f 718/718/718 723/723/723 722/722/722
f 723/723/723 724/724/724 722/722/722
f 725/725/725 724/724/724 723/723/723
f 726/726/726 725/725/725 723/723/723
f 728/728/728 726/726/726 727/727/727
f 728/728/728 727/727/727 729/729/729
f 730/730/730 728/728/728 729/729/729
f 733/733/733 732/732/732 731/731/731
f 734/734/734 733/733/733 731/731/731
f 737/737/737 736/736/736 735/735/735
f 738/738/738 737/737/737 735/735/735
f 741/741/741 740/740/740 739/739/739
f 742/742/742 741/741/741 739/739/739
f 745/745/745 744/744/744 743/743/743
f 746/746/746 745/745/745 743/743/743
f 749/749/749 748/748/748 747/747/747
f 750/750/750 749/749/749 747/747/747
f 753/753/753 752/752/752 751/751/751
f 754/754/754 753/753/753 751/751/751
f 757/757/757 756/756/756 755/755/755
f 758/758/758 757/757/757 755/755/755
f 761/761/761 760/760/760 759/759/759
f 762/762/762 761/761/761 759/759/759
f 765/765/765 764/764/764 763/763/763
f 766/766/766 765/765/765 763/763/763
f 766/766/766 767/767/767 765/765/765
f 767/767/767 768/768/768 765/765/765
f 771/771/771 770/770/770 769/769/769
f 772/772/772 771/771/771 769/769/769
f 772/772/772 773/773/773 771/771/771
f 773/773/773 774/774/774 771/771/771
f 777/777/777 776/776/776 775/775/775
f 778/778/778 777/777/777 775/775/775
f 777/777/777 778/778/778 779/779/779
f 778/778/778 780/780/780 779/779/779
f 780/780/780 781/781/781 779/779/779
f 781/781/781 782/782/782 779/779/779
f 785/785/785 784/784/784 783/783/783
f 786/786/786 785/785/785 783/783/783
f 789/789/789 788/788/788 787/787/787
f 790/790/790 789/789/789 787/787/787
f 793/793/793 792/792/792 791/791/791
f 794/794/794 793/793/793 791/791/791
f 797/797/797 796/796/796 795/795/795
f 798/798/798 797/797/797 795/795/795
f 801/801/801 800/800/800 799/799/799
f 802/802/802 801/801/801 799/799/799
f 805/805/805 804/804/804 803/803/803
f 806/806/806 805/805/805 803/803/803
f 809/809/809 808/808/808 807/807/807
f 810/810/810 809/809/809 807/807/807
f 813/813/813 812/812/812 811/811/811
f 812/812/812 814/814/814 811/811/811
f 815/815/815 814/814/814 812/812/812
f 816/816/816 815/815/815 812/812/812
f 819/819/819 818/818/818 817/817/817
f 818/818/818 820/820/820 817/817/817
f 821/821/821 820/820/820 818/818/818
f 822/822/822 821/821/821 818/818/818
f 823/823/823 822/822/822 818/818/818
f 826/826/826 825/825/825 824/824/824
f 827/827/827 826/826/826 824/824/824
f 830/830/830 829/829/829 828/828/828
f 829/829/829 831/831/831 828/828/828
f 832/832/832 831/831/831 829/829/829
f 833/833/833 831/831/831 832/832/832
f 834/834/834 833/833/833 832/832/832
f 837/837/837 836/836/836 835/835/835
f 838/838/838 837/837/837 835/835/835
f 841/841/841 840/840/840 839/839/839
f 842/842/842 841/841/841 839/839/839
f 845/845/845 844/844/844 843/843/843
f 846/846/846 845/845/845 843/843/843
f 845/845/845 846/846/846 847/847/847
f 846/846/846 848/848/848 847/847/847
f 846/846/846 843/843/843 849/849/849
f 848/848/848 846/846/846 849/849/849
f 843/843/843 850/850/850 849/849/849
f 851/851/851 848/848/848 849/849/849
f 854/854/854 853/853/853 852/852/852
f 855/855/855 854/854/854 852/852/852
f 855/855/855 852/852/852 856/856/856
f 852/852/852 857/857/857 856/856/856
f 856/856/856 857/857/857 858/858/858
f 856/856/856 858/858/858 859/859/859
f 860/860/860 856/856/856 859/859/859
f 863/863/863 862/862/862 861/861/861
f 864/864/864 863/863/863 861/861/861
f 865/865/865 863/863/863 864/864/864
f 866/866/866 865/865/865 864/864/864
f 865/865/865 866/866/866 867/867/867
f 868/868/868 865/865/865 867/867/867
f 868/868/868 867/867/867 869/869/869
f 870/870/870 868/868/868 869/869/869
f 873/873/873 872/872/872 871/871/871
f 874/874/874 873/873/873 871/871/871
f 875/875/875 874/874/874 871/871/871
f 876/876/876 875/875/875 871/871/871
f 877/877/877 875/875/875 876/876/876
f 878/878/878 877/877/877 876/876/876
f 877/877/877 878/878/878 879/879/879
f 873/873/873 874/874/874 880/880/880
f 874/874/874 875/875/875 880/880/880
f 881/881/881 873/873/873 880/880/880
f 875/875/875 882/882/882 880/880/880
f 875/875/875 877/877/877 882/882/882
f 877/877/877 883/883/883 882/882/882
f 883/883/883 877/877/877 884/884/884
f 885/885/885 877/877/877 879/879/879
f 877/877/877 885/885/885 884/884/884
f 885/885/885 879/879/879 886/886/886
f 884/884/884 885/885/885 887/887/887
f 888/888/888 885/885/885 886/886/886
f 885/885/885 888/888/888 887/887/887
f 888/888/888 886/886/886 889/889/889
f 887/887/887 888/888/888 890/890/890
f 891/891/891 888/888/888 889/889/889
f 888/888/888 891/891/891 890/890/890
f 891/891/891 889/889/889 892/892/892
f 890/890/890 891/891/891 893/893/893
f 894/894/894 891/891/891 892/892/892
f 891/891/891 894/894/894 893/893/893
f 892/892/892 895/895/895 894/894/894
f 896/896/896 893/893/893 894/894/894
f 895/895/895 897/897/897 894/894/894
f 897/897/897 896/896/896 894/894/894
f 895/895/895 898/898/898 897/897/897
f 899/899/899 896/896/896 897/897/897
f 898/898/898 900/900/900 897/897/897
f 900/900/900 899/899/899 897/897/897
f 900/900/900 898/898/898 901/901/901
f 899/899/899 900/900/900 902/902/902
f 903/903/903 900/900/900 901/901/901
f 900/900/900 903/903/903 902/902/902
f 906/906/906 905/905/905 904/904/904
f 907/907/907 906/906/906 904/904/904
f 906/906/906 907/907/907 908/908/908
f 909/909/909 906/906/906 908/908/908
f 912/912/912 911/911/911 910/910/910
f 913/913/913 912/912/912 910/910/910
f 916/916/916 915/915/915 914/914/914
f 917/917/917 916/916/916 914/914/914
f 920/920/920 919/919/919 918/918/918
f 919/919/919 921/921/921 918/918/918
f 918/918/918 921/921/921 922/922/922
f 923/923/923 918/918/918 922/922/922
f 923/923/923 922/922/922 924/924/924
f 924/924/924 922/922/922 925/925/925
f 922/922/922 926/926/926 925/925/925
f 929/929/929 928/928/928 927/927/927
f 929/929/929 927/927/927 930/930/930
f 927/927/927 931/931/931 930/930/930
f 931/931/931 932/932/932 930/930/930
f 929/929/929 930/930/930 933/933/933
f 934/934/934 929/929/929 933/933/933
f 934/934/934 933/933/933 935/935/935
f 933/933/933 936/936/936 935/935/935
f 933/933/933 937/937/937 936/936/936
f 937/937/937 933/933/933 938/938/938
f 938/938/938 933/933/933 939/939/939
f 933/933/933 940/940/940 939/939/939
f 941/941/941 940/940/940 933/933/933
f 930/930/930 941/941/941 933/933/933
f 932/932/932 941/941/941 930/930/930
f 932/932/932 942/942/942 941/941/941
f 945/945/945 944/944/944 943/943/943
f 946/946/946 945/945/945 943/943/943
f 949/949/949 948/948/948 947/947/947
f 950/950/950 949/949/949 947/947/947
f 953/953/953 952/952/952 951/951/951
f 954/954/954 953/953/953 951/951/951
f 957/957/957 956/956/956 955/955/955
f 958/958/958 957/957/957 955/955/955
f 961/961/961 960/960/960 959/959/959
f 960/960/960 962/962/962 959/959/959
f 963/963/963 959/959/959 962/962/962
f 964/964/964 963/963/963 962/962/962
f 967/967/967 966/966/966 965/965/965
f 968/968/968 967/967/967 965/965/965
f 969/969/969 967/967/967 968/968/968
f 970/970/970 969/969/969 968/968/968
f 973/973/973 972/972/972 971/971/971
f 972/972/972 974/974/974 971/971/971
f 975/975/975 974/974/974 972/972/972
f 976/976/976 975/975/975 972/972/972
f 975/975/975 976/976/976 977/977/977
f 976/976/976 978/978/978 977/977/977
f 981/981/981 980/980/980 979/979/979
f 982/982/982 981/981/981 979/979/979
f 985/985/985 984/984/984 983/983/983
f 984/984/984 986/986/986 983/983/983
f 986/986/986 987/987/987 983/983/983
f 987/987/987 988/988/988 983/983/983
f 990/990/990 989/989/989 983/983/983
f 989/989/989 991/991/991 983/983/983
f 994/994/994 993/993/993 992/992/992
f 994/994/994 995/995/995 993/993/993
f 994/994/994 996/996/996 995/995/995
f 994/994/994 997/997/997 996/996/996
f 994/994/994 999/999/999 998/998/998
f 994/994/994 1000/1000/1000 999/999/999
f 1003/1003/1003 1002/1002/1002 1001/1001/1001
f 1004/1004/1004 1003/1003/1003 1001/1001/1001
f 1007/1007/1007 1006/1006/1006 1005/1005/1005
f 1006/1006/1006 1008/1008/1008 1005/1005/1005
f 1009/1009/1009 1008/1008/1008 1006/1006/1006
f 1010/1010/1010 1009/1009/1009 1006/1006/1006
f 1009/1009/1009 1010/1010/1010 1011/1011/1011
f 1012/1012/1012 1009/1009/1009 1011/1011/1011
f 1012/1012/1012 1011/1011/1011 1013/1013/1013
f 1011/1011/1011 1014/1014/1014 1013/1013/1013
f 1017/1017/1017 1016/1016/1016 1015/1015/1015
f 1018/1018/1018 1017/1017/1017 1015/1015/1015
f 1021/1021/1021 1020/1020/1020 1019/1019/1019
f 1020/1020/1020 1022/1022/1022 1019/1019/1019
f 1023/1023/1023 1022/1022/1022 1020/1020/1020
f 1024/1024/1024 1023/1023/1023 1020/1020/1020
f 1023/1023/1023 1024/1024/1024 1025/1025/1025
f 1026/1026/1026 1023/1023/1023 1025/1025/1025
f 1026/1026/1026 1025/1025/1025 1027/1027/1027
f 1025/1025/1025 1028/1028/1028 1027/1027/1027
f 1031/1031/1031 1030/1030/1030 1029/1029/1029
f 1032/1032/1032 1031/1031/1031 1029/1029/1029
f 1035/1035/1035 1034/1034/1034 1033/1033/1033
f 1036/1036/1036 1035/1035/1035 1033/1033/1033
f 1039/1039/1039 1038/1038/1038 1037/1037/1037
f 1040/1040/1040 1039/1039/1039 1037/1037/1037
f 1043/1043/1043 1042/1042/1042 1041/1041/1041
f 1044/1044/1044 1043/1043/1043 1041/1041/1041
f 1047/1047/1047 1046/1046/1046 1045/1045/1045
f 1048/1048/1048 1047/1047/1047 1045/1045/1045
f 1051/1051/1051 1050/1050/1050 1049/1049/1049
f 1052/1052/1052 1051/1051/1051 1049/1049/1049
f 1052/1052/1052 1053/1053/1053 1051/1051/1051
f 1053/1053/1053 1054/1054/1054 1051/1051/1051
f 1057/1057/1057 1056/1056/1056 1055/1055/1055
f 1058/1058/1058 1057/1057/1057 1055/1055/1055
f 1058/1058/1058 1059/1059/1059 1057/1057/1057
f 1059/1059/1059 1060/1060/1060 1057/1057/1057
f 1060/1060/1060 1061/1061/1061 1057/1057/1057
f 1064/1064/1064 1063/1063/1063 1062/1062/1062
f 1065/1065/1065 1064/1064/1064 1062/1062/1062
f 1068/1068/1068 1067/1067/1067 1066/1066/1066
f 1069/1069/1069 1068/1068/1068 1066/1066/1066
f 1069/1069/1069 1070/1070/1070 1068/1068/1068
f 1069/1069/1069 1071/1071/1071 1070/1070/1070
f 1071/1071/1071 1072/1072/1072 1070/1070/1070
f 1075/1075/1075 1074/1074/1074 1073/1073/1073
f 1076/1076/1076 1075/1075/1075 1073/1073/1073
f 1079/1079/1079 1078/1078/1078 1077/1077/1077
f 1080/1080/1080 1079/1079/1079 1077/1077/1077
f 1083/1083/1083 1082/1082/1082 1081/1081/1081
f 1084/1084/1084 1083/1083/1083 1081/1081/1081
f 1084/1084/1084 1081/1081/1081 1085/1085/1085
f 1086/1086/1086 1084/1084/1084 1085/1085/1085
f 1081/1081/1081 1088/1088/1088 1087/1087/1087
f 1089/1089/1089 1081/1081/1081 1087/1087/1087
f 1087/1087/1087 1090/1090/1090 1089/1089/1089
f 1090/1090/1090 1091/1091/1091 1089/1089/1089
f 1093/1093/1093 1088/1088/1088 1092/1092/1092
f 1094/1094/1094 1093/1093/1093 1092/1092/1092
f 1095/1095/1095 1088/1088/1088 1093/1093/1093
f 1096/1096/1096 1095/1095/1095 1093/1093/1093
f 1096/1096/1096 1097/1097/1097 1095/1095/1095
f 1097/1097/1097 1098/1098/1098 1095/1095/1095
f 1100/1100/1100 1099/1099/1099 1093/1093/1093
f 1101/1101/1101 1100/1100/1100 1093/1093/1093
f 1101/1101/1101 1103/1103/1103 1102/1102/1102
f 1104/1104/1104 1101/1101/1101 1102/1102/1102
f 1106/1106/1106 1100/1100/1100 1105/1105/1105
f 1107/1107/1107 1106/1106/1106 1105/1105/1105
f 1105/1105/1105 1100/1100/1100 1108/1108/1108
f 1109/1109/1109 1105/1105/1105 1108/1108/1108
f 1112/1112/1112 1111/1111/1111 1110/1110/1110
f 1111/1111/1111 1113/1113/1113 1110/1110/1110
f 1110/1110/1110 1113/1113/1113 1114/1114/1114
f 1111/1111/1111 1115/1115/1115 1113/1113/1113
f 1113/1113/1113 1116/1116/1116 1114/1114/1114
f 1115/1115/1115 1117/1117/1117 1113/1113/1113
f 1116/1116/1116 1113/1113/1113 1118/1118/1118
f 1113/1113/1113 1117/1117/1117 1118/1118/1118
f 1121/1121/1121 1120/1120/1120 1119/1119/1119
f 1120/1120/1120 1122/1122/1122 1119/1119/1119
f 1119/1119/1119 1122/1122/1122 1123/1123/1123
f 1120/1120/1120 1124/1124/1124 1122/1122/1122
f 1122/1122/1122 1125/1125/1125 1123/1123/1123
f 1124/1124/1124 1126/1126/1126 1122/1122/1122
f 1125/1125/1125 1122/1122/1122 1127/1127/1127
f 1122/1122/1122 1126/1126/1126 1127/1127/1127
f 1130/1130/1130 1129/1129/1129 1128/1128/1128
f 1131/1131/1131 1130/1130/1130 1128/1128/1128
f 1129/1129/1129 1132/1132/1132 1128/1128/1128
f 1133/1133/1133 1131/1131/1131 1128/1128/1128
f 1134/1134/1134 1132/1132/1132 1129/1129/1129
f 1131/1131/1131 1133/1133/1133 1135/1135/1135
f 1135/1135/1135 1134/1134/1134 1129/1129/1129
f 1133/1133/1133 1134/1134/1134 1135/1135/1135
f 1138/1138/1138 1137/1137/1137 1136/1136/1136
f 1137/1137/1137 1138/1138/1138 1139/1139/1139
f 1137/1137/1137 1140/1140/1140 1136/1136/1136
f 1141/1141/1141 1136/1136/1136 1140/1140/1140
f 1142/1142/1142 1141/1141/1141 1140/1140/1140
f 1141/1141/1141 1143/1143/1143 1136/1136/1136
f 1141/1141/1141 1142/1142/1142 1143/1143/1143
f 1142/1142/1142 1144/1144/1144 1143/1143/1143
f 1145/1145/1145 1144/1144/1144 1142/1142/1142
f 1146/1146/1146 1140/1140/1140 1137/1137/1137
f 1146/1146/1146 1142/1142/1142 1140/1140/1140
f 1142/1142/1142 1146/1146/1146 1147/1147/1147
f 1148/1148/1148 1145/1145/1145 1142/1142/1142
f 1148/1148/1148 1142/1142/1142 1147/1147/1147
f 1145/1145/1145 1148/1148/1148 1149/1149/1149
f 1148/1148/1148 1150/1150/1150 1149/1149/1149
f 1148/1148/1148 1147/1147/1147 1150/1150/1150
f 1151/1151/1151 1146/1146/1146 1137/1137/1137
f 1147/1147/1147 1146/1146/1146 1151/1151/1151
f 1150/1150/1150 1152/1152/1152 1149/1149/1149
f 1152/1152/1152 1153/1153/1153 1149/1149/1149
f 1154/1154/1154 1153/1153/1153 1152/1152/1152
f 1155/1155/1155 1152/1152/1152 1150/1150/1150
f 1156/1156/1156 1154/1154/1154 1152/1152/1152
f 1152/1152/1152 1155/1155/1155 1156/1156/1156
f 1147/1147/1147 1157/1157/1157 1150/1150/1150
f 1157/1157/1157 1155/1155/1155 1150/1150/1150
f 1154/1154/1154 1156/1156/1156 1158/1158/1158
f 1159/1159/1159 1154/1154/1154 1158/1158/1158
f 1160/1160/1160 1159/1159/1159 1158/1158/1158
f 1161/1161/1161 1160/1160/1160 1158/1158/1158
f 1162/1162/1162 1160/1160/1160 1161/1161/1161
f 1163/1163/1163 1162/1162/1162 1161/1161/1161
f 1164/1164/1164 1162/1162/1162 1163/1163/1163
f 1164/1164/1164 1163/1163/1163 1165/1165/1165
f 1166/1166/1166 1163/1163/1163 1161/1161/1161
f 1163/1163/1163 1166/1166/1166 1165/1165/1165
f 1165/1165/1165 1166/1166/1166 1167/1167/1167
f 1168/1168/1168 1165/1165/1165 1167/1167/1167
f 1169/1169/1169 1168/1168/1168 1167/1167/1167
f 1170/1170/1170 1166/1166/1166 1161/1161/1161
f 1170/1170/1170 1161/1161/1161 1158/1158/1158
f 1167/1167/1167 1166/1166/1166 1170/1170/1170
f 1158/1158/1158 1156/1156/1156 1171/1171/1171
f 1171/1171/1171 1170/1170/1170 1158/1158/1158
f 1172/1172/1172 1167/1167/1167 1170/1170/1170
f 1172/1172/1172 1170/1170/1170 1171/1171/1171
f 1156/1156/1156 1173/1173/1173 1171/1171/1171
f 1155/1155/1155 1173/1173/1173 1156/1156/1156
f 1174/1174/1174 1171/1171/1171 1173/1173/1173
f 1174/1174/1174 1172/1172/1172 1171/1171/1171
f 1175/1175/1175 1173/1173/1173 1155/1155/1155
f 1175/1175/1175 1174/1174/1174 1173/1173/1173
f 1176/1176/1176 1175/1175/1175 1155/1155/1155
f 1176/1176/1176 1155/1155/1155 1157/1157/1157
f 1177/1177/1177 1176/1176/1176 1157/1157/1157
f 1177/1177/1177 1157/1157/1157 1147/1147/1147
f 1178/1178/1178 1177/1177/1177 1147/1147/1147
f 1177/1177/1177 1178/1178/1178 1179/1179/1179
f 1178/1178/1178 1147/1147/1147 1151/1151/1151
f 1179/1179/1179 1178/1178/1178 1151/1151/1151
f 1176/1176/1176 1177/1177/1177 1180/1180/1180
f 1180/1180/1180 1177/1177/1177 1179/1179/1179
f 1175/1175/1175 1176/1176/1176 1181/1181/1181
f 1181/1181/1181 1176/1176/1176 1180/1180/1180
f 1174/1174/1174 1175/1175/1175 1182/1182/1182
f 1182/1182/1182 1175/1175/1175 1181/1181/1181
f 1172/1172/1172 1174/1174/1174 1183/1183/1183
f 1183/1183/1183 1174/1174/1174 1182/1182/1182
f 1184/1184/1184 1179/1179/1179 1151/1151/1151
f 1184/1184/1184 1185/1185/1185 1179/1179/1179
f 1184/1184/1184 1151/1151/1151 1137/1137/1137
f 1186/1186/1186 1184/1184/1184 1137/1137/1137
f 1185/1185/1185 1184/1184/1184 1186/1186/1186
f 1186/1186/1186 1137/1137/1137 1139/1139/1139
f 1139/1139/1139 1187/1187/1187 1186/1186/1186
f 1187/1187/1187 1185/1185/1185 1186/1186/1186
f 1188/1188/1188 1187/1187/1187 1139/1139/1139
f 1185/1185/1185 1187/1187/1187 1188/1188/1188
f 1189/1189/1189 1185/1185/1185 1188/1188/1188
f 1189/1189/1189 1190/1190/1190 1185/1185/1185
f 1190/1190/1190 1191/1191/1191 1185/1185/1185
f 1185/1185/1185 1191/1191/1191 1179/1179/1179
f 1191/1191/1191 1190/1190/1190 1192/1192/1192
f 1179/1179/1179 1191/1191/1191 1193/1193/1193
f 1193/1193/1193 1191/1191/1191 1192/1192/1192
f 1180/1180/1180 1179/1179/1179 1193/1193/1193
f 1181/1181/1181 1180/1180/1180 1193/1193/1193
f 1194/1194/1194 1193/1193/1193 1192/1192/1192
f 1194/1194/1194 1181/1181/1181 1193/1193/1193
f 1195/1195/1195 1194/1194/1194 1192/1192/1192
f 1195/1195/1195 1196/1196/1196 1194/1194/1194
f 1181/1181/1181 1194/1194/1194 1197/1197/1197
f 1196/1196/1196 1197/1197/1197 1194/1194/1194
f 1182/1182/1182 1181/1181/1181 1197/1197/1197
f 1182/1182/1182 1197/1197/1197 1183/1183/1183
f 1197/1197/1197 1196/1196/1196 1198/1198/1198
f 1197/1197/1197 1198/1198/1198 1183/1183/1183
f 1196/1196/1196 1199/1199/1199 1198/1198/1198
f 1199/1199/1199 1200/1200/1200 1198/1198/1198
f 1201/1201/1201 1183/1183/1183 1198/1198/1198
f 1201/1201/1201 1172/1172/1172 1183/1183/1183
f 1167/1167/1167 1172/1172/1172 1201/1201/1201
f 1200/1200/1200 1202/1202/1202 1198/1198/1198
f 1202/1202/1202 1201/1201/1201 1198/1198/1198
f 1200/1200/1200 1203/1203/1203 1202/1202/1202
f 1204/1204/1204 1167/1167/1167 1201/1201/1201
f 1204/1204/1204 1201/1201/1201 1202/1202/1202
f 1204/1204/1204 1169/1169/1169 1167/1167/1167
f 1203/1203/1203 1205/1205/1205 1202/1202/1202
f 1205/1205/1205 1204/1204/1204 1202/1202/1202
f 1204/1204/1204 1205/1205/1205 1169/1169/1169
f 1203/1203/1203 1206/1206/1206 1205/1205/1205
f 1205/1205/1205 1206/1206/1206 1169/1169/1169
f 1209/1209/1209 1208/1208/1208 1207/1207/1207
f 1207/1207/1207 1208/1208/1208 1210/1210/1210
f 1211/1211/1211 1208/1208/1208 1209/1209/1209
f 1210/1210/1210 1208/1208/1208 1212/1212/1212
f 1213/1213/1213 1208/1208/1208 1211/1211/1211
f 1212/1212/1212 1208/1208/1208 1214/1214/1214
f 1215/1215/1215 1208/1208/1208 1213/1213/1213
f 1214/1214/1214 1208/1208/1208 1215/1215/1215
f 1218/1218/1218 1217/1217/1217 1216/1216/1216
f 1216/1216/1216 1217/1217/1217 1219/1219/1219
f 1220/1220/1220 1217/1217/1217 1218/1218/1218
f 1219/1219/1219 1217/1217/1217 1221/1221/1221
f 1222/1222/1222 1217/1217/1217 1220/1220/1220
f 1221/1221/1221 1217/1217/1217 1223/1223/1223
f 1224/1224/1224 1217/1217/1217 1222/1222/1222
f 1223/1223/1223 1217/1217/1217 1224/1224/1224
f 1227/1227/1227 1226/1226/1226 1225/1225/1225
f 1227/1227/1227 1225/1225/1225 1228/1228/1228
f 1226/1226/1226 1229/1229/1229 1225/1225/1225
f 1225/1225/1225 1230/1230/1230 1228/1228/1228
f 1225/1225/1225 1229/1229/1229 1230/1230/1230
f 1229/1229/1229 1226/1226/1226 1231/1231/1231
f 1229/1229/1229 1231/1231/1231 1230/1230/1230
f 1230/1230/1230 1231/1231/1231 1228/1228/1228
f 1226/1226/1226 1232/1232/1232 1231/1231/1231
f 1231/1231/1231 1232/1232/1232 1228/1228/1228
f 1235/1235/1235 1234/1234/1234 1233/1233/1233
f 1234/1234/1234 1236/1236/1236 1233/1233/1233
f 1233/1233/1233 1236/1236/1236 1237/1237/1237
f 1238/1238/1238 1234/1234/1234 1235/1235/1235
f 1239/1239/1239 1238/1238/1238 1235/1235/1235
f 1236/1236/1236 1240/1240/1240 1237/1237/1237
f 1237/1237/1237 1240/1240/1240 1241/1241/1241
f 1234/1234/1234 1242/1242/1242 1236/1236/1236
f 1238/1238/1238 1242/1242/1242 1234/1234/1234
f 1236/1236/1236 1242/1242/1242 1240/1240/1240
f 1243/1243/1243 1242/1242/1242 1238/1238/1238
f 1243/1243/1243 1238/1238/1238 1239/1239/1239
f 1240/1240/1240 1242/1242/1242 1244/1244/1244
f 1240/1240/1240 1244/1244/1244 1241/1241/1241
f 1245/1245/1245 1243/1243/1243 1239/1239/1239
f 1241/1241/1241 1244/1244/1244 1246/1246/1246
f 1247/1247/1247 1243/1243/1243 1245/1245/1245
f 1247/1247/1247 1242/1242/1242 1243/1243/1243
f 1248/1248/1248 1247/1247/1247 1245/1245/1245
f 1244/1244/1244 1249/1249/1249 1246/1246/1246
f 1244/1244/1244 1242/1242/1242 1249/1249/1249
f 1246/1246/1246 1249/1249/1249 1250/1250/1250
f 1251/1251/1251 1247/1247/1247 1248/1248/1248
f 1251/1251/1251 1242/1242/1242 1247/1247/1247
f 1252/1252/1252 1251/1251/1251 1248/1248/1248
f 1249/1249/1249 1253/1253/1253 1250/1250/1250
f 1249/1249/1249 1242/1242/1242 1253/1253/1253
f 1250/1250/1250 1253/1253/1253 1254/1254/1254
f 1255/1255/1255 1251/1251/1251 1252/1252/1252
f 1255/1255/1255 1242/1242/1242 1251/1251/1251
f 1256/1256/1256 1255/1255/1255 1252/1252/1252
f 1254/1254/1254 1257/1257/1257 1256/1256/1256
f 1253/1253/1253 1257/1257/1257 1254/1254/1254
f 1253/1253/1253 1242/1242/1242 1257/1257/1257
f 1257/1257/1257 1255/1255/1255 1256/1256/1256
f 1257/1257/1257 1242/1242/1242 1255/1255/1255
f 1260/1260/1260 1259/1259/1259 1258/1258/1258
f 1258/1258/1258 1259/1259/1259 1261/1261/1261
f 1262/1262/1262 1260/1260/1260 1258/1258/1258
f 1259/1259/1259 1263/1263/1263 1261/1261/1261
f 1264/1264/1264 1260/1260/1260 1262/1262/1262
f 1261/1261/1261 1263/1263/1263 1265/1265/1265
f 1266/1266/1266 1264/1264/1264 1262/1262/1262
f 1263/1263/1263 1267/1267/1267 1265/1265/1265
f 1268/1268/1268 1264/1264/1264 1266/1266/1266
f 1265/1265/1265 1267/1267/1267 1269/1269/1269
f 1270/1270/1270 1268/1268/1268 1266/1266/1266
f 1267/1267/1267 1271/1271/1271 1269/1269/1269
f 1272/1272/1272 1268/1268/1268 1270/1270/1270
f 1269/1269/1269 1271/1271/1271 1273/1273/1273
f 1273/1273/1273 1272/1272/1272 1270/1270/1270
f 1271/1271/1271 1272/1272/1272 1273/1273/1273
f 1276/1276/1276 1275/1275/1275 1274/1274/1274
f 1274/1274/1274 1275/1275/1275 1277/1277/1277
f 1278/1278/1278 1276/1276/1276 1274/1274/1274
f 1275/1275/1275 1279/1279/1279 1277/1277/1277
f 1280/1280/1280 1276/1276/1276 1278/1278/1278
f 1277/1277/1277 1279/1279/1279 1281/1281/1281
f 1282/1282/1282 1280/1280/1280 1278/1278/1278
f 1279/1279/1279 1283/1283/1283 1281/1281/1281
f 1284/1284/1284 1280/1280/1280 1282/1282/1282
f 1281/1281/1281 1283/1283/1283 1285/1285/1285
f 1286/1286/1286 1284/1284/1284 1282/1282/1282
f 1283/1283/1283 1287/1287/1287 1285/1285/1285
f 1288/1288/1288 1284/1284/1284 1286/1286/1286
f 1285/1285/1285 1287/1287/1287 1289/1289/1289
f 1289/1289/1289 1288/1288/1288 1286/1286/1286
f 1287/1287/1287 1288/1288/1288 1289/1289/1289
f 1292/1292/1292 1291/1291/1291 1290/1290/1290
f 1290/1290/1290 1291/1291/1291 1293/1293/1293
f 1294/1294/1294 1292/1292/1292 1290/1290/1290
f 1295/1295/1295 1292/1292/1292 1294/1294/1294
f 1295/1295/1295 1296/1296/1296 1292/1292/1292
f 1292/1292/1292 1296/1296/1296 1291/1291/1291
f 1295/1295/1295 1294/1294/1294 1297/1297/1297
f 1294/1294/1294 1290/1290/1290 1298/1298/1298
f 1297/1297/1297 1294/1294/1294 1298/1298/1298
f 1290/1290/1290 1293/1293/1293 1299/1299/1299
f 1298/1298/1298 1290/1290/1290 1299/1299/1299
f 1296/1296/1296 1300/1300/1300 1291/1291/1291
f 1295/1295/1295 1301/1301/1301 1296/1296/1296
f 1296/1296/1296 1301/1301/1301 1300/1300/1300
f 1291/1291/1291 1302/1302/1302 1293/1293/1293
f 1291/1291/1291 1300/1300/1300 1302/1302/1302
f 1297/1297/1297 1298/1298/1298 1303/1303/1303
f 1298/1298/1298 1299/1299/1299 1304/1304/1304
f 1303/1303/1303 1298/1298/1298 1304/1304/1304
f 1295/1295/1295 1297/1297/1297 1305/1305/1305
f 1305/1305/1305 1297/1297/1297 1303/1303/1303
f 1301/1301/1301 1306/1306/1306 1300/1300/1300
f 1300/1300/1300 1307/1307/1307 1302/1302/1302
f 1300/1300/1300 1306/1306/1306 1307/1307/1307
f 1295/1295/1295 1308/1308/1308 1301/1301/1301
f 1301/1301/1301 1308/1308/1308 1306/1306/1306
f 1299/1299/1299 1293/1293/1293 1309/1309/1309
f 1293/1293/1293 1302/1302/1302 1310/1310/1310
f 1293/1293/1293 1310/1310/1310 1309/1309/1309
f 1304/1304/1304 1299/1299/1299 1311/1311/1311
f 1299/1299/1299 1309/1309/1309 1311/1311/1311
f 1302/1302/1302 1307/1307/1307 1312/1312/1312
f 1302/1302/1302 1312/1312/1312 1310/1310/1310
f 1306/1306/1306 1313/1313/1313 1307/1307/1307
f 1308/1308/1308 1314/1314/1314 1306/1306/1306
f 1306/1306/1306 1314/1314/1314 1313/1313/1313
f 1295/1295/1295 1315/1315/1315 1308/1308/1308
f 1308/1308/1308 1315/1315/1315 1314/1314/1314
f 1307/1307/1307 1316/1316/1316 1312/1312/1312
f 1307/1307/1307 1313/1313/1313 1316/1316/1316
f 1309/1309/1309 1310/1310/1310 1317/1317/1317
f 1310/1310/1310 1312/1312/1312 1318/1318/1318
f 1310/1310/1310 1318/1318/1318 1317/1317/1317
f 1319/1319/1319 1317/1317/1317 1318/1318/1318
f 1319/1319/1319 1318/1318/1318 1320/1320/1320
f 1312/1312/1312 1320/1320/1320 1318/1318/1318
f 1312/1312/1312 1316/1316/1316 1320/1320/1320
f 1319/1319/1319 1321/1321/1321 1317/1317/1317
f 1309/1309/1309 1317/1317/1317 1321/1321/1321
f 1311/1311/1311 1309/1309/1309 1321/1321/1321
f 1316/1316/1316 1322/1322/1322 1320/1320/1320
f 1319/1319/1319 1320/1320/1320 1322/1322/1322
f 1313/1313/1313 1323/1323/1323 1316/1316/1316
f 1316/1316/1316 1323/1323/1323 1322/1322/1322
f 1311/1311/1311 1321/1321/1321 1324/1324/1324
f 1319/1319/1319 1324/1324/1324 1321/1321/1321
f 1325/1325/1325 1311/1311/1311 1324/1324/1324
f 1304/1304/1304 1311/1311/1311 1325/1325/1325
f 1313/1313/1313 1326/1326/1326 1323/1323/1323
f 1314/1314/1314 1326/1326/1326 1313/1313/1313
f 1323/1323/1323 1327/1327/1327 1322/1322/1322
f 1319/1319/1319 1322/1322/1322 1327/1327/1327
f 1323/1323/1323 1328/1328/1328 1327/1327/1327
f 1326/1326/1326 1328/1328/1328 1323/1323/1323
f 1314/1314/1314 1329/1329/1329 1326/1326/1326
f 1315/1315/1315 1329/1329/1329 1314/1314/1314
f 1325/1325/1325 1324/1324/1324 1330/1330/1330
f 1319/1319/1319 1330/1330/1330 1324/1324/1324
f 1331/1331/1331 1304/1304/1304 1325/1325/1325
f 1303/1303/1303 1304/1304/1304 1331/1331/1331
f 1319/1319/1319 1327/1327/1327 1332/1332/1332
f 1328/1328/1328 1332/1332/1332 1327/1327/1327
f 1326/1326/1326 1333/1333/1333 1328/1328/1328
f 1329/1329/1329 1333/1333/1333 1326/1326/1326
f 1315/1315/1315 1334/1334/1334 1329/1329/1329
f 1295/1295/1295 1334/1334/1334 1315/1315/1315
f 1335/1335/1335 1325/1325/1325 1330/1330/1330
f 1331/1331/1331 1325/1325/1325 1335/1335/1335
f 1319/1319/1319 1336/1336/1336 1330/1330/1330
f 1319/1319/1319 1332/1332/1332 1336/1336/1336
f 1335/1335/1335 1330/1330/1330 1336/1336/1336
f 1328/1328/1328 1337/1337/1337 1332/1332/1332
f 1337/1337/1337 1336/1336/1336 1332/1332/1332
f 1337/1337/1337 1335/1335/1335 1336/1336/1336
f 1333/1333/1333 1337/1337/1337 1328/1328/1328
f 1338/1338/1338 1335/1335/1335 1337/1337/1337
f 1338/1338/1338 1331/1331/1331 1335/1335/1335
f 1333/1333/1333 1338/1338/1338 1337/1337/1337
f 1329/1329/1329 1339/1339/1339 1333/1333/1333
f 1334/1334/1334 1339/1339/1339 1329/1329/1329
f 1339/1339/1339 1338/1338/1338 1333/1333/1333
f 1295/1295/1295 1340/1340/1340 1334/1334/1334
f 1334/1334/1334 1340/1340/1340 1339/1339/1339
f 1295/1295/1295 1305/1305/1305 1340/1340/1340
f 1341/1341/1341 1331/1331/1331 1338/1338/1338
f 1339/1339/1339 1341/1341/1341 1338/1338/1338
f 1340/1340/1340 1341/1341/1341 1339/1339/1339
f 1340/1340/1340 1305/1305/1305 1341/1341/1341
f 1341/1341/1341 1303/1303/1303 1331/1331/1331
f 1305/1305/1305 1303/1303/1303 1341/1341/1341
f 1344/1344/1344 1343/1343/1343 1342/1342/1342
f 1342/1342/1342 1343/1343/1343 1345/1345/1345
f 1346/1346/1346 1344/1344/1344 1342/1342/1342
f 1347/1347/1347 1344/1344/1344 1346/1346/1346
f 1344/1344/1344 1348/1348/1348 1343/1343/1343
f 1347/1347/1347 1348/1348/1348 1344/1344/1344
f 1346/1346/1346 1342/1342/1342 1349/1349/1349
f 1342/1342/1342 1345/1345/1345 1350/1350/1350
f 1349/1349/1349 1342/1342/1342 1350/1350/1350
f 1347/1347/1347 1346/1346/1346 1351/1351/1351
f 1351/1351/1351 1346/1346/1346 1349/1349/1349
f 1348/1348/1348 1352/1352/1352 1343/1343/1343
f 1343/1343/1343 1353/1353/1353 1345/1345/1345
f 1343/1343/1343 1352/1352/1352 1353/1353/1353
f 1347/1347/1347 1354/1354/1354 1348/1348/1348
f 1348/1348/1348 1354/1354/1354 1352/1352/1352
f 1351/1351/1351 1349/1349/1349 1355/1355/1355
f 1349/1349/1349 1350/1350/1350 1356/1356/1356
f 1355/1355/1355 1349/1349/1349 1356/1356/1356
f 1347/1347/1347 1351/1351/1351 1357/1357/1357
f 1357/1357/1357 1351/1351/1351 1355/1355/1355
f 1350/1350/1350 1345/1345/1345 1358/1358/1358
f 1345/1345/1345 1353/1353/1353 1359/1359/1359
f 1345/1345/1345 1359/1359/1359 1358/1358/1358
f 1356/1356/1356 1350/1350/1350 1360/1360/1360
f 1350/1350/1350 1358/1358/1358 1360/1360/1360
f 1352/1352/1352 1361/1361/1361 1353/1353/1353
f 1354/1354/1354 1362/1362/1362 1352/1352/1352
f 1352/1352/1352 1362/1362/1362 1361/1361/1361
f 1347/1347/1347 1363/1363/1363 1354/1354/1354
f 1354/1354/1354 1363/1363/1363 1362/1362/1362
f 1347/1347/1347 1357/1357/1357 1364/1364/1364
f 1347/1347/1347 1364/1364/1364 1363/1363/1363
f 1363/1363/1363 1365/1365/1365 1362/1362/1362
f 1363/1363/1363 1364/1364/1364 1365/1365/1365
f 1364/1364/1364 1357/1357/1357 1366/1366/1366
f 1364/1364/1364 1366/1366/1366 1365/1365/1365
f 1357/1357/1357 1355/1355/1355 1366/1366/1366
f 1355/1355/1355 1356/1356/1356 1367/1367/1367
f 1366/1366/1366 1355/1355/1355 1367/1367/1367
f 1362/1362/1362 1365/1365/1365 1368/1368/1368
f 1362/1362/1362 1368/1368/1368 1361/1361/1361
f 1365/1365/1365 1366/1366/1366 1369/1369/1369
f 1366/1366/1366 1367/1367/1367 1369/1369/1369
f 1365/1365/1365 1369/1369/1369 1368/1368/1368
f 1353/1353/1353 1361/1361/1361 1370/1370/1370
f 1353/1353/1353 1370/1370/1370 1359/1359/1359
f 1367/1367/1367 1356/1356/1356 1371/1371/1371
f 1356/1356/1356 1360/1360/1360 1371/1371/1371
f 1361/1361/1361 1368/1368/1368 1372/1372/1372
f 1361/1361/1361 1372/1372/1372 1370/1370/1370
f 1368/1368/1368 1369/1369/1369 1373/1373/1373
f 1368/1368/1368 1373/1373/1373 1372/1372/1372
f 1369/1369/1369 1367/1367/1367 1374/1374/1374
f 1367/1367/1367 1371/1371/1371 1374/1374/1374
f 1369/1369/1369 1374/1374/1374 1373/1373/1373
f 1359/1359/1359 1370/1370/1370 1375/1375/1375
f 1370/1370/1370 1372/1372/1372 1376/1376/1376
f 1370/1370/1370 1376/1376/1376 1375/1375/1375
f 1372/1372/1372 1373/1373/1373 1377/1377/1377
f 1372/1372/1372 1377/1377/1377 1376/1376/1376
f 1373/1373/1373 1374/1374/1374 1378/1378/1378
f 1373/1373/1373 1378/1378/1378 1377/1377/1377
f 1374/1374/1374 1371/1371/1371 1379/1379/1379
f 1374/1374/1374 1379/1379/1379 1378/1378/1378
f 1359/1359/1359 1375/1375/1375 1380/1380/1380
f 1358/1358/1358 1359/1359/1359 1380/1380/1380
f 1371/1371/1371 1381/1381/1381 1379/1379/1379
f 1371/1371/1371 1360/1360/1360 1381/1381/1381
f 1360/1360/1360 1358/1358/1358 1382/1382/1382
f 1358/1358/1358 1380/1380/1380 1382/1382/1382
f 1360/1360/1360 1382/1382/1382 1381/1381/1381
f 1375/1375/1375 1376/1376/1376 1383/1383/1383
f 1376/1376/1376 1377/1377/1377 1384/1384/1384
f 1376/1376/1376 1384/1384/1384 1383/1383/1383
f 1377/1377/1377 1378/1378/1378 1385/1385/1385
f 1377/1377/1377 1385/1385/1385 1384/1384/1384
f 1378/1378/1378 1379/1379/1379 1386/1386/1386
f 1378/1378/1378 1386/1386/1386 1385/1385/1385
f 1380/1380/1380 1375/1375/1375 1387/1387/1387
f 1375/1375/1375 1383/1383/1383 1387/1387/1387
f 1379/1379/1379 1381/1381/1381 1388/1388/1388
f 1379/1379/1379 1388/1388/1388 1386/1386/1386
f 1381/1381/1381 1382/1382/1382 1389/1389/1389
f 1381/1381/1381 1389/1389/1389 1388/1388/1388
f 1382/1382/1382 1380/1380/1380 1390/1390/1390
f 1380/1380/1380 1387/1387/1387 1390/1390/1390
f 1382/1382/1382 1390/1390/1390 1389/1389/1389
f 1383/1383/1383 1384/1384/1384 1391/1391/1391
f 1384/1384/1384 1385/1385/1385 1392/1392/1392
f 1384/1384/1384 1392/1392/1392 1391/1391/1391
f 1393/1393/1393 1391/1391/1391 1392/1392/1392
f 1383/1383/1383 1391/1391/1391 1394/1394/1394
f 1387/1387/1387 1383/1383/1383 1394/1394/1394
f 1393/1393/1393 1394/1394/1394 1391/1391/1391
f 1385/1385/1385 1395/1395/1395 1392/1392/1392
f 1393/1393/1393 1392/1392/1392 1395/1395/1395
f 1385/1385/1385 1386/1386/1386 1395/1395/1395
f 1387/1387/1387 1394/1394/1394 1396/1396/1396
f 1390/1390/1390 1387/1387/1387 1396/1396/1396
f 1393/1393/1393 1396/1396/1396 1394/1394/1394
f 1386/1386/1386 1397/1397/1397 1395/1395/1395
f 1393/1393/1393 1395/1395/1395 1397/1397/1397
f 1386/1386/1386 1388/1388/1388 1397/1397/1397
f 1390/1390/1390 1396/1396/1396 1398/1398/1398
f 1393/1393/1393 1398/1398/1398 1396/1396/1396
f 1389/1389/1389 1390/1390/1390 1398/1398/1398
f 1388/1388/1388 1399/1399/1399 1397/1397/1397
f 1393/1393/1393 1397/1397/1397 1399/1399/1399
f 1393/1393/1393 1399/1399/1399 1398/1398/1398
f 1389/1389/1389 1398/1398/1398 1399/1399/1399
f 1388/1388/1388 1389/1389/1389 1399/1399/1399
f 1402/1402/1402 1401/1401/1401 1400/1400/1400
f 1402/1402/1402 1403/1403/1403 1401/1401/1401
f 1400/1400/1400 1401/1401/1401 1404/1404/1404
f 1401/1401/1401 1403/1403/1403 1405/1405/1405
f 1401/1401/1401 1405/1405/1405 1404/1404/1404
f 1406/1406/1406 1402/1402/1402 1400/1400/1400
f 1407/1407/1407 1403/1403/1403 1402/1402/1402
f 1407/1407/1407 1402/1402/1402 1406/1406/1406
f 1400/1400/1400 1404/1404/1404 1408/1408/1408
f 1406/1406/1406 1400/1400/1400 1409/1409/1409
f 1409/1409/1409 1400/1400/1400 1408/1408/1408
f 1404/1404/1404 1405/1405/1405 1410/1410/1410
f 1405/1405/1405 1403/1403/1403 1411/1411/1411
f 1405/1405/1405 1411/1411/1411 1410/1410/1410
f 1408/1408/1408 1404/1404/1404 1412/1412/1412
f 1404/1404/1404 1410/1410/1410 1412/1412/1412
f 1413/1413/1413 1407/1407/1407 1406/1406/1406
f 1414/1414/1414 1406/1406/1406 1409/1409/1409
f 1413/1413/1413 1406/1406/1406 1414/1414/1414
f 1415/1415/1415 1403/1403/1403 1407/1407/1407
f 1415/1415/1415 1407/1407/1407 1413/1413/1413
f 1410/1410/1410 1411/1411/1411 1416/1416/1416
f 1411/1411/1411 1403/1403/1403 1417/1417/1417
f 1411/1411/1411 1417/1417/1417 1416/1416/1416
f 1418/1418/1418 1403/1403/1403 1415/1415/1415
f 1417/1417/1417 1403/1403/1403 1418/1418/1418
f 1419/1419/1419 1415/1415/1415 1413/1413/1413
f 1418/1418/1418 1415/1415/1415 1419/1419/1419
f 1417/1417/1417 1418/1418/1418 1420/1420/1420
f 1416/1416/1416 1417/1417/1417 1420/1420/1420
f 1420/1420/1420 1418/1418/1418 1419/1419/1419
f 1410/1410/1410 1416/1416/1416 1421/1421/1421
f 1412/1412/1412 1410/1410/1410 1421/1421/1421
f 1419/1419/1419 1413/1413/1413 1422/1422/1422
f 1422/1422/1422 1413/1413/1413 1414/1414/1414
f 1420/1420/1420 1419/1419/1419 1423/1423/1423
f 1423/1423/1423 1419/1419/1419 1422/1422/1422
f 1416/1416/1416 1420/1420/1420 1424/1424/1424
f 1421/1421/1421 1416/1416/1416 1424/1424/1424
f 1424/1424/1424 1420/1420/1420 1423/1423/1423
f 1412/1412/1412 1421/1421/1421 1425/1425/1425
f 1421/1421/1421 1424/1424/1424 1426/1426/1426
f 1425/1425/1425 1421/1421/1421 1426/1426/1426
f 1424/1424/1424 1423/1423/1423 1427/1427/1427
f 1426/1426/1426 1424/1424/1424 1427/1427/1427
f 1423/1423/1423 1422/1422/1422 1428/1428/1428
f 1427/1427/1427 1423/1423/1423 1428/1428/1428
f 1422/1422/1422 1414/1414/1414 1429/1429/1429
f 1428/1428/1428 1422/1422/1422 1429/1429/1429
f 1430/1430/1430 1412/1412/1412 1425/1425/1425
f 1408/1408/1408 1412/1412/1412 1430/1430/1430
f 1429/1429/1429 1414/1414/1414 1431/1431/1431
f 1414/1414/1414 1409/1409/1409 1431/1431/1431
f 1409/1409/1409 1408/1408/1408 1432/1432/1432
f 1432/1432/1432 1408/1408/1408 1430/1430/1430
f 1431/1431/1431 1409/1409/1409 1432/1432/1432
f 1426/1426/1426 1427/1427/1427 1433/1433/1433
f 1427/1427/1427 1428/1428/1428 1434/1434/1434
f 1433/1433/1433 1427/1427/1427 1434/1434/1434
f 1425/1425/1425 1426/1426/1426 1435/1435/1435
f 1435/1435/1435 1426/1426/1426 1433/1433/1433
f 1428/1428/1428 1429/1429/1429 1436/1436/1436
f 1434/1434/1434 1428/1428/1428 1436/1436/1436
f 1430/1430/1430 1425/1425/1425 1437/1437/1437
f 1437/1437/1437 1425/1425/1425 1435/1435/1435
f 1432/1432/1432 1430/1430/1430 1438/1438/1438
f 1438/1438/1438 1430/1430/1430 1437/1437/1437
f 1431/1431/1431 1432/1432/1432 1439/1439/1439
f 1439/1439/1439 1432/1432/1432 1438/1438/1438
f 1429/1429/1429 1431/1431/1431 1440/1440/1440
f 1436/1436/1436 1429/1429/1429 1440/1440/1440
f 1440/1440/1440 1431/1431/1431 1439/1439/1439
f 1433/1433/1433 1434/1434/1434 1441/1441/1441
f 1435/1435/1435 1433/1433/1433 1442/1442/1442
f 1442/1442/1442 1433/1433/1433 1441/1441/1441
f 1437/1437/1437 1435/1435/1435 1443/1443/1443
f 1443/1443/1443 1435/1435/1435 1442/1442/1442
f 1438/1438/1438 1437/1437/1437 1444/1444/1444
f 1444/1444/1444 1437/1437/1437 1443/1443/1443
f 1434/1434/1434 1436/1436/1436 1445/1445/1445
f 1441/1441/1441 1434/1434/1434 1445/1445/1445
f 1439/1439/1439 1438/1438/1438 1446/1446/1446
f 1446/1446/1446 1438/1438/1438 1444/1444/1444
f 1440/1440/1440 1439/1439/1439 1447/1447/1447
f 1447/1447/1447 1439/1439/1439 1446/1446/1446
f 1436/1436/1436 1440/1440/1440 1448/1448/1448
f 1445/1445/1445 1436/1436/1436 1448/1448/1448
f 1448/1448/1448 1440/1440/1440 1447/1447/1447
f 1442/1442/1442 1441/1441/1441 1449/1449/1449
f 1443/1443/1443 1442/1442/1442 1450/1450/1450
f 1450/1450/1450 1442/1442/1442 1449/1449/1449
f 1449/1449/1449 1451/1451/1451 1450/1450/1450
f 1449/1449/1449 1441/1441/1441 1452/1452/1452
f 1441/1441/1441 1445/1445/1445 1452/1452/1452
f 1452/1452/1452 1451/1451/1451 1449/1449/1449
f 1453/1453/1453 1443/1443/1443 1450/1450/1450
f 1450/1450/1450 1451/1451/1451 1453/1453/1453
f 1444/1444/1444 1443/1443/1443 1453/1453/1453
f 1452/1452/1452 1445/1445/1445 1454/1454/1454
f 1445/1445/1445 1448/1448/1448 1454/1454/1454
f 1454/1454/1454 1451/1451/1451 1452/1452/1452
f 1455/1455/1455 1444/1444/1444 1453/1453/1453
f 1453/1453/1453 1451/1451/1451 1455/1455/1455
f 1446/1446/1446 1444/1444/1444 1455/1455/1455
f 1454/1454/1454 1448/1448/1448 1456/1456/1456
f 1456/1456/1456 1451/1451/1451 1454/1454/1454
f 1448/1448/1448 1447/1447/1447 1456/1456/1456
f 1457/1457/1457 1446/1446/1446 1455/1455/1455
f 1455/1455/1455 1451/1451/1451 1457/1457/1457
f 1457/1457/1457 1451/1451/1451 1456/1456/1456
f 1447/1447/1447 1446/1446/1446 1457/1457/1457
f 1456/1456/1456 1447/1447/1447 1457/1457/1457
f 1460/1460/1460 1459/1459/1459 1458/1458/1458
f 1460/1460/1460 1461/1461/1461 1459/1459/1459
f 1459/1459/1459 1461/1461/1461 1462/1462/1462
f 1463/1463/1463 1461/1461/1461 1460/1460/1460
f 1458/1458/1458 1459/1459/1459 1464/1464/1464
f 1459/1459/1459 1462/1462/1462 1464/1464/1464
f 1465/1465/1465 1460/1460/1460 1458/1458/1458
f 1463/1463/1463 1460/1460/1460 1465/1465/1465
f 1466/1466/1466 1461/1461/1461 1463/1463/1463
f 1467/1467/1467 1463/1463/1463 1465/1465/1465
f 1466/1466/1466 1463/1463/1463 1467/1467/1467
f 1465/1465/1465 1458/1458/1458 1468/1468/1468
f 1458/1458/1458 1464/1464/1464 1469/1469/1469
f 1468/1468/1468 1458/1458/1458 1469/1469/1469
f 1467/1467/1467 1465/1465/1465 1470/1470/1470
f 1470/1470/1470 1465/1465/1465 1468/1468/1468
f 1464/1464/1464 1462/1462/1462 1471/1471/1471
f 1462/1462/1462 1461/1461/1461 1472/1472/1472
f 1462/1462/1462 1472/1472/1472 1471/1471/1471
f 1469/1469/1469 1464/1464/1464 1473/1473/1473
f 1464/1464/1464 1471/1471/1471 1473/1473/1473
f 1474/1474/1474 1466/1466/1466 1467/1467/1467
f 1475/1475/1475 1467/1467/1467 1470/1470/1470
f 1474/1474/1474 1467/1467/1467 1475/1475/1475
f 1476/1476/1476 1461/1461/1461 1466/1466/1466
f 1476/1476/1476 1466/1466/1466 1474/1474/1474
f 1468/1468/1468 1469/1469/1469 1477/1477/1477
f 1470/1470/1470 1468/1468/1468 1478/1478/1478
f 1478/1478/1478 1468/1468/1468 1477/1477/1477
f 1469/1469/1469 1473/1473/1473 1479/1479/1479
f 1477/1477/1477 1469/1469/1469 1479/1479/1479
f 1475/1475/1475 1470/1470/1470 1480/1480/1480
f 1480/1480/1480 1470/1470/1470 1478/1478/1478
f 1473/1473/1473 1471/1471/1471 1481/1481/1481
f 1479/1479/1479 1473/1473/1473 1482/1482/1482
f 1473/1473/1473 1481/1481/1481 1482/1482/1482
f 1471/1471/1471 1483/1483/1483 1481/1481/1481
f 1471/1471/1471 1472/1472/1472 1483/1483/1483
f 1472/1472/1472 1484/1484/1484 1483/1483/1483
f 1472/1472/1472 1461/1461/1461 1484/1484/1484
f 1477/1477/1477 1479/1479/1479 1485/1485/1485
f 1478/1478/1478 1477/1477/1477 1486/1486/1486
f 1486/1486/1486 1477/1477/1477 1485/1485/1485
f 1485/1485/1485 1487/1487/1487 1486/1486/1486
f 1486/1486/1486 1487/1487/1487 1488/1488/1488
f 1488/1488/1488 1478/1478/1478 1486/1486/1486
f 1480/1480/1480 1478/1478/1478 1488/1488/1488
f 1489/1489/1489 1487/1487/1487 1485/1485/1485
f 1485/1485/1485 1479/1479/1479 1489/1489/1489
f 1479/1479/1479 1482/1482/1482 1489/1489/1489
f 1490/1490/1490 1480/1480/1480 1488/1488/1488
f 1488/1488/1488 1487/1487/1487 1490/1490/1490
f 1489/1489/1489 1482/1482/1482 1491/1491/1491
f 1491/1491/1491 1487/1487/1487 1489/1489/1489
f 1492/1492/1492 1480/1480/1480 1490/1490/1490
f 1492/1492/1492 1475/1475/1475 1480/1480/1480
f 1482/1482/1482 1493/1493/1493 1491/1491/1491
f 1482/1482/1482 1481/1481/1481 1493/1493/1493
f 1494/1494/1494 1487/1487/1487 1491/1491/1491
f 1491/1491/1491 1493/1493/1493 1494/1494/1494
f 1481/1481/1481 1495/1495/1495 1493/1493/1493
f 1481/1481/1481 1483/1483/1483 1495/1495/1495
f 1493/1493/1493 1496/1496/1496 1494/1494/1494
f 1493/1493/1493 1495/1495/1495 1496/1496/1496
f 1483/1483/1483 1497/1497/1497 1495/1495/1495
f 1483/1483/1483 1484/1484/1484 1497/1497/1497
f 1498/1498/1498 1492/1492/1492 1490/1490/1490
f 1490/1490/1490 1487/1487/1487 1498/1498/1498
f 1499/1499/1499 1475/1475/1475 1492/1492/1492
f 1499/1499/1499 1474/1474/1474 1475/1475/1475
f 1500/1500/1500 1487/1487/1487 1494/1494/1494
f 1494/1494/1494 1496/1496/1496 1500/1500/1500
f 1495/1495/1495 1501/1501/1501 1496/1496/1496
f 1495/1495/1495 1497/1497/1497 1501/1501/1501
f 1484/1484/1484 1502/1502/1502 1497/1497/1497
f 1484/1484/1484 1461/1461/1461 1502/1502/1502
f 1503/1503/1503 1492/1492/1492 1498/1498/1498
f 1503/1503/1503 1499/1499/1499 1492/1492/1492
f 1498/1498/1498 1487/1487/1487 1504/1504/1504
f 1504/1504/1504 1487/1487/1487 1500/1500/1500
f 1504/1504/1504 1503/1503/1503 1498/1498/1498
f 1496/1496/1496 1505/1505/1505 1500/1500/1500
f 1500/1500/1500 1505/1505/1505 1504/1504/1504
f 1505/1505/1505 1503/1503/1503 1504/1504/1504
f 1496/1496/1496 1501/1501/1501 1505/1505/1505
f 1505/1505/1505 1506/1506/1506 1503/1503/1503
f 1506/1506/1506 1499/1499/1499 1503/1503/1503
f 1501/1501/1501 1506/1506/1506 1505/1505/1505
f 1497/1497/1497 1507/1507/1507 1501/1501/1501
f 1497/1497/1497 1502/1502/1502 1507/1507/1507
f 1501/1501/1501 1507/1507/1507 1506/1506/1506
f 1502/1502/1502 1461/1461/1461 1508/1508/1508
f 1502/1502/1502 1508/1508/1508 1507/1507/1507
f 1508/1508/1508 1461/1461/1461 1476/1476/1476
f 1506/1506/1506 1509/1509/1509 1499/1499/1499
f 1507/1507/1507 1509/1509/1509 1506/1506/1506
f 1507/1507/1507 1508/1508/1508 1509/1509/1509
f 1508/1508/1508 1476/1476/1476 1509/1509/1509
f 1509/1509/1509 1474/1474/1474 1499/1499/1499
f 1509/1509/1509 1476/1476/1476 1474/1474/1474
