g tb_outline_02_mesh
v -0.23939893 -0.28389034 0.0036482215
v -0.23939893 -0.2846633 0.010604799
v -0.22548577 -0.2846633 0.009058893
v -0.22625872 -0.28389034 0.0021023154
v -0.21234557 -0.2846633 0.009058893
v -0.21234557 -0.28389034 0.0021023154
v -0.21234557 -0.28389034 0.0021023154
v -0.21234557 -0.2846633 0.009058893
v -0.19688651 -0.26843128 0.0075129867
v -0.19688651 -0.26765832 0.0013293624
v -0.18142745 -0.25219926 0.009058893
v -0.18142745 -0.2514263 0.0021023154
v -0.16596839 -0.23596725 0.010604799
v -0.16596839 -0.2351943 0.0044211745
v -0.15050933 -0.21973523 0.011377752
v -0.15050933 -0.21896228 0.0044211745
v -0.13505027 -0.20350322 0.012150705
v -0.13505027 -0.20273027 0.0051941276
v -0.13505027 -0.20273027 0.0051941276
v -0.13505027 -0.20350322 0.012150705
v -0.11340758 -0.20273027 0.011377752
v -0.11340758 -0.20273027 0.0044211745
v -0.0917649 -0.20273027 0.010604799
v -0.0917649 -0.20273027 0.0044211745
v -0.07012221 -0.20273027 0.010604799
v -0.07012221 -0.20273027 0.0036482215
v -0.048479497 -0.20273027 0.009831846
v -0.048479497 -0.20195732 0.0028752685
v -0.026836812 -0.20273027 0.009058893
v -0.026836812 -0.20195732 0.0028752685
v -0.0051941276 -0.20195732 0.00828594
v -0.0051941276 -0.20195732 0.0021023154
v 0.016448557 -0.20195732 0.00828594
v 0.016448557 -0.20195732 0.0013293624
v 0.038091242 -0.20195732 0.0075129867
v 0.038091242 -0.20195732 0.00055640936
v 0.059733927 -0.20195732 0.0067400336
v 0.059733927 -0.20195732 0.00055640936
v 0.059733927 -0.20195732 0.00055640936
v 0.059733927 -0.20195732 0.0067400336
v 0.072101176 -0.21277866 0.0059670806
v 0.07132822 -0.21277866 -0.0009894967
v 0.08369547 -0.2236 0.0051941276
v 0.08369547 -0.2236 -0.0009894967
v 0.09606272 -0.23442134 0.0051941276
v 0.09606272 -0.23442134 -0.0017624497
v 0.09606272 -0.23442134 -0.0017624497
v 0.09606272 -0.23442134 0.0051941276
v 0.11770542 -0.2351943 0.0044211745
v 0.11770542 -0.23442134 -0.0017624497
v 0.1393481 -0.2351943 0.0044211745
v 0.1393481 -0.23442134 -0.0017624497
v 0.16021784 -0.2351943 0.0051941276
v 0.16021784 -0.23442134 -0.0017624497
v 0.18186052 -0.2351943 0.0051941276
v 0.18186052 -0.23442134 -0.0009894967
v 0.20350322 -0.2351943 0.0067400336
v 0.20350322 -0.23442134 -0.00021654367
v 0.2251459 -0.2351943 0.0075129867
v 0.2251459 -0.23442134 0.00055640936
v 0.24678859 -0.2351943 0.00828594
v 0.24678859 -0.2351943 0.0013293624
v 0.24678859 -0.2351943 0.0013293624
v 0.24678859 -0.2351943 0.00828594
v 0.24678859 -0.21277866 0.0067400336
v 0.24678859 -0.21277866 -0.00021654367
v 0.24678859 -0.190363 0.0059670806
v 0.24601564 -0.190363 -0.0009894967
v 0.24601564 -0.16794737 0.0051941276
v 0.24601564 -0.16794737 -0.0017624497
v 0.24601564 -0.14553173 0.0059670806
v 0.24601564 -0.14553173 -0.00021654367
v 0.24601564 -0.12311609 0.00828594
v 0.24601564 -0.12311609 0.0013293624
v 0.24601564 -0.12311609 0.0013293624
v 0.24601564 -0.12311609 0.00828594
v 0.23596725 -0.10842997 0.009058893
v 0.2351943 -0.10842997 0.0028752685
v 0.2251459 -0.09374386 0.010604799
v 0.2251459 -0.09374386 0.0036482215
v 0.21509752 -0.07905775 0.011377752
v 0.21509752 -0.07905775 0.0051941276
v 0.20504913 -0.064371645 0.012923658
v 0.20504913 -0.064371645 0.0059670806
v 0.20504913 -0.064371645 0.0059670806
v 0.20504913 -0.064371645 0.012923658
v 0.20504913 -0.041956007 0.015242517
v 0.20504913 -0.041956007 0.00828594
v 0.20504913 -0.01954037 0.01601547
v 0.20504913 -0.01954037 0.009058893
v 0.20427617 0.0028752685 0.016788423
v 0.20427617 0.0028752685 0.009831846
v 0.20427617 0.025290906 0.017561376
v 0.20427617 0.025290906 0.010604799
v 0.20427617 0.047706544 0.01833433
v 0.20427617 0.047706544 0.012150705
v 0.20427617 0.07012221 0.019880235
v 0.20427617 0.07012221 0.013696611
v 0.20427617 0.09253785 0.019107282
v 0.20427617 0.09253785 0.012923658
v 0.20427617 0.11495349 0.017561376
v 0.20427617 0.11495349 0.010604799
v 0.20427617 0.13736913 0.01601547
v 0.20427617 0.13736913 0.009058893
v 0.20427617 0.13736913 0.009058893
v 0.20427617 0.13736913 0.01601547
v 0.21818933 0.15592 0.015242517
v 0.21818933 0.15669295 0.00828594
v 0.23210248 0.17524382 0.012923658
v 0.23210248 0.17524382 0.0067400336
v 0.24601564 0.1937947 0.012150705
v 0.24601564 0.19456765 0.0059670806
v 0.2599288 0.21311852 0.01601547
v 0.2599288 0.21311852 0.009831846
v 0.27384195 0.2316694 0.013696611
v 0.27384195 0.23244235 0.0075129867
v 0.2877551 0.25099322 0.011377752
v 0.2877551 0.25099322 0.0044211745
v 0.2877551 0.25099322 0.0044211745
v 0.2877551 0.25099322 0.011377752
v 0.2877551 0.27340886 0.00828594
v 0.2877551 0.2741818 0.0021023154
v 0.2877551 0.2958245 0.009058893
v 0.2877551 0.29659745 0.0021023154
v 0.2877551 0.3190131 0.0059670806
v 0.2877551 0.3190131 -0.0009894967
v 0.2877551 0.34142873 0.0021023154
v 0.2877551 0.34142873 -0.004081309
v 0.2877551 0.36384436 0.0021023154
v 0.2877551 0.36384436 -0.004854262
v 0.2877551 0.38626 0.00828594
v 0.2877551 0.38703296 0.0013293624
v 0.2877551 0.4094486 0.014469564
v 0.2877551 0.4094486 0.0075129867
v 0.2877551 0.4318643 0.025290906
v 0.2877551 0.4318643 0.019107282
v 0.2877551 0.45427993 0.036885202
v 0.2877551 0.45427993 0.029928625
v 0.2877551 0.47669557 0.048479497
v 0.2877551 0.47746852 0.042295873
v 0.2877551 0.4991112 0.058527887
v 0.2877551 0.49988416 0.052344263
v 0.2877551 0.49988416 0.052344263
v 0.2877551 0.4991112 0.058527887
v 0.2645665 0.49988416 0.060846746
v 0.2645665 0.49988416 0.05466312
v 0.24215087 0.49988416 0.060073793
v 0.24215087 0.49988416 0.05389017
v 0.21896228 0.49988416 0.05930084
v 0.21896228 0.49988416 0.052344263
v 0.19577368 0.49988416 0.057754934
v 0.19577368 0.5006571 0.05157131
v 0.17335804 0.49988416 0.05698198
v 0.17335804 0.5006571 0.050025403
v 0.15016945 0.5006571 0.055436075
v 0.15016945 0.5006571 0.048479497
v 0.12698086 0.5006571 0.05466312
v 0.12698086 0.5006571 0.047706544
v 0.1045652 0.5006571 0.053117216
v 0.1045652 0.5006571 0.04616064
v 0.08137661 0.5006571 0.048479497
v 0.08137661 0.5006571 0.042295873
v 0.05818802 0.5006571 0.043068826
v 0.05818802 0.50143003 0.03611225
v 0.035772383 0.50143003 0.037658155
v 0.035772383 0.50143003 0.030701578
v 0.012583792 0.50143003 0.03147453
v 0.012583792 0.50143003 0.024517953
v -0.010604799 0.50143003 0.024517953
v -0.010604799 0.50143003 0.01833433
v -0.033020437 0.50143003 0.020653188
v -0.03379339 0.50143003 0.013696611
v -0.056209028 0.50143003 0.01601547
v -0.056209028 0.502203 0.009831846
v -0.07939765 0.502203 0.012923658
v -0.07939765 0.502203 0.0059670806
v -0.10258624 0.502203 0.010604799
v -0.10258624 0.502203 0.0036482215
v -0.12500188 0.502203 0.0075129867
v -0.12500188 0.502203 0.0013293624
v -0.14819047 0.502203 0.0051941276
v -0.14819047 0.502203 -0.0017624497
v -0.17137906 0.502203 0.0021023154
v -0.17137906 0.50297594 -0.004081309
v -0.1937947 0.502203 0.0013293624
v -0.1937947 0.50297594 -0.005627215
v -0.21698329 0.50297594 0.0013293624
v -0.21698329 0.50297594 -0.004854262
v -0.21698329 0.50297594 -0.004854262
v -0.21698329 0.50297594 0.0013293624
v -0.21698329 0.47978738 0.0051941276
v -0.21698329 0.47978738 -0.0009894967
v -0.21698329 0.4565988 0.013696611
v -0.21698329 0.45737174 0.0075129867
v -0.21698329 0.4334102 0.023745
v -0.21698329 0.43418315 0.016788423
v -0.21698329 0.4109945 0.03147453
v -0.21698329 0.4109945 0.025290906
v -0.21698329 0.3878059 0.03147453
v -0.21698329 0.3878059 0.025290906
v -0.21698329 0.36461732 0.028382719
v -0.21698329 0.36539027 0.021426141
v -0.21698329 0.34220168 0.023745
v -0.21698329 0.34220168 0.016788423
v -0.21698329 0.3190131 0.01833433
v -0.21698329 0.3190131 0.011377752
v -0.21698329 0.2958245 0.014469564
v -0.21698329 0.2958245 0.0075129867
v -0.21698329 0.2726359 0.014469564
v -0.21698329 0.27340886 0.0075129867
v -0.21698329 0.25022027 0.01601547
v -0.21698329 0.25022027 0.009058893
v -0.21698329 0.25022027 0.009058893
v -0.21698329 0.25022027 0.01601547
v -0.19920537 0.23630711 0.01833433
v -0.19920537 0.23708007 0.011377752
v -0.18142745 0.22316691 0.021426141
v -0.18142745 0.22393987 0.014469564
v -0.18142745 0.22393987 0.014469564
v -0.18142745 0.22316691 0.021426141
v -0.18142745 0.20075127 0.025290906
v -0.18142745 0.20152423 0.01833433
v -0.18142745 0.17833564 0.027609766
v -0.18142745 0.17910859 0.020653188
v -0.18142745 0.15592 0.024517953
v -0.18142745 0.15669295 0.017561376
v -0.18142745 0.13350436 0.021426141
v -0.18142745 0.13427731 0.014469564
v -0.18142745 0.11108872 0.019107282
v -0.18142745 0.111861676 0.012923658
v -0.18142745 0.088673085 0.016788423
v -0.18142745 0.08944604 0.009831846
v -0.18142745 0.06625745 0.014469564
v -0.18142745 0.0670304 0.0075129867
v -0.18142745 0.044614732 0.012150705
v -0.18142745 0.044614732 0.0051941276
v -0.18142745 0.022199094 0.012150705
v -0.18142745 0.022199094 0.0051941276
v -0.18142745 -0.00021654367 0.012923658
v -0.18142745 -0.00021654367 0.0067400336
v -0.18142745 -0.022632182 0.015242517
v -0.18142745 -0.022632182 0.00828594
v -0.18142745 -0.04504782 0.016788423
v -0.18142745 -0.04504782 0.010604799
v -0.18142745 -0.06746346 0.01833433
v -0.18142745 -0.06746346 0.011377752
v -0.18142745 -0.089879096 0.019880235
v -0.18142745 -0.089879096 0.012923658
v -0.18142745 -0.089879096 0.012923658
v -0.18142745 -0.089879096 0.019880235
v -0.19611356 -0.10842997 0.020653188
v -0.19611356 -0.10842997 0.013696611
v -0.21079966 -0.12698086 0.019880235
v -0.21079966 -0.1262079 0.012923658
v -0.22471282 -0.14475878 0.017561376
v -0.22548577 -0.14475878 0.011377752
v -0.23939893 -0.16330965 0.016788423
v -0.23939893 -0.16330965 0.010604799
v -0.23939893 -0.16330965 0.010604799
v -0.23939893 -0.16330965 0.016788423
v -0.23939893 -0.18340643 0.01601547
v -0.23939893 -0.18340643 0.009831846
v -0.23939893 -0.20350322 0.01601547
v -0.23939893 -0.20350322 0.009058893
v -0.23939893 -0.2236 0.012923658
v -0.23939893 -0.2236 0.0059670806
v -0.23939893 -0.24369678 0.010604799
v -0.23939893 -0.24369678 0.0036482215
v -0.23939893 -0.2645665 0.00828594
v -0.23939893 -0.26379356 0.0021023154
v -0.23939893 -0.2846633 0.010604799
v -0.23939893 -0.28389034 0.0036482215
v 0.2367402 -0.2251459 0.00055640936
v 0.2367402 -0.2251459 0.0067400336
v 0.21355161 -0.2251459 0.0059670806
v 0.21355161 -0.2251459 -0.00021654367
v 0.19113596 -0.2251459 0.0051941276
v 0.19113596 -0.22437295 -0.0017624497
v 0.16794737 -0.2251459 0.0051941276
v 0.16794737 -0.22437295 -0.0017624497
v 0.14553173 -0.2251459 0.0044211745
v 0.14553173 -0.22437295 -0.0017624497
v 0.12234314 -0.2251459 0.0044211745
v 0.12234314 -0.22437295 -0.0017624497
v 0.099927485 -0.2251459 0.0051941276
v 0.099927485 -0.22437295 -0.0017624497
v 0.099927485 -0.22437295 -0.0017624497
v 0.099927485 -0.2251459 0.0051941276
v 0.08756024 -0.21355161 0.0059670806
v 0.08756024 -0.21355161 -0.0009894967
v 0.07596594 -0.20273027 0.0067400336
v 0.07519299 -0.20273027 -0.00021654367
v 0.06359869 -0.19190891 0.0075129867
v 0.06359869 -0.19190891 0.00055640936
v 0.06359869 -0.19190891 0.00055640936
v 0.06359869 -0.19190891 0.0075129867
v 0.041183054 -0.19190891 0.0075129867
v 0.041183054 -0.19190891 0.00055640936
v 0.018767416 -0.19190891 0.00828594
v 0.018767416 -0.19190891 0.0013293624
v -0.0036482215 -0.19268186 0.00828594
v -0.0036482215 -0.19190891 0.0013293624
v -0.026836812 -0.19268186 0.009058893
v -0.026836812 -0.19190891 0.0021023154
v -0.04925245 -0.19268186 0.010604799
v -0.04925245 -0.19268186 0.0036482215
v -0.07166812 -0.19268186 0.010604799
v -0.07166812 -0.19268186 0.0044211745
v -0.094083756 -0.19268186 0.011377752
v -0.094083756 -0.19268186 0.0044211745
v -0.116499394 -0.19268186 0.012150705
v -0.116499394 -0.19268186 0.0051941276
v -0.13891503 -0.19345482 0.012923658
v -0.13891503 -0.19268186 0.0059670806
v -0.13891503 -0.19268186 0.0059670806
v -0.13891503 -0.19345482 0.012923658
v -0.1543741 -0.20968685 0.012150705
v -0.1543741 -0.20891389 0.0059670806
v -0.16983315 -0.22591886 0.012150705
v -0.16983315 -0.2251459 0.0051941276
v -0.18529221 -0.24215087 0.010604799
v -0.18529221 -0.24137792 0.0036482215
v -0.20075127 -0.2583829 0.00828594
v -0.20075127 -0.25760993 0.0013293624
v -0.21621034 -0.2746149 0.00828594
v -0.21621034 -0.27384195 0.0013293624
v -0.21621034 -0.27384195 0.0013293624
v -0.21621034 -0.2746149 0.00828594
v -0.22935054 -0.2746149 0.00828594
v -0.22935054 -0.27384195 0.0013293624
v -0.22935054 -0.27384195 0.0013293624
v -0.22935054 -0.2746149 0.00828594
v -0.22935054 -0.25297222 0.009058893
v -0.22935054 -0.25297222 0.0021023154
v -0.22935054 -0.23132953 0.011377752
v -0.22935054 -0.23132953 0.0044211745
v -0.22935054 -0.20968685 0.015242517
v -0.22935054 -0.20968685 0.00828594
v -0.22935054 -0.18804415 0.01601547
v -0.22935054 -0.18804415 0.009058893
v -0.22935054 -0.16640146 0.016788423
v -0.23012349 -0.16640146 0.009831846
v -0.23012349 -0.16640146 0.009831846
v -0.22935054 -0.16640146 0.016788423
v -0.21543738 -0.14862354 0.016788423
v -0.21543738 -0.14785059 0.009831846
v -0.20075127 -0.13007267 0.019107282
v -0.20075127 -0.13007267 0.012150705
v -0.18606517 -0.11152178 0.019880235
v -0.18606517 -0.11152178 0.012923658
v -0.17137906 -0.09374386 0.019880235
v -0.17137906 -0.09374386 0.012923658
v -0.17137906 -0.09374386 0.012923658
v -0.17137906 -0.09374386 0.019880235
v -0.17137906 -0.07055527 0.01833433
v -0.17137906 -0.07055527 0.012150705
v -0.17137906 -0.04736668 0.016788423
v -0.17137906 -0.04736668 0.010604799
v -0.17137906 -0.02495104 0.015242517
v -0.17137906 -0.024178088 0.00828594
v -0.17137906 -0.0017624497 0.013696611
v -0.17137906 -0.0017624497 0.0067400336
v -0.17137906 0.021426141 0.011377752
v -0.17137906 0.021426141 0.0051941276
v -0.17137906 0.044614732 0.011377752
v -0.17137906 0.044614732 0.0044211745
v -0.17137906 0.0670304 0.013696611
v -0.17137906 0.06780335 0.0067400336
v -0.17137906 0.09021899 0.016788423
v -0.17137906 0.090991944 0.009831846
v -0.17137906 0.11340758 0.019107282
v -0.17137906 0.11340758 0.012150705
v -0.17137906 0.13659617 0.020653188
v -0.17137906 0.13659617 0.013696611
v -0.17137906 0.15901181 0.023745
v -0.17137906 0.15978476 0.016788423
v -0.17137906 0.1822004 0.026836812
v -0.17137906 0.18297336 0.019880235
v -0.17137906 0.205389 0.024517953
v -0.17137906 0.205389 0.017561376
v -0.17137906 0.22857758 0.020653188
v -0.17137906 0.22857758 0.013696611
v -0.17137906 0.22857758 0.013696611
v -0.17137906 0.22857758 0.020653188
v -0.18915698 0.24171779 0.017561376
v -0.18915698 0.24171779 0.011377752
v -0.2069349 0.254858 0.015242517
v -0.2069349 0.254858 0.009058893
v -0.2069349 0.254858 0.009058893
v -0.2069349 0.254858 0.015242517
v -0.2069349 0.27650067 0.014469564
v -0.2069349 0.27650067 0.0075129867
v -0.2069349 0.29814336 0.014469564
v -0.2069349 0.29814336 0.0075129867
v -0.2069349 0.31978604 0.017561376
v -0.2069349 0.31978604 0.011377752
v -0.2069349 0.34142873 0.021426141
v -0.2069349 0.34142873 0.014469564
v -0.2069349 0.3630714 0.025290906
v -0.2069349 0.3630714 0.019107282
v -0.2069349 0.3847141 0.028382719
v -0.2069349 0.3847141 0.021426141
v -0.2069349 0.40635678 0.029928625
v -0.2069349 0.40635678 0.022972047
v -0.2069349 0.42799953 0.023745
v -0.2069349 0.42799953 0.017561376
v -0.2069349 0.4496422 0.016788423
v -0.2069349 0.4496422 0.010604799
v -0.2069349 0.4712849 0.0075129867
v -0.2069349 0.4712849 0.00055640936
v -0.2069349 0.49292758 0.0021023154
v -0.2069349 0.49292758 -0.004854262
v -0.2069349 0.49292758 -0.004854262
v -0.2069349 0.49292758 0.0021023154
v -0.18374631 0.49215463 0.0021023154
v -0.18374631 0.49292758 -0.004854262
v -0.16055772 0.49215463 0.0028752685
v -0.16055772 0.49292758 -0.0033083558
v -0.13736913 0.49215463 0.0059670806
v -0.13736913 0.49215463 -0.0009894967
v -0.11495349 0.49215463 0.00828594
v -0.11495349 0.49215463 0.0013293624
v -0.0917649 0.49215463 0.010604799
v -0.0917649 0.49215463 0.0036482215
v -0.068576306 0.49138168 0.012923658
v -0.068576306 0.49215463 0.0067400336
v -0.045387685 0.49138168 0.01601547
v -0.045387685 0.49215463 0.009058893
v -0.022199094 0.49138168 0.019880235
v -0.022199094 0.49138168 0.013696611
v 0.0009894967 0.49138168 0.023745
v 0.0009894967 0.49138168 0.016788423
v 0.024178088 0.49138168 0.029928625
v 0.024178088 0.49138168 0.022972047
v 0.046593726 0.49138168 0.03611225
v 0.046593726 0.49138168 0.029155672
v 0.06978232 0.49060872 0.04152292
v 0.06978232 0.49138168 0.034566343
v 0.09297091 0.49060872 0.04693359
v 0.09297091 0.49060872 0.040749967
v 0.11615951 0.49060872 0.050798357
v 0.11615951 0.49060872 0.044614732
v 0.1393481 0.49060872 0.052344263
v 0.1393481 0.49060872 0.045387685
v 0.1625367 0.49060872 0.053117216
v 0.1625367 0.49060872 0.04616064
v 0.18572529 0.48983577 0.05466312
v 0.18572529 0.49060872 0.047706544
v 0.20814094 0.48983577 0.055436075
v 0.20814094 0.48983577 0.048479497
v 0.23132953 0.48983577 0.057754934
v 0.23132953 0.48983577 0.050798357
v 0.25451812 0.48983577 0.058527887
v 0.25451812 0.48983577 0.05157131
v 0.2777067 0.48983577 0.05930084
v 0.2777067 0.48983577 0.052344263
v 0.2777067 0.48983577 0.052344263
v 0.2777067 0.48983577 0.05930084
v 0.2777067 0.46587422 0.044614732
v 0.2777067 0.46587422 0.038431108
v 0.2777067 0.44268563 0.030701578
v 0.2777067 0.44268563 0.023745
v 0.2777067 0.4187241 0.019107282
v 0.2777067 0.41949704 0.012150705
v 0.2777067 0.39553544 0.009831846
v 0.2777067 0.39553544 0.0036482215
v 0.2777067 0.3715739 0.0044211745
v 0.2777067 0.37234685 -0.0025354028
v 0.2777067 0.3483853 0.0021023154
v 0.2777067 0.3483853 -0.004854262
v 0.2777067 0.3251967 0.0051941276
v 0.2777067 0.3251967 -0.0009894967
v 0.2777067 0.30123517 0.009058893
v 0.2777067 0.30123517 0.0028752685
v 0.2777067 0.27804658 0.009831846
v 0.2777067 0.27804658 0.0028752685
v 0.2777067 0.25408503 0.011377752
v 0.2777067 0.254858 0.0044211745
v 0.2777067 0.254858 0.0044211745
v 0.2777067 0.25408503 0.011377752
v 0.26379356 0.23553416 0.014469564
v 0.26379356 0.23553416 0.0075129867
v 0.2498804 0.21621034 0.016788423
v 0.2498804 0.21621034 0.009831846
v 0.23596725 0.19765946 0.012150705
v 0.23596725 0.19765946 0.0059670806
v 0.2220541 0.17833564 0.010604799
v 0.2220541 0.17833564 0.0044211745
v 0.20814094 0.15978476 0.012923658
v 0.20814094 0.15978476 0.0059670806
v 0.19422777 0.14046094 0.015242517
v 0.19422777 0.14046094 0.00828594
v 0.19422777 0.14046094 0.00828594
v 0.19422777 0.14046094 0.015242517
v 0.19422777 0.11727235 0.016788423
v 0.19422777 0.11727235 0.010604799
v 0.19422777 0.094083756 0.019107282
v 0.19422777 0.094083756 0.012150705
v 0.19422777 0.070895165 0.020653188
v 0.19422777 0.07166812 0.013696611
v 0.19422777 0.047706544 0.019107282
v 0.19422777 0.048479497 0.012150705
v 0.19422777 0.024517953 0.017561376
v 0.19422777 0.025290906 0.010604799
v 0.19422777 0.0013293624 0.016788423
v 0.19422777 0.0021023154 0.009831846
v 0.19500072 -0.021859229 0.01601547
v 0.19500072 -0.021086276 0.009831846
v 0.19500072 -0.044274867 0.015242517
v 0.19500072 -0.044274867 0.00828594
v 0.19500072 -0.06746346 0.012923658
v 0.19500072 -0.06746346 0.0059670806
v 0.19500072 -0.06746346 0.0059670806
v 0.19500072 -0.06746346 0.012923658
v 0.20504913 -0.082149565 0.011377752
v 0.20504913 -0.082149565 0.0051941276
v 0.21509752 -0.09683567 0.010604799
v 0.21509752 -0.09683567 0.0036482215
v 0.22591886 -0.11152178 0.009831846
v 0.22591886 -0.11152178 0.0028752685
v 0.23596725 -0.1262079 0.00828594
v 0.23596725 -0.1262079 0.0013293624
v 0.23596725 -0.1262079 0.0013293624
v 0.23596725 -0.1262079 0.00828594
v 0.23596725 -0.14630468 0.0067400336
v 0.23596725 -0.14630468 -0.00021654367
v 0.23596725 -0.16562851 0.0051941276
v 0.23596725 -0.16562851 -0.0017624497
v 0.2367402 -0.18572529 0.0051941276
v 0.2367402 -0.18572529 -0.0017624497
v 0.2367402 -0.20504913 0.0059670806
v 0.2367402 -0.20504913 -0.0009894967
v 0.2367402 -0.2251459 0.0067400336
v 0.2367402 -0.2251459 0.00055640936
v 0.23905906 -0.14630468 0.0067400336
v 0.23596725 -0.14630468 0.0067400336
v 0.23596725 -0.1262079 0.00828594
v 0.23596725 -0.16562851 0.0051941276
v 0.23983201 -0.16562851 0.0051941276
v 0.2367402 -0.18572529 0.0051941276
v 0.23983201 -0.18572529 0.0051941276
v 0.2367402 -0.20504913 0.0059670806
v 0.23983201 -0.20504913 0.0059670806
v 0.2367402 -0.2251459 0.0067400336
v 0.23905906 -0.12543495 0.00828594
v 0.24292383 -0.14553173 0.0067400336
v 0.24292383 -0.16794737 0.0051941276
v 0.24292383 -0.190363 0.0051941276
v 0.24292383 -0.21277866 0.0067400336
v 0.22823772 -0.109975874 0.009831846
v 0.22591886 -0.11152178 0.009831846
v 0.21818933 -0.09528977 0.010604799
v 0.21509752 -0.09683567 0.010604799
v 0.20814094 -0.08060366 0.011377752
v 0.20504913 -0.082149565 0.011377752
v 0.19809254 -0.066690505 0.012923658
v 0.19500072 -0.06746346 0.012923658
v 0.19500072 -0.044274867 0.015242517
v 0.19809254 -0.044274867 0.015242517
v 0.19500072 -0.021859229 0.01601547
v 0.20195732 -0.06591755 0.012923658
v 0.21277866 -0.08137661 0.011377752
v 0.22282705 -0.09606272 0.010604799
v 0.23287544 -0.11074883 0.009058893
v 0.19809254 -0.021859229 0.01601547
v 0.19422777 0.0013293624 0.016788423
v 0.20118436 -0.041956007 0.015242517
v 0.20504913 -0.064371645 0.012923658
v 0.21509752 -0.07905775 0.011377752
v 0.2251459 -0.09374386 0.010604799
v 0.20504913 -0.041956007 0.015242517
v 0.23596725 -0.10842997 0.009058893
v 0.24215087 -0.124662 0.00828594
v 0.24601564 -0.12311609 0.00828594
v 0.24601564 -0.14553173 0.0059670806
v 0.24601564 -0.16794737 0.0051941276
v 0.24678859 -0.190363 0.0059670806
v 0.24678859 -0.21277866 0.0067400336
v 0.24678859 -0.2351943 0.00828594
v 0.2251459 -0.23132953 0.0075129867
v 0.2251459 -0.2351943 0.0075129867
v 0.21355161 -0.22823772 0.0067400336
v 0.21355161 -0.2251459 0.0059670806
v 0.19113596 -0.2251459 0.0051941276
v 0.20350322 -0.23132953 0.0059670806
v 0.20350322 -0.2351943 0.0067400336
v 0.19113596 -0.22823772 0.0051941276
v 0.16794737 -0.2251459 0.0051941276
v 0.18186052 -0.23132953 0.0051941276
v 0.18186052 -0.2351943 0.0051941276
v 0.16794737 -0.22823772 0.0051941276
v 0.14553173 -0.2251459 0.0044211745
v 0.16021784 -0.23132953 0.0044211745
v 0.16021784 -0.2351943 0.0051941276
v 0.14553173 -0.22823772 0.0044211745
v 0.12234314 -0.2251459 0.0044211745
v 0.1393481 -0.23132953 0.0044211745
v 0.1393481 -0.2351943 0.0044211745
v 0.12234314 -0.22823772 0.0044211745
v 0.099927485 -0.2251459 0.0051941276
v 0.11770542 -0.23132953 0.0044211745
v 0.11770542 -0.2351943 0.0044211745
v 0.09606272 -0.23442134 0.0051941276
v 0.08369547 -0.2236 0.0051941276
v 0.09915453 -0.22591886 0.0051941276
v 0.08678728 -0.21509752 0.0059670806
v 0.08756024 -0.21355161 0.0059670806
v 0.08601433 -0.21973523 0.0051941276
v 0.072101176 -0.21277866 0.0059670806
v 0.074420035 -0.20968685 0.0059670806
v 0.059733927 -0.20195732 0.0067400336
v 0.074420035 -0.20350322 0.0067400336
v 0.07596594 -0.20273027 0.0067400336
v 0.06359869 -0.19190891 0.0075129867
v 0.041183054 -0.19190891 0.0075129867
v 0.06050688 -0.20041141 0.0067400336
v 0.038091242 -0.20041141 0.0075129867
v 0.038091242 -0.20195732 0.0075129867
v 0.016448557 -0.20195732 0.00828594
v 0.0404101 -0.19654663 0.0075129867
v 0.018767416 -0.19190891 0.00828594
v 0.018767416 -0.19654663 0.00828594
v -0.0036482215 -0.19268186 0.00828594
v 0.016448557 -0.20041141 0.00828594
v -0.0051941276 -0.20195732 0.00828594
v -0.0036482215 -0.19654663 0.00828594
v -0.0051941276 -0.20118436 0.00828594
v -0.026836812 -0.20273027 0.009058893
v -0.026836812 -0.19654663 0.009058893
v -0.026836812 -0.19268186 0.009058893
v -0.026836812 -0.20118436 0.009058893
v -0.048479497 -0.20273027 0.009831846
v -0.048479497 -0.20118436 0.009831846
v -0.07012221 -0.20273027 0.010604799
v -0.04925245 -0.19654663 0.009831846
v -0.04925245 -0.19268186 0.010604799
v -0.07012221 -0.20118436 0.010604799
v -0.0917649 -0.20273027 0.010604799
v -0.07166812 -0.19731958 0.010604799
v -0.07166812 -0.19268186 0.010604799
v -0.0917649 -0.20118436 0.010604799
v -0.11340758 -0.20273027 0.011377752
v -0.094083756 -0.19731958 0.011377752
v -0.094083756 -0.19268186 0.011377752
v -0.11340758 -0.20118436 0.011377752
v -0.13505027 -0.20350322 0.012150705
v -0.11572644 -0.19731958 0.011377752
v -0.116499394 -0.19268186 0.012150705
v -0.13505027 -0.20195732 0.012150705
v -0.15050933 -0.21896228 0.011377752
v -0.15050933 -0.21973523 0.011377752
v -0.16596839 -0.23596725 0.010604799
v -0.1543741 -0.20968685 0.012150705
v -0.13891503 -0.19345482 0.012923658
v -0.1543741 -0.20968685 0.012150705
v -0.16983315 -0.22591886 0.012150705
v -0.16983315 -0.22591886 0.012150705
v -0.18529221 -0.24215087 0.010604799
v -0.16596839 -0.2351943 0.010604799
v -0.18142745 -0.25219926 0.009058893
v -0.18529221 -0.24215087 0.010604799
v -0.20075127 -0.2583829 0.00828594
v -0.1822004 -0.2514263 0.009058893
v -0.20075127 -0.2583829 0.00828594
v -0.21621034 -0.2746149 0.00828594
v -0.19688651 -0.26765832 0.0075129867
v -0.19688651 -0.26843128 0.0075129867
v -0.22625872 -0.28079852 0.009058893
v -0.21234557 -0.2846633 0.009058893
v -0.22548577 -0.2846633 0.009058893
v -0.23939893 -0.2846633 0.010604799
v -0.23939893 -0.2645665 0.00828594
v -0.21621034 -0.2746149 0.00828594
v -0.22935054 -0.2746149 0.00828594
v -0.23012349 -0.2746149 0.00828594
v -0.23630711 -0.2630206 0.00828594
v -0.23939893 -0.24369678 0.010604799
v -0.2332153 -0.25297222 0.009058893
v -0.22935054 -0.25297222 0.009058893
v -0.23630711 -0.24369678 0.010604799
v -0.2332153 -0.23132953 0.011377752
v -0.22935054 -0.23132953 0.011377752
v -0.23630711 -0.2236 0.012923658
v -0.23939893 -0.2236 0.012923658
v -0.2332153 -0.20968685 0.015242517
v -0.22935054 -0.20968685 0.015242517
v -0.23630711 -0.20350322 0.01601547
v -0.23939893 -0.20350322 0.01601547
v -0.2332153 -0.18804415 0.01601547
v -0.22935054 -0.18804415 0.01601547
v -0.22935054 -0.16640146 0.016788423
v -0.23630711 -0.18340643 0.01601547
v -0.23939893 -0.18340643 0.01601547
v -0.2332153 -0.16562851 0.016788423
v -0.23630711 -0.1640826 0.016788423
v -0.23939893 -0.16330965 0.016788423
v -0.22471282 -0.14475878 0.017561376
v -0.22239396 -0.14707763 0.017561376
v -0.21079966 -0.12698086 0.019880235
v -0.21775624 -0.14630468 0.016788423
v -0.21543738 -0.14862354 0.016788423
v -0.20770785 -0.12852676 0.019107282
v -0.19611356 -0.10842997 0.020653188
v -0.20307013 -0.12775381 0.019107282
v -0.20075127 -0.13007267 0.019107282
v -0.19302174 -0.11074883 0.019880235
v -0.18142745 -0.089879096 0.019880235
v -0.18838403 -0.109975874 0.019880235
v -0.18606517 -0.11152178 0.019880235
v -0.17756268 -0.091425 0.019880235
v -0.17447087 -0.092197955 0.019880235
v -0.17137906 -0.09374386 0.019880235
v -0.17137906 -0.07055527 0.01833433
v -0.17447087 -0.07055527 0.01833433
v -0.17137906 -0.04736668 0.016788423
v -0.17756268 -0.06746346 0.01833433
v -0.18142745 -0.06746346 0.01833433
v -0.17447087 -0.04736668 0.016788423
v -0.17137906 -0.02495104 0.015242517
v -0.17756268 -0.04504782 0.016788423
v -0.18142745 -0.04504782 0.016788423
v -0.17447087 -0.02495104 0.015242517
v -0.17137906 -0.0017624497 0.013696611
v -0.17756268 -0.022632182 0.015242517
v -0.18142745 -0.022632182 0.015242517
v -0.17447087 -0.0017624497 0.012923658
v -0.17137906 0.021426141 0.011377752
v -0.17756268 -0.00021654367 0.012923658
v -0.18142745 -0.00021654367 0.012923658
v -0.17447087 0.021426141 0.012150705
v -0.17137906 0.044614732 0.011377752
v -0.17756268 0.022199094 0.012150705
v -0.18142745 0.022199094 0.012150705
v -0.17447087 0.044614732 0.011377752
v -0.17137906 0.0670304 0.013696611
v -0.17756268 0.044614732 0.011377752
v -0.18142745 0.044614732 0.012150705
v -0.17756268 0.06625745 0.014469564
v -0.18142745 0.06625745 0.014469564
v -0.17447087 0.0670304 0.013696611
v -0.17137906 0.09021899 0.016788423
v -0.17756268 0.088673085 0.016788423
v -0.18142745 0.088673085 0.016788423
v -0.17447087 0.09021899 0.016788423
v -0.17137906 0.11340758 0.019107282
v -0.17756268 0.11108872 0.019107282
v -0.18142745 0.11108872 0.019107282
v -0.17447087 0.11340758 0.019107282
v -0.17137906 0.13659617 0.020653188
v -0.17756268 0.13350436 0.021426141
v -0.18142745 0.13350436 0.021426141
v -0.18142745 0.15592 0.024517953
v -0.17447087 0.13659617 0.021426141
v -0.17137906 0.15901181 0.023745
v -0.17756268 0.15592 0.024517953
v -0.18142745 0.17833564 0.027609766
v -0.17447087 0.15901181 0.024517953
v -0.17137906 0.1822004 0.026836812
v -0.17756268 0.17833564 0.026836812
v -0.18142745 0.20075127 0.025290906
v -0.17447087 0.1822004 0.027609766
v -0.17137906 0.205389 0.024517953
v -0.17756268 0.20075127 0.025290906
v -0.18142745 0.22316691 0.021426141
v -0.17137906 0.22857758 0.020653188
v -0.18915698 0.24171779 0.017561376
v -0.19070289 0.23862597 0.01833433
v -0.2069349 0.254858 0.015242517
v -0.19688651 0.23939893 0.017561376
v -0.19920537 0.23630711 0.01833433
v -0.21698329 0.25022027 0.01601547
v -0.21311852 0.2726359 0.014469564
v -0.21698329 0.2726359 0.014469564
v -0.21002671 0.27650067 0.014469564
v -0.2069349 0.27650067 0.014469564
v -0.21311852 0.2958245 0.014469564
v -0.21698329 0.2958245 0.014469564
v -0.21002671 0.29814336 0.014469564
v -0.2069349 0.29814336 0.014469564
v -0.21311852 0.3190131 0.01833433
v -0.21698329 0.3190131 0.01833433
v -0.21002671 0.31978604 0.01833433
v -0.2069349 0.31978604 0.017561376
v -0.21311852 0.34220168 0.022972047
v -0.21698329 0.34220168 0.023745
v -0.21002671 0.34142873 0.022199094
v -0.2069349 0.34142873 0.021426141
v -0.21002671 0.3630714 0.02606386
v -0.2069349 0.3630714 0.025290906
v -0.2069349 0.3847141 0.028382719
v -0.21311852 0.36461732 0.027609766
v -0.21698329 0.36461732 0.028382719
v -0.21002671 0.3847141 0.029155672
v -0.2069349 0.40635678 0.029928625
v -0.21311852 0.3878059 0.030701578
v -0.21698329 0.3878059 0.03147453
v -0.21002671 0.40635678 0.030701578
v -0.2069349 0.42799953 0.023745
v -0.21311852 0.4109945 0.030701578
v -0.21698329 0.4109945 0.03147453
v -0.21002671 0.42799953 0.024517953
v -0.21389148 0.4334102 0.022972047
v -0.21698329 0.4334102 0.023745
v -0.21002671 0.4496422 0.017561376
v -0.2069349 0.4496422 0.016788423
v -0.21389148 0.4565988 0.013696611
v -0.21698329 0.4565988 0.013696611
v -0.21698329 0.47978738 0.0051941276
v -0.21002671 0.4712849 0.0075129867
v -0.2069349 0.4712849 0.0075129867
v -0.2069349 0.49292758 0.0021023154
v -0.21389148 0.47978738 0.0051941276
v -0.21698329 0.50297594 0.0013293624
v -0.1937947 0.4991112 0.0013293624
v -0.1937947 0.502203 0.0013293624
v -0.18374631 0.4960194 0.0013293624
v -0.18374631 0.49215463 0.0021023154
v -0.17137906 0.4991112 0.0021023154
v -0.17137906 0.502203 0.0021023154
v -0.14819047 0.502203 0.0051941276
v -0.16055772 0.4960194 0.0028752685
v -0.16055772 0.49215463 0.0028752685
v -0.14819047 0.4991112 0.0044211745
v -0.13736913 0.49524644 0.0059670806
v -0.13736913 0.49215463 0.0059670806
v -0.12500188 0.4991112 0.0075129867
v -0.12500188 0.502203 0.0075129867
v -0.10258624 0.502203 0.010604799
v -0.114180535 0.49524644 0.00828594
v -0.11495349 0.49215463 0.00828594
v -0.10258624 0.49833825 0.009831846
v -0.07939765 0.502203 0.012923658
v -0.0917649 0.49524644 0.010604799
v -0.0917649 0.49215463 0.010604799
v -0.07939765 0.49833825 0.012923658
v -0.056209028 0.50143003 0.01601547
v -0.068576306 0.49524644 0.013696611
v -0.068576306 0.49138168 0.012923658
v -0.056209028 0.49833825 0.01601547
v -0.033020437 0.50143003 0.020653188
v -0.045387685 0.49524644 0.016788423
v -0.045387685 0.49138168 0.01601547
v -0.03379339 0.49833825 0.019880235
v -0.010604799 0.50143003 0.024517953
v -0.022199094 0.4944735 0.021426141
v -0.022199094 0.49138168 0.019880235
v -0.010604799 0.49833825 0.023745
v 0.012583792 0.50143003 0.03147453
v 0.0009894967 0.4944735 0.02606386
v 0.0009894967 0.49138168 0.023745
v 0.012583792 0.4975653 0.029928625
v 0.024178088 0.4944735 0.032247484
v 0.024178088 0.49138168 0.029928625
v 0.035772383 0.4975653 0.036885202
v 0.035772383 0.50143003 0.037658155
v 0.05818802 0.5006571 0.043068826
v 0.04736668 0.4944735 0.038431108
v 0.046593726 0.49138168 0.03611225
v 0.05818802 0.4975653 0.042295873
v 0.08137661 0.5006571 0.048479497
v 0.06978232 0.4944735 0.044614732
v 0.06978232 0.49060872 0.04152292
v 0.08137661 0.4975653 0.048479497
v 0.09297091 0.49370053 0.050798357
v 0.09297091 0.49060872 0.04693359
v 0.1045652 0.4975653 0.05389017
v 0.1045652 0.5006571 0.053117216
v 0.11615951 0.49370053 0.05466312
v 0.11615951 0.49060872 0.050798357
v 0.1393481 0.49060872 0.052344263
v 0.12698086 0.49679235 0.05466312
v 0.12698086 0.5006571 0.05466312
v 0.15016945 0.5006571 0.055436075
v 0.1393481 0.49370053 0.055436075
v 0.1625367 0.49060872 0.053117216
v 0.15016945 0.49679235 0.056209028
v 0.1625367 0.49370053 0.05698198
v 0.17335804 0.49679235 0.05698198
v 0.17335804 0.49988416 0.05698198
v 0.19577368 0.49988416 0.057754934
v 0.18572529 0.49370053 0.057754934
v 0.18572529 0.48983577 0.05466312
v 0.19577368 0.49679235 0.058527887
v 0.20891389 0.49292758 0.058527887
v 0.20814094 0.48983577 0.055436075
v 0.21896228 0.49679235 0.05930084
v 0.21896228 0.49988416 0.05930084
v 0.24215087 0.49988416 0.060073793
v 0.23132953 0.49292758 0.060073793
v 0.23132953 0.48983577 0.057754934
v 0.24215087 0.49679235 0.060846746
v 0.25451812 0.49292758 0.060846746
v 0.25451812 0.48983577 0.058527887
v 0.2777067 0.48983577 0.05930084
v 0.2645665 0.4960194 0.0616197
v 0.2645665 0.49988416 0.060846746
v 0.2877551 0.4991112 0.058527887
v 0.2846633 0.47669557 0.050025403
v 0.2877551 0.47669557 0.048479497
v 0.2877551 0.45427993 0.036885202
v 0.28079852 0.46587422 0.044614732
v 0.2777067 0.46587422 0.044614732
v 0.2777067 0.44268563 0.030701578
v 0.2846633 0.45427993 0.036885202
v 0.2877551 0.4318643 0.025290906
v 0.28079852 0.44268563 0.030701578
v 0.2777067 0.4187241 0.019107282
v 0.2846633 0.4318643 0.025290906
v 0.2877551 0.4094486 0.014469564
v 0.28079852 0.4187241 0.019107282
v 0.2777067 0.39553544 0.009831846
v 0.2846633 0.4094486 0.014469564
v 0.2877551 0.38626 0.00828594
v 0.28079852 0.39553544 0.010604799
v 0.2777067 0.3715739 0.0044211745
v 0.2846633 0.38626 0.00828594
v 0.2877551 0.36384436 0.0021023154
v 0.28079852 0.3715739 0.0044211745
v 0.2777067 0.3483853 0.0021023154
v 0.2846633 0.36384436 0.0021023154
v 0.2877551 0.34142873 0.0021023154
v 0.28079852 0.3483853 0.0021023154
v 0.2777067 0.3251967 0.0051941276
v 0.2846633 0.34142873 0.0028752685
v 0.2877551 0.3190131 0.0059670806
v 0.28079852 0.3251967 0.0051941276
v 0.2777067 0.30123517 0.009058893
v 0.2846633 0.3190131 0.0059670806
v 0.2877551 0.2958245 0.009058893
v 0.28079852 0.30123517 0.009058893
v 0.2777067 0.27804658 0.009831846
v 0.2846633 0.2958245 0.009058893
v 0.2877551 0.27340886 0.00828594
v 0.28079852 0.27804658 0.009058893
v 0.2777067 0.25408503 0.011377752
v 0.2846633 0.27340886 0.009058893
v 0.28079852 0.25331208 0.011377752
v 0.2846633 0.25176618 0.011377752
v 0.2877551 0.25099322 0.011377752
v 0.27384195 0.2316694 0.013696611
v 0.27075014 0.23398826 0.013696611
v 0.2599288 0.21311852 0.01601547
v 0.26611242 0.2332153 0.014469564
v 0.26379356 0.23553416 0.014469564
v 0.25683698 0.21466443 0.01601547
v 0.25219926 0.21466443 0.016788423
v 0.2498804 0.21621034 0.016788423
v 0.24292383 0.19611356 0.012150705
v 0.24601564 0.1937947 0.012150705
v 0.23210248 0.17524382 0.012923658
v 0.23828611 0.1953406 0.011377752
v 0.23596725 0.19765946 0.012150705
v 0.2220541 0.17833564 0.010604799
v 0.22901067 0.17678973 0.012150705
v 0.21818933 0.15592 0.015242517
v 0.22437295 0.17678973 0.011377752
v 0.20814094 0.15978476 0.012923658
v 0.21509752 0.15823886 0.014469564
v 0.20427617 0.13736913 0.01601547
v 0.2104598 0.1574659 0.013696611
v 0.20041141 0.13814208 0.01601547
v 0.19731958 0.13968799 0.015242517
v 0.19422777 0.14046094 0.015242517
v 0.19422777 0.11727235 0.016788423
v 0.20041141 0.11495349 0.017561376
v 0.20427617 0.11495349 0.017561376
v 0.20427617 0.09253785 0.019107282
v 0.19731958 0.11727235 0.016788423
v 0.19731958 0.094083756 0.019107282
v 0.19422777 0.094083756 0.019107282
v 0.20118436 0.09253785 0.019107282
v 0.20427617 0.07012221 0.019880235
v 0.19731958 0.070895165 0.020653188
v 0.19422777 0.070895165 0.020653188
v 0.20118436 0.07012221 0.019880235
v 0.20427617 0.047706544 0.01833433
v 0.19809254 0.047706544 0.019107282
v 0.19422777 0.047706544 0.019107282
v 0.20118436 0.047706544 0.01833433
v 0.20427617 0.025290906 0.017561376
v 0.19809254 0.024517953 0.017561376
v 0.19422777 0.024517953 0.017561376
v 0.20118436 0.025290906 0.017561376
v 0.20427617 0.0028752685 0.016788423
v 0.20118436 0.0028752685 0.016788423
v 0.20504913 -0.01954037 0.01601547
v 0.19809254 0.0013293624 0.016788423
v 0.20118436 -0.01954037 0.01601547
vt 0.15863186 0.44834358
vt 0.15863186 0.44505137
vt 0.16192403 0.44505137
vt 0.16192403 0.44834358
vt 0.1685084 0.44505137
vt 0.1685084 0.44834358
vt 0.1685084 0.44834358
vt 0.1685084 0.44505137
vt 0.17509276 0.4582201
vt 0.17509276 0.4582201
vt 0.17838493 0.46809664
vt 0.17838493 0.46809664
vt 0.18496929 0.48126534
vt 0.18496929 0.48126534
vt 0.19155365 0.4911419
vt 0.19155365 0.4911419
vt 0.19484583 0.5043106
vt 0.19484583 0.5043106
vt 0.19484583 0.5043106
vt 0.19484583 0.5043106
vt 0.20472236 0.5043106
vt 0.20472236 0.5043106
vt 0.21130672 0.5043106
vt 0.21130672 0.5043106
vt 0.21789107 0.5043106
vt 0.21789107 0.5043106
vt 0.22776762 0.5043106
vt 0.22776762 0.5043106
vt 0.23435196 0.5043106
vt 0.23435196 0.5043106
vt 0.24093632 0.5043106
vt 0.24093632 0.5043106
vt 0.25081286 0.5043106
vt 0.25081286 0.5043106
vt 0.2573972 0.5043106
vt 0.2573972 0.5043106
vt 0.26398158 0.5043106
vt 0.26398158 0.5043106
vt 0.26398158 0.5043106
vt 0.26398158 0.5043106
vt 0.27056593 0.49772623
vt 0.27056593 0.49772623
vt 0.2738581 0.4878497
vt 0.2738581 0.4878497
vt 0.27715027 0.48126534
vt 0.27715027 0.48126534
vt 0.27715027 0.48126534
vt 0.27715027 0.48126534
vt 0.28373462 0.48126534
vt 0.28373462 0.48126534
vt 0.29361117 0.48126534
vt 0.29361117 0.48126534
vt 0.30019552 0.48126534
vt 0.30019552 0.48126534
vt 0.3067799 0.48126534
vt 0.3067799 0.48126534
vt 0.3166564 0.48126534
vt 0.3166564 0.48126534
vt 0.3232408 0.48126534
vt 0.3232408 0.48126534
vt 0.32982513 0.48126534
vt 0.32982513 0.48126534
vt 0.32982513 0.48126534
vt 0.32982513 0.48126534
vt 0.32982513 0.49772623
vt 0.32982513 0.49772623
vt 0.32982513 0.51089495
vt 0.32982513 0.5141871
vt 0.32982513 0.52735585
vt 0.32982513 0.52735585
vt 0.32982513 0.54381675
vt 0.32982513 0.54381675
vt 0.32982513 0.56027764
vt 0.32982513 0.56027764
vt 0.32982513 0.56027764
vt 0.32982513 0.56027764
vt 0.32653296 0.5701542
vt 0.32653296 0.5701542
vt 0.3232408 0.5800307
vt 0.3232408 0.5800307
vt 0.3199486 0.5899072
vt 0.3199486 0.5899072
vt 0.3166564 0.5997838
vt 0.3166564 0.5997838
vt 0.3166564 0.5997838
vt 0.3166564 0.5997838
vt 0.3166564 0.6162447
vt 0.3166564 0.6162447
vt 0.3166564 0.63270557
vt 0.3166564 0.63270557
vt 0.3166564 0.64916646
vt 0.3166564 0.64916646
vt 0.3166564 0.66233516
vt 0.3166564 0.66233516
vt 0.3166564 0.67879605
vt 0.3166564 0.67879605
vt 0.3166564 0.69525695
vt 0.3166564 0.69525695
vt 0.3166564 0.71171784
vt 0.3166564 0.71171784
vt 0.3166564 0.72488654
vt 0.3166564 0.72488654
vt 0.3166564 0.74134743
vt 0.3166564 0.74134743
vt 0.3166564 0.74134743
vt 0.3166564 0.74134743
vt 0.3199486 0.7545162
vt 0.3199486 0.7545162
vt 0.32653296 0.7676849
vt 0.32653296 0.7676849
vt 0.32982513 0.78085357
vt 0.32982513 0.78085357
vt 0.3364095 0.7940223
vt 0.3364095 0.7940223
vt 0.33970165 0.807191
vt 0.33970165 0.807191
vt 0.34628603 0.8203597
vt 0.34628603 0.8203597
vt 0.34628603 0.8203597
vt 0.34628603 0.8203597
vt 0.34628603 0.8368206
vt 0.34628603 0.8368206
vt 0.34628603 0.8532815
vt 0.34628603 0.8532815
vt 0.34628603 0.8697424
vt 0.34628603 0.8697424
vt 0.34628603 0.8862033
vt 0.34628603 0.8862033
vt 0.34628603 0.899372
vt 0.34628603 0.899372
vt 0.34628603 0.9158329
vt 0.34628603 0.9158329
vt 0.34628603 0.9322938
vt 0.34628603 0.9322938
vt 0.34628603 0.94875467
vt 0.34628603 0.94875467
vt 0.34628603 0.96521556
vt 0.34628603 0.96521556
vt 0.34628603 0.9783843
vt 0.34628603 0.9783843
vt 0.34628603 0.99484515
vt 0.34628603 0.99484515
vt 0.34628603 0.99484515
vt 0.34628603 0.99484515
vt 0.3364095 0.99484515
vt 0.3364095 0.99484515
vt 0.32982513 0.99484515
vt 0.32982513 0.99484515
vt 0.3199486 0.99484515
vt 0.3199486 0.99484515
vt 0.31336427 0.99484515
vt 0.31336427 0.99484515
vt 0.30348772 0.99484515
vt 0.30348772 0.99484515
vt 0.29690337 0.99484515
vt 0.29690337 0.99484515
vt 0.28702682 0.99484515
vt 0.28702682 0.99813735
vt 0.28044248 0.99813735
vt 0.28044248 0.99813735
vt 0.2738581 0.99813735
vt 0.2738581 0.99813735
vt 0.26398158 0.99813735
vt 0.26398158 0.99813735
vt 0.2573972 0.99813735
vt 0.2573972 0.99813735
vt 0.24752069 0.99813735
vt 0.24752069 0.99813735
vt 0.24093632 0.99813735
vt 0.24093632 0.99813735
vt 0.23105979 0.99813735
vt 0.23105979 0.99813735
vt 0.22447543 0.99813735
vt 0.22447543 0.99813735
vt 0.2145989 0.99813735
vt 0.2145989 0.99813735
vt 0.20801453 0.99813735
vt 0.20801453 0.99813735
vt 0.198138 0.99813735
vt 0.198138 0.99813735
vt 0.19155365 0.99813735
vt 0.19155365 0.99813735
vt 0.1816771 0.99813735
vt 0.1816771 0.99813735
vt 0.17509276 0.99813735
vt 0.17509276 0.99813735
vt 0.16521622 0.99813735
vt 0.16521622 0.99813735
vt 0.16521622 0.99813735
vt 0.16521622 0.99813735
vt 0.16521622 0.98167646
vt 0.16521622 0.98167646
vt 0.16521622 0.96521556
vt 0.16521622 0.96521556
vt 0.16521622 0.94875467
vt 0.16521622 0.94875467
vt 0.16521622 0.9322938
vt 0.16521622 0.9322938
vt 0.16521622 0.9158329
vt 0.16521622 0.9191251
vt 0.16521622 0.9026642
vt 0.16521622 0.9026642
vt 0.16521622 0.8862033
vt 0.16521622 0.8862033
vt 0.16521622 0.8697424
vt 0.16521622 0.8697424
vt 0.16521622 0.8532815
vt 0.16521622 0.8532815
vt 0.16521622 0.8368206
vt 0.16521622 0.8368206
vt 0.16521622 0.8203597
vt 0.16521622 0.8203597
vt 0.16521622 0.8203597
vt 0.16521622 0.8203597
vt 0.17180057 0.8104832
vt 0.17180057 0.8104832
vt 0.17838493 0.8038988
vt 0.17838493 0.8038988
vt 0.17838493 0.8038988
vt 0.17838493 0.8038988
vt 0.17838493 0.7874379
vt 0.17838493 0.7874379
vt 0.17838493 0.770977
vt 0.17838493 0.770977
vt 0.17838493 0.7545162
vt 0.17838493 0.7545162
vt 0.17838493 0.7380553
vt 0.17838493 0.74134743
vt 0.17838493 0.72488654
vt 0.17838493 0.72488654
vt 0.17838493 0.70842564
vt 0.17838493 0.70842564
vt 0.17838493 0.69196475
vt 0.17838493 0.69196475
vt 0.17838493 0.67550385
vt 0.17838493 0.67550385
vt 0.17838493 0.66233516
vt 0.17838493 0.66233516
vt 0.17838493 0.64587426
vt 0.17838493 0.64587426
vt 0.17838493 0.62941337
vt 0.17838493 0.62941337
vt 0.17838493 0.6129525
vt 0.17838493 0.6129525
vt 0.17838493 0.5997838
vt 0.17838493 0.5997838
vt 0.17838493 0.5833229
vt 0.17838493 0.5833229
vt 0.17838493 0.5833229
vt 0.17838493 0.5833229
vt 0.17509276 0.5701542
vt 0.17509276 0.5701542
vt 0.1685084 0.55698544
vt 0.1685084 0.55698544
vt 0.16521622 0.54381675
vt 0.16521622 0.54381675
vt 0.15863186 0.530648
vt 0.15863186 0.530648
vt 0.15863186 0.530648
vt 0.15863186 0.530648
vt 0.15863186 0.5174793
vt 0.15863186 0.5174793
vt 0.15863186 0.5043106
vt 0.15863186 0.5043106
vt 0.15863186 0.4878497
vt 0.15863186 0.4878497
vt 0.15863186 0.474681
vt 0.15863186 0.474681
vt 0.15863186 0.46151227
vt 0.15863186 0.46151227
vt 0.15863186 0.44505137
vt 0.15863186 0.44834358
vt 0.32653296 0.4878497
vt 0.32653296 0.4878497
vt 0.3199486 0.4878497
vt 0.3199486 0.4878497
vt 0.31007206 0.4878497
vt 0.31007206 0.4878497
vt 0.30348772 0.4878497
vt 0.30348772 0.4878497
vt 0.29361117 0.4878497
vt 0.29361117 0.4878497
vt 0.28702682 0.4878497
vt 0.28702682 0.4878497
vt 0.28044248 0.4878497
vt 0.28044248 0.4878497
vt 0.28044248 0.4878497
vt 0.28044248 0.4878497
vt 0.2738581 0.49443406
vt 0.2738581 0.49772623
vt 0.27056593 0.5043106
vt 0.27056593 0.5043106
vt 0.26727375 0.51089495
vt 0.26727375 0.51089495
vt 0.26727375 0.51089495
vt 0.26727375 0.51089495
vt 0.2573972 0.51089495
vt 0.2573972 0.51089495
vt 0.25081286 0.51089495
vt 0.25081286 0.51089495
vt 0.24093632 0.51089495
vt 0.24093632 0.51089495
vt 0.23435196 0.51089495
vt 0.23435196 0.51089495
vt 0.22776762 0.51089495
vt 0.22776762 0.51089495
vt 0.21789107 0.51089495
vt 0.21789107 0.51089495
vt 0.21130672 0.51089495
vt 0.21130672 0.51089495
vt 0.20143017 0.51089495
vt 0.20143017 0.51089495
vt 0.19484583 0.51089495
vt 0.19484583 0.51089495
vt 0.19484583 0.51089495
vt 0.19484583 0.51089495
vt 0.18826146 0.49772623
vt 0.18826146 0.49772623
vt 0.18496929 0.4878497
vt 0.18496929 0.4878497
vt 0.17838493 0.47797316
vt 0.17838493 0.47797316
vt 0.17180057 0.46480444
vt 0.17180057 0.46480444
vt 0.16521622 0.45492792
vt 0.16521622 0.45492792
vt 0.16521622 0.45492792
vt 0.16521622 0.45492792
vt 0.16192403 0.45492792
vt 0.16192403 0.45492792
vt 0.16192403 0.45492792
vt 0.16192403 0.45492792
vt 0.16192403 0.46809664
vt 0.16192403 0.46809664
vt 0.16192403 0.48455754
vt 0.16192403 0.48455754
vt 0.16192403 0.49772623
vt 0.16192403 0.49772623
vt 0.16192403 0.5141871
vt 0.16192403 0.5141871
vt 0.16192403 0.530648
vt 0.16192403 0.530648
vt 0.16192403 0.530648
vt 0.16192403 0.530648
vt 0.1685084 0.5405246
vt 0.1685084 0.5405246
vt 0.17180057 0.5536933
vt 0.17180057 0.5536933
vt 0.17838493 0.566862
vt 0.17838493 0.566862
vt 0.1816771 0.5800307
vt 0.1816771 0.5800307
vt 0.1816771 0.5800307
vt 0.1816771 0.5800307
vt 0.1816771 0.5964916
vt 0.1816771 0.5964916
vt 0.1816771 0.6129525
vt 0.1816771 0.6129525
vt 0.1816771 0.62941337
vt 0.1816771 0.62941337
vt 0.1816771 0.64587426
vt 0.1816771 0.64587426
vt 0.1816771 0.66233516
vt 0.1816771 0.66233516
vt 0.1816771 0.67550385
vt 0.1816771 0.67550385
vt 0.1816771 0.69196475
vt 0.1816771 0.69196475
vt 0.1816771 0.70842564
vt 0.1816771 0.70842564
vt 0.1816771 0.72488654
vt 0.1816771 0.72488654
vt 0.1816771 0.74134743
vt 0.1816771 0.74134743
vt 0.1816771 0.7578083
vt 0.1816771 0.7578083
vt 0.1816771 0.7742692
vt 0.1816771 0.7742692
vt 0.1816771 0.7907301
vt 0.1816771 0.7907301
vt 0.1816771 0.807191
vt 0.1816771 0.807191
vt 0.1816771 0.807191
vt 0.1816771 0.807191
vt 0.17509276 0.81377536
vt 0.17509276 0.81377536
vt 0.17180057 0.8236519
vt 0.17180057 0.8236519
vt 0.17180057 0.8236519
vt 0.17180057 0.8236519
vt 0.17180057 0.8401128
vt 0.17180057 0.8401128
vt 0.17180057 0.8532815
vt 0.17180057 0.8532815
vt 0.17180057 0.8697424
vt 0.17180057 0.8697424
vt 0.17180057 0.8862033
vt 0.17180057 0.8862033
vt 0.17180057 0.899372
vt 0.17180057 0.899372
vt 0.17180057 0.9158329
vt 0.17180057 0.9158329
vt 0.17180057 0.9290016
vt 0.17180057 0.9290016
vt 0.17180057 0.9454625
vt 0.17180057 0.9454625
vt 0.17180057 0.9619234
vt 0.17180057 0.9619234
vt 0.17180057 0.9750921
vt 0.17180057 0.9750921
vt 0.17180057 0.991553
vt 0.17180057 0.991553
vt 0.17180057 0.991553
vt 0.17180057 0.991553
vt 0.17838493 0.991553
vt 0.17838493 0.991553
vt 0.18826146 0.991553
vt 0.18496929 0.991553
vt 0.19484583 0.991553
vt 0.19484583 0.991553
vt 0.20143017 0.991553
vt 0.20143017 0.991553
vt 0.21130672 0.991553
vt 0.21130672 0.991553
vt 0.21789107 0.991553
vt 0.21789107 0.991553
vt 0.22776762 0.991553
vt 0.22776762 0.991553
vt 0.23435196 0.991553
vt 0.23435196 0.991553
vt 0.2442285 0.991553
vt 0.2442285 0.991553
vt 0.25081286 0.9882608
vt 0.25081286 0.991553
vt 0.26068938 0.9882608
vt 0.26068938 0.991553
vt 0.26727375 0.9882608
vt 0.26727375 0.9882608
vt 0.27715027 0.9882608
vt 0.27715027 0.9882608
vt 0.28373462 0.9882608
vt 0.28373462 0.9882608
vt 0.29361117 0.9882608
vt 0.29361117 0.9882608
vt 0.30019552 0.9882608
vt 0.30019552 0.9882608
vt 0.31007206 0.9882608
vt 0.31007206 0.9882608
vt 0.3166564 0.9882608
vt 0.3166564 0.9882608
vt 0.32653296 0.9882608
vt 0.32653296 0.9882608
vt 0.3331173 0.9882608
vt 0.3331173 0.9882608
vt 0.34299386 0.9882608
vt 0.34299386 0.9882608
vt 0.34299386 0.9882608
vt 0.34299386 0.9882608
vt 0.34299386 0.9717999
vt 0.34299386 0.9717999
vt 0.34299386 0.955339
vt 0.34299386 0.955339
vt 0.34299386 0.9388781
vt 0.34299386 0.9388781
vt 0.34299386 0.9224173
vt 0.34299386 0.9224173
vt 0.34299386 0.9059564
vt 0.34299386 0.9059564
vt 0.34299386 0.8894955
vt 0.34299386 0.8894955
vt 0.34299386 0.8730346
vt 0.34299386 0.8730346
vt 0.34299386 0.8565737
vt 0.34299386 0.8565737
vt 0.34299386 0.8401128
vt 0.34299386 0.8401128
vt 0.34299386 0.8236519
vt 0.34299386 0.8236519
vt 0.34299386 0.8236519
vt 0.34299386 0.8236519
vt 0.3364095 0.8104832
vt 0.3364095 0.8104832
vt 0.3331173 0.79731447
vt 0.3331173 0.79731447
vt 0.32653296 0.7841458
vt 0.32653296 0.7841458
vt 0.3232408 0.770977
vt 0.3232408 0.770977
vt 0.3166564 0.7578083
vt 0.3166564 0.7578083
vt 0.31336427 0.74463964
vt 0.31336427 0.74463964
vt 0.31336427 0.74463964
vt 0.31336427 0.74463964
vt 0.31336427 0.72817874
vt 0.31336427 0.72817874
vt 0.31336427 0.71171784
vt 0.31336427 0.71171784
vt 0.31336427 0.69525695
vt 0.31336427 0.69525695
vt 0.31336427 0.67879605
vt 0.31336427 0.67879605
vt 0.31336427 0.66233516
vt 0.31336427 0.66233516
vt 0.31336427 0.64587426
vt 0.31336427 0.64587426
vt 0.31336427 0.62941337
vt 0.31336427 0.62941337
vt 0.31336427 0.6129525
vt 0.31336427 0.6162447
vt 0.31336427 0.5997838
vt 0.31336427 0.5997838
vt 0.31336427 0.5997838
vt 0.31336427 0.5997838
vt 0.3166564 0.5866151
vt 0.3166564 0.5866151
vt 0.3199486 0.5767385
vt 0.3199486 0.5767385
vt 0.3232408 0.566862
vt 0.3232408 0.566862
vt 0.32653296 0.55698544
vt 0.32653296 0.55698544
vt 0.32653296 0.55698544
vt 0.32653296 0.55698544
vt 0.32653296 0.54381675
vt 0.32653296 0.54381675
vt 0.32653296 0.530648
vt 0.32653296 0.530648
vt 0.32653296 0.5141871
vt 0.32653296 0.5174793
vt 0.32653296 0.5010184
vt 0.32653296 0.5010184
vt 0.32653296 0.4878497
vt 0.32653296 0.4878497
vt 0.32982513 0.54381675
vt 0.32653296 0.54381675
vt 0.32653296 0.55698544
vt 0.32653296 0.530648
vt 0.32982513 0.530648
vt 0.32653296 0.5141871
vt 0.32982513 0.5141871
vt 0.32653296 0.5010184
vt 0.32982513 0.5010184
vt 0.32653296 0.4878497
vt 0.32982513 0.55698544
vt 0.32982513 0.54381675
vt 0.32982513 0.52735585
vt 0.32982513 0.51089495
vt 0.32982513 0.49772623
vt 0.3232408 0.5701542
vt 0.3232408 0.566862
vt 0.3199486 0.5800307
vt 0.3199486 0.5767385
vt 0.3166564 0.5899072
vt 0.3166564 0.5866151
vt 0.31336427 0.5997838
vt 0.31336427 0.5997838
vt 0.31336427 0.6129525
vt 0.31336427 0.6129525
vt 0.31336427 0.62941337
vt 0.31336427 0.5997838
vt 0.3199486 0.5899072
vt 0.3232408 0.5800307
vt 0.32653296 0.566862
vt 0.31336427 0.62941337
vt 0.31336427 0.64587426
vt 0.31336427 0.6162447
vt 0.3166564 0.5997838
vt 0.3199486 0.5899072
vt 0.3232408 0.5800307
vt 0.3166564 0.6162447
vt 0.32653296 0.5701542
vt 0.32982513 0.56027764
vt 0.32982513 0.56027764
vt 0.32982513 0.54381675
vt 0.32982513 0.52735585
vt 0.32982513 0.51089495
vt 0.32982513 0.49772623
vt 0.32982513 0.48126534
vt 0.3232408 0.48455754
vt 0.3232408 0.48126534
vt 0.3199486 0.48455754
vt 0.3199486 0.4878497
vt 0.31007206 0.4878497
vt 0.3166564 0.48455754
vt 0.3166564 0.48126534
vt 0.31007206 0.48455754
vt 0.30348772 0.4878497
vt 0.3067799 0.48455754
vt 0.3067799 0.48126534
vt 0.30348772 0.48455754
vt 0.29361117 0.4878497
vt 0.30019552 0.48455754
vt 0.30019552 0.48126534
vt 0.29361117 0.48455754
vt 0.28702682 0.4878497
vt 0.29361117 0.48455754
vt 0.29361117 0.48126534
vt 0.28702682 0.48455754
vt 0.28044248 0.4878497
vt 0.28373462 0.48455754
vt 0.28373462 0.48126534
vt 0.27715027 0.48126534
vt 0.2738581 0.4878497
vt 0.27715027 0.4878497
vt 0.2738581 0.49443406
vt 0.2738581 0.49443406
vt 0.2738581 0.4911419
vt 0.27056593 0.49772623
vt 0.27056593 0.49772623
vt 0.26398158 0.5043106
vt 0.27056593 0.5043106
vt 0.27056593 0.5043106
vt 0.26727375 0.51089495
vt 0.2573972 0.51089495
vt 0.26398158 0.5043106
vt 0.2573972 0.5043106
vt 0.2573972 0.5043106
vt 0.25081286 0.5043106
vt 0.2573972 0.5076028
vt 0.25081286 0.51089495
vt 0.25081286 0.5076028
vt 0.24093632 0.51089495
vt 0.25081286 0.5043106
vt 0.24093632 0.5043106
vt 0.24093632 0.5076028
vt 0.24093632 0.5043106
vt 0.23435196 0.5043106
vt 0.23435196 0.5076028
vt 0.23435196 0.51089495
vt 0.23435196 0.5043106
vt 0.22776762 0.5043106
vt 0.22776762 0.5043106
vt 0.21789107 0.5043106
vt 0.22776762 0.5076028
vt 0.22776762 0.51089495
vt 0.21789107 0.5043106
vt 0.21130672 0.5043106
vt 0.21789107 0.5076028
vt 0.21789107 0.51089495
vt 0.21130672 0.5043106
vt 0.20472236 0.5043106
vt 0.21130672 0.5076028
vt 0.21130672 0.51089495
vt 0.20472236 0.5043106
vt 0.19484583 0.5043106
vt 0.20143017 0.5076028
vt 0.20143017 0.51089495
vt 0.19484583 0.5043106
vt 0.19155365 0.4911419
vt 0.19155365 0.4911419
vt 0.18496929 0.48126534
vt 0.18826146 0.49772623
vt 0.19484583 0.51089495
vt 0.18826146 0.49772623
vt 0.18496929 0.4878497
vt 0.18496929 0.4878497
vt 0.17838493 0.47797316
vt 0.18496929 0.48126534
vt 0.17838493 0.46809664
vt 0.17838493 0.474681
vt 0.17180057 0.46480444
vt 0.17838493 0.47138882
vt 0.17180057 0.46480444
vt 0.16521622 0.45492792
vt 0.17509276 0.4582201
vt 0.17509276 0.4582201
vt 0.16192403 0.44834358
vt 0.1685084 0.44505137
vt 0.16192403 0.44505137
vt 0.15863186 0.44505137
vt 0.15863186 0.46151227
vt 0.1685084 0.45163575
vt 0.16192403 0.45492792
vt 0.16192403 0.45163575
vt 0.15863186 0.46151227
vt 0.15863186 0.474681
vt 0.16192403 0.46809664
vt 0.16192403 0.46809664
vt 0.15863186 0.474681
vt 0.16192403 0.48455754
vt 0.16192403 0.48455754
vt 0.15863186 0.4878497
vt 0.15863186 0.4878497
vt 0.16192403 0.49772623
vt 0.16192403 0.49772623
vt 0.15863186 0.5043106
vt 0.15863186 0.5043106
vt 0.16192403 0.5141871
vt 0.16192403 0.5141871
vt 0.16192403 0.530648
vt 0.15863186 0.5174793
vt 0.15863186 0.5174793
vt 0.16192403 0.530648
vt 0.15863186 0.530648
vt 0.15863186 0.530648
vt 0.16521622 0.54381675
vt 0.16521622 0.54381675
vt 0.1685084 0.55698544
vt 0.16521622 0.54381675
vt 0.1685084 0.5405246
vt 0.1685084 0.55698544
vt 0.17509276 0.5701542
vt 0.17180057 0.55698544
vt 0.17180057 0.5536933
vt 0.17509276 0.566862
vt 0.17838493 0.5833229
vt 0.17838493 0.5701542
vt 0.17838493 0.566862
vt 0.1816771 0.5833229
vt 0.1816771 0.5800307
vt 0.1816771 0.5800307
vt 0.1816771 0.5964916
vt 0.1816771 0.5964916
vt 0.1816771 0.6129525
vt 0.1816771 0.5997838
vt 0.17838493 0.5997838
vt 0.1816771 0.6129525
vt 0.1816771 0.62941337
vt 0.1816771 0.6129525
vt 0.17838493 0.6129525
vt 0.1816771 0.62941337
vt 0.1816771 0.64587426
vt 0.1816771 0.62941337
vt 0.17838493 0.62941337
vt 0.1816771 0.64587426
vt 0.1816771 0.66233516
vt 0.1816771 0.64587426
vt 0.17838493 0.64587426
vt 0.1816771 0.66233516
vt 0.1816771 0.67550385
vt 0.1816771 0.66233516
vt 0.17838493 0.66233516
vt 0.1816771 0.67550385
vt 0.1816771 0.69196475
vt 0.1816771 0.67550385
vt 0.17838493 0.67550385
vt 0.1816771 0.69196475
vt 0.17838493 0.69196475
vt 0.1816771 0.69196475
vt 0.1816771 0.70842564
vt 0.1816771 0.70842564
vt 0.17838493 0.70842564
vt 0.1816771 0.70842564
vt 0.1816771 0.72488654
vt 0.1816771 0.72488654
vt 0.17838493 0.72488654
vt 0.1816771 0.72488654
vt 0.1816771 0.74134743
vt 0.1816771 0.7380553
vt 0.17838493 0.7380553
vt 0.17838493 0.7545162
vt 0.1816771 0.74134743
vt 0.1816771 0.7578083
vt 0.1816771 0.7545162
vt 0.17838493 0.770977
vt 0.1816771 0.7578083
vt 0.1816771 0.7742692
vt 0.1816771 0.770977
vt 0.17838493 0.7874379
vt 0.1816771 0.7742692
vt 0.1816771 0.7907301
vt 0.1816771 0.7874379
vt 0.17838493 0.8038988
vt 0.1816771 0.807191
vt 0.17509276 0.81377536
vt 0.17509276 0.81377536
vt 0.17180057 0.8236519
vt 0.17509276 0.81377536
vt 0.17180057 0.8104832
vt 0.16521622 0.8203597
vt 0.1685084 0.8368206
vt 0.16521622 0.8368206
vt 0.1685084 0.8401128
vt 0.17180057 0.8401128
vt 0.1685084 0.8532815
vt 0.16521622 0.8532815
vt 0.1685084 0.8532815
vt 0.17180057 0.8532815
vt 0.1685084 0.8697424
vt 0.16521622 0.8697424
vt 0.1685084 0.8697424
vt 0.17180057 0.8697424
vt 0.1685084 0.8862033
vt 0.16521622 0.8862033
vt 0.1685084 0.8862033
vt 0.17180057 0.8862033
vt 0.1685084 0.899372
vt 0.17180057 0.899372
vt 0.17180057 0.9158329
vt 0.1685084 0.9026642
vt 0.16521622 0.9026642
vt 0.1685084 0.9158329
vt 0.17180057 0.9290016
vt 0.1685084 0.9158329
vt 0.16521622 0.9158329
vt 0.1685084 0.9290016
vt 0.17180057 0.9454625
vt 0.1685084 0.9322938
vt 0.16521622 0.9322938
vt 0.1685084 0.9454625
vt 0.1685084 0.94875467
vt 0.16521622 0.94875467
vt 0.1685084 0.9619234
vt 0.17180057 0.9619234
vt 0.1685084 0.96521556
vt 0.16521622 0.96521556
vt 0.16521622 0.98167646
vt 0.1685084 0.9750921
vt 0.17180057 0.9750921
vt 0.17180057 0.991553
vt 0.1685084 0.98167646
vt 0.16521622 0.99813735
vt 0.17509276 0.99484515
vt 0.17509276 0.99813735
vt 0.17838493 0.991553
vt 0.17838493 0.991553
vt 0.1816771 0.99484515
vt 0.1816771 0.99813735
vt 0.19155365 0.99813735
vt 0.18826146 0.991553
vt 0.18826146 0.991553
vt 0.19155365 0.99484515
vt 0.19484583 0.991553
vt 0.19484583 0.991553
vt 0.198138 0.99484515
vt 0.198138 0.99813735
vt 0.20801453 0.99813735
vt 0.20143017 0.991553
vt 0.20143017 0.991553
vt 0.20801453 0.99484515
vt 0.2145989 0.99813735
vt 0.21130672 0.991553
vt 0.21130672 0.991553
vt 0.2145989 0.99484515
vt 0.22447543 0.99813735
vt 0.21789107 0.991553
vt 0.21789107 0.991553
vt 0.22447543 0.99484515
vt 0.23105979 0.99813735
vt 0.22776762 0.991553
vt 0.22776762 0.991553
vt 0.23105979 0.99484515
vt 0.24093632 0.99813735
vt 0.23435196 0.991553
vt 0.23435196 0.991553
vt 0.24093632 0.99484515
vt 0.24752069 0.99813735
vt 0.2442285 0.991553
vt 0.2442285 0.991553
vt 0.24752069 0.99484515
vt 0.25081286 0.991553
vt 0.25081286 0.9882608
vt 0.2573972 0.99484515
vt 0.2573972 0.99813735
vt 0.26398158 0.99813735
vt 0.26068938 0.991553
vt 0.26068938 0.9882608
vt 0.26398158 0.99484515
vt 0.2738581 0.99813735
vt 0.26727375 0.991553
vt 0.26727375 0.9882608
vt 0.2738581 0.99484515
vt 0.27715027 0.991553
vt 0.27715027 0.9882608
vt 0.28044248 0.99484515
vt 0.28044248 0.99813735
vt 0.28373462 0.991553
vt 0.28373462 0.9882608
vt 0.29361117 0.9882608
vt 0.28702682 0.99484515
vt 0.28702682 0.99484515
vt 0.29690337 0.99484515
vt 0.29361117 0.991553
vt 0.30019552 0.9882608
vt 0.29690337 0.99484515
vt 0.30019552 0.991553
vt 0.30348772 0.99484515
vt 0.30348772 0.99484515
vt 0.31336427 0.99484515
vt 0.31007206 0.991553
vt 0.31007206 0.9882608
vt 0.31336427 0.99484515
vt 0.3166564 0.991553
vt 0.3166564 0.9882608
vt 0.3199486 0.99484515
vt 0.3199486 0.99484515
vt 0.32982513 0.99484515
vt 0.32653296 0.991553
vt 0.32653296 0.9882608
vt 0.32982513 0.99484515
vt 0.3331173 0.991553
vt 0.3331173 0.9882608
vt 0.34299386 0.9882608
vt 0.3364095 0.99484515
vt 0.3364095 0.99484515
vt 0.34628603 0.99484515
vt 0.34299386 0.9783843
vt 0.34628603 0.9783843
vt 0.34628603 0.96521556
vt 0.34299386 0.9717999
vt 0.34299386 0.9717999
vt 0.34299386 0.955339
vt 0.34299386 0.96521556
vt 0.34628603 0.94875467
vt 0.34299386 0.955339
vt 0.34299386 0.9388781
vt 0.34299386 0.94875467
vt 0.34628603 0.9322938
vt 0.34299386 0.9388781
vt 0.34299386 0.9224173
vt 0.34299386 0.9322938
vt 0.34628603 0.9158329
vt 0.34299386 0.9224173
vt 0.34299386 0.9059564
vt 0.34299386 0.9158329
vt 0.34628603 0.899372
vt 0.34299386 0.9059564
vt 0.34299386 0.8894955
vt 0.34299386 0.899372
vt 0.34628603 0.8862033
vt 0.34299386 0.8894955
vt 0.34299386 0.8730346
vt 0.34299386 0.8862033
vt 0.34628603 0.8697424
vt 0.34299386 0.8730346
vt 0.34299386 0.8565737
vt 0.34299386 0.8697424
vt 0.34628603 0.8532815
vt 0.34299386 0.8565737
vt 0.34299386 0.8401128
vt 0.34299386 0.8532815
vt 0.34628603 0.8368206
vt 0.34299386 0.8401128
vt 0.34299386 0.8236519
vt 0.34299386 0.8368206
vt 0.34299386 0.8236519
vt 0.34299386 0.8236519
vt 0.34628603 0.8203597
vt 0.33970165 0.807191
vt 0.33970165 0.8104832
vt 0.3364095 0.7940223
vt 0.3364095 0.8104832
vt 0.3364095 0.8104832
vt 0.3331173 0.79731447
vt 0.3331173 0.79731447
vt 0.3331173 0.79731447
vt 0.32982513 0.7841458
vt 0.32982513 0.78085357
vt 0.32653296 0.7676849
vt 0.32653296 0.7841458
vt 0.32653296 0.7841458
vt 0.3232408 0.770977
vt 0.3232408 0.770977
vt 0.3199486 0.7545162
vt 0.3232408 0.770977
vt 0.3166564 0.7578083
vt 0.3199486 0.7578083
vt 0.3166564 0.74134743
vt 0.3166564 0.7545162
vt 0.31336427 0.74134743
vt 0.31336427 0.74463964
vt 0.31336427 0.74463964
vt 0.31336427 0.72817874
vt 0.31336427 0.72488654
vt 0.3166564 0.72488654
vt 0.3166564 0.71171784
vt 0.31336427 0.72817874
vt 0.31336427 0.71171784
vt 0.31336427 0.71171784
vt 0.31336427 0.71171784
vt 0.3166564 0.69525695
vt 0.31336427 0.69525695
vt 0.31336427 0.69525695
vt 0.31336427 0.69525695
vt 0.3166564 0.67879605
vt 0.31336427 0.67879605
vt 0.31336427 0.67879605
vt 0.31336427 0.67879605
vt 0.3166564 0.66233516
vt 0.31336427 0.66233516
vt 0.31336427 0.66233516
vt 0.31336427 0.66233516
vt 0.3166564 0.64916646
vt 0.31336427 0.64916646
vt 0.3166564 0.63270557
vt 0.31336427 0.64587426
vt 0.31336427 0.63270557
vn -0.015871048 -0.9998741 -0
vn -0.015871048 -0.9998741 -0
vn -0.015871048 -0.9998741 -0
vn -0.015871048 -0.9998741 -0
vn 0.015870988 -0.9998741 -0
vn 0.015870988 -0.9998741 -0
vn 0.7141958 -0.68245375 -0.1555032
vn 0.7141958 -0.68245375 -0.1555032
vn 0.7141958 -0.68245375 -0.1555032
vn 0.7141958 -0.68245375 -0.1555032
vn 0.7141958 -0.68245375 -0.1555032
vn 0.7141958 -0.68245375 -0.1555032
vn 0.7141958 -0.68245375 -0.1555032
vn 0.7141958 -0.68245375 -0.1555032
vn 0.7141958 -0.68245375 -0.1555032
vn 0.7141958 -0.68245375 -0.1555032
vn 0.7141958 -0.68245375 -0.1555032
vn 0.7141958 -0.68245375 -0.1555032
vn 0.015870988 -0.9998741 -0
vn 0.015870988 -0.9998741 -0
vn 0.015870988 -0.9998741 -0
vn 0.015870988 -0.9998741 -0
vn 0.015870988 -0.9998741 -0
vn 0.015870988 -0.9998741 -0
vn 0.015870988 -0.9998741 -0
vn 0.015870988 -0.9998741 -0
vn 0.015870988 -0.9998741 -0
vn 0.015870988 -0.9998741 -0
vn 0.015870988 -0.9998741 -0
vn 0.015870988 -0.9998741 -0
vn 0.015870988 -0.9998741 -0
vn 0.015870988 -0.9998741 -0
vn 0.015870988 -0.9998741 -0
vn 0.015870988 -0.9998741 -0
vn 0.015870988 -0.9998741 -0
vn 0.015870988 -0.9998741 -0
vn 0.015870988 -0.9998741 -0
vn 0.015870988 -0.9998741 -0
vn -0.6750134 -0.7378054 -0
vn -0.6750134 -0.7378054 -0
vn -0.6750134 -0.7378054 -0
vn -0.6750134 -0.7378054 -0
vn -0.6750134 -0.7378054 -0
vn -0.6750134 -0.7378054 -0
vn -0.6750134 -0.7378054 -0
vn -0.6750134 -0.7378054 -0
vn -0.015871048 -0.9998741 -0
vn -0.015871048 -0.9998741 -0
vn -0.015871048 -0.9998741 -0
vn -0.015871048 -0.9998741 -0
vn -0.015871048 -0.9998741 -0
vn -0.015871048 -0.9998741 -0
vn -0.015871048 -0.9998741 -0
vn -0.015871048 -0.9998741 -0
vn -0.015871048 -0.9998741 -0
vn -0.015871048 -0.9998741 -0
vn -0.015871048 -0.9998741 -0
vn -0.015871048 -0.9998741 -0
vn -0.015871048 -0.9998741 -0
vn -0.015871048 -0.9998741 -0
vn -0.015871048 -0.9998741 -0
vn -0.015871048 -0.9998741 -0
vn 0.9998741 0.015871048 -0
vn 0.9998741 0.015871048 -0
vn 0.9998741 0.015871048 -0
vn 0.9998741 0.015871048 -0
vn 0.9998741 0.015871048 -0
vn 0.9998741 0.015871048 -0
vn 0.9998741 0.015871048 -0
vn 0.9998741 0.015871048 -0
vn 0.9998741 0.015871048 -0
vn 0.9998741 0.015871048 -0
vn 0.9998741 0.015871048 -0
vn 0.9998741 0.015871048 -0
vn 0.8094219 0.5554856 0.1904519
vn 0.8094219 0.5554856 0.1904519
vn 0.8094219 0.5554856 0.1904519
vn 0.8094219 0.5554856 0.1904519
vn 0.8094219 0.5554856 0.1904519
vn 0.8094219 0.5554856 0.1904519
vn 0.8094219 0.5554856 0.1904519
vn 0.8094219 0.5554856 0.1904519
vn 0.8094219 0.5554856 0.1904519
vn 0.8094219 0.5554856 0.1904519
vn 0.9998741 0.015871048 -0
vn 0.9998741 0.015871048 -0
vn 0.9998741 0.015871048 -0
vn 0.9998741 0.015871048 -0
vn 0.9998741 0.015871048 -0
vn 0.9998741 0.015871048 -0
vn 0.9998741 0.015871048 -0
vn 0.9998741 0.015871048 -0
vn 0.9998741 0.015871048 -0
vn 0.9998741 0.015871048 -0
vn 0.9998741 0.015871048 -0
vn 0.9998741 0.015871048 -0
vn 0.9998741 0.015871048 -0
vn 0.9998741 0.015871048 -0
vn 0.9998741 0.015871048 -0
vn 0.9998741 0.015871048 -0
vn 0.9998741 0.015871048 -0
vn 0.9998741 0.015871048 -0
vn 0.9998741 0.015871048 -0
vn 0.9998741 0.015871048 -0
vn 0.8094219 -0.58722764 -0
vn 0.8094219 -0.58722764 -0
vn 0.8094219 -0.58722764 -0
vn 0.8094219 -0.58722764 -0
vn 0.8094219 -0.58722764 -0
vn 0.8094219 -0.58722764 -0
vn 0.8094219 -0.58722764 -0
vn 0.8094219 -0.58722764 -0
vn 0.8094219 -0.58722764 -0
vn 0.8094219 -0.58722764 -0
vn 0.8094219 -0.58722764 -0
vn 0.8094219 -0.58722764 -0
vn 0.8094219 -0.58722764 -0
vn 0.8094219 -0.58722764 -0
vn 0.9998741 -0.015870988 -0
vn 0.9998741 -0.015870988 -0
vn 0.9998741 -0.015870988 -0
vn 0.9998741 -0.015870988 -0
vn 0.9998741 0.015871048 -0
vn 0.9998741 0.015871048 -0
vn 0.9998741 -0.015870988 -0
vn 0.9998741 -0.015870988 -0
vn 0.9998741 -0.015870988 -0
vn 0.9998741 -0.015870988 -0
vn 0.9998741 -0.015870988 -0
vn 0.9998741 -0.015870988 -0
vn 0.9998741 0.015871048 -0
vn 0.9998741 0.015871048 -0
vn 0.9998741 0.015871048 -0
vn 0.9998741 0.015871048 -0
vn 0.9998741 0.015871048 -0
vn 0.9998741 0.015871048 -0
vn 0.9998741 0.015871048 -0
vn 0.9998741 0.015871048 -0
vn 0.9998741 0.015871048 -0
vn 0.9998741 0.015871048 -0
vn 0.9998741 0.015871048 -0
vn 0.9998741 0.015871048 -0
vn 0.015870988 0.9998741 -0
vn 0.015870988 0.9998741 -0
vn 0.015870988 0.9998741 -0
vn 0.015870988 0.9998741 -0
vn 0.015870988 0.9998741 -0
vn 0.015870988 0.9998741 -0
vn 0.015870988 0.9998741 -0
vn 0.015870988 0.9998741 -0
vn 0.015870988 0.9998741 -0
vn 0.015870988 0.9998741 -0
vn 0.015870988 0.9998741 -0
vn 0.015870988 0.9998741 -0
vn 0.015870988 0.9998741 -0
vn 0.015870988 0.9998741 -0
vn 0.015870988 0.9998741 -0
vn 0.015870988 0.9998741 -0
vn 0.015870988 0.9998741 -0
vn 0.015870988 0.9998741 -0
vn -0.015871048 0.9998741 -0
vn -0.015871048 0.9998741 -0
vn -0.015871048 0.9998741 -0
vn -0.015871048 0.9998741 -0
vn -0.015871048 0.9998741 -0
vn -0.015871048 0.9998741 -0
vn -0.015871048 0.9998741 -0
vn -0.015871048 0.9998741 -0
vn -0.015871048 0.9998741 -0
vn -0.015871048 0.9998741 -0
vn -0.015871048 0.9998741 -0
vn -0.015871048 0.9998741 -0
vn -0.015871048 0.9998741 -0
vn -0.015871048 0.9998741 -0
vn 0.015870988 0.9998741 -0
vn 0.015870988 0.9998741 -0
vn 0.015870988 0.9998741 -0
vn 0.015870988 0.9998741 -0
vn 0.015870988 0.9998741 -0
vn 0.015870988 0.9998741 -0
vn 0.015870988 0.9998741 -0
vn 0.015870988 0.9998741 -0
vn 0.015870988 0.9998741 -0
vn 0.015870988 0.9998741 -0
vn 0.015870988 0.9998741 -0
vn 0.015870988 0.9998741 -0
vn 0.015870988 0.9998741 -0
vn 0.015870988 0.9998741 -0
vn -0.9998741 -0.015870988 -0
vn -0.9998741 -0.015870988 -0
vn -0.9998741 -0.015870988 -0
vn -0.9998741 -0.015870988 -0
vn -0.9998741 0.015871048 -0
vn -0.9998741 0.015871048 -0
vn -0.9998741 0.015871048 -0
vn -0.9998741 0.015871048 -0
vn -0.9998741 0.015871048 -0
vn -0.9998741 0.015871048 -0
vn -0.9998741 -0.015870988 -0
vn -0.9998741 -0.015870988 -0
vn -0.9998741 -0.015870988 -0
vn -0.9998741 -0.015870988 -0
vn -0.9998741 -0.015870988 -0
vn -0.9998741 -0.015870988 -0
vn -0.9998741 -0.015870988 -0
vn -0.9998741 -0.015870988 -0
vn -0.9998741 -0.015870988 -0
vn -0.9998741 -0.015870988 -0
vn -0.9998741 -0.015870988 -0
vn -0.9998741 -0.015870988 -0
vn -0.9998741 -0.015870988 -0
vn -0.9998741 -0.015870988 -0
vn -0.58722764 -0.8094218 -0
vn -0.58722764 -0.8094218 -0
vn -0.58722764 -0.8094218 -0
vn -0.58722764 -0.8094218 -0
vn -0.58722764 -0.8094218 -0
vn -0.58722764 -0.8094218 -0
vn -0.9998741 0.015871048 -0
vn -0.9998741 0.015871048 -0
vn -0.9998741 0.015871048 -0
vn -0.9998741 0.015871048 -0
vn -0.9998741 0.015871048 -0
vn -0.9998741 0.015871048 -0
vn -0.9998741 -0.015870988 -0
vn -0.9998741 -0.015870988 -0
vn -0.9998741 -0.015870988 -0
vn -0.9998741 -0.015870988 -0
vn -0.9998741 -0.015870988 -0
vn -0.9998741 -0.015870988 -0
vn -0.9998741 -0.015870988 -0
vn -0.9998741 -0.015870988 -0
vn -0.9998741 -0.015870988 -0
vn -0.9998741 -0.015870988 -0
vn -0.9998741 -0.015870988 -0
vn -0.9998741 -0.015870988 -0
vn -0.9998741 0.015871048 -0
vn -0.9998741 0.015871048 -0
vn -0.9998741 0.015871048 -0
vn -0.9998741 0.015871048 -0
vn -0.9998741 0.015871048 -0
vn -0.9998741 0.015871048 -0
vn -0.9998741 0.015871048 -0
vn -0.9998741 0.015871048 -0
vn -0.9998741 0.015871048 -0
vn -0.9998741 0.015871048 -0
vn -0.9998741 0.015871048 -0
vn -0.9998741 0.015871048 -0
vn -0.7776799 0.6189697 0.10995683
vn -0.7776799 0.6189697 0.10995683
vn -0.7776799 0.6189697 0.10995683
vn -0.7776799 0.6189697 0.10995683
vn -0.7776799 0.6189697 0.10995683
vn -0.7776799 0.6189697 0.10995683
vn -0.7776799 0.6189697 0.10995683
vn -0.7776799 0.6189697 0.10995683
vn -0.7776799 0.6189697 0.10995683
vn -0.7776799 0.6189697 0.10995683
vn -0.9998741 -0.015870988 -0
vn -0.9998741 -0.015870988 -0
vn -0.9998741 -0.015870988 -0
vn -0.9998741 -0.015870988 -0
vn -0.9998741 -0.015870988 -0
vn -0.9998741 -0.015870988 -0
vn -0.9998741 -0.015870988 -0
vn -0.9998741 -0.015870988 -0
vn -0.9998741 -0.015870988 -0
vn -0.9998741 -0.015870988 -0
vn -0.9998741 -0.015870988 -0
vn -0.9998741 -0.015870988 -0
vn -0.9998741 -0.015870988 -0
vn -0.9998741 -0.015870988 -0
vn 0.015870988 0.9998741 -0
vn 0.015870988 0.9998741 -0
vn 0.015870988 0.9998741 -0
vn 0.015870988 0.9998741 -0
vn 0.015870988 0.9998741 -0
vn 0.015870988 0.9998741 -0
vn 0.015870988 0.9998741 -0
vn 0.015870988 0.9998741 -0
vn 0.015870988 0.9998741 -0
vn 0.015870988 0.9998741 -0
vn 0.015870988 0.9998741 -0
vn 0.015870988 0.9998741 -0
vn 0.015870988 0.9998741 -0
vn 0.015870988 0.9998741 -0
vn 0.6750134 0.7378054 -0
vn 0.6750134 0.7378054 -0
vn 0.6750134 0.7378054 -0
vn 0.6750134 0.7378054 -0
vn 0.6750134 0.7378054 -0
vn 0.6750134 0.7378054 -0
vn 0.6750134 0.7378054 -0
vn 0.6750134 0.7378054 -0
vn -0.015871048 0.9998741 -0
vn -0.015871048 0.9998741 -0
vn -0.015871048 0.9998741 -0
vn -0.015871048 0.9998741 -0
vn -0.015871048 0.9998741 -0
vn -0.015871048 0.9998741 -0
vn -0.015871048 0.9998741 -0
vn -0.015871048 0.9998741 -0
vn -0.015871048 0.9998741 -0
vn -0.015871048 0.9998741 -0
vn -0.015871048 0.9998741 -0
vn -0.015871048 0.9998741 -0
vn -0.015871048 0.9998741 -0
vn -0.015871048 0.9998741 -0
vn -0.015871048 0.9998741 -0
vn -0.015871048 0.9998741 -0
vn -0.015871048 0.9998741 -0
vn -0.015871048 0.9998741 -0
vn -0.015871048 0.9998741 -0
vn -0.015871048 0.9998741 -0
vn -0.71419585 0.68245375 0.15550302
vn -0.71419585 0.68245375 0.15550302
vn -0.71419585 0.68245375 0.15550302
vn -0.71419585 0.68245375 0.15550302
vn -0.71419585 0.68245375 0.15550302
vn -0.71419585 0.68245375 0.15550302
vn -0.71419585 0.68245375 0.15550302
vn -0.71419585 0.68245375 0.15550302
vn -0.71419585 0.68245375 0.15550302
vn -0.71419585 0.68245375 0.15550302
vn -0.71419585 0.68245375 0.15550302
vn -0.71419585 0.68245375 0.15550302
vn -0.015871048 0.9998741 -0
vn -0.015871048 0.9998741 -0
vn -0.015871048 0.9998741 -0
vn -0.015871048 0.9998741 -0
vn 0.9998741 0.015871048 -0
vn 0.9998741 0.015871048 -0
vn 0.9998741 0.015871048 -0
vn 0.9998741 0.015871048 -0
vn 0.9998741 0.015871048 -0
vn 0.9998741 0.015871048 -0
vn 0.9998741 0.015871048 -0
vn 0.9998741 0.015871048 -0
vn 0.9998741 0.015871048 -0
vn 0.9998741 0.015871048 -0
vn 0.9998741 0.015871048 -0
vn 0.9998741 0.015871048 -0
vn 0.77767986 -0.6189697 -0.1099571
vn 0.77767986 -0.6189697 -0.1099571
vn 0.77767986 -0.6189697 -0.1099571
vn 0.77767986 -0.6189697 -0.1099571
vn 0.77767986 -0.6189697 -0.1099571
vn 0.77767986 -0.6189697 -0.1099571
vn 0.77767986 -0.6189697 -0.1099571
vn 0.77767986 -0.6189697 -0.1099571
vn 0.77767986 -0.6189697 -0.1099571
vn 0.77767986 -0.6189697 -0.1099571
vn 0.9998741 -0.015870988 -0
vn 0.9998741 -0.015870988 -0
vn 0.9998741 -0.015870988 -0
vn 0.9998741 -0.015870988 -0
vn 0.9998741 -0.015870988 -0
vn 0.9998741 -0.015870988 -0
vn 0.9998741 -0.015870988 -0
vn 0.9998741 -0.015870988 -0
vn 0.9998741 -0.015870988 -0
vn 0.9998741 -0.015870988 -0
vn 0.9998741 -0.015870988 -0
vn 0.9998741 -0.015870988 -0
vn 0.9998741 -0.015870988 -0
vn 0.9998741 -0.015870988 -0
vn 0.9998741 0.015871048 -0
vn 0.9998741 0.015871048 -0
vn 0.9998741 0.015871048 -0
vn 0.9998741 0.015871048 -0
vn 0.9998741 0.015871048 -0
vn 0.9998741 0.015871048 -0
vn 0.9998741 0.015871048 -0
vn 0.9998741 0.015871048 -0
vn 0.9998741 0.015871048 -0
vn 0.9998741 0.015871048 -0
vn 0.9998741 0.015871048 -0
vn 0.9998741 0.015871048 -0
vn 0.9998741 -0.015870988 -0
vn 0.9998741 -0.015870988 -0
vn 0.9998741 -0.015870988 -0
vn 0.9998741 -0.015870988 -0
vn 0.58722764 0.8094219 -0
vn 0.58722764 0.8094219 -0
vn 0.58722764 0.8094219 -0
vn 0.58722764 0.8094219 -0
vn 0.58722764 0.8094219 -0
vn 0.58722764 0.8094219 -0
vn 0.9998741 0.015871048 -0
vn 0.9998741 0.015871048 -0
vn 0.9998741 0.015871048 -0
vn 0.9998741 0.015871048 -0
vn 0.9998741 0.015871048 -0
vn 0.9998741 0.015871048 -0
vn 0.9998741 0.015871048 -0
vn 0.9998741 0.015871048 -0
vn 0.9998741 0.015871048 -0
vn 0.9998741 0.015871048 -0
vn 0.9998741 0.015871048 -0
vn 0.9998741 0.015871048 -0
vn 0.9998741 0.015871048 -0
vn 0.9998741 0.015871048 -0
vn 0.9998741 0.015871048 -0
vn 0.9998741 0.015871048 -0
vn 0.9998741 -0.015870988 -0
vn 0.9998741 -0.015870988 -0
vn 0.9998741 -0.015870988 -0
vn 0.9998741 -0.015870988 -0
vn 0.9998741 -0.015870988 -0
vn 0.9998741 -0.015870988 -0
vn 0.9998741 -0.015870988 -0
vn 0.9998741 -0.015870988 -0
vn -0.015871048 -0.9998741 -0
vn -0.015871048 -0.9998741 -0
vn -0.015871048 -0.9998741 -0
vn -0.015871048 -0.9998741 -0
vn -0.015871048 -0.9998741 -0
vn -0.015871048 -0.9998741 -0
vn -0.015871048 -0.9998741 -0
vn -0.015871048 -0.9998741 -0
vn -0.015871048 -0.9998741 -0
vn -0.015871048 -0.9998741 -0
vn -0.015871048 -0.9998741 -0
vn -0.015871048 -0.9998741 -0
vn -0.015871048 -0.9998741 -0
vn -0.015871048 -0.9998741 -0
vn -0.015871048 -0.9998741 -0
vn -0.015871048 -0.9998741 -0
vn 0.015870988 -0.9998741 -0
vn 0.015870988 -0.9998741 -0
vn -0.015871048 -0.9998741 -0
vn -0.015871048 -0.9998741 -0
vn 0.015870988 -0.9998741 -0
vn 0.015870988 -0.9998741 -0
vn 0.015870988 -0.9998741 -0
vn 0.015870988 -0.9998741 -0
vn 0.015870988 -0.9998741 -0
vn 0.015870988 -0.9998741 -0
vn 0.015870988 -0.9998741 -0
vn 0.015870988 -0.9998741 -0
vn -0.015871048 -0.9998741 -0
vn -0.015871048 -0.9998741 -0
vn -0.015871048 -0.9998741 -0
vn -0.015871048 -0.9998741 -0
vn -0.015871048 -0.9998741 -0
vn -0.015871048 -0.9998741 -0
vn -0.015871048 -0.9998741 -0
vn -0.015871048 -0.9998741 -0
vn -0.015871048 -0.9998741 -0
vn -0.015871048 -0.9998741 -0
vn -0.015871048 -0.9998741 -0
vn -0.015871048 -0.9998741 -0
vn -0.015871048 -0.9998741 -0
vn -0.015871048 -0.9998741 -0
vn -0.015871048 -0.9998741 -0
vn -0.015871048 -0.9998741 -0
vn -0.9998741 -0.015870988 -0
vn -0.9998741 -0.015870988 -0
vn -0.9998741 -0.015870988 -0
vn -0.9998741 -0.015870988 -0
vn -0.9998741 -0.015870988 -0
vn -0.9998741 -0.015870988 -0
vn -0.9998741 -0.015870988 -0
vn -0.9998741 -0.015870988 -0
vn -0.9998741 -0.015870988 -0
vn -0.9998741 -0.015870988 -0
vn -0.9998741 -0.015870988 -0
vn -0.9998741 -0.015870988 -0
vn -0.9998741 -0.015870988 -0
vn -0.9998741 -0.015870988 -0
vn -0.9998741 0.015871048 -0
vn -0.9998741 0.015871048 -0
vn -0.9998741 0.015871048 -0
vn -0.9998741 0.015871048 -0
vn -0.9998741 0.015871048 -0
vn -0.9998741 0.015871048 -0
vn -0.9998741 0.015871048 -0
vn -0.9998741 0.015871048 -0
vn -0.8094218 0.58722764 -0
vn -0.8094218 0.58722764 -0
vn -0.8094218 0.58722764 -0
vn -0.8094218 0.58722764 -0
vn -0.8094218 0.58722764 -0
vn -0.8094218 0.58722764 -0
vn -0.8094218 0.58722764 -0
vn -0.8094218 0.58722764 -0
vn -0.8094218 0.58722764 -0
vn -0.8094218 0.58722764 -0
vn -0.8094218 0.58722764 -0
vn -0.8094218 0.58722764 -0
vn -0.8094218 0.58722764 -0
vn -0.8094218 0.58722764 -0
vn -0.9998741 -0.015870988 -0
vn -0.9998741 -0.015870988 -0
vn -0.9998741 -0.015870988 -0
vn -0.9998741 -0.015870988 -0
vn -0.9998741 -0.015870988 -0
vn -0.9998741 -0.015870988 -0
vn -0.9998741 -0.015870988 -0
vn -0.9998741 -0.015870988 -0
vn -0.9998741 -0.015870988 -0
vn -0.9998741 -0.015870988 -0
vn -0.9998741 -0.015870988 -0
vn -0.9998741 -0.015870988 -0
vn -0.9998741 -0.015870988 -0
vn -0.9998741 -0.015870988 -0
vn -0.9998741 -0.015870988 -0
vn -0.9998741 -0.015870988 -0
vn -0.9998741 -0.015870988 -0
vn -0.9998741 -0.015870988 -0
vn -0.9998741 -0.015870988 -0
vn -0.9998741 -0.015870988 -0
vn -0.8094219 -0.5554856 -0.1904519
vn -0.8094219 -0.5554856 -0.1904519
vn -0.8094219 -0.5554856 -0.1904519
vn -0.8094219 -0.5554856 -0.1904519
vn -0.8094219 -0.5554856 -0.1904519
vn -0.8094219 -0.5554856 -0.1904519
vn -0.8094219 -0.5554856 -0.1904519
vn -0.8094219 -0.5554856 -0.1904519
vn -0.8094219 -0.5554856 -0.1904519
vn -0.8094219 -0.5554856 -0.1904519
vn -0.9998741 -0.015870988 -0
vn -0.9998741 -0.015870988 -0
vn -0.9998741 -0.015870988 -0
vn -0.9998741 -0.015870988 -0
vn -0.9998741 -0.015870988 -0
vn -0.9998741 -0.015870988 -0
vn -0.9998741 -0.015870988 -0
vn -0.9998741 -0.015870988 -0
vn -0.9998741 -0.015870988 -0
vn -0.9998741 -0.015870988 -0
vn -0.9998741 -0.015870988 -0
vn -0.9998741 -0.015870988 -0
vn 0.015870988 -0.07935506 0.9967201
vn 0.015870988 -0.07935506 0.9967201
vn 0.015870988 -0.07935506 0.9967201
vn 0.015870988 -0.015870988 0.99974805
vn 0.015870988 -0.015870988 0.99974805
vn -0.015871048 0.015871048 0.99974805
vn -0.015871048 0.015871048 0.99974805
vn -0.047613025 0.047613025 0.99773043
vn -0.047613025 0.047613025 0.99773043
vn -0.047613025 0.07935512 0.9957087
vn 0.015870988 -0.07935506 0.9967201
vn 0.015870988 -0.07935506 0.9967201
vn 0.015870988 -0.015870988 0.99974805
vn -0.015871048 0.015871048 0.99974805
vn -0.047613025 0.047613025 0.99773043
vn 0.015870988 -0.047613025 0.9987398
vn 0.015870988 -0.047613025 0.9987398
vn 0.015870988 -0.047613025 0.9987398
vn 0.015870988 -0.047613025 0.9987398
vn 0.015870988 -0.07935506 0.9967201
vn 0.015870988 -0.07935506 0.9967201
vn 0.015870988 -0.07935506 0.9967201
vn 0.015870988 -0.07935506 0.9967201
vn 0.015870988 -0.07935506 0.9967201
vn 0.015870988 -0.07935506 0.9967201
vn 0.015870988 -0.047613025 0.9987398
vn 0.015870988 -0.07935506 0.9967201
vn 0.015870988 -0.07935506 0.9967201
vn 0.015870988 -0.047613025 0.9987398
vn 0.015870988 -0.047613025 0.9987398
vn 0.015870988 -0.047613025 0.9987398
vn 0.015870988 -0.015870988 0.99974805
vn 0.015870988 -0.07935506 0.9967201
vn 0.015870988 -0.07935506 0.9967201
vn 0.015870988 -0.07935506 0.9967201
vn 0.015870988 -0.047613025 0.9987398
vn 0.015870988 -0.07935506 0.9967201
vn 0.015870988 -0.047613025 0.9987398
vn 0.015870988 -0.07935506 0.9967201
vn 0.015870988 -0.07935506 0.9967201
vn 0.015870988 -0.07935506 0.9967201
vn -0.015871048 -0.015870988 0.99974805
vn -0.015871048 0.015871048 0.99974805
vn -0.047613025 0.047613025 0.99773043
vn -0.047613025 0.07935512 0.9957087
vn -0.047613025 0.07935512 0.9957087
vn -0.047613025 0.07935512 0.9957087
vn -0.047613025 0.047613025 0.99773043
vn -0.047613025 0.07935512 0.9957087
vn -0.047613025 0.07935512 0.9957087
vn -0.047613025 0.07935512 0.9957087
vn -0.047613025 0.07935512 0.9957087
vn -0.047613025 0.047613025 0.99773043
vn -0.015871048 0.015871048 0.99974805
vn -0.047613025 0.047613025 0.99773043
vn -0.047613025 0.047613025 0.99773043
vn -0.015871048 0.015871048 0.99974805
vn -0.015871048 0.015871048 0.99974805
vn -0.015871048 0.015871048 0.99974805
vn -0.015871048 0.015871048 0.99974805
vn -0.015871048 0.015871048 0.99974805
vn 0.015870988 -0.015870988 0.99974805
vn -0.015871048 0.015871048 0.99974805
vn -0.015871048 0.015871048 0.99974805
vn 0.015870988 -0.015870988 0.99974805
vn 0.015870988 -0.015870988 0.99974805
vn 0.015870988 -0.015870988 0.99974805
vn 0.015870988 0.015871048 0.99974805
vn 0.015870988 -0.015870988 0.99974805
vn 0.015870988 -0.015870988 0.99974805
vn 0.015870988 0.015871048 0.99974805
vn 0.015870988 -0.015870988 0.99974805
vn 0.047613025 -0.015870988 0.9987398
vn 0.015870988 -0.015870988 0.99974805
vn 0.047613025 -0.015870988 0.9987398
vn 0.015870988 -0.047613025 0.9987398
vn 0.015870988 -0.047613025 0.9987398
vn 0.015870988 -0.047613025 0.9987398
vn 0.015870988 -0.047613025 0.9987398
vn 0.015870988 -0.047613025 0.9987398
vn 0.015870988 -0.015870988 0.99974805
vn 0.047613025 -0.015870988 0.9987398
vn 0.015870988 -0.015870988 0.99974805
vn 0.015870988 -0.015870988 0.99974805
vn 0.015870988 -0.015870988 0.99974805
vn 0.015870988 -0.015870988 0.99974805
vn 0.015870988 0.015871048 0.99974805
vn 0.015870988 -0.015870988 0.99974805
vn 0.015870988 0.015871048 0.99974805
vn 0.015870988 -0.015870988 0.99974805
vn 0.015870988 0.015871048 0.99974805
vn 0.015870988 0.015871048 0.99974805
vn 0.015870988 0.015871048 0.99974805
vn 0.047613025 0.015871048 0.9987398
vn 0.047613025 0.015871048 0.9987398
vn 0.047613025 0.015871048 0.9987398
vn 0.047613025 0.015871048 0.9987398
vn 0.047613025 -0.015870988 0.9987398
vn 0.047613025 -0.015870988 0.9987398
vn 0.015870988 -0.015870988 0.99974805
vn 0.047613025 -0.015870988 0.9987398
vn 0.047613025 -0.015870988 0.9987398
vn 0.015870988 -0.015870988 0.99974805
vn 0.015870988 -0.015870988 0.99974805
vn 0.015870988 -0.015870988 0.99974805
vn 0.015870988 -0.047613025 0.9987398
vn 0.015870988 -0.015870988 0.99974805
vn 0.015870988 -0.07935506 0.9967201
vn 0.015870988 -0.047613025 0.9987398
vn 0.015870988 -0.047613025 0.9987398
vn 0.015870988 -0.047613025 0.9987398
vn 0.047613025 -0.07935506 0.9957087
vn 0.047613025 -0.047613025 0.99773043
vn 0.047613025 -0.07935506 0.9957087
vn 0.047613025 -0.047613025 0.99773043
vn 0.047613025 -0.07935506 0.9957087
vn 0.047613025 -0.07935506 0.9957087
vn -0.015871048 -0.07935506 0.9967201
vn 0.047613025 -0.07935506 0.9957087
vn 0.047613025 -0.07935506 0.9957087
vn 0.047613025 -0.07935506 0.9957087
vn 0.047613025 -0.1110971 0.99266833
vn 0.015870988 -0.07935506 0.9967201
vn -0.015871048 -0.1110971 0.9936828
vn 0.015870988 -0.07935506 0.9967201
vn 0.015870988 -0.1110971 0.9936828
vn -0.015871048 -0.1110971 0.9936828
vn 0.015870988 -0.07935506 0.9967201
vn 0.015870988 -0.1110971 0.9936828
vn 0.015870988 -0.07935506 0.9967201
vn -0.015871048 0.07935512 0.9967201
vn -0.015871048 0.015871048 0.99974805
vn -0.047613025 0.047613025 0.99773043
vn 0.047613025 0.07935512 0.9957087
vn 0.015870988 0.07935512 0.9967201
vn 0.047613025 0.07935512 0.9957087
vn 0.1110971 0.1110971 0.9875803
vn 0.07935506 0.015871048 0.9967201
vn -0.015871048 0.07935512 0.9967201
vn 0.1110971 0.1110971 0.9875803
vn 0.14283913 0.1110971 0.98349094
vn 0.015870988 -0.047613025 0.9987398
vn 0.07935506 -0.1110971 0.9906362
vn 0.07935506 -0.07935506 0.9936828
vn 0.07935506 -0.047613025 0.9957087
vn 0.1110971 -0.1110971 0.9875803
vn 0.07935506 -0.14283913 0.98655957
vn 0.015870988 -0.14283913 0.98961866
vn 0.015870988 -0.14283913 0.98961866
vn 0.015870988 -0.1110971 0.9936828
vn -0.047613025 -0.1110971 0.99266833
vn 0.015870988 -0.1110971 0.9936828
vn 0.015870988 -0.07935506 0.9967201
vn 0.015870988 -0.07935506 0.9967201
vn 0.015870988 -0.015870988 0.99974805
vn 0.015870988 -0.015870988 0.99974805
vn 0.047613025 -0.047613025 0.99773043
vn 0.047613025 -0.047613025 0.99773043
vn 0.047613025 -0.047613025 0.99773043
vn 0.047613025 -0.047613025 0.99773043
vn 0.047613025 -0.047613025 0.99773043
vn 0.047613025 -0.047613025 0.99773043
vn 0.07935506 -0.14283913 0.98655957
vn 0.07935506 -0.1110971 0.9906362
vn 0.07935506 -0.14283913 0.98655957
vn 0.047613025 -0.1110971 0.99266833
vn 0.015870988 -0.07935506 0.9967201
vn 0.07935506 -0.14283913 0.98655957
vn 0.07935506 -0.047613025 0.9957087
vn 0.07935506 -0.1110971 0.9906362
vn 0.07935506 -0.14283913 0.98655957
vn 0.047613025 -0.047613025 0.99773043
vn 0.047613025 0.015871048 0.9987398
vn 0.047613025 -0.047613025 0.99773043
vn 0.047613025 -0.047613025 0.99773043
vn 0.047613025 0.015871048 0.9987398
vn 0.047613025 0.015871048 0.9987398
vn 0.047613025 0.015871048 0.9987398
vn 0.047613025 0.047613025 0.99773043
vn 0.015870988 0.047613025 0.9987398
vn 0.015870988 0.07935512 0.9967201
vn -0.015871048 0.07935512 0.9967201
vn 0.015870988 0.07935512 0.9967201
vn 0.015870988 0.07935512 0.9967201
vn -0.015871048 0.07935512 0.9967201
vn 0.015870988 0.07935512 0.9967201
vn 0.015870988 0.07935512 0.9967201
vn -0.015871048 0.07935512 0.9967201
vn -0.015871048 0.07935512 0.9967201
vn -0.015871048 0.07935512 0.9967201
vn 0.015870988 0.07935512 0.9967201
vn 0.015870988 0.07935512 0.9967201
vn 0.015870988 0.047613025 0.9987398
vn 0.015870988 0.07935512 0.9967201
vn 0.015870988 0.07935512 0.9967201
vn 0.047613025 0.047613025 0.99773043
vn 0.015870988 -0.047613025 0.9987398
vn 0.07935506 0.047613025 0.9957087
vn 0.07935506 0.047613025 0.9957087
vn 0.047613025 -0.047613025 0.99773043
vn 0.047613025 -0.1110971 0.99266833
vn 0.07935506 -0.047613025 0.9957087
vn 0.07935506 -0.047613025 0.9957087
vn 0.07935506 -0.1110971 0.9906362
vn 0.07935506 -0.1110971 0.9906362
vn 0.047613025 -0.1110971 0.99266833
vn 0.015870988 -0.1110971 0.9936828
vn 0.015870988 -0.1110971 0.9936828
vn 0.015870988 -0.1110971 0.9936828
vn 0.015870988 -0.1110971 0.9936828
vn 0.047613025 -0.07935506 0.9957087
vn 0.07935506 -0.1110971 0.9906362
vn 0.047613025 -0.1110971 0.99266833
vn 0.047613025 -0.07935506 0.9957087
vn 0.07935506 -0.1110971 0.9906362
vn 0.07935506 -0.1110971 0.9906362
vn 0.1110971 -0.1110971 0.9875803
vn 0.1110971 -0.14283913 0.98349094
vn 0.07935506 -0.1110971 0.9906362
vn 0.1110971 -0.14283913 0.98349094
vn 0.1110971 -0.14283913 0.98349094
vn 0.1110971 -0.015870988 0.9936828
vn 0.1110971 -0.14283913 0.98349094
vn 0.1110971 -0.015870988 0.9936828
vn 0.07935506 -0.047613025 0.9957087
vn 0.015870988 0.1110971 0.9936828
vn 0.015870988 0.015871048 0.99974805
vn 0.015870988 0.1428392 0.98961866
vn -0.015871048 0.1428392 0.98961866
vn -0.015871048 0.17458117 0.98451483
vn -0.015871048 0.17458117 0.98451483
vn -0.015871048 0.17458117 0.98451483
vn -0.015871048 0.17458117 0.98451483
vn -0.015871048 0.1110971 0.9936828
vn -0.015871048 0.17458117 0.98451483
vn -0.015871048 0.20632327 0.97835517
vn -0.015871048 0.1110971 0.9936828
vn -0.015871048 0.047613025 0.9987398
vn -0.015871048 0.047613025 0.9987398
vn -0.015871048 0.015871048 0.99974805
vn -0.015871048 0.015871048 0.99974805
vn 0.015870988 -0.07935506 0.9967201
vn 0.015870988 -0.07935506 0.9967201
vn 0.015870988 -0.1110971 0.9936828
vn 0.015870988 -0.07935506 0.9967201
vn 0.047613025 -0.17458117 0.98349094
vn 0.07935506 -0.2063232 0.97526073
vn 0.047613025 -0.17458117 0.98349094
vn 0.07935506 -0.17458117 0.9814398
vn 0.2063232 -0.2063232 0.9564839
vn 0.2063232 -0.2063232 0.9564839
vn 0.2063232 -0.17458117 0.9627835
vn 0.2063232 -0.17458117 0.9627835
vn 0.23806524 -0.17458117 0.9554299
vn 0.2063232 -0.17458117 0.9627835
vn 0.26980728 -0.1110971 0.9564839
vn 0.26980728 -0.17458117 0.94695586
vn 0.26980728 -0.17458117 0.94695586
vn 0.26980728 -0.1110971 0.9564839
vn 0.23806524 0.1110971 0.96487427
vn 0.26980728 -0.07935506 0.9596389
vn 0.26980728 -0.07935506 0.9596389
vn 0.23806524 0.07935512 0.9680019
vn 0.17458117 0.30154932 0.937331
vn 0.30154932 0.17458117 0.937331
vn 0.23806524 0.1428392 0.96068823
vn 0.17458117 0.30154932 0.937331
vn 0.14283913 0.3332914 0.9319409
vn 0.17458117 0.3332914 0.92651945
vn -0.047613025 0.3650334 0.9297761
vn 0.047613025 0.3650334 0.9297761
vn 0.015870988 0.39677548 0.9177785
vn 0.047613025 0.3650334 0.9297761
vn 0.047613025 0.26980734 0.96173644
vn 0.14283913 0.3332914 0.9319409
vn 0.047613025 0.3332914 0.9416209
vn 0.047613025 0.1428392 0.9886
vn 0.047613025 0.23806524 0.9700814
vn 0.047613025 0.1110971 0.99266833
vn 0.015870988 0.047613025 0.9987398
vn -0.015871048 0.047613025 0.9987398
vn -0.015871048 0.047613025 0.9987398
vn -0.015871048 0.1110971 0.9936828
vn -0.07935512 -0.015870988 0.9967201
vn -0.07935512 -0.07935506 0.9936828
vn -0.1110971 -0.07935506 0.9906362
vn -0.1110971 -0.015870988 0.9936828
vn -0.07935512 0.047613025 0.9957087
vn -0.1110971 -0.07935506 0.9906362
vn -0.1110971 -0.015870988 0.9936828
vn -0.1110971 0.047613025 0.99266833
vn -0.1110971 -0.07935506 0.9906362
vn -0.1110971 -0.1110971 0.9875803
vn -0.1110971 -0.07935506 0.9906362
vn -0.1110971 -0.047613025 0.99266833
vn -0.1110971 -0.047613025 0.99266833
vn -0.1110971 -0.07935506 0.9906362
vn -0.1428392 -0.07935506 0.98655957
vn -0.1110971 -0.07935506 0.9906362
vn -0.1110971 -0.07935506 0.9906362
vn -0.1110971 -0.07935506 0.9906362
vn -0.1428392 -0.17458117 0.9742271
vn -0.1428392 -0.1110971 0.98349094
vn -0.1428392 -0.07935506 0.98655957
vn -0.1428392 -0.14283913 0.9793845
vn -0.17458117 -0.17458117 0.9690422
vn -0.17458117 -0.23806524 0.9554299
vn -0.1428392 -0.30154932 0.94269025
vn -0.17458117 -0.17458117 0.9690422
vn -0.20632327 -0.23806524 0.9490815
vn -0.17458117 -0.23806524 0.9554299
vn -0.17458117 -0.33329135 0.92651945
vn -0.20632327 -0.17458117 0.9627835
vn -0.26980734 -0.26980728 0.9243419
vn -0.20632327 -0.42851746 0.879661
vn -0.17458117 -0.58722764 0.7903702
vn -0.26980734 -0.26980728 0.9243419
vn -0.23806524 -0.42851746 0.87160635
vn -0.20632327 -0.58722764 0.7826841
vn -0.23806524 -0.26980728 0.9330214
vn -0.23806524 -0.26980728 0.9330214
vn -0.23806524 -0.17458117 0.9554299
vn -0.23806524 -0.42851746 0.87160635
vn -0.20632327 -0.6189697 0.7578306
vn -0.23806524 -0.17458117 0.9554299
vn -0.23806524 -0.17458117 0.9554299
vn -0.20632327 -0.42851746 0.879661
vn -0.17458117 -0.68245375 0.7097734
vn -0.23806524 -0.17458117 0.9554299
vn -0.20632327 -0.42851746 0.879661
vn -0.1428392 -0.68245375 0.716836
vn -0.1428392 -0.07935506 0.98655957
vn -0.1110971 0.1110971 0.9875803
vn -0.07935512 -0.3650334 0.9276063
vn -0.07935512 -0.7141958 0.6954331
vn -0.047613025 -0.7459378 0.66431147
vn -0.047613025 0.1110971 0.99266833
vn -0.047613025 0.1110971 0.99266833
vn -0.047613025 0.1110971 0.99266833
vn -0.047613025 -0.3650334 0.9297761
vn -0.047613025 -0.7141958 0.6983247
vn -0.047613025 0.07935512 0.9957087
vn -0.047613025 -0.39677542 0.91668
vn -0.047613025 0.047613025 0.99773043
vn -0.047613025 0.1110971 0.99266833
vn -0.047613025 0.1110971 0.99266833
vn -0.047613025 -0.39677542 0.91668
vn -0.047613025 -0.68245375 0.7293764
vn -0.047613025 0.015871048 0.9987398
vn -0.047613025 -0.42851746 0.90227807
vn -0.047613025 -0.68245375 0.7293764
vn -0.047613025 -0.015870988 0.9987398
vn -0.047613025 0.07935512 0.9957087
vn -0.047613025 0.07935512 0.9957087
vn -0.047613025 -0.30154932 0.952261
vn -0.047613025 -0.52374357 0.85054433
vn -0.047613025 -0.015870988 0.9987398
vn -0.015871048 -0.33329135 0.94269025
vn -0.015871048 -0.52374357 0.8517281
vn 0.23806524 -0.30154932 0.9232513
vn 0.047613025 -0.07935506 0.9957087
vn 0.047613025 0.07935512 0.9957087
vn 0.26980728 -0.23806524 0.9330214
vn 0.26980728 -0.42851746 0.862309
vn 0.23806524 -0.42851746 0.87160635
vn 0.07935506 -0.4602595 0.8842307
vn 0.14283913 -0.49200153 0.85879654
vn 0.07935506 -0.52374357 0.8481718
vn 0.07935506 -0.49200153 0.8669702
vn 0.07935506 -0.49200153 0.8669702
vn -0.047613025 -0.4602595 0.88650674
vn -0.047613025 -0.4602595 0.88650674
vn -0.047613025 -0.39677542 0.91668
vn -0.07935512 -0.4602595 0.8842307
vn -0.047613025 -0.3650334 0.9297761
vn -0.047613025 -0.39677542 0.91668
vn -0.047613025 -0.30154932 0.952261
vn 0.07935506 -0.3650334 0.9276063
vn 0.015870988 -0.26980728 0.9627835
vn -0.047613025 -0.26980728 0.96173644
vn 0.07935506 -0.17458117 0.9814398
vn -0.015871048 -0.26980728 0.9627835
vn 0.07935506 -0.1110971 0.9906362
vn 0.015870988 -0.2063232 0.97835517
vn 0.07935506 0.015871048 0.9967201
vn 0.14283913 -0.1110971 0.98349094
vn 0.07935506 0.07935512 0.9936828
vn -0.047613025 0.015871048 0.9987398
vn 0.047613025 0.1428392 0.9886
vn 0.047613025 0.1110971 0.99266833
vn 0.047613025 0.1428392 0.9886
vn 0.047613025 0.1428392 0.9886
vn 0.047613025 0.07935512 0.9957087
vn 0.047613025 0.1428392 0.9886
vn 0.1110971 0.047613025 0.99266833
vn 0.1110971 0.1110971 0.9875803
vn 0.1110971 0.047613025 0.99266833
vn 0.07935506 0.047613025 0.9957087
vn 0.07935506 0.047613025 0.9957087
vn 0.1110971 0.015871048 0.9936828
vn 0.047613025 0.07935512 0.9957087
vn 0.14283913 0.047613025 0.9886
vn 0.047613025 0.1110971 0.99266833
vn 0.047613025 0.1110971 0.99266833
vn 0.047613025 0.1110971 0.99266833
vn 0.047613025 0.07935512 0.9957087
vn 0.047613025 0.1110971 0.99266833
vn -0.047613025 -0.015870988 0.9987398
vn 0.047613025 0.07935512 0.9957087
vn 0.07935506 0.07935512 0.9936828
vn 0.015870988 -0.015870988 0.99974805
vn 0.015870988 -0.1110971 0.9936828
vn -0.047613025 -0.047613025 0.99773043
vn -0.07935512 -0.047613025 0.9957087
vn -0.17458117 0.047613025 0.98349094
vn -0.17458117 0.17458117 0.9690422
vn 0.015870988 -0.1110971 0.9936828
vn 0.1110971 -0.2063232 0.97215647
vn -0.1428392 0.17458117 0.9742271
vn -0.1428392 0.1428392 0.9793845
vn -0.1428392 0.17458117 0.9742271
vn -0.1428392 0.17458117 0.9742271
vn -0.1110971 0.17458117 0.97835517
vn -0.1110971 0.17458117 0.97835517
vn -0.015871048 0.07935512 0.9967201
vn -0.1110971 0.17458117 0.97835517
vn -0.015871048 0.07935512 0.9967201
vn -0.015871048 0.1110971 0.9936828
vn -0.015871048 0.1110971 0.9936828
vn -0.015871048 0.07935512 0.9967201
vn -0.015871048 0.07935512 0.9967201
vn -0.015871048 0.07935512 0.9967201
vn -0.015871048 0.047613025 0.9987398
vn -0.015871048 0.07935512 0.9967201
vn -0.047613025 0.07935512 0.9957087
vn -0.015871048 0.07935512 0.9967201
vn -0.047613025 0.07935512 0.9957087
vn 0.015870988 -0.015870988 0.99974805
vn 0.015870988 -0.015870988 0.99974805
vn 0.015870988 -0.015870988 0.99974805
vn 0.015870988 -0.015870988 0.99974805
vn 0.015870988 -0.07935506 0.9967201
vn 0.047613025 -0.07935506 0.9957087
vn 0.015870988 -0.07935506 0.9967201
vn 0.047613025 -0.07935506 0.9957087
vn 0.015870988 -0.047613025 0.9987398
vn 0.015870988 -0.047613025 0.9987398
vn 0.015870988 -0.047613025 0.9987398
vn 0.015870988 -0.047613025 0.9987398
vn 0.015870988 -0.015870988 0.99974805
vn 0.015870988 -0.015870988 0.99974805
vn 0.015870988 -0.047613025 0.9987398
vn 0.015870988 -0.015870988 0.99974805
vn 0.015870988 -0.047613025 0.9987398
g tb_outline_02_mesh_0
f 3/3/3 2/2/2 1/1/1
f 4/4/4 3/3/3 1/1/1
f 5/5/5 3/3/3 4/4/4
f 6/6/6 5/5/5 4/4/4
f 9/9/9 8/8/8 7/7/7
f 10/10/10 9/9/9 7/7/7
f 11/11/11 9/9/9 10/10/10
f 12/12/12 11/11/11 10/10/10
f 13/13/13 11/11/11 12/12/12
f 14/14/14 13/13/13 12/12/12
f 15/15/15 13/13/13 14/14/14
f 16/16/16 15/15/15 14/14/14
f 17/17/17 15/15/15 16/16/16
f 18/18/18 17/17/17 16/16/16
f 21/21/21 20/20/20 19/19/19
f 22/22/22 21/21/21 19/19/19
f 23/23/23 21/21/21 22/22/22
f 24/24/24 23/23/23 22/22/22
f 25/25/25 23/23/23 24/24/24
f 26/26/26 25/25/25 24/24/24
f 27/27/27 25/25/25 26/26/26
f 28/28/28 27/27/27 26/26/26
f 29/29/29 27/27/27 28/28/28
f 30/30/30 29/29/29 28/28/28
f 31/31/31 29/29/29 30/30/30
f 32/32/32 31/31/31 30/30/30
f 33/33/33 31/31/31 32/32/32
f 34/34/34 33/33/33 32/32/32
f 35/35/35 33/33/33 34/34/34
f 36/36/36 35/35/35 34/34/34
f 37/37/37 35/35/35 36/36/36
f 38/38/38 37/37/37 36/36/36
f 41/41/41 40/40/40 39/39/39
f 42/42/42 41/41/41 39/39/39
f 43/43/43 41/41/41 42/42/42
f 44/44/44 43/43/43 42/42/42
f 45/45/45 43/43/43 44/44/44
f 46/46/46 45/45/45 44/44/44
f 49/49/49 48/48/48 47/47/47
f 50/50/50 49/49/49 47/47/47
f 51/51/51 49/49/49 50/50/50
f 52/52/52 51/51/51 50/50/50
f 53/53/53 51/51/51 52/52/52
f 54/54/54 53/53/53 52/52/52
f 55/55/55 53/53/53 54/54/54
f 56/56/56 55/55/55 54/54/54
f 57/57/57 55/55/55 56/56/56
f 58/58/58 57/57/57 56/56/56
f 59/59/59 57/57/57 58/58/58
f 60/60/60 59/59/59 58/58/58
f 61/61/61 59/59/59 60/60/60
f 62/62/62 61/61/61 60/60/60
f 65/65/65 64/64/64 63/63/63
f 66/66/66 65/65/65 63/63/63
f 67/67/67 65/65/65 66/66/66
f 68/68/68 67/67/67 66/66/66
f 69/69/69 67/67/67 68/68/68
f 70/70/70 69/69/69 68/68/68
f 71/71/71 69/69/69 70/70/70
f 72/72/72 71/71/71 70/70/70
f 73/73/73 71/71/71 72/72/72
f 74/74/74 73/73/73 72/72/72
f 77/77/77 76/76/76 75/75/75
f 78/78/78 77/77/77 75/75/75
f 79/79/79 77/77/77 78/78/78
f 80/80/80 79/79/79 78/78/78
f 81/81/81 79/79/79 80/80/80
f 82/82/82 81/81/81 80/80/80
f 83/83/83 81/81/81 82/82/82
f 84/84/84 83/83/83 82/82/82
f 87/87/87 86/86/86 85/85/85
f 88/88/88 87/87/87 85/85/85
f 89/89/89 87/87/87 88/88/88
f 90/90/90 89/89/89 88/88/88
f 91/91/91 89/89/89 90/90/90
f 92/92/92 91/91/91 90/90/90
f 93/93/93 91/91/91 92/92/92
f 94/94/94 93/93/93 92/92/92
f 95/95/95 93/93/93 94/94/94
f 96/96/96 95/95/95 94/94/94
f 97/97/97 95/95/95 96/96/96
f 98/98/98 97/97/97 96/96/96
f 99/99/99 97/97/97 98/98/98
f 100/100/100 99/99/99 98/98/98
f 101/101/101 99/99/99 100/100/100
f 102/102/102 101/101/101 100/100/100
f 103/103/103 101/101/101 102/102/102
f 104/104/104 103/103/103 102/102/102
f 107/107/107 106/106/106 105/105/105
f 108/108/108 107/107/107 105/105/105
f 109/109/109 107/107/107 108/108/108
f 110/110/110 109/109/109 108/108/108
f 111/111/111 109/109/109 110/110/110
f 112/112/112 111/111/111 110/110/110
f 113/113/113 111/111/111 112/112/112
f 114/114/114 113/113/113 112/112/112
f 115/115/115 113/113/113 114/114/114
f 116/116/116 115/115/115 114/114/114
f 117/117/117 115/115/115 116/116/116
f 118/118/118 117/117/117 116/116/116
f 121/121/121 120/120/120 119/119/119
f 122/122/122 121/121/121 119/119/119
f 123/123/123 121/121/121 122/122/122
f 124/124/124 123/123/123 122/122/122
f 125/125/125 123/123/123 124/124/124
f 126/126/126 125/125/125 124/124/124
f 127/127/127 125/125/125 126/126/126
f 128/128/128 127/127/127 126/126/126
f 129/129/129 127/127/127 128/128/128
f 130/130/130 129/129/129 128/128/128
f 131/131/131 129/129/129 130/130/130
f 132/132/132 131/131/131 130/130/130
f 133/133/133 131/131/131 132/132/132
f 134/134/134 133/133/133 132/132/132
f 135/135/135 133/133/133 134/134/134
f 136/136/136 135/135/135 134/134/134
f 137/137/137 135/135/135 136/136/136
f 138/138/138 137/137/137 136/136/136
f 139/139/139 137/137/137 138/138/138
f 140/140/140 139/139/139 138/138/138
f 141/141/141 139/139/139 140/140/140
f 142/142/142 141/141/141 140/140/140
f 145/145/145 144/144/144 143/143/143
f 146/146/146 145/145/145 143/143/143
f 147/147/147 145/145/145 146/146/146
f 148/148/148 147/147/147 146/146/146
f 149/149/149 147/147/147 148/148/148
f 150/150/150 149/149/149 148/148/148
f 151/151/151 149/149/149 150/150/150
f 152/152/152 151/151/151 150/150/150
f 153/153/153 151/151/151 152/152/152
f 154/154/154 153/153/153 152/152/152
f 155/155/155 153/153/153 154/154/154
f 156/156/156 155/155/155 154/154/154
f 157/157/157 155/155/155 156/156/156
f 158/158/158 157/157/157 156/156/156
f 159/159/159 157/157/157 158/158/158
f 160/160/160 159/159/159 158/158/158
f 161/161/161 159/159/159 160/160/160
f 162/162/162 161/161/161 160/160/160
f 163/163/163 161/161/161 162/162/162
f 164/164/164 163/163/163 162/162/162
f 165/165/165 163/163/163 164/164/164
f 166/166/166 165/165/165 164/164/164
f 167/167/167 165/165/165 166/166/166
f 168/168/168 167/167/167 166/166/166
f 169/169/169 167/167/167 168/168/168
f 170/170/170 169/169/169 168/168/168
f 171/171/171 169/169/169 170/170/170
f 172/172/172 171/171/171 170/170/170
f 173/173/173 171/171/171 172/172/172
f 174/174/174 173/173/173 172/172/172
f 175/175/175 173/173/173 174/174/174
f 176/176/176 175/175/175 174/174/174
f 177/177/177 175/175/175 176/176/176
f 178/178/178 177/177/177 176/176/176
f 179/179/179 177/177/177 178/178/178
f 180/180/180 179/179/179 178/178/178
f 181/181/181 179/179/179 180/180/180
f 182/182/182 181/181/181 180/180/180
f 183/183/183 181/181/181 182/182/182
f 184/184/184 183/183/183 182/182/182
f 185/185/185 183/183/183 184/184/184
f 186/186/186 185/185/185 184/184/184
f 187/187/187 185/185/185 186/186/186
f 188/188/188 187/187/187 186/186/186
f 191/191/191 190/190/190 189/189/189
f 192/192/192 191/191/191 189/189/189
f 193/193/193 191/191/191 192/192/192
f 194/194/194 193/193/193 192/192/192
f 195/195/195 193/193/193 194/194/194
f 196/196/196 195/195/195 194/194/194
f 197/197/197 195/195/195 196/196/196
f 198/198/198 197/197/197 196/196/196
f 199/199/199 197/197/197 198/198/198
f 200/200/200 199/199/199 198/198/198
f 201/201/201 199/199/199 200/200/200
f 202/202/202 201/201/201 200/200/200
f 203/203/203 201/201/201 202/202/202
f 204/204/204 203/203/203 202/202/202
f 205/205/205 203/203/203 204/204/204
f 206/206/206 205/205/205 204/204/204
f 207/207/207 205/205/205 206/206/206
f 208/208/208 207/207/207 206/206/206
f 209/209/209 207/207/207 208/208/208
f 210/210/210 209/209/209 208/208/208
f 211/211/211 209/209/209 210/210/210
f 212/212/212 211/211/211 210/210/210
f 215/215/215 214/214/214 213/213/213
f 216/216/216 215/215/215 213/213/213
f 217/217/217 215/215/215 216/216/216
f 218/218/218 217/217/217 216/216/216
f 221/221/221 220/220/220 219/219/219
f 222/222/222 221/221/221 219/219/219
f 223/223/223 221/221/221 222/222/222
f 224/224/224 223/223/223 222/222/222
f 225/225/225 223/223/223 224/224/224
f 226/226/226 225/225/225 224/224/224
f 227/227/227 225/225/225 226/226/226
f 228/228/228 227/227/227 226/226/226
f 229/229/229 227/227/227 228/228/228
f 230/230/230 229/229/229 228/228/228
f 231/231/231 229/229/229 230/230/230
f 232/232/232 231/231/231 230/230/230
f 233/233/233 231/231/231 232/232/232
f 234/234/234 233/233/233 232/232/232
f 235/235/235 233/233/233 234/234/234
f 236/236/236 235/235/235 234/234/234
f 237/237/237 235/235/235 236/236/236
f 238/238/238 237/237/237 236/236/236
f 239/239/239 237/237/237 238/238/238
f 240/240/240 239/239/239 238/238/238
f 241/241/241 239/239/239 240/240/240
f 242/242/242 241/241/241 240/240/240
f 243/243/243 241/241/241 242/242/242
f 244/244/244 243/243/243 242/242/242
f 245/245/245 243/243/243 244/244/244
f 246/246/246 245/245/245 244/244/244
f 247/247/247 245/245/245 246/246/246
f 248/248/248 247/247/247 246/246/246
f 251/251/251 250/250/250 249/249/249
f 252/252/252 251/251/251 249/249/249
f 253/253/253 251/251/251 252/252/252
f 254/254/254 253/253/253 252/252/252
f 255/255/255 253/253/253 254/254/254
f 256/256/256 255/255/255 254/254/254
f 257/257/257 255/255/255 256/256/256
f 258/258/258 257/257/257 256/256/256
f 261/261/261 260/260/260 259/259/259
f 262/262/262 261/261/261 259/259/259
f 263/263/263 261/261/261 262/262/262
f 264/264/264 263/263/263 262/262/262
f 265/265/265 263/263/263 264/264/264
f 266/266/266 265/265/265 264/264/264
f 267/267/267 265/265/265 266/266/266
f 268/268/268 267/267/267 266/266/266
f 269/269/269 267/267/267 268/268/268
f 270/270/270 269/269/269 268/268/268
f 271/271/271 269/269/269 270/270/270
f 272/272/272 271/271/271 270/270/270
f 275/275/275 274/274/274 273/273/273
f 276/276/276 275/275/275 273/273/273
f 277/277/277 275/275/275 276/276/276
f 278/278/278 277/277/277 276/276/276
f 279/279/279 277/277/277 278/278/278
f 280/280/280 279/279/279 278/278/278
f 281/281/281 279/279/279 280/280/280
f 282/282/282 281/281/281 280/280/280
f 283/283/283 281/281/281 282/282/282
f 284/284/284 283/283/283 282/282/282
f 285/285/285 283/283/283 284/284/284
f 286/286/286 285/285/285 284/284/284
f 289/289/289 288/288/288 287/287/287
f 290/290/290 289/289/289 287/287/287
f 291/291/291 289/289/289 290/290/290
f 292/292/292 291/291/291 290/290/290
f 293/293/293 291/291/291 292/292/292
f 294/294/294 293/293/293 292/292/292
f 297/297/297 296/296/296 295/295/295
f 298/298/298 297/297/297 295/295/295
f 299/299/299 297/297/297 298/298/298
f 300/300/300 299/299/299 298/298/298
f 301/301/301 299/299/299 300/300/300
f 302/302/302 301/301/301 300/300/300
f 303/303/303 301/301/301 302/302/302
f 304/304/304 303/303/303 302/302/302
f 305/305/305 303/303/303 304/304/304
f 306/306/306 305/305/305 304/304/304
f 307/307/307 305/305/305 306/306/306
f 308/308/308 307/307/307 306/306/306
f 309/309/309 307/307/307 308/308/308
f 310/310/310 309/309/309 308/308/308
f 311/311/311 309/309/309 310/310/310
f 312/312/312 311/311/311 310/310/310
f 313/313/313 311/311/311 312/312/312
f 314/314/314 313/313/313 312/312/312
f 317/317/317 316/316/316 315/315/315
f 318/318/318 317/317/317 315/315/315
f 319/319/319 317/317/317 318/318/318
f 320/320/320 319/319/319 318/318/318
f 321/321/321 319/319/319 320/320/320
f 322/322/322 321/321/321 320/320/320
f 323/323/323 321/321/321 322/322/322
f 324/324/324 323/323/323 322/322/322
f 325/325/325 323/323/323 324/324/324
f 326/326/326 325/325/325 324/324/324
f 329/329/329 328/328/328 327/327/327
f 330/330/330 329/329/329 327/327/327
f 333/333/333 332/332/332 331/331/331
f 334/334/334 333/333/333 331/331/331
f 335/335/335 333/333/333 334/334/334
f 336/336/336 335/335/335 334/334/334
f 337/337/337 335/335/335 336/336/336
f 338/338/338 337/337/337 336/336/336
f 339/339/339 337/337/337 338/338/338
f 340/340/340 339/339/339 338/338/338
f 341/341/341 339/339/339 340/340/340
f 342/342/342 341/341/341 340/340/340
f 345/345/345 344/344/344 343/343/343
f 346/346/346 345/345/345 343/343/343
f 347/347/347 345/345/345 346/346/346
f 348/348/348 347/347/347 346/346/346
f 349/349/349 347/347/347 348/348/348
f 350/350/350 349/349/349 348/348/348
f 351/351/351 349/349/349 350/350/350
f 352/352/352 351/351/351 350/350/350
f 355/355/355 354/354/354 353/353/353
f 356/356/356 355/355/355 353/353/353
f 357/357/357 355/355/355 356/356/356
f 358/358/358 357/357/357 356/356/356
f 359/359/359 357/357/357 358/358/358
f 360/360/360 359/359/359 358/358/358
f 361/361/361 359/359/359 360/360/360
f 362/362/362 361/361/361 360/360/360
f 363/363/363 361/361/361 362/362/362
f 364/364/364 363/363/363 362/362/362
f 365/365/365 363/363/363 364/364/364
f 366/366/366 365/365/365 364/364/364
f 367/367/367 365/365/365 366/366/366
f 368/368/368 367/367/367 366/366/366
f 369/369/369 367/367/367 368/368/368
f 370/370/370 369/369/369 368/368/368
f 371/371/371 369/369/369 370/370/370
f 372/372/372 371/371/371 370/370/370
f 373/373/373 371/371/371 372/372/372
f 374/374/374 373/373/373 372/372/372
f 375/375/375 373/373/373 374/374/374
f 376/376/376 375/375/375 374/374/374
f 377/377/377 375/375/375 376/376/376
f 378/378/378 377/377/377 376/376/376
f 379/379/379 377/377/377 378/378/378
f 380/380/380 379/379/379 378/378/378
f 381/381/381 379/379/379 380/380/380
f 382/382/382 381/381/381 380/380/380
f 385/385/385 384/384/384 383/383/383
f 386/386/386 385/385/385 383/383/383
f 387/387/387 385/385/385 386/386/386
f 388/388/388 387/387/387 386/386/386
f 391/391/391 390/390/390 389/389/389
f 392/392/392 391/391/391 389/389/389
f 393/393/393 391/391/391 392/392/392
f 394/394/394 393/393/393 392/392/392
f 395/395/395 393/393/393 394/394/394
f 396/396/396 395/395/395 394/394/394
f 397/397/397 395/395/395 396/396/396
f 398/398/398 397/397/397 396/396/396
f 399/399/399 397/397/397 398/398/398
f 400/400/400 399/399/399 398/398/398
f 401/401/401 399/399/399 400/400/400
f 402/402/402 401/401/401 400/400/400
f 403/403/403 401/401/401 402/402/402
f 404/404/404 403/403/403 402/402/402
f 405/405/405 403/403/403 404/404/404
f 406/406/406 405/405/405 404/404/404
f 407/407/407 405/405/405 406/406/406
f 408/408/408 407/407/407 406/406/406
f 409/409/409 407/407/407 408/408/408
f 410/410/410 409/409/409 408/408/408
f 411/411/411 409/409/409 410/410/410
f 412/412/412 411/411/411 410/410/410
f 415/415/415 414/414/414 413/413/413
f 416/416/416 415/415/415 413/413/413
f 417/417/417 415/415/415 416/416/416
f 418/418/418 417/417/417 416/416/416
f 419/419/419 417/417/417 418/418/418
f 420/420/420 419/419/419 418/418/418
f 421/421/421 419/419/419 420/420/420
f 422/422/422 421/421/421 420/420/420
f 423/423/423 421/421/421 422/422/422
f 424/424/424 423/423/423 422/422/422
f 425/425/425 423/423/423 424/424/424
f 426/426/426 425/425/425 424/424/424
f 427/427/427 425/425/425 426/426/426
f 428/428/428 427/427/427 426/426/426
f 429/429/429 427/427/427 428/428/428
f 430/430/430 429/429/429 428/428/428
f 431/431/431 429/429/429 430/430/430
f 432/432/432 431/431/431 430/430/430
f 433/433/433 431/431/431 432/432/432
f 434/434/434 433/433/433 432/432/432
f 435/435/435 433/433/433 434/434/434
f 436/436/436 435/435/435 434/434/434
f 437/437/437 435/435/435 436/436/436
f 438/438/438 437/437/437 436/436/436
f 439/439/439 437/437/437 438/438/438
f 440/440/440 439/439/439 438/438/438
f 441/441/441 439/439/439 440/440/440
f 442/442/442 441/441/441 440/440/440
f 443/443/443 441/441/441 442/442/442
f 444/444/444 443/443/443 442/442/442
f 445/445/445 443/443/443 444/444/444
f 446/446/446 445/445/445 444/444/444
f 447/447/447 445/445/445 446/446/446
f 448/448/448 447/447/447 446/446/446
f 449/449/449 447/447/447 448/448/448
f 450/450/450 449/449/449 448/448/448
f 451/451/451 449/449/449 450/450/450
f 452/452/452 451/451/451 450/450/450
f 453/453/453 451/451/451 452/452/452
f 454/454/454 453/453/453 452/452/452
f 455/455/455 453/453/453 454/454/454
f 456/456/456 455/455/455 454/454/454
f 459/459/459 458/458/458 457/457/457
f 460/460/460 459/459/459 457/457/457
f 461/461/461 459/459/459 460/460/460
f 462/462/462 461/461/461 460/460/460
f 463/463/463 461/461/461 462/462/462
f 464/464/464 463/463/463 462/462/462
f 465/465/465 463/463/463 464/464/464
f 466/466/466 465/465/465 464/464/464
f 467/467/467 465/465/465 466/466/466
f 468/468/468 467/467/467 466/466/466
f 469/469/469 467/467/467 468/468/468
f 470/470/470 469/469/469 468/468/468
f 471/471/471 469/469/469 470/470/470
f 472/472/472 471/471/471 470/470/470
f 473/473/473 471/471/471 472/472/472
f 474/474/474 473/473/473 472/472/472
f 475/475/475 473/473/473 474/474/474
f 476/476/476 475/475/475 474/474/474
f 477/477/477 475/475/475 476/476/476
f 478/478/478 477/477/477 476/476/476
f 481/481/481 480/480/480 479/479/479
f 482/482/482 481/481/481 479/479/479
f 483/483/483 481/481/481 482/482/482
f 484/484/484 483/483/483 482/482/482
f 485/485/485 483/483/483 484/484/484
f 486/486/486 485/485/485 484/484/484
f 487/487/487 485/485/485 486/486/486
f 488/488/488 487/487/487 486/486/486
f 489/489/489 487/487/487 488/488/488
f 490/490/490 489/489/489 488/488/488
f 491/491/491 489/489/489 490/490/490
f 492/492/492 491/491/491 490/490/490
f 495/495/495 494/494/494 493/493/493
f 496/496/496 495/495/495 493/493/493
f 497/497/497 495/495/495 496/496/496
f 498/498/498 497/497/497 496/496/496
f 499/499/499 497/497/497 498/498/498
f 500/500/500 499/499/499 498/498/498
f 501/501/501 499/499/499 500/500/500
f 502/502/502 501/501/501 500/500/500
f 503/503/503 501/501/501 502/502/502
f 504/504/504 503/503/503 502/502/502
f 505/505/505 503/503/503 504/504/504
f 506/506/506 505/505/505 504/504/504
f 507/507/507 505/505/505 506/506/506
f 508/508/508 507/507/507 506/506/506
f 509/509/509 507/507/507 508/508/508
f 510/510/510 509/509/509 508/508/508
f 511/511/511 509/509/509 510/510/510
f 512/512/512 511/511/511 510/510/510
f 515/515/515 514/514/514 513/513/513
f 516/516/516 515/515/515 513/513/513
f 517/517/517 515/515/515 516/516/516
f 518/518/518 517/517/517 516/516/516
f 519/519/519 517/517/517 518/518/518
f 520/520/520 519/519/519 518/518/518
f 521/521/521 519/519/519 520/520/520
f 522/522/522 521/521/521 520/520/520
f 525/525/525 524/524/524 523/523/523
f 526/526/526 525/525/525 523/523/523
f 527/527/527 525/525/525 526/526/526
f 528/528/528 527/527/527 526/526/526
f 529/529/529 527/527/527 528/528/528
f 530/530/530 529/529/529 528/528/528
f 531/531/531 529/529/529 530/530/530
f 532/532/532 531/531/531 530/530/530
f 533/533/533 531/531/531 532/532/532
f 534/534/534 533/533/533 532/532/532
f 537/537/537 536/536/536 535/535/535
f 535/535/535 536/536/536 538/538/538
f 538/538/538 539/539/539 535/535/535
f 539/539/539 538/538/538 540/540/540
f 540/540/540 541/541/541 539/539/539
f 541/541/541 540/540/540 542/542/542
f 542/542/542 543/543/543 541/541/541
f 543/543/543 542/542/542 544/544/544
f 535/535/535 545/545/545 537/537/537
f 546/546/546 535/535/535 539/539/539
f 545/545/545 535/535/535 546/546/546
f 547/547/547 539/539/539 541/541/541
f 539/539/539 547/547/547 546/546/546
f 548/548/548 541/541/541 543/543/543
f 541/541/541 548/548/548 547/547/547
f 544/544/544 549/549/549 543/543/543
f 543/543/543 549/549/549 548/548/548
f 537/537/537 545/545/545 550/550/550
f 550/550/550 551/551/551 537/537/537
f 551/551/551 550/550/550 552/552/552
f 552/552/552 553/553/553 551/551/551
f 553/553/553 552/552/552 554/554/554
f 554/554/554 555/555/555 553/553/553
f 555/555/555 554/554/554 556/556/556
f 556/556/556 557/557/557 555/555/555
f 558/558/558 557/557/557 556/556/556
f 556/556/556 559/559/559 558/558/558
f 560/560/560 558/558/558 559/559/559
f 561/561/561 556/556/556 554/554/554
f 559/559/559 556/556/556 561/561/561
f 562/562/562 554/554/554 552/552/552
f 554/554/554 562/562/562 561/561/561
f 563/563/563 552/552/552 550/550/550
f 552/552/552 563/563/563 562/562/562
f 564/564/564 550/550/550 545/545/545
f 550/550/550 564/564/564 563/563/563
f 559/559/559 565/565/565 560/560/560
f 566/566/566 560/560/560 565/565/565
f 561/561/561 567/567/567 559/559/559
f 565/565/565 559/559/559 567/567/567
f 568/568/568 561/561/561 562/562/562
f 567/567/567 561/561/561 568/568/568
f 562/562/562 569/569/569 568/568/568
f 569/569/569 562/562/562 563/563/563
f 563/563/563 570/570/570 569/569/569
f 570/570/570 563/563/563 564/564/564
f 568/568/568 571/571/571 567/567/567
f 564/564/564 572/572/572 570/570/570
f 545/545/545 573/573/573 564/564/564
f 572/572/572 564/564/564 573/573/573
f 573/573/573 574/574/574 572/572/572
f 546/546/546 573/573/573 545/545/545
f 575/575/575 574/574/574 573/573/573
f 573/573/573 546/546/546 575/575/575
f 575/575/575 546/546/546 547/547/547
f 547/547/547 576/576/576 575/575/575
f 576/576/576 547/547/547 548/548/548
f 548/548/548 577/577/577 576/576/576
f 577/577/577 548/548/548 549/549/549
f 549/549/549 578/578/578 577/577/577
f 579/579/579 578/578/578 549/549/549
f 549/549/549 544/544/544 579/579/579
f 579/579/579 544/544/544 580/580/580
f 580/580/580 581/581/581 579/579/579
f 582/582/582 580/580/580 544/544/544
f 544/544/544 583/583/583 582/582/582
f 582/582/582 583/583/583 584/584/584
f 581/581/581 580/580/580 585/585/585
f 585/585/585 580/580/580 582/582/582
f 585/585/585 586/586/586 581/581/581
f 584/584/584 587/587/587 582/582/582
f 582/582/582 587/587/587 585/585/585
f 587/587/587 584/584/584 588/588/588
f 586/586/586 585/585/585 589/589/589
f 589/589/589 585/585/585 587/587/587
f 589/589/589 590/590/590 586/586/586
f 588/588/588 591/591/591 587/587/587
f 587/587/587 591/591/591 589/589/589
f 591/591/591 588/588/588 592/592/592
f 590/590/590 589/589/589 593/593/593
f 593/593/593 589/589/589 591/591/591
f 593/593/593 594/594/594 590/590/590
f 592/592/592 595/595/595 591/591/591
f 593/593/593 591/591/591 595/595/595
f 595/595/595 592/592/592 596/596/596
f 594/594/594 593/593/593 597/597/597
f 595/595/595 597/597/597 593/593/593
f 597/597/597 598/598/598 594/594/594
f 596/596/596 599/599/599 595/595/595
f 597/597/597 595/595/595 599/599/599
f 599/599/599 596/596/596 600/600/600
f 598/598/598 597/597/597 601/601/601
f 599/599/599 601/601/601 597/597/597
f 601/601/601 602/602/602 598/598/598
f 603/603/603 602/602/602 601/601/601
f 601/601/601 604/604/604 603/603/603
f 599/599/599 605/605/605 601/601/601
f 600/600/600 605/605/605 599/599/599
f 604/604/604 601/601/601 605/605/605
f 606/606/606 605/605/605 600/600/600
f 600/600/600 607/607/607 606/606/606
f 605/605/605 608/608/608 604/604/604
f 605/605/605 606/606/606 608/608/608
f 609/609/609 604/604/604 608/608/608
f 608/608/608 610/610/610 609/609/609
f 610/610/610 608/608/608 606/606/606
f 611/611/611 609/609/609 610/610/610
f 612/612/612 606/606/606 607/607/607
f 606/606/606 612/612/612 610/610/610
f 607/607/607 613/613/613 612/612/612
f 612/612/612 613/613/613 614/614/614
f 614/614/614 615/615/615 612/612/612
f 612/612/612 616/616/616 610/610/610
f 610/610/610 616/616/616 611/611/611
f 616/616/616 612/612/612 615/615/615
f 611/611/611 616/616/616 617/617/617
f 617/617/617 618/618/618 611/611/611
f 619/619/619 618/618/618 617/617/617
f 615/615/615 620/620/620 616/616/616
f 617/617/617 616/616/616 620/620/620
f 620/620/620 615/615/615 621/621/621
f 621/621/621 622/622/622 620/620/620
f 617/617/617 620/620/620 622/622/622
f 622/622/622 621/621/621 623/623/623
f 617/617/617 624/624/624 619/619/619
f 622/622/622 624/624/624 617/617/617
f 625/625/625 619/619/619 624/624/624
f 623/623/623 626/626/626 622/622/622
f 624/624/624 622/622/622 626/626/626
f 624/624/624 627/627/627 625/625/625
f 626/626/626 627/627/627 624/624/624
f 628/628/628 625/625/625 627/627/627
f 629/629/629 626/626/626 623/623/623
f 627/627/627 626/626/626 629/629/629
f 623/623/623 630/630/630 629/629/629
f 627/627/627 631/631/631 628/628/628
f 629/629/629 631/631/631 627/627/627
f 632/632/632 628/628/628 631/631/631
f 631/631/631 633/633/633 632/632/632
f 633/633/633 631/631/631 629/629/629
f 634/634/634 632/632/632 633/633/633
f 635/635/635 629/629/629 630/630/630
f 629/629/629 635/635/635 633/633/633
f 630/630/630 636/636/636 635/635/635
f 633/633/633 637/637/637 634/634/634
f 637/637/637 633/633/633 635/635/635
f 638/638/638 634/634/634 637/637/637
f 639/639/639 635/635/635 636/636/636
f 635/635/635 639/639/639 637/637/637
f 636/636/636 640/640/640 639/639/639
f 637/637/637 641/641/641 638/638/638
f 641/641/641 637/637/637 639/639/639
f 642/642/642 638/638/638 641/641/641
f 643/643/643 639/639/639 640/640/640
f 639/639/639 643/643/643 641/641/641
f 640/640/640 644/644/644 643/643/643
f 641/641/641 645/645/645 642/642/642
f 645/645/645 641/641/641 643/643/643
f 646/646/646 642/642/642 645/645/645
f 647/647/647 643/643/643 644/644/644
f 643/643/643 647/647/647 645/645/645
f 644/644/644 648/648/648 647/647/647
f 649/649/649 645/645/645 647/647/647
f 645/645/645 649/649/649 646/646/646
f 647/647/647 648/648/648 649/649/649
f 646/646/646 649/649/649 650/650/650
f 650/650/650 651/651/651 646/646/646
f 652/652/652 651/651/651 650/650/650
f 649/649/649 648/648/648 653/653/653
f 653/653/653 650/650/650 649/649/649
f 653/653/653 648/648/648 654/654/654
f 654/654/654 655/655/655 653/653/653
f 653/653/653 655/655/655 656/656/656
f 656/656/656 657/657/657 653/653/653
f 650/650/650 653/653/653 657/657/657
f 657/657/657 656/656/656 658/658/658
f 650/650/650 659/659/659 652/652/652
f 657/657/657 659/659/659 650/650/650
f 660/660/660 652/652/652 659/659/659
f 658/658/658 661/661/661 657/657/657
f 659/659/659 657/657/657 661/661/661
f 661/661/661 658/658/658 662/662/662
f 659/659/659 663/663/663 660/660/660
f 661/661/661 663/663/663 659/659/659
f 662/662/662 664/664/664 661/661/661
f 663/663/663 661/661/661 664/664/664
f 664/664/664 662/662/662 665/665/665
f 660/660/660 663/663/663 666/666/666
f 664/664/664 666/666/666 663/663/663
f 666/666/666 667/667/667 660/660/660
f 668/668/668 667/667/667 666/666/666
f 669/669/669 667/667/667 668/668/668
f 668/668/668 670/670/670 669/669/669
f 671/671/671 670/670/670 668/668/668
f 668/668/668 672/672/672 671/671/671
f 665/665/665 673/673/673 664/664/664
f 664/664/664 673/673/673 666/666/666
f 666/666/666 673/673/673 668/668/668
f 673/673/673 665/665/665 674/674/674
f 668/668/668 673/673/673 675/675/675
f 675/675/675 672/672/672 668/668/668
f 674/674/674 675/675/675 673/673/673
f 676/676/676 672/672/672 675/675/675
f 677/677/677 672/672/672 676/676/676
f 678/678/678 675/675/675 674/674/674
f 676/676/676 675/675/675 678/678/678
f 674/674/674 679/679/679 678/678/678
f 676/676/676 680/680/680 677/677/677
f 678/678/678 680/680/680 676/676/676
f 681/681/681 678/678/678 679/679/679
f 680/680/680 678/678/678 681/681/681
f 679/679/679 682/682/682 681/681/681
f 677/677/677 680/680/680 683/683/683
f 681/681/681 683/683/683 680/680/680
f 683/683/683 684/684/684 677/677/677
f 685/685/685 681/681/681 682/682/682
f 683/683/683 681/681/681 685/685/685
f 682/682/682 686/686/686 685/685/685
f 684/684/684 683/683/683 687/687/687
f 685/685/685 687/687/687 683/683/683
f 687/687/687 688/688/688 684/684/684
f 689/689/689 685/685/685 686/686/686
f 687/687/687 685/685/685 689/689/689
f 686/686/686 690/690/690 689/689/689
f 689/689/689 690/690/690 691/691/691
f 688/688/688 687/687/687 692/692/692
f 689/689/689 692/692/692 687/687/687
f 692/692/692 693/693/693 688/688/688
f 691/691/691 694/694/694 689/689/689
f 692/692/692 689/689/689 694/694/694
f 693/693/693 692/692/692 695/695/695
f 694/694/694 695/695/695 692/692/692
f 695/695/695 696/696/696 693/693/693
f 697/697/697 696/696/696 695/695/695
f 695/695/695 698/698/698 697/697/697
f 698/698/698 695/695/695 694/694/694
f 699/699/699 697/697/697 698/698/698
f 700/700/700 694/694/694 691/691/691
f 694/694/694 700/700/700 698/698/698
f 691/691/691 701/701/701 700/700/700
f 698/698/698 702/702/702 699/699/699
f 702/702/702 698/698/698 700/700/700
f 703/703/703 699/699/699 702/702/702
f 704/704/704 700/700/700 701/701/701
f 700/700/700 704/704/704 702/702/702
f 701/701/701 705/705/705 704/704/704
f 702/702/702 706/706/706 703/703/703
f 706/706/706 702/702/702 704/704/704
f 707/707/707 703/703/703 706/706/706
f 708/708/708 704/704/704 705/705/705
f 704/704/704 708/708/708 706/706/706
f 705/705/705 709/709/709 708/708/708
f 706/706/706 710/710/710 707/707/707
f 710/710/710 706/706/706 708/708/708
f 711/711/711 708/708/708 709/709/709
f 708/708/708 711/711/711 710/710/710
f 709/709/709 712/712/712 711/711/711
f 711/711/711 712/712/712 713/713/713
f 713/713/713 714/714/714 711/711/711
f 710/710/710 711/711/711 714/714/714
f 714/714/714 713/713/713 715/715/715
f 707/707/707 710/710/710 716/716/716
f 714/714/714 716/716/716 710/710/710
f 716/716/716 717/717/717 707/707/707
f 715/715/715 718/718/718 714/714/714
f 716/716/716 714/714/714 718/718/718
f 718/718/718 715/715/715 719/719/719
f 717/717/717 716/716/716 720/720/720
f 718/718/718 720/720/720 716/716/716
f 720/720/720 721/721/721 717/717/717
f 719/719/719 722/722/722 718/718/718
f 720/720/720 718/718/718 722/722/722
f 722/722/722 719/719/719 723/723/723
f 721/721/721 720/720/720 724/724/724
f 722/722/722 724/724/724 720/720/720
f 724/724/724 725/725/725 721/721/721
f 723/723/723 726/726/726 722/722/722
f 724/724/724 722/722/722 726/726/726
f 726/726/726 723/723/723 727/727/727
f 725/725/725 724/724/724 728/728/728
f 726/726/726 728/728/728 724/724/724
f 728/728/728 729/729/729 725/725/725
f 727/727/727 730/730/730 726/726/726
f 728/728/728 726/726/726 730/730/730
f 730/730/730 727/727/727 731/731/731
f 729/729/729 728/728/728 732/732/732
f 730/730/730 732/732/732 728/728/728
f 732/732/732 733/733/733 729/729/729
f 731/731/731 734/734/734 730/730/730
f 732/732/732 730/730/730 734/734/734
f 734/734/734 731/731/731 735/735/735
f 733/733/733 732/732/732 736/736/736
f 734/734/734 736/736/736 732/732/732
f 736/736/736 737/737/737 733/733/733
f 737/737/737 736/736/736 738/738/738
f 738/738/738 736/736/736 734/734/734
f 738/738/738 739/739/739 737/737/737
f 735/735/735 740/740/740 734/734/734
f 734/734/734 740/740/740 738/738/738
f 740/740/740 735/735/735 741/741/741
f 739/739/739 738/738/738 742/742/742
f 742/742/742 738/738/738 740/740/740
f 742/742/742 743/743/743 739/739/739
f 741/741/741 744/744/744 740/740/740
f 740/740/740 744/744/744 742/742/742
f 744/744/744 741/741/741 745/745/745
f 743/743/743 742/742/742 746/746/746
f 746/746/746 742/742/742 744/744/744
f 746/746/746 747/747/747 743/743/743
f 745/745/745 748/748/748 744/744/744
f 744/744/744 748/748/748 746/746/746
f 748/748/748 745/745/745 749/749/749
f 747/747/747 746/746/746 750/750/750
f 750/750/750 746/746/746 748/748/748
f 750/750/750 751/751/751 747/747/747
f 752/752/752 751/751/751 750/750/750
f 749/749/749 753/753/753 748/748/748
f 748/748/748 753/753/753 750/750/750
f 753/753/753 749/749/749 754/754/754
f 750/750/750 755/755/755 752/752/752
f 755/755/755 750/750/750 753/753/753
f 756/756/756 752/752/752 755/755/755
f 754/754/754 757/757/757 753/753/753
f 753/753/753 757/757/757 755/755/755
f 757/757/757 754/754/754 758/758/758
f 755/755/755 759/759/759 756/756/756
f 757/757/757 759/759/759 755/755/755
f 760/760/760 756/756/756 759/759/759
f 758/758/758 761/761/761 757/757/757
f 759/759/759 757/757/757 761/761/761
f 761/761/761 758/758/758 762/762/762
f 759/759/759 763/763/763 760/760/760
f 761/761/761 763/763/763 759/759/759
f 762/762/762 763/763/763 761/761/761
f 764/764/764 760/760/760 763/763/763
f 763/763/763 762/762/762 764/764/764
f 764/764/764 762/762/762 765/765/765
f 765/765/765 766/766/766 764/764/764
f 764/764/764 766/766/766 767/767/767
f 767/767/767 766/766/766 768/768/768
f 764/764/764 767/767/767 769/769/769
f 768/768/768 769/769/769 767/767/767
f 769/769/769 770/770/770 764/764/764
f 771/771/771 770/770/770 769/769/769
f 769/769/769 768/768/768 771/771/771
f 771/771/771 768/768/768 772/772/772
f 772/772/772 773/773/773 771/771/771
f 774/774/774 772/772/772 768/768/768
f 768/768/768 775/775/775 774/774/774
f 773/773/773 772/772/772 776/776/776
f 776/776/776 772/772/772 774/774/774
f 776/776/776 777/777/777 773/773/773
f 778/778/778 774/774/774 775/775/775
f 774/774/774 778/778/778 776/776/776
f 775/775/775 779/779/779 778/778/778
f 777/777/777 776/776/776 780/780/780
f 780/780/780 776/776/776 778/778/778
f 780/780/780 781/781/781 777/777/777
f 782/782/782 778/778/778 779/779/779
f 778/778/778 782/782/782 780/780/780
f 779/779/779 783/783/783 782/782/782
f 781/781/781 780/780/780 784/784/784
f 784/784/784 780/780/780 782/782/782
f 784/784/784 785/785/785 781/781/781
f 786/786/786 782/782/782 783/783/783
f 782/782/782 786/786/786 784/784/784
f 783/783/783 787/787/787 786/786/786
f 788/788/788 786/786/786 787/787/787
f 784/784/784 786/786/786 788/788/788
f 787/787/787 789/789/789 788/788/788
f 788/788/788 789/789/789 790/790/790
f 785/785/785 784/784/784 791/791/791
f 788/788/788 791/791/791 784/784/784
f 791/791/791 792/792/792 785/785/785
f 790/790/790 793/793/793 788/788/788
f 791/791/791 788/788/788 793/793/793
f 793/793/793 790/790/790 794/794/794
f 792/792/792 791/791/791 795/795/795
f 793/793/793 795/795/795 791/791/791
f 795/795/795 796/796/796 792/792/792
f 794/794/794 797/797/797 793/793/793
f 795/795/795 793/793/793 797/797/797
f 797/797/797 794/794/794 798/798/798
f 796/796/796 795/795/795 799/799/799
f 797/797/797 799/799/799 795/795/795
f 799/799/799 800/800/800 796/796/796
f 798/798/798 801/801/801 797/797/797
f 799/799/799 797/797/797 801/801/801
f 800/800/800 799/799/799 802/802/802
f 801/801/801 802/802/802 799/799/799
f 802/802/802 803/803/803 800/800/800
f 804/804/804 801/801/801 798/798/798
f 802/802/802 801/801/801 804/804/804
f 798/798/798 805/805/805 804/804/804
f 803/803/803 802/802/802 806/806/806
f 804/804/804 806/806/806 802/802/802
f 806/806/806 807/807/807 803/803/803
f 808/808/808 807/807/807 806/806/806
f 809/809/809 804/804/804 805/805/805
f 806/806/806 804/804/804 809/809/809
f 805/805/805 810/810/810 809/809/809
f 809/809/809 810/810/810 811/811/811
f 806/806/806 812/812/812 808/808/808
f 809/809/809 812/812/812 806/806/806
f 811/811/811 812/812/812 809/809/809
f 813/813/813 808/808/808 812/812/812
f 812/812/812 811/811/811 813/813/813
f 813/813/813 811/811/811 814/814/814
f 814/814/814 815/815/815 813/813/813
f 816/816/816 814/814/814 811/811/811
f 811/811/811 817/817/817 816/816/816
f 815/815/815 814/814/814 818/818/818
f 818/818/818 814/814/814 816/816/816
f 818/818/818 819/819/819 815/815/815
f 820/820/820 819/819/819 818/818/818
f 821/821/821 816/816/816 817/817/817
f 816/816/816 821/821/821 818/818/818
f 817/817/817 822/822/822 821/821/821
f 818/818/818 823/823/823 820/820/820
f 823/823/823 818/818/818 821/821/821
f 824/824/824 821/821/821 822/822/822
f 821/821/821 824/824/824 823/823/823
f 822/822/822 825/825/825 824/824/824
f 820/820/820 823/823/823 826/826/826
f 826/826/826 823/823/823 824/824/824
f 826/826/826 827/827/827 820/820/820
f 828/828/828 827/827/827 826/826/826
f 829/829/829 824/824/824 825/825/825
f 824/824/824 829/829/829 826/826/826
f 825/825/825 830/830/830 829/829/829
f 826/826/826 831/831/831 828/828/828
f 831/831/831 826/826/826 829/829/829
f 832/832/832 828/828/828 831/831/831
f 833/833/833 829/829/829 830/830/830
f 829/829/829 833/833/833 831/831/831
f 830/830/830 834/834/834 833/833/833
f 831/831/831 835/835/835 832/832/832
f 835/835/835 831/831/831 833/833/833
f 836/836/836 832/832/832 835/835/835
f 837/837/837 833/833/833 834/834/834
f 833/833/833 837/837/837 835/835/835
f 834/834/834 838/838/838 837/837/837
f 835/835/835 839/839/839 836/836/836
f 839/839/839 835/835/835 837/837/837
f 840/840/840 836/836/836 839/839/839
f 841/841/841 837/837/837 838/838/838
f 837/837/837 841/841/841 839/839/839
f 838/838/838 842/842/842 841/841/841
f 839/839/839 843/843/843 840/840/840
f 843/843/843 839/839/839 841/841/841
f 844/844/844 840/840/840 843/843/843
f 845/845/845 841/841/841 842/842/842
f 841/841/841 845/845/845 843/843/843
f 842/842/842 846/846/846 845/845/845
f 843/843/843 847/847/847 844/844/844
f 847/847/847 843/843/843 845/845/845
f 848/848/848 844/844/844 847/847/847
f 849/849/849 845/845/845 846/846/846
f 845/845/845 849/849/849 847/847/847
f 846/846/846 850/850/850 849/849/849
f 847/847/847 851/851/851 848/848/848
f 851/851/851 847/847/847 849/849/849
f 852/852/852 849/849/849 850/850/850
f 849/849/849 852/852/852 851/851/851
f 850/850/850 853/853/853 852/852/852
f 848/848/848 851/851/851 854/854/854
f 854/854/854 851/851/851 852/852/852
f 854/854/854 855/855/855 848/848/848
f 856/856/856 855/855/855 854/854/854
f 857/857/857 852/852/852 853/853/853
f 852/852/852 857/857/857 854/854/854
f 853/853/853 858/858/858 857/857/857
f 854/854/854 859/859/859 856/856/856
f 857/857/857 859/859/859 854/854/854
f 860/860/860 856/856/856 859/859/859
f 861/861/861 857/857/857 858/858/858
f 859/859/859 857/857/857 861/861/861
f 858/858/858 862/862/862 861/861/861
f 859/859/859 863/863/863 860/860/860
f 861/861/861 863/863/863 859/859/859
f 864/864/864 861/861/861 862/862/862
f 863/863/863 861/861/861 864/864/864
f 862/862/862 865/865/865 864/864/864
f 860/860/860 863/863/863 866/866/866
f 864/864/864 866/866/866 863/863/863
f 866/866/866 867/867/867 860/860/860
f 868/868/868 864/864/864 865/865/865
f 866/866/866 864/864/864 868/868/868
f 865/865/865 869/869/869 868/868/868
f 868/868/868 869/869/869 870/870/870
f 867/867/867 866/866/866 871/871/871
f 868/868/868 871/871/871 866/866/866
f 871/871/871 872/872/872 867/867/867
f 873/873/873 872/872/872 871/871/871
f 870/870/870 874/874/874 868/868/868
f 871/871/871 868/868/868 874/874/874
f 874/874/874 870/870/870 875/875/875
f 871/871/871 876/876/876 873/873/873
f 874/874/874 876/876/876 871/871/871
f 875/875/875 877/877/877 874/874/874
f 876/876/876 874/874/874 877/877/877
f 873/873/873 876/876/876 878/878/878
f 877/877/877 878/878/878 876/876/876
f 878/878/878 879/879/879 873/873/873
f 880/880/880 879/879/879 878/878/878
f 881/881/881 877/877/877 875/875/875
f 878/878/878 877/877/877 881/881/881
f 875/875/875 882/882/882 881/881/881
f 878/878/878 883/883/883 880/880/880
f 881/881/881 883/883/883 878/878/878
f 884/884/884 881/881/881 882/882/882
f 883/883/883 881/881/881 884/884/884
f 882/882/882 885/885/885 884/884/884
f 880/880/880 883/883/883 886/886/886
f 884/884/884 886/886/886 883/883/883
f 886/886/886 887/887/887 880/880/880
f 888/888/888 887/887/887 886/886/886
f 889/889/889 884/884/884 885/885/885
f 886/886/886 884/884/884 889/889/889
f 885/885/885 890/890/890 889/889/889
f 886/886/886 891/891/891 888/888/888
f 889/889/889 891/891/891 886/886/886
f 892/892/892 889/889/889 890/890/890
f 891/891/891 889/889/889 892/892/892
f 890/890/890 893/893/893 892/892/892
f 892/892/892 893/893/893 894/894/894
f 888/888/888 891/891/891 895/895/895
f 892/892/892 895/895/895 891/891/891
f 894/894/894 895/895/895 892/892/892
f 895/895/895 896/896/896 888/888/888
f 897/897/897 896/896/896 895/895/895
f 895/895/895 894/894/894 897/897/897
f 897/897/897 894/894/894 898/898/898
f 898/898/898 899/899/899 897/897/897
f 900/900/900 899/899/899 898/898/898
f 901/901/901 898/898/898 894/894/894
f 894/894/894 902/902/902 901/901/901
f 901/901/901 902/902/902 903/903/903
f 898/898/898 904/904/904 900/900/900
f 904/904/904 898/898/898 901/901/901
f 905/905/905 900/900/900 904/904/904
f 903/903/903 906/906/906 901/901/901
f 901/901/901 906/906/906 904/904/904
f 906/906/906 903/903/903 907/907/907
f 904/904/904 908/908/908 905/905/905
f 908/908/908 904/904/904 906/906/906
f 909/909/909 905/905/905 908/908/908
f 907/907/907 910/910/910 906/906/906
f 906/906/906 910/910/910 908/908/908
f 910/910/910 907/907/907 911/911/911
f 908/908/908 912/912/912 909/909/909
f 912/912/912 908/908/908 910/910/910
f 913/913/913 909/909/909 912/912/912
f 911/911/911 914/914/914 910/910/910
f 910/910/910 914/914/914 912/912/912
f 914/914/914 911/911/911 915/915/915
f 912/912/912 916/916/916 913/913/913
f 916/916/916 912/912/912 914/914/914
f 917/917/917 913/913/913 916/916/916
f 915/915/915 918/918/918 914/914/914
f 914/914/914 918/918/918 916/916/916
f 918/918/918 915/915/915 919/919/919
f 916/916/916 920/920/920 917/917/917
f 920/920/920 916/916/916 918/918/918
f 921/921/921 917/917/917 920/920/920
f 919/919/919 922/922/922 918/918/918
f 918/918/918 922/922/922 920/920/920
f 922/922/922 919/919/919 923/923/923
f 920/920/920 924/924/924 921/921/921
f 922/922/922 924/924/924 920/920/920
f 925/925/925 921/921/921 924/924/924
f 923/923/923 926/926/926 922/922/922
f 924/924/924 922/922/922 926/926/926
f 926/926/926 923/923/923 927/927/927
f 924/924/924 928/928/928 925/925/925
f 926/926/926 928/928/928 924/924/924
f 929/929/929 925/925/925 928/928/928
f 927/927/927 930/930/930 926/926/926
f 928/928/928 926/926/926 930/930/930
f 930/930/930 927/927/927 931/931/931
f 928/928/928 932/932/932 929/929/929
f 930/930/930 932/932/932 928/928/928
f 933/933/933 929/929/929 932/932/932
f 931/931/931 934/934/934 930/930/930
f 932/932/932 930/930/930 934/934/934
f 934/934/934 931/931/931 935/935/935
f 932/932/932 936/936/936 933/933/933
f 934/934/934 936/936/936 932/932/932
f 935/935/935 937/937/937 934/934/934
f 936/936/936 934/934/934 937/937/937
f 933/933/933 936/936/936 938/938/938
f 937/937/937 938/938/938 936/936/936
f 938/938/938 939/939/939 933/933/933
f 940/940/940 939/939/939 938/938/938
f 938/938/938 941/941/941 940/940/940
f 941/941/941 938/938/938 937/937/937
f 942/942/942 940/940/940 941/941/941
f 943/943/943 937/937/937 935/935/935
f 937/937/937 943/943/943 941/941/941
f 935/935/935 944/944/944 943/943/943
f 941/941/941 945/945/945 942/942/942
f 945/945/945 941/941/941 943/943/943
f 946/946/946 943/943/943 944/944/944
f 943/943/943 946/946/946 945/945/945
f 944/944/944 947/947/947 946/946/946
f 942/942/942 945/945/945 948/948/948
f 948/948/948 945/945/945 946/946/946
f 948/948/948 949/949/949 942/942/942
f 950/950/950 949/949/949 948/948/948
f 951/951/951 946/946/946 947/947/947
f 946/946/946 951/951/951 948/948/948
f 947/947/947 952/952/952 951/951/951
f 951/951/951 952/952/952 953/953/953
f 948/948/948 954/954/954 950/950/950
f 954/954/954 948/948/948 951/951/951
f 955/955/955 950/950/950 954/954/954
f 953/953/953 956/956/956 951/951/951
f 951/951/951 956/956/956 954/954/954
f 956/956/956 953/953/953 957/957/957
f 954/954/954 958/958/958 955/955/955
f 958/958/958 954/954/954 956/956/956
f 959/959/959 955/955/955 958/958/958
f 957/957/957 960/960/960 956/956/956
f 956/956/956 960/960/960 958/958/958
f 958/958/958 961/961/961 959/959/959
f 961/961/961 958/958/958 960/960/960
f 962/962/962 960/960/960 957/957/957
f 960/960/960 962/962/962 961/961/961
f 957/957/957 963/963/963 962/962/962
f 962/962/962 963/963/963 964/964/964
f 959/959/959 961/961/961 965/965/965
f 965/965/965 966/966/966 959/959/959
f 967/967/967 966/966/966 965/965/965
f 961/961/961 962/962/962 968/968/968
f 964/964/964 968/968/968 962/962/962
f 968/968/968 965/965/965 961/961/961
f 969/969/969 968/968/968 964/964/964
f 965/965/965 968/968/968 969/969/969
f 964/964/964 970/970/970 969/969/969
f 965/965/965 971/971/971 967/967/967
f 969/969/969 971/971/971 965/965/965
f 972/972/972 967/967/967 971/971/971
f 973/973/973 969/969/969 970/970/970
f 971/971/971 969/969/969 973/973/973
f 970/970/970 974/974/974 973/973/973
f 971/971/971 975/975/975 972/972/972
f 973/973/973 975/975/975 971/971/971
f 976/976/976 972/972/972 975/975/975
f 977/977/977 973/973/973 974/974/974
f 975/975/975 973/973/973 977/977/977
f 974/974/974 978/978/978 977/977/977
f 975/975/975 979/979/979 976/976/976
f 977/977/977 979/979/979 975/975/975
f 980/980/980 976/976/976 979/979/979
f 981/981/981 977/977/977 978/978/978
f 979/979/979 977/977/977 981/981/981
f 978/978/978 982/982/982 981/981/981
f 979/979/979 983/983/983 980/980/980
f 981/981/981 983/983/983 979/979/979
f 984/984/984 980/980/980 983/983/983
f 983/983/983 985/985/985 984/984/984
f 985/985/985 983/983/983 981/981/981
f 986/986/986 984/984/984 985/985/985
f 987/987/987 981/981/981 982/982/982
f 981/981/981 987/987/987 985/985/985
f 982/982/982 566/566/566 987/987/987
f 565/565/565 987/987/987 566/566/566
f 985/985/985 988/988/988 986/986/986
f 988/988/988 985/985/985 987/987/987
f 987/987/987 565/565/565 988/988/988
f 571/571/571 986/986/986 988/988/988
f 567/567/567 988/988/988 565/565/565
f 988/988/988 567/567/567 571/571/571
