g tb_outline_10_mesh
v -0.24355555 -0.16827637 0.063133925
v -0.2440458 -0.16827637 0.06999779
v -0.23080835 -0.16239306 0.06950751
v -0.23031807 -0.16288334 0.063133925
v -0.21757087 -0.15700002 0.06950751
v -0.21708062 -0.15700002 0.06264365
v -0.20433342 -0.1511167 0.06950751
v -0.20384315 -0.15160698 0.06264365
v -0.1906057 -0.1452334 0.06901723
v -0.19011542 -0.14572367 0.06264365
v -0.17736825 -0.13984036 0.06901723
v -0.17687798 -0.13984036 0.06215337
v -0.1641308 -0.13395704 0.06852695
v -0.16364053 -0.13444732 0.06215337
v -0.15089333 -0.128564 0.06852695
v -0.15040305 -0.128564 0.06166309
v -0.13765588 -0.122680694 0.06852695
v -0.1371656 -0.12317097 0.06166309
v -0.12441844 -0.11728765 0.068036675
v -0.12392816 -0.11728765 0.06166309
v -0.11118099 -0.111404344 0.06754643
v -0.11069071 -0.11189462 0.061172813
v -0.11069071 -0.11189462 0.061172813
v -0.11118099 -0.111404344 0.06754643
v -0.095492154 -0.111404344 0.06754643
v -0.09500188 -0.11189462 0.060682535
v -0.080293596 -0.111404344 0.06705615
v -0.07980332 -0.11189462 0.060192287
v -0.06509504 -0.111404344 0.06705615
v -0.06460476 -0.11189462 0.060192287
v -0.04989648 -0.111404344 0.06656587
v -0.0494062 -0.111404344 0.060192287
v -0.034207642 -0.111404344 0.06656587
v -0.033717364 -0.111404344 0.05970201
v -0.019009084 -0.111404344 0.06656587
v -0.018518806 -0.111404344 0.05970201
v -0.003810525 -0.111404344 0.06656587
v -0.003320247 -0.111404344 0.05970201
v 0.011388034 -0.111404344 0.06656587
v 0.011878312 -0.111404344 0.05970201
v 0.026586592 -0.111404344 0.06656587
v 0.02707687 -0.111404344 0.05970201
v 0.04227543 -0.111404344 0.06705615
v 0.042765692 -0.111404344 0.060192287
v 0.057473972 -0.111404344 0.06705615
v 0.05796425 -0.111404344 0.060192287
v 0.07267253 -0.111404344 0.06705615
v 0.07316281 -0.111404344 0.060192287
v 0.08787109 -0.111404344 0.06705615
v 0.08836137 -0.111404344 0.060192287
v 0.103559926 -0.111404344 0.068036675
v 0.104050204 -0.111404344 0.061172813
v 0.118758485 -0.111404344 0.06754643
v 0.11924876 -0.111404344 0.060682535
v 0.13395704 -0.111404344 0.06754643
v 0.13444732 -0.111404344 0.060682535
v 0.1491556 -0.111404344 0.06754643
v 0.14964588 -0.111404344 0.061172813
v 0.16435416 -0.111404344 0.06950751
v 0.1653347 -0.111404344 0.063133925
v 0.18004298 -0.111404344 0.07244918
v 0.18053326 -0.111404344 0.065585315
v 0.19524156 -0.111404344 0.075390816
v 0.19573182 -0.111404344 0.06852695
v 0.2104401 -0.111404344 0.075881094
v 0.21093038 -0.111404344 0.06901723
v 0.22563866 -0.111404344 0.07931304
v 0.22612894 -0.111404344 0.07244918
v 0.2413275 -0.11091407 0.083235234
v 0.24181777 -0.111404344 0.07637137
v 0.25652605 -0.11091407 0.08666718
v 0.25701633 -0.111404344 0.080293596
v 0.25701633 -0.111404344 0.080293596
v 0.25652605 -0.11091407 0.08666718
v 0.25652605 -0.09718634 0.0861769
v 0.25701633 -0.09767662 0.07931304
v 0.25652605 -0.08345862 0.085686624
v 0.25701633 -0.08345862 0.07882276
v 0.25652605 -0.06973088 0.08421579
v 0.25701633 -0.06973088 0.077842206
v 0.25701633 -0.055512875 0.08372551
v 0.2575066 -0.056003153 0.07686165
v 0.25701633 -0.04178515 0.0861769
v 0.2575066 -0.04178515 0.07931304
v 0.25701633 -0.028057411 0.090099126
v 0.2575066 -0.028057411 0.08372551
v 0.2575066 -0.028057411 0.08372551
v 0.25701633 -0.028057411 0.090099126
v 0.25260386 -0.014819965 0.09696299
v 0.25309414 -0.015310243 0.090099126
v 0.2477011 -0.0020727813 0.10186574
v 0.24868163 -0.0025630593 0.09500188
v 0.2432886 0.010674387 0.09892407
v 0.24377888 0.010674387 0.09206021
v 0.23887612 0.023911834 0.09647271
v 0.2393664 0.023421556 0.08960885
v 0.23446363 0.036659032 0.09402132
v 0.23495391 0.036168754 0.08715746
v 0.23005114 0.0494062 0.090589374
v 0.23054142 0.0494062 0.08372551
v 0.2251484 0.06215337 0.087647736
v 0.22563866 0.06215337 0.080783874
v 0.22563866 0.06215337 0.080783874
v 0.2251484 0.06215337 0.087647736
v 0.2251484 0.077842206 0.090589374
v 0.22563866 0.07735193 0.08421579
v 0.2251484 0.093040764 0.093040764
v 0.22563866 0.09255049 0.0861769
v 0.2251484 0.10823932 0.09156993
v 0.22563866 0.107749045 0.08470607
v 0.22465812 0.12343788 0.09206021
v 0.22563866 0.1229476 0.085196346
v 0.22465812 0.13863644 0.0861769
v 0.2251484 0.13814616 0.07931304
v 0.22465812 0.153835 0.08127415
v 0.2251484 0.15334472 0.07441029
v 0.22465812 0.16903356 0.077842206
v 0.2251484 0.16903356 0.07097834
v 0.22465812 0.18423212 0.07637137
v 0.2251484 0.18423212 0.06950751
v 0.22416784 0.19943067 0.07637137
v 0.22465812 0.19943067 0.06950751
v 0.22416784 0.21462923 0.07490057
v 0.22465812 0.21462923 0.068036675
v 0.22465812 0.21462923 0.068036675
v 0.22416784 0.21462923 0.07490057
v 0.20896928 0.21462923 0.07392001
v 0.20945956 0.21462923 0.06705615
v 0.19328044 0.21462923 0.07244918
v 0.19377072 0.21413895 0.065585315
v 0.17808188 0.21462923 0.07097834
v 0.17857216 0.21413895 0.06460476
v 0.16239306 0.21462923 0.06999779
v 0.16288334 0.21413895 0.063133925
v 0.1471945 0.21413895 0.06901723
v 0.14768478 0.21413895 0.06264365
v 0.13150567 0.21413895 0.06852695
v 0.13199595 0.21413895 0.06166309
v 0.11630711 0.21413895 0.068036675
v 0.11679739 0.21364868 0.061172813
v 0.10061827 0.21413895 0.06754643
v 0.10159883 0.21364868 0.060682535
v 0.085419714 0.21413895 0.06754643
v 0.08590999 0.21364868 0.061172813
v 0.070221156 0.21364868 0.068036675
v 0.070711434 0.21364868 0.061172813
v 0.05453232 0.21364868 0.06852695
v 0.055022597 0.21364868 0.06166309
v 0.03933376 0.21364868 0.06901723
v 0.03982404 0.2131584 0.06215337
v 0.023644939 0.21364868 0.06950751
v 0.024135202 0.2131584 0.063133925
v 0.0084463805 0.21364868 0.070488065
v 0.008936644 0.2131584 0.0636242
v -0.007242471 0.2131584 0.07097834
v -0.006752193 0.2131584 0.06460476
v -0.02244103 0.2131584 0.0719589
v -0.021950752 0.2131584 0.06509504
v -0.038129836 0.2131584 0.072939456
v -0.037639588 0.21266812 0.06607559
v -0.053328395 0.2131584 0.07392001
v -0.052838147 0.21266812 0.06705615
v -0.06901723 0.2131584 0.07490057
v -0.068036675 0.21266812 0.068036675
v -0.08421579 0.21266812 0.075881094
v -0.08372551 0.21266812 0.06950751
v -0.09941435 0.21266812 0.07735193
v -0.09892407 0.21266812 0.070488065
v -0.115103185 0.21266812 0.078332484
v -0.11461291 0.21217784 0.0719589
v -0.13030174 0.21266812 0.08176443
v -0.12981147 0.21217784 0.07490057
v -0.14599058 0.21266812 0.08470607
v -0.1455003 0.21217784 0.077842206
v -0.16118914 0.21217784 0.087647736
v -0.16069886 0.21217784 0.08127415
v -0.17687798 0.21217784 0.08862829
v -0.1763877 0.21217784 0.08176443
v -0.19207653 0.21217784 0.08666718
v -0.19158626 0.21168756 0.07980332
v -0.19158626 0.21168756 0.07980332
v -0.19207653 0.21217784 0.08666718
v -0.19207653 0.19697928 0.082744986
v -0.19158626 0.19697928 0.075881094
v -0.19158626 0.19697928 0.075881094
v -0.19207653 0.19697928 0.082744986
v -0.19207653 0.182271 0.06901723
v -0.19158626 0.18178073 0.06215337
v -0.19207653 0.16707245 0.06215337
v -0.19158626 0.16658217 0.055289507
v -0.19207653 0.15187389 0.05676034
v -0.19158626 0.15187389 0.04989648
v -0.19207653 0.1371656 0.05430895
v -0.19158626 0.13667533 0.04744509
v -0.19207653 0.12196705 0.053328395
v -0.19158626 0.12147677 0.04695481
v -0.19207653 0.10676849 0.053818673
v -0.19158626 0.10676849 0.04695481
v -0.19207653 0.09206021 0.05479923
v -0.19158626 0.09156993 0.047935367
v -0.19207653 0.07686165 0.05725062
v -0.19158626 0.07686165 0.050386757
v -0.19207653 0.06166309 0.05970201
v -0.19158626 0.06166309 0.052838147
v -0.19207653 0.04695481 0.060682535
v -0.19158626 0.046464533 0.053818673
v -0.19207653 0.031756252 0.06166309
v -0.19158626 0.031756252 0.05479923
v -0.19207653 0.016557693 0.06264365
v -0.19158626 0.016557693 0.055779785
v -0.19207653 0.0018494129 0.06411448
v -0.19158626 0.0013591349 0.057740897
v -0.19158626 0.0013591349 0.057740897
v -0.19207653 0.0018494129 0.06411448
v -0.20041123 -0.010897756 0.06411448
v -0.19992095 -0.011388034 0.05725062
v -0.20825565 -0.023644939 0.06460476
v -0.20776537 -0.024135202 0.058231175
v -0.21610007 -0.036392108 0.06754643
v -0.21560979 -0.036882386 0.060682535
v -0.22443476 -0.04913929 0.06901723
v -0.22394449 -0.04962957 0.06215337
v -0.23227918 -0.06188646 0.06999779
v -0.2317889 -0.062376738 0.063133925
v -0.24012357 -0.07463364 0.07097834
v -0.23963332 -0.07512392 0.06411448
v -0.23963332 -0.07512392 0.06411448
v -0.24012357 -0.07463364 0.07097834
v -0.24110413 -0.09032248 0.070488065
v -0.24061385 -0.09081276 0.0636242
v -0.2415944 -0.106011316 0.06950751
v -0.24110413 -0.106011316 0.06264365
v -0.24208468 -0.12120986 0.06901723
v -0.2415944 -0.12170014 0.06215337
v -0.24257499 -0.1368987 0.06852695
v -0.24208468 -0.13738897 0.06166309
v -0.24355555 -0.15258753 0.06950751
v -0.24306524 -0.15258753 0.06264365
v -0.2440458 -0.16827637 0.06999779
v -0.24355555 -0.16827637 0.063133925
v 0.24721082 -0.08689055 0.07637137
v 0.24672054 -0.10110855 0.08372551
v 0.24721082 -0.10159883 0.07686165
v 0.24672054 -0.08689055 0.083235234
v 0.24721082 -0.07267253 0.07490057
v 0.24672054 -0.07267253 0.08176443
v 0.24721082 -0.05845453 0.07441029
v 0.24672054 -0.05796425 0.08127415
v 0.24721082 -0.044236526 0.07686165
v 0.24672054 -0.043746248 0.083235234
v 0.2477011 -0.029528245 0.08176443
v 0.24721082 -0.029528245 0.08862829
v 0.24721082 -0.10159883 0.07686165
v 0.24672054 -0.10110855 0.08372551
v 0.2310317 -0.10110855 0.07980332
v 0.23152198 -0.10159883 0.072939456
v 0.21534286 -0.10110855 0.075881094
v 0.21583314 -0.10159883 0.06901723
v 0.19965404 -0.10110855 0.07244918
v 0.2001443 -0.10159883 0.06607559
v 0.1839652 -0.10110855 0.06999779
v 0.18445548 -0.10159883 0.063133925
v 0.16827637 -0.10110855 0.06705615
v 0.16876665 -0.10159883 0.060192287
v 0.15258753 -0.10110855 0.06509504
v 0.15307781 -0.10159883 0.058231175
v 0.1368987 -0.10110855 0.06509504
v 0.13738897 -0.10159883 0.058231175
v 0.12120986 -0.10110855 0.065585315
v 0.122190416 -0.10159883 0.058721453
v 0.106011316 -0.10110855 0.065585315
v 0.10650158 -0.10159883 0.058721453
v 0.09032248 -0.10110855 0.065585315
v 0.09081276 -0.10159883 0.058721453
v 0.07463364 -0.10110855 0.065585315
v 0.07512392 -0.10159883 0.058721453
v 0.058944806 -0.10110855 0.065585315
v 0.059435084 -0.10159883 0.058721453
v 0.04325597 -0.10110855 0.065585315
v 0.043746248 -0.10159883 0.058721453
v 0.027567133 -0.10110855 0.065585315
v 0.028057411 -0.10159883 0.05921173
v 0.011878312 -0.10110855 0.06607559
v 0.01236859 -0.10159883 0.05921173
v -0.003810525 -0.10110855 0.06607559
v -0.003320247 -0.10159883 0.05921173
v -0.019009084 -0.10159883 0.06607559
v -0.018518806 -0.10159883 0.05921173
v -0.03469792 -0.10159883 0.06607559
v -0.034207642 -0.10159883 0.05970201
v -0.050386757 -0.10159883 0.06656587
v -0.04989648 -0.10159883 0.05970201
v -0.06607559 -0.10159883 0.06656587
v -0.065585315 -0.10159883 0.05970201
v -0.08176443 -0.10159883 0.06705615
v -0.08127415 -0.10159883 0.060192287
v -0.09745327 -0.10159883 0.06754643
v -0.09696299 -0.10159883 0.060682535
v -0.11314207 -0.10159883 0.06754643
v -0.112651825 -0.10159883 0.060682535
v -0.112651825 -0.10159883 0.060682535
v -0.11314207 -0.10159883 0.06754643
v -0.12637955 -0.10699186 0.06754643
v -0.12588927 -0.107482135 0.061172813
v -0.139617 -0.11287518 0.068036675
v -0.13912672 -0.11287518 0.061172813
v -0.15334472 -0.118758485 0.068036675
v -0.15285444 -0.118758485 0.061172813
v -0.16658217 -0.12415153 0.068036675
v -0.16609189 -0.124641806 0.06166309
v -0.17981964 -0.13003483 0.06852695
v -0.17932937 -0.13003483 0.06166309
v -0.19305709 -0.13542786 0.06852695
v -0.19256681 -0.13591814 0.06166309
v -0.20678481 -0.14131118 0.06852695
v -0.20629454 -0.14180146 0.06215337
v -0.22002226 -0.1471945 0.06901723
v -0.21953198 -0.1471945 0.06215337
v -0.23325971 -0.15258753 0.06901723
v -0.23276943 -0.15307781 0.06215337
v -0.23276943 -0.15307781 0.06215337
v -0.23325971 -0.15258753 0.06901723
v -0.23276943 -0.13787925 0.06852695
v -0.23227918 -0.13787925 0.06166309
v -0.23227918 -0.122680694 0.06852695
v -0.2317889 -0.12317097 0.06166309
v -0.2317889 -0.10797241 0.06901723
v -0.23129863 -0.10797241 0.06264365
v -0.23080835 -0.092773855 0.06999779
v -0.23031807 -0.09326413 0.063133925
v -0.23031807 -0.077575296 0.07097834
v -0.22982779 -0.078065574 0.06411448
v -0.22982779 -0.078065574 0.06411448
v -0.23031807 -0.077575296 0.07097834
v -0.22247365 -0.06482813 0.070488065
v -0.22198337 -0.06531839 0.0636242
v -0.21413895 -0.052080944 0.06950751
v -0.21364868 -0.052571222 0.06264365
v -0.20629454 -0.03933376 0.068036675
v -0.20580426 -0.03982404 0.06166309
v -0.19845012 -0.026586592 0.06656587
v -0.19795984 -0.02707687 0.05970201
v -0.19011542 -0.013839409 0.065585315
v -0.18962514 -0.014329687 0.058721453
v -0.182271 -0.0010922253 0.065585315
v -0.18178073 -0.0015825033 0.058721453
v -0.18178073 -0.0015825033 0.058721453
v -0.182271 -0.0010922253 0.065585315
v -0.182271 0.014596611 0.06411448
v -0.18178073 0.014106333 0.057740897
v -0.182271 0.030285448 0.063133925
v -0.18178073 0.02979517 0.05676034
v -0.182271 0.045974255 0.06215337
v -0.18178073 0.045483977 0.055289507
v -0.182271 0.06166309 0.060682535
v -0.18178073 0.061172813 0.05430895
v -0.182271 0.07686165 0.058231175
v -0.18178073 0.07686165 0.051367313
v -0.182271 0.09255049 0.055289507
v -0.18178073 0.09255049 0.048425645
v -0.182271 0.10823932 0.053818673
v -0.18178073 0.10823932 0.04695481
v -0.182271 0.12392816 0.053328395
v -0.18178073 0.12392816 0.046464533
v -0.182271 0.139617 0.05430895
v -0.18178073 0.139617 0.04744509
v -0.182271 0.15530583 0.057740897
v -0.18178073 0.15481555 0.050877035
v -0.182271 0.17099467 0.063133925
v -0.18178073 0.17050439 0.056270063
v -0.182271 0.1866835 0.07441029
v -0.18178073 0.18619323 0.06754643
v -0.182271 0.20237234 0.08862829
v -0.18178073 0.20188206 0.08176443
v -0.18178073 0.20188206 0.08176443
v -0.182271 0.20237234 0.08862829
v -0.16707245 0.20237234 0.08666718
v -0.16658217 0.20188206 0.07980332
v -0.15187389 0.20237234 0.083235234
v -0.15138361 0.20237234 0.07686165
v -0.13618505 0.20237234 0.080293596
v -0.13569477 0.20237234 0.07342973
v -0.12098649 0.20237234 0.078332484
v -0.12049621 0.20237234 0.07146862
v -0.10578793 0.20286259 0.07686165
v -0.105297655 0.20237234 0.070488065
v -0.090589374 0.20286259 0.075881094
v -0.090099126 0.20237234 0.06901723
v -0.075390816 0.20286259 0.07490057
v -0.07490057 0.20286259 0.068036675
v -0.060192287 0.20286259 0.07392001
v -0.05970201 0.20286259 0.06754643
v -0.04499373 0.20286259 0.07342973
v -0.04450345 0.20286259 0.06656587
v -0.02979517 0.20335287 0.07244918
v -0.029304892 0.20286259 0.065585315
v -0.014596611 0.20335287 0.07146862
v -0.014106333 0.20286259 0.06460476
v 0.0006019473 0.20335287 0.07097834
v 0.0015825033 0.20335287 0.06411448
v 0.016290799 0.20335287 0.06999779
v 0.016781062 0.20335287 0.063133925
v 0.031489342 0.20335287 0.06950751
v 0.03197962 0.20335287 0.06264365
v 0.0466879 0.20384315 0.06852695
v 0.04717818 0.20335287 0.06215337
v 0.06188646 0.20384315 0.06852695
v 0.062376738 0.20335287 0.06166309
v 0.07708502 0.20384315 0.068036675
v 0.077575296 0.20384315 0.06166309
v 0.09228358 0.20384315 0.068036675
v 0.092773855 0.20384315 0.061172813
v 0.107482135 0.20384315 0.068036675
v 0.10797241 0.20384315 0.06166309
v 0.122680694 0.20433342 0.06901723
v 0.12317097 0.20384315 0.06215337
v 0.13787925 0.20433342 0.06950751
v 0.13836953 0.20384315 0.06264365
v 0.15307781 0.20433342 0.06999779
v 0.15405837 0.20433342 0.0636242
v 0.16876665 0.20433342 0.07146862
v 0.16925693 0.20433342 0.06460476
v 0.1839652 0.20433342 0.07244918
v 0.18445548 0.20433342 0.06607559
v 0.19916376 0.2048237 0.07392001
v 0.19965404 0.20433342 0.06705615
v 0.21436232 0.2048237 0.075390816
v 0.2148526 0.20433342 0.06852695
v 0.2148526 0.20433342 0.06852695
v 0.21436232 0.2048237 0.075390816
v 0.21436232 0.19011542 0.075390816
v 0.2148526 0.19011542 0.06852695
v 0.21436232 0.17589742 0.075390816
v 0.2148526 0.17589742 0.06852695
v 0.21436232 0.16167942 0.078332484
v 0.21534286 0.16118914 0.0719589
v 0.2148526 0.14697114 0.08225471
v 0.21534286 0.14697114 0.075390816
v 0.2148526 0.13275313 0.088138014
v 0.21534286 0.13226286 0.08127415
v 0.2148526 0.11804485 0.093040764
v 0.21534286 0.11804485 0.08666718
v 0.2148526 0.10382685 0.09156993
v 0.21534286 0.10382685 0.08470607
v 0.21534286 0.08960885 0.090099126
v 0.21583314 0.08911857 0.083235234
v 0.21534286 0.07490057 0.08715746
v 0.21583314 0.07490057 0.080783874
v 0.21534286 0.060682535 0.085686624
v 0.21583314 0.060192287 0.07882276
v 0.21583314 0.060192287 0.07882276
v 0.21534286 0.060682535 0.085686624
v 0.21975535 0.047935367 0.088138014
v 0.22024563 0.04744509 0.08176443
v 0.22416784 0.03469792 0.09156993
v 0.22465812 0.03469792 0.08470607
v 0.2290706 0.021950752 0.09402132
v 0.22956088 0.021950752 0.08715746
v 0.23348308 0.009203553 0.09647271
v 0.23397335 0.008713275 0.08960885
v 0.23789556 -0.0035436153 0.09892407
v 0.23838584 -0.0040338933 0.09255049
v 0.24230805 -0.016781062 0.09598243
v 0.24279833 -0.016781062 0.08911857
v 0.24721082 -0.029528245 0.08862829
v 0.2477011 -0.029528245 0.08176443
v 0.24966219 -0.043746248 0.08372551
v 0.24672054 -0.043746248 0.083235234
v 0.24721082 -0.029528245 0.08862829
v 0.24672054 -0.05796425 0.08127415
v 0.24966219 -0.05796425 0.08176443
v 0.24672054 -0.07267253 0.08176443
v 0.24917191 -0.07267253 0.08225471
v 0.24672054 -0.08689055 0.083235234
v 0.2516233 -0.055512875 0.08225471
v 0.24917191 -0.08689055 0.08372551
v 0.24672054 -0.10110855 0.08372551
v 0.25309414 -0.08345862 0.08470607
v 0.2535844 -0.0692406 0.083235234
v 0.25652605 -0.08345862 0.085686624
v 0.25652605 -0.09718634 0.0861769
v 0.25652605 -0.06973088 0.08421579
v 0.2535844 -0.055512875 0.082744986
v 0.25701633 -0.055512875 0.08372551
v 0.2516233 -0.04227543 0.08470607
v 0.2535844 -0.04178515 0.085686624
v 0.25701633 -0.04178515 0.0861769
v 0.25064275 -0.029037967 0.08862829
v 0.2535844 -0.02854769 0.08960885
v 0.25701633 -0.028057411 0.090099126
v 0.25260386 -0.014819965 0.09696299
v 0.24917191 -0.01580052 0.09647271
v 0.2477011 -0.0020727813 0.10186574
v 0.24966219 -0.029037967 0.08862829
v 0.24721082 -0.01580052 0.09647271
v 0.24475943 -0.01580052 0.09647271
v 0.24230805 -0.016781062 0.09598243
v 0.24475943 -0.0030533373 0.10088518
v 0.24034695 -0.0030533373 0.09990463
v 0.23789556 -0.0035436153 0.09892407
v 0.24279833 -0.0030533373 0.100394905
v 0.24034695 0.009693831 0.09843379
v 0.2432886 0.010674387 0.09892407
v 0.23593447 0.010184109 0.09696299
v 0.23348308 0.009203553 0.09647271
v 0.23838584 0.009693831 0.097943515
v 0.23593447 0.02244103 0.095492154
v 0.23887612 0.023911834 0.09647271
v 0.23152198 0.022931308 0.0945116
v 0.2290706 0.021950752 0.09402132
v 0.22416784 0.03469792 0.09156993
v 0.23397335 0.02244103 0.09500188
v 0.2310317 0.035678476 0.093040764
v 0.23446363 0.036659032 0.09402132
v 0.22710949 0.035678476 0.09206021
v 0.21975535 0.047935367 0.088138014
v 0.22956088 0.035678476 0.09255049
v 0.22661921 0.048425645 0.090099126
v 0.23005114 0.0494062 0.090589374
v 0.2251484 0.06215337 0.087647736
v 0.2251484 0.048425645 0.08960885
v 0.22220674 0.048425645 0.08862829
v 0.22220674 0.06166309 0.08715746
v 0.21779424 0.061172813 0.0861769
v 0.21534286 0.060682535 0.085686624
v 0.21534286 0.07490057 0.08715746
v 0.22171646 0.06215337 0.08666718
v 0.22171646 0.07735193 0.08960885
v 0.2251484 0.077842206 0.090589374
v 0.21779424 0.07490057 0.088138014
v 0.21534286 0.08960885 0.090099126
v 0.22024563 0.07637137 0.08911857
v 0.21779424 0.08960885 0.09107965
v 0.2148526 0.10382685 0.09156993
v 0.22171646 0.093040764 0.09206021
v 0.2251484 0.093040764 0.093040764
v 0.22024563 0.09156993 0.09206021
v 0.21779424 0.10382685 0.09107965
v 0.2148526 0.11804485 0.093040764
v 0.22171646 0.10823932 0.09156993
v 0.2251484 0.10823932 0.09156993
v 0.21975535 0.10627821 0.09156993
v 0.21779424 0.11853513 0.093040764
v 0.2148526 0.13275313 0.088138014
v 0.22171646 0.12343788 0.09206021
v 0.22465812 0.12343788 0.09206021
v 0.21975535 0.12147677 0.093040764
v 0.21730398 0.13275313 0.088138014
v 0.2148526 0.14697114 0.08225471
v 0.22122619 0.13863644 0.0861769
v 0.22465812 0.13863644 0.0861769
v 0.21975535 0.13667533 0.08666718
v 0.21730398 0.14697114 0.08225471
v 0.21436232 0.16167942 0.078332484
v 0.22122619 0.153835 0.08127415
v 0.22465812 0.153835 0.08127415
v 0.21926507 0.153835 0.080783874
v 0.21730398 0.16167942 0.07882276
v 0.21436232 0.17589742 0.075390816
v 0.22122619 0.16903356 0.07735193
v 0.22465812 0.16903356 0.077842206
v 0.21730398 0.17589742 0.075390816
v 0.21436232 0.19011542 0.075390816
v 0.21926507 0.17148495 0.07686165
v 0.22122619 0.18423212 0.075881094
v 0.22465812 0.18423212 0.07637137
v 0.22122619 0.19943067 0.075881094
v 0.22416784 0.19943067 0.07637137
v 0.22416784 0.21462923 0.07490057
v 0.20896928 0.21462923 0.07392001
v 0.2187748 0.18619323 0.075390816
v 0.21730398 0.1906057 0.075390816
v 0.21436232 0.2048237 0.075390816
v 0.21779424 0.19697928 0.075390816
v 0.2148526 0.20531398 0.075390816
v 0.19328044 0.21021673 0.072939456
v 0.19328044 0.21462923 0.07244918
v 0.17808188 0.21462923 0.07097834
v 0.19916376 0.20531398 0.07392001
v 0.19916376 0.2048237 0.07392001
v 0.1839652 0.20531398 0.07244918
v 0.1839652 0.20433342 0.07244918
v 0.17808188 0.20972648 0.07146862
v 0.16239306 0.21462923 0.06999779
v 0.19180962 0.2072751 0.072939456
v 0.18053326 0.2072751 0.0719589
v 0.16876665 0.20531398 0.07146862
v 0.16876665 0.20433342 0.07146862
v 0.16239306 0.20972648 0.070488065
v 0.1471945 0.21413895 0.06901723
v 0.16631526 0.2072751 0.07097834
v 0.15307781 0.2048237 0.06999779
v 0.15307781 0.20433342 0.06999779
v 0.1471945 0.20972648 0.06950751
v 0.13150567 0.21413895 0.06852695
v 0.1511167 0.2072751 0.06999779
v 0.13787925 0.2048237 0.06950751
v 0.13787925 0.20433342 0.06950751
v 0.13150567 0.20972648 0.06901723
v 0.11630711 0.21413895 0.068036675
v 0.13542786 0.2072751 0.06901723
v 0.122680694 0.2048237 0.06901723
v 0.122680694 0.20433342 0.06901723
v 0.12022932 0.20678481 0.06852695
v 0.107482135 0.2048237 0.068036675
v 0.107482135 0.20384315 0.068036675
v 0.11630711 0.2092362 0.068036675
v 0.09228358 0.2048237 0.068036675
v 0.09228358 0.20384315 0.068036675
v 0.10503076 0.20678481 0.068036675
v 0.10110855 0.2092362 0.06754643
v 0.10061827 0.21413895 0.06754643
v 0.085419714 0.21413895 0.06754643
v 0.07708502 0.20433342 0.068036675
v 0.07708502 0.20384315 0.068036675
v 0.0898322 0.20678481 0.068036675
v 0.085419714 0.2092362 0.068036675
v 0.070221156 0.21364868 0.068036675
v 0.06188646 0.20433342 0.06852695
v 0.06188646 0.20384315 0.06852695
v 0.074143365 0.20678481 0.068036675
v 0.070221156 0.2092362 0.068036675
v 0.05453232 0.21364868 0.06852695
v 0.0466879 0.20433342 0.06901723
v 0.0466879 0.20384315 0.06852695
v 0.058944806 0.20678481 0.06852695
v 0.05453232 0.2092362 0.06852695
v 0.03933376 0.21364868 0.06901723
v 0.031489342 0.20433342 0.06950751
v 0.031489342 0.20335287 0.06950751
v 0.043746248 0.20629454 0.06901723
v 0.03933376 0.20874593 0.06901723
v 0.023644939 0.21364868 0.06950751
v 0.016290799 0.20433342 0.070488065
v 0.016290799 0.20335287 0.06999779
v 0.02854769 0.20629454 0.06950751
v 0.023644939 0.20874593 0.06999779
v 0.0006019473 0.20384315 0.07097834
v 0.0006019473 0.20335287 0.07097834
v 0.015310243 0.20580426 0.070488065
v 0.0084463805 0.20874593 0.070488065
v 0.0084463805 0.21364868 0.070488065
v -0.007242471 0.2131584 0.07097834
v 0.0015825033 0.20580426 0.07097834
v -0.007242471 0.20874593 0.07146862
v -0.02244103 0.2131584 0.0719589
v -0.014596611 0.20384315 0.0719589
v -0.014596611 0.20335287 0.07146862
v -0.011654943 0.20629454 0.07146862
v -0.02244103 0.20874593 0.07244918
v -0.038129836 0.2131584 0.072939456
v -0.02979517 0.20384315 0.072939456
v -0.02979517 0.20335287 0.07244918
v -0.026853502 0.20580426 0.07244918
v -0.038129836 0.20825565 0.072939456
v -0.053328395 0.2131584 0.07392001
v -0.04499373 0.20384315 0.07342973
v -0.04499373 0.20286259 0.07342973
v -0.04205206 0.20580426 0.07342973
v -0.053328395 0.20825565 0.07392001
v -0.06901723 0.2131584 0.07490057
v -0.060192287 0.20384315 0.07441029
v -0.060192287 0.20286259 0.07392001
v -0.057740897 0.20580426 0.07441029
v -0.06852695 0.20825565 0.07490057
v -0.08421579 0.21266812 0.075881094
v -0.075390816 0.20335287 0.075390816
v -0.075390816 0.20286259 0.07490057
v -0.072939456 0.20580426 0.075390816
v -0.08421579 0.20825565 0.07637137
v -0.09941435 0.21266812 0.07735193
v -0.090589374 0.20335287 0.07637137
v -0.090589374 0.20286259 0.075881094
v -0.088138014 0.20580426 0.07686165
v -0.09941435 0.20825565 0.07735193
v -0.115103185 0.21266812 0.078332484
v -0.10578793 0.20335287 0.07735193
v -0.10578793 0.20286259 0.07686165
v -0.10333657 0.20531398 0.077842206
v -0.115103185 0.20776537 0.078332484
v -0.12098649 0.20335287 0.07882276
v -0.12098649 0.20237234 0.078332484
v -0.11902541 0.20531398 0.07882276
v -0.13030174 0.20776537 0.08127415
v -0.13030174 0.21266812 0.08176443
v -0.14599058 0.21266812 0.08470607
v -0.13618505 0.20335287 0.08127415
v -0.13618505 0.20237234 0.080293596
v -0.13422397 0.20531398 0.08176443
v -0.14599058 0.20776537 0.08421579
v -0.16118914 0.21217784 0.087647736
v -0.15187389 0.20286259 0.08421579
v -0.15187389 0.20237234 0.083235234
v -0.14844197 0.20531398 0.08470607
v -0.16118914 0.20776537 0.08715746
v -0.17687798 0.21217784 0.08862829
v -0.16707245 0.20286259 0.08715746
v -0.16707245 0.20237234 0.08666718
v -0.182271 0.20237234 0.08862829
v -0.1597183 0.2048237 0.08666718
v -0.18276128 0.20286259 0.08911857
v -0.18864459 0.19697928 0.083235234
v -0.19207653 0.21217784 0.08666718
v -0.19207653 0.19697928 0.082744986
v -0.18276128 0.1866835 0.07441029
v -0.182271 0.1866835 0.07441029
v -0.18521267 0.19109598 0.077842206
v -0.18864459 0.182271 0.06950751
v -0.19207653 0.182271 0.06901723
v -0.18276128 0.17099467 0.063133925
v -0.182271 0.17099467 0.063133925
v -0.18423212 0.18423212 0.0719589
v -0.1866835 0.17981964 0.06754643
v -0.18864459 0.16707245 0.06215337
v -0.19207653 0.16707245 0.06215337
v -0.18864459 0.15187389 0.056270063
v -0.19207653 0.15187389 0.05676034
v -0.19207653 0.1371656 0.05430895
v -0.18276128 0.15530583 0.057740897
v -0.182271 0.15530583 0.057740897
v -0.1847224 0.17148495 0.0636242
v -0.18717378 0.16658217 0.06166309
v -0.18276128 0.139617 0.05430895
v -0.182271 0.139617 0.05430895
v -0.1847224 0.15432528 0.05725062
v -0.18276128 0.12392816 0.053328395
v -0.182271 0.12392816 0.053328395
v -0.1866835 0.15285444 0.05676034
v -0.1847224 0.13912672 0.05430895
v -0.18276128 0.10823932 0.053818673
v -0.182271 0.10823932 0.053818673
v -0.1866835 0.13765588 0.05430895
v -0.1847224 0.12343788 0.053328395
v -0.18276128 0.09255049 0.055289507
v -0.182271 0.09255049 0.055289507
v -0.18864459 0.1371656 0.05430895
v -0.19207653 0.12196705 0.053328395
v -0.1866835 0.122457325 0.053328395
v -0.1847224 0.107749045 0.053818673
v -0.18864459 0.12196705 0.053328395
v -0.19207653 0.10676849 0.053818673
v -0.18276128 0.07686165 0.058231175
v -0.182271 0.07686165 0.058231175
v -0.1866835 0.10725877 0.053818673
v -0.18864459 0.10676849 0.053818673
v -0.19207653 0.09206021 0.05479923
v -0.1847224 0.09255049 0.055289507
v -0.1866835 0.09206021 0.05479923
v -0.18864459 0.09206021 0.05479923
v -0.1847224 0.07686165 0.057740897
v -0.18276128 0.06166309 0.060682535
v -0.182271 0.06166309 0.060682535
v -0.18864459 0.07686165 0.057740897
v -0.19207653 0.07686165 0.05725062
v -0.19207653 0.06166309 0.05970201
v -0.1866835 0.07686165 0.057740897
v -0.18864459 0.06166309 0.060192287
v -0.19207653 0.04695481 0.060682535
v -0.1847224 0.06166309 0.060682535
v -0.1866835 0.06166309 0.060192287
v -0.18864459 0.04695481 0.061172813
v -0.19207653 0.031756252 0.06166309
v -0.1866835 0.046464533 0.061172813
v -0.1847224 0.045974255 0.06166309
v -0.18864459 0.031756252 0.06215337
v -0.18864459 0.016557693 0.063133925
v -0.19207653 0.016557693 0.06264365
v -0.19207653 0.0018494129 0.06411448
v -0.1866835 0.031265974 0.06264365
v -0.18276128 0.045974255 0.06215337
v -0.182271 0.045974255 0.06215337
v -0.1847224 0.030775696 0.06264365
v -0.18276128 0.030285448 0.063133925
v -0.182271 0.030285448 0.063133925
v -0.18717378 0.016067415 0.0636242
v -0.18864459 0.0008688569 0.06460476
v -0.18276128 0.014596611 0.06411448
v -0.182271 0.014596611 0.06411448
v -0.18521267 0.015086889 0.0636242
v -0.18276128 -0.0010922253 0.065585315
v -0.182271 -0.0010922253 0.065585315
v -0.19011542 -0.013839409 0.065585315
v -0.18962514 0.0008688569 0.06460476
v -0.18766403 0.0003786087 0.06460476
v -0.19746956 -0.012858853 0.06460476
v -0.20041123 -0.010897756 0.06411448
v -0.1906057 -0.013349131 0.065585315
v -0.19550845 -0.012858853 0.06460476
v -0.19305709 -0.013349131 0.06509504
v -0.1989404 -0.026096314 0.06656587
v -0.19845012 -0.026586592 0.06656587
v -0.20531398 -0.025606036 0.065585315
v -0.20825565 -0.023644939 0.06460476
v -0.20335287 -0.025606036 0.06607559
v -0.20090151 -0.026096314 0.06607559
v -0.20678481 -0.03933376 0.068036675
v -0.20629454 -0.03933376 0.068036675
v -0.21364868 -0.03835322 0.068036675
v -0.21610007 -0.036392108 0.06754643
v -0.21119729 -0.038843483 0.068036675
v -0.20874593 -0.038843483 0.068036675
v -0.21511951 -0.052080944 0.06950751
v -0.21413895 -0.052080944 0.06950751
v -0.2214931 -0.05110039 0.06901723
v -0.22443476 -0.04913929 0.06901723
v -0.23227918 -0.06188646 0.06999779
v -0.2190417 -0.051590666 0.06901723
v -0.21659034 -0.051590666 0.06901723
v -0.22296393 -0.06482813 0.070488065
v -0.22247365 -0.06482813 0.070488065
v -0.23031807 -0.077575296 0.07097834
v -0.22443476 -0.06433785 0.070488065
v -0.22688612 -0.06433785 0.06999779
v -0.22933751 -0.06384757 0.06999779
v -0.23129863 -0.077575296 0.07097834
v -0.23718193 -0.0756142 0.07097834
v -0.24012357 -0.07463364 0.07097834
v -0.24110413 -0.09032248 0.070488065
v -0.23227918 -0.07708502 0.07097834
v -0.22982779 -0.078065574 0.07097834
v -0.2317889 -0.092773855 0.06999779
v -0.23080835 -0.092773855 0.06999779
v -0.23767221 -0.09032248 0.070488065
v -0.23276943 -0.09228358 0.06999779
v -0.23522082 -0.09130302 0.06999779
v -0.23816249 -0.106011316 0.06950751
v -0.2415944 -0.106011316 0.06950751
v -0.23227918 -0.10797241 0.06901723
v -0.2317889 -0.10797241 0.06901723
v -0.23374999 -0.10699186 0.06901723
v -0.23620138 -0.10650158 0.06950751
v -0.23865277 -0.12170014 0.06901723
v -0.24208468 -0.12120986 0.06901723
v -0.23276943 -0.122680694 0.06852695
v -0.23227918 -0.122680694 0.06852695
v -0.23424026 -0.122190416 0.06852695
v -0.23669165 -0.12120986 0.06852695
v -0.23963332 -0.1368987 0.06852695
v -0.24257499 -0.1368987 0.06852695
v -0.24355555 -0.15258753 0.06950751
v -0.23473054 -0.15307781 0.06901723
v -0.2440458 -0.16827637 0.06999779
v -0.23080835 -0.16239306 0.06950751
v -0.23669165 -0.13248621 0.06852695
v -0.23473054 -0.13738897 0.06852695
v -0.23374999 -0.13787925 0.06852695
v -0.23276943 -0.13787925 0.06852695
v -0.23276943 -0.1491556 0.06901723
v -0.23424026 -0.15258753 0.06901723
v -0.23325971 -0.15258753 0.06901723
v -0.23325971 -0.15307781 0.06901723
v -0.21855143 -0.15356809 0.06950751
v -0.21757087 -0.15700002 0.06950751
v -0.20433342 -0.1511167 0.06950751
v -0.21855143 -0.15013614 0.06901723
v -0.22002226 -0.1471945 0.06901723
v -0.20678481 -0.14131118 0.06852695
v -0.20531398 -0.14817505 0.06901723
v -0.1906057 -0.1452334 0.06901723
v -0.20531398 -0.14425284 0.06901723
v -0.19305709 -0.13542786 0.06852695
v -0.19207653 -0.14229174 0.06901723
v -0.17736825 -0.13984036 0.06901723
v -0.19207653 -0.13885981 0.06852695
v -0.17981964 -0.13003483 0.06852695
v -0.17883909 -0.1368987 0.06852695
v -0.1641308 -0.13395704 0.06852695
v -0.17883909 -0.1329765 0.06852695
v -0.16658217 -0.12415153 0.068036675
v -0.16560161 -0.13101539 0.06852695
v -0.15089333 -0.128564 0.06852695
v -0.16511133 -0.12709318 0.06852695
v -0.15334472 -0.118758485 0.068036675
v -0.15236416 -0.12513207 0.06852695
v -0.15187389 -0.12170014 0.068036675
v -0.139617 -0.11287518 0.068036675
v -0.13912672 -0.11973904 0.068036675
v -0.13765588 -0.122680694 0.06852695
v -0.13863644 -0.11581683 0.068036675
v -0.12637955 -0.10699186 0.06754643
v -0.125399 -0.11385572 0.068036675
v -0.12441844 -0.11728765 0.068036675
v -0.11118099 -0.111404344 0.06754643
v -0.124908715 -0.11042379 0.068036675
v -0.11167127 -0.10797241 0.06754643
v -0.11216155 -0.10454048 0.06754643
v -0.11314207 -0.10159883 0.06754643
v -0.09745327 -0.10159883 0.06754643
v -0.09745327 -0.10454048 0.06705615
v -0.08176443 -0.10159883 0.06705615
v -0.095492154 -0.10797241 0.06705615
v -0.095492154 -0.111404344 0.06754643
v -0.08176443 -0.10454048 0.06656587
v -0.080293596 -0.10797241 0.06705615
v -0.080293596 -0.111404344 0.06705615
v -0.06509504 -0.111404344 0.06705615
v -0.06607559 -0.10454048 0.06656587
v -0.06607559 -0.10159883 0.06656587
v -0.06509504 -0.10797241 0.06656587
v -0.04989648 -0.111404344 0.06656587
v -0.050386757 -0.10454048 0.06656587
v -0.050386757 -0.10159883 0.06656587
v -0.04989648 -0.10797241 0.06656587
v -0.034207642 -0.111404344 0.06656587
v -0.03469792 -0.10454048 0.06607559
v -0.03469792 -0.10159883 0.06607559
v -0.034207642 -0.10797241 0.06656587
v -0.019009084 -0.111404344 0.06656587
v -0.019009084 -0.10454048 0.06607559
v -0.019009084 -0.10159883 0.06607559
v -0.019009084 -0.10797241 0.06607559
v -0.003810525 -0.111404344 0.06656587
v -0.003810525 -0.10797241 0.06656587
v 0.011388034 -0.111404344 0.06656587
v -0.003810525 -0.10454048 0.06607559
v -0.003810525 -0.10110855 0.06607559
v 0.011388034 -0.10797241 0.06607559
v 0.026586592 -0.111404344 0.06656587
v 0.011878312 -0.10454048 0.06607559
v 0.011878312 -0.10110855 0.06607559
v 0.026586592 -0.10797241 0.06607559
v 0.04227543 -0.111404344 0.06705615
v 0.027567133 -0.10454048 0.06607559
v 0.027567133 -0.10110855 0.065585315
v 0.04227543 -0.10797241 0.06607559
v 0.057473972 -0.111404344 0.06705615
v 0.057473972 -0.10797241 0.06656587
v 0.07267253 -0.111404344 0.06705615
v 0.04325597 -0.10454048 0.065585315
v 0.04325597 -0.10110855 0.065585315
v 0.058944806 -0.10454048 0.06607559
v 0.058944806 -0.10110855 0.065585315
v 0.07463364 -0.10454048 0.06607559
v 0.07463364 -0.10110855 0.065585315
v 0.07267253 -0.10797241 0.06656587
v 0.08787109 -0.111404344 0.06705615
v 0.09032248 -0.10454048 0.06607559
v 0.09032248 -0.10110855 0.065585315
v 0.07610448 -0.10699186 0.06607559
v 0.08787109 -0.10797241 0.06656587
v 0.103559926 -0.111404344 0.068036675
v 0.106011316 -0.10454048 0.06607559
v 0.106011316 -0.10110855 0.065585315
v 0.09228358 -0.10650158 0.06607559
v 0.103559926 -0.10797241 0.06705615
v 0.118758485 -0.111404344 0.06754643
v 0.12120986 -0.10454048 0.065585315
v 0.12120986 -0.10110855 0.065585315
v 0.10797241 -0.10650158 0.06656587
v 0.118758485 -0.10797241 0.06656587
v 0.13395704 -0.111404344 0.06754643
v 0.1368987 -0.10454048 0.065585315
v 0.1368987 -0.10110855 0.06509504
v 0.12317097 -0.10650158 0.06607559
v 0.13395704 -0.10797241 0.06656587
v 0.1491556 -0.111404344 0.06754643
v 0.15258753 -0.10454048 0.06509504
v 0.15258753 -0.10110855 0.06509504
v 0.13885981 -0.10650158 0.06607559
v 0.1491556 -0.10797241 0.06607559
v 0.16435416 -0.111404344 0.06950751
v 0.16827637 -0.10454048 0.06754643
v 0.16827637 -0.10110855 0.06705615
v 0.15454865 -0.10650158 0.06607559
v 0.16435416 -0.10797241 0.068036675
v 0.18004298 -0.111404344 0.07244918
v 0.1839652 -0.10454048 0.06999779
v 0.1839652 -0.10110855 0.06999779
v 0.1717083 -0.10650158 0.06901723
v 0.18004298 -0.10797241 0.07097834
v 0.19524156 -0.111404344 0.075390816
v 0.19965404 -0.10454048 0.072939456
v 0.19965404 -0.10110855 0.07244918
v 0.1859263 -0.10650158 0.07146862
v 0.19524156 -0.10797241 0.07392001
v 0.2104401 -0.111404344 0.075881094
v 0.21534286 -0.10454048 0.07637137
v 0.21534286 -0.10110855 0.075881094
v 0.20112486 -0.10650158 0.07441029
v 0.2104401 -0.10797241 0.075881094
v 0.22563866 -0.111404344 0.07931304
v 0.21632342 -0.10650158 0.07637137
v 0.22563866 -0.10797241 0.07882276
v 0.2413275 -0.11091407 0.083235234
v 0.2310317 -0.10454048 0.080293596
v 0.2310317 -0.10110855 0.07980332
v 0.23005114 -0.106011316 0.07980332
v 0.2413275 -0.10797241 0.082744986
v 0.25652605 -0.11091407 0.08666718
v 0.24672054 -0.10257937 0.08372551
v 0.23887612 -0.10503076 0.08225471
vt 0.67619544 0.7307284
vt 0.67619544 0.7319966
vt 0.6812683 0.7358012
vt 0.6812683 0.734533
vt 0.6850729 0.73960584
vt 0.6863411 0.73960584
vt 0.69014573 0.74341047
vt 0.69014573 0.74341047
vt 0.69521856 0.7472151
vt 0.69521856 0.7472151
vt 0.7002914 0.7510197
vt 0.7002914 0.7510197
vt 0.704096 0.75482434
vt 0.704096 0.75482434
vt 0.70916885 0.75862896
vt 0.70916885 0.75862896
vt 0.7142417 0.7637018
vt 0.7142417 0.7624336
vt 0.7180463 0.7675064
vt 0.7193145 0.7675064
vt 0.72311914 0.77131104
vt 0.72311914 0.77131104
vt 0.72311914 0.77131104
vt 0.72311914 0.77131104
vt 0.728192 0.77131104
vt 0.7294602 0.77131104
vt 0.734533 0.77131104
vt 0.734533 0.77131104
vt 0.73960584 0.77131104
vt 0.73960584 0.77131104
vt 0.7446787 0.77131104
vt 0.7446787 0.77131104
vt 0.7510197 0.77131104
vt 0.7510197 0.77131104
vt 0.75609255 0.77131104
vt 0.75609255 0.77131104
vt 0.7611654 0.77131104
vt 0.7611654 0.77131104
vt 0.7662382 0.77131104
vt 0.7675064 0.77131104
vt 0.77257925 0.77131104
vt 0.77257925 0.77131104
vt 0.7776521 0.77131104
vt 0.7776521 0.77131104
vt 0.7827249 0.77131104
vt 0.7827249 0.77131104
vt 0.78779775 0.77131104
vt 0.78906596 0.77131104
vt 0.7941388 0.77131104
vt 0.7941388 0.77131104
vt 0.7992116 0.77131104
vt 0.7992116 0.77131104
vt 0.80428445 0.77131104
vt 0.80428445 0.77131104
vt 0.8106255 0.77131104
vt 0.8106255 0.77131104
vt 0.8156983 0.77131104
vt 0.8156983 0.77131104
vt 0.82077116 0.77131104
vt 0.82077116 0.77131104
vt 0.825844 0.77131104
vt 0.8271122 0.77131104
vt 0.83218503 0.77131104
vt 0.83218503 0.77131104
vt 0.83725786 0.77131104
vt 0.83725786 0.77131104
vt 0.8423307 0.77131104
vt 0.8423307 0.77131104
vt 0.84867173 0.77131104
vt 0.84867173 0.77131104
vt 0.85374457 0.77131104
vt 0.85374457 0.77131104
vt 0.85374457 0.77131104
vt 0.85374457 0.77131104
vt 0.85374457 0.7814567
vt 0.85374457 0.7801885
vt 0.85374457 0.79033417
vt 0.85374457 0.79033417
vt 0.85374457 0.8004798
vt 0.85374457 0.8004798
vt 0.85374457 0.8106255
vt 0.85374457 0.8093573
vt 0.85374457 0.81950295
vt 0.85374457 0.81950295
vt 0.85374457 0.8296486
vt 0.85374457 0.8296486
vt 0.85374457 0.8296486
vt 0.85374457 0.8296486
vt 0.85247636 0.83852607
vt 0.85247636 0.83852607
vt 0.84993994 0.8474035
vt 0.85120815 0.8474035
vt 0.84867173 0.856281
vt 0.84867173 0.856281
vt 0.8474035 0.86515844
vt 0.8474035 0.86515844
vt 0.8461353 0.8753041
vt 0.8461353 0.8740359
vt 0.8435989 0.88418156
vt 0.8448671 0.88418156
vt 0.8423307 0.893059
vt 0.8423307 0.893059
vt 0.8423307 0.893059
vt 0.8423307 0.893059
vt 0.8423307 0.9032047
vt 0.8423307 0.9032047
vt 0.8423307 0.91461855
vt 0.8423307 0.91335034
vt 0.8423307 0.9247642
vt 0.8423307 0.9247642
vt 0.8423307 0.9349099
vt 0.8423307 0.9349099
vt 0.8423307 0.94632375
vt 0.8423307 0.94632375
vt 0.8423307 0.9564694
vt 0.8423307 0.9564694
vt 0.8423307 0.9678833
vt 0.8423307 0.9678833
vt 0.8423307 0.97802895
vt 0.8423307 0.97802895
vt 0.8423307 0.9894428
vt 0.8423307 0.9881746
vt 0.8423307 0.9995885
vt 0.8423307 0.9995885
vt 0.8423307 0.9995885
vt 0.8423307 0.9995885
vt 0.83725786 0.9995885
vt 0.83725786 0.9995885
vt 0.8309168 0.9995885
vt 0.8309168 0.9995885
vt 0.825844 0.9995885
vt 0.825844 0.9995885
vt 0.82077116 0.9995885
vt 0.82077116 0.9995885
vt 0.8144301 0.9995885
vt 0.8144301 0.9995885
vt 0.8093573 0.9995885
vt 0.8093573 0.9995885
vt 0.80428445 0.9995885
vt 0.80428445 0.9983203
vt 0.7979434 0.9995885
vt 0.7979434 0.9983203
vt 0.7928706 0.9995885
vt 0.7928706 0.9983203
vt 0.78779775 0.9983203
vt 0.78779775 0.9983203
vt 0.7814567 0.9983203
vt 0.7827249 0.9983203
vt 0.7763839 0.9983203
vt 0.7763839 0.9983203
vt 0.77131104 0.9983203
vt 0.77131104 0.9983203
vt 0.76497 0.9983203
vt 0.7662382 0.9983203
vt 0.7598972 0.9983203
vt 0.7598972 0.9983203
vt 0.75482434 0.9983203
vt 0.75482434 0.9983203
vt 0.7497515 0.9983203
vt 0.7497515 0.9983203
vt 0.74341047 0.9983203
vt 0.74341047 0.9983203
vt 0.73833764 0.9983203
vt 0.73833764 0.9983203
vt 0.7332648 0.9983203
vt 0.7332648 0.9983203
vt 0.72692376 0.9983203
vt 0.72692376 0.9983203
vt 0.72185093 0.9983203
vt 0.72185093 0.9983203
vt 0.7167781 0.9983203
vt 0.7167781 0.9983203
vt 0.71043706 0.9983203
vt 0.71170527 0.9983203
vt 0.7053642 0.9983203
vt 0.7053642 0.9970521
vt 0.7002914 0.9983203
vt 0.7002914 0.9970521
vt 0.69395036 0.9983203
vt 0.69521856 0.9970521
vt 0.69521856 0.9970521
vt 0.69395036 0.9983203
vt 0.69395036 0.9869064
vt 0.69521856 0.9869064
vt 0.69521856 0.9869064
vt 0.69395036 0.9869064
vt 0.69395036 0.97676075
vt 0.69521856 0.97676075
vt 0.69395036 0.9666151
vt 0.69521856 0.9653469
vt 0.69395036 0.9552012
vt 0.69521856 0.9552012
vt 0.69395036 0.94505554
vt 0.69521856 0.94505554
vt 0.69395036 0.9349099
vt 0.69521856 0.9349099
vt 0.69395036 0.923496
vt 0.69521856 0.923496
vt 0.69395036 0.91335034
vt 0.69521856 0.91335034
vt 0.69395036 0.9032047
vt 0.69521856 0.9032047
vt 0.69395036 0.893059
vt 0.69521856 0.8917908
vt 0.69395036 0.88164514
vt 0.69521856 0.88164514
vt 0.69395036 0.8714995
vt 0.69521856 0.8714995
vt 0.69395036 0.8613538
vt 0.69521856 0.8600856
vt 0.69395036 0.84993994
vt 0.69521856 0.84993994
vt 0.69521856 0.84993994
vt 0.69395036 0.84993994
vt 0.69141394 0.8410625
vt 0.69141394 0.8410625
vt 0.6888775 0.83218503
vt 0.6888775 0.83218503
vt 0.6863411 0.8233076
vt 0.6863411 0.8233076
vt 0.6838047 0.8144301
vt 0.6838047 0.8144301
vt 0.68000007 0.80555266
vt 0.68000007 0.80555266
vt 0.67746365 0.7966752
vt 0.67746365 0.7966752
vt 0.67746365 0.7966752
vt 0.67746365 0.7966752
vt 0.67746365 0.78526133
vt 0.67746365 0.78526133
vt 0.67746365 0.77511567
vt 0.67746365 0.77511567
vt 0.67746365 0.7637018
vt 0.67746365 0.7637018
vt 0.67619544 0.75355613
vt 0.67619544 0.75355613
vt 0.67619544 0.74214226
vt 0.67619544 0.74214226
vt 0.67619544 0.7319966
vt 0.67619544 0.7307284
vt 0.84993994 0.78779775
vt 0.84993994 0.7776521
vt 0.84993994 0.7776521
vt 0.84993994 0.78779775
vt 0.84993994 0.7979434
vt 0.84993994 0.7979434
vt 0.84993994 0.8080891
vt 0.84993994 0.8080891
vt 0.84993994 0.81823474
vt 0.84993994 0.81823474
vt 0.84993994 0.8283804
vt 0.84993994 0.8283804
vt 0.84993994 0.7776521
vt 0.84993994 0.7776521
vt 0.8448671 0.7776521
vt 0.8448671 0.7776521
vt 0.83852607 0.7776521
vt 0.83852607 0.7776521
vt 0.83345324 0.7776521
vt 0.83345324 0.7776521
vt 0.8283804 0.7776521
vt 0.8283804 0.7776521
vt 0.82203937 0.7776521
vt 0.82203937 0.7776521
vt 0.81696653 0.7776521
vt 0.81696653 0.7776521
vt 0.8106255 0.7776521
vt 0.8118937 0.7776521
vt 0.80555266 0.7776521
vt 0.80555266 0.7776521
vt 0.8004798 0.7776521
vt 0.8004798 0.7776521
vt 0.7941388 0.7776521
vt 0.795407 0.7776521
vt 0.78906596 0.7776521
vt 0.78906596 0.7776521
vt 0.7839931 0.7776521
vt 0.7839931 0.7776521
vt 0.7776521 0.7776521
vt 0.7776521 0.7776521
vt 0.77257925 0.7776521
vt 0.77257925 0.7776521
vt 0.7675064 0.7776521
vt 0.7675064 0.7776521
vt 0.7611654 0.7776521
vt 0.7611654 0.7776521
vt 0.75609255 0.7776521
vt 0.75609255 0.7776521
vt 0.7497515 0.7776521
vt 0.7510197 0.7776521
vt 0.7446787 0.7776521
vt 0.7446787 0.7776521
vt 0.73960584 0.7776521
vt 0.73960584 0.7776521
vt 0.7332648 0.7776521
vt 0.7332648 0.7776521
vt 0.728192 0.7776521
vt 0.728192 0.7776521
vt 0.72311914 0.7776521
vt 0.72311914 0.7776521
vt 0.72311914 0.7776521
vt 0.72311914 0.7776521
vt 0.7180463 0.77384746
vt 0.7180463 0.77384746
vt 0.7129735 0.77004284
vt 0.7129735 0.77004284
vt 0.70790064 0.7662382
vt 0.70916885 0.7662382
vt 0.704096 0.7624336
vt 0.704096 0.7624336
vt 0.6990232 0.75862896
vt 0.6990232 0.75736076
vt 0.69395036 0.75355613
vt 0.69395036 0.75355613
vt 0.6888775 0.7497515
vt 0.69014573 0.7497515
vt 0.6850729 0.7459469
vt 0.6850729 0.7459469
vt 0.68000007 0.74214226
vt 0.68000007 0.74214226
vt 0.68000007 0.74214226
vt 0.68000007 0.74214226
vt 0.68000007 0.7522879
vt 0.68000007 0.7522879
vt 0.68000007 0.7637018
vt 0.68000007 0.7624336
vt 0.68000007 0.77384746
vt 0.6812683 0.77384746
vt 0.6812683 0.7839931
vt 0.6812683 0.7839931
vt 0.6812683 0.7941388
vt 0.6812683 0.7941388
vt 0.6812683 0.7941388
vt 0.6812683 0.7941388
vt 0.6838047 0.80301625
vt 0.6838047 0.80301625
vt 0.6863411 0.8118937
vt 0.6863411 0.8118937
vt 0.69014573 0.82203937
vt 0.69014573 0.82077116
vt 0.69268215 0.8309168
vt 0.69268215 0.8296486
vt 0.69521856 0.8397943
vt 0.69521856 0.8397943
vt 0.697755 0.84867173
vt 0.697755 0.84867173
vt 0.697755 0.84867173
vt 0.697755 0.84867173
vt 0.697755 0.8588174
vt 0.697755 0.8588174
vt 0.697755 0.8702313
vt 0.697755 0.8702313
vt 0.697755 0.88164514
vt 0.697755 0.88037694
vt 0.697755 0.8917908
vt 0.697755 0.8917908
vt 0.697755 0.9032047
vt 0.697755 0.9032047
vt 0.697755 0.91461855
vt 0.697755 0.91335034
vt 0.697755 0.9247642
vt 0.697755 0.9247642
vt 0.697755 0.9361781
vt 0.697755 0.9361781
vt 0.697755 0.94632375
vt 0.697755 0.94632375
vt 0.697755 0.9577376
vt 0.697755 0.9577376
vt 0.697755 0.9691515
vt 0.697755 0.9691515
vt 0.697755 0.97929716
vt 0.697755 0.97929716
vt 0.697755 0.99071103
vt 0.697755 0.99071103
vt 0.697755 0.99071103
vt 0.697755 0.99071103
vt 0.704096 0.99071103
vt 0.704096 0.99071103
vt 0.70916885 0.99071103
vt 0.70916885 0.99071103
vt 0.7142417 0.99071103
vt 0.7142417 0.99071103
vt 0.7193145 0.99071103
vt 0.7193145 0.99071103
vt 0.72565556 0.99071103
vt 0.72565556 0.99071103
vt 0.7307284 0.99071103
vt 0.7307284 0.99071103
vt 0.7358012 0.99071103
vt 0.7358012 0.99071103
vt 0.74087405 0.99071103
vt 0.74214226 0.99071103
vt 0.7472151 0.99197924
vt 0.7472151 0.99071103
vt 0.7522879 0.99197924
vt 0.7522879 0.99071103
vt 0.75736076 0.99197924
vt 0.75736076 0.99071103
vt 0.7624336 0.99197924
vt 0.7637018 0.99197924
vt 0.7687746 0.99197924
vt 0.7687746 0.99197924
vt 0.77384746 0.99197924
vt 0.77384746 0.99197924
vt 0.7789203 0.99197924
vt 0.7789203 0.99197924
vt 0.7839931 0.99197924
vt 0.78526133 0.99197924
vt 0.79033417 0.99197924
vt 0.79033417 0.99197924
vt 0.795407 0.99197924
vt 0.795407 0.99197924
vt 0.8004798 0.99197924
vt 0.8004798 0.99197924
vt 0.80555266 0.99197924
vt 0.80682087 0.99197924
vt 0.8118937 0.99197924
vt 0.8118937 0.99197924
vt 0.81696653 0.99197924
vt 0.81696653 0.99197924
vt 0.82203937 0.99197924
vt 0.82203937 0.99197924
vt 0.8283804 0.99197924
vt 0.8283804 0.99197924
vt 0.83345324 0.99197924
vt 0.83345324 0.99197924
vt 0.83852607 0.99197924
vt 0.83852607 0.99197924
vt 0.83852607 0.99197924
vt 0.83852607 0.99197924
vt 0.83852607 0.9818336
vt 0.83852607 0.9818336
vt 0.83852607 0.9729561
vt 0.83852607 0.9716879
vt 0.83852607 0.96281046
vt 0.83852607 0.96154225
vt 0.83852607 0.9526648
vt 0.83852607 0.9513966
vt 0.83852607 0.9425191
vt 0.83852607 0.9412509
vt 0.83852607 0.93237346
vt 0.83852607 0.93237346
vt 0.83852607 0.9222278
vt 0.83852607 0.9222278
vt 0.83852607 0.91208214
vt 0.83852607 0.91208214
vt 0.83852607 0.9019365
vt 0.83852607 0.9019365
vt 0.83852607 0.8917908
vt 0.83852607 0.8917908
vt 0.83852607 0.8917908
vt 0.83852607 0.8917908
vt 0.8410625 0.88291335
vt 0.8410625 0.88291335
vt 0.8423307 0.8740359
vt 0.8423307 0.8727677
vt 0.8435989 0.86515844
vt 0.8435989 0.86389023
vt 0.8448671 0.8550128
vt 0.8461353 0.8550128
vt 0.8474035 0.8461353
vt 0.8474035 0.8461353
vt 0.84867173 0.83725786
vt 0.84867173 0.83725786
vt 0.84993994 0.8283804
vt 0.84993994 0.8283804
vt 0.85120815 0.81823474
vt 0.84993994 0.81823474
vt 0.84993994 0.8283804
vt 0.84993994 0.8080891
vt 0.85120815 0.8080891
vt 0.84993994 0.7979434
vt 0.85120815 0.7979434
vt 0.84993994 0.78779775
vt 0.85120815 0.8106255
vt 0.85120815 0.78779775
vt 0.84993994 0.7776521
vt 0.85247636 0.79033417
vt 0.85247636 0.8004798
vt 0.85374457 0.79033417
vt 0.85374457 0.7814567
vt 0.85374457 0.8004798
vt 0.85247636 0.8106255
vt 0.85374457 0.8106255
vt 0.85120815 0.81950295
vt 0.85247636 0.81950295
vt 0.85374457 0.81950295
vt 0.85120815 0.8283804
vt 0.85247636 0.8296486
vt 0.85374457 0.8296486
vt 0.85247636 0.83852607
vt 0.85120815 0.83725786
vt 0.84993994 0.8474035
vt 0.85120815 0.8283804
vt 0.84993994 0.83852607
vt 0.84993994 0.83852607
vt 0.84867173 0.83725786
vt 0.84993994 0.8474035
vt 0.8474035 0.8474035
vt 0.8474035 0.8461353
vt 0.84867173 0.8474035
vt 0.8474035 0.856281
vt 0.84867173 0.856281
vt 0.8461353 0.856281
vt 0.8448671 0.8550128
vt 0.8474035 0.856281
vt 0.8461353 0.86515844
vt 0.8474035 0.86515844
vt 0.8448671 0.86515844
vt 0.8435989 0.86515844
vt 0.8423307 0.8740359
vt 0.8461353 0.86515844
vt 0.8448671 0.8740359
vt 0.8461353 0.8753041
vt 0.8435989 0.8740359
vt 0.8410625 0.88291335
vt 0.8435989 0.8740359
vt 0.8423307 0.88291335
vt 0.8435989 0.88418156
vt 0.8423307 0.893059
vt 0.8423307 0.88291335
vt 0.8410625 0.88291335
vt 0.8410625 0.8917908
vt 0.8397943 0.8917908
vt 0.83852607 0.8917908
vt 0.83852607 0.9019365
vt 0.8410625 0.893059
vt 0.8410625 0.9032047
vt 0.8423307 0.9032047
vt 0.8397943 0.9019365
vt 0.83852607 0.91208214
vt 0.8410625 0.9032047
vt 0.8397943 0.91208214
vt 0.83852607 0.9222278
vt 0.8410625 0.91461855
vt 0.8423307 0.91461855
vt 0.8410625 0.91335034
vt 0.8397943 0.9222278
vt 0.83852607 0.93237346
vt 0.8410625 0.9247642
vt 0.8423307 0.9247642
vt 0.8410625 0.923496
vt 0.8397943 0.93237346
vt 0.83852607 0.9425191
vt 0.8410625 0.9349099
vt 0.8423307 0.9349099
vt 0.8410625 0.9336417
vt 0.8397943 0.9425191
vt 0.83852607 0.9526648
vt 0.8410625 0.94632375
vt 0.8423307 0.94632375
vt 0.8410625 0.94505554
vt 0.8397943 0.9526648
vt 0.83852607 0.96281046
vt 0.8410625 0.9564694
vt 0.8423307 0.9564694
vt 0.8397943 0.9564694
vt 0.8397943 0.96281046
vt 0.83852607 0.9729561
vt 0.8410625 0.9678833
vt 0.8423307 0.9678833
vt 0.8397943 0.9729561
vt 0.83852607 0.9818336
vt 0.8397943 0.9691515
vt 0.8410625 0.97802895
vt 0.8423307 0.97802895
vt 0.8410625 0.9894428
vt 0.8423307 0.9894428
vt 0.8423307 0.9995885
vt 0.83725786 0.9995885
vt 0.8397943 0.97929716
vt 0.8397943 0.9818336
vt 0.83852607 0.99197924
vt 0.8397943 0.9869064
vt 0.83852607 0.99324745
vt 0.8309168 0.99578387
vt 0.8309168 0.9995885
vt 0.825844 0.9995885
vt 0.83345324 0.99324745
vt 0.83345324 0.99197924
vt 0.8283804 0.99324745
vt 0.8283804 0.99197924
vt 0.825844 0.99578387
vt 0.82077116 0.9995885
vt 0.8309168 0.99451566
vt 0.8271122 0.99451566
vt 0.82203937 0.99324745
vt 0.82203937 0.99197924
vt 0.82077116 0.99578387
vt 0.8144301 0.9995885
vt 0.82203937 0.99451566
vt 0.81696653 0.99324745
vt 0.81696653 0.99197924
vt 0.8144301 0.99578387
vt 0.8093573 0.9995885
vt 0.8156983 0.99451566
vt 0.8118937 0.99324745
vt 0.8118937 0.99197924
vt 0.8093573 0.99578387
vt 0.80428445 0.9995885
vt 0.8106255 0.99451566
vt 0.80555266 0.99324745
vt 0.80555266 0.99197924
vt 0.80555266 0.99451566
vt 0.8004798 0.99197924
vt 0.8004798 0.99197924
vt 0.80428445 0.99578387
vt 0.795407 0.99197924
vt 0.795407 0.99197924
vt 0.7992116 0.99451566
vt 0.7979434 0.99578387
vt 0.7979434 0.9995885
vt 0.7928706 0.9995885
vt 0.79033417 0.99197924
vt 0.79033417 0.99197924
vt 0.7941388 0.99451566
vt 0.7928706 0.99578387
vt 0.78779775 0.9983203
vt 0.7839931 0.99197924
vt 0.7839931 0.99197924
vt 0.78906596 0.99324745
vt 0.78779775 0.99578387
vt 0.7814567 0.9983203
vt 0.7789203 0.99197924
vt 0.7789203 0.99197924
vt 0.7839931 0.99324745
vt 0.7814567 0.99578387
vt 0.7763839 0.9983203
vt 0.77384746 0.99197924
vt 0.77384746 0.99197924
vt 0.7776521 0.99324745
vt 0.7763839 0.99578387
vt 0.77131104 0.9983203
vt 0.7687746 0.99197924
vt 0.7687746 0.99197924
vt 0.77257925 0.99324745
vt 0.77131104 0.99578387
vt 0.7624336 0.99197924
vt 0.7624336 0.99197924
vt 0.7675064 0.99324745
vt 0.7662382 0.99578387
vt 0.76497 0.9983203
vt 0.7598972 0.9983203
vt 0.7637018 0.99324745
vt 0.7598972 0.99578387
vt 0.75482434 0.9983203
vt 0.75736076 0.99197924
vt 0.75736076 0.99197924
vt 0.75862896 0.99324745
vt 0.75482434 0.99578387
vt 0.7497515 0.9983203
vt 0.7522879 0.99197924
vt 0.7522879 0.99197924
vt 0.75355613 0.99324745
vt 0.7497515 0.99578387
vt 0.74341047 0.9983203
vt 0.7472151 0.99197924
vt 0.7472151 0.99197924
vt 0.7472151 0.99324745
vt 0.74341047 0.99451566
vt 0.73833764 0.9983203
vt 0.74087405 0.99197924
vt 0.74087405 0.99071103
vt 0.74214226 0.99324745
vt 0.73833764 0.99451566
vt 0.7332648 0.9983203
vt 0.7358012 0.99197924
vt 0.7358012 0.99071103
vt 0.7370694 0.99324745
vt 0.7332648 0.99451566
vt 0.72692376 0.9983203
vt 0.7307284 0.99197924
vt 0.7307284 0.99071103
vt 0.7319966 0.99324745
vt 0.72692376 0.99451566
vt 0.72185093 0.9983203
vt 0.72565556 0.99197924
vt 0.72565556 0.99071103
vt 0.72565556 0.99324745
vt 0.72185093 0.99451566
vt 0.7193145 0.99197924
vt 0.7193145 0.99071103
vt 0.7205827 0.99324745
vt 0.7167781 0.99451566
vt 0.7167781 0.9983203
vt 0.71043706 0.9983203
vt 0.7142417 0.99197924
vt 0.7142417 0.99071103
vt 0.7155099 0.99324745
vt 0.71043706 0.99451566
vt 0.7053642 0.9983203
vt 0.70916885 0.99197924
vt 0.70916885 0.99071103
vt 0.71043706 0.99324745
vt 0.7053642 0.99451566
vt 0.7002914 0.9983203
vt 0.704096 0.99071103
vt 0.704096 0.99071103
vt 0.697755 0.99071103
vt 0.70663244 0.99324745
vt 0.697755 0.99071103
vt 0.69521856 0.9869064
vt 0.69395036 0.9983203
vt 0.69395036 0.9869064
vt 0.697755 0.97929716
vt 0.697755 0.97929716
vt 0.6964868 0.9831018
vt 0.69521856 0.97676075
vt 0.69395036 0.97676075
vt 0.697755 0.9691515
vt 0.697755 0.9691515
vt 0.697755 0.97802895
vt 0.6964868 0.97549254
vt 0.69521856 0.9666151
vt 0.69395036 0.9666151
vt 0.69521856 0.9552012
vt 0.69395036 0.9552012
vt 0.69395036 0.94505554
vt 0.697755 0.9577376
vt 0.697755 0.9577376
vt 0.697755 0.9691515
vt 0.6964868 0.9653469
vt 0.697755 0.94632375
vt 0.697755 0.94632375
vt 0.697755 0.9577376
vt 0.697755 0.9361781
vt 0.697755 0.9361781
vt 0.6964868 0.9564694
vt 0.697755 0.94632375
vt 0.697755 0.9247642
vt 0.697755 0.9247642
vt 0.6964868 0.94505554
vt 0.697755 0.9361781
vt 0.697755 0.91461855
vt 0.697755 0.91461855
vt 0.69521856 0.94505554
vt 0.69395036 0.9349099
vt 0.6964868 0.9349099
vt 0.697755 0.9247642
vt 0.69521856 0.9349099
vt 0.69395036 0.923496
vt 0.697755 0.9032047
vt 0.697755 0.9032047
vt 0.6964868 0.9247642
vt 0.69521856 0.923496
vt 0.69395036 0.91335034
vt 0.697755 0.91335034
vt 0.6964868 0.91335034
vt 0.69521856 0.91335034
vt 0.697755 0.9032047
vt 0.697755 0.8917908
vt 0.697755 0.8917908
vt 0.69521856 0.9032047
vt 0.69395036 0.9032047
vt 0.69395036 0.893059
vt 0.6964868 0.9032047
vt 0.69521856 0.893059
vt 0.69395036 0.88164514
vt 0.697755 0.8917908
vt 0.6964868 0.8917908
vt 0.69521856 0.88164514
vt 0.69395036 0.8714995
vt 0.6964868 0.88164514
vt 0.697755 0.88164514
vt 0.69521856 0.8714995
vt 0.69521856 0.8613538
vt 0.69395036 0.8613538
vt 0.69395036 0.84993994
vt 0.6964868 0.8714995
vt 0.697755 0.88164514
vt 0.697755 0.88164514
vt 0.697755 0.8702313
vt 0.697755 0.8702313
vt 0.697755 0.8702313
vt 0.6964868 0.8600856
vt 0.69521856 0.84993994
vt 0.697755 0.8588174
vt 0.697755 0.8588174
vt 0.6964868 0.8600856
vt 0.697755 0.84867173
vt 0.697755 0.84867173
vt 0.69521856 0.8397943
vt 0.69521856 0.84993994
vt 0.6964868 0.84993994
vt 0.69268215 0.8397943
vt 0.69141394 0.8410625
vt 0.69521856 0.8397943
vt 0.69395036 0.8397943
vt 0.69395036 0.8397943
vt 0.69268215 0.8309168
vt 0.69268215 0.8309168
vt 0.69014573 0.8309168
vt 0.6888775 0.83218503
vt 0.69014573 0.8309168
vt 0.69141394 0.8309168
vt 0.6888775 0.82203937
vt 0.69014573 0.82203937
vt 0.6876093 0.82203937
vt 0.6863411 0.8233076
vt 0.6876093 0.82203937
vt 0.6888775 0.82203937
vt 0.6863411 0.8131619
vt 0.6863411 0.8118937
vt 0.6838047 0.8131619
vt 0.6838047 0.8144301
vt 0.68000007 0.80555266
vt 0.6850729 0.8131619
vt 0.6863411 0.8131619
vt 0.6838047 0.80428445
vt 0.6838047 0.80301625
vt 0.6812683 0.7941388
vt 0.6838047 0.80428445
vt 0.6825365 0.80428445
vt 0.6812683 0.80428445
vt 0.6812683 0.7941388
vt 0.67873186 0.7966752
vt 0.67746365 0.7966752
vt 0.67746365 0.78526133
vt 0.68000007 0.795407
vt 0.6812683 0.7941388
vt 0.68000007 0.7839931
vt 0.6812683 0.7839931
vt 0.67873186 0.78526133
vt 0.68000007 0.7839931
vt 0.68000007 0.78526133
vt 0.67873186 0.77511567
vt 0.67746365 0.77511567
vt 0.68000007 0.77384746
vt 0.68000007 0.77384746
vt 0.68000007 0.77384746
vt 0.67873186 0.77511567
vt 0.67746365 0.7637018
vt 0.67746365 0.7637018
vt 0.68000007 0.7637018
vt 0.68000007 0.7637018
vt 0.68000007 0.7637018
vt 0.67873186 0.7637018
vt 0.67746365 0.75355613
vt 0.67619544 0.75355613
vt 0.67619544 0.74214226
vt 0.68000007 0.74214226
vt 0.67619544 0.7319966
vt 0.6812683 0.7358012
vt 0.67873186 0.75609255
vt 0.68000007 0.7522879
vt 0.68000007 0.7522879
vt 0.68000007 0.7522879
vt 0.68000007 0.7446787
vt 0.68000007 0.74214226
vt 0.68000007 0.74214226
vt 0.68000007 0.74214226
vt 0.6850729 0.74087405
vt 0.6850729 0.73960584
vt 0.69014573 0.74341047
vt 0.6850729 0.74341047
vt 0.6850729 0.7459469
vt 0.6888775 0.7497515
vt 0.69014573 0.7459469
vt 0.69521856 0.7472151
vt 0.69014573 0.7484833
vt 0.69395036 0.75355613
vt 0.69521856 0.7497515
vt 0.7002914 0.7510197
vt 0.69521856 0.7522879
vt 0.6990232 0.75862896
vt 0.6990232 0.75355613
vt 0.704096 0.75482434
vt 0.6990232 0.75609255
vt 0.704096 0.7624336
vt 0.704096 0.75736076
vt 0.70916885 0.75862896
vt 0.704096 0.7598972
vt 0.70790064 0.7662382
vt 0.70916885 0.7611654
vt 0.70916885 0.7637018
vt 0.7129735 0.77004284
vt 0.7129735 0.76497
vt 0.7142417 0.7637018
vt 0.7129735 0.7675064
vt 0.7180463 0.77384746
vt 0.7180463 0.7687746
vt 0.7180463 0.7675064
vt 0.72311914 0.77131104
vt 0.7180463 0.77131104
vt 0.72311914 0.77384746
vt 0.72311914 0.77511567
vt 0.72311914 0.7776521
vt 0.728192 0.7776521
vt 0.728192 0.77511567
vt 0.7332648 0.7776521
vt 0.728192 0.77384746
vt 0.728192 0.77131104
vt 0.7332648 0.7763839
vt 0.734533 0.77384746
vt 0.734533 0.77131104
vt 0.73960584 0.77131104
vt 0.73960584 0.7763839
vt 0.73960584 0.7776521
vt 0.73960584 0.77384746
vt 0.7446787 0.77131104
vt 0.7446787 0.7763839
vt 0.7446787 0.7776521
vt 0.7446787 0.77384746
vt 0.7510197 0.77131104
vt 0.7497515 0.7763839
vt 0.7497515 0.7776521
vt 0.7510197 0.77384746
vt 0.75609255 0.77131104
vt 0.75609255 0.7763839
vt 0.75609255 0.7776521
vt 0.75609255 0.77384746
vt 0.7611654 0.77131104
vt 0.7611654 0.77384746
vt 0.7662382 0.77131104
vt 0.7611654 0.7763839
vt 0.7611654 0.7776521
vt 0.7662382 0.77384746
vt 0.77257925 0.77131104
vt 0.7675064 0.7763839
vt 0.7675064 0.7776521
vt 0.77257925 0.77384746
vt 0.7776521 0.77131104
vt 0.77257925 0.7763839
vt 0.77257925 0.7776521
vt 0.7776521 0.77384746
vt 0.7827249 0.77131104
vt 0.7827249 0.77384746
vt 0.78779775 0.77131104
vt 0.7776521 0.7763839
vt 0.7776521 0.7776521
vt 0.7839931 0.7763839
vt 0.7839931 0.7776521
vt 0.78906596 0.7763839
vt 0.78906596 0.7776521
vt 0.78779775 0.77384746
vt 0.7941388 0.77131104
vt 0.7941388 0.7763839
vt 0.7941388 0.7776521
vt 0.78906596 0.77384746
vt 0.7941388 0.77384746
vt 0.7992116 0.77131104
vt 0.8004798 0.7763839
vt 0.8004798 0.7776521
vt 0.795407 0.77384746
vt 0.7992116 0.77384746
vt 0.80428445 0.77131104
vt 0.80555266 0.7763839
vt 0.80555266 0.7776521
vt 0.8004798 0.77384746
vt 0.80428445 0.77384746
vt 0.8106255 0.77131104
vt 0.8106255 0.7763839
vt 0.8106255 0.7776521
vt 0.80682087 0.77384746
vt 0.8106255 0.77384746
vt 0.8156983 0.77131104
vt 0.81696653 0.7763839
vt 0.81696653 0.7776521
vt 0.8118937 0.77384746
vt 0.8156983 0.77384746
vt 0.82077116 0.77131104
vt 0.82203937 0.7763839
vt 0.82203937 0.7776521
vt 0.81696653 0.77384746
vt 0.82077116 0.77384746
vt 0.825844 0.77131104
vt 0.8283804 0.7763839
vt 0.8283804 0.7776521
vt 0.8233076 0.77384746
vt 0.825844 0.77384746
vt 0.83218503 0.77131104
vt 0.83345324 0.7763839
vt 0.83345324 0.7776521
vt 0.8283804 0.77511567
vt 0.83218503 0.77384746
vt 0.83725786 0.77131104
vt 0.83852607 0.7763839
vt 0.83852607 0.7776521
vt 0.83345324 0.77511567
vt 0.83725786 0.77384746
vt 0.8423307 0.77131104
vt 0.8397943 0.77511567
vt 0.8423307 0.77384746
vt 0.84867173 0.77131104
vt 0.8448671 0.7763839
vt 0.8448671 0.7776521
vt 0.8435989 0.77511567
vt 0.84867173 0.77384746
vt 0.85374457 0.77131104
vt 0.84993994 0.7776521
vt 0.8474035 0.77511567
vn 0.3965289 -0.90408593 0.15935333
vn 0.3965289 -0.90408593 0.15935333
vn 0.3965289 -0.90408593 0.15935333
vn 0.3965289 -0.90408593 0.15935333
vn 0.3965289 -0.90408593 0.15935333
vn 0.3965289 -0.90408593 0.15935333
vn 0.3965289 -0.90408593 0.15935333
vn 0.3965289 -0.90408593 0.15935333
vn 0.3965289 -0.90408593 0.15935333
vn 0.3965289 -0.90408593 0.15935333
vn 0.3965289 -0.90408593 0.15935333
vn 0.3965289 -0.90408593 0.15935333
vn 0.3965289 -0.90408593 0.15935333
vn 0.3965289 -0.90408593 0.15935333
vn 0.3965289 -0.90408593 0.15935333
vn 0.3965289 -0.90408593 0.15935333
vn 0.3965289 -0.90408593 0.15935333
vn 0.3965289 -0.90408593 0.15935333
vn 0.3965289 -0.90408593 0.15935333
vn 0.3965289 -0.90408593 0.15935333
vn 0.3965289 -0.90408593 0.15935333
vn 0.3965289 -0.90408593 0.15935333
vn 0.015861154 -0.99925286 0.0352443
vn 0.015861154 -0.99925286 0.0352443
vn 0.015861154 -0.99925286 0.0352443
vn 0.015861154 -0.99925286 0.0352443
vn 0.015861154 -0.99925286 0.0352443
vn 0.015861154 -0.99925286 0.0352443
vn 0.015861154 -0.99925286 0.0352443
vn 0.015861154 -0.99925286 0.0352443
vn 0.015861154 -0.99925286 0.0352443
vn 0.015861154 -0.99925286 0.0352443
vn 0.015861154 -0.99925286 0.0352443
vn 0.015861154 -0.99925286 0.0352443
vn 0.015861154 -0.99925286 0.0352443
vn 0.015861154 -0.99925286 0.0352443
vn 0.015861154 -0.99925286 0.0352443
vn 0.015861154 -0.99925286 0.0352443
vn 0.015861154 -0.99925286 0.0352443
vn 0.015861154 -0.99925286 0.0352443
vn 0.015861154 -0.99925286 0.0352443
vn 0.015861154 -0.99925286 0.0352443
vn -0.015861213 -0.99925286 0.0352443
vn -0.015861213 -0.99925286 0.0352443
vn 0.015861154 -0.99925286 0.0352443
vn 0.015861154 -0.99925286 0.0352443
vn 0.015861154 -0.99925286 0.0352443
vn 0.015861154 -0.99925286 0.0352443
vn 0.015861154 -0.99925286 0.0352443
vn 0.015861154 -0.99925286 0.0352443
vn -0.015861213 -0.99925286 0.0352443
vn -0.015861213 -0.99925286 0.0352443
vn 0.015861154 -0.99925286 0.0352443
vn 0.015861154 -0.99925286 0.0352443
vn 0.015861154 -0.99925286 0.0352443
vn 0.015861154 -0.99925286 0.0352443
vn 0.015861154 -0.99925286 0.0352443
vn 0.015861154 -0.99925286 0.0352443
vn -0.015861213 -0.99925286 0.0352443
vn -0.015861213 -0.99925286 0.0352443
vn -0.015861213 -0.99925286 0.0352443
vn -0.015861213 -0.99925286 0.0352443
vn -0.015861213 -0.99925286 0.0352443
vn -0.015861213 -0.99925286 0.0352443
vn -0.015861213 -0.99925286 0.0352443
vn -0.015861213 -0.99925286 0.0352443
vn -0.015861213 -0.99925286 0.0352443
vn -0.015861213 -0.99925286 0.0352443
vn -0.015861213 -0.99925286 0.0352443
vn -0.015861213 -0.99925286 0.0352443
vn -0.015861213 -0.99925286 0.0352443
vn -0.015861213 -0.99925286 0.0352443
vn 0.99925286 -0.015861154 0.035244513
vn 0.99925286 -0.015861154 0.035244513
vn 0.99925286 -0.015861154 0.035244513
vn 0.99925286 -0.015861154 0.035244513
vn 0.99925286 -0.015861154 0.035244513
vn 0.99925286 -0.015861154 0.035244513
vn 0.99925286 -0.015861154 0.035244513
vn 0.99925286 -0.015861154 0.035244513
vn 0.99925286 -0.015861154 0.035244513
vn 0.99925286 -0.015861154 0.035244513
vn 0.99925286 -0.015861154 0.035244513
vn 0.99925286 -0.015861154 0.035244513
vn 0.99925286 -0.015861154 0.035244513
vn 0.99925286 -0.015861154 0.035244513
vn 0.93580824 0.30136198 0.1828767
vn 0.93580824 0.30136198 0.1828767
vn 0.93580824 0.30136198 0.1828767
vn 0.93580824 0.30136198 0.1828767
vn 0.93580824 0.30136198 0.1828767
vn 0.93580824 0.30136198 0.1828767
vn 0.93580824 0.3330843 0.11540271
vn 0.93580824 0.3330843 0.11540271
vn 0.93580824 0.3330843 0.11540271
vn 0.93580824 0.3330843 0.11540271
vn 0.93580824 0.3330843 0.11540271
vn 0.93580824 0.3330843 0.11540271
vn 0.93580824 0.3330843 0.11540271
vn 0.93580824 0.3330843 0.11540271
vn 0.93580824 0.3330843 0.11540271
vn 0.93580824 0.3330843 0.11540271
vn 0.99925286 -0.015861154 0.035244513
vn 0.99925286 -0.015861154 0.035244513
vn 0.99925286 -0.015861154 0.035244513
vn 0.99925286 -0.015861154 0.035244513
vn 0.99925286 -0.015861154 0.035244513
vn 0.99925286 -0.015861154 0.035244513
vn 0.99925286 0.015861213 0.035244487
vn 0.99925286 0.015861213 0.035244487
vn 0.99925286 0.015861213 0.035244487
vn 0.99925286 0.015861213 0.035244487
vn 0.9988681 0.0475652 -0
vn 0.9988681 0.0475652 -0
vn 0.99925286 0.015861213 0.035244487
vn 0.99925286 0.015861213 0.035244487
vn 0.99925286 0.015861213 0.035244487
vn 0.99925286 0.015861213 0.035244487
vn 0.99925286 0.015861213 0.035244487
vn 0.99925286 0.015861213 0.035244487
vn 0.99925286 0.015861213 0.035244487
vn 0.99925286 0.015861213 0.035244487
vn 0.99925286 0.015861213 0.035244487
vn 0.99925286 0.015861213 0.035244487
vn -0.015861213 0.99925286 -0.0352443
vn -0.015861213 0.99925286 -0.0352443
vn -0.015861213 0.99925286 -0.0352443
vn -0.015861213 0.99925286 -0.0352443
vn -0.015861213 0.99925286 -0.0352443
vn -0.015861213 0.99925286 -0.0352443
vn -0.015861213 0.99925286 -0.0352443
vn -0.015861213 0.99925286 -0.0352443
vn -0.015861213 0.99925286 -0.0352443
vn -0.015861213 0.99925286 -0.0352443
vn -0.015861213 0.99925286 -0.0352443
vn -0.015861213 0.99925286 -0.0352443
vn -0.015861213 0.99925286 -0.0352443
vn -0.015861213 0.99925286 -0.0352443
vn -0.015861213 0.99925286 -0.0352443
vn -0.015861213 0.99925286 -0.0352443
vn -0.015861213 0.99925286 -0.0352443
vn -0.015861213 0.99925286 -0.0352443
vn -0.015861213 0.99925286 -0.0352443
vn -0.015861213 0.99925286 -0.0352443
vn -0.015861213 0.99925286 -0.0352443
vn -0.015861213 0.99925286 -0.0352443
vn -0.015861213 0.99925286 -0.0352443
vn -0.015861213 0.99925286 -0.0352443
vn -0.015861213 0.99925286 -0.0352443
vn -0.015861213 0.99925286 -0.0352443
vn -0.015861213 0.99925286 -0.0352443
vn -0.015861213 0.99925286 -0.0352443
vn -0.015861213 0.99925286 -0.0352443
vn -0.015861213 0.99925286 -0.0352443
vn -0.015861213 0.99925286 -0.0352443
vn -0.015861213 0.99925286 -0.0352443
vn -0.015861213 0.99925286 -0.0352443
vn -0.015861213 0.99925286 -0.0352443
vn -0.015861213 0.99925286 -0.0352443
vn -0.015861213 0.99925286 -0.0352443
vn -0.015861213 0.99925286 -0.0352443
vn -0.015861213 0.99925286 -0.0352443
vn -0.015861213 0.99925286 -0.0352443
vn -0.015861213 0.99925286 -0.0352443
vn -0.015861213 0.99925286 -0.0352443
vn -0.015861213 0.99925286 -0.0352443
vn -0.015861213 0.99925286 -0.0352443
vn -0.015861213 0.99925286 -0.0352443
vn -0.015861213 0.99925286 -0.0352443
vn -0.015861213 0.99925286 -0.0352443
vn -0.015861213 0.99925286 -0.0352443
vn -0.015861213 0.99925286 -0.0352443
vn -0.015861213 0.99925286 -0.0352443
vn -0.015861213 0.99925286 -0.0352443
vn -0.015861213 0.99925286 -0.0352443
vn -0.015861213 0.99925286 -0.0352443
vn -0.015861213 0.99925286 -0.0352443
vn -0.015861213 0.99925286 -0.0352443
vn -0.015861213 0.99925286 -0.0352443
vn -0.015861213 0.99925286 -0.0352443
vn -0.99925286 0.015861213 -0.035244487
vn -0.99925286 0.015861213 -0.035244487
vn -0.99925286 0.015861213 -0.035244487
vn -0.99925286 0.015861213 -0.035244487
vn -0.99686545 0.07911635 -0
vn -0.99686545 0.07911635 -0
vn -0.99686545 0.07911635 -0
vn -0.99686545 0.07911635 -0
vn -0.9988681 0.0475652 -0
vn -0.9988681 0.0475652 -0
vn -0.99925286 0.015861213 -0.035244487
vn -0.99925286 0.015861213 -0.035244487
vn -0.99925286 0.015861213 -0.035244487
vn -0.99925286 0.015861213 -0.035244487
vn -0.99925286 0.015861213 -0.035244487
vn -0.99925286 0.015861213 -0.035244487
vn -0.99925286 -0.015861154 -0.035244513
vn -0.99925286 -0.015861154 -0.035244513
vn -0.99925286 -0.015861154 -0.035244513
vn -0.99925286 -0.015861154 -0.035244513
vn -0.99925286 -0.015861154 -0.035244513
vn -0.99925286 -0.015861154 -0.035244513
vn -0.99925286 -0.015861154 -0.035244513
vn -0.99925286 -0.015861154 -0.035244513
vn -0.99925286 -0.015861154 -0.035244513
vn -0.99925286 -0.015861154 -0.035244513
vn -0.99925286 -0.015861154 -0.035244513
vn -0.99925286 -0.015861154 -0.035244513
vn -0.99925286 -0.015861154 -0.035244513
vn -0.99925286 -0.015861154 -0.035244513
vn -0.99925286 -0.015861154 -0.035244513
vn -0.99925286 -0.015861154 -0.035244513
vn -0.8406413 0.52341825 -0.13912396
vn -0.8406413 0.52341825 -0.13912396
vn -0.8406413 0.52341825 -0.13912396
vn -0.8406413 0.52341825 -0.13912396
vn -0.8406413 0.52341825 -0.13912396
vn -0.8406413 0.52341825 -0.13912396
vn -0.8406413 0.52341825 -0.13912396
vn -0.8406413 0.52341825 -0.13912396
vn -0.8406413 0.52341825 -0.13912396
vn -0.8406413 0.52341825 -0.13912396
vn -0.8406413 0.52341825 -0.13912396
vn -0.8406413 0.52341825 -0.13912396
vn -0.8406413 0.52341825 -0.13912396
vn -0.8406413 0.52341825 -0.13912396
vn -0.9988681 0.0475652 -0
vn -0.9988681 0.0475652 -0
vn -0.9988681 0.0475652 -0
vn -0.9988681 0.0475652 -0
vn -0.9988681 0.0475652 -0
vn -0.9988681 0.0475652 -0
vn -0.9988681 0.0475652 -0
vn -0.9988681 0.0475652 -0
vn -0.9988681 0.0475652 -0
vn -0.9988681 0.0475652 -0
vn -0.9988681 0.0475652 -0
vn -0.9988681 0.0475652 -0
vn -0.9988681 0.0475652 -0
vn -0.9988681 0.0475652 -0
vn -0.99925286 0.015861213 -0.035244487
vn -0.99925286 0.015861213 -0.035244487
vn -0.99925286 0.015861213 -0.035244487
vn -0.99925286 0.015861213 -0.035244487
vn -0.99925286 0.015861213 -0.035244487
vn -0.99925286 0.015861213 -0.035244487
vn -0.99925286 0.015861213 -0.035244487
vn -0.99925286 0.015861213 -0.035244487
vn -0.9988681 0.0475652 -0
vn -0.9988681 0.0475652 -0
vn -0.9988681 0.0475652 -0
vn -0.9988681 0.0475652 -0
vn 0.015861154 0.99925286 -0.0352443
vn 0.015861154 0.99925286 -0.0352443
vn 0.015861154 0.99925286 -0.0352443
vn 0.015861154 0.99925286 -0.0352443
vn 0.015861154 0.99925286 -0.0352443
vn 0.015861154 0.99925286 -0.0352443
vn 0.015861154 0.99925286 -0.0352443
vn 0.015861154 0.99925286 -0.0352443
vn 0.015861154 0.99925286 -0.0352443
vn 0.015861154 0.99925286 -0.0352443
vn 0.015861154 0.99925286 -0.0352443
vn 0.015861154 0.99925286 -0.0352443
vn 0.015861154 0.99925286 -0.0352443
vn 0.015861154 0.99925286 -0.0352443
vn -0.015861213 0.99925286 -0.0352443
vn -0.015861213 0.99925286 -0.0352443
vn -0.015861213 0.99925286 -0.0352443
vn -0.015861213 0.99925286 -0.0352443
vn -0.015861213 0.99925286 -0.0352443
vn -0.015861213 0.99925286 -0.0352443
vn -0.015861213 0.99925286 -0.0352443
vn -0.015861213 0.99925286 -0.0352443
vn -0.015861213 0.99925286 -0.0352443
vn -0.015861213 0.99925286 -0.0352443
vn -0.015861213 0.99925286 -0.0352443
vn -0.015861213 0.99925286 -0.0352443
vn -0.015861213 0.99925286 -0.0352443
vn -0.015861213 0.99925286 -0.0352443
vn -0.015861213 0.99925286 -0.0352443
vn -0.015861213 0.99925286 -0.0352443
vn -0.015861213 0.99925286 -0.0352443
vn -0.015861213 0.99925286 -0.0352443
vn -0.015861213 0.99925286 -0.0352443
vn -0.015861213 0.99925286 -0.0352443
vn -0.015861213 0.99925286 -0.0352443
vn -0.015861213 0.99925286 -0.0352443
vn -0.015861213 0.99925286 -0.0352443
vn -0.015861213 0.99925286 -0.0352443
vn -0.015861213 0.99925286 -0.0352443
vn -0.015861213 0.99925286 -0.0352443
vn -0.015861213 0.99925286 -0.0352443
vn -0.015861213 0.99925286 -0.0352443
vn -0.015861213 0.99925286 -0.0352443
vn -0.015861213 0.99925286 -0.0352443
vn -0.015861213 0.99925286 -0.0352443
vn -0.015861213 0.99925286 -0.0352443
vn -0.015861213 0.99925286 -0.0352443
vn -0.015861213 0.99925286 -0.0352443
vn -0.3965289 0.90408593 -0.15935333
vn -0.3965289 0.90408593 -0.15935333
vn -0.3965289 0.90408593 -0.15935333
vn -0.3965289 0.90408593 -0.15935333
vn -0.3965289 0.90408593 -0.15935333
vn -0.3965289 0.90408593 -0.15935333
vn -0.3965289 0.90408593 -0.15935333
vn -0.3965289 0.90408593 -0.15935333
vn -0.3965289 0.90408593 -0.15935333
vn -0.3965289 0.90408593 -0.15935333
vn -0.3965289 0.90408593 -0.15935333
vn -0.3965289 0.90408593 -0.15935333
vn -0.3965289 0.90408593 -0.15935333
vn -0.3965289 0.90408593 -0.15935333
vn -0.3965289 0.90408593 -0.15935333
vn -0.3965289 0.90408593 -0.15935333
vn -0.3965289 0.90408593 -0.15935333
vn -0.3965289 0.90408593 -0.15935333
vn -0.3965289 0.90408593 -0.15935333
vn -0.3965289 0.90408593 -0.15935333
vn 0.9988681 -0.04756514 -0
vn 0.9988681 -0.04756514 -0
vn 0.9988681 -0.04756514 -0
vn 0.9988681 -0.04756514 -0
vn 0.9988681 -0.04756514 -0
vn 0.9988681 -0.04756514 -0
vn 0.9988681 -0.04756514 -0
vn 0.9988681 -0.04756514 -0
vn 0.9988681 -0.04756514 -0
vn 0.9988681 -0.04756514 -0
vn 0.9988681 -0.04756514 -0
vn 0.9988681 -0.04756514 -0
vn 0.84064126 -0.5234182 0.1391246
vn 0.84064126 -0.5234182 0.1391246
vn 0.84064126 -0.5234182 0.1391246
vn 0.84064126 -0.5234182 0.1391246
vn 0.84064126 -0.5234182 0.1391246
vn 0.84064126 -0.5234182 0.1391246
vn 0.84064126 -0.5234182 0.1391246
vn 0.84064126 -0.5234182 0.1391246
vn 0.84064126 -0.5234182 0.1391246
vn 0.84064126 -0.5234182 0.1391246
vn 0.84064126 -0.5234182 0.1391246
vn 0.84064126 -0.5234182 0.1391246
vn 0.84064126 -0.5234182 0.1391246
vn 0.84064126 -0.5234182 0.1391246
vn 0.99925286 0.015861213 0.035244487
vn 0.99925286 0.015861213 0.035244487
vn 0.99925286 0.015861213 0.035244487
vn 0.99925286 0.015861213 0.035244487
vn 0.99925286 0.015861213 0.035244487
vn 0.99925286 0.015861213 0.035244487
vn 0.99925286 0.015861213 0.035244487
vn 0.99925286 0.015861213 0.035244487
vn 0.99925286 0.015861213 0.035244487
vn 0.99925286 0.015861213 0.035244487
vn 0.99925286 0.015861213 0.035244487
vn 0.99925286 0.015861213 0.035244487
vn 0.99925286 0.015861213 0.035244487
vn 0.99925286 0.015861213 0.035244487
vn 0.99925286 0.015861213 0.035244487
vn 0.99925286 0.015861213 0.035244487
vn 0.99925286 0.015861213 0.035244487
vn 0.99925286 0.015861213 0.035244487
vn 0.99925286 -0.015861154 0.035244513
vn 0.99925286 -0.015861154 0.035244513
vn 0.99925286 -0.015861154 0.035244513
vn 0.99925286 -0.015861154 0.035244513
vn 0.99925286 -0.015861154 0.035244513
vn 0.99925286 -0.015861154 0.035244513
vn 0.9988681 -0.04756514 -0
vn 0.9988681 -0.04756514 -0
vn 0.99686545 -0.07911629 -0
vn 0.99686545 -0.07911629 -0
vn 0.015861154 -0.99925286 0.0352443
vn 0.015861154 -0.99925286 0.0352443
vn 0.015861154 -0.99925286 0.0352443
vn 0.015861154 -0.99925286 0.0352443
vn 0.015861154 -0.99925286 0.0352443
vn 0.015861154 -0.99925286 0.0352443
vn 0.015861154 -0.99925286 0.0352443
vn 0.015861154 -0.99925286 0.0352443
vn 0.015861154 -0.99925286 0.0352443
vn 0.015861154 -0.99925286 0.0352443
vn 0.015861154 -0.99925286 0.0352443
vn 0.015861154 -0.99925286 0.0352443
vn 0.015861154 -0.99925286 0.0352443
vn 0.015861154 -0.99925286 0.0352443
vn 0.015861154 -0.99925286 0.0352443
vn 0.015861154 -0.99925286 0.0352443
vn 0.015861154 -0.99925286 0.0352443
vn 0.015861154 -0.99925286 0.0352443
vn 0.015861154 -0.99925286 0.0352443
vn 0.015861154 -0.99925286 0.0352443
vn 0.015861154 -0.99925286 0.0352443
vn 0.015861154 -0.99925286 0.0352443
vn 0.015861154 -0.99925286 0.0352443
vn 0.015861154 -0.99925286 0.0352443
vn 0.015861154 -0.99925286 0.0352443
vn 0.015861154 -0.99925286 0.0352443
vn 0.015861154 -0.99925286 0.0352443
vn 0.015861154 -0.99925286 0.0352443
vn 0.015861154 -0.99925286 0.0352443
vn 0.015861154 -0.99925286 0.0352443
vn 0.015861154 -0.99925286 0.0352443
vn 0.015861154 -0.99925286 0.0352443
vn 0.015861154 -0.99925286 0.0352443
vn 0.015861154 -0.99925286 0.0352443
vn 0.015861154 -0.99925286 0.0352443
vn 0.015861154 -0.99925286 0.0352443
vn 0.015861154 -0.99925286 0.0352443
vn 0.015861154 -0.99925286 0.0352443
vn 0.015861154 -0.99925286 0.0352443
vn 0.015861154 -0.99925286 0.0352443
vn 0.015861154 -0.99925286 0.0352443
vn 0.015861154 -0.99925286 0.0352443
vn 0.015861154 -0.99925286 0.0352443
vn 0.015861154 -0.99925286 0.0352443
vn 0.015861154 -0.99925286 0.0352443
vn 0.015861154 -0.99925286 0.0352443
vn 0.015861154 -0.99925286 0.0352443
vn 0.015861154 -0.99925286 0.0352443
vn 0.015861154 -0.99925286 0.0352443
vn 0.015861154 -0.99925286 0.0352443
vn 0.015861154 -0.99925286 0.0352443
vn 0.015861154 -0.99925286 0.0352443
vn 0.015861154 -0.99925286 0.0352443
vn 0.015861154 -0.99925286 0.0352443
vn -0.99925286 -0.015861154 -0.035244513
vn -0.99925286 -0.015861154 -0.035244513
vn -0.99925286 -0.015861154 -0.035244513
vn -0.99925286 -0.015861154 -0.035244513
vn -0.99925286 -0.015861154 -0.035244513
vn -0.99925286 -0.015861154 -0.035244513
vn -0.99925286 -0.015861154 -0.035244513
vn -0.99925286 -0.015861154 -0.035244513
vn -0.99925286 -0.015861154 -0.035244513
vn -0.99925286 -0.015861154 -0.035244513
vn -0.9988681 -0.04756514 -0
vn -0.9988681 -0.04756514 -0
vn -0.9988681 -0.04756514 -0
vn -0.9988681 -0.04756514 -0
vn -0.99925286 0.015861213 -0.035244487
vn -0.99925286 0.015861213 -0.035244487
vn -0.99925286 -0.015861154 -0.035244513
vn -0.99925286 -0.015861154 -0.035244513
vn -0.99925286 0.015861213 -0.035244487
vn -0.99925286 0.015861213 -0.035244487
vn -0.99925286 0.015861213 -0.035244487
vn -0.99925286 0.015861213 -0.035244487
vn -0.93580824 -0.3330843 -0.11540271
vn -0.93580824 -0.3330843 -0.11540271
vn -0.93580824 -0.3330843 -0.11540271
vn -0.93580824 -0.3330843 -0.11540271
vn -0.93580824 -0.3330843 -0.11540271
vn -0.93580824 -0.3330843 -0.11540271
vn -0.93580824 -0.3330843 -0.11540271
vn -0.93580824 -0.3330843 -0.11540271
vn -0.93580824 -0.3330843 -0.11540271
vn -0.93580824 -0.3330843 -0.11540271
vn -0.93580824 -0.3330843 -0.11540271
vn -0.93580824 -0.3330843 -0.11540271
vn -0.93580824 -0.3330843 -0.11540271
vn -0.93580824 -0.3330843 -0.11540271
vn -0.9547581 -0.2973837 -0
vn -0.9547581 -0.2973837 -0
vn -0.20619506 -0.2379173 0.94914645
vn -0.20619506 -0.2379173 0.94914645
vn -0.04758352 -0.3965289 0.9167882
vn -0.20619506 -0.04758346 0.9773533
vn -0.26963967 -0.015861154 0.96283066
vn -0.26963967 0.07930583 0.95969003
vn -0.26963967 0.07930583 0.95969003
vn -0.26963967 0.07930583 0.95969003
vn -0.20619506 -0.07930577 0.97529185
vn -0.23791736 0.04758352 0.9701191
vn -0.23791736 0.04758352 0.9701191
vn -0.26963967 0.07930583 0.95969003
vn -0.26963967 0.04758352 0.9617849
vn -0.26963967 0.07930583 0.95969003
vn -0.23791736 0.04758352 0.9701191
vn -0.26963967 0.07930583 0.95969003
vn -0.23791736 -0.07930577 0.9680423
vn -0.23791736 -0.07930577 0.9680423
vn -0.20619506 -0.2379173 0.94914645
vn -0.20619506 -0.2379173 0.94914645
vn -0.20619506 -0.2379173 0.94914645
vn -0.07930583 -0.3965289 0.9145903
vn -0.14275044 -0.3965289 0.9068556
vn -0.17447275 -0.3965289 0.90129024
vn -0.015861213 -0.4282512 0.9035205
vn -0.015861213 -0.4282512 0.9035205
vn -0.17447275 -0.14275038 0.9742595
vn -0.04758352 -0.4282512 0.9024061
vn -0.015861213 -0.4282512 0.9035205
vn -0.015861213 -0.3965289 0.9178852
vn -0.015861213 -0.3965289 0.9178852
vn -0.23791736 -0.17447269 0.95548654
vn -0.23791736 -0.07930577 0.9680423
vn -0.20619506 -0.07930577 0.97529185
vn -0.26963967 -0.14275038 0.95232177
vn -0.26963967 0.111028135 0.95653915
vn -0.26963967 0.111028135 0.95653915
vn -0.26963967 0.111028135 0.95653915
vn -0.26963967 0.111028135 0.95653915
vn -0.26963967 0.111028135 0.95653915
vn -0.26963967 0.07930583 0.95969003
vn -0.26963967 0.07930583 0.95969003
vn -0.26963967 0.07930583 0.95969003
vn -0.26963967 0.07930583 0.95969003
vn -0.26963967 0.111028135 0.95653915
vn -0.26963967 0.07930583 0.95969003
vn -0.26963967 0.111028135 0.95653915
vn -0.23791736 0.111028135 0.9649187
vn -0.26963967 0.111028135 0.95653915
vn -0.23791736 0.14275044 0.96073806
vn -0.26963967 0.111028135 0.95653915
vn -0.23791736 0.14275044 0.96073806
vn -0.23791736 0.14275044 0.96073806
vn -0.23791736 -0.015861154 0.9711559
vn -0.23791736 0.14275044 0.96073806
vn -0.23791736 0.14275044 0.96073806
vn -0.26963967 0.015861213 0.96283066
vn -0.20619506 0.015861213 0.97838235
vn -0.23791736 -0.015861154 0.9711559
vn -0.26963967 -0.17447269 0.9470236
vn -0.30136198 -0.04758346 0.95232177
vn -0.26963967 -0.17447269 0.9470236
vn -0.26963967 -0.17447269 0.9470236
vn -0.26963967 -0.17447269 0.9470236
vn -0.26963967 -0.14275038 0.95232177
vn -0.26963967 -0.17447269 0.9470236
vn -0.30136198 -0.14275038 0.9427636
vn 0.015861154 -0.07930577 0.9967241
vn -0.14275044 -0.04758346 0.98861426
vn -0.26963967 -0.04758346 0.9617849
vn -0.17447275 -0.07930577 0.98146313
vn -0.04758352 -0.04758346 0.99773324
vn 0.015861154 0.111028135 0.99369067
vn -0.015861213 -0.015861154 0.99974835
vn 0.015861154 0.015861213 0.99974835
vn -0.04758352 -0.04758346 0.99773324
vn 0.07930577 0.04758352 0.995714
vn -0.04758352 0.3648066 0.9298666
vn 0.015861154 0.23791736 0.9711559
vn 0.015861154 0.17447275 0.98453426
vn 0.015861154 0.14275044 0.9896316
vn -0.04758352 0.3648066 0.9298666
vn -0.04758352 0.30136198 0.95232177
vn -0.015861213 0.3330843 0.9427636
vn -0.04758352 0.3330843 0.94169563
vn -0.04758352 0.3648066 0.9298666
vn -0.20619506 0.30136198 0.9309482
vn -0.07930583 0.23791736 0.9680423
vn -0.07930583 0.26963967 0.95969003
vn -0.07930583 0.26963967 0.95969003
vn -0.111028135 0.23791736 0.9649187
vn -0.111028135 0.23791736 0.9649187
vn -0.111028135 0.111028135 0.9875958
vn -0.111028135 0.17447275 0.97838235
vn -0.111028135 0.17447275 0.97838235
vn -0.23791736 0.111028135 0.9649187
vn -0.111028135 -0.015861154 0.99369067
vn -0.17447275 0.17447275 0.9690813
vn -0.07930583 0.04758352 0.995714
vn -0.111028135 0.04758352 0.99267745
vn -0.111028135 0.04758352 0.99267745
vn -0.111028135 0.04758352 0.99267745
vn -0.07930583 0.07930583 0.99369067
vn -0.07930583 0.111028135 0.9906479
vn -0.111028135 0.015861213 0.99369067
vn -0.111028135 -0.015861154 0.99369067
vn -0.04758352 0.04758352 0.99773324
vn -0.111028135 -0.015861154 0.99369067
vn 0.015861154 0.14275044 0.9896316
vn -0.07930583 0.111028135 0.9906479
vn -0.07930583 0.111028135 0.9906479
vn -0.07930583 0.111028135 0.9906479
vn -0.07930583 0.111028135 0.9906479
vn -0.07930583 0.111028135 0.9906479
vn -0.07930583 0.111028135 0.9906479
vn -0.07930583 0.111028135 0.9906479
vn -0.07930583 0.111028135 0.9906479
vn -0.07930583 0.07930583 0.99369067
vn -0.07930583 0.111028135 0.9906479
vn -0.07930583 0.111028135 0.9906479
vn -0.07930583 0.111028135 0.9906479
vn -0.07930583 0.111028135 0.9906479
vn -0.07930583 0.111028135 0.9906479
vn -0.04758352 0.07930583 0.995714
vn -0.07930583 0.111028135 0.9906479
vn -0.04758352 0.07930583 0.995714
vn -0.04758352 0.07930583 0.995714
vn -0.04758352 0.07930583 0.995714
vn -0.04758352 0.07930583 0.995714
vn -0.04758352 0.07930583 0.995714
vn -0.04758352 0.07930583 0.995714
vn -0.04758352 0.07930583 0.995714
vn -0.04758352 0.07930583 0.995714
vn -0.04758352 0.07930583 0.995714
vn -0.04758352 0.07930583 0.995714
vn -0.04758352 0.07930583 0.995714
vn -0.04758352 0.07930583 0.995714
vn -0.04758352 0.07930583 0.995714
vn -0.04758352 0.07930583 0.995714
vn -0.015861213 0.07930583 0.9967241
vn -0.04758352 0.07930583 0.995714
vn 0.015861154 0.015861213 0.99974835
vn 0.015861154 -0.015861154 0.99974835
vn -0.015861213 0.07930583 0.9967241
vn -0.015861213 0.04758352 0.9987413
vn -0.015861213 0.04758352 0.9987413
vn 0.015861154 0.04758352 0.9987413
vn 0.015861154 -0.015861154 0.99974835
vn 0.015861154 -0.04758346 0.9987413
vn 0.015861154 0.04758352 0.9987413
vn 0.015861154 0.04758352 0.9987413
vn 0.015861154 0.04758352 0.9987413
vn 0.015861154 -0.015861154 0.99974835
vn 0.015861154 -0.07930577 0.9967241
vn 0.015861154 0.04758352 0.9987413
vn 0.015861154 0.04758352 0.9987413
vn 0.015861154 0.04758352 0.9987413
vn 0.015861154 -0.04758346 0.9987413
vn 0.04758346 -0.14275038 0.98861426
vn 0.015861154 0.04758352 0.9987413
vn 0.015861154 0.04758352 0.9987413
vn 0.04758346 0.015861213 0.9987413
vn 0.04758346 -0.17447269 0.98351157
vn 0.04758346 -0.3965289 0.9167882
vn 0.04758346 0.015861213 0.9987413
vn 0.04758346 0.015861213 0.9987413
vn 0.04758346 0.015861213 0.9987413
vn 0.04758346 -0.206195 0.9773533
vn 0.04758346 -0.4282512 0.9024061
vn 0.04758346 0.015861213 0.9987413
vn 0.04758346 0.015861213 0.9987413
vn 0.04758346 -0.2379173 0.9701192
vn 0.04758346 -0.4599735 0.88665676
vn 0.04758346 0.015861213 0.9987413
vn 0.04758346 0.015861213 0.9987413
vn 0.04758346 0.015861213 0.9987413
vn 0.04758346 0.04758352 0.99773324
vn 0.04758346 0.015861213 0.9987413
vn 0.04758346 0.04758352 0.99773324
vn 0.04758346 0.04758352 0.99773324
vn 0.04758346 -0.26963967 0.9617849
vn 0.04758346 -0.49169582 0.86946595
vn 0.04758346 0.015861213 0.9987413
vn 0.04758346 0.04758352 0.99773324
vn 0.04758346 0.04758352 0.99773324
vn 0.04758346 -0.26963967 0.9617849
vn 0.04758346 -0.49169582 0.86946595
vn 0.04758346 0.015861213 0.9987413
vn 0.04758346 0.04758352 0.99773324
vn 0.04758346 0.04758352 0.99773324
vn 0.04758346 -0.26963967 0.9617849
vn 0.04758346 -0.49169582 0.86946595
vn 0.04758346 -0.015861154 0.9987413
vn 0.04758346 0.04758352 0.99773324
vn 0.07930577 0.04758352 0.995714
vn 0.04758346 -0.30136198 0.95232177
vn 0.04758346 -0.49169582 0.86946595
vn 0.04758346 -0.015861154 0.9987413
vn 0.07930577 0.04758352 0.995714
vn 0.07930577 0.04758352 0.995714
vn 0.07930577 -0.3648066 0.9276997
vn 0.04758346 -0.5551405 0.8303944
vn 0.07930577 -0.04758346 0.995714
vn 0.07930577 0.04758352 0.995714
vn 0.07930577 0.04758352 0.995714
vn 0.07930577 -0.3648066 0.9276997
vn 0.04758346 -0.5551405 0.8303944
vn 0.07930577 -0.04758346 0.995714
vn 0.07930577 0.04758352 0.995714
vn 0.111028075 0.015861213 0.99369067
vn 0.07930577 -0.3648066 0.9276997
vn 0.04758346 -0.5551405 0.8303944
vn 0.07930577 -0.07930577 0.99369067
vn 0.111028075 0.015861213 0.99369067
vn 0.111028075 -0.4282512 0.89681304
vn 0.111028075 -0.5551405 0.8243129
vn 0.111028075 -0.14275038 0.98351157
vn 0.17447269 -0.07930577 0.98146313
vn 0.206195 -0.111028075 0.9721916
vn 0.206195 -0.111028075 0.9721916
vn 0.14275038 -0.5551405 0.8194152
vn 0.14275038 -0.6820297 0.7172571
vn 0.17447269 -0.2379173 0.9554866
vn 0.206195 -0.111028075 0.9721916
vn 0.111028075 -0.111028075 0.9875958
vn 0.17447269 -0.5551405 0.8132517
vn 0.14275038 -0.6820297 0.7172571
vn 0.206195 -0.26963967 0.94062644
vn 0.14275038 -0.111028075 0.98351157
vn -0.07930583 -0.015861154 0.9967241
vn 0.14275038 -0.4599735 0.8763827
vn 0.14275038 -0.6820297 0.7172571
vn 0.015861154 -0.6185851 0.7855577
vn 0.17447269 -0.30136198 0.9374114
vn -0.49169594 -0.015861154 0.87062246
vn -0.14275044 -0.49169582 0.8589863
vn -0.111028135 -0.2379173 0.96491873
vn -0.111028135 -0.49169582 0.8636596
vn -0.111028135 -0.6503074 0.75151384
vn -0.111028135 -0.6185851 0.77783364
vn -0.111028135 -0.6820297 0.7228473
vn -0.04758352 -0.5868628 0.80828696
vn -0.07930583 -0.5551405 0.82796717
vn 0.015861154 -0.4599735 0.887791
vn 0.015861154 -0.4599735 0.887791
vn -0.26963967 -0.6185851 0.73800194
vn -0.07930583 -0.5234182 0.8483772
vn 0.015861154 -0.3648066 0.9309482
vn 0.015861154 -0.3648066 0.9309482
vn -0.015861213 -0.2379173 0.9711559
vn 0.015861154 -0.2379173 0.9711559
vn 0.015861154 -0.111028075 0.99369067
vn 0.015861154 -0.26963967 0.96283066
vn 0.015861154 -0.26963967 0.96283066
vn 0.04758346 -0.4282512 0.9024061
vn 0.015861154 -0.3648066 0.9309482
vn 0.04758346 -0.14275038 0.98861426
vn 0.015861154 -0.14275038 0.9896316
vn -0.015861213 -0.26963967 0.96283066
vn 0.015861154 -0.015861154 0.99974835
vn 0.015861154 -0.015861154 0.99974835
vn -0.015861213 -0.2379173 0.9711559
vn 0.04758346 -0.111028075 0.99267745
vn -0.015861213 0.04758352 0.9987413
vn -0.015861213 0.04758352 0.9987413
vn 0.04758346 -0.111028075 0.99267745
vn 0.015861154 -0.015861154 0.99974835
vn -0.015861213 0.14275044 0.9896316
vn -0.015861213 0.14275044 0.9896316
vn 0.015861154 -0.111028075 0.99369067
vn 0.015861154 -0.015861154 0.99974835
vn 0.015861154 -0.015861154 0.99974835
vn -0.015861213 0.04758352 0.9987413
vn 0.015861154 -0.015861154 0.99974835
vn -0.015861213 0.04758352 0.9987413
vn -0.07930583 0.17447275 0.98146313
vn -0.111028135 0.17447275 0.97838235
vn -0.015861213 0.04758352 0.9987413
vn -0.015861213 0.04758352 0.9987413
vn -0.04758352 0.111028135 0.99267745
vn -0.04758352 0.14275044 0.98861426
vn -0.04758352 0.111028135 0.99267745
vn -0.04758352 0.111028135 0.99267745
vn -0.07930583 0.17447275 0.98146313
vn -0.14275044 0.111028135 0.98351157
vn -0.17447275 0.111028135 0.97838235
vn -0.07930583 0.17447275 0.98146313
vn -0.111028135 0.17447275 0.97838235
vn -0.111028135 0.111028135 0.9875958
vn -0.07930583 0.17447275 0.98146313
vn -0.07930583 0.111028135 0.9906479
vn -0.14275044 0.04758352 0.98861426
vn -0.111028135 0.111028135 0.9875958
vn -0.07930583 0.111028135 0.9906479
vn -0.17447275 0.07930583 0.98146313
vn -0.17447275 0.07930583 0.98146313
vn -0.17447275 0.07930583 0.98146313
vn -0.17447275 0.07930583 0.98146313
vn -0.17447275 0.07930583 0.98146313
vn -0.14275044 0.07930583 0.9865763
vn -0.17447275 0.07930583 0.98146313
vn -0.111028135 0.07930583 0.9906479
vn -0.17447275 0.07930583 0.98146313
vn -0.17447275 0.07930583 0.98146313
vn -0.17447275 0.07930583 0.98146313
vn -0.17447275 0.07930583 0.98146313
vn -0.17447275 0.07930583 0.98146313
vn -0.17447275 0.07930583 0.98146313
vn -0.14275044 0.07930583 0.9865763
vn -0.8723636 0.4599735 -0.16554786
vn -0.14275044 0.07930583 0.9865763
vn -0.17447275 0.07930583 0.98146313
vn -0.14275044 0.07930583 0.9865763
vn -0.111028135 0.07930583 0.9906479
vn -0.111028135 0.07930583 0.9906479
vn -0.07930583 0.07930583 0.99369067
vn -0.7771967 -0.6185851 -0.11540249
vn -0.111028135 0.07930583 0.9906479
vn -0.07930583 0.111028135 0.9906479
vn -0.07930583 0.07930583 0.99369067
vn -0.07930583 0.07930583 0.99369067
vn -0.111028135 0.111028135 0.9875958
vn -0.07930583 0.111028135 0.9906479
vn -0.111028135 0.17447275 0.97838235
vn -0.14275044 0.20619506 0.9680423
vn -0.111028135 0.20619506 0.9721915
vn -0.14275044 0.20619506 0.9680423
vn -0.111028135 0.17447275 0.97838235
vn -0.111028135 0.17447275 0.97838235
vn -0.015861213 0.14275044 0.9896316
vn -0.015861213 0.111028135 0.99369067
vn -0.04758352 0.17447275 0.98351157
vn -0.07930583 0.20619506 0.97529185
vn -0.015861213 0.14275044 0.9896316
vn -0.015861213 0.14275044 0.9896316
vn -0.015861213 0.111028135 0.99369067
vn -0.015861213 0.111028135 0.99369067
vn -0.015861213 0.111028135 0.99369067
vn -0.015861213 0.111028135 0.99369067
vn -0.015861213 0.111028135 0.99369067
vn -0.015861213 0.111028135 0.99369067
vn -0.015861213 0.111028135 0.99369067
vn -0.015861213 0.07930583 0.9967241
vn -0.04758352 0.07930583 0.995714
vn 0.04758346 -0.015861154 0.9987413
vn -0.015861213 0.07930583 0.9967241
vn -0.015861213 0.07930583 0.9967241
vn -0.015861213 0.07930583 0.9967241
vn -0.90373784 -0.4280863 -0
vn 0.015861154 0.015861213 0.99974835
vn 0.015861154 0.015861213 0.99974835
vn 0.04758346 -0.04758346 0.99773324
vn 0.015861154 -0.015861154 0.99974835
vn -0.3632082 0.93170804 -0
vn 0.015861154 -0.04758346 0.9987413
vn 0.015861154 -0.04758346 0.9987413
vn 0.04758346 -0.04758346 0.99773324
vn 0.015861154 -0.04758346 0.9987413
vn 0.015861154 -0.04758346 0.9987413
vn 0.04758346 -0.04758346 0.99773324
vn 0.04758346 -0.04758346 0.99773324
vn 0.015861154 -0.04758346 0.9987413
vn 0.015861154 -0.04758346 0.9987413
vn 0.015861154 -0.04758346 0.9987413
vn 0.04758346 -0.04758346 0.99773324
vn 0.07930577 -0.04758346 0.995714
vn 0.04758346 -0.015861154 0.9987413
vn 0.015861154 -0.015861154 0.99974835
vn 0.015861154 -0.015861154 0.99974835
vn 0.015861154 -0.04758346 0.9987413
vn 0.04758346 -0.04758346 0.99773324
vn 0.015861154 0.015861213 0.99974835
vn 0.015861154 0.015861213 0.99974835
vn 0.015861154 0.04758352 0.9987413
vn 0.015861154 0.04758352 0.9987413
vn 0.015861154 0.04758352 0.9987413
vn -0.015861213 0.04758352 0.9987413
vn 0.015861154 -0.015861154 0.99974835
vn -0.015861213 0.015861213 0.99974835
vn -0.015861213 0.015861213 0.99974835
vn -0.015861213 0.015861213 0.99974835
vn 0.99686545 0.07911635 -0
vn -0.90408593 -0.3648066 -0.22258657
vn -0.015861213 0.04758352 0.9987413
vn -0.015861213 0.04758352 0.9987413
vn -0.015861213 0.07930583 0.9967241
vn -0.015861213 0.07930583 0.9967241
vn -0.015861213 0.07930583 0.9967241
vn -0.015861213 0.04758352 0.9987413
vn -0.015861213 0.04758352 0.9987413
vn -0.015861213 0.04758352 0.9987413
vn -0.015861213 0.07930583 0.9967241
vn -0.015861213 0.07930583 0.9967241
vn -0.015861213 0.04758352 0.9987413
vn -0.015861213 0.04758352 0.9987413
vn -0.015861213 0.07930583 0.9967241
vn -0.015861213 0.07930583 0.9967241
vn -0.015861213 0.04758352 0.9987413
vn 0.015861154 0.015861213 0.99974835
vn -0.015861213 0.07930583 0.9967241
vn -0.015861213 0.07930583 0.9967241
vn -0.015861213 0.04758352 0.9987413
vn 0.015861154 0.015861213 0.99974835
vn -0.015861213 0.04758352 0.9987413
vn -0.015861213 0.04758352 0.9987413
vn -0.015861213 0.015861213 0.99974835
vn -0.015861213 0.015861213 0.99974835
vn -0.015861213 0.04758352 0.9987413
vn -0.015861213 0.04758352 0.9987413
vn -0.015861213 0.04758352 0.9987413
vn -0.015861213 0.04758352 0.9987413
vn -0.015861213 0.04758352 0.9987413
vn -0.015861213 0.04758352 0.9987413
vn 0.015861154 0.04758352 0.9987413
vn 0.015861154 0.04758352 0.9987413
vn 0.015861154 0.04758352 0.9987413
vn 0.015861154 0.04758352 0.9987413
vn 0.015861154 0.04758352 0.9987413
vn 0.015861154 0.04758352 0.9987413
vn 0.015861154 -0.015861154 0.99974835
vn 0.015861154 -0.04758346 0.9987413
vn 0.015861154 -0.04758346 0.9987413
vn 0.015861154 -0.015861154 0.99974835
vn 0.015861154 -0.04758346 0.9987413
vn 0.015861154 0.04758352 0.9987413
vn 0.015861154 0.04758352 0.9987413
vn 0.015861154 -0.015861154 0.99974835
vn 0.015861154 0.04758352 0.9987413
vn 0.015861154 0.04758352 0.9987413
vn 0.015861154 0.04758352 0.9987413
vn 0.015861154 0.015861213 0.99974835
vn 0.015861154 -0.04758346 0.9987413
vn 0.015861154 0.04758352 0.9987413
vn 0.015861154 0.04758352 0.9987413
vn 0.015861154 0.015861213 0.99974835
vn 0.015861154 -0.015861154 0.99974835
vn 0.015861154 0.04758352 0.9987413
vn 0.015861154 0.04758352 0.9987413
vn 0.015861154 0.015861213 0.99974835
vn 0.015861154 -0.015861154 0.99974835
vn 0.015861154 0.04758352 0.9987413
vn 0.015861154 0.07930583 0.9967241
vn 0.015861154 0.015861213 0.99974835
vn 0.015861154 -0.015861154 0.99974835
vn 0.015861154 0.07930583 0.9967241
vn 0.015861154 0.07930583 0.9967241
vn 0.015861154 0.07930583 0.9967241
vn 0.015861154 0.07930583 0.9967241
vn 0.015861154 0.04758352 0.9987413
vn 0.015861154 0.015861213 0.99974835
vn 0.015861154 0.07930583 0.9967241
vn -0.015861213 0.07930583 0.9967241
vn 0.015861154 0.04758352 0.9987413
vn 0.015861154 0.015861213 0.99974835
vn -0.015861213 0.111028135 0.99369067
vn -0.015861213 0.17447275 0.98453426
vn 0.015861154 0.07930583 0.9967241
vn 0.015861154 0.015861213 0.99974835
vn -0.015861213 0.17447275 0.98453426
vn -0.015861213 0.17447275 0.98453426
vn -0.015861213 0.17447275 0.98453426
vn -0.015861213 0.17447275 0.98453426
vn -0.015861213 0.07930583 0.9967241
vn 0.015861154 0.04758352 0.9987413
vn 0.015861154 0.14275044 0.9896316
vn 0.015861154 0.111028135 0.99369067
vn -0.015861213 0.14275044 0.9896316
vn -0.015861213 0.111028135 0.99369067
vn -0.015861213 0.17447275 0.98453426
vn -0.015861213 0.17447275 0.98453426
vn -0.015861213 0.14275044 0.9896316
vn -0.015861213 0.111028135 0.99369067
vn -0.015861213 0.17447275 0.98453426
vn -0.015861213 0.20619506 0.97838235
vn -0.015861213 0.26963967 0.96283066
vn 0.015861154 0.17447275 0.98453426
vn 0.015861154 0.111028135 0.99369067
vn -0.015861213 0.20619506 0.97838235
vn -0.015861213 0.30136198 0.95337784
vn 0.015861154 0.30136198 0.95337784
vn 0.015861154 0.17447275 0.98453426
vn 0.015861154 0.07930583 0.9967241
vn 0.015861154 0.26963967 0.96283066
vn 0.015861154 0.30136198 0.95337784
vn -0.015861213 0.30136198 0.95337784
vn 0.015861154 0.17447275 0.98453426
vn 0.015861154 0.07930583 0.9967241
vn 0.015861154 0.26963967 0.96283066
vn 0.015861154 0.30136198 0.95337784
vn -0.04758352 0.3965289 0.9167882
vn -0.04758352 0.20619506 0.9773533
vn -0.04758352 0.07930583 0.995714
vn 0.015861154 0.26963967 0.96283066
vn -0.015861213 0.3330843 0.9427636
vn -0.14275044 0.4282512 0.8923134
vn -0.14275044 0.26963967 0.95232177
vn -0.14275044 0.111028135 0.98351157
vn -0.111028135 0.3965289 0.91128343
vn -0.14275044 0.3965289 0.9068556
vn -0.17447275 0.4282512 0.88665676
vn -0.17447275 0.26963967 0.9470236
vn -0.17447275 0.111028135 0.97838235
vn -0.17447275 0.3965289 0.90129024
vn -0.17447275 0.4282512 0.88665676
vn -0.111028135 0.4282512 0.89681304
vn -0.17447275 0.23791736 0.95548654
vn -0.17447275 0.111028135 0.97838235
vn -0.17447275 0.3965289 0.90129024
vn -0.14275044 0.3965289 0.9068556
vn -0.17447275 0.07930583 0.98146313
vn -0.20619506 0.111028135 0.9721915
vn -0.20619506 0.07930583 0.97529185
vn -0.14275044 0.30136198 0.9427636
vn -0.17447275 0.07930583 0.98146313
vn -0.23791736 0.04758352 0.9701191
vn -0.20619506 0.17447275 0.96283066
vn -0.23791736 0.07930583 0.9680423
vn -0.23791736 0.04758352 0.9701191
vn -0.23791736 0.04758352 0.9701191
vn -0.23791736 0.04758352 0.9701191
vn -0.23791736 0.04758352 0.9701191
vn -0.23791736 0.04758352 0.9701191
vn -0.23791736 0.04758352 0.9701191
vn -0.23791736 0.04758352 0.9701191
vn -0.23791736 0.04758352 0.9701191
g tb_outline_10_mesh_0
f 3/3/3 2/2/2 1/1/1
f 4/4/4 3/3/3 1/1/1
f 5/5/5 3/3/3 4/4/4
f 6/6/6 5/5/5 4/4/4
f 7/7/7 5/5/5 6/6/6
f 8/8/8 7/7/7 6/6/6
f 9/9/9 7/7/7 8/8/8
f 10/10/10 9/9/9 8/8/8
f 11/11/11 9/9/9 10/10/10
f 12/12/12 11/11/11 10/10/10
f 13/13/13 11/11/11 12/12/12
f 14/14/14 13/13/13 12/12/12
f 15/15/15 13/13/13 14/14/14
f 16/16/16 15/15/15 14/14/14
f 17/17/17 15/15/15 16/16/16
f 18/18/18 17/17/17 16/16/16
f 19/19/19 17/17/17 18/18/18
f 20/20/20 19/19/19 18/18/18
f 21/21/21 19/19/19 20/20/20
f 22/22/22 21/21/21 20/20/20
f 25/25/25 24/24/24 23/23/23
f 26/26/26 25/25/25 23/23/23
f 27/27/27 25/25/25 26/26/26
f 28/28/28 27/27/27 26/26/26
f 29/29/29 27/27/27 28/28/28
f 30/30/30 29/29/29 28/28/28
f 31/31/31 29/29/29 30/30/30
f 32/32/32 31/31/31 30/30/30
f 33/33/33 31/31/31 32/32/32
f 34/34/34 33/33/33 32/32/32
f 35/35/35 33/33/33 34/34/34
f 36/36/36 35/35/35 34/34/34
f 37/37/37 35/35/35 36/36/36
f 38/38/38 37/37/37 36/36/36
f 39/39/39 37/37/37 38/38/38
f 40/40/40 39/39/39 38/38/38
f 41/41/41 39/39/39 40/40/40
f 42/42/42 41/41/41 40/40/40
f 43/43/43 41/41/41 42/42/42
f 44/44/44 43/43/43 42/42/42
f 45/45/45 43/43/43 44/44/44
f 46/46/46 45/45/45 44/44/44
f 47/47/47 45/45/45 46/46/46
f 48/48/48 47/47/47 46/46/46
f 49/49/49 47/47/47 48/48/48
f 50/50/50 49/49/49 48/48/48
f 51/51/51 49/49/49 50/50/50
f 52/52/52 51/51/51 50/50/50
f 53/53/53 51/51/51 52/52/52
f 54/54/54 53/53/53 52/52/52
f 55/55/55 53/53/53 54/54/54
f 56/56/56 55/55/55 54/54/54
f 57/57/57 55/55/55 56/56/56
f 58/58/58 57/57/57 56/56/56
f 59/59/59 57/57/57 58/58/58
f 60/60/60 59/59/59 58/58/58
f 61/61/61 59/59/59 60/60/60
f 62/62/62 61/61/61 60/60/60
f 63/63/63 61/61/61 62/62/62
f 64/64/64 63/63/63 62/62/62
f 65/65/65 63/63/63 64/64/64
f 66/66/66 65/65/65 64/64/64
f 67/67/67 65/65/65 66/66/66
f 68/68/68 67/67/67 66/66/66
f 69/69/69 67/67/67 68/68/68
f 70/70/70 69/69/69 68/68/68
f 71/71/71 69/69/69 70/70/70
f 72/72/72 71/71/71 70/70/70
f 75/75/75 74/74/74 73/73/73
f 76/76/76 75/75/75 73/73/73
f 77/77/77 75/75/75 76/76/76
f 78/78/78 77/77/77 76/76/76
f 79/79/79 77/77/77 78/78/78
f 80/80/80 79/79/79 78/78/78
f 81/81/81 79/79/79 80/80/80
f 82/82/82 81/81/81 80/80/80
f 83/83/83 81/81/81 82/82/82
f 84/84/84 83/83/83 82/82/82
f 85/85/85 83/83/83 84/84/84
f 86/86/86 85/85/85 84/84/84
f 89/89/89 88/88/88 87/87/87
f 90/90/90 89/89/89 87/87/87
f 91/91/91 89/89/89 90/90/90
f 92/92/92 91/91/91 90/90/90
f 93/93/93 91/91/91 92/92/92
f 94/94/94 93/93/93 92/92/92
f 95/95/95 93/93/93 94/94/94
f 96/96/96 95/95/95 94/94/94
f 97/97/97 95/95/95 96/96/96
f 98/98/98 97/97/97 96/96/96
f 99/99/99 97/97/97 98/98/98
f 100/100/100 99/99/99 98/98/98
f 101/101/101 99/99/99 100/100/100
f 102/102/102 101/101/101 100/100/100
f 105/105/105 104/104/104 103/103/103
f 106/106/106 105/105/105 103/103/103
f 107/107/107 105/105/105 106/106/106
f 108/108/108 107/107/107 106/106/106
f 109/109/109 107/107/107 108/108/108
f 110/110/110 109/109/109 108/108/108
f 111/111/111 109/109/109 110/110/110
f 112/112/112 111/111/111 110/110/110
f 113/113/113 111/111/111 112/112/112
f 114/114/114 113/113/113 112/112/112
f 115/115/115 113/113/113 114/114/114
f 116/116/116 115/115/115 114/114/114
f 117/117/117 115/115/115 116/116/116
f 118/118/118 117/117/117 116/116/116
f 119/119/119 117/117/117 118/118/118
f 120/120/120 119/119/119 118/118/118
f 121/121/121 119/119/119 120/120/120
f 122/122/122 121/121/121 120/120/120
f 123/123/123 121/121/121 122/122/122
f 124/124/124 123/123/123 122/122/122
f 127/127/127 126/126/126 125/125/125
f 128/128/128 127/127/127 125/125/125
f 129/129/129 127/127/127 128/128/128
f 130/130/130 129/129/129 128/128/128
f 131/131/131 129/129/129 130/130/130
f 132/132/132 131/131/131 130/130/130
f 133/133/133 131/131/131 132/132/132
f 134/134/134 133/133/133 132/132/132
f 135/135/135 133/133/133 134/134/134
f 136/136/136 135/135/135 134/134/134
f 137/137/137 135/135/135 136/136/136
f 138/138/138 137/137/137 136/136/136
f 139/139/139 137/137/137 138/138/138
f 140/140/140 139/139/139 138/138/138
f 141/141/141 139/139/139 140/140/140
f 142/142/142 141/141/141 140/140/140
f 143/143/143 141/141/141 142/142/142
f 144/144/144 143/143/143 142/142/142
f 145/145/145 143/143/143 144/144/144
f 146/146/146 145/145/145 144/144/144
f 147/147/147 145/145/145 146/146/146
f 148/148/148 147/147/147 146/146/146
f 149/149/149 147/147/147 148/148/148
f 150/150/150 149/149/149 148/148/148
f 151/151/151 149/149/149 150/150/150
f 152/152/152 151/151/151 150/150/150
f 153/153/153 151/151/151 152/152/152
f 154/154/154 153/153/153 152/152/152
f 155/155/155 153/153/153 154/154/154
f 156/156/156 155/155/155 154/154/154
f 157/157/157 155/155/155 156/156/156
f 158/158/158 157/157/157 156/156/156
f 159/159/159 157/157/157 158/158/158
f 160/160/160 159/159/159 158/158/158
f 161/161/161 159/159/159 160/160/160
f 162/162/162 161/161/161 160/160/160
f 163/163/163 161/161/161 162/162/162
f 164/164/164 163/163/163 162/162/162
f 165/165/165 163/163/163 164/164/164
f 166/166/166 165/165/165 164/164/164
f 167/167/167 165/165/165 166/166/166
f 168/168/168 167/167/167 166/166/166
f 169/169/169 167/167/167 168/168/168
f 170/170/170 169/169/169 168/168/168
f 171/171/171 169/169/169 170/170/170
f 172/172/172 171/171/171 170/170/170
f 173/173/173 171/171/171 172/172/172
f 174/174/174 173/173/173 172/172/172
f 175/175/175 173/173/173 174/174/174
f 176/176/176 175/175/175 174/174/174
f 177/177/177 175/175/175 176/176/176
f 178/178/178 177/177/177 176/176/176
f 179/179/179 177/177/177 178/178/178
f 180/180/180 179/179/179 178/178/178
f 183/183/183 182/182/182 181/181/181
f 184/184/184 183/183/183 181/181/181
f 187/187/187 186/186/186 185/185/185
f 188/188/188 187/187/187 185/185/185
f 189/189/189 187/187/187 188/188/188
f 190/190/190 189/189/189 188/188/188
f 191/191/191 189/189/189 190/190/190
f 192/192/192 191/191/191 190/190/190
f 193/193/193 191/191/191 192/192/192
f 194/194/194 193/193/193 192/192/192
f 195/195/195 193/193/193 194/194/194
f 196/196/196 195/195/195 194/194/194
f 197/197/197 195/195/195 196/196/196
f 198/198/198 197/197/197 196/196/196
f 199/199/199 197/197/197 198/198/198
f 200/200/200 199/199/199 198/198/198
f 201/201/201 199/199/199 200/200/200
f 202/202/202 201/201/201 200/200/200
f 203/203/203 201/201/201 202/202/202
f 204/204/204 203/203/203 202/202/202
f 205/205/205 203/203/203 204/204/204
f 206/206/206 205/205/205 204/204/204
f 207/207/207 205/205/205 206/206/206
f 208/208/208 207/207/207 206/206/206
f 209/209/209 207/207/207 208/208/208
f 210/210/210 209/209/209 208/208/208
f 211/211/211 209/209/209 210/210/210
f 212/212/212 211/211/211 210/210/210
f 215/215/215 214/214/214 213/213/213
f 216/216/216 215/215/215 213/213/213
f 217/217/217 215/215/215 216/216/216
f 218/218/218 217/217/217 216/216/216
f 219/219/219 217/217/217 218/218/218
f 220/220/220 219/219/219 218/218/218
f 221/221/221 219/219/219 220/220/220
f 222/222/222 221/221/221 220/220/220
f 223/223/223 221/221/221 222/222/222
f 224/224/224 223/223/223 222/222/222
f 225/225/225 223/223/223 224/224/224
f 226/226/226 225/225/225 224/224/224
f 229/229/229 228/228/228 227/227/227
f 230/230/230 229/229/229 227/227/227
f 231/231/231 229/229/229 230/230/230
f 232/232/232 231/231/231 230/230/230
f 233/233/233 231/231/231 232/232/232
f 234/234/234 233/233/233 232/232/232
f 235/235/235 233/233/233 234/234/234
f 236/236/236 235/235/235 234/234/234
f 237/237/237 235/235/235 236/236/236
f 238/238/238 237/237/237 236/236/236
f 239/239/239 237/237/237 238/238/238
f 240/240/240 239/239/239 238/238/238
f 243/243/243 242/242/242 241/241/241
f 242/242/242 244/244/244 241/241/241
f 241/241/241 244/244/244 245/245/245
f 244/244/244 246/246/246 245/245/245
f 245/245/245 246/246/246 247/247/247
f 246/246/246 248/248/248 247/247/247
f 247/247/247 248/248/248 249/249/249
f 248/248/248 250/250/250 249/249/249
f 249/249/249 250/250/250 251/251/251
f 250/250/250 252/252/252 251/251/251
f 255/255/255 254/254/254 253/253/253
f 256/256/256 255/255/255 253/253/253
f 257/257/257 255/255/255 256/256/256
f 258/258/258 257/257/257 256/256/256
f 259/259/259 257/257/257 258/258/258
f 260/260/260 259/259/259 258/258/258
f 261/261/261 259/259/259 260/260/260
f 262/262/262 261/261/261 260/260/260
f 263/263/263 261/261/261 262/262/262
f 264/264/264 263/263/263 262/262/262
f 265/265/265 263/263/263 264/264/264
f 266/266/266 265/265/265 264/264/264
f 267/267/267 265/265/265 266/266/266
f 268/268/268 267/267/267 266/266/266
f 269/269/269 267/267/267 268/268/268
f 270/270/270 269/269/269 268/268/268
f 271/271/271 269/269/269 270/270/270
f 272/272/272 271/271/271 270/270/270
f 273/273/273 271/271/271 272/272/272
f 274/274/274 273/273/273 272/272/272
f 275/275/275 273/273/273 274/274/274
f 276/276/276 275/275/275 274/274/274
f 277/277/277 275/275/275 276/276/276
f 278/278/278 277/277/277 276/276/276
f 279/279/279 277/277/277 278/278/278
f 280/280/280 279/279/279 278/278/278
f 281/281/281 279/279/279 280/280/280
f 282/282/282 281/281/281 280/280/280
f 283/283/283 281/281/281 282/282/282
f 284/284/284 283/283/283 282/282/282
f 285/285/285 283/283/283 284/284/284
f 286/286/286 285/285/285 284/284/284
f 287/287/287 285/285/285 286/286/286
f 288/288/288 287/287/287 286/286/286
f 289/289/289 287/287/287 288/288/288
f 290/290/290 289/289/289 288/288/288
f 291/291/291 289/289/289 290/290/290
f 292/292/292 291/291/291 290/290/290
f 293/293/293 291/291/291 292/292/292
f 294/294/294 293/293/293 292/292/292
f 295/295/295 293/293/293 294/294/294
f 296/296/296 295/295/295 294/294/294
f 297/297/297 295/295/295 296/296/296
f 298/298/298 297/297/297 296/296/296
f 299/299/299 297/297/297 298/298/298
f 300/300/300 299/299/299 298/298/298
f 303/303/303 302/302/302 301/301/301
f 304/304/304 303/303/303 301/301/301
f 305/305/305 303/303/303 304/304/304
f 306/306/306 305/305/305 304/304/304
f 307/307/307 305/305/305 306/306/306
f 308/308/308 307/307/307 306/306/306
f 309/309/309 307/307/307 308/308/308
f 310/310/310 309/309/309 308/308/308
f 311/311/311 309/309/309 310/310/310
f 312/312/312 311/311/311 310/310/310
f 313/313/313 311/311/311 312/312/312
f 314/314/314 313/313/313 312/312/312
f 315/315/315 313/313/313 314/314/314
f 316/316/316 315/315/315 314/314/314
f 317/317/317 315/315/315 316/316/316
f 318/318/318 317/317/317 316/316/316
f 319/319/319 317/317/317 318/318/318
f 320/320/320 319/319/319 318/318/318
f 323/323/323 322/322/322 321/321/321
f 324/324/324 323/323/323 321/321/321
f 325/325/325 323/323/323 324/324/324
f 326/326/326 325/325/325 324/324/324
f 327/327/327 325/325/325 326/326/326
f 328/328/328 327/327/327 326/326/326
f 329/329/329 327/327/327 328/328/328
f 330/330/330 329/329/329 328/328/328
f 331/331/331 329/329/329 330/330/330
f 332/332/332 331/331/331 330/330/330
f 335/335/335 334/334/334 333/333/333
f 336/336/336 335/335/335 333/333/333
f 337/337/337 335/335/335 336/336/336
f 338/338/338 337/337/337 336/336/336
f 339/339/339 337/337/337 338/338/338
f 340/340/340 339/339/339 338/338/338
f 341/341/341 339/339/339 340/340/340
f 342/342/342 341/341/341 340/340/340
f 343/343/343 341/341/341 342/342/342
f 344/344/344 343/343/343 342/342/342
f 345/345/345 343/343/343 344/344/344
f 346/346/346 345/345/345 344/344/344
f 349/349/349 348/348/348 347/347/347
f 350/350/350 349/349/349 347/347/347
f 351/351/351 349/349/349 350/350/350
f 352/352/352 351/351/351 350/350/350
f 353/353/353 351/351/351 352/352/352
f 354/354/354 353/353/353 352/352/352
f 355/355/355 353/353/353 354/354/354
f 356/356/356 355/355/355 354/354/354
f 357/357/357 355/355/355 356/356/356
f 358/358/358 357/357/357 356/356/356
f 359/359/359 357/357/357 358/358/358
f 360/360/360 359/359/359 358/358/358
f 361/361/361 359/359/359 360/360/360
f 362/362/362 361/361/361 360/360/360
f 363/363/363 361/361/361 362/362/362
f 364/364/364 363/363/363 362/362/362
f 365/365/365 363/363/363 364/364/364
f 366/366/366 365/365/365 364/364/364
f 367/367/367 365/365/365 366/366/366
f 368/368/368 367/367/367 366/366/366
f 369/369/369 367/367/367 368/368/368
f 370/370/370 369/369/369 368/368/368
f 371/371/371 369/369/369 370/370/370
f 372/372/372 371/371/371 370/370/370
f 373/373/373 371/371/371 372/372/372
f 374/374/374 373/373/373 372/372/372
f 377/377/377 376/376/376 375/375/375
f 378/378/378 377/377/377 375/375/375
f 379/379/379 377/377/377 378/378/378
f 380/380/380 379/379/379 378/378/378
f 381/381/381 379/379/379 380/380/380
f 382/382/382 381/381/381 380/380/380
f 383/383/383 381/381/381 382/382/382
f 384/384/384 383/383/383 382/382/382
f 385/385/385 383/383/383 384/384/384
f 386/386/386 385/385/385 384/384/384
f 387/387/387 385/385/385 386/386/386
f 388/388/388 387/387/387 386/386/386
f 389/389/389 387/387/387 388/388/388
f 390/390/390 389/389/389 388/388/388
f 391/391/391 389/389/389 390/390/390
f 392/392/392 391/391/391 390/390/390
f 393/393/393 391/391/391 392/392/392
f 394/394/394 393/393/393 392/392/392
f 395/395/395 393/393/393 394/394/394
f 396/396/396 395/395/395 394/394/394
f 397/397/397 395/395/395 396/396/396
f 398/398/398 397/397/397 396/396/396
f 399/399/399 397/397/397 398/398/398
f 400/400/400 399/399/399 398/398/398
f 401/401/401 399/399/399 400/400/400
f 402/402/402 401/401/401 400/400/400
f 403/403/403 401/401/401 402/402/402
f 404/404/404 403/403/403 402/402/402
f 405/405/405 403/403/403 404/404/404
f 406/406/406 405/405/405 404/404/404
f 407/407/407 405/405/405 406/406/406
f 408/408/408 407/407/407 406/406/406
f 409/409/409 407/407/407 408/408/408
f 410/410/410 409/409/409 408/408/408
f 411/411/411 409/409/409 410/410/410
f 412/412/412 411/411/411 410/410/410
f 413/413/413 411/411/411 412/412/412
f 414/414/414 413/413/413 412/412/412
f 415/415/415 413/413/413 414/414/414
f 416/416/416 415/415/415 414/414/414
f 417/417/417 415/415/415 416/416/416
f 418/418/418 417/417/417 416/416/416
f 419/419/419 417/417/417 418/418/418
f 420/420/420 419/419/419 418/418/418
f 421/421/421 419/419/419 420/420/420
f 422/422/422 421/421/421 420/420/420
f 423/423/423 421/421/421 422/422/422
f 424/424/424 423/423/423 422/422/422
f 425/425/425 423/423/423 424/424/424
f 426/426/426 425/425/425 424/424/424
f 427/427/427 425/425/425 426/426/426
f 428/428/428 427/427/427 426/426/426
f 431/431/431 430/430/430 429/429/429
f 432/432/432 431/431/431 429/429/429
f 433/433/433 431/431/431 432/432/432
f 434/434/434 433/433/433 432/432/432
f 435/435/435 433/433/433 434/434/434
f 436/436/436 435/435/435 434/434/434
f 437/437/437 435/435/435 436/436/436
f 438/438/438 437/437/437 436/436/436
f 439/439/439 437/437/437 438/438/438
f 440/440/440 439/439/439 438/438/438
f 441/441/441 439/439/439 440/440/440
f 442/442/442 441/441/441 440/440/440
f 443/443/443 441/441/441 442/442/442
f 444/444/444 443/443/443 442/442/442
f 445/445/445 443/443/443 444/444/444
f 446/446/446 445/445/445 444/444/444
f 447/447/447 445/445/445 446/446/446
f 448/448/448 447/447/447 446/446/446
f 449/449/449 447/447/447 448/448/448
f 450/450/450 449/449/449 448/448/448
f 453/453/453 452/452/452 451/451/451
f 454/454/454 453/453/453 451/451/451
f 455/455/455 453/453/453 454/454/454
f 456/456/456 455/455/455 454/454/454
f 457/457/457 455/455/455 456/456/456
f 458/458/458 457/457/457 456/456/456
f 459/459/459 457/457/457 458/458/458
f 460/460/460 459/459/459 458/458/458
f 461/461/461 459/459/459 460/460/460
f 462/462/462 461/461/461 460/460/460
f 463/463/463 461/461/461 462/462/462
f 464/464/464 463/463/463 462/462/462
f 465/465/465 463/463/463 464/464/464
f 466/466/466 465/465/465 464/464/464
f 469/469/469 468/468/468 467/467/467
f 467/467/467 468/468/468 470/470/470
f 470/470/470 471/471/471 467/467/467
f 471/471/471 470/470/470 472/472/472
f 472/472/472 473/473/473 471/471/471
f 473/473/473 472/472/472 474/474/474
f 467/467/467 471/471/471 475/475/475
f 471/471/471 473/473/473 475/475/475
f 474/474/474 476/476/476 473/473/473
f 476/476/476 474/474/474 477/477/477
f 473/473/473 476/476/476 478/478/478
f 477/477/477 478/478/478 476/476/476
f 475/475/475 473/473/473 479/479/479
f 478/478/478 479/479/479 473/473/473
f 479/479/479 478/478/478 480/480/480
f 481/481/481 480/480/480 478/478/478
f 478/478/478 477/477/477 481/481/481
f 480/480/480 482/482/482 479/479/479
f 483/483/483 479/479/479 482/482/482
f 479/479/479 483/483/483 475/475/475
f 482/482/482 484/484/484 483/483/483
f 485/485/485 475/475/475 483/483/483
f 475/475/475 485/485/485 467/467/467
f 486/486/486 483/483/483 484/484/484
f 483/483/483 486/486/486 485/485/485
f 484/484/484 487/487/487 486/486/486
f 467/467/467 485/485/485 488/488/488
f 488/488/488 485/485/485 486/486/486
f 489/489/489 486/486/486 487/487/487
f 486/486/486 489/489/489 488/488/488
f 487/487/487 490/490/490 489/489/489
f 489/489/489 490/490/490 491/491/491
f 491/491/491 492/492/492 489/489/489
f 488/488/488 489/489/489 492/492/492
f 492/492/492 491/491/491 493/493/493
f 488/488/488 494/494/494 467/467/467
f 467/467/467 494/494/494 469/469/469
f 492/492/492 495/495/495 488/488/488
f 494/494/494 488/488/488 495/495/495
f 469/469/469 494/494/494 496/496/496
f 495/495/495 496/496/496 494/494/494
f 496/496/496 497/497/497 469/469/469
f 493/493/493 498/498/498 492/492/492
f 495/495/495 492/492/492 498/498/498
f 497/497/497 496/496/496 499/499/499
f 499/499/499 500/500/500 497/497/497
f 496/496/496 495/495/495 501/501/501
f 498/498/498 501/501/501 495/495/495
f 501/501/501 499/499/499 496/496/496
f 502/502/502 498/498/498 493/493/493
f 501/501/501 498/498/498 502/502/502
f 493/493/493 503/503/503 502/502/502
f 500/500/500 499/499/499 504/504/504
f 504/504/504 505/505/505 500/500/500
f 499/499/499 501/501/501 506/506/506
f 502/502/502 506/506/506 501/501/501
f 506/506/506 504/504/504 499/499/499
f 507/507/507 502/502/502 503/503/503
f 506/506/506 502/502/502 507/507/507
f 503/503/503 508/508/508 507/507/507
f 505/505/505 504/504/504 509/509/509
f 509/509/509 510/510/510 505/505/505
f 511/511/511 510/510/510 509/509/509
f 504/504/504 506/506/506 512/512/512
f 507/507/507 512/512/512 506/506/506
f 512/512/512 509/509/509 504/504/504
f 513/513/513 507/507/507 508/508/508
f 512/512/512 507/507/507 513/513/513
f 508/508/508 514/514/514 513/513/513
f 509/509/509 515/515/515 511/511/511
f 516/516/516 511/511/511 515/515/515
f 509/509/509 512/512/512 517/517/517
f 513/513/513 517/517/517 512/512/512
f 517/517/517 515/515/515 509/509/509
f 518/518/518 513/513/513 514/514/514
f 517/517/517 513/513/513 518/518/518
f 514/514/514 519/519/519 518/518/518
f 518/518/518 519/519/519 520/520/520
f 515/515/515 517/517/517 521/521/521
f 518/518/518 521/521/521 517/517/517
f 515/515/515 522/522/522 516/516/516
f 521/521/521 522/522/522 515/515/515
f 520/520/520 523/523/523 518/518/518
f 521/521/521 518/518/518 523/523/523
f 516/516/516 522/522/522 524/524/524
f 524/524/524 525/525/525 516/516/516
f 526/526/526 525/525/525 524/524/524
f 522/522/522 521/521/521 527/527/527
f 523/523/523 527/527/527 521/521/521
f 527/527/527 524/524/524 522/522/522
f 528/528/528 523/523/523 520/520/520
f 527/527/527 523/523/523 528/528/528
f 520/520/520 529/529/529 528/528/528
f 524/524/524 530/530/530 526/526/526
f 530/530/530 524/524/524 527/527/527
f 531/531/531 526/526/526 530/530/530
f 527/527/527 532/532/532 530/530/530
f 528/528/528 532/532/532 527/527/527
f 530/530/530 533/533/533 531/531/531
f 533/533/533 530/530/530 532/532/532
f 534/534/534 531/531/531 533/533/533
f 535/535/535 528/528/528 529/529/529
f 529/529/529 536/536/536 535/535/535
f 537/537/537 532/532/532 528/528/528
f 532/532/532 537/537/537 533/533/533
f 528/528/528 535/535/535 537/537/537
f 533/533/533 538/538/538 534/534/534
f 538/538/538 533/533/533 537/537/537
f 539/539/539 534/534/534 538/538/538
f 540/540/540 535/535/535 536/536/536
f 536/536/536 541/541/541 540/540/540
f 542/542/542 537/537/537 535/535/535
f 537/537/537 542/542/542 538/538/538
f 535/535/535 540/540/540 542/542/542
f 538/538/538 543/543/543 539/539/539
f 543/543/543 538/538/538 542/542/542
f 544/544/544 539/539/539 543/543/543
f 545/545/545 540/540/540 541/541/541
f 541/541/541 546/546/546 545/545/545
f 547/547/547 542/542/542 540/540/540
f 542/542/542 547/547/547 543/543/543
f 540/540/540 545/545/545 547/547/547
f 543/543/543 548/548/548 544/544/544
f 548/548/548 543/543/543 547/547/547
f 549/549/549 544/544/544 548/548/548
f 550/550/550 545/545/545 546/546/546
f 546/546/546 551/551/551 550/550/550
f 552/552/552 547/547/547 545/545/545
f 547/547/547 552/552/552 548/548/548
f 545/545/545 550/550/550 552/552/552
f 548/548/548 553/553/553 549/549/549
f 553/553/553 548/548/548 552/552/552
f 554/554/554 549/549/549 553/553/553
f 555/555/555 550/550/550 551/551/551
f 551/551/551 556/556/556 555/555/555
f 557/557/557 552/552/552 550/550/550
f 552/552/552 557/557/557 553/553/553
f 550/550/550 555/555/555 557/557/557
f 553/553/553 558/558/558 554/554/554
f 557/557/557 558/558/558 553/553/553
f 559/559/559 554/554/554 558/558/558
f 560/560/560 555/555/555 556/556/556
f 557/557/557 555/555/555 560/560/560
f 556/556/556 561/561/561 560/560/560
f 558/558/558 562/562/562 559/559/559
f 563/563/563 559/559/559 562/562/562
f 558/558/558 557/557/557 564/564/564
f 560/560/560 564/564/564 557/557/557
f 564/564/564 562/562/562 558/558/558
f 565/565/565 560/560/560 561/561/561
f 564/564/564 560/560/560 565/565/565
f 561/561/561 566/566/566 565/565/565
f 567/567/567 565/565/565 566/566/566
f 566/566/566 568/568/568 567/567/567
f 567/567/567 568/568/568 569/569/569
f 569/569/569 570/570/570 567/567/567
f 565/565/565 571/571/571 564/564/564
f 562/562/562 564/564/564 571/571/571
f 571/571/571 565/565/565 567/567/567
f 562/562/562 572/572/572 563/563/563
f 571/571/571 572/572/572 562/562/562
f 573/573/573 563/563/563 572/572/572
f 567/567/567 574/574/574 571/571/571
f 572/572/572 571/571/571 574/574/574
f 575/575/575 574/574/574 567/567/567
f 574/574/574 575/575/575 572/572/572
f 567/567/567 570/570/570 575/575/575
f 572/572/572 575/575/575 573/573/573
f 576/576/576 575/575/575 570/570/570
f 570/570/570 577/577/577 576/576/576
f 576/576/576 577/577/577 578/578/578
f 573/573/573 575/575/575 579/579/579
f 579/579/579 575/575/575 576/576/576
f 579/579/579 580/580/580 573/573/573
f 580/580/580 579/579/579 581/581/581
f 581/581/581 582/582/582 580/580/580
f 578/578/578 583/583/583 576/576/576
f 583/583/583 578/578/578 584/584/584
f 576/576/576 585/585/585 579/579/579
f 581/581/581 579/579/579 585/585/585
f 586/586/586 585/585/585 576/576/576
f 585/585/585 586/586/586 581/581/581
f 576/576/576 583/583/583 586/586/586
f 582/582/582 581/581/581 587/587/587
f 587/587/587 581/581/581 586/586/586
f 587/587/587 588/588/588 582/582/582
f 584/584/584 589/589/589 583/583/583
f 589/589/589 584/584/584 590/590/590
f 591/591/591 586/586/586 583/583/583
f 586/586/586 591/591/591 587/587/587
f 583/583/583 589/589/589 591/591/591
f 588/588/588 587/587/587 592/592/592
f 592/592/592 587/587/587 591/591/591
f 592/592/592 593/593/593 588/588/588
f 590/590/590 594/594/594 589/589/589
f 594/594/594 590/590/590 595/595/595
f 596/596/596 591/591/591 589/589/589
f 591/591/591 596/596/596 592/592/592
f 589/589/589 594/594/594 596/596/596
f 593/593/593 592/592/592 597/597/597
f 597/597/597 592/592/592 596/596/596
f 597/597/597 598/598/598 593/593/593
f 595/595/595 599/599/599 594/594/594
f 599/599/599 595/595/595 600/600/600
f 601/601/601 596/596/596 594/594/594
f 596/596/596 601/601/601 597/597/597
f 594/594/594 599/599/599 601/601/601
f 598/598/598 597/597/597 602/602/602
f 602/602/602 597/597/597 601/601/601
f 602/602/602 603/603/603 598/598/598
f 604/604/604 601/601/601 599/599/599
f 601/601/601 604/604/604 602/602/602
f 603/603/603 602/602/602 605/605/605
f 605/605/605 602/602/602 604/604/604
f 605/605/605 606/606/606 603/603/603
f 600/600/600 607/607/607 599/599/599
f 599/599/599 607/607/607 604/604/604
f 606/606/606 605/605/605 608/608/608
f 608/608/608 609/609/609 606/606/606
f 604/604/604 610/610/610 605/605/605
f 610/610/610 604/604/604 607/607/607
f 608/608/608 605/605/605 610/610/610
f 611/611/611 607/607/607 600/600/600
f 607/607/607 611/611/611 610/610/610
f 600/600/600 612/612/612 611/611/611
f 611/611/611 612/612/612 613/613/613
f 609/609/609 608/608/608 614/614/614
f 614/614/614 615/615/615 609/609/609
f 610/610/610 616/616/616 608/608/608
f 616/616/616 610/610/610 611/611/611
f 614/614/614 608/608/608 616/616/616
f 613/613/613 617/617/617 611/611/611
f 611/611/611 617/617/617 616/616/616
f 617/617/617 613/613/613 618/618/618
f 615/615/615 614/614/614 619/619/619
f 619/619/619 620/620/620 615/615/615
f 616/616/616 621/621/621 614/614/614
f 621/621/621 616/616/616 617/617/617
f 619/619/619 614/614/614 621/621/621
f 618/618/618 622/622/622 617/617/617
f 617/617/617 622/622/622 621/621/621
f 622/622/622 618/618/618 623/623/623
f 620/620/620 619/619/619 624/624/624
f 624/624/624 625/625/625 620/620/620
f 621/621/621 626/626/626 619/619/619
f 626/626/626 621/621/621 622/622/622
f 624/624/624 619/619/619 626/626/626
f 623/623/623 627/627/627 622/622/622
f 622/622/622 627/627/627 626/626/626
f 627/627/627 623/623/623 628/628/628
f 625/625/625 624/624/624 629/629/629
f 629/629/629 630/630/630 625/625/625
f 626/626/626 631/631/631 624/624/624
f 631/631/631 626/626/626 627/627/627
f 629/629/629 624/624/624 631/631/631
f 628/628/628 632/632/632 627/627/627
f 627/627/627 632/632/632 631/631/631
f 632/632/632 628/628/628 633/633/633
f 630/630/630 629/629/629 634/634/634
f 634/634/634 635/635/635 630/630/630
f 631/631/631 636/636/636 629/629/629
f 636/636/636 631/631/631 632/632/632
f 634/634/634 629/629/629 636/636/636
f 633/633/633 637/637/637 632/632/632
f 632/632/632 637/637/637 636/636/636
f 635/635/635 634/634/634 638/638/638
f 638/638/638 639/639/639 635/635/635
f 636/636/636 640/640/640 634/634/634
f 640/640/640 636/636/636 637/637/637
f 638/638/638 634/634/634 640/640/640
f 641/641/641 637/637/637 633/633/633
f 637/637/637 641/641/641 640/640/640
f 633/633/633 642/642/642 641/641/641
f 641/641/641 642/642/642 643/643/643
f 641/641/641 644/644/644 640/640/640
f 640/640/640 644/644/644 638/638/638
f 643/643/643 645/645/645 641/641/641
f 644/644/644 641/641/641 645/645/645
f 645/645/645 643/643/643 646/646/646
f 639/639/639 638/638/638 647/647/647
f 647/647/647 648/648/648 639/639/639
f 638/638/638 644/644/644 649/649/649
f 645/645/645 649/649/649 644/644/644
f 649/649/649 647/647/647 638/638/638
f 646/646/646 650/650/650 645/645/645
f 649/649/649 645/645/645 650/650/650
f 650/650/650 646/646/646 651/651/651
f 648/648/648 647/647/647 652/652/652
f 652/652/652 653/653/653 648/648/648
f 647/647/647 649/649/649 654/654/654
f 650/650/650 654/654/654 649/649/649
f 654/654/654 652/652/652 647/647/647
f 651/651/651 655/655/655 650/650/650
f 654/654/654 650/650/650 655/655/655
f 655/655/655 651/651/651 656/656/656
f 653/653/653 652/652/652 657/657/657
f 657/657/657 658/658/658 653/653/653
f 652/652/652 654/654/654 659/659/659
f 655/655/655 659/659/659 654/654/654
f 659/659/659 657/657/657 652/652/652
f 656/656/656 660/660/660 655/655/655
f 659/659/659 655/655/655 660/660/660
f 660/660/660 656/656/656 661/661/661
f 658/658/658 657/657/657 662/662/662
f 662/662/662 663/663/663 658/658/658
f 657/657/657 659/659/659 664/664/664
f 660/660/660 664/664/664 659/659/659
f 664/664/664 662/662/662 657/657/657
f 661/661/661 665/665/665 660/660/660
f 664/664/664 660/660/660 665/665/665
f 665/665/665 661/661/661 666/666/666
f 663/663/663 662/662/662 667/667/667
f 667/667/667 668/668/668 663/663/663
f 662/662/662 664/664/664 669/669/669
f 665/665/665 669/669/669 664/664/664
f 669/669/669 667/667/667 662/662/662
f 666/666/666 670/670/670 665/665/665
f 669/669/669 665/665/665 670/670/670
f 670/670/670 666/666/666 671/671/671
f 668/668/668 667/667/667 672/672/672
f 672/672/672 673/673/673 668/668/668
f 667/667/667 669/669/669 674/674/674
f 670/670/670 674/674/674 669/669/669
f 674/674/674 672/672/672 667/667/667
f 671/671/671 675/675/675 670/670/670
f 674/674/674 670/670/670 675/675/675
f 675/675/675 671/671/671 676/676/676
f 673/673/673 672/672/672 677/677/677
f 677/677/677 678/678/678 673/673/673
f 672/672/672 674/674/674 679/679/679
f 675/675/675 679/679/679 674/674/674
f 679/679/679 677/677/677 672/672/672
f 676/676/676 680/680/680 675/675/675
f 679/679/679 675/675/675 680/680/680
f 678/678/678 677/677/677 681/681/681
f 681/681/681 682/682/682 678/678/678
f 677/677/677 679/679/679 683/683/683
f 680/680/680 683/683/683 679/679/679
f 683/683/683 681/681/681 677/677/677
f 684/684/684 680/680/680 676/676/676
f 683/683/683 680/680/680 684/684/684
f 676/676/676 685/685/685 684/684/684
f 684/684/684 685/685/685 686/686/686
f 682/682/682 681/681/681 687/687/687
f 687/687/687 688/688/688 682/682/682
f 681/681/681 683/683/683 689/689/689
f 684/684/684 689/689/689 683/683/683
f 689/689/689 687/687/687 681/681/681
f 686/686/686 690/690/690 684/684/684
f 689/689/689 684/684/684 690/690/690
f 690/690/690 686/686/686 691/691/691
f 688/688/688 687/687/687 692/692/692
f 692/692/692 693/693/693 688/688/688
f 687/687/687 689/689/689 694/694/694
f 690/690/690 694/694/694 689/689/689
f 694/694/694 692/692/692 687/687/687
f 691/691/691 695/695/695 690/690/690
f 694/694/694 690/690/690 695/695/695
f 695/695/695 691/691/691 696/696/696
f 693/693/693 692/692/692 697/697/697
f 697/697/697 698/698/698 693/693/693
f 699/699/699 698/698/698 697/697/697
f 692/692/692 694/694/694 700/700/700
f 695/695/695 700/700/700 694/694/694
f 700/700/700 697/697/697 692/692/692
f 697/697/697 700/700/700 695/695/695
f 695/695/695 701/701/701 697/697/697
f 696/696/696 701/701/701 695/695/695
f 697/697/697 701/701/701 699/699/699
f 701/701/701 696/696/696 702/702/702
f 702/702/702 696/696/696 703/703/703
f 703/703/703 704/704/704 702/702/702
f 699/699/699 701/701/701 705/705/705
f 705/705/705 706/706/706 699/699/699
f 702/702/702 707/707/707 701/701/701
f 705/705/705 701/701/701 707/707/707
f 708/708/708 702/702/702 704/704/704
f 707/707/707 702/702/702 708/708/708
f 704/704/704 709/709/709 708/708/708
f 706/706/706 705/705/705 710/710/710
f 710/710/710 711/711/711 706/706/706
f 707/707/707 712/712/712 705/705/705
f 710/710/710 705/705/705 712/712/712
f 708/708/708 713/713/713 707/707/707
f 712/712/712 707/707/707 713/713/713
f 714/714/714 708/708/708 709/709/709
f 713/713/713 708/708/708 714/714/714
f 709/709/709 715/715/715 714/714/714
f 716/716/716 714/714/714 715/715/715
f 715/715/715 717/717/717 716/716/716
f 716/716/716 717/717/717 718/718/718
f 711/711/711 710/710/710 719/719/719
f 719/719/719 720/720/720 711/711/711
f 712/712/712 721/721/721 710/710/710
f 713/713/713 721/721/721 712/712/712
f 719/719/719 710/710/710 721/721/721
f 714/714/714 722/722/722 713/713/713
f 721/721/721 713/713/713 722/722/722
f 722/722/722 714/714/714 716/716/716
f 720/720/720 719/719/719 723/723/723
f 723/723/723 724/724/724 720/720/720
f 721/721/721 725/725/725 719/719/719
f 725/725/725 721/721/721 722/722/722
f 723/723/723 719/719/719 725/725/725
f 724/724/724 723/723/723 726/726/726
f 726/726/726 727/727/727 724/724/724
f 722/722/722 728/728/728 725/725/725
f 716/716/716 728/728/728 722/722/722
f 725/725/725 729/729/729 723/723/723
f 729/729/729 725/725/725 728/728/728
f 726/726/726 723/723/723 729/729/729
f 727/727/727 726/726/726 730/730/730
f 730/730/730 731/731/731 727/727/727
f 732/732/732 728/728/728 716/716/716
f 728/728/728 732/732/732 729/729/729
f 729/729/729 733/733/733 726/726/726
f 730/730/730 726/726/726 733/733/733
f 733/733/733 729/729/729 732/732/732
f 731/731/731 730/730/730 734/734/734
f 734/734/734 735/735/735 731/731/731
f 716/716/716 736/736/736 732/732/732
f 718/718/718 736/736/736 716/716/716
f 736/736/736 718/718/718 737/737/737
f 732/732/732 738/738/738 733/733/733
f 738/738/738 732/732/732 736/736/736
f 733/733/733 739/739/739 730/730/730
f 734/734/734 730/730/730 739/739/739
f 739/739/739 733/733/733 738/738/738
f 737/737/737 740/740/740 736/736/736
f 736/736/736 740/740/740 738/738/738
f 740/740/740 737/737/737 741/741/741
f 735/735/735 734/734/734 742/742/742
f 742/742/742 743/743/743 735/735/735
f 738/738/738 744/744/744 739/739/739
f 744/744/744 738/738/738 740/740/740
f 741/741/741 745/745/745 740/740/740
f 740/740/740 745/745/745 744/744/744
f 745/745/745 741/741/741 746/746/746
f 739/739/739 747/747/747 734/734/734
f 747/747/747 739/739/739 744/744/744
f 742/742/742 734/734/734 747/747/747
f 748/748/748 744/744/744 745/745/745
f 744/744/744 748/748/748 747/747/747
f 746/746/746 749/749/749 745/745/745
f 745/745/745 749/749/749 748/748/748
f 750/750/750 747/747/747 748/748/748
f 747/747/747 750/750/750 742/742/742
f 743/743/743 742/742/742 751/751/751
f 751/751/751 752/752/752 743/743/743
f 753/753/753 749/749/749 746/746/746
f 746/746/746 754/754/754 753/753/753
f 753/753/753 754/754/754 755/755/755
f 756/756/756 748/748/748 749/749/749
f 749/749/749 753/753/753 756/756/756
f 748/748/748 756/756/756 750/750/750
f 755/755/755 757/757/757 753/753/753
f 756/756/756 753/753/753 757/757/757
f 757/757/757 755/755/755 758/758/758
f 742/742/742 750/750/750 759/759/759
f 759/759/759 751/751/751 742/742/742
f 750/750/750 756/756/756 760/760/760
f 757/757/757 760/760/760 756/756/756
f 760/760/760 759/759/759 750/750/750
f 758/758/758 761/761/761 757/757/757
f 760/760/760 757/757/757 761/761/761
f 761/761/761 758/758/758 762/762/762
f 759/759/759 760/760/760 763/763/763
f 761/761/761 763/763/763 760/760/760
f 751/751/751 759/759/759 764/764/764
f 763/763/763 764/764/764 759/759/759
f 762/762/762 765/765/765 761/761/761
f 763/763/763 761/761/761 765/765/765
f 766/766/766 765/765/765 762/762/762
f 762/762/762 767/767/767 766/766/766
f 766/766/766 767/767/767 768/768/768
f 765/765/765 769/769/769 763/763/763
f 764/764/764 763/763/763 769/769/769
f 769/769/769 765/765/765 766/766/766
f 764/764/764 770/770/770 751/751/751
f 752/752/752 751/751/751 770/770/770
f 770/770/770 771/771/771 752/752/752
f 769/769/769 772/772/772 764/764/764
f 770/770/770 764/764/764 772/772/772
f 771/771/771 770/770/770 773/773/773
f 772/772/772 773/773/773 770/770/770
f 773/773/773 774/774/774 771/771/771
f 766/766/766 775/775/775 769/769/769
f 772/772/772 769/769/769 775/775/775
f 768/768/768 776/776/776 766/766/766
f 775/775/775 766/766/766 776/776/776
f 774/774/774 773/773/773 777/777/777
f 777/777/777 778/778/778 774/774/774
f 773/773/773 772/772/772 779/779/779
f 775/775/775 779/779/779 772/772/772
f 779/779/779 777/777/777 773/773/773
f 778/778/778 777/777/777 780/780/780
f 780/780/780 781/781/781 778/778/778
f 782/782/782 781/781/781 780/780/780
f 779/779/779 775/775/775 783/783/783
f 776/776/776 783/783/783 775/775/775
f 777/777/777 779/779/779 784/784/784
f 784/784/784 780/780/780 777/777/777
f 783/783/783 784/784/784 779/779/779
f 785/785/785 776/776/776 768/768/768
f 768/768/768 786/786/786 785/785/785
f 780/780/780 787/787/787 782/782/782
f 787/787/787 780/780/780 784/784/784
f 788/788/788 783/783/783 776/776/776
f 776/776/776 785/785/785 788/788/788
f 789/789/789 784/784/784 783/783/783
f 784/784/784 789/789/789 787/787/787
f 783/783/783 788/788/788 789/789/789
f 782/782/782 787/787/787 790/790/790
f 790/790/790 787/787/787 789/789/789
f 790/790/790 791/791/791 782/782/782
f 792/792/792 785/785/785 786/786/786
f 786/786/786 793/793/793 792/792/792
f 794/794/794 788/788/788 785/785/785
f 785/785/785 792/792/792 794/794/794
f 795/795/795 789/789/789 788/788/788
f 789/789/789 795/795/795 790/790/790
f 788/788/788 794/794/794 795/795/795
f 791/791/791 790/790/790 796/796/796
f 796/796/796 790/790/790 795/795/795
f 796/796/796 797/797/797 791/791/791
f 798/798/798 792/792/792 793/793/793
f 793/793/793 799/799/799 798/798/798
f 800/800/800 794/794/794 792/792/792
f 792/792/792 798/798/798 800/800/800
f 801/801/801 795/795/795 794/794/794
f 795/795/795 801/801/801 796/796/796
f 794/794/794 800/800/800 801/801/801
f 797/797/797 796/796/796 802/802/802
f 802/802/802 796/796/796 801/801/801
f 802/802/802 803/803/803 797/797/797
f 804/804/804 798/798/798 799/799/799
f 799/799/799 805/805/805 804/804/804
f 804/804/804 805/805/805 806/806/806
f 807/807/807 800/800/800 798/798/798
f 798/798/798 804/804/804 807/807/807
f 808/808/808 801/801/801 800/800/800
f 801/801/801 808/808/808 802/802/802
f 800/800/800 807/807/807 808/808/808
f 803/803/803 802/802/802 809/809/809
f 809/809/809 802/802/802 808/808/808
f 809/809/809 810/810/810 803/803/803
f 811/811/811 810/810/810 809/809/809
f 812/812/812 808/808/808 807/807/807
f 808/808/808 812/812/812 809/809/809
f 813/813/813 807/807/807 804/804/804
f 807/807/807 813/813/813 812/812/812
f 806/806/806 814/814/814 804/804/804
f 804/804/804 814/814/814 813/813/813
f 809/809/809 815/815/815 811/811/811
f 815/815/815 809/809/809 812/812/812
f 816/816/816 814/814/814 806/806/806
f 806/806/806 817/817/817 816/816/816
f 816/816/816 817/817/817 818/818/818
f 819/819/819 813/813/813 814/814/814
f 814/814/814 816/816/816 819/819/819
f 820/820/820 812/812/812 813/813/813
f 812/812/812 820/820/820 815/815/815
f 813/813/813 819/819/819 820/820/820
f 811/811/811 815/815/815 821/821/821
f 821/821/821 822/822/822 811/811/811
f 818/818/818 823/823/823 816/816/816
f 819/819/819 816/816/816 823/823/823
f 815/815/815 820/820/820 824/824/824
f 824/824/824 821/821/821 815/815/815
f 820/820/820 819/819/819 825/825/825
f 823/823/823 825/825/825 819/819/819
f 825/825/825 824/824/824 820/820/820
f 826/826/826 823/823/823 818/818/818
f 825/825/825 823/823/823 826/826/826
f 818/818/818 827/827/827 826/826/826
f 822/822/822 821/821/821 828/828/828
f 828/828/828 829/829/829 822/822/822
f 821/821/821 824/824/824 830/830/830
f 830/830/830 828/828/828 821/821/821
f 824/824/824 825/825/825 831/831/831
f 826/826/826 831/831/831 825/825/825
f 831/831/831 830/830/830 824/824/824
f 832/832/832 826/826/826 827/827/827
f 831/831/831 826/826/826 832/832/832
f 827/827/827 833/833/833 832/832/832
f 829/829/829 828/828/828 834/834/834
f 834/834/834 835/835/835 829/829/829
f 828/828/828 830/830/830 836/836/836
f 836/836/836 834/834/834 828/828/828
f 830/830/830 831/831/831 837/837/837
f 832/832/832 837/837/837 831/831/831
f 837/837/837 836/836/836 830/830/830
f 838/838/838 832/832/832 833/833/833
f 833/833/833 839/839/839 838/838/838
f 838/838/838 839/839/839 840/840/840
f 840/840/840 841/841/841 838/838/838
f 841/841/841 840/840/840 842/842/842
f 842/842/842 843/843/843 841/841/841
f 844/844/844 837/837/837 832/832/832
f 836/836/836 837/837/837 844/844/844
f 832/832/832 838/838/838 844/844/844
f 844/844/844 845/845/845 836/836/836
f 845/845/845 844/844/844 838/838/838
f 834/834/834 836/836/836 845/845/845
f 838/838/838 841/841/841 845/845/845
f 845/845/845 846/846/846 834/834/834
f 835/835/835 834/834/834 846/846/846
f 846/846/846 847/847/847 835/835/835
f 846/846/846 845/845/845 848/848/848
f 848/848/848 845/845/845 841/841/841
f 847/847/847 846/846/846 849/849/849
f 848/848/848 849/849/849 846/846/846
f 849/849/849 850/850/850 847/847/847
f 849/849/849 848/848/848 851/851/851
f 851/851/851 848/848/848 841/841/841
f 851/851/851 850/850/850 849/849/849
f 841/841/841 852/852/852 851/851/851
f 852/852/852 841/841/841 843/843/843
f 843/843/843 853/853/853 852/852/852
f 852/852/852 853/853/853 854/854/854
f 850/850/850 851/851/851 855/855/855
f 855/855/855 851/851/851 852/852/852
f 855/855/855 856/856/856 850/850/850
f 857/857/857 856/856/856 855/855/855
f 854/854/854 858/858/858 852/852/852
f 855/855/855 852/852/852 858/858/858
f 858/858/858 854/854/854 859/859/859
f 855/855/855 860/860/860 857/857/857
f 858/858/858 860/860/860 855/855/855
f 861/861/861 857/857/857 860/860/860
f 859/859/859 862/862/862 858/858/858
f 860/860/860 858/858/858 862/862/862
f 862/862/862 859/859/859 863/863/863
f 860/860/860 864/864/864 861/861/861
f 862/862/862 864/864/864 860/860/860
f 865/865/865 861/861/861 864/864/864
f 863/863/863 866/866/866 862/862/862
f 864/864/864 862/862/862 866/866/866
f 866/866/866 863/863/863 867/867/867
f 864/864/864 868/868/868 865/865/865
f 866/866/866 868/868/868 864/864/864
f 869/869/869 865/865/865 868/868/868
f 867/867/867 870/870/870 866/866/866
f 868/868/868 866/866/866 870/870/870
f 870/870/870 867/867/867 871/871/871
f 868/868/868 872/872/872 869/869/869
f 870/870/870 872/872/872 868/868/868
f 873/873/873 869/869/869 872/872/872
f 871/871/871 874/874/874 870/870/870
f 872/872/872 870/870/870 874/874/874
f 872/872/872 875/875/875 873/873/873
f 874/874/874 875/875/875 872/872/872
f 876/876/876 873/873/873 875/875/875
f 877/877/877 874/874/874 871/871/871
f 875/875/875 874/874/874 877/877/877
f 871/871/871 878/878/878 877/877/877
f 875/875/875 879/879/879 876/876/876
f 877/877/877 879/879/879 875/875/875
f 880/880/880 876/876/876 879/879/879
f 881/881/881 877/877/877 878/878/878
f 879/879/879 877/877/877 881/881/881
f 878/878/878 882/882/882 881/881/881
f 881/881/881 882/882/882 883/883/883
f 879/879/879 884/884/884 880/880/880
f 881/881/881 884/884/884 879/879/879
f 883/883/883 885/885/885 881/881/881
f 884/884/884 881/881/881 885/885/885
f 880/880/880 884/884/884 886/886/886
f 885/885/885 886/886/886 884/884/884
f 886/886/886 887/887/887 880/880/880
f 888/888/888 887/887/887 886/886/886
f 886/886/886 889/889/889 888/888/888
f 889/889/889 886/886/886 885/885/885
f 890/890/890 888/888/888 889/889/889
f 891/891/891 885/885/885 883/883/883
f 885/885/885 891/891/891 889/889/889
f 883/883/883 892/892/892 891/891/891
f 889/889/889 893/893/893 890/890/890
f 893/893/893 889/889/889 891/891/891
f 894/894/894 891/891/891 892/892/892
f 891/891/891 894/894/894 893/893/893
f 892/892/892 895/895/895 894/894/894
f 894/894/894 895/895/895 896/896/896
f 890/890/890 893/893/893 897/897/897
f 897/897/897 893/893/893 894/894/894
f 897/897/897 898/898/898 890/890/890
f 896/896/896 899/899/899 894/894/894
f 894/894/894 899/899/899 897/897/897
f 899/899/899 896/896/896 900/900/900
f 898/898/898 897/897/897 901/901/901
f 901/901/901 897/897/897 899/899/899
f 901/901/901 902/902/902 898/898/898
f 900/900/900 903/903/903 899/899/899
f 899/899/899 903/903/903 901/901/901
f 903/903/903 900/900/900 904/904/904
f 902/902/902 901/901/901 905/905/905
f 905/905/905 901/901/901 903/903/903
f 905/905/905 906/906/906 902/902/902
f 904/904/904 907/907/907 903/903/903
f 903/903/903 907/907/907 905/905/905
f 907/907/907 904/904/904 908/908/908
f 906/906/906 905/905/905 909/909/909
f 909/909/909 905/905/905 907/907/907
f 909/909/909 910/910/910 906/906/906
f 908/908/908 911/911/911 907/907/907
f 907/907/907 911/911/911 909/909/909
f 911/911/911 908/908/908 912/912/912
f 912/912/912 913/913/913 911/911/911
f 909/909/909 911/911/911 913/913/913
f 913/913/913 912/912/912 914/914/914
f 910/910/910 909/909/909 915/915/915
f 913/913/913 915/915/915 909/909/909
f 915/915/915 916/916/916 910/910/910
f 914/914/914 917/917/917 913/913/913
f 915/915/915 913/913/913 917/917/917
f 917/917/917 914/914/914 918/918/918
f 916/916/916 915/915/915 919/919/919
f 917/917/917 919/919/919 915/915/915
f 919/919/919 920/920/920 916/916/916
f 918/918/918 921/921/921 917/917/917
f 919/919/919 917/917/917 921/921/921
f 921/921/921 918/918/918 922/922/922
f 920/920/920 919/919/919 923/923/923
f 921/921/921 923/923/923 919/919/919
f 923/923/923 924/924/924 920/920/920
f 922/922/922 925/925/925 921/921/921
f 923/923/923 921/921/921 925/925/925
f 925/925/925 922/922/922 926/926/926
f 926/926/926 927/927/927 925/925/925
f 927/927/927 926/926/926 928/928/928
f 924/924/924 923/923/923 929/929/929
f 925/925/925 929/929/929 923/923/923
f 929/929/929 925/925/925 927/927/927
f 929/929/929 930/930/930 924/924/924
f 930/930/930 929/929/929 931/931/931
f 927/927/927 931/931/931 929/929/929
f 931/931/931 932/932/932 930/930/930
f 932/932/932 931/931/931 933/933/933
f 933/933/933 931/931/931 927/927/927
f 933/933/933 934/934/934 932/932/932
f 928/928/928 935/935/935 927/927/927
f 935/935/935 928/928/928 936/936/936
f 934/934/934 933/933/933 937/937/937
f 937/937/937 938/938/938 934/934/934
f 927/927/927 939/939/939 933/933/933
f 939/939/939 927/927/927 935/935/935
f 937/937/937 933/933/933 939/939/939
f 936/936/936 940/940/940 935/935/935
f 939/939/939 935/935/935 940/940/940
f 940/940/940 936/936/936 941/941/941
f 938/938/938 937/937/937 942/942/942
f 942/942/942 943/943/943 938/938/938
f 939/939/939 944/944/944 937/937/937
f 944/944/944 939/939/939 940/940/940
f 942/942/942 937/937/937 944/944/944
f 941/941/941 945/945/945 940/940/940
f 944/944/944 940/940/940 945/945/945
f 945/945/945 941/941/941 946/946/946
f 943/943/943 942/942/942 947/947/947
f 947/947/947 948/948/948 943/943/943
f 944/944/944 949/949/949 942/942/942
f 949/949/949 944/944/944 945/945/945
f 947/947/947 942/942/942 949/949/949
f 946/946/946 950/950/950 945/945/945
f 949/949/949 945/945/945 950/950/950
f 950/950/950 946/946/946 951/951/951
f 948/948/948 947/947/947 952/952/952
f 952/952/952 953/953/953 948/948/948
f 949/949/949 954/954/954 947/947/947
f 954/954/954 949/949/949 950/950/950
f 952/952/952 947/947/947 954/954/954
f 951/951/951 955/955/955 950/950/950
f 954/954/954 950/950/950 955/955/955
f 955/955/955 951/951/951 956/956/956
f 953/953/953 952/952/952 957/957/957
f 957/957/957 958/958/958 953/953/953
f 954/954/954 959/959/959 952/952/952
f 959/959/959 954/954/954 955/955/955
f 957/957/957 952/952/952 959/959/959
f 956/956/956 960/960/960 955/955/955
f 959/959/959 955/955/955 960/960/960
f 960/960/960 956/956/956 961/961/961
f 958/958/958 957/957/957 962/962/962
f 962/962/962 963/963/963 958/958/958
f 959/959/959 964/964/964 957/957/957
f 964/964/964 959/959/959 960/960/960
f 962/962/962 957/957/957 964/964/964
f 961/961/961 965/965/965 960/960/960
f 964/964/964 960/960/960 965/965/965
f 965/965/965 961/961/961 966/966/966
f 963/963/963 962/962/962 967/967/967
f 967/967/967 968/968/968 963/963/963
f 964/964/964 969/969/969 962/962/962
f 969/969/969 964/964/964 965/965/965
f 967/967/967 962/962/962 969/969/969
f 966/966/966 970/970/970 965/965/965
f 969/969/969 965/965/965 970/970/970
f 970/970/970 966/966/966 971/971/971
f 968/968/968 967/967/967 972/972/972
f 972/972/972 973/973/973 968/968/968
f 969/969/969 974/974/974 967/967/967
f 974/974/974 969/969/969 970/970/970
f 972/972/972 967/967/967 974/974/974
f 971/971/971 975/975/975 970/970/970
f 970/970/970 975/975/975 974/974/974
f 975/975/975 971/971/971 976/976/976
f 973/973/973 972/972/972 977/977/977
f 977/977/977 978/978/978 973/973/973
f 974/974/974 979/979/979 972/972/972
f 975/975/975 979/979/979 974/974/974
f 977/977/977 972/972/972 979/979/979
f 976/976/976 980/980/980 975/975/975
f 975/975/975 980/980/980 979/979/979
f 980/980/980 976/976/976 981/981/981
f 980/980/980 982/982/982 979/979/979
f 979/979/979 982/982/982 977/977/977
f 981/981/981 983/983/983 980/980/980
f 980/980/980 983/983/983 982/982/982
f 983/983/983 981/981/981 984/984/984
f 978/978/978 977/977/977 985/985/985
f 985/985/985 986/986/986 978/978/978
f 477/477/477 986/986/986 985/985/985
f 977/977/977 982/982/982 987/987/987
f 983/983/983 987/987/987 982/982/982
f 987/987/987 985/985/985 977/977/977
f 984/984/984 988/988/988 983/983/983
f 987/987/987 983/983/983 988/988/988
f 988/988/988 984/984/984 989/989/989
f 989/989/989 481/481/481 988/988/988
f 481/481/481 477/477/477 990/990/990
f 985/985/985 990/990/990 477/477/477
f 988/988/988 481/481/481 990/990/990
f 988/988/988 991/991/991 987/987/987
f 985/985/985 987/987/987 991/991/991
f 990/990/990 991/991/991 988/988/988
f 991/991/991 990/990/990 985/985/985
