g tb_outline_16_mesh
v 0.16429967 0.26636857 -0.03879659
v 0.16429967 0.24918348 -0.026819125
v 0.16429967 0.26636857 -0.025256842
v 0.16429967 0.24918348 -0.040879637
v 0.16377892 0.23251918 -0.022132277
v 0.16377892 0.23251918 -0.03619279
v 0.16377892 0.21533412 -0.019528493
v 0.16377892 0.21533412 -0.03306824
v 0.16377892 0.19814906 -0.01432088
v 0.16377892 0.19814906 -0.027860641
v 0.16377892 0.18148476 -0.011196345
v 0.16377892 0.18148476 -0.025256842
v 0.16325817 0.16429967 -0.005467981
v 0.16325817 0.16429967 -0.019007728
v 0.16325817 0.14763537 -0.0033849478
v 0.16325817 0.14763537 -0.017445445
v 0.16325817 0.13045031 -0.0033849478
v 0.16325817 0.13045031 -0.017445445
v 0.16325817 0.11326522 -0.005988747
v 0.16325817 0.11326522 -0.019528493
v 0.1627374 0.09660092 -0.0070302486
v 0.1627374 0.09660092 -0.02109076
v 0.1627374 0.09660092 -0.02109076
v 0.1741941 0.08514419 -0.0033849478
v 0.1627374 0.09660092 -0.0070302486
v 0.1741941 0.08514419 -0.017445445
v 0.18565083 0.07420826 0.002864182
v 0.18565083 0.07420826 -0.011196345
v 0.19710752 0.06275153 0.0007811487
v 0.19710752 0.06275153 -0.012758613
v 0.20804349 0.0518156 -0.005988747
v 0.20804349 0.0518156 -0.019528493
v 0.2195002 0.04035887 -0.013800144
v 0.2195002 0.04035887 -0.027860641
v 0.2195002 0.04035887 -0.027860641
v 0.2195002 0.023694575 -0.018486962
v 0.2195002 0.04035887 -0.013800144
v 0.2195002 0.023694575 -0.032547474
v 0.2195002 0.006509483 -0.0101548135
v 0.2195002 0.006509483 -0.024215326
v 0.2195002 -0.010675579 -0.009113282
v 0.2195002 -0.010675579 -0.022653043
v 0.2195002 -0.027860641 -0.0018226504
v 0.2195002 -0.027860641 -0.015883178
v 0.2195002 -0.044524953 -0.013800144
v 0.2195002 -0.044524953 -0.027339876
v 0.2195002 -0.061710015 -0.01432088
v 0.2195002 -0.061710015 -0.028381407
v 0.2195002 -0.07889509 -0.026298359
v 0.2195002 -0.07889509 -0.03983812
v 0.2195002 -0.096080154 -0.031505957
v 0.2195002 -0.096080154 -0.045045704
v 0.2195002 -0.112744465 -0.041400388
v 0.2195002 -0.112744465 -0.05494015
v 0.2195002 -0.12992954 -0.04817027
v 0.2195002 -0.12992954 -0.06223078
v 0.2195002 -0.1471146 -0.053898618
v 0.2195002 -0.1471146 -0.06795913
v 0.2195002 -0.16429967 -0.04556647
v 0.2195002 -0.16429967 -0.05962698
v 0.2195002 -0.180964 -0.042441905
v 0.2195002 -0.180964 -0.056502417
v 0.2195002 -0.19814906 -0.039317355
v 0.2195002 -0.19814906 -0.0528571
v 0.2195002 -0.21533412 -0.03306824
v 0.2195002 -0.21533412 -0.047128752
v 0.2195002 -0.2325192 -0.025256842
v 0.2195002 -0.2325192 -0.039317355
v 0.2195002 -0.2491835 -0.009634048
v 0.2195002 -0.2491835 -0.023173809
v 0.2195002 -0.26636857 -0.012758613
v 0.2195002 -0.26636857 -0.026298359
v 0.2195002 -0.26636857 -0.026298359
v 0.20335665 -0.26636857 -0.0007811487
v 0.2195002 -0.26636857 -0.012758613
v 0.20335665 -0.26636857 -0.01432088
v 0.1872131 -0.26636857 0.009634048
v 0.1872131 -0.26636857 -0.0039056838
v 0.17106955 -0.26636857 0.010675579
v 0.17106955 -0.26636857 -0.0033849478
v 0.154926 -0.26636857 0.011717081
v 0.154926 -0.26636857 -0.0023434162
v 0.13878246 -0.26636857 0.012237847
v 0.13878246 -0.26636857 -0.0013018847
v 0.122638896 -0.26636857 0.012237847
v 0.122638896 -0.26636857 -0.0018226504
v 0.10649535 -0.26636857 0.009634048
v 0.10649535 -0.26636857 -0.0039056838
v 0.090351805 -0.26636857 0.0075510144
v 0.090351805 -0.26636857 -0.006509483
v 0.074208245 -0.26636857 0.005467981
v 0.074208245 -0.26636857 -0.00807178
v 0.05754395 -0.26636857 0.005988747
v 0.05754395 -0.26636857 -0.0075510144
v 0.041400388 -0.26636857 0.006509483
v 0.041400388 -0.26636857 -0.0075510144
v 0.025256842 -0.26636857 0.0070302486
v 0.025256842 -0.26636857 -0.0070302486
v 0.009113282 -0.26636857 0.010675579
v 0.009113282 -0.26636857 -0.0033849478
v -0.0070302486 -0.26636857 0.014841646
v -0.0070302486 -0.26636857 0.0007811487
v -0.023173809 -0.26636857 0.018486977
v -0.023173809 -0.26636857 0.0044264495
v -0.023173809 -0.26636857 0.0044264495
v -0.036192805 -0.25595337 0.024736077
v -0.023173809 -0.26636857 0.018486977
v -0.036192805 -0.25595337 0.011196345
v -0.0492118 -0.24501742 0.03306824
v -0.0492118 -0.24501742 0.019007742
v -0.062230796 -0.23460223 0.043483436
v -0.062230796 -0.23460223 0.029943675
v -0.07524976 -0.22366628 0.0544194
v -0.07524976 -0.22366628 0.04035887
v -0.08826876 -0.21325108 0.06171003
v -0.08878952 -0.21325108 0.04817027
v -0.10180852 -0.20231512 0.072125226
v -0.10180852 -0.20231512 0.0580647
v -0.11482751 -0.19189993 0.060147732
v -0.11482751 -0.19189993 0.046087235
v -0.12784651 -0.180964 0.04556647
v -0.12784651 -0.180964 0.032026708
v -0.1408655 -0.1705488 0.028381407
v -0.1408655 -0.1705488 0.01432088
v -0.15388447 -0.15961283 0.010675579
v -0.15388447 -0.15961283 -0.002864182
v -0.16690347 -0.14919764 -0.002864182
v -0.16690347 -0.14919764 -0.016924694
v -0.17992246 -0.13878246 -0.014841646
v -0.17992246 -0.13878246 -0.028902158
v -0.19294146 -0.1278465 -0.027339876
v -0.19346222 -0.1278465 -0.040879637
v -0.20648122 -0.1174313 -0.038275838
v -0.20648122 -0.1174313 -0.051815584
v -0.21950021 -0.10649535 -0.04973255
v -0.21950021 -0.10649535 -0.0632723
v -0.21950021 -0.10649535 -0.0632723
v -0.21950021 -0.08931029 -0.05233635
v -0.21950021 -0.10649535 -0.04973255
v -0.21950021 -0.08931029 -0.0658761
v -0.21950021 -0.07212521 -0.05233635
v -0.21950021 -0.07212521 -0.0658761
v -0.21950021 -0.0554609 -0.0528571
v -0.21950021 -0.0554609 -0.06639686
v -0.21950021 -0.038275838 -0.053377867
v -0.21950021 -0.038275838 -0.06691761
v -0.21950021 -0.02109076 -0.053898618
v -0.21950021 -0.02109076 -0.06743838
v -0.21950021 -0.0039056838 -0.05494015
v -0.21950021 -0.0039056838 -0.068479896
v -0.21950021 0.013279378 -0.057023183
v -0.21950021 0.013279378 -0.071083695
v -0.21950021 0.03046444 -0.058585465
v -0.21950021 0.03046444 -0.07212521
v -0.21950021 0.047649503 -0.059106216
v -0.21950021 0.047649503 -0.07264598
v -0.21950021 0.06431383 -0.059106216
v -0.21950021 0.06431383 -0.07264598
v -0.21950021 0.08149889 -0.055981666
v -0.21950021 0.08149889 -0.07004218
v -0.21950021 0.09868395 -0.051815584
v -0.21950021 0.09868395 -0.06535533
v -0.21950021 0.115869015 -0.047649503
v -0.21950021 0.115869015 -0.061189264
v -0.21950021 0.1330541 -0.04296267
v -0.21950021 0.1330541 -0.057023183
v -0.21950021 0.15023917 -0.03723432
v -0.21950021 0.15023917 -0.051294833
v -0.21950021 0.16742423 -0.030985206
v -0.21950021 0.16742423 -0.045045704
v -0.21950021 0.1846093 -0.024736077
v -0.21950021 0.1846093 -0.03879659
v -0.21950021 0.20127362 -0.015883178
v -0.21950021 0.20127362 -0.029943675
v -0.21950021 0.20127362 -0.029943675
v -0.20283589 0.20127362 -0.016403928
v -0.21950021 0.20127362 -0.015883178
v -0.20283589 0.20127362 -0.03046444
v -0.18617159 0.20127362 -0.019528493
v -0.18617159 0.20179439 -0.03306824
v -0.1689865 0.20179439 -0.025256842
v -0.1689865 0.20179439 -0.039317355
v -0.1523222 0.20179439 -0.030985206
v -0.1523222 0.20179439 -0.044524953
v -0.1356579 0.20179439 -0.03619279
v -0.1356579 0.20179439 -0.04973255
v -0.11899358 0.20179439 -0.039317355
v -0.11899358 0.20179439 -0.053377867
v -0.10180852 0.20179439 -0.04035887
v -0.10180852 0.20179439 -0.054419383
v -0.08514419 0.20179439 -0.041400388
v -0.08514419 0.20179439 -0.0554609
v -0.068479896 0.20179439 -0.04035887
v -0.068479896 0.20179439 -0.054419383
v -0.0518156 0.20179439 -0.036713555
v -0.0518156 0.20179439 -0.050774068
v -0.035151273 0.20179439 -0.03306824
v -0.035151273 0.20179439 -0.046607986
v -0.01796621 0.20179439 -0.031505957
v -0.01796621 0.20179439 -0.04556647
v -0.0013019145 0.20179439 -0.03619279
v -0.0013019145 0.20179439 -0.0502533
v 0.015362412 0.20179439 -0.040879637
v 0.015362412 0.20179439 -0.054419383
v 0.032026723 0.20179439 -0.045045704
v 0.032026723 0.20179439 -0.058585465
v 0.049211785 0.20179439 -0.044524953
v 0.049211785 0.20179439 -0.058585465
v 0.0658761 0.20179439 -0.044004187
v 0.0658761 0.20179439 -0.05754395
v 0.08254041 0.20179439 -0.04296267
v 0.08254041 0.20179439 -0.057023183
v 0.09920472 0.20179439 -0.038275838
v 0.09920472 0.20179439 -0.05233635
v 0.09920472 0.20179439 -0.05233635
v 0.11014067 0.21273032 -0.03619279
v 0.09920472 0.20179439 -0.038275838
v 0.11014067 0.21273032 -0.04973255
v 0.12107663 0.22366628 -0.03358899
v 0.12107663 0.22366628 -0.047649503
v 0.13201258 0.23408145 -0.032026723
v 0.13201258 0.23408145 -0.046087235
v 0.14242777 0.24501741 -0.03046444
v 0.14242777 0.24501741 -0.044524953
v 0.15336372 0.2554326 -0.028381407
v 0.15336372 0.2554326 -0.042441905
v 0.16429967 0.26636857 -0.025256842
v 0.16429967 0.26636857 -0.03879659
v 0.103370786 0.19189993 -0.048691034
v 0.08722724 0.19189993 -0.040879637
v 0.103370786 0.19189993 -0.034630522
v 0.08722724 0.19189993 -0.05494015
v 0.07056293 0.19189993 -0.041400388
v 0.07056293 0.19189993 -0.0554609
v 0.053898618 0.19189993 -0.042441905
v 0.053898618 0.19189993 -0.055981666
v 0.037755072 0.19189993 -0.04296267
v 0.037755072 0.19189993 -0.057023183
v 0.02109076 0.19189993 -0.04035887
v 0.02109076 0.19189993 -0.054419383
v 0.0044264495 0.19189993 -0.03619279
v 0.0044264495 0.19189993 -0.0502533
v -0.011717081 0.19189993 -0.032026723
v -0.011717081 0.19189993 -0.046087235
v -0.028381407 0.19189993 -0.029943675
v -0.028381407 0.19189993 -0.044004187
v -0.044524938 0.19189993 -0.034109756
v -0.045045704 0.19189993 -0.047649503
v -0.061189264 0.19189993 -0.037755072
v -0.061189264 0.19189993 -0.051815584
v -0.07785356 0.19189993 -0.041921154
v -0.07785356 0.19189993 -0.055981666
v -0.09399712 0.19189993 -0.041921154
v -0.09399712 0.19189993 -0.055981666
v -0.11066142 0.19189993 -0.040879637
v -0.11066142 0.19189993 -0.05494015
v -0.12732574 0.19137919 -0.03983812
v -0.12732574 0.19137919 -0.053898618
v -0.1434693 0.19137919 -0.03723432
v -0.1434693 0.19137919 -0.050774068
v -0.1601336 0.19137919 -0.032026723
v -0.1601336 0.19137919 -0.04556647
v -0.1767979 0.19137919 -0.026819125
v -0.1767979 0.19137919 -0.04035887
v -0.19294146 0.19137919 -0.022132277
v -0.19294146 0.19137919 -0.03567204
v -0.20960575 0.19137919 -0.021611527
v -0.20960575 0.19137919 -0.035151273
v -0.20960575 0.19137919 -0.035151273
v -0.20960575 0.1741941 -0.028381407
v -0.20960575 0.19137919 -0.021611527
v -0.20960575 0.1741941 -0.042441905
v -0.20960575 0.15700904 -0.035151273
v -0.20960575 0.15700904 -0.049211785
v -0.20960575 0.13982397 -0.040879637
v -0.20960575 0.13982397 -0.05494015
v -0.20960575 0.12263891 -0.04556647
v -0.20960575 0.12263891 -0.05962698
v -0.20960575 0.10545382 -0.0502533
v -0.20960575 0.10545382 -0.06379306
v -0.20960575 0.08774799 -0.054419383
v -0.20960575 0.08774799 -0.068479896
v -0.20960575 0.07056293 -0.0580647
v -0.20960575 0.07056293 -0.071604446
v -0.20960575 0.053377867 -0.0580647
v -0.20960575 0.053377867 -0.07212521
v -0.20960575 0.036192805 -0.05754395
v -0.20960575 0.036192805 -0.071604446
v -0.20960575 0.019007742 -0.056502417
v -0.20960575 0.019007742 -0.07056293
v -0.20960575 0.0018226504 -0.054419383
v -0.20960575 0.0018226504 -0.06795913
v -0.20960575 -0.015362412 -0.0528571
v -0.20960575 -0.015362412 -0.06639686
v -0.20960575 -0.03306824 -0.05233635
v -0.20960575 -0.03306824 -0.0658761
v -0.20960575 -0.0502533 -0.051815584
v -0.20960575 -0.0502533 -0.06535533
v -0.20960575 -0.06743838 -0.050774068
v -0.20960575 -0.06743838 -0.06483458
v -0.20960575 -0.08462344 -0.050774068
v -0.20960575 -0.08462344 -0.06483458
v -0.20960575 -0.10180852 -0.049211785
v -0.20960575 -0.10180852 -0.06275153
v -0.20960575 -0.10180852 -0.06275153
v -0.19658679 -0.1122237 -0.037755072
v -0.20960575 -0.10180852 -0.049211785
v -0.19658679 -0.1122237 -0.051815584
v -0.18408853 -0.122638896 -0.027339876
v -0.18408853 -0.122638896 -0.040879637
v -0.1715903 -0.13253333 -0.015362412
v -0.1715903 -0.13253333 -0.029422924
v -0.15857133 -0.14294854 -0.0039056838
v -0.15857133 -0.14294854 -0.017445445
v -0.14607307 -0.15336372 0.009113282
v -0.14607307 -0.15336372 -0.0049472153
v -0.13357484 -0.16377892 0.025777608
v -0.13357484 -0.16377892 0.012237847
v -0.12055588 -0.1741941 0.04296267
v -0.12055588 -0.1741941 0.028902173
v -0.10805762 -0.18408854 0.057543933
v -0.10805762 -0.18408854 0.044004202
v -0.09555939 -0.19450372 0.072125226
v -0.09555939 -0.19450372 0.0580647
v -0.08306116 -0.20491892 0.064834565
v -0.08306116 -0.20491892 0.051294833
v -0.07004216 -0.21533412 0.057023197
v -0.07004216 -0.21533412 0.04296267
v -0.057543933 -0.22522855 0.046608
v -0.057543933 -0.22522855 0.032547474
v -0.045045704 -0.23564374 0.03567204
v -0.045045704 -0.23564374 0.022132277
v -0.032026708 -0.24605894 0.027339876
v -0.032026708 -0.24605894 0.013279378
v -0.019528478 -0.25647414 0.021090776
v -0.019528478 -0.25647414 0.0070302486
v -0.019528478 -0.25647414 0.0070302486
v -0.0033849478 -0.25647414 0.017445445
v -0.019528478 -0.25647414 0.021090776
v -0.0033849478 -0.25647414 0.0033849478
v 0.013279378 -0.25647414 0.013279378
v 0.013279378 -0.25647414 -0.0002603829
v 0.029422924 -0.25647414 0.009113282
v 0.029422924 -0.25647414 -0.0049472153
v 0.046087235 -0.25647414 0.0075510144
v 0.046087235 -0.25647414 -0.005988747
v 0.06223078 -0.25647414 0.0075510144
v 0.06223078 -0.25647414 -0.006509483
v 0.07889509 -0.25647414 0.0070302486
v 0.078374326 -0.25647414 -0.0070302486
v 0.09503864 -0.25647414 0.0075510144
v 0.09503864 -0.25647414 -0.006509483
v 0.11118218 -0.25647414 0.0101548135
v 0.11118218 -0.25647414 -0.0039056838
v 0.1278465 -0.25647414 0.012237847
v 0.1278465 -0.25647414 -0.0013018847
v 0.14399004 -0.25647414 0.014841646
v 0.14399004 -0.25647414 0.0007811487
v 0.16065437 -0.25647414 0.01432088
v 0.16065437 -0.25647414 0.0002603829
v 0.1767979 -0.25647414 0.013279378
v 0.1767979 -0.25647414 -0.0007811487
v 0.19346222 -0.25647414 0.012237847
v 0.19294146 -0.25647414 -0.0013018847
v 0.20960577 -0.25647414 0.005467981
v 0.20960577 -0.25647414 -0.008592546
v 0.20960577 -0.25647414 -0.008592546
v 0.20960577 -0.23928906 -0.013800144
v 0.20960577 -0.25647414 0.005467981
v 0.20960577 -0.23928906 -0.027339876
v 0.20960577 -0.222104 -0.026298359
v 0.20960577 -0.222104 -0.03983812
v 0.20960577 -0.20491892 -0.032547474
v 0.20960577 -0.20491892 -0.046087235
v 0.20960577 -0.18773386 -0.036713555
v 0.20960577 -0.18773386 -0.0502533
v 0.20960577 -0.17002803 -0.03983812
v 0.20960577 -0.17002803 -0.053898618
v 0.20960577 -0.15284297 -0.04817027
v 0.20960577 -0.15284297 -0.061710015
v 0.20960577 -0.13565789 -0.049211785
v 0.20960577 -0.13565789 -0.06275153
v 0.20960577 -0.11847283 -0.043483436
v 0.20960577 -0.11847283 -0.057023183
v 0.20960577 -0.10128775 -0.034630522
v 0.20960577 -0.10128775 -0.04817027
v 0.20960577 -0.08410269 -0.027860641
v 0.20960577 -0.08410269 -0.041400388
v 0.20960577 -0.06691761 -0.015883178
v 0.20960577 -0.06691761 -0.029943675
v 0.20960577 -0.04973255 -0.00807178
v 0.20960577 -0.04973255 -0.022132277
v 0.20960577 -0.032547474 0.00807178
v 0.20960577 -0.032547474 -0.005467981
v 0.20960577 -0.015362412 0.0023434162
v 0.20960577 -0.015362412 -0.011196345
v 0.20960577 0.0018226504 -0.002864182
v 0.20960577 0.0018226504 -0.016403928
v 0.20960577 0.019007742 -0.011196345
v 0.20960577 0.019007742 -0.025256842
v 0.20960577 0.036192805 -0.010675579
v 0.20960577 0.036192805 -0.024215326
v 0.20960577 0.036192805 -0.024215326
v 0.19814906 0.047649503 -0.0033849478
v 0.20960577 0.036192805 -0.010675579
v 0.19814906 0.047649503 -0.017445445
v 0.18669234 0.058585465 -0.002864182
v 0.18669234 0.058585465 -0.016403928
v 0.1757564 0.07004216 -0.0013018847
v 0.1757564 0.07004216 -0.015362412
v 0.16429967 0.080978125 -0.0101548135
v 0.16429967 0.080978125 -0.024215326
v 0.15284297 0.09243485 -0.01432088
v 0.15284297 0.09243485 -0.027860641
v 0.15284297 0.09243485 -0.027860641
v 0.15284297 0.10909915 -0.011717081
v 0.15284297 0.09243485 -0.01432088
v 0.15284297 0.10909915 -0.025777608
v 0.15336372 0.12576345 -0.009634048
v 0.15336372 0.12576345 -0.023173809
v 0.15336372 0.14242777 -0.00807178
v 0.15336372 0.14242777 -0.021611527
v 0.15336372 0.15909207 -0.009634048
v 0.15336372 0.15909207 -0.02369456
v 0.15336372 0.1757564 -0.013279378
v 0.15336372 0.1757564 -0.026819125
v 0.15388447 0.19242069 -0.013800144
v 0.15388447 0.19242069 -0.027860641
v 0.15388447 0.20908502 -0.019007728
v 0.15388447 0.20908502 -0.032547474
v 0.15388447 0.22574931 -0.022653043
v 0.15388447 0.22574931 -0.03619279
v 0.15388447 0.24241364 -0.026819125
v 0.15388447 0.24241364 -0.040879637
v 0.15388447 0.24241364 -0.040879637
v 0.14399004 0.23199844 -0.026298359
v 0.15388447 0.24241364 -0.026819125
v 0.14399004 0.23199844 -0.04035887
v 0.13409561 0.22210401 -0.027860641
v 0.13409561 0.22210401 -0.041921154
v 0.12368041 0.21220955 -0.029943675
v 0.12368041 0.21220955 -0.044004187
v 0.11378598 0.20179439 -0.032026723
v 0.11378598 0.20179439 -0.046087235
v 0.103370786 0.19189993 -0.034630522
v 0.103370786 0.19189993 -0.048691034
v 0.1575298 0.22522855 -0.022132277
v 0.15388447 0.20908502 -0.019007728
v 0.15388447 0.22574931 -0.022653043
v 0.15388447 0.24241364 -0.026819125
v 0.15700904 0.20856425 -0.018486962
v 0.15388447 0.19242069 -0.013800144
v 0.15700904 0.19242069 -0.013279378
v 0.15336372 0.1757564 -0.013279378
v 0.15700904 0.1757564 -0.012237847
v 0.15336372 0.15909207 -0.009634048
v 0.15700904 0.15909207 -0.00807178
v 0.15336372 0.14242777 -0.00807178
v 0.15857132 0.20491892 -0.017445445
v 0.15857132 0.18825462 -0.012758613
v 0.15857132 0.22054172 -0.02109076
v 0.15857132 0.1715903 -0.011717081
v 0.16065437 0.19814906 -0.014841646
v 0.16065437 0.21533412 -0.019528493
v 0.16065437 0.23251918 -0.023173809
v 0.15857132 0.23199844 -0.023173809
v 0.15648827 0.2429344 -0.026819125
v 0.1601336 0.18148476 -0.012237847
v 0.16377892 0.19814906 -0.01432088
v 0.16377892 0.21533412 -0.019528493
v 0.16377892 0.18148476 -0.011196345
v 0.16377892 0.23251918 -0.022132277
v 0.16429967 0.24918348 -0.026819125
v 0.16325817 0.16429967 -0.005467981
v 0.15700904 0.25230807 -0.027860641
v 0.16429967 0.26636857 -0.025256842
v 0.15336372 0.2554326 -0.028381407
v 0.1601336 0.16429967 -0.0070302486
v 0.1497184 0.24241364 -0.027860641
v 0.14503157 0.24241364 -0.028902158
v 0.14242777 0.24501741 -0.03046444
v 0.13201258 0.23408145 -0.032026723
v 0.15805057 0.15909207 -0.0075510144
v 0.1601336 0.14763537 -0.0049472153
v 0.16325817 0.14763537 -0.0033849478
v 0.13409561 0.23199844 -0.03046444
v 0.12107663 0.22366628 -0.03358899
v 0.15648827 0.14242777 -0.005988747
v 0.1601336 0.13045031 -0.0049472153
v 0.16325817 0.13045031 -0.0033849478
v 0.15648827 0.12576345 -0.00807178
v 0.15336372 0.12576345 -0.009634048
v 0.15284297 0.10909915 -0.011717081
v 0.15961283 0.11326522 -0.00807178
v 0.16325817 0.11326522 -0.005988747
v 0.1627374 0.09660092 -0.0070302486
v 0.15648827 0.10909915 -0.009634048
v 0.15284297 0.09243485 -0.01432088
v 0.15961283 0.09503865 -0.009634048
v 0.17211106 0.08306116 -0.005467981
v 0.1741941 0.08514419 -0.0033849478
v 0.18565083 0.07420826 0.002864182
v 0.16638272 0.083581924 -0.00807178
v 0.16429967 0.080978125 -0.0101548135
v 0.17783943 0.072125226 -0.0007811487
v 0.1757564 0.07004216 -0.0013018847
v 0.18304703 0.07160446 0.0018226504
v 0.19710752 0.06275153 0.0007811487
v 0.18929613 0.061189264 -0.0013018847
v 0.18669234 0.058585465 -0.002864182
v 0.19814906 0.047649503 -0.0033849478
v 0.19450372 0.0606685 -0.0002603829
v 0.20804349 0.0518156 -0.005988747
v 0.20075285 0.049732536 -0.0033849478
v 0.20960577 0.036192805 -0.010675579
v 0.20596045 0.0492118 -0.005467981
v 0.2195002 0.04035887 -0.013800144
v 0.2195002 0.023694575 -0.018486962
v 0.21064728 0.03671357 -0.010675579
v 0.21064728 0.019007742 -0.012237847
v 0.20960577 0.019007742 -0.011196345
v 0.20960577 0.0018226504 -0.002864182
v 0.21533412 0.022653043 -0.015883178
v 0.2195002 0.006509483 -0.0101548135
v 0.21064728 0.0018226504 -0.0033849478
v 0.20960577 -0.015362412 0.0023434162
v 0.21273032 0.015883178 -0.011196345
v 0.21533412 0.006509483 -0.00807178
v 0.21533412 -0.010675579 -0.0049472153
v 0.2195002 -0.010675579 -0.009113282
v 0.21273032 0.0039056838 -0.005467981
v 0.21064728 -0.015362412 0.0013019145
v 0.20960577 -0.032547474 0.00807178
v 0.21273032 -0.012758613 -0.0018226504
v 0.21533412 -0.027860641 0.0023434162
v 0.2195002 -0.027860641 -0.0018226504
v 0.21064728 -0.032547474 0.0070302486
v 0.20960577 -0.04973255 -0.00807178
v 0.21273032 -0.029422924 0.005467981
v 0.21533412 -0.044524953 -0.009113282
v 0.2195002 -0.044524953 -0.013800144
v 0.21064728 -0.04973255 -0.009634048
v 0.20960577 -0.06691761 -0.015883178
v 0.21273032 -0.046607986 -0.008592546
v 0.21533412 -0.061710015 -0.013800144
v 0.2195002 -0.061710015 -0.01432088
v 0.21064728 -0.06691761 -0.016403928
v 0.20960577 -0.08410269 -0.027860641
v 0.21273032 -0.06379306 -0.01432088
v 0.21533412 -0.07889509 -0.025256842
v 0.2195002 -0.07889509 -0.026298359
v 0.21064728 -0.08410269 -0.027339876
v 0.20960577 -0.10128775 -0.034630522
v 0.21273032 -0.080457374 -0.026298359
v 0.21533412 -0.096080154 -0.031505957
v 0.2195002 -0.096080154 -0.031505957
v 0.21064728 -0.10128775 -0.034109756
v 0.20960577 -0.11847283 -0.043483436
v 0.21325108 -0.0955594 -0.031505957
v 0.21533412 -0.112744465 -0.040879637
v 0.2195002 -0.112744465 -0.041400388
v 0.21325108 -0.11118218 -0.03879659
v 0.21064728 -0.11847283 -0.043483436
v 0.20960577 -0.13565789 -0.049211785
v 0.21533412 -0.12992954 -0.047649503
v 0.2195002 -0.12992954 -0.04817027
v 0.21273032 -0.12576346 -0.046087235
v 0.21064728 -0.13565789 -0.049211785
v 0.20960577 -0.15284297 -0.04817027
v 0.21533412 -0.1471146 -0.0528571
v 0.2195002 -0.1471146 -0.053898618
v 0.2195002 -0.16429967 -0.04556647
v 0.21273032 -0.14294854 -0.053377867
v 0.21064728 -0.15284297 -0.048691034
v 0.20960577 -0.17002803 -0.03983812
v 0.21273032 -0.15961283 -0.04556647
v 0.21064728 -0.17002803 -0.04035887
v 0.20960577 -0.18773386 -0.036713555
v 0.21533412 -0.16429967 -0.044004187
v 0.21064728 -0.18773386 -0.03723432
v 0.20960577 -0.20491892 -0.032547474
v 0.21273032 -0.1767979 -0.04035887
v 0.21533412 -0.180964 -0.04035887
v 0.2195002 -0.180964 -0.042441905
v 0.2195002 -0.19814906 -0.039317355
v 0.21064728 -0.20491892 -0.03306824
v 0.20960577 -0.222104 -0.026298359
v 0.21273032 -0.19398297 -0.036713555
v 0.21533412 -0.19814906 -0.03723432
v 0.2195002 -0.21533412 -0.03306824
v 0.21064728 -0.222104 -0.026819125
v 0.20960577 -0.23928906 -0.013800144
v 0.21273032 -0.21012652 -0.032026723
v 0.21533412 -0.21533412 -0.030985206
v 0.2195002 -0.2325192 -0.025256842
v 0.21273032 -0.22314551 -0.026819125
v 0.21533412 -0.2325192 -0.02369456
v 0.2195002 -0.2491835 -0.009634048
v 0.21064728 -0.23928906 -0.01432088
v 0.20960577 -0.25647414 0.005467981
v 0.21220957 -0.23303995 -0.022132277
v 0.21012652 -0.2569949 0.0049472153
v 0.20335665 -0.263244 0.002864182
v 0.1872131 -0.263244 0.010675579
v 0.2195002 -0.26636857 -0.012758613
v 0.20335665 -0.26636857 -0.0007811487
v 0.1872131 -0.26636857 0.009634048
v 0.17106955 -0.26636857 0.010675579
v 0.19346222 -0.2569949 0.012237847
v 0.19346222 -0.25647414 0.012237847
v 0.1767979 -0.25647414 0.013279378
v 0.1767979 -0.2569949 0.013279378
v 0.16065437 -0.25647414 0.01432088
v 0.17106955 -0.263244 0.011717081
v 0.16065437 -0.2569949 0.013800144
v 0.14399004 -0.25647414 0.014841646
v 0.154926 -0.263244 0.012237847
v 0.154926 -0.26636857 0.011717081
v 0.14399004 -0.2569949 0.014841646
v 0.1278465 -0.25647414 0.012237847
v 0.13878246 -0.263244 0.013279378
v 0.13878246 -0.26636857 0.012237847
v 0.1278465 -0.2569949 0.012237847
v 0.122638896 -0.263244 0.012237847
v 0.122638896 -0.26636857 0.012237847
v 0.11118218 -0.2569949 0.0101548135
v 0.11118218 -0.25647414 0.0101548135
v 0.10649535 -0.263244 0.009634048
v 0.10649535 -0.26636857 0.009634048
v 0.09503864 -0.2569949 0.0075510144
v 0.09503864 -0.25647414 0.0075510144
v 0.090351805 -0.263244 0.0070302486
v 0.090351805 -0.26636857 0.0075510144
v 0.07889509 -0.2569949 0.0070302486
v 0.07889509 -0.25647414 0.0070302486
v 0.074208245 -0.263244 0.005988747
v 0.074208245 -0.26636857 0.005467981
v 0.06223078 -0.2569949 0.0070302486
v 0.06223078 -0.25647414 0.0075510144
v 0.05754395 -0.263244 0.006509483
v 0.05754395 -0.26636857 0.005988747
v 0.046087235 -0.2569949 0.0075510144
v 0.046087235 -0.25647414 0.0075510144
v 0.041400388 -0.263244 0.0070302486
v 0.041400388 -0.26636857 0.006509483
v 0.029422924 -0.2569949 0.008592546
v 0.029422924 -0.25647414 0.009113282
v 0.025256842 -0.263244 0.0075510144
v 0.025256842 -0.26636857 0.0070302486
v 0.013279378 -0.2569949 0.013279378
v 0.013279378 -0.25647414 0.013279378
v -0.0033849478 -0.25647414 0.017445445
v 0.009113282 -0.263244 0.011717081
v 0.009113282 -0.26636857 0.010675579
v -0.0033849478 -0.2569949 0.017445445
v -0.019528478 -0.25647414 0.021090776
v -0.0070302486 -0.263244 0.015883178
v -0.0070302486 -0.26636857 0.014841646
v -0.019528478 -0.2569949 0.021090776
v -0.022132277 -0.263244 0.019007742
v -0.023173809 -0.26636857 0.018486977
v -0.036192805 -0.25595337 0.024736077
v -0.032547474 -0.2465797 0.027339876
v -0.032026708 -0.24605894 0.027339876
v -0.03410977 -0.25334957 0.025256842
v -0.047128737 -0.24241363 0.03306824
v -0.0492118 -0.24501742 0.03306824
v -0.045045704 -0.23616451 0.03567204
v -0.045045704 -0.23564374 0.03567204
v -0.060147732 -0.23199843 0.044004202
v -0.062230796 -0.23460223 0.043483436
v -0.057543933 -0.22574931 0.046087235
v -0.057543933 -0.22522855 0.046608
v -0.07004216 -0.21533412 0.057023197
v -0.07316673 -0.22106248 0.054940134
v -0.07524976 -0.22366628 0.0544194
v -0.08826876 -0.21325108 0.06171003
v -0.07056293 -0.21533412 0.05650243
v -0.08306116 -0.20491892 0.064834565
v -0.08618572 -0.21064728 0.06275153
v -0.08306116 -0.20491892 0.064834565
v -0.099725485 -0.19971132 0.07264596
v -0.10180852 -0.20231512 0.072125226
v -0.09555939 -0.19502449 0.072125226
v -0.09555939 -0.19450372 0.072125226
v -0.108578384 -0.1846093 0.057543933
v -0.10805762 -0.18408854 0.057543933
v -0.12055588 -0.1741941 0.04296267
v -0.11274448 -0.18929613 0.05910623
v -0.11482751 -0.19189993 0.060147732
v -0.12107661 -0.1741941 0.04296267
v -0.13357484 -0.16377892 0.025777608
v -0.12576345 -0.1783602 0.044524938
v -0.12784651 -0.180964 0.04556647
v -0.13357484 -0.16377892 0.025777608
v -0.14607307 -0.15336372 0.009113282
v -0.13878244 -0.167945 0.02681911
v -0.1408655 -0.1705488 0.028381407
v -0.14607307 -0.15388447 0.009113282
v -0.15857133 -0.14294854 -0.0039056838
v -0.15180144 -0.15700904 0.009634048
v -0.15388447 -0.15961283 0.010675579
v -0.15909207 -0.14346929 -0.0039056838
v -0.1715903 -0.13253333 -0.015362412
v -0.16482043 -0.14659384 -0.0039056838
v -0.16690347 -0.14919764 -0.002864182
v -0.1715903 -0.13305409 -0.015362412
v -0.17783943 -0.13617866 -0.015883178
v -0.17992246 -0.13878246 -0.014841646
v -0.18408853 -0.122638896 -0.027339876
v -0.18408853 -0.122638896 -0.027339876
v -0.19085842 -0.1252427 -0.027860641
v -0.19294146 -0.1278465 -0.027339876
v -0.19710752 -0.1122237 -0.037755072
v -0.19658679 -0.1122237 -0.037755072
v -0.20960575 -0.10180852 -0.049211785
v -0.20439816 -0.1148275 -0.03879659
v -0.20648122 -0.1174313 -0.038275838
v -0.21950021 -0.10649535 -0.04973255
v -0.21950021 -0.08931029 -0.05233635
v -0.20960575 -0.10180852 -0.049211785
v -0.20960575 -0.08462344 -0.050774068
v -0.20960575 -0.08462344 -0.050774068
v -0.21481335 -0.08826876 -0.051815584
v -0.21950021 -0.07212521 -0.05233635
v -0.20960575 -0.06743838 -0.050774068
v -0.20960575 -0.06743838 -0.050774068
v -0.21481335 -0.07212521 -0.051815584
v -0.21950021 -0.0554609 -0.0528571
v -0.21168882 -0.08149889 -0.051294833
v -0.21481335 -0.0554609 -0.051815584
v -0.21950021 -0.038275838 -0.053377867
v -0.21168882 -0.06952141 -0.051294833
v -0.20960575 -0.0502533 -0.051815584
v -0.20960575 -0.0502533 -0.051815584
v -0.21220955 -0.053377867 -0.051815584
v -0.21481335 -0.038275838 -0.0528571
v -0.21950021 -0.02109076 -0.053898618
v -0.20960575 -0.03306824 -0.05233635
v -0.20960575 -0.03306824 -0.05233635
v -0.21220955 -0.03619279 -0.05233635
v -0.21481335 -0.02109076 -0.053377867
v -0.21950021 -0.0039056838 -0.05494015
v -0.20960575 -0.015362412 -0.0528571
v -0.20960575 -0.015362412 -0.0528571
v -0.21220955 -0.019007728 -0.0528571
v -0.21481335 -0.0039056838 -0.053898618
v -0.21950021 0.013279378 -0.057023183
v -0.20960575 0.0018226504 -0.054419383
v -0.20960575 0.0018226504 -0.054419383
v -0.21220955 -0.0018226504 -0.053898618
v -0.21481335 0.013279378 -0.056502417
v -0.20960575 0.019007742 -0.057023183
v -0.20960575 0.019007742 -0.056502417
v -0.21220955 0.015362412 -0.056502417
v -0.21481335 0.03046444 -0.0580647
v -0.21950021 0.03046444 -0.058585465
v -0.20960575 0.036192805 -0.05754395
v -0.20960575 0.036192805 -0.05754395
v -0.21220955 0.03046444 -0.05754395
v -0.21481335 0.047649503 -0.058585465
v -0.21950021 0.047649503 -0.059106216
v -0.21220955 0.04556647 -0.058585465
v -0.20960575 0.053377867 -0.0580647
v -0.20960575 0.053377867 -0.0580647
v -0.21481335 0.06431383 -0.058585465
v -0.21950021 0.06431383 -0.059106216
v -0.21220955 0.0606685 -0.0580647
v -0.20960575 0.07056293 -0.0580647
v -0.20960575 0.07056293 -0.0580647
v -0.21481335 0.08149889 -0.055981666
v -0.21950021 0.08149889 -0.055981666
v -0.21220955 0.077332824 -0.05754395
v -0.20960575 0.08774799 -0.054419383
v -0.20960575 0.08774799 -0.054419383
v -0.21481335 0.09868395 -0.051815584
v -0.21950021 0.09868395 -0.051815584
v -0.21220955 0.09451789 -0.0528571
v -0.21012652 0.10545382 -0.0502533
v -0.20960575 0.10545382 -0.0502533
v -0.21481335 0.115869015 -0.047649503
v -0.21950021 0.115869015 -0.047649503
v -0.21220955 0.11170295 -0.048691034
v -0.21012652 0.12263891 -0.04556647
v -0.20960575 0.12263891 -0.04556647
v -0.21481335 0.1330541 -0.04296267
v -0.21950021 0.1330541 -0.04296267
v -0.21220955 0.12888801 -0.044524953
v -0.21012652 0.13982397 -0.040879637
v -0.20960575 0.13982397 -0.040879637
v -0.21481335 0.15023917 -0.03723432
v -0.21950021 0.15023917 -0.03723432
v -0.21950021 0.16742423 -0.030985206
v -0.21220955 0.14503157 -0.039317355
v -0.21012652 0.15700904 -0.035151273
v -0.20960575 0.15700904 -0.035151273
v -0.21481335 0.16742423 -0.031505957
v -0.21950021 0.1846093 -0.024736077
v -0.21168882 0.15805057 -0.034630522
v -0.21012652 0.1741941 -0.028381407
v -0.20960575 0.1741941 -0.028381407
v -0.20960575 0.19137919 -0.021611527
v -0.21168882 0.16846576 -0.030985206
v -0.20960575 0.19189993 -0.021611527
v -0.20283589 0.19814906 -0.018486962
v -0.21950021 0.20127362 -0.015883178
v -0.20283589 0.20127362 -0.016403928
v -0.19294146 0.19502449 -0.02057001
v -0.19294146 0.19137919 -0.022132277
v -0.1767979 0.19137919 -0.026819125
v -0.20023209 0.19502449 -0.020049244
v -0.18617159 0.19814906 -0.02109076
v -0.18617159 0.20127362 -0.019528493
v -0.18825462 0.19658679 -0.02109076
v -0.1767979 0.19502449 -0.025256842
v -0.1601336 0.19137919 -0.032026723
v -0.1689865 0.19814906 -0.026819125
v -0.1689865 0.20179439 -0.025256842
v -0.17211106 0.19658679 -0.026298359
v -0.1601336 0.19502449 -0.03046444
v -0.1434693 0.19137919 -0.03723432
v -0.1523222 0.19814906 -0.032026723
v -0.1523222 0.20179439 -0.030985206
v -0.15544677 0.19710752 -0.031505957
v -0.1434693 0.19502449 -0.03567204
v -0.12732574 0.19137919 -0.03983812
v -0.1356579 0.19814906 -0.03723432
v -0.1356579 0.20179439 -0.03619279
v -0.13878244 0.19710752 -0.036713555
v -0.12732574 0.19502449 -0.039317355
v -0.11066142 0.19189993 -0.040879637
v -0.11899358 0.19814906 -0.03983812
v -0.11899358 0.20179439 -0.039317355
v -0.122118145 0.19710752 -0.03983812
v -0.11066142 0.19502449 -0.04035887
v -0.09399712 0.19189993 -0.041921154
v -0.10180852 0.19814906 -0.040879637
v -0.10180852 0.20179439 -0.04035887
v -0.10545382 0.19710752 -0.040879637
v -0.09399712 0.19502449 -0.041400388
v -0.07785356 0.19189993 -0.041921154
v -0.08514419 0.19814906 -0.041921154
v -0.08514419 0.20179439 -0.041400388
v -0.08826876 0.19710752 -0.041921154
v -0.07785356 0.19502449 -0.042441905
v -0.061189264 0.19189993 -0.037755072
v -0.068479896 0.19814906 -0.04035887
v -0.068479896 0.20179439 -0.04035887
v -0.06900066 0.19658679 -0.04035887
v -0.061189264 0.19502449 -0.038275838
v -0.044524938 0.19189993 -0.034109756
v -0.0518156 0.19814906 -0.036713555
v -0.0518156 0.20179439 -0.036713555
v -0.035151273 0.20179439 -0.03306824
v -0.044524938 0.19502449 -0.034630522
v -0.028381407 0.19189993 -0.029943675
v -0.0492118 0.19710752 -0.03567204
v -0.035151273 0.19866982 -0.032547474
v -0.01796621 0.20179439 -0.031505957
v -0.028381407 0.19502449 -0.03046444
v -0.011717081 0.19189993 -0.032026723
v -0.032547474 0.19710752 -0.032026723
v -0.01796621 0.19866982 -0.031505957
v -0.011717081 0.19502449 -0.032547474
v 0.0044264495 0.19189993 -0.03619279
v -0.015883178 0.19710752 -0.032026723
v -0.0013019145 0.19866982 -0.03567204
v -0.0013019145 0.20179439 -0.03619279
v 0.015362412 0.20179439 -0.040879637
v 0.0044264495 0.19502449 -0.036713555
v 0.02109076 0.19189993 -0.04035887
v 0.0007811487 0.19710752 -0.03619279
v 0.015362412 0.19866982 -0.04035887
v 0.032026723 0.20179439 -0.045045704
v 0.02109076 0.19502449 -0.040879637
v 0.037755072 0.19189993 -0.04296267
v 0.017445445 0.19710752 -0.04035887
v 0.032026723 0.19866982 -0.044524953
v 0.049211785 0.20179439 -0.044524953
v 0.037755072 0.19502449 -0.044004187
v 0.053898618 0.19189993 -0.042441905
v 0.034109756 0.19710752 -0.044524953
v 0.049211785 0.19866982 -0.044004187
v 0.0658761 0.20179439 -0.044004187
v 0.053898618 0.19502449 -0.04296267
v 0.07056293 0.19189993 -0.041400388
v 0.0502533 0.19710752 -0.043483436
v 0.0658761 0.19866982 -0.04296267
v 0.08254041 0.20179439 -0.04296267
v 0.06275153 0.19710752 -0.04296267
v 0.07056293 0.19502449 -0.042441905
v 0.08722724 0.19189993 -0.040879637
v 0.08254041 0.19866982 -0.042441905
v 0.09920472 0.20179439 -0.038275838
v 0.08722724 0.19502449 -0.041400388
v 0.103370786 0.19189993 -0.034630522
v 0.100767 0.19866982 -0.03723432
v 0.112744465 0.21012652 -0.034630522
v 0.11014067 0.21273032 -0.03619279
v 0.11118218 0.20439816 -0.034109756
v 0.11378598 0.20179439 -0.032026723
v 0.12159738 0.21429262 -0.031505957
v 0.12368041 0.21220955 -0.029943675
v 0.12315966 0.22106248 -0.032026723
v 0.13149181 0.22470778 -0.029422924
v 0.13409561 0.22210401 -0.027860641
v 0.1252427 0.22106248 -0.031505957
v 0.13253333 0.22783235 -0.029943675
v 0.14138624 0.23460221 -0.027860641
v 0.14399004 0.23199844 -0.026298359
v 0.14138624 0.23616451 -0.028902158
v 0.15180144 0.24449664 -0.027860641
vt 1.8576202 0.7386532
vt 1.4315023 0.74841213
vt 1.8576202 0.7386532
vt 1.4315023 0.74841213
vt 1.0086365 0.7581701
vt 1.0086365 0.7581701
vt 0.5825186 0.7679281
vt 0.5825186 0.7679281
vt 0.15965271 0.7776871
vt 0.15965271 0.7776871
vt -0.2664652 0.78744507
vt -0.2664652 0.78744507
vt -0.69258404 0.797204
vt -0.69258404 0.797204
vt -1.115449 0.806962
vt -1.115449 0.806962
vt -1.5415678 0.81672096
vt -1.5415678 0.81672096
vt -1.9676857 0.82647896
vt -1.9676857 0.82647896
vt -2.3905516 0.8362379
vt -2.3905516 0.8362379
vt -2.3905516 0.8362379
vt -2.6702929 0.8362379
vt -2.3905516 0.8362379
vt -2.6702929 0.8362379
vt -2.950035 0.8362379
vt -2.950035 0.8362379
vt -3.2297764 0.8362379
vt -3.2297764 0.8362379
vt -3.5095186 0.8362379
vt -3.5095186 0.8362379
vt -3.7892604 0.8362379
vt -3.7892604 0.8362379
vt -3.7892604 0.8362379
vt -4.2153788 0.8459959
vt -3.7892604 0.8362379
vt -4.2153788 0.8459959
vt -4.641497 0.8590069
vt -4.641497 0.8590069
vt -5.0676155 0.86876583
vt -5.0676155 0.86876583
vt -5.4937334 0.8785238
vt -5.4937334 0.8785238
vt -5.923105 0.8882828
vt -5.923105 0.8882828
vt -6.349223 0.8980408
vt -6.349223 0.8980408
vt -6.7753415 0.9077997
vt -6.7753415 0.9077997
vt -7.2014594 0.9175577
vt -7.2014594 0.9175577
vt -7.627578 0.92731667
vt -7.627578 0.92731667
vt -8.053696 0.93707466
vt -8.053696 0.93707466
vt -8.479815 0.9468336
vt -8.479815 0.9468336
vt -8.905933 0.9565916
vt -8.905933 0.9565916
vt -9.332051 0.9663496
vt -9.332051 0.9663496
vt -9.758169 0.97610855
vt -9.758169 0.97610855
vt -10.184288 0.98586655
vt -10.184288 0.98586655
vt -10.610406 0.9988785
vt -10.610406 0.9988785
vt -11.036525 1.0086365
vt -11.036525 1.0086365
vt -11.462643 1.0183954
vt -11.462643 1.0183954
vt -11.462643 1.0183954
vt -11.462643 1.0281534
vt -11.462643 1.0183954
vt -11.462643 1.0281534
vt -11.462643 1.0379114
vt -11.462643 1.0379114
vt -11.45939 1.0444174
vt -11.45939 1.0444174
vt -11.45939 1.0541763
vt -11.45939 1.0541763
vt -11.45939 1.0639343
vt -11.45939 1.0639343
vt -11.45939 1.0736933
vt -11.45939 1.0736933
vt -11.45939 1.0834513
vt -11.45939 1.0834513
vt -11.45939 1.0932093
vt -11.45939 1.0932093
vt -11.456137 1.1029682
vt -11.456137 1.1029682
vt -11.456137 1.1127262
vt -11.456137 1.1127262
vt -11.456137 1.1224852
vt -11.456137 1.1224852
vt -11.456137 1.1322432
vt -11.456137 1.1322432
vt -11.456137 1.1420021
vt -11.456137 1.1420021
vt -11.452885 1.1485071
vt -11.452885 1.1485071
vt -11.452885 1.1582661
vt -11.452885 1.1582661
vt -11.452885 1.1582661
vt -11.186153 1.161519
vt -11.452885 1.1582661
vt -11.186153 1.161519
vt -10.919423 1.161519
vt -10.919423 1.161519
vt -10.652693 1.1647711
vt -10.652693 1.1647711
vt -10.385962 1.1647711
vt -10.385962 1.1647711
vt -10.119231 1.1680241
vt -10.119231 1.1680241
vt -9.852501 1.1680241
vt -9.852501 1.1680241
vt -9.585771 1.1680241
vt -9.585771 1.1680241
vt -9.31904 1.171277
vt -9.31904 1.171277
vt -9.052309 1.171277
vt -9.052309 1.171277
vt -8.785579 1.17453
vt -8.785579 1.17453
vt -8.518848 1.17453
vt -8.518848 1.17453
vt -8.252117 1.177783
vt -8.252117 1.177783
vt -7.985387 1.177783
vt -7.985387 1.177783
vt -7.7186565 1.177783
vt -7.7186565 1.177783
vt -7.451926 1.181036
vt -7.451926 1.181036
vt -7.451926 1.181036
vt -7.022555 1.171277
vt -7.451926 1.181036
vt -7.022555 1.171277
vt -6.5964365 1.161519
vt -6.5964365 1.161519
vt -6.1670656 1.1517601
vt -6.1670656 1.1517601
vt -5.7409472 1.1420021
vt -5.7409472 1.1420021
vt -5.3115764 1.1289902
vt -5.3115764 1.1289902
vt -4.885458 1.1192322
vt -4.885458 1.1192322
vt -4.4560866 1.1094742
vt -4.4560866 1.1094742
vt -4.0299683 1.0997152
vt -4.0299683 1.0997152
vt -3.6005974 1.0899572
vt -3.6005974 1.0899572
vt -3.1744785 1.0801983
vt -3.1744785 1.0801983
vt -2.7451077 1.0704403
vt -2.7451077 1.0704403
vt -2.3157368 1.0606813
vt -2.3157368 1.0606813
vt -1.8896189 1.0509233
vt -1.8896189 1.0509233
vt -1.460247 1.0411644
vt -1.460247 1.0411644
vt -1.0341291 1.0314064
vt -1.0341291 1.0314064
vt -0.60475826 1.0216475
vt -0.60475826 1.0216475
vt -0.17863941 1.0086365
vt -0.17863941 1.0086365
vt 0.25073147 0.9988785
vt 0.25073147 0.9988785
vt 0.25073147 0.9988785
vt 0.25073147 0.9891195
vt 0.25073147 0.9988785
vt 0.25073147 0.9891195
vt 0.25073147 0.97936153
vt 0.25073147 0.97936153
vt 0.25073147 0.9696026
vt 0.25073147 0.9696026
vt 0.25073147 0.9598446
vt 0.25073147 0.9598446
vt 0.25073147 0.95008564
vt 0.25073147 0.95008564
vt 0.25073147 0.94032764
vt 0.25073147 0.94032764
vt 0.25073147 0.9305687
vt 0.25073147 0.9305687
vt 0.25073147 0.9208107
vt 0.25073147 0.9208107
vt 0.25073147 0.9110527
vt 0.25073147 0.9110527
vt 0.25073147 0.90129375
vt 0.25073147 0.90129375
vt 0.25073147 0.89153576
vt 0.25073147 0.89153576
vt 0.25073147 0.8817768
vt 0.25073147 0.8817768
vt 0.25073147 0.8720188
vt 0.25073147 0.8720188
vt 0.25073147 0.86225986
vt 0.25073147 0.86225986
vt 0.25073147 0.85250187
vt 0.25073147 0.85250187
vt 0.25073147 0.8427429
vt 0.25073147 0.8427429
vt 0.25073147 0.8329849
vt 0.25073147 0.8329849
vt 0.25073147 0.823226
vt 0.25073147 0.823226
vt 0.25073147 0.813468
vt 0.25073147 0.813468
vt 0.25073147 0.813468
vt 0.5174618 0.800457
vt 0.25073147 0.813468
vt 0.5174618 0.800457
vt 0.78744507 0.78744507
vt 0.78744507 0.78744507
vt 1.0541763 0.7744341
vt 1.0541763 0.7744341
vt 1.3209066 0.7614231
vt 1.3209066 0.7614231
vt 1.5908899 0.74841213
vt 1.5908899 0.74841213
vt 1.8576202 0.7386532
vt 1.8576202 0.7386532
vt 0.00026512146 0.81672096
vt 0.00026512146 0.82647896
vt 0.00026512146 0.81672096
vt 0.00026512146 0.82647896
vt 0.00026512146 0.8362379
vt 0.00026512146 0.8362379
vt 0.00026512146 0.8459959
vt 0.00026512146 0.8459959
vt 0.00026512146 0.85575485
vt 0.00026512146 0.85575485
vt 0.00026512146 0.86551285
vt 0.00026512146 0.86551285
vt 0.00026512146 0.87527084
vt 0.00026512146 0.87527084
vt 0.00026512146 0.8850298
vt 0.00026512146 0.8850298
vt 0.00026512146 0.8947878
vt 0.00026512146 0.8947878
vt 0.00026512146 0.90454674
vt 0.00026512146 0.90454674
vt 0.00026512146 0.91430473
vt 0.00026512146 0.91430473
vt 0.00026512146 0.9240637
vt 0.00026512146 0.9240637
vt 0.00026512146 0.9338217
vt 0.00026512146 0.9338217
vt 0.00026512146 0.9435806
vt 0.00026512146 0.9435806
vt 0.00026512146 0.9533386
vt 0.00026512146 0.9533386
vt 0.00026512146 0.9598446
vt 0.00026512146 0.9598446
vt 0.00026512146 0.9696026
vt 0.00026512146 0.9696026
vt 0.00026512146 0.97936153
vt 0.00026512146 0.97936153
vt 0.00026512146 0.9891195
vt 0.00026512146 0.9891195
vt 0.00026512146 0.9988785
vt 0.00026512146 0.9988785
vt 0.00026512146 0.9988785
vt -0.43235874 1.0086365
vt 0.00026512146 0.9988785
vt -0.43235874 1.0086365
vt -0.8617296 1.0216475
vt -0.8617296 1.0216475
vt -1.2943535 1.0314064
vt -1.2943535 1.0314064
vt -1.7269783 1.0411644
vt -1.7269783 1.0411644
vt -2.1563492 1.0509233
vt -2.1563492 1.0509233
vt -2.588973 1.0606813
vt -2.588973 1.0606813
vt -3.018344 1.0704403
vt -3.018344 1.0704403
vt -3.4509678 1.0801983
vt -3.4509678 1.0801983
vt -3.8835921 1.0899572
vt -3.8835921 1.0899572
vt -4.312963 1.0997152
vt -4.312963 1.0997152
vt -4.745587 1.1127262
vt -4.745587 1.1127262
vt -5.174958 1.1224852
vt -5.174958 1.1224852
vt -5.607582 1.1322432
vt -5.607582 1.1322432
vt -6.040206 1.1420021
vt -6.040206 1.1420021
vt -6.469577 1.1517601
vt -6.469577 1.1517601
vt -6.902201 1.161519
vt -6.902201 1.161519
vt -7.334825 1.171277
vt -7.334825 1.171277
vt -7.334825 1.171277
vt -7.591797 1.171277
vt -7.334825 1.171277
vt -7.591797 1.171277
vt -7.848769 1.1680241
vt -7.848769 1.1680241
vt -8.108994 1.1680241
vt -8.108994 1.1680241
vt -8.365966 1.1680241
vt -8.365966 1.1680241
vt -8.622938 1.1647711
vt -8.622938 1.1647711
vt -8.87991 1.1647711
vt -8.87991 1.1647711
vt -9.140135 1.161519
vt -9.140135 1.161519
vt -9.397107 1.161519
vt -9.397107 1.161519
vt -9.654079 1.1582661
vt -9.654079 1.1582661
vt -9.914305 1.1582661
vt -9.914305 1.1582661
vt -10.171276 1.1582661
vt -10.171276 1.1582661
vt -10.428248 1.1550131
vt -10.428248 1.1550131
vt -10.688474 1.1550131
vt -10.688474 1.1550131
vt -10.945446 1.1517601
vt -10.945446 1.1517601
vt -11.202417 1.1517601
vt -11.202417 1.1517601
vt -11.202417 1.1517601
vt -11.20567 1.1420021
vt -11.202417 1.1517601
vt -11.20567 1.1420021
vt -11.20567 1.1322432
vt -11.20567 1.1322432
vt -11.20567 1.1224852
vt -11.20567 1.1224852
vt -11.20567 1.1127262
vt -11.20567 1.1127262
vt -11.20567 1.1029682
vt -11.20567 1.1029682
vt -11.208923 1.0932093
vt -11.208923 1.0932093
vt -11.208923 1.0834513
vt -11.208923 1.0834513
vt -11.208923 1.0736933
vt -11.208923 1.0736933
vt -11.208923 1.0639343
vt -11.208923 1.0639343
vt -11.208923 1.0541763
vt -11.208923 1.0541763
vt -11.208923 1.0476704
vt -11.208923 1.0476704
vt -11.212176 1.0379114
vt -11.212176 1.0379114
vt -11.212176 1.0281534
vt -11.212176 1.0281534
vt -11.212176 1.0183954
vt -11.212176 1.0183954
vt -11.212176 1.0183954
vt -10.782805 1.0086365
vt -11.212176 1.0183954
vt -10.782805 1.0086365
vt -10.350182 0.9956255
vt -10.350182 0.9956255
vt -9.92081 0.98586655
vt -9.92081 0.98586655
vt -9.491439 0.97610855
vt -9.491439 0.97610855
vt -9.058815 0.9663496
vt -9.058815 0.9663496
vt -8.629444 0.9565916
vt -8.629444 0.9565916
vt -8.200073 0.9468336
vt -8.200073 0.9468336
vt -7.767449 0.93707466
vt -7.767449 0.93707466
vt -7.3380775 0.92731667
vt -7.3380775 0.92731667
vt -6.9087067 0.9175577
vt -6.9087067 0.9175577
vt -6.476083 0.9077997
vt -6.476083 0.9077997
vt -6.0467114 0.8947878
vt -6.0467114 0.8947878
vt -5.6173406 0.8850298
vt -5.6173406 0.8850298
vt -5.1847167 0.87527084
vt -5.1847167 0.87527084
vt -4.7553453 0.86551285
vt -4.7553453 0.86551285
vt -4.3259745 0.85575485
vt -4.3259745 0.85575485
vt -3.8933501 0.8459959
vt -3.8933501 0.8459959
vt -3.8933501 0.8459959
vt -3.6136084 0.8459959
vt -3.8933501 0.8459959
vt -3.6136084 0.8459959
vt -3.333867 0.8459959
vt -3.333867 0.8459959
vt -3.0541248 0.8459959
vt -3.0541248 0.8459959
vt -2.7743835 0.8459959
vt -2.7743835 0.8459959
vt -2.4946413 0.8459959
vt -2.4946413 0.8459959
vt -2.4946413 0.8459959
vt -2.0782814 0.8362379
vt -2.4946413 0.8459959
vt -2.0782814 0.8362379
vt -1.6619215 0.82647896
vt -1.6619215 0.82647896
vt -1.2455616 0.81672096
vt -1.2455616 0.81672096
vt -0.8292017 0.806962
vt -0.8292017 0.806962
vt -0.4128418 0.797204
vt -0.4128418 0.797204
vt 0.0035181046 0.78744507
vt 0.0035181046 0.78744507
vt 0.419878 0.7776871
vt 0.419878 0.7776871
vt 0.8362379 0.7679281
vt 0.8362379 0.7679281
vt 1.2525978 0.7581701
vt 1.2525978 0.7581701
vt 1.2525978 0.7581701
vt 1.0021305 0.7679281
vt 1.2525978 0.7581701
vt 1.0021305 0.7679281
vt 0.75166416 0.78094006
vt 0.75166416 0.78094006
vt 0.5011978 0.79395103
vt 0.5011978 0.79395103
vt 0.25073147 0.80370903
vt 0.25073147 0.80370903
vt 0.00026512146 0.81672096
vt 0.00026512146 0.81672096
vt 0.8362379 0.7646761
vt 0.419878 0.7776871
vt 0.8362379 0.7679281
vt 1.2525978 0.7581701
vt 0.419878 0.7744341
vt 0.0035181046 0.78744507
vt 0.0035181046 0.78419304
vt -0.4128418 0.797204
vt -0.4128418 0.79395103
vt -0.8292017 0.806962
vt -0.8292017 0.80370903
vt -1.2455616 0.81672096
vt 0.31578732 0.7776871
vt -0.100572586 0.78744507
vt 0.7126303 0.7679281
vt -0.50717354 0.797204
vt 0.15965271 0.78094006
vt 0.5825186 0.7679281
vt 1.0086365 0.7581701
vt 0.9988785 0.7614231
vt 1.2753668 0.75491714
vt -0.2664652 0.79069805
vt 0.15965271 0.7776871
vt 0.5825186 0.7679281
vt -0.2664652 0.78744507
vt 1.0086365 0.7581701
vt 1.4315023 0.74841213
vt -0.69258404 0.797204
vt 1.4998112 0.74841213
vt 1.8576202 0.7386532
vt 1.5908899 0.74841213
vt -0.68933105 0.800457
vt 1.2591028 0.7614231
vt 1.2623558 0.7614231
vt 1.3209066 0.7614231
vt 1.0541763 0.7744341
vt -0.8259487 0.80370903
vt -1.115449 0.810215
vt -1.115449 0.806962
vt 0.9956255 0.7744341
vt 0.78744507 0.78744507
vt -1.2455616 0.813468
vt -1.5415678 0.81997395
vt -1.5415678 0.81672096
vt -1.6619215 0.823226
vt -1.6619215 0.82647896
vt -2.0782814 0.8362379
vt -1.9644327 0.82973194
vt -1.9676857 0.82647896
vt -2.3905516 0.8362379
vt -2.0782814 0.8329849
vt -2.4946413 0.8459959
vt -2.4263325 0.83948994
vt -2.7288437 0.83948994
vt -2.6702929 0.8362379
vt -2.950035 0.8362379
vt -2.7158327 0.8427429
vt -2.7743835 0.8459959
vt -2.995574 0.8427429
vt -3.0541248 0.8459959
vt -3.008586 0.83948994
vt -3.2297764 0.8362379
vt -3.2753162 0.8427429
vt -3.333867 0.8459959
vt -3.6136084 0.8459959
vt -3.2883272 0.83948994
vt -3.5095186 0.8362379
vt -3.555058 0.8427429
vt -3.8933501 0.8459959
vt -3.568069 0.83948994
vt -3.7892604 0.8362379
vt -4.2153788 0.8459959
vt -3.8803391 0.8459959
vt -4.3259745 0.85575485
vt -4.3259745 0.85575485
vt -4.7553453 0.86551285
vt -4.244654 0.8492489
vt -4.641497 0.8590069
vt -4.7553453 0.86551285
vt -5.1847167 0.87527084
vt -4.404042 0.85575485
vt -4.641497 0.8590069
vt -5.0676155 0.86876583
vt -5.0676155 0.86876583
vt -4.706553 0.86225986
vt -5.1847167 0.87527084
vt -5.6173406 0.8850298
vt -5.1164074 0.8720188
vt -5.4937334 0.8785238
vt -5.4937334 0.8785238
vt -5.6173406 0.8850298
vt -6.0467114 0.8947878
vt -5.542526 0.8817768
vt -5.919852 0.89153576
vt -5.923105 0.8882828
vt -6.0467114 0.8947878
vt -6.476083 0.9077997
vt -5.968644 0.89153576
vt -6.34597 0.90129375
vt -6.349223 0.8980408
vt -6.476083 0.90454674
vt -6.9087067 0.9175577
vt -6.398015 0.90129375
vt -6.7753415 0.9110527
vt -6.7753415 0.9077997
vt -6.9087067 0.91430473
vt -7.3380775 0.92731667
vt -6.817628 0.9110527
vt -7.2014594 0.9208107
vt -7.2014594 0.9175577
vt -7.3380775 0.92731667
vt -7.767449 0.93707466
vt -7.198207 0.9208107
vt -7.627578 0.9305687
vt -7.627578 0.92731667
vt -7.575533 0.9305687
vt -7.767449 0.93707466
vt -8.200073 0.9468336
vt -8.053696 0.94032764
vt -8.053696 0.93707466
vt -7.949606 0.94032764
vt -8.200073 0.9468336
vt -8.629444 0.9565916
vt -8.479815 0.95008564
vt -8.479815 0.9468336
vt -8.905933 0.9565916
vt -8.372472 0.95008564
vt -8.629444 0.9565916
vt -9.058815 0.9663496
vt -8.79859 0.9598446
vt -9.058815 0.9663496
vt -9.491439 0.97610855
vt -8.905933 0.9598446
vt -9.491439 0.97610855
vt -9.92081 0.98586655
vt -9.224709 0.9696026
vt -9.332051 0.9696026
vt -9.332051 0.9663496
vt -9.758169 0.97610855
vt -9.92081 0.98586655
vt -10.350182 0.9956255
vt -9.650826 0.97936153
vt -9.758169 0.97936153
vt -10.184288 0.98586655
vt -10.350182 0.9956255
vt -10.782805 1.0086365
vt -10.06068 0.9891195
vt -10.184288 0.9891195
vt -10.610406 0.9988785
vt -10.3827095 0.9956255
vt -10.610406 0.9988785
vt -11.036525 1.0086365
vt -10.782805 1.0053835
vt -11.212176 1.0183954
vt -10.636429 1.0021305
vt -11.221934 1.0183954
vt -11.37807 1.0249004
vt -11.37807 1.0346594
vt -11.462643 1.0183954
vt -11.462643 1.0281534
vt -11.462643 1.0379114
vt -11.45939 1.0444174
vt -11.221934 1.0281534
vt -11.212176 1.0281534
vt -11.212176 1.0379114
vt -11.221934 1.0379114
vt -11.208923 1.0476704
vt -11.37807 1.0444174
vt -11.218681 1.0476704
vt -11.208923 1.0541763
vt -11.37807 1.0541763
vt -11.45939 1.0541763
vt -11.218681 1.0574284
vt -11.208923 1.0639343
vt -11.374817 1.0639343
vt -11.45939 1.0639343
vt -11.218681 1.0639343
vt -11.374817 1.0736933
vt -11.45939 1.0736933
vt -11.218681 1.0736933
vt -11.208923 1.0736933
vt -11.374817 1.0801983
vt -11.45939 1.0834513
vt -11.218681 1.0834513
vt -11.208923 1.0834513
vt -11.374817 1.0899572
vt -11.45939 1.0932093
vt -11.218681 1.0932093
vt -11.208923 1.0932093
vt -11.374817 1.0997152
vt -11.456137 1.1029682
vt -11.215429 1.1029682
vt -11.20567 1.1029682
vt -11.374817 1.1094742
vt -11.456137 1.1127262
vt -11.215429 1.1127262
vt -11.20567 1.1127262
vt -11.371564 1.1192322
vt -11.456137 1.1224852
vt -11.215429 1.1224852
vt -11.20567 1.1224852
vt -11.371564 1.1289902
vt -11.456137 1.1322432
vt -11.215429 1.1322432
vt -11.20567 1.1322432
vt -11.20567 1.1420021
vt -11.371564 1.1387491
vt -11.456137 1.1420021
vt -11.215429 1.1420021
vt -11.202417 1.1517601
vt -11.371564 1.1485071
vt -11.452885 1.1485071
vt -11.212176 1.1517601
vt -11.371564 1.1582661
vt -11.452885 1.1582661
vt -11.186153 1.161519
vt -10.951951 1.1517601
vt -10.945446 1.1517601
vt -11.121098 1.1582661
vt -10.854367 1.1582661
vt -10.919423 1.161519
vt -10.694979 1.1550131
vt -10.688474 1.1550131
vt -10.587636 1.161519
vt -10.652693 1.1647711
vt -10.438007 1.1550131
vt -10.428248 1.1550131
vt -10.171276 1.1582661
vt -10.320906 1.161519
vt -10.385962 1.1647711
vt -10.119231 1.1680241
vt -10.177782 1.1582661
vt -9.914305 1.1582661
vt -10.054175 1.1647711
vt -9.92081 1.1582661
vt -9.787445 1.1647711
vt -9.852501 1.1680241
vt -9.663837 1.161519
vt -9.654079 1.1582661
vt -9.403613 1.161519
vt -9.397107 1.161519
vt -9.140135 1.161519
vt -9.520714 1.1680241
vt -9.585771 1.1680241
vt -9.146641 1.161519
vt -8.87991 1.1647711
vt -9.2539835 1.1680241
vt -9.31904 1.171277
vt -8.889668 1.1647711
vt -8.622938 1.1647711
vt -8.987253 1.1680241
vt -9.052309 1.171277
vt -8.629444 1.1647711
vt -8.365966 1.1680241
vt -8.720523 1.171277
vt -8.785579 1.17453
vt -8.372472 1.1680241
vt -8.108994 1.1680241
vt -8.453793 1.171277
vt -8.518848 1.17453
vt -8.1154995 1.1680241
vt -8.187061 1.17453
vt -8.252117 1.177783
vt -7.8552747 1.1680241
vt -7.848769 1.1680241
vt -7.920331 1.17453
vt -7.985387 1.177783
vt -7.598303 1.171277
vt -7.591797 1.171277
vt -7.334825 1.171277
vt -7.6536007 1.177783
vt -7.7186565 1.177783
vt -7.451926 1.181036
vt -7.022555 1.171277
vt -7.3380775 1.171277
vt -6.902201 1.161519
vt -6.902201 1.161519
vt -6.990027 1.1680241
vt -6.5964365 1.161519
vt -6.469577 1.1517601
vt -6.469577 1.1517601
vt -6.5964365 1.1582661
vt -6.1670656 1.1517601
vt -6.8273864 1.161519
vt -6.1670656 1.1485071
vt -5.7409472 1.1420021
vt -6.5248747 1.1550131
vt -6.040206 1.1420021
vt -6.040206 1.1420021
vt -6.1150208 1.1452551
vt -5.7409472 1.1387491
vt -5.3115764 1.1289902
vt -5.607582 1.1322432
vt -5.607582 1.1322432
vt -5.6889024 1.1354961
vt -5.3115764 1.1289902
vt -4.885458 1.1192322
vt -5.174958 1.1224852
vt -5.174958 1.1224852
vt -5.259531 1.1257381
vt -4.885458 1.1159792
vt -4.4560866 1.1094742
vt -4.745587 1.1127262
vt -4.745587 1.1127262
vt -4.83016 1.1159792
vt -4.4560866 1.1062212
vt -4.312963 1.1029682
vt -4.312963 1.0997152
vt -4.4072948 1.1062212
vt -4.0299683 1.0964622
vt -4.0299683 1.0997152
vt -3.8835921 1.0899572
vt -3.8835921 1.0899572
vt -4.0299683 1.0964622
vt -3.6005974 1.0867043
vt -3.6005974 1.0899572
vt -3.6493893 1.0867043
vt -3.4509678 1.0801983
vt -3.4509678 1.0801983
vt -3.1744785 1.0769453
vt -3.1744785 1.0801983
vt -3.2753162 1.0769453
vt -3.018344 1.0704403
vt -3.018344 1.0704403
vt -2.7451077 1.0671873
vt -2.7451077 1.0704403
vt -2.8491974 1.0671873
vt -2.588973 1.0606813
vt -2.588973 1.0606813
vt -2.3189898 1.0574284
vt -2.3157368 1.0606813
vt -2.4230795 1.0574284
vt -2.1563492 1.0509233
vt -2.1563492 1.0509233
vt -1.8896189 1.0476704
vt -1.8896189 1.0509233
vt -1.9937086 1.0476704
vt -1.7269783 1.0411644
vt -1.7269783 1.0411644
vt -1.460247 1.0379114
vt -1.460247 1.0411644
vt -1.5675898 1.0379114
vt -1.2943535 1.0314064
vt -1.2943535 1.0314064
vt -1.0341291 1.0281534
vt -1.0341291 1.0314064
vt -0.60475826 1.0216475
vt -1.1577358 1.0281534
vt -0.8617296 1.0216475
vt -0.8617296 1.0216475
vt -0.60475826 1.0183954
vt -0.17863941 1.0086365
vt -0.8324547 1.0216475
vt -0.43235874 1.0118895
vt -0.43235874 1.0086365
vt 0.00026512146 0.9988785
vt -0.57873535 1.0151424
vt 0.0067710876 0.9988785
vt 0.16615868 0.9923725
vt 0.25073147 0.9988785
vt 0.25073147 0.9891195
vt 0.08483791 0.9891195
vt 0.00026512146 0.9891195
vt 0.00026512146 0.97936153
vt 0.08483791 0.9923725
vt 0.16615868 0.9826145
vt 0.25073147 0.97936153
vt 0.12061882 0.98586655
vt 0.08483791 0.97936153
vt 0.00026512146 0.9696026
vt 0.16615868 0.97285557
vt 0.25073147 0.9696026
vt 0.13037777 0.97610855
vt 0.08483791 0.9696026
vt 0.00026512146 0.9598446
vt 0.16615868 0.9630976
vt 0.25073147 0.9598446
vt 0.13037777 0.9663496
vt 0.08483791 0.9598446
vt 0.00026512146 0.9533386
vt 0.16615868 0.9533386
vt 0.25073147 0.95008564
vt 0.13363075 0.9565916
vt 0.08483791 0.95008564
vt 0.00026512146 0.9435806
vt 0.16615868 0.9435806
vt 0.25073147 0.94032764
vt 0.13363075 0.9468336
vt 0.08483791 0.94032764
vt 0.00026512146 0.9338217
vt 0.16615868 0.9338217
vt 0.25073147 0.9305687
vt 0.13037777 0.93707466
vt 0.08483791 0.9305687
vt 0.00026512146 0.9240637
vt 0.16615868 0.9240637
vt 0.25073147 0.9208107
vt 0.13037777 0.92731667
vt 0.08483791 0.9208107
vt 0.00026512146 0.91430473
vt 0.16615868 0.91430473
vt 0.25073147 0.9110527
vt 0.12712479 0.91430473
vt 0.08483791 0.9110527
vt 0.00026512146 0.90454674
vt 0.16615868 0.90454674
vt 0.25073147 0.90129375
vt 0.25073147 0.89153576
vt 0.08483791 0.90129375
vt 0.00026512146 0.8947878
vt 0.13037777 0.90454674
vt 0.16615868 0.8947878
vt 0.25073147 0.8817768
vt 0.08483791 0.89153576
vt 0.00026512146 0.8850298
vt 0.13363075 0.89153576
vt 0.16615868 0.8850298
vt 0.08483791 0.8817768
vt 0.00026512146 0.87527084
vt 0.13363075 0.8817768
vt 0.16615868 0.87527084
vt 0.25073147 0.8720188
vt 0.25073147 0.86225986
vt 0.08483791 0.8720188
vt 0.00026512146 0.86551285
vt 0.13363075 0.8720188
vt 0.16615868 0.86551285
vt 0.25073147 0.85250187
vt 0.08483791 0.86225986
vt 0.00026512146 0.85575485
vt 0.13363075 0.86225986
vt 0.16615868 0.85575485
vt 0.25073147 0.8427429
vt 0.08483791 0.85250187
vt 0.00026512146 0.8459959
vt 0.13363075 0.85250187
vt 0.16615868 0.8459959
vt 0.25073147 0.8329849
vt 0.08483791 0.8427429
vt 0.00026512146 0.8362379
vt 0.13363075 0.8459959
vt 0.16615868 0.8362379
vt 0.25073147 0.823226
vt 0.13363075 0.8362379
vt 0.08483791 0.8329849
vt 0.00026512146 0.82647896
vt 0.16615868 0.82647896
vt 0.25073147 0.813468
vt 0.08483791 0.823226
vt 0.00026512146 0.81672096
vt 0.16615868 0.813468
vt 0.4589119 0.800457
vt 0.5174618 0.800457
vt 0.3092823 0.80370903
vt 0.25073147 0.80370903
vt 0.55974865 0.79395103
vt 0.5011978 0.79395103
vt 0.7256422 0.78744507
vt 0.810215 0.78094006
vt 0.75166416 0.78094006
vt 0.7223892 0.78744507
vt 0.8947878 0.7776871
vt 1.0606813 0.7679281
vt 1.0021305 0.7679281
vt 1.0997152 0.7679281
vt 1.3046427 0.7581701
vn 0.999874 -0.015870988 -0.00034665503
vn 0.999874 -0.015870988 -0.00034665503
vn 0.999874 -0.015870988 -0.00034665503
vn 0.999874 -0.015870988 -0.00034665503
vn 0.999874 -0.015870988 -0.00034665503
vn 0.999874 -0.015870988 -0.00034665503
vn 0.999874 -0.015870988 -0.00034665503
vn 0.999874 -0.015870988 -0.00034665503
vn 0.999874 -0.015870988 -0.00034665503
vn 0.999874 -0.015870988 -0.00034665503
vn 0.999874 -0.015870988 -0.00034665503
vn 0.999874 -0.015870988 -0.00034665503
vn 0.999874 -0.015870988 -0.00034665503
vn 0.999874 -0.015870988 -0.00034665503
vn 0.999874 -0.015870988 -0.00034665503
vn 0.999874 -0.015870988 -0.00034665503
vn 0.999874 -0.015870988 -0.00034665503
vn 0.999874 -0.015870988 -0.00034665503
vn 0.999874 -0.015870988 -0.00034665503
vn 0.999874 -0.015870988 -0.00034665503
vn 0.999874 -0.015870988 -0.00034665503
vn 0.999874 -0.015870988 -0.00034665503
vn 0.70710677 0.70710677 -0
vn 0.70710677 0.70710677 -0
vn 0.70710677 0.70710677 -0
vn 0.70710677 0.70710677 -0
vn 0.70710677 0.70710677 -0
vn 0.70710677 0.70710677 -0
vn 0.70710677 0.70710677 -0
vn 0.70710677 0.70710677 -0
vn 0.70710677 0.70710677 -0
vn 0.70710677 0.70710677 -0
vn 0.70710677 0.70710677 -0
vn 0.70710677 0.70710677 -0
vn 0.999874 0.015871048 -0.00034391563
vn 0.999874 0.015871048 -0.00034391563
vn 0.999874 0.015871048 -0.00034391563
vn 0.999874 0.015871048 -0.00034391563
vn 0.999874 -0.015870988 -0.00034665503
vn 0.999874 -0.015870988 -0.00034665503
vn 0.999874 -0.015870988 -0.00034665503
vn 0.999874 -0.015870988 -0.00034665503
vn 0.999874 -0.015870988 -0.00034665503
vn 0.999874 -0.015870988 -0.00034665503
vn 0.999874 0.015871048 -0.00034391563
vn 0.999874 0.015871048 -0.00034391563
vn 0.999874 0.015871048 -0.00034391563
vn 0.999874 0.015871048 -0.00034391563
vn 0.999874 0.015871048 -0.00034391563
vn 0.999874 0.015871048 -0.00034391563
vn 0.999874 0.015871048 -0.00034391563
vn 0.999874 0.015871048 -0.00034391563
vn 0.999874 0.015871048 -0.00034391563
vn 0.999874 0.015871048 -0.00034391563
vn 0.999874 0.015871048 -0.00034391563
vn 0.999874 0.015871048 -0.00034391563
vn 0.999874 0.015871048 -0.00034391563
vn 0.999874 0.015871048 -0.00034391563
vn 0.999874 -0.015870988 -0.00034665503
vn 0.999874 -0.015870988 -0.00034665503
vn 0.999874 -0.015870988 -0.00034665503
vn 0.999874 -0.015870988 -0.00034665503
vn 0.999874 -0.015870988 -0.00034665503
vn 0.999874 -0.015870988 -0.00034665503
vn 0.999874 -0.015870988 -0.00034665503
vn 0.999874 -0.015870988 -0.00034665503
vn 0.999874 -0.015870988 -0.00034665503
vn 0.999874 -0.015870988 -0.00034665503
vn 0.999874 -0.015870988 -0.00034665503
vn 0.999874 -0.015870988 -0.00034665503
vn 0.999874 0.015871048 -0.00034391563
vn 0.999874 0.015871048 -0.00034391563
vn -0.015871048 -0.999874 -0.00034526698
vn -0.015871048 -0.999874 -0.00034526698
vn -0.015871048 -0.999874 -0.00034526698
vn -0.015871048 -0.999874 -0.00034526698
vn -0.015871048 -0.999874 -0.00034526698
vn -0.015871048 -0.999874 -0.00034526698
vn -0.015871048 -0.999874 -0.00034526698
vn -0.015871048 -0.999874 -0.00034526698
vn -0.015871048 -0.999874 -0.00034526698
vn -0.015871048 -0.999874 -0.00034526698
vn -0.015871048 -0.999874 -0.00034526698
vn -0.015871048 -0.999874 -0.00034526698
vn -0.015871048 -0.999874 -0.00034526698
vn -0.015871048 -0.999874 -0.00034526698
vn 0.015870988 -0.999874 -0.00034526698
vn 0.015870988 -0.999874 -0.00034526698
vn 0.015870988 -0.999874 -0.00034526698
vn 0.015870988 -0.999874 -0.00034526698
vn 0.015870988 -0.999874 -0.00034526698
vn 0.015870988 -0.999874 -0.00034526698
vn -0.015871048 -0.999874 -0.00034526698
vn -0.015871048 -0.999874 -0.00034526698
vn -0.015871048 -0.999874 -0.00034526698
vn -0.015871048 -0.999874 -0.00034526698
vn -0.015871048 -0.999874 -0.00034526698
vn -0.015871048 -0.999874 -0.00034526698
vn -0.015871048 -0.999874 -0.00034526698
vn -0.015871048 -0.999874 -0.00034526698
vn -0.015871048 -0.999874 -0.00034526698
vn -0.015871048 -0.999874 -0.00034526698
vn -0.015871048 -0.999874 -0.00034526698
vn -0.015871048 -0.999874 -0.00034526698
vn -0.6189697 -0.7776798 0.10995764
vn -0.6189697 -0.7776798 0.10995764
vn -0.6189697 -0.7776798 0.10995764
vn -0.6189697 -0.7776798 0.10995764
vn -0.6189697 -0.7776798 0.10995764
vn -0.6189697 -0.7776798 0.10995764
vn -0.6189697 -0.7776798 0.10995764
vn -0.6189697 -0.7776798 0.10995764
vn -0.6189697 -0.7776798 0.10995764
vn -0.6189697 -0.7776798 0.10995764
vn -0.6189697 -0.7776798 0.10995764
vn -0.6189697 -0.7776798 0.10995764
vn -0.6189697 -0.7776798 0.10995764
vn -0.6189697 -0.7776798 0.10995764
vn -0.6189697 -0.7776798 0.10995764
vn -0.6189697 -0.7776798 0.10995764
vn -0.6189697 -0.7776798 0.10995764
vn -0.6189697 -0.7776798 0.10995764
vn -0.6189697 -0.7776798 0.10995764
vn -0.6189697 -0.7776798 0.10995764
vn -0.6189697 -0.7776798 0.10995764
vn -0.6189697 -0.7776798 0.10995764
vn -0.6189697 -0.7776798 0.10995764
vn -0.6189697 -0.7776798 0.10995764
vn -0.6189697 -0.7776798 0.10995764
vn -0.6189697 -0.7776798 0.10995764
vn -0.6189697 -0.7776798 0.10995764
vn -0.6189697 -0.7776798 0.10995764
vn -0.6189697 -0.7776798 0.10995764
vn -0.6189697 -0.7776798 0.10995764
vn -0.6189697 -0.7776798 0.10995764
vn -0.6189697 -0.7776798 0.10995764
vn -0.999874 -0.015870988 -0.00034665503
vn -0.999874 -0.015870988 -0.00034665503
vn -0.999874 -0.015870988 -0.00034665503
vn -0.999874 -0.015870988 -0.00034665503
vn -0.999874 -0.015870988 -0.00034665503
vn -0.999874 -0.015870988 -0.00034665503
vn -0.999874 -0.015870988 -0.00034665503
vn -0.999874 -0.015870988 -0.00034665503
vn -0.999874 -0.015870988 -0.00034665503
vn -0.999874 -0.015870988 -0.00034665503
vn -0.999874 -0.015870988 -0.00034665503
vn -0.999874 -0.015870988 -0.00034665503
vn -0.999874 -0.015870988 -0.00034665503
vn -0.999874 -0.015870988 -0.00034665503
vn -0.999874 -0.015870988 -0.00034665503
vn -0.999874 -0.015870988 -0.00034665503
vn -0.999874 -0.015870988 -0.00034665503
vn -0.999874 -0.015870988 -0.00034665503
vn -0.999874 -0.015870988 -0.00034665503
vn -0.999874 -0.015870988 -0.00034665503
vn -0.999874 -0.015870988 -0.00034665503
vn -0.999874 -0.015870988 -0.00034665503
vn -0.999874 -0.015870988 -0.00034665503
vn -0.999874 -0.015870988 -0.00034665503
vn -0.999874 -0.015870988 -0.00034665503
vn -0.999874 -0.015870988 -0.00034665503
vn -0.999874 -0.015870988 -0.00034665503
vn -0.999874 -0.015870988 -0.00034665503
vn -0.999874 -0.015870988 -0.00034665503
vn -0.999874 -0.015870988 -0.00034665503
vn -0.999874 -0.015870988 -0.00034665503
vn -0.999874 -0.015870988 -0.00034665503
vn -0.999874 -0.015870988 -0.00034665503
vn -0.999874 -0.015870988 -0.00034665503
vn -0.999874 -0.015870988 -0.00034665503
vn -0.999874 -0.015870988 -0.00034665503
vn -0.999874 -0.015870988 -0.00034665503
vn -0.999874 -0.015870988 -0.00034665503
vn -0.015871048 0.999874 -0.00034526698
vn -0.015871048 0.999874 -0.00034526698
vn -0.015871048 0.999874 -0.00034526698
vn -0.015871048 0.999874 -0.00034526698
vn -0.015871048 0.999874 -0.00034526698
vn -0.015871048 0.999874 -0.00034526698
vn -0.015871048 0.999874 -0.00034526698
vn -0.015871048 0.999874 -0.00034526698
vn -0.015871048 0.999874 -0.00034526698
vn -0.015871048 0.999874 -0.00034526698
vn -0.015871048 0.999874 -0.00034526698
vn -0.015871048 0.999874 -0.00034526698
vn -0.015871048 0.999874 -0.00034526698
vn -0.015871048 0.999874 -0.00034526698
vn -0.015871048 0.999874 -0.00034526698
vn -0.015871048 0.999874 -0.00034526698
vn -0.015871048 0.999874 -0.00034526698
vn -0.015871048 0.999874 -0.00034526698
vn -0.015871048 0.999874 -0.00034526698
vn -0.015871048 0.999874 -0.00034526698
vn -0.015871048 0.999874 -0.00034526698
vn -0.015871048 0.999874 -0.00034526698
vn -0.015871048 0.999874 -0.00034526698
vn -0.015871048 0.999874 -0.00034526698
vn -0.015871048 0.999874 -0.00034526698
vn -0.015871048 0.999874 -0.00034526698
vn -0.015871048 0.999874 -0.00034526698
vn -0.015871048 0.999874 -0.00034526698
vn -0.015871048 0.999874 -0.00034526698
vn -0.015871048 0.999874 -0.00034526698
vn -0.015871048 0.999874 -0.00034526698
vn -0.015871048 0.999874 -0.00034526698
vn -0.015871048 0.999874 -0.00034526698
vn -0.015871048 0.999874 -0.00034526698
vn -0.015871048 0.999874 -0.00034526698
vn -0.015871048 0.999874 -0.00034526698
vn -0.015871048 0.999874 -0.00034526698
vn -0.015871048 0.999874 -0.00034526698
vn -0.015871048 0.999874 -0.00034526698
vn -0.015871048 0.999874 -0.00034526698
vn -0.70710677 0.70710677 -0
vn -0.70710677 0.70710677 -0
vn -0.70710677 0.70710677 -0
vn -0.70710677 0.70710677 -0
vn -0.70710677 0.70710677 -0
vn -0.70710677 0.70710677 -0
vn -0.70710677 0.70710677 -0
vn -0.70710677 0.70710677 -0
vn -0.70710677 0.70710677 -0
vn -0.70710677 0.70710677 -0
vn -0.70710677 0.70710677 -0
vn -0.70710677 0.70710677 -0
vn -0.70710677 0.70710677 -0
vn -0.70710677 0.70710677 -0
vn 0.015870988 -0.999874 -0.00034526698
vn 0.015870988 -0.999874 -0.00034526698
vn 0.015870988 -0.999874 -0.00034526698
vn 0.015870988 -0.999874 -0.00034526698
vn 0.015870988 -0.999874 -0.00034526698
vn 0.015870988 -0.999874 -0.00034526698
vn 0.015870988 -0.999874 -0.00034526698
vn 0.015870988 -0.999874 -0.00034526698
vn 0.015870988 -0.999874 -0.00034526698
vn 0.015870988 -0.999874 -0.00034526698
vn 0.015870988 -0.999874 -0.00034526698
vn 0.015870988 -0.999874 -0.00034526698
vn 0.015870988 -0.999874 -0.00034526698
vn 0.015870988 -0.999874 -0.00034526698
vn 0.015870988 -0.999874 -0.00034526698
vn 0.015870988 -0.999874 -0.00034526698
vn 0.015870988 -0.999874 -0.00034526698
vn 0.015870988 -0.999874 -0.00034526698
vn 0.015870988 -0.999874 -0.00034526698
vn 0.015870988 -0.999874 -0.00034526698
vn 0.015870988 -0.999874 -0.00034526698
vn 0.015870988 -0.999874 -0.00034526698
vn 0.015870988 -0.999874 -0.00034526698
vn 0.015870988 -0.999874 -0.00034526698
vn 0.015870988 -0.999874 -0.00034526698
vn 0.015870988 -0.999874 -0.00034526698
vn 0.015870988 -0.999874 -0.00034526698
vn 0.015870988 -0.999874 -0.00034526698
vn 0.015870988 -0.999874 -0.00034526698
vn 0.015870988 -0.999874 -0.00034526698
vn 0.015870988 -0.999874 -0.00034526698
vn 0.015870988 -0.999874 -0.00034526698
vn 0.015870988 -0.999874 -0.00034526698
vn 0.015870988 -0.999874 -0.00034526698
vn 0.015870988 -0.999874 -0.00034526698
vn 0.015870988 -0.999874 -0.00034526698
vn 0.015870988 -0.999874 -0.00034526698
vn 0.015870988 -0.999874 -0.00034526698
vn 0.015870988 -0.999874 -0.00034526698
vn 0.015870988 -0.999874 -0.00034526698
vn 0.999874 0.015871048 -0.00034391563
vn 0.999874 0.015871048 -0.00034391563
vn 0.999874 0.015871048 -0.00034391563
vn 0.999874 0.015871048 -0.00034391563
vn 0.999874 0.015871048 -0.00034391563
vn 0.999874 0.015871048 -0.00034391563
vn 0.999874 0.015871048 -0.00034391563
vn 0.999874 0.015871048 -0.00034391563
vn 0.999874 0.015871048 -0.00034391563
vn 0.999874 0.015871048 -0.00034391563
vn 0.999874 0.015871048 -0.00034391563
vn 0.999874 0.015871048 -0.00034391563
vn 0.999874 0.015871048 -0.00034391563
vn 0.999874 0.015871048 -0.00034391563
vn 0.999874 0.015871048 -0.00034391563
vn 0.999874 0.015871048 -0.00034391563
vn 0.999874 0.015871048 -0.00034391563
vn 0.999874 0.015871048 -0.00034391563
vn 0.999874 0.015871048 -0.00034391563
vn 0.999874 0.015871048 -0.00034391563
vn 0.999874 0.015871048 -0.00034391563
vn 0.999874 0.015871048 -0.00034391563
vn 0.999874 0.015871048 -0.00034391563
vn 0.999874 0.015871048 -0.00034391563
vn 0.999874 0.015871048 -0.00034391563
vn 0.999874 0.015871048 -0.00034391563
vn 0.999874 0.015871048 -0.00034391563
vn 0.999874 0.015871048 -0.00034391563
vn 0.999874 0.015871048 -0.00034391563
vn 0.999874 0.015871048 -0.00034391563
vn 0.999874 0.015871048 -0.00034391563
vn 0.999874 0.015871048 -0.00034391563
vn 0.999874 0.015871048 -0.00034391563
vn 0.999874 0.015871048 -0.00034391563
vn 0.999874 0.015871048 -0.00034391563
vn 0.999874 0.015871048 -0.00034391563
vn 0.6189696 0.7776798 -0.10995791
vn 0.6189696 0.7776798 -0.10995791
vn 0.6189696 0.7776798 -0.10995791
vn 0.6189696 0.7776798 -0.10995791
vn 0.6189696 0.7776798 -0.10995791
vn 0.6189696 0.7776798 -0.10995791
vn 0.6189696 0.7776798 -0.10995791
vn 0.6189696 0.7776798 -0.10995791
vn 0.6189696 0.7776798 -0.10995791
vn 0.6189696 0.7776798 -0.10995791
vn 0.6189696 0.7776798 -0.10995791
vn 0.6189696 0.7776798 -0.10995791
vn 0.6189696 0.7776798 -0.10995791
vn 0.6189696 0.7776798 -0.10995791
vn 0.6189696 0.7776798 -0.10995791
vn 0.6189696 0.7776798 -0.10995791
vn 0.6189696 0.7776798 -0.10995791
vn 0.6189696 0.7776798 -0.10995791
vn 0.6189696 0.7776798 -0.10995791
vn 0.6189696 0.7776798 -0.10995791
vn 0.6189696 0.7776798 -0.10995791
vn 0.6189696 0.7776798 -0.10995791
vn 0.6189696 0.7776798 -0.10995791
vn 0.6189696 0.7776798 -0.10995791
vn 0.6189696 0.7776798 -0.10995791
vn 0.6189696 0.7776798 -0.10995791
vn 0.6189696 0.7776798 -0.10995791
vn 0.6189696 0.7776798 -0.10995791
vn 0.6189696 0.7776798 -0.10995791
vn 0.6189696 0.7776798 -0.10995791
vn 0.6189696 0.7776798 -0.10995791
vn 0.6189696 0.7776798 -0.10995791
vn 0.015870988 0.999874 -0.00034526698
vn 0.015870988 0.999874 -0.00034526698
vn 0.015870988 0.999874 -0.00034526698
vn 0.015870988 0.999874 -0.00034526698
vn 0.015870988 0.999874 -0.00034526698
vn 0.015870988 0.999874 -0.00034526698
vn 0.015870988 0.999874 -0.00034526698
vn 0.015870988 0.999874 -0.00034526698
vn 0.015870988 0.999874 -0.00034526698
vn 0.015870988 0.999874 -0.00034526698
vn 0.015870988 0.999874 -0.00034526698
vn 0.015870988 0.999874 -0.00034526698
vn 0.015870988 0.999874 -0.00034526698
vn 0.015870988 0.999874 -0.00034526698
vn -0.015871048 0.999874 -0.00034526698
vn -0.015871048 0.999874 -0.00034526698
vn -0.015871048 0.999874 -0.00034526698
vn -0.015871048 0.999874 -0.00034526698
vn -0.015871048 0.999874 -0.00034526698
vn -0.015871048 0.999874 -0.00034526698
vn -0.015871048 0.999874 -0.00034526698
vn -0.015871048 0.999874 -0.00034526698
vn 0.015870988 0.999874 -0.00034526698
vn 0.015870988 0.999874 -0.00034526698
vn 0.015870988 0.999874 -0.00034526698
vn 0.015870988 0.999874 -0.00034526698
vn 0.015870988 0.999874 -0.00034526698
vn 0.015870988 0.999874 -0.00034526698
vn 0.015870988 0.999874 -0.00034526698
vn 0.015870988 0.999874 -0.00034526698
vn -0.999874 0.015871048 -0.00034391563
vn -0.999874 0.015871048 -0.00034391563
vn -0.999874 0.015871048 -0.00034391563
vn -0.999874 0.015871048 -0.00034391563
vn -0.999874 0.015871048 -0.00034391563
vn -0.999874 0.015871048 -0.00034391563
vn -0.999874 0.015871048 -0.00034391563
vn -0.999874 0.015871048 -0.00034391563
vn -0.999874 0.015871048 -0.00034391563
vn -0.999874 0.015871048 -0.00034391563
vn -0.999874 0.015871048 -0.00034391563
vn -0.999874 0.015871048 -0.00034391563
vn -0.999874 0.015871048 -0.00034391563
vn -0.999874 0.015871048 -0.00034391563
vn -0.999874 0.015871048 -0.00034391563
vn -0.999874 0.015871048 -0.00034391563
vn -0.999874 -0.015870988 -0.00034665503
vn -0.999874 -0.015870988 -0.00034665503
vn -0.999874 -0.015870988 -0.00034665503
vn -0.999874 -0.015870988 -0.00034665503
vn -0.999874 -0.015870988 -0.00034665503
vn -0.999874 -0.015870988 -0.00034665503
vn -0.999874 -0.015870988 -0.00034665503
vn -0.999874 -0.015870988 -0.00034665503
vn -0.999874 -0.015870988 -0.00034665503
vn -0.999874 -0.015870988 -0.00034665503
vn -0.999874 -0.015870988 -0.00034665503
vn -0.999874 -0.015870988 -0.00034665503
vn -0.999874 0.015871048 -0.00034391563
vn -0.999874 0.015871048 -0.00034391563
vn -0.999874 0.015871048 -0.00034391563
vn -0.999874 0.015871048 -0.00034391563
vn -0.999874 0.015871048 -0.00034391563
vn -0.999874 0.015871048 -0.00034391563
vn -0.999874 -0.015870988 -0.00034665503
vn -0.999874 -0.015870988 -0.00034665503
vn -0.70710677 -0.70710677 -0
vn -0.70710677 -0.70710677 -0
vn -0.70710677 -0.70710677 -0
vn -0.70710677 -0.70710677 -0
vn -0.70710677 -0.70710677 -0
vn -0.70710677 -0.70710677 -0
vn -0.70710677 -0.70710677 -0
vn -0.70710677 -0.70710677 -0
vn -0.70710677 -0.70710677 -0
vn -0.70710677 -0.70710677 -0
vn -0.70710677 -0.70710677 -0
vn -0.70710677 -0.70710677 -0
vn -0.999874 0.015871048 -0.00034391563
vn -0.999874 0.015871048 -0.00034391563
vn -0.999874 0.015871048 -0.00034391563
vn -0.999874 0.015871048 -0.00034391563
vn -0.999874 0.015871048 -0.00034391563
vn -0.999874 0.015871048 -0.00034391563
vn -0.999874 0.015871048 -0.00034391563
vn -0.999874 0.015871048 -0.00034391563
vn -0.999874 0.015871048 -0.00034391563
vn -0.999874 0.015871048 -0.00034391563
vn -0.999874 0.015871048 -0.00034391563
vn -0.999874 0.015871048 -0.00034391563
vn -0.999874 0.015871048 -0.00034391563
vn -0.999874 0.015871048 -0.00034391563
vn -0.999874 0.015871048 -0.00034391563
vn -0.999874 0.015871048 -0.00034391563
vn -0.999874 0.015871048 -0.00034391563
vn -0.999874 0.015871048 -0.00034391563
vn -0.999874 0.015871048 -0.00034391563
vn -0.999874 0.015871048 -0.00034391563
vn 0.70710677 -0.70710677 -0
vn 0.70710677 -0.70710677 -0
vn 0.70710677 -0.70710677 -0
vn 0.70710677 -0.70710677 -0
vn 0.70710677 -0.70710677 -0
vn 0.70710677 -0.70710677 -0
vn 0.70710677 -0.70710677 -0
vn 0.70710677 -0.70710677 -0
vn 0.70710677 -0.70710677 -0
vn 0.70710677 -0.70710677 -0
vn 0.70710677 -0.70710677 -0
vn 0.70710677 -0.70710677 -0
vn -0.047613025 0.20632327 0.9773248
vn -0.1110971 0.23806524 0.96487427
vn -0.1110971 0.23806524 0.96487427
vn -0.20632327 0.23806524 0.9490815
vn -0.1110971 0.23806524 0.96487427
vn -0.20632327 0.17458117 0.9627835
vn 0.015870988 0.20632327 0.97835517
vn -0.20632327 0.1428392 0.9680019
vn -0.20632327 0.1110971 0.97215647
vn -0.42851746 0.17458117 0.88650674
vn -0.42851746 0.17458117 0.88650674
vn -0.46025944 0.015871048 0.8876426
vn -0.1110971 0.26980734 0.9564839
vn 0.015870988 0.1110971 0.9936828
vn -0.047613025 0.20632327 0.9773248
vn -0.5237435 0.23806524 0.817935
vn -0.23806524 0.23806524 0.9416209
vn -0.1428392 0.23806524 0.96068823
vn -0.17458117 0.20632327 0.9627835
vn -0.23806524 0.20632327 0.9490815
vn -0.30154932 0.17458117 0.937331
vn -0.23806524 0.17458117 0.9554299
vn -0.20632327 0.20632327 0.9564839
vn -0.1110971 0.23806524 0.96487427
vn -0.20632327 0.23806524 0.9490815
vn -0.20632327 0.20632327 0.9564839
vn -0.1110971 0.1110971 0.9875803
vn -0.42851746 0.17458117 0.88650674
vn -0.17458117 0.015871048 0.98451483
vn -0.20632327 -0.1110971 0.97215647
vn -0.17458117 -0.015870988 0.98451483
vn -0.6189697 0.20632327 0.7578306
vn -0.07935512 0.047613025 0.9957087
vn -0.30154932 0.17458117 0.937331
vn -0.39677536 0.23806524 0.88650674
vn -0.3650334 0.23806524 0.90004194
vn -0.49200153 0.17458117 0.8529103
vn -0.42851746 0.07935512 0.90004194
vn -0.46025944 0.047613025 0.8865068
vn -0.3650334 0.23806524 0.90004194
vn -0.39677536 0.23806524 0.88650674
vn -0.39677536 0.015871048 0.9177785
vn -0.49200153 -0.07935506 0.8669702
vn -0.46025944 -0.07935506 0.8842308
vn -0.49200153 -0.1110971 0.86347663
vn -0.46025944 -0.1110971 0.88080573
vn -0.5237435 -0.1110971 0.8446006
vn -0.46025944 -0.1110971 0.88080573
vn -0.5237435 -0.07935506 0.8481719
vn -0.5237435 -0.14283913 0.8398153
vn -0.49200153 -0.1110971 0.86347663
vn -0.5237435 -0.14283913 0.8398153
vn -0.5237435 -0.14283913 0.8398153
vn -0.49200153 -0.047613025 0.86929137
vn -0.5237435 -0.17458117 0.833795
vn -0.30154932 -0.047613025 0.952261
vn -0.5237435 -0.14283913 0.8398153
vn -0.5554856 -0.14283913 0.8191659
vn -0.39677536 0.015871048 0.9177785
vn -0.30154932 0.047613025 0.952261
vn -0.3650334 -0.2063232 0.9078443
vn -0.07935512 -0.46025944 0.8842308
vn -0.20632327 -0.33329135 0.9199715
vn -0.23806524 -0.33329135 0.9122729
vn 0.07935506 -0.30154932 0.9501425
vn -0.07935512 -0.36503333 0.9276063
vn 0.33329135 -0.2063232 0.9199715
vn 0.23806524 -0.17458117 0.9554299
vn 0.36503333 -0.14283913 0.9199715
vn 0.36503333 -0.17458117 0.91447914
vn 0.36503333 -0.26980728 0.89104134
vn 0.49200147 0.07935512 0.8669702
vn 0.46025944 -0.14283913 0.87621814
vn 0.49200147 0.23806524 0.83741236
vn 0.46025944 0.20632327 0.8634767
vn 0.4285174 0.3332913 0.8398153
vn 0.55548555 0.1428392 0.8191659
vn 0.46025944 0.26980734 0.8457927
vn 0.5237435 0.26980734 0.8080203
vn 0.65071166 0.23806524 0.72104037
vn 0.4285174 0.39677536 0.8117525
vn 0.46025944 0.30154932 0.83500254
vn 0.68245363 0.20632327 0.70120454
vn 0.65071166 0.17458117 0.7389829
vn 0.55548555 0.26980734 0.7865366
vn 0.68245363 0.23806524 0.69107306
vn 0.68245363 -0.2063232 0.70120454
vn 0.7141957 0.23806524 0.65821683
vn 0.7459377 -0.015870988 0.66582656
vn 0.7141957 -0.1110971 0.691073
vn 0.7459377 -0.26980728 0.6089179
vn 0.65071166 -0.46025944 0.6039334
vn 0.7141957 -0.07935506 0.69543314
vn 0.6189696 -0.39677536 0.6778244
vn 0.65071166 -0.30154932 0.69688046
vn 0.46025944 -0.4285174 0.7775179
vn 0.2063232 -0.46025944 0.8634767
vn 0.5237435 -0.46025944 0.7168361
vn 0.1110971 -0.36503333 0.924342
vn 0.17458117 -0.33329135 0.92651945
vn 0.14283913 -0.49200147 0.85879654
vn -0.047613025 -0.46025944 0.8865068
vn -0.047613025 -0.46025944 0.8865068
vn 0.1110971 -0.49200147 0.8634767
vn 0.1110971 -0.46025944 0.88080573
vn 0.015870988 -0.4285174 0.90339416
vn -0.047613025 -0.4285174 0.9022781
vn 0.17458117 -0.46025944 0.8704497
vn -0.047613025 -0.39677536 0.91668004
vn -0.047613025 -0.39677536 0.91668004
vn -0.047613025 -0.4285174 0.9022781
vn 0.1110971 -0.39677536 0.9111678
vn -0.07935512 -0.36503333 0.9276063
vn 0.2063232 -0.4285174 0.8796611
vn 0.1110971 -0.4285174 0.8966774
vn 0.07935506 -0.46025944 0.8842308
vn -0.07935512 -0.39677536 0.91447914
vn 0.1110971 -0.14283913 0.98349094
vn 0.015870988 -0.36503333 0.93085915
vn 0.1110971 -0.33329135 0.93625546
vn 0.047613025 -0.36503333 0.92977613
vn 0.36503333 -0.23806524 0.900042
vn 0.26980728 0.23806524 0.9330214
vn 0.33329135 0.20632327 0.9199715
vn 0.26980728 0.07935512 0.9596389
vn 0.36503333 0.30154932 0.8808057
vn 0.5237435 -0.07935506 0.8481719
vn 0.2063232 0.30154932 0.93085915
vn 0.39677536 0.26980734 0.87736726
vn 0.14283913 0.42851746 0.8921714
vn 0.49200147 0.26980734 0.827731
vn 0.4285174 0.20632327 0.8796611
vn 0.17458117 0.3332913 0.92651945
vn 0.4285174 0.20632327 0.8796611
vn 0.39677536 0.26980734 0.87736726
vn 0.4285174 0.17458117 0.8865068
vn 0.4285174 0.17458117 0.8865068
vn 0.4285174 0.17458117 0.8865068
vn 0.39677536 0.23806524 0.88650674
vn 0.36503333 0.26980734 0.89104134
vn 0.36503333 0.42851746 0.8265128
vn 0.46025944 0.20632327 0.8634767
vn 0.46025944 0.23806524 0.8552697
vn 0.39677536 0.3332913 0.8552697
vn 0.39677536 0.39677536 0.827731
vn 0.49200147 0.5872276 0.64272726
vn 0.39677536 0.30154932 0.8669702
vn 0.39677536 0.3332913 0.8552697
vn 0.33329135 0.5237435 0.7839704
vn 0.33329135 0.3650334 0.86929137
vn 0.30154932 0.5554856 0.7749218
vn 0.5872276 0.3650334 0.7224364
vn 0.4285174 0.65071166 0.626855
vn 0.8094218 -0.2063232 0.54978824
vn 0.65071166 0.49200153 0.5783674
vn 0.7776798 -0.55548555 0.29436365
vn 0.46025944 -0.6189696 0.63642585
vn 0.23806524 -0.33329135 0.9122729
vn 0.65071166 -0.2063232 0.73075646
vn 0.39677536 -0.65071166 0.647413
vn 0.30154932 -0.26980728 0.9144791
vn 0.047613025 -0.26980728 0.96173644
vn 0.26980728 -0.36503333 0.89104134
vn 0.2063232 -0.26980728 0.9405502
vn 0.047613025 -0.26980728 0.96173644
vn 0.047613025 -0.26980728 0.96173644
vn 0.047613025 -0.26980728 0.96173644
vn 0.047613025 -0.26980728 0.96173644
vn 0.047613025 -0.26980728 0.96173644
vn -0.047613025 -0.07935506 0.9957087
vn 0.047613025 -0.26980728 0.96173644
vn 0.047613025 -0.26980728 0.96173644
vn -0.015871048 -0.17458117 0.98451483
vn -0.1428392 0.047613025 0.9886
vn -0.047613025 -0.2063232 0.9773248
vn -0.015871048 -0.26980728 0.9627835
vn -0.1110971 0.015871048 0.9936828
vn -0.1110971 0.047613025 0.99266833
vn -0.07935512 0.07935512 0.9936828
vn -0.1428392 0.047613025 0.9886
vn -0.1428392 0.047613025 0.9886
vn -0.1428392 0.047613025 0.9886
vn -0.1428392 0.047613025 0.9886
vn -0.1110971 0.047613025 0.99266833
vn -0.1110971 0.047613025 0.99266833
vn -0.1110971 0.015871048 0.9936828
vn -0.1110971 0.047613025 0.99266833
vn -0.015871048 -0.1110971 0.9936828
vn -0.015871048 -0.14283913 0.98961866
vn -0.015871048 -0.1110971 0.9936828
vn -0.047613025 -0.14283913 0.9886
vn 0.015870988 -0.14283913 0.98961866
vn 0.015870988 -0.14283913 0.98961866
vn 0.015870988 -0.14283913 0.98961866
vn 0.015870988 -0.14283913 0.98961866
vn 0.047613025 -0.14283913 0.9886
vn 0.047613025 -0.14283913 0.9886
vn 0.047613025 -0.14283913 0.9886
vn 0.015870988 -0.14283913 0.98961866
vn 0.14283913 -0.30154932 0.94269025
vn 0.14283913 -0.36503333 0.9199715
vn 0.17458117 -0.23806524 0.9554299
vn 0.14283913 -0.14283913 0.9793845
vn 0.23806524 -0.36503333 0.900042
vn 0.23806524 -0.36503333 0.900042
vn 0.2063232 -0.30154932 0.93085915
vn 0.23806524 -0.36503333 0.900042
vn 0.2063232 -0.36503333 0.90784436
vn 0.2063232 -0.33329135 0.9199715
vn 0.2063232 -0.30154932 0.93085915
vn 0.2063232 -0.33329135 0.9199715
vn 0.23806524 -0.30154932 0.9232513
vn 0.2063232 -0.30154932 0.93085915
vn 0.2063232 -0.30154932 0.93085915
vn 0.2063232 -0.30154932 0.93085915
vn 0.23806524 -0.33329135 0.9122729
vn 0.23806524 -0.33329135 0.9122729
vn 0.23806524 -0.33329135 0.9122729
vn 0.23806524 -0.33329135 0.9122729
vn 0.30154932 -0.39677536 0.8669702
vn 0.30154932 -0.39677536 0.8669702
vn 0.30154932 -0.4285174 0.85172814
vn 0.30154932 -0.4285174 0.85172814
vn 0.33329135 -0.4285174 0.8398153
vn 0.33329135 -0.4285174 0.8398153
vn 0.33329135 -0.4285174 0.8398153
vn 0.33329135 -0.4285174 0.8398153
vn 0.30154932 -0.39677536 0.8669702
vn 0.26980728 -0.39677536 0.87736726
vn 0.26980728 -0.39677536 0.87736726
vn 0.2063232 -0.46025944 0.8634767
vn 0.26980728 -0.4285174 0.86230904
vn 0.17458117 -0.4285174 0.8865068
vn 0.2063232 -0.46025944 0.8634767
vn 0.2063232 -0.4285174 0.8796611
vn -0.1428392 0.015871048 0.98961866
vn -0.20632327 -0.1110971 0.97215647
vn -0.047613025 0.26980734 0.96173644
vn -0.015871048 0.30154932 0.9533185
vn -0.3650334 0.5554856 0.7471187
vn -0.3650334 0.5554856 0.7471187
vn -0.3650334 0.6189697 0.6954331
vn -0.3650334 0.5554856 0.7471187
vn -0.3332913 0.5554856 0.7618088
vn -0.3650334 0.6189697 0.6954331
vn -0.3650334 0.65071166 0.6658265
vn -0.3332913 0.6189697 0.7111916
vn -0.3332913 0.6189697 0.7111916
vn -0.3650334 0.65071166 0.6658265
vn -0.3332913 0.6189697 0.7111916
vn -0.3650334 0.65071166 0.6658265
vn -0.3650334 0.65071166 0.6658265
vn -0.3332913 0.6189697 0.7111916
vn -0.3332913 0.5237435 0.7839704
vn -0.3332913 0.6189697 0.7111916
vn -0.3332913 0.6189697 0.7111916
vn -0.3332913 0.5237435 0.7839704
vn -0.30154932 0.5237435 0.7967187
vn -0.3332913 0.5237435 0.7839704
vn -0.3332913 0.5237435 0.7839704
vn -0.30154932 0.5237435 0.7967187
vn -0.30154932 0.5237435 0.7967187
vn -0.30154932 0.5237435 0.7967187
vn -0.30154932 0.5237435 0.7967187
vn -0.30154932 0.5237435 0.7967187
vn -0.30154932 0.49200153 0.8167022
vn -0.30154932 0.5237435 0.7967187
vn -0.26980734 0.49200153 0.82773095
vn -0.26980734 0.5237435 0.8080203
vn -0.20632327 0.3332913 0.9199715
vn -0.26980734 0.49200153 0.82773095
vn -0.26980734 0.5237435 0.8080203
vn -0.49200153 0.17458117 0.8529103
vn -0.1428392 0.1428392 0.9793845
vn 0.39677536 0.5872276 0.705502
vn -0.1428392 0.047613025 0.9886
vn -0.1110971 0.047613025 0.99266833
vn -0.1428392 0.07935512 0.98655957
vn -0.1110971 0.015871048 0.9936828
vn -0.1428392 0.015871048 0.98961866
vn -0.1110971 0.015871048 0.9936828
vn -0.1110971 0.015871048 0.9936828
vn -0.1428392 0.015871048 0.98961866
vn -0.1110971 -0.015870988 0.9936828
vn -0.1110971 0.015871048 0.9936828
vn -0.1110971 0.047613025 0.99266833
vn -0.1428392 0.015871048 0.98961866
vn -0.1110971 0.047613025 0.99266833
vn -0.1428392 0.047613025 0.9886
vn -0.1110971 0.047613025 0.99266833
vn -0.1110971 0.047613025 0.99266833
vn -0.1110971 0.047613025 0.99266833
vn -0.1110971 0.015871048 0.9936828
vn -0.1110971 0.047613025 0.99266833
vn -0.1428392 0.047613025 0.9886
vn -0.1110971 0.047613025 0.99266833
vn -0.1428392 0.1110971 0.98349094
vn -0.1428392 0.047613025 0.9886
vn -0.1110971 0.047613025 0.99266833
vn -0.1110971 0.047613025 0.99266833
vn -0.1110971 0.07935512 0.9906362
vn -0.1428392 0.1110971 0.98349094
vn -0.1428392 0.1110971 0.98349094
vn -0.1428392 0.1110971 0.98349094
vn -0.07935512 0.1110971 0.9906362
vn -0.1428392 0.1110971 0.98349094
vn -0.07935512 0.07935512 0.9936828
vn -0.1428392 0.1110971 0.98349094
vn -0.1110971 0.1110971 0.9875803
vn -0.1110971 0.047613025 0.99266833
vn -0.1110971 0.047613025 0.99266833
vn -0.1110971 0.047613025 0.99266833
vn -0.1110971 0.047613025 0.99266833
vn -0.1110971 0.047613025 0.99266833
vn -0.07935512 0.015871048 0.9967201
vn -0.07935512 0.015871048 0.9967201
vn -0.1110971 0.015871048 0.9936828
vn -0.07935512 0.015871048 0.9967201
vn -0.07935512 0.015871048 0.9967201
vn -0.1110971 -0.047613025 0.99266833
vn -0.07935512 -0.07935506 0.9936828
vn -0.07935512 -0.015870988 0.9967201
vn 0.015870988 -0.07935506 0.9967201
vn -0.07935512 -0.1110971 0.9906362
vn 0.015870988 -0.2063232 0.97835517
vn 0.015870988 -0.2063232 0.97835517
vn -0.047613025 -0.17458117 0.98349094
vn -0.015871048 -0.23806524 0.97111946
vn 0.015870988 -0.23806524 0.97111946
vn 0.015870988 -0.23806524 0.97111946
vn 0.015870988 -0.23806524 0.97111946
vn 0.015870988 -0.23806524 0.97111946
vn -0.015871048 -0.23806524 0.97111946
vn -0.015871048 -0.23806524 0.97111946
vn -0.015871048 -0.23806524 0.97111946
vn -0.015871048 -0.23806524 0.97111946
vn -0.015871048 -0.23806524 0.97111946
vn -0.015871048 -0.23806524 0.97111946
vn -0.015871048 -0.26980728 0.9627835
vn -0.015871048 -0.30154932 0.9533185
vn 0.015870988 -0.26980728 0.9627835
vn -0.047613025 -0.26980728 0.96173644
vn 0.015870988 -0.30154932 0.9533185
vn 0.015870988 -0.30154932 0.9533185
vn 0.015870988 -0.33329135 0.94269025
vn 0.015870988 -0.33329135 0.94269025
vn 0.015870988 -0.33329135 0.94269025
vn 0.015870988 -0.30154932 0.9533185
vn 0.015870988 -0.33329135 0.94269025
vn 0.015870988 -0.33329135 0.94269025
vn 0.015870988 -0.36503333 0.93085915
vn -0.015871048 -0.39677536 0.9177785
vn 0.015870988 -0.33329135 0.94269025
vn 0.015870988 -0.36503333 0.93085915
vn 0.047613025 -0.36503333 0.92977613
vn 0.07935506 -0.4285174 0.900042
vn -0.015871048 -0.36503333 0.93085915
vn 0.047613025 -0.4285174 0.9022781
vn 0.07935506 -0.4285174 0.900042
vn 0.015870988 -0.46025944 0.8876426
vn 0.07935506 -0.46025944 0.8842308
vn 0.1110971 -0.1110971 0.9875803
vn 0.14283913 -0.4285174 0.89217144
vn 0.26980728 -0.33329135 0.9033941
vn 0.047613025 -0.4285174 0.9022781
vn 0.23806524 -0.39677536 0.88650674
vn 0.2063232 -0.4285174 0.8796611
vn 0.2063232 -0.36503333 0.90784436
vn 0.30154932 -0.33329135 0.8933
vn 0.26980728 -0.33329135 0.9033941
vn 0.30154932 -0.33329135 0.8933
vn 0.30154932 -0.30154932 0.9045087
vn 0.30154932 -0.33329135 0.8933
vn 0.30154932 -0.33329135 0.8933
vn 0.23806524 -0.33329135 0.9122729
vn 0.30154932 -0.30154932 0.9045087
vn 0.30154932 -0.30154932 0.9045087
vn 0.30154932 -0.30154932 0.9045087
vn 0.23806524 -0.30154932 0.9232513
vn 0.14283913 -0.17458117 0.9742271
vn 0.2063232 -0.2063232 0.9564839
vn 0.2063232 -0.30154932 0.93085915
vn 0.23806524 -0.2063232 0.9490815
vn 0.14283913 -0.23806524 0.96068823
vn 0.047613025 -0.14283913 0.9886
vn 0.1110971 -0.1110971 0.9875803
vn 0.1110971 -0.07935506 0.9906362
vn 0.1110971 -0.17458117 0.97835517
vn 0.047613025 -0.1110971 0.99266833
vn 0.015870988 -0.14283913 0.98961866
vn 0.047613025 -0.07935506 0.9957087
vn 0.047613025 -0.07935506 0.9957087
vn 0.047613025 -0.07935506 0.9957087
vn 0.047613025 -0.1110971 0.99266833
vn -0.1110971 0.07935512 0.9906362
vn -0.015871048 0.015871048 0.99974805
vn -0.015871048 -0.07935506 0.9967201
vn 0.047613025 -0.047613025 0.99773043
vn -0.07935512 -0.23806524 0.9680019
vn -0.23806524 0.1428392 0.96068823
vn -0.17458117 0.015871048 0.98451483
vn -0.1428392 -0.047613025 0.9886
vn -0.17458117 0.07935512 0.9814398
vn -0.23806524 0.1110971 0.96487427
vn -0.23806524 0.1428392 0.96068823
vn -0.23806524 0.1110971 0.96487427
vn -0.20632327 0.1110971 0.97215647
vn -0.1428392 0.1110971 0.98349094
vn -0.23806524 0.1110971 0.96487427
vn -0.047613025 0.1428392 0.9886
vn -0.23806524 0.1110971 0.96487427
vn -0.17458117 0.1428392 0.9742271
vn 0.1110971 0.1110971 0.9875803
vn -0.047613025 0.30154932 0.952261
vn 0.17458117 0.1428392 0.9742271
vn -0.1428392 0.23806524 0.96068823
vn 0.07935506 -0.07935506 0.9936828
vn 0.2063232 0.1428392 0.9680019
vn 0.23806524 0.1428392 0.96068823
vn 0.17458117 -0.015870988 0.98451483
vn 0.23806524 0.17458117 0.9554299
vn 0.26980728 0.17458117 0.94695586
vn 0.23806524 0.17458117 0.9554299
vn 0.23806524 0.1428392 0.96068823
vn 0.2063232 0.1428392 0.9680019
vn 0.23806524 0.17458117 0.9554299
vn 0.23806524 0.17458117 0.9554299
vn 0.1110971 0.17458117 0.97835517
vn 0.2063232 0.1428392 0.9680019
vn 0.047613025 0.23806524 0.9700814
vn 0.23806524 0.17458117 0.9554299
vn 0.14283913 0.26980734 0.952261
vn -0.047613025 0.17458117 0.98349094
vn 0.015870988 0.23806524 0.97111946
vn -0.047613025 0.23806524 0.9700814
vn 0.07935506 0.26980734 0.9596389
vn -0.047613025 0.20632327 0.9773248
vn -0.047613025 0.20632327 0.9773248
vn -0.047613025 0.20632327 0.9773248
vn -0.047613025 0.23806524 0.9700814
vn -0.047613025 0.20632327 0.9773248
vn -0.047613025 0.20632327 0.9773248
vn -0.1428392 0.20632327 0.9680019
vn -0.047613025 0.20632327 0.9773248
vn -0.047613025 0.20632327 0.9773248
vn -0.20632327 0.20632327 0.9564839
vn -0.1428392 0.17458117 0.9742271
vn -0.3332913 0.20632327 0.9199715
vn -0.23806524 0.07935512 0.9680019
vn -0.3650334 0.20632327 0.9078443
vn -0.3332913 0.17458117 0.92651945
vn -0.3650334 0.17458117 0.9144791
vn -0.3650334 0.17458117 0.9144791
vn -0.39677536 0.20632327 0.8944272
vn -0.39677536 0.20632327 0.8944272
vn -0.3650334 0.17458117 0.9144791
vn -0.3650334 0.20632327 0.9078443
vn -0.39677536 0.20632327 0.8944272
vn -0.39677536 0.23806524 0.88650674
vn -0.39677536 0.23806524 0.88650674
vn -0.3650334 0.20632327 0.9078443
vn -0.3650334 0.23806524 0.90004194
vn -0.3332913 0.26980734 0.9033941
vn -0.3332913 0.26980734 0.9033941
vn -0.3332913 0.23806524 0.9122729
vn -0.4280864 -0.90373784 -0
g tb_outline_16_mesh_0
f 3/3/3 2/2/2 1/1/1
f 2/2/2 4/4/4 1/1/1
f 2/2/2 5/5/5 4/4/4
f 5/5/5 6/6/6 4/4/4
f 5/5/5 7/7/7 6/6/6
f 7/7/7 8/8/8 6/6/6
f 7/7/7 9/9/9 8/8/8
f 9/9/9 10/10/10 8/8/8
f 9/9/9 11/11/11 10/10/10
f 11/11/11 12/12/12 10/10/10
f 11/11/11 13/13/13 12/12/12
f 13/13/13 14/14/14 12/12/12
f 13/13/13 15/15/15 14/14/14
f 15/15/15 16/16/16 14/14/14
f 15/15/15 17/17/17 16/16/16
f 17/17/17 18/18/18 16/16/16
f 17/17/17 19/19/19 18/18/18
f 19/19/19 20/20/20 18/18/18
f 19/19/19 21/21/21 20/20/20
f 21/21/21 22/22/22 20/20/20
f 25/25/25 24/24/24 23/23/23
f 24/24/24 26/26/26 23/23/23
f 24/24/24 27/27/27 26/26/26
f 27/27/27 28/28/28 26/26/26
f 27/27/27 29/29/29 28/28/28
f 29/29/29 30/30/30 28/28/28
f 29/29/29 31/31/31 30/30/30
f 31/31/31 32/32/32 30/30/30
f 31/31/31 33/33/33 32/32/32
f 33/33/33 34/34/34 32/32/32
f 37/37/37 36/36/36 35/35/35
f 36/36/36 38/38/38 35/35/35
f 36/36/36 39/39/39 38/38/38
f 39/39/39 40/40/40 38/38/38
f 39/39/39 41/41/41 40/40/40
f 41/41/41 42/42/42 40/40/40
f 41/41/41 43/43/43 42/42/42
f 43/43/43 44/44/44 42/42/42
f 43/43/43 45/45/45 44/44/44
f 45/45/45 46/46/46 44/44/44
f 45/45/45 47/47/47 46/46/46
f 47/47/47 48/48/48 46/46/46
f 47/47/47 49/49/49 48/48/48
f 49/49/49 50/50/50 48/48/48
f 49/49/49 51/51/51 50/50/50
f 51/51/51 52/52/52 50/50/50
f 51/51/51 53/53/53 52/52/52
f 53/53/53 54/54/54 52/52/52
f 53/53/53 55/55/55 54/54/54
f 55/55/55 56/56/56 54/54/54
f 55/55/55 57/57/57 56/56/56
f 57/57/57 58/58/58 56/56/56
f 57/57/57 59/59/59 58/58/58
f 59/59/59 60/60/60 58/58/58
f 59/59/59 61/61/61 60/60/60
f 61/61/61 62/62/62 60/60/60
f 61/61/61 63/63/63 62/62/62
f 63/63/63 64/64/64 62/62/62
f 63/63/63 65/65/65 64/64/64
f 65/65/65 66/66/66 64/64/64
f 65/65/65 67/67/67 66/66/66
f 67/67/67 68/68/68 66/66/66
f 67/67/67 69/69/69 68/68/68
f 69/69/69 70/70/70 68/68/68
f 69/69/69 71/71/71 70/70/70
f 71/71/71 72/72/72 70/70/70
f 75/75/75 74/74/74 73/73/73
f 74/74/74 76/76/76 73/73/73
f 74/74/74 77/77/77 76/76/76
f 77/77/77 78/78/78 76/76/76
f 77/77/77 79/79/79 78/78/78
f 79/79/79 80/80/80 78/78/78
f 79/79/79 81/81/81 80/80/80
f 81/81/81 82/82/82 80/80/80
f 81/81/81 83/83/83 82/82/82
f 83/83/83 84/84/84 82/82/82
f 83/83/83 85/85/85 84/84/84
f 85/85/85 86/86/86 84/84/84
f 85/85/85 87/87/87 86/86/86
f 87/87/87 88/88/88 86/86/86
f 87/87/87 89/89/89 88/88/88
f 89/89/89 90/90/90 88/88/88
f 89/89/89 91/91/91 90/90/90
f 91/91/91 92/92/92 90/90/90
f 91/91/91 93/93/93 92/92/92
f 93/93/93 94/94/94 92/92/92
f 93/93/93 95/95/95 94/94/94
f 95/95/95 96/96/96 94/94/94
f 95/95/95 97/97/97 96/96/96
f 97/97/97 98/98/98 96/96/96
f 97/97/97 99/99/99 98/98/98
f 99/99/99 100/100/100 98/98/98
f 99/99/99 101/101/101 100/100/100
f 101/101/101 102/102/102 100/100/100
f 101/101/101 103/103/103 102/102/102
f 103/103/103 104/104/104 102/102/102
f 107/107/107 106/106/106 105/105/105
f 106/106/106 108/108/108 105/105/105
f 106/106/106 109/109/109 108/108/108
f 109/109/109 110/110/110 108/108/108
f 109/109/109 111/111/111 110/110/110
f 111/111/111 112/112/112 110/110/110
f 111/111/111 113/113/113 112/112/112
f 113/113/113 114/114/114 112/112/112
f 113/113/113 115/115/115 114/114/114
f 115/115/115 116/116/116 114/114/114
f 115/115/115 117/117/117 116/116/116
f 117/117/117 118/118/118 116/116/116
f 117/117/117 119/119/119 118/118/118
f 119/119/119 120/120/120 118/118/118
f 119/119/119 121/121/121 120/120/120
f 121/121/121 122/122/122 120/120/120
f 121/121/121 123/123/123 122/122/122
f 123/123/123 124/124/124 122/122/122
f 123/123/123 125/125/125 124/124/124
f 125/125/125 126/126/126 124/124/124
f 125/125/125 127/127/127 126/126/126
f 127/127/127 128/128/128 126/126/126
f 127/127/127 129/129/129 128/128/128
f 129/129/129 130/130/130 128/128/128
f 129/129/129 131/131/131 130/130/130
f 131/131/131 132/132/132 130/130/130
f 131/131/131 133/133/133 132/132/132
f 133/133/133 134/134/134 132/132/132
f 133/133/133 135/135/135 134/134/134
f 135/135/135 136/136/136 134/134/134
f 139/139/139 138/138/138 137/137/137
f 138/138/138 140/140/140 137/137/137
f 138/138/138 141/141/141 140/140/140
f 141/141/141 142/142/142 140/140/140
f 141/141/141 143/143/143 142/142/142
f 143/143/143 144/144/144 142/142/142
f 143/143/143 145/145/145 144/144/144
f 145/145/145 146/146/146 144/144/144
f 145/145/145 147/147/147 146/146/146
f 147/147/147 148/148/148 146/146/146
f 147/147/147 149/149/149 148/148/148
f 149/149/149 150/150/150 148/148/148
f 149/149/149 151/151/151 150/150/150
f 151/151/151 152/152/152 150/150/150
f 151/151/151 153/153/153 152/152/152
f 153/153/153 154/154/154 152/152/152
f 153/153/153 155/155/155 154/154/154
f 155/155/155 156/156/156 154/154/154
f 155/155/155 157/157/157 156/156/156
f 157/157/157 158/158/158 156/156/156
f 157/157/157 159/159/159 158/158/158
f 159/159/159 160/160/160 158/158/158
f 159/159/159 161/161/161 160/160/160
f 161/161/161 162/162/162 160/160/160
f 161/161/161 163/163/163 162/162/162
f 163/163/163 164/164/164 162/162/162
f 163/163/163 165/165/165 164/164/164
f 165/165/165 166/166/166 164/164/164
f 165/165/165 167/167/167 166/166/166
f 167/167/167 168/168/168 166/166/166
f 167/167/167 169/169/169 168/168/168
f 169/169/169 170/170/170 168/168/168
f 169/169/169 171/171/171 170/170/170
f 171/171/171 172/172/172 170/170/170
f 171/171/171 173/173/173 172/172/172
f 173/173/173 174/174/174 172/172/172
f 177/177/177 176/176/176 175/175/175
f 176/176/176 178/178/178 175/175/175
f 176/176/176 179/179/179 178/178/178
f 179/179/179 180/180/180 178/178/178
f 179/179/179 181/181/181 180/180/180
f 181/181/181 182/182/182 180/180/180
f 181/181/181 183/183/183 182/182/182
f 183/183/183 184/184/184 182/182/182
f 183/183/183 185/185/185 184/184/184
f 185/185/185 186/186/186 184/184/184
f 185/185/185 187/187/187 186/186/186
f 187/187/187 188/188/188 186/186/186
f 187/187/187 189/189/189 188/188/188
f 189/189/189 190/190/190 188/188/188
f 189/189/189 191/191/191 190/190/190
f 191/191/191 192/192/192 190/190/190
f 191/191/191 193/193/193 192/192/192
f 193/193/193 194/194/194 192/192/192
f 193/193/193 195/195/195 194/194/194
f 195/195/195 196/196/196 194/194/194
f 195/195/195 197/197/197 196/196/196
f 197/197/197 198/198/198 196/196/196
f 197/197/197 199/199/199 198/198/198
f 199/199/199 200/200/200 198/198/198
f 199/199/199 201/201/201 200/200/200
f 201/201/201 202/202/202 200/200/200
f 201/201/201 203/203/203 202/202/202
f 203/203/203 204/204/204 202/202/202
f 203/203/203 205/205/205 204/204/204
f 205/205/205 206/206/206 204/204/204
f 205/205/205 207/207/207 206/206/206
f 207/207/207 208/208/208 206/206/206
f 207/207/207 209/209/209 208/208/208
f 209/209/209 210/210/210 208/208/208
f 209/209/209 211/211/211 210/210/210
f 211/211/211 212/212/212 210/210/210
f 211/211/211 213/213/213 212/212/212
f 213/213/213 214/214/214 212/212/212
f 217/217/217 216/216/216 215/215/215
f 216/216/216 218/218/218 215/215/215
f 216/216/216 219/219/219 218/218/218
f 219/219/219 220/220/220 218/218/218
f 219/219/219 221/221/221 220/220/220
f 221/221/221 222/222/222 220/220/220
f 221/221/221 223/223/223 222/222/222
f 223/223/223 224/224/224 222/222/222
f 223/223/223 225/225/225 224/224/224
f 225/225/225 226/226/226 224/224/224
f 225/225/225 227/227/227 226/226/226
f 227/227/227 228/228/228 226/226/226
f 231/231/231 230/230/230 229/229/229
f 230/230/230 232/232/232 229/229/229
f 230/230/230 233/233/233 232/232/232
f 233/233/233 234/234/234 232/232/232
f 233/233/233 235/235/235 234/234/234
f 235/235/235 236/236/236 234/234/234
f 235/235/235 237/237/237 236/236/236
f 237/237/237 238/238/238 236/236/236
f 237/237/237 239/239/239 238/238/238
f 239/239/239 240/240/240 238/238/238
f 239/239/239 241/241/241 240/240/240
f 241/241/241 242/242/242 240/240/240
f 241/241/241 243/243/243 242/242/242
f 243/243/243 244/244/244 242/242/242
f 243/243/243 245/245/245 244/244/244
f 245/245/245 246/246/246 244/244/244
f 245/245/245 247/247/247 246/246/246
f 247/247/247 248/248/248 246/246/246
f 247/247/247 249/249/249 248/248/248
f 249/249/249 250/250/250 248/248/248
f 249/249/249 251/251/251 250/250/250
f 251/251/251 252/252/252 250/250/250
f 251/251/251 253/253/253 252/252/252
f 253/253/253 254/254/254 252/252/252
f 253/253/253 255/255/255 254/254/254
f 255/255/255 256/256/256 254/254/254
f 255/255/255 257/257/257 256/256/256
f 257/257/257 258/258/258 256/256/256
f 257/257/257 259/259/259 258/258/258
f 259/259/259 260/260/260 258/258/258
f 259/259/259 261/261/261 260/260/260
f 261/261/261 262/262/262 260/260/260
f 261/261/261 263/263/263 262/262/262
f 263/263/263 264/264/264 262/262/262
f 263/263/263 265/265/265 264/264/264
f 265/265/265 266/266/266 264/264/264
f 265/265/265 267/267/267 266/266/266
f 267/267/267 268/268/268 266/266/266
f 271/271/271 270/270/270 269/269/269
f 270/270/270 272/272/272 269/269/269
f 270/270/270 273/273/273 272/272/272
f 273/273/273 274/274/274 272/272/272
f 273/273/273 275/275/275 274/274/274
f 275/275/275 276/276/276 274/274/274
f 275/275/275 277/277/277 276/276/276
f 277/277/277 278/278/278 276/276/276
f 277/277/277 279/279/279 278/278/278
f 279/279/279 280/280/280 278/278/278
f 279/279/279 281/281/281 280/280/280
f 281/281/281 282/282/282 280/280/280
f 281/281/281 283/283/283 282/282/282
f 283/283/283 284/284/284 282/282/282
f 283/283/283 285/285/285 284/284/284
f 285/285/285 286/286/286 284/284/284
f 285/285/285 287/287/287 286/286/286
f 287/287/287 288/288/288 286/286/286
f 287/287/287 289/289/289 288/288/288
f 289/289/289 290/290/290 288/288/288
f 289/289/289 291/291/291 290/290/290
f 291/291/291 292/292/292 290/290/290
f 291/291/291 293/293/293 292/292/292
f 293/293/293 294/294/294 292/292/292
f 293/293/293 295/295/295 294/294/294
f 295/295/295 296/296/296 294/294/294
f 295/295/295 297/297/297 296/296/296
f 297/297/297 298/298/298 296/296/296
f 297/297/297 299/299/299 298/298/298
f 299/299/299 300/300/300 298/298/298
f 299/299/299 301/301/301 300/300/300
f 301/301/301 302/302/302 300/300/300
f 301/301/301 303/303/303 302/302/302
f 303/303/303 304/304/304 302/302/302
f 307/307/307 306/306/306 305/305/305
f 306/306/306 308/308/308 305/305/305
f 306/306/306 309/309/309 308/308/308
f 309/309/309 310/310/310 308/308/308
f 309/309/309 311/311/311 310/310/310
f 311/311/311 312/312/312 310/310/310
f 311/311/311 313/313/313 312/312/312
f 313/313/313 314/314/314 312/312/312
f 313/313/313 315/315/315 314/314/314
f 315/315/315 316/316/316 314/314/314
f 315/315/315 317/317/317 316/316/316
f 317/317/317 318/318/318 316/316/316
f 317/317/317 319/319/319 318/318/318
f 319/319/319 320/320/320 318/318/318
f 319/319/319 321/321/321 320/320/320
f 321/321/321 322/322/322 320/320/320
f 321/321/321 323/323/323 322/322/322
f 323/323/323 324/324/324 322/322/322
f 323/323/323 325/325/325 324/324/324
f 325/325/325 326/326/326 324/324/324
f 325/325/325 327/327/327 326/326/326
f 327/327/327 328/328/328 326/326/326
f 327/327/327 329/329/329 328/328/328
f 329/329/329 330/330/330 328/328/328
f 329/329/329 331/331/331 330/330/330
f 331/331/331 332/332/332 330/330/330
f 331/331/331 333/333/333 332/332/332
f 333/333/333 334/334/334 332/332/332
f 333/333/333 335/335/335 334/334/334
f 335/335/335 336/336/336 334/334/334
f 339/339/339 338/338/338 337/337/337
f 338/338/338 340/340/340 337/337/337
f 338/338/338 341/341/341 340/340/340
f 341/341/341 342/342/342 340/340/340
f 341/341/341 343/343/343 342/342/342
f 343/343/343 344/344/344 342/342/342
f 343/343/343 345/345/345 344/344/344
f 345/345/345 346/346/346 344/344/344
f 345/345/345 347/347/347 346/346/346
f 347/347/347 348/348/348 346/346/346
f 347/347/347 349/349/349 348/348/348
f 349/349/349 350/350/350 348/348/348
f 349/349/349 351/351/351 350/350/350
f 351/351/351 352/352/352 350/350/350
f 351/351/351 353/353/353 352/352/352
f 353/353/353 354/354/354 352/352/352
f 353/353/353 355/355/355 354/354/354
f 355/355/355 356/356/356 354/354/354
f 355/355/355 357/357/357 356/356/356
f 357/357/357 358/358/358 356/356/356
f 357/357/357 359/359/359 358/358/358
f 359/359/359 360/360/360 358/358/358
f 359/359/359 361/361/361 360/360/360
f 361/361/361 362/362/362 360/360/360
f 361/361/361 363/363/363 362/362/362
f 363/363/363 364/364/364 362/362/362
f 363/363/363 365/365/365 364/364/364
f 365/365/365 366/366/366 364/364/364
f 369/369/369 368/368/368 367/367/367
f 368/368/368 370/370/370 367/367/367
f 368/368/368 371/371/371 370/370/370
f 371/371/371 372/372/372 370/370/370
f 371/371/371 373/373/373 372/372/372
f 373/373/373 374/374/374 372/372/372
f 373/373/373 375/375/375 374/374/374
f 375/375/375 376/376/376 374/374/374
f 375/375/375 377/377/377 376/376/376
f 377/377/377 378/378/378 376/376/376
f 377/377/377 379/379/379 378/378/378
f 379/379/379 380/380/380 378/378/378
f 379/379/379 381/381/381 380/380/380
f 381/381/381 382/382/382 380/380/380
f 381/381/381 383/383/383 382/382/382
f 383/383/383 384/384/384 382/382/382
f 383/383/383 385/385/385 384/384/384
f 385/385/385 386/386/386 384/384/384
f 385/385/385 387/387/387 386/386/386
f 387/387/387 388/388/388 386/386/386
f 387/387/387 389/389/389 388/388/388
f 389/389/389 390/390/390 388/388/388
f 389/389/389 391/391/391 390/390/390
f 391/391/391 392/392/392 390/390/390
f 391/391/391 393/393/393 392/392/392
f 393/393/393 394/394/394 392/392/392
f 393/393/393 395/395/395 394/394/394
f 395/395/395 396/396/396 394/394/394
f 395/395/395 397/397/397 396/396/396
f 397/397/397 398/398/398 396/396/396
f 397/397/397 399/399/399 398/398/398
f 399/399/399 400/400/400 398/398/398
f 399/399/399 401/401/401 400/400/400
f 401/401/401 402/402/402 400/400/400
f 405/405/405 404/404/404 403/403/403
f 404/404/404 406/406/406 403/403/403
f 404/404/404 407/407/407 406/406/406
f 407/407/407 408/408/408 406/406/406
f 407/407/407 409/409/409 408/408/408
f 409/409/409 410/410/410 408/408/408
f 409/409/409 411/411/411 410/410/410
f 411/411/411 412/412/412 410/410/410
f 411/411/411 413/413/413 412/412/412
f 413/413/413 414/414/414 412/412/412
f 417/417/417 416/416/416 415/415/415
f 416/416/416 418/418/418 415/415/415
f 416/416/416 419/419/419 418/418/418
f 419/419/419 420/420/420 418/418/418
f 419/419/419 421/421/421 420/420/420
f 421/421/421 422/422/422 420/420/420
f 421/421/421 423/423/423 422/422/422
f 423/423/423 424/424/424 422/422/422
f 423/423/423 425/425/425 424/424/424
f 425/425/425 426/426/426 424/424/424
f 425/425/425 427/427/427 426/426/426
f 427/427/427 428/428/428 426/426/426
f 427/427/427 429/429/429 428/428/428
f 429/429/429 430/430/430 428/428/428
f 429/429/429 431/431/431 430/430/430
f 431/431/431 432/432/432 430/430/430
f 431/431/431 433/433/433 432/432/432
f 433/433/433 434/434/434 432/432/432
f 437/437/437 436/436/436 435/435/435
f 436/436/436 438/438/438 435/435/435
f 436/436/436 439/439/439 438/438/438
f 439/439/439 440/440/440 438/438/438
f 439/439/439 441/441/441 440/440/440
f 441/441/441 442/442/442 440/440/440
f 441/441/441 443/443/443 442/442/442
f 443/443/443 444/444/444 442/442/442
f 443/443/443 445/445/445 444/444/444
f 445/445/445 446/446/446 444/444/444
f 449/449/449 448/448/448 447/447/447
f 449/449/449 447/447/447 450/450/450
f 451/451/451 447/447/447 448/448/448
f 448/448/448 452/452/452 451/451/451
f 453/453/453 451/451/451 452/452/452
f 452/452/452 454/454/454 453/453/453
f 455/455/455 453/453/453 454/454/454
f 454/454/454 456/456/456 455/455/455
f 457/457/457 455/455/455 456/456/456
f 456/456/456 458/458/458 457/457/457
f 451/451/451 453/453/453 459/459/459
f 453/453/453 455/455/455 460/460/460
f 460/460/460 459/459/459 453/453/453
f 447/447/447 451/451/451 461/461/461
f 459/459/459 461/461/461 451/451/451
f 455/455/455 457/457/457 462/462/462
f 462/462/462 460/460/460 455/455/455
f 459/459/459 460/460/460 463/463/463
f 461/461/461 459/459/459 464/464/464
f 463/463/463 464/464/464 459/459/459
f 464/464/464 465/465/465 461/461/461
f 461/461/461 466/466/466 447/447/447
f 466/466/466 461/461/461 465/465/465
f 467/467/467 447/447/447 466/466/466
f 466/466/466 465/465/465 467/467/467
f 467/467/467 450/450/450 447/447/447
f 460/460/460 462/462/462 468/468/468
f 468/468/468 463/463/463 460/460/460
f 463/463/463 469/469/469 464/464/464
f 470/470/470 464/464/464 469/469/469
f 464/464/464 470/470/470 465/465/465
f 469/469/469 463/463/463 471/471/471
f 468/468/468 471/471/471 463/463/463
f 472/472/472 465/465/465 470/470/470
f 472/472/472 473/473/473 465/465/465
f 471/471/471 468/468/468 474/474/474
f 475/475/475 465/465/465 473/473/473
f 475/475/475 467/467/467 465/465/465
f 473/473/473 476/476/476 475/475/475
f 477/477/477 475/475/475 476/476/476
f 478/478/478 468/468/468 462/462/462
f 478/478/478 474/474/474 468/468/468
f 467/467/467 475/475/475 479/479/479
f 467/467/467 479/479/479 450/450/450
f 475/475/475 477/477/477 480/480/480
f 480/480/480 479/479/479 475/475/475
f 481/481/481 480/480/480 477/477/477
f 481/481/481 482/482/482 480/480/480
f 462/462/462 483/483/483 478/478/478
f 483/483/483 462/462/462 457/457/457
f 478/478/478 484/484/484 474/474/474
f 484/484/484 478/478/478 483/483/483
f 457/457/457 484/484/484 483/483/483
f 485/485/485 474/474/474 484/484/484
f 486/486/486 480/480/480 482/482/482
f 482/482/482 487/487/487 486/486/486
f 457/457/457 488/488/488 484/484/484
f 488/488/488 457/457/457 458/458/458
f 484/484/484 489/489/489 485/485/485
f 489/489/489 484/484/484 488/488/488
f 490/490/490 485/485/485 489/489/489
f 488/488/488 458/458/458 491/491/491
f 488/488/488 491/491/491 489/489/489
f 492/492/492 491/491/491 458/458/458
f 492/492/492 493/493/493 491/491/491
f 489/489/489 494/494/494 490/490/490
f 494/494/494 489/489/489 491/491/491
f 495/495/495 490/490/490 494/494/494
f 495/495/495 494/494/494 496/496/496
f 497/497/497 491/491/491 493/493/493
f 491/491/491 497/497/497 494/494/494
f 493/493/493 498/498/498 497/497/497
f 499/499/499 494/494/494 497/497/497
f 499/499/499 496/496/496 494/494/494
f 499/499/499 497/497/497 498/498/498
f 499/499/499 500/500/500 496/496/496
f 501/501/501 496/496/496 500/500/500
f 501/501/501 500/500/500 502/502/502
f 499/499/499 498/498/498 503/503/503
f 499/499/499 503/503/503 500/500/500
f 504/504/504 503/503/503 498/498/498
f 503/503/503 504/504/504 505/505/505
f 505/505/505 500/500/500 503/503/503
f 506/506/506 505/505/505 504/504/504
f 507/507/507 502/502/502 500/500/500
f 500/500/500 505/505/505 507/507/507
f 502/502/502 507/507/507 508/508/508
f 505/505/505 506/506/506 509/509/509
f 505/505/505 509/509/509 507/507/507
f 510/510/510 509/509/509 506/506/506
f 510/510/510 511/511/511 509/509/509
f 512/512/512 508/508/508 507/507/507
f 512/512/512 507/507/507 509/509/509
f 508/508/508 512/512/512 513/513/513
f 514/514/514 509/509/509 511/511/511
f 509/509/509 514/514/514 512/512/512
f 511/511/511 515/515/515 514/514/514
f 516/516/516 513/513/513 512/512/512
f 516/516/516 512/512/512 514/514/514
f 513/513/513 516/516/516 517/517/517
f 518/518/518 517/517/517 516/516/516
f 519/519/519 516/516/516 514/514/514
f 519/519/519 514/514/514 515/515/515
f 516/516/516 519/519/519 518/518/518
f 519/519/519 515/515/515 520/520/520
f 521/521/521 520/520/520 515/515/515
f 521/521/521 522/522/522 520/520/520
f 523/523/523 518/518/518 519/519/519
f 519/519/519 520/520/520 523/523/523
f 518/518/518 523/523/523 524/524/524
f 525/525/525 520/520/520 522/522/522
f 522/522/522 526/526/526 525/525/525
f 527/527/527 523/523/523 520/520/520
f 520/520/520 525/525/525 527/527/527
f 528/528/528 524/524/524 523/523/523
f 523/523/523 527/527/527 528/528/528
f 528/528/528 529/529/529 524/524/524
f 530/530/530 524/524/524 529/529/529
f 531/531/531 528/528/528 527/527/527
f 531/531/531 527/527/527 525/525/525
f 528/528/528 531/531/531 529/529/529
f 532/532/532 525/525/525 526/526/526
f 526/526/526 533/533/533 532/532/532
f 531/531/531 525/525/525 534/534/534
f 534/534/534 529/529/529 531/531/531
f 532/532/532 534/534/534 525/525/525
f 529/529/529 535/535/535 530/530/530
f 529/529/529 534/534/534 535/535/535
f 536/536/536 530/530/530 535/535/535
f 537/537/537 532/532/532 533/533/533
f 533/533/533 538/538/538 537/537/537
f 534/534/534 532/532/532 539/539/539
f 539/539/539 535/535/535 534/534/534
f 537/537/537 539/539/539 532/532/532
f 535/535/535 540/540/540 536/536/536
f 535/535/535 539/539/539 540/540/540
f 541/541/541 536/536/536 540/540/540
f 542/542/542 537/537/537 538/538/538
f 538/538/538 543/543/543 542/542/542
f 539/539/539 537/537/537 544/544/544
f 544/544/544 540/540/540 539/539/539
f 542/542/542 544/544/544 537/537/537
f 540/540/540 545/545/545 541/541/541
f 540/540/540 544/544/544 545/545/545
f 546/546/546 541/541/541 545/545/545
f 547/547/547 542/542/542 543/543/543
f 543/543/543 548/548/548 547/547/547
f 544/544/544 542/542/542 549/549/549
f 549/549/549 545/545/545 544/544/544
f 547/547/547 549/549/549 542/542/542
f 545/545/545 550/550/550 546/546/546
f 545/545/545 549/549/549 550/550/550
f 551/551/551 546/546/546 550/550/550
f 552/552/552 547/547/547 548/548/548
f 548/548/548 553/553/553 552/552/552
f 549/549/549 547/547/547 554/554/554
f 554/554/554 550/550/550 549/549/549
f 552/552/552 554/554/554 547/547/547
f 550/550/550 555/555/555 551/551/551
f 550/550/550 554/554/554 555/555/555
f 556/556/556 551/551/551 555/555/555
f 557/557/557 552/552/552 553/553/553
f 553/553/553 558/558/558 557/557/557
f 554/554/554 552/552/552 559/559/559
f 559/559/559 555/555/555 554/554/554
f 557/557/557 559/559/559 552/552/552
f 555/555/555 560/560/560 556/556/556
f 561/561/561 556/556/556 560/560/560
f 559/559/559 562/562/562 555/555/555
f 562/562/562 559/559/559 557/557/557
f 560/560/560 555/555/555 562/562/562
f 563/563/563 557/557/557 558/558/558
f 557/557/557 563/563/563 562/562/562
f 558/558/558 564/564/564 563/563/563
f 560/560/560 565/565/565 561/561/561
f 566/566/566 561/561/561 565/565/565
f 562/562/562 567/567/567 560/560/560
f 567/567/567 562/562/562 563/563/563
f 565/565/565 560/560/560 567/567/567
f 568/568/568 563/563/563 564/564/564
f 563/563/563 568/568/568 567/567/567
f 564/564/564 569/569/569 568/568/568
f 565/565/565 570/570/570 566/566/566
f 571/571/571 566/566/566 570/570/570
f 571/571/571 570/570/570 572/572/572
f 567/567/567 573/573/573 565/565/565
f 573/573/573 567/567/567 568/568/568
f 570/570/570 565/565/565 573/573/573
f 574/574/574 568/568/568 569/569/569
f 568/568/568 574/574/574 573/573/573
f 569/569/569 575/575/575 574/574/574
f 573/573/573 576/576/576 570/570/570
f 576/576/576 573/573/573 574/574/574
f 577/577/577 574/574/574 575/575/575
f 574/574/574 577/577/577 576/576/576
f 575/575/575 578/578/578 577/577/577
f 579/579/579 572/572/572 570/570/570
f 579/579/579 570/570/570 576/576/576
f 580/580/580 577/577/577 578/578/578
f 578/578/578 581/581/581 580/580/580
f 582/582/582 576/576/576 577/577/577
f 576/576/576 582/582/582 579/579/579
f 577/577/577 580/580/580 582/582/582
f 579/579/579 583/583/583 572/572/572
f 583/583/583 579/579/579 582/582/582
f 584/584/584 572/572/572 583/583/583
f 584/584/584 583/583/583 585/585/585
f 586/586/586 580/580/580 581/581/581
f 581/581/581 587/587/587 586/586/586
f 588/588/588 582/582/582 580/580/580
f 582/582/582 588/588/588 583/583/583
f 580/580/580 586/586/586 588/588/588
f 589/589/589 585/585/585 583/583/583
f 589/589/589 583/583/583 588/588/588
f 585/585/585 589/589/589 590/590/590
f 591/591/591 586/586/586 587/587/587
f 587/587/587 592/592/592 591/591/591
f 593/593/593 588/588/588 586/586/586
f 588/588/588 593/593/593 589/589/589
f 586/586/586 591/591/591 593/593/593
f 594/594/594 590/590/590 589/589/589
f 594/594/594 589/589/589 593/593/593
f 590/590/590 594/594/594 595/595/595
f 593/593/593 596/596/596 594/594/594
f 596/596/596 593/593/593 591/591/591
f 597/597/597 595/595/595 594/594/594
f 597/597/597 594/594/594 596/596/596
f 595/595/595 597/597/597 598/598/598
f 599/599/599 591/591/591 592/592/592
f 592/592/592 600/600/600 599/599/599
f 596/596/596 591/591/591 601/601/601
f 601/601/601 597/597/597 596/596/596
f 599/599/599 601/601/601 591/591/591
f 601/601/601 599/599/599 597/597/597
f 602/602/602 597/597/597 599/599/599
f 602/602/602 598/598/598 597/597/597
f 602/602/602 599/599/599 600/600/600
f 598/598/598 602/602/602 603/603/603
f 604/604/604 603/603/603 602/602/602
f 598/598/598 603/603/603 605/605/605
f 606/606/606 605/605/605 603/603/603
f 603/603/603 604/604/604 606/606/606
f 607/607/607 606/606/606 604/604/604
f 607/607/607 604/604/604 608/608/608
f 602/602/602 600/600/600 609/609/609
f 602/602/602 609/609/609 604/604/604
f 610/610/610 609/609/609 600/600/600
f 610/610/610 611/611/611 609/609/609
f 612/612/612 609/609/609 611/611/611
f 609/609/609 612/612/612 604/604/604
f 611/611/611 613/613/613 612/612/612
f 614/614/614 608/608/608 604/604/604
f 614/614/614 604/604/604 612/612/612
f 615/615/615 612/612/612 613/613/613
f 612/612/612 615/615/615 614/614/614
f 613/613/613 616/616/616 615/615/615
f 614/614/614 617/617/617 608/608/608
f 617/617/617 614/614/614 615/615/615
f 618/618/618 608/608/608 617/617/617
f 619/619/619 615/615/615 616/616/616
f 615/615/615 619/619/619 617/617/617
f 616/616/616 620/620/620 619/619/619
f 617/617/617 621/621/621 618/618/618
f 621/621/621 617/617/617 619/619/619
f 622/622/622 618/618/618 621/621/621
f 623/623/623 619/619/619 620/620/620
f 619/619/619 623/623/623 621/621/621
f 621/621/621 624/624/624 622/622/622
f 624/624/624 621/621/621 623/623/623
f 625/625/625 622/622/622 624/624/624
f 623/623/623 620/620/620 626/626/626
f 623/623/623 626/626/626 624/624/624
f 627/627/627 626/626/626 620/620/620
f 624/624/624 628/628/628 625/625/625
f 628/628/628 624/624/624 626/626/626
f 629/629/629 625/625/625 628/628/628
f 626/626/626 627/627/627 630/630/630
f 626/626/626 630/630/630 628/628/628
f 631/631/631 630/630/630 627/627/627
f 628/628/628 632/632/632 629/629/629
f 632/632/632 628/628/628 630/630/630
f 633/633/633 629/629/629 632/632/632
f 630/630/630 631/631/631 634/634/634
f 630/630/630 634/634/634 632/632/632
f 635/635/635 634/634/634 631/631/631
f 632/632/632 636/636/636 633/633/633
f 636/636/636 632/632/632 634/634/634
f 637/637/637 633/633/633 636/636/636
f 634/634/634 635/635/635 638/638/638
f 634/634/634 638/638/638 636/636/636
f 639/639/639 638/638/638 635/635/635
f 636/636/636 640/640/640 637/637/637
f 640/640/640 636/636/636 638/638/638
f 641/641/641 637/637/637 640/640/640
f 638/638/638 639/639/639 642/642/642
f 638/638/638 642/642/642 640/640/640
f 643/643/643 642/642/642 639/639/639
f 640/640/640 644/644/644 641/641/641
f 644/644/644 640/640/640 642/642/642
f 645/645/645 641/641/641 644/644/644
f 642/642/642 643/643/643 646/646/646
f 642/642/642 646/646/646 644/644/644
f 647/647/647 646/646/646 643/643/643
f 644/644/644 648/648/648 645/645/645
f 648/648/648 644/644/644 646/646/646
f 649/649/649 645/645/645 648/648/648
f 646/646/646 647/647/647 650/650/650
f 646/646/646 650/650/650 648/648/648
f 651/651/651 650/650/650 647/647/647
f 651/651/651 652/652/652 650/650/650
f 648/648/648 653/653/653 649/649/649
f 653/653/653 648/648/648 650/650/650
f 654/654/654 649/649/649 653/653/653
f 655/655/655 650/650/650 652/652/652
f 650/650/650 655/655/655 653/653/653
f 652/652/652 656/656/656 655/655/655
f 653/653/653 657/657/657 654/654/654
f 657/657/657 653/653/653 655/655/655
f 658/658/658 654/654/654 657/657/657
f 659/659/659 655/655/655 656/656/656
f 655/655/655 659/659/659 657/657/657
f 657/657/657 660/660/660 658/658/658
f 660/660/660 657/657/657 659/659/659
f 661/661/661 658/658/658 660/660/660
f 661/661/661 660/660/660 662/662/662
f 659/659/659 656/656/656 663/663/663
f 664/664/664 663/663/663 656/656/656
f 660/660/660 659/659/659 665/665/665
f 665/665/665 662/662/662 660/660/660
f 663/663/663 665/665/665 659/659/659
f 665/665/665 666/666/666 662/662/662
f 665/665/665 663/663/663 666/666/666
f 667/667/667 662/662/662 666/666/666
f 663/663/663 664/664/664 668/668/668
f 668/668/668 666/666/666 663/663/663
f 669/669/669 668/668/668 664/664/664
f 666/666/666 670/670/670 667/667/667
f 666/666/666 668/668/668 670/670/670
f 671/671/671 667/667/667 670/670/670
f 668/668/668 669/669/669 672/672/672
f 672/672/672 670/670/670 668/668/668
f 673/673/673 672/672/672 669/669/669
f 673/673/673 674/674/674 672/672/672
f 670/670/670 675/675/675 671/671/671
f 670/670/670 672/672/672 675/675/675
f 676/676/676 671/671/671 675/675/675
f 676/676/676 675/675/675 677/677/677
f 678/678/678 672/672/672 674/674/674
f 678/678/678 675/675/675 672/672/672
f 674/674/674 679/679/679 678/678/678
f 680/680/680 677/677/677 675/675/675
f 675/675/675 678/678/678 680/680/680
f 681/681/681 678/678/678 679/679/679
f 681/681/681 680/680/680 678/678/678
f 680/680/680 682/682/682 677/677/677
f 680/680/680 681/681/681 682/682/682
f 683/683/683 677/677/677 682/682/682
f 681/681/681 679/679/679 684/684/684
f 684/684/684 682/682/682 681/681/681
f 685/685/685 684/684/684 679/679/679
f 684/684/684 685/685/685 686/686/686
f 684/684/684 686/686/686 682/682/682
f 687/687/687 686/686/686 685/685/685
f 687/687/687 688/688/688 686/686/686
f 682/682/682 689/689/689 683/683/683
f 689/689/689 682/682/682 686/686/686
f 690/690/690 683/683/683 689/689/689
f 691/691/691 686/686/686 688/688/688
f 686/686/686 691/691/691 689/689/689
f 688/688/688 692/692/692 691/691/691
f 689/689/689 693/693/693 690/690/690
f 693/693/693 689/689/689 691/691/691
f 694/694/694 690/690/690 693/693/693
f 695/695/695 691/691/691 692/692/692
f 691/691/691 695/695/695 693/693/693
f 692/692/692 696/696/696 695/695/695
f 693/693/693 697/697/697 694/694/694
f 697/697/697 693/693/693 695/695/695
f 698/698/698 694/694/694 697/697/697
f 699/699/699 695/695/695 696/696/696
f 695/695/695 699/699/699 697/697/697
f 696/696/696 700/700/700 699/699/699
f 697/697/697 701/701/701 698/698/698
f 701/701/701 697/697/697 699/699/699
f 702/702/702 698/698/698 701/701/701
f 703/703/703 699/699/699 700/700/700
f 699/699/699 703/703/703 701/701/701
f 700/700/700 704/704/704 703/703/703
f 701/701/701 705/705/705 702/702/702
f 705/705/705 701/701/701 703/703/703
f 706/706/706 702/702/702 705/705/705
f 707/707/707 703/703/703 704/704/704
f 703/703/703 707/707/707 705/705/705
f 705/705/705 708/708/708 706/706/706
f 708/708/708 705/705/705 707/707/707
f 709/709/709 706/706/706 708/708/708
f 707/707/707 704/704/704 710/710/710
f 707/707/707 710/710/710 708/708/708
f 711/711/711 710/710/710 704/704/704
f 708/708/708 712/712/712 709/709/709
f 712/712/712 708/708/708 710/710/710
f 713/713/713 709/709/709 712/712/712
f 710/710/710 711/711/711 714/714/714
f 710/710/710 714/714/714 712/712/712
f 715/715/715 714/714/714 711/711/711
f 715/715/715 716/716/716 714/714/714
f 712/712/712 717/717/717 713/713/713
f 717/717/717 712/712/712 714/714/714
f 718/718/718 713/713/713 717/717/717
f 718/718/718 717/717/717 719/719/719
f 720/720/720 719/719/719 717/717/717
f 721/721/721 717/717/717 714/714/714
f 721/721/721 714/714/714 716/716/716
f 717/717/717 721/721/721 720/720/720
f 721/721/721 716/716/716 722/722/722
f 723/723/723 722/722/722 716/716/716
f 724/724/724 720/720/720 721/721/721
f 721/721/721 722/722/722 724/724/724
f 720/720/720 724/724/724 725/725/725
f 722/722/722 723/723/723 726/726/726
f 727/727/727 726/726/726 723/723/723
f 728/728/728 725/725/725 724/724/724
f 725/725/725 728/728/728 729/729/729
f 730/730/730 724/724/724 722/722/722
f 722/722/722 726/726/726 730/730/730
f 724/724/724 730/730/730 728/728/728
f 731/731/731 729/729/729 728/728/728
f 729/729/729 731/731/731 732/732/732
f 733/733/733 728/728/728 730/730/730
f 733/733/733 730/730/730 726/726/726
f 728/728/728 733/733/733 731/731/731
f 726/726/726 727/727/727 734/734/734
f 735/735/735 734/734/734 727/727/727
f 733/733/733 726/726/726 736/736/736
f 736/736/736 731/731/731 733/733/733
f 734/734/734 736/736/736 726/726/726
f 737/737/737 732/732/732 731/731/731
f 731/731/731 736/736/736 737/737/737
f 732/732/732 737/737/737 738/738/738
f 734/734/734 735/735/735 739/739/739
f 740/740/740 739/739/739 735/735/735
f 736/736/736 734/734/734 741/741/741
f 741/741/741 737/737/737 736/736/736
f 739/739/739 741/741/741 734/734/734
f 742/742/742 738/738/738 737/737/737
f 737/737/737 741/741/741 742/742/742
f 738/738/738 742/742/742 743/743/743
f 739/739/739 740/740/740 744/744/744
f 745/745/745 744/744/744 740/740/740
f 741/741/741 739/739/739 746/746/746
f 746/746/746 742/742/742 741/741/741
f 744/744/744 746/746/746 739/739/739
f 747/747/747 743/743/743 742/742/742
f 742/742/742 746/746/746 747/747/747
f 743/743/743 747/747/747 748/748/748
f 744/744/744 745/745/745 749/749/749
f 750/750/750 749/749/749 745/745/745
f 746/746/746 744/744/744 751/751/751
f 751/751/751 747/747/747 746/746/746
f 749/749/749 751/751/751 744/744/744
f 752/752/752 748/748/748 747/747/747
f 747/747/747 751/751/751 752/752/752
f 749/749/749 750/750/750 753/753/753
f 754/754/754 753/753/753 750/750/750
f 751/751/751 749/749/749 755/755/755
f 755/755/755 752/752/752 751/751/751
f 753/753/753 755/755/755 749/749/749
f 752/752/752 756/756/756 748/748/748
f 752/752/752 755/755/755 756/756/756
f 757/757/757 748/748/748 756/756/756
f 753/753/753 754/754/754 758/758/758
f 759/759/759 758/758/758 754/754/754
f 755/755/755 753/753/753 760/760/760
f 760/760/760 756/756/756 755/755/755
f 758/758/758 760/760/760 753/753/753
f 756/756/756 761/761/761 757/757/757
f 762/762/762 757/757/757 761/761/761
f 760/760/760 763/763/763 756/756/756
f 763/763/763 760/760/760 758/758/758
f 761/761/761 756/756/756 763/763/763
f 758/758/758 759/759/759 764/764/764
f 758/758/758 764/764/764 763/763/763
f 765/765/765 764/764/764 759/759/759
f 761/761/761 766/766/766 762/762/762
f 767/767/767 762/762/762 766/766/766
f 763/763/763 768/768/768 761/761/761
f 768/768/768 763/763/763 764/764/764
f 766/766/766 761/761/761 768/768/768
f 764/764/764 765/765/765 769/769/769
f 764/764/764 769/769/769 768/768/768
f 770/770/770 769/769/769 765/765/765
f 766/766/766 771/771/771 767/767/767
f 772/772/772 767/767/767 771/771/771
f 768/768/768 773/773/773 766/766/766
f 773/773/773 768/768/768 769/769/769
f 771/771/771 766/766/766 773/773/773
f 769/769/769 770/770/770 774/774/774
f 769/769/769 774/774/774 773/773/773
f 775/775/775 774/774/774 770/770/770
f 771/771/771 776/776/776 772/772/772
f 777/777/777 772/772/772 776/776/776
f 773/773/773 778/778/778 771/771/771
f 778/778/778 773/773/773 774/774/774
f 776/776/776 771/771/771 778/778/778
f 774/774/774 775/775/775 779/779/779
f 774/774/774 779/779/779 778/778/778
f 780/780/780 779/779/779 775/775/775
f 776/776/776 781/781/781 777/777/777
f 782/782/782 777/777/777 781/781/781
f 778/778/778 783/783/783 776/776/776
f 783/783/783 778/778/778 779/779/779
f 781/781/781 776/776/776 783/783/783
f 779/779/779 780/780/780 784/784/784
f 779/779/779 784/784/784 783/783/783
f 785/785/785 784/784/784 780/780/780
f 781/781/781 786/786/786 782/782/782
f 787/787/787 782/782/782 786/786/786
f 783/783/783 788/788/788 781/781/781
f 788/788/788 783/783/783 784/784/784
f 786/786/786 781/781/781 788/788/788
f 784/784/784 785/785/785 789/789/789
f 784/784/784 789/789/789 788/788/788
f 790/790/790 789/789/789 785/785/785
f 786/786/786 791/791/791 787/787/787
f 792/792/792 787/787/787 791/791/791
f 792/792/792 791/791/791 793/793/793
f 788/788/788 794/794/794 786/786/786
f 794/794/794 788/788/788 789/789/789
f 791/791/791 786/786/786 794/794/794
f 789/789/789 790/790/790 795/795/795
f 789/789/789 795/795/795 794/794/794
f 796/796/796 795/795/795 790/790/790
f 797/797/797 793/793/793 791/791/791
f 793/793/793 797/797/797 798/798/798
f 794/794/794 799/799/799 791/791/791
f 799/799/799 794/794/794 795/795/795
f 797/797/797 791/791/791 799/799/799
f 795/795/795 796/796/796 800/800/800
f 801/801/801 800/800/800 796/796/796
f 801/801/801 802/802/802 800/800/800
f 799/799/799 795/795/795 803/803/803
f 803/803/803 797/797/797 799/799/799
f 800/800/800 803/803/803 795/795/795
f 803/803/803 800/800/800 797/797/797
f 804/804/804 797/797/797 800/800/800
f 804/804/804 798/798/798 797/797/797
f 804/804/804 800/800/800 802/802/802
f 798/798/798 804/804/804 805/805/805
f 798/798/798 805/805/805 806/806/806
f 807/807/807 806/806/806 805/805/805
f 804/804/804 802/802/802 808/808/808
f 809/809/809 808/808/808 802/802/802
f 809/809/809 810/810/810 808/808/808
f 811/811/811 805/805/805 804/804/804
f 804/804/804 808/808/808 811/811/811
f 805/805/805 812/812/812 807/807/807
f 813/813/813 807/807/807 812/812/812
f 811/811/811 814/814/814 805/805/805
f 814/814/814 811/811/811 808/808/808
f 812/812/812 805/805/805 814/814/814
f 815/815/815 808/808/808 810/810/810
f 808/808/808 815/815/815 814/814/814
f 810/810/810 816/816/816 815/815/815
f 812/812/812 817/817/817 813/813/813
f 818/818/818 813/813/813 817/817/817
f 814/814/814 819/819/819 812/812/812
f 819/819/819 814/814/814 815/815/815
f 817/817/817 812/812/812 819/819/819
f 820/820/820 815/815/815 816/816/816
f 815/815/815 820/820/820 819/819/819
f 816/816/816 821/821/821 820/820/820
f 817/817/817 822/822/822 818/818/818
f 823/823/823 818/818/818 822/822/822
f 819/819/819 824/824/824 817/817/817
f 824/824/824 819/819/819 820/820/820
f 822/822/822 817/817/817 824/824/824
f 825/825/825 820/820/820 821/821/821
f 820/820/820 825/825/825 824/824/824
f 821/821/821 826/826/826 825/825/825
f 822/822/822 827/827/827 823/823/823
f 828/828/828 823/823/823 827/827/827
f 824/824/824 829/829/829 822/822/822
f 829/829/829 824/824/824 825/825/825
f 827/827/827 822/822/822 829/829/829
f 830/830/830 825/825/825 826/826/826
f 825/825/825 830/830/830 829/829/829
f 826/826/826 831/831/831 830/830/830
f 827/827/827 832/832/832 828/828/828
f 833/833/833 828/828/828 832/832/832
f 829/829/829 834/834/834 827/827/827
f 834/834/834 829/829/829 830/830/830
f 832/832/832 827/827/827 834/834/834
f 835/835/835 830/830/830 831/831/831
f 830/830/830 835/835/835 834/834/834
f 831/831/831 836/836/836 835/835/835
f 832/832/832 837/837/837 833/833/833
f 838/838/838 833/833/833 837/837/837
f 834/834/834 839/839/839 832/832/832
f 839/839/839 834/834/834 835/835/835
f 837/837/837 832/832/832 839/839/839
f 840/840/840 835/835/835 836/836/836
f 835/835/835 840/840/840 839/839/839
f 836/836/836 841/841/841 840/840/840
f 837/837/837 842/842/842 838/838/838
f 843/843/843 838/838/838 842/842/842
f 839/839/839 844/844/844 837/837/837
f 844/844/844 839/839/839 840/840/840
f 842/842/842 837/837/837 844/844/844
f 845/845/845 840/840/840 841/841/841
f 840/840/840 845/845/845 844/844/844
f 841/841/841 846/846/846 845/845/845
f 842/842/842 847/847/847 843/843/843
f 848/848/848 843/843/843 847/847/847
f 844/844/844 849/849/849 842/842/842
f 849/849/849 844/844/844 845/845/845
f 847/847/847 842/842/842 849/849/849
f 850/850/850 845/845/845 846/846/846
f 850/850/850 849/849/849 845/845/845
f 846/846/846 851/851/851 850/850/850
f 847/847/847 852/852/852 848/848/848
f 847/847/847 849/849/849 852/852/852
f 853/853/853 848/848/848 852/852/852
f 853/853/853 852/852/852 854/854/854
f 855/855/855 850/850/850 851/851/851
f 851/851/851 856/856/856 855/855/855
f 849/849/849 850/850/850 857/857/857
f 857/857/857 852/852/852 849/849/849
f 855/855/855 857/857/857 850/850/850
f 858/858/858 854/854/854 852/852/852
f 852/852/852 857/857/857 858/858/858
f 854/854/854 858/858/858 859/859/859
f 860/860/860 855/855/855 856/856/856
f 856/856/856 861/861/861 860/860/860
f 857/857/857 855/855/855 862/862/862
f 862/862/862 858/858/858 857/857/857
f 860/860/860 862/862/862 855/855/855
f 863/863/863 859/859/859 858/858/858
f 858/858/858 862/862/862 863/863/863
f 864/864/864 860/860/860 861/861/861
f 861/861/861 865/865/865 864/864/864
f 862/862/862 860/860/860 866/866/866
f 866/866/866 863/863/863 862/862/862
f 864/864/864 866/866/866 860/860/860
f 863/863/863 867/867/867 859/859/859
f 863/863/863 866/866/866 867/867/867
f 868/868/868 859/859/859 867/867/867
f 868/868/868 867/867/867 869/869/869
f 870/870/870 864/864/864 865/865/865
f 865/865/865 871/871/871 870/870/870
f 866/866/866 864/864/864 872/872/872
f 872/872/872 867/867/867 866/866/866
f 870/870/870 872/872/872 864/864/864
f 873/873/873 869/869/869 867/867/867
f 867/867/867 872/872/872 873/873/873
f 869/869/869 873/873/873 874/874/874
f 875/875/875 870/870/870 871/871/871
f 871/871/871 876/876/876 875/875/875
f 872/872/872 870/870/870 877/877/877
f 877/877/877 873/873/873 872/872/872
f 875/875/875 877/877/877 870/870/870
f 878/878/878 874/874/874 873/873/873
f 873/873/873 877/877/877 878/878/878
f 874/874/874 878/878/878 879/879/879
f 880/880/880 875/875/875 876/876/876
f 876/876/876 881/881/881 880/880/880
f 877/877/877 875/875/875 882/882/882
f 882/882/882 878/878/878 877/877/877
f 880/880/880 882/882/882 875/875/875
f 883/883/883 879/879/879 878/878/878
f 878/878/878 882/882/882 883/883/883
f 879/879/879 883/883/883 884/884/884
f 885/885/885 880/880/880 881/881/881
f 881/881/881 886/886/886 885/885/885
f 882/882/882 880/880/880 887/887/887
f 887/887/887 883/883/883 882/882/882
f 885/885/885 887/887/887 880/880/880
f 888/888/888 884/884/884 883/883/883
f 884/884/884 888/888/888 889/889/889
f 887/887/887 890/890/890 883/883/883
f 887/887/887 885/885/885 890/890/890
f 888/888/888 883/883/883 890/890/890
f 891/891/891 885/885/885 886/886/886
f 891/891/891 890/890/890 885/885/885
f 890/890/890 891/891/891 888/888/888
f 886/886/886 892/892/892 891/891/891
f 893/893/893 889/889/889 888/888/888
f 893/893/893 888/888/888 891/891/891
f 889/889/889 893/893/893 894/894/894
f 895/895/895 891/891/891 892/892/892
f 891/891/891 895/895/895 893/893/893
f 892/892/892 896/896/896 895/895/895
f 897/897/897 893/893/893 895/895/895
f 897/897/897 894/894/894 893/893/893
f 897/897/897 895/895/895 896/896/896
f 897/897/897 898/898/898 894/894/894
f 899/899/899 894/894/894 898/898/898
f 899/899/899 898/898/898 487/487/487
f 897/897/897 896/896/896 900/900/900
f 897/897/897 900/900/900 898/898/898
f 901/901/901 900/900/900 896/896/896
f 900/900/900 901/901/901 902/902/902
f 902/902/902 898/898/898 900/900/900
f 903/903/903 902/902/902 901/901/901
f 904/904/904 487/487/487 898/898/898
f 898/898/898 902/902/902 904/904/904
f 904/904/904 486/486/486 487/487/487
f 902/902/902 903/903/903 905/905/905
f 906/906/906 905/905/905 903/903/903
f 907/907/907 904/904/904 902/902/902
f 902/902/902 905/905/905 907/907/907
f 907/907/907 908/908/908 904/904/904
f 486/486/486 904/904/904 908/908/908
f 908/908/908 907/907/907 905/905/905
f 905/905/905 906/906/906 909/909/909
f 905/905/905 909/909/909 908/908/908
f 910/910/910 909/909/909 906/906/906
f 908/908/908 911/911/911 486/486/486
f 911/911/911 908/908/908 909/909/909
f 480/480/480 486/486/486 911/911/911
f 911/911/911 479/479/479 480/480/480
f 911/911/911 909/909/909 479/479/479
f 909/909/909 910/910/910 912/912/912
f 912/912/912 479/479/479 909/909/909
f 450/450/450 912/912/912 910/910/910
f 912/912/912 450/450/450 479/479/479
