g tb_outline_07_mesh
v -0.18429595 -0.095946774 0.060420543
v -0.18429595 -0.09645446 0.067020476
v -0.17058843 -0.09645446 0.067020476
v -0.17058843 -0.095946774 0.060420543
v -0.1573886 -0.09645446 0.067020476
v -0.1573886 -0.095946774 0.060420543
v -0.14368105 -0.09645446 0.06803584
v -0.14368105 -0.09645446 0.061435908
v -0.13048121 -0.096962154 0.06803584
v -0.12997353 -0.09645446 0.06194359
v -0.116773695 -0.096962154 0.06854352
v -0.116773695 -0.09645446 0.06194359
v -0.116773695 -0.09645446 0.06194359
v -0.116773695 -0.096962154 0.06854352
v -0.10814303 -0.10660818 0.06803584
v -0.10814303 -0.1061005 0.061435908
v -0.09951237 -0.11574653 0.06803584
v -0.099004686 -0.11574653 0.061435908
v -0.090881705 -0.12539257 0.06752816
v -0.09037402 -0.12488489 0.060928226
v -0.08225104 -0.1350386 0.067020476
v -0.08174336 -0.13453092 0.060928226
v -0.0731127 -0.14468464 0.067020476
v -0.0731127 -0.14417696 0.060420543
v -0.0731127 -0.14417696 0.060420543
v -0.0731127 -0.14468464 0.067020476
v -0.057374418 -0.14468464 0.067020476
v -0.057374418 -0.14417696 0.060420543
v -0.04163617 -0.14468464 0.067020476
v -0.04163617 -0.14417696 0.060420543
v -0.026405573 -0.14468464 0.06651276
v -0.02589789 -0.14468464 0.05991286
v -0.010667294 -0.14519233 0.06600508
v -0.010159612 -0.14468464 0.05991286
v 0.0050709546 -0.14519233 0.06651276
v 0.005578637 -0.14468464 0.05991286
v 0.020809233 -0.14519233 0.06600508
v 0.021316916 -0.14468464 0.059405178
v 0.036547497 -0.14519233 0.06600508
v 0.037055194 -0.14468464 0.059405178
v 0.052285776 -0.14519233 0.0654974
v 0.052793458 -0.14468464 0.058897495
v 0.06802404 -0.14519233 0.0654974
v 0.06853172 -0.14519233 0.058897495
v 0.0837623 -0.14519233 0.064989716
v 0.08427 -0.14519233 0.058389813
v 0.09950058 -0.14570001 0.064989716
v 0.09950058 -0.14519233 0.058389813
v 0.115238845 -0.14570001 0.06448203
v 0.115238845 -0.14519233 0.0578821
v 0.13097711 -0.14570001 0.06397435
v 0.13097711 -0.14519233 0.057374418
v 0.14671539 -0.14570001 0.06346667
v 0.14671539 -0.14519233 0.056866735
v 0.16245365 -0.14570001 0.062958986
v 0.16245365 -0.14519233 0.056359053
v 0.17819193 -0.14570001 0.062451273
v 0.17819193 -0.14570001 0.05585137
v 0.1939302 -0.1462077 0.06194359
v 0.1939302 -0.14570001 0.055343688
v 0.20966846 -0.1462077 0.06194359
v 0.20966846 -0.14570001 0.055343688
v 0.22540674 -0.1462077 0.061435908
v 0.22540674 -0.14570001 0.054836005
v 0.22540674 -0.14570001 0.054836005
v 0.22540674 -0.1462077 0.061435908
v 0.22591442 -0.13199249 0.060928226
v 0.22591442 -0.1314848 0.054328322
v 0.2264221 -0.11726959 0.060420543
v 0.2264221 -0.11726959 0.05382061
v 0.22692978 -0.103054374 0.05991286
v 0.22743747 -0.10254669 0.053312927
v 0.22743747 -0.08883917 0.060420543
v 0.22794516 -0.08833149 0.05382061
v 0.22845285 -0.07462396 0.060928226
v 0.22845285 -0.074116275 0.054328322
v 0.22896053 -0.06040874 0.061435908
v 0.22896053 -0.05990106 0.055343688
v 0.22946823 -0.045685858 0.062451273
v 0.22946823 -0.045685858 0.05585137
v 0.22946823 -0.045685858 0.05585137
v 0.22946823 -0.045685858 0.062451273
v 0.23759119 -0.032993704 0.060928226
v 0.23759119 -0.032486007 0.054328322
v 0.24571417 -0.02030155 0.05991286
v 0.24571417 -0.019793868 0.053312927
v 0.25332946 -0.007609397 0.058389813
v 0.25383714 -0.0071017146 0.05178988
v 0.26145244 0.0050827563 0.05585137
v 0.26145244 0.005590439 0.049251437
v 0.26957542 0.018282592 0.055343688
v 0.26957542 0.018282592 0.048743755
v 0.2776984 0.030974746 0.055343688
v 0.2776984 0.03148243 0.048743755
v 0.2776984 0.03148243 0.048743755
v 0.2776984 0.030974746 0.055343688
v 0.2776984 0.04569766 0.05382061
v 0.2776984 0.04620534 0.047220707
v 0.2776984 0.060928226 0.052805245
v 0.2776984 0.061435908 0.04620534
v 0.2776984 0.07615882 0.05178988
v 0.2776984 0.07615882 0.045189947
v 0.2776984 0.090881705 0.050774515
v 0.2776984 0.09138939 0.04417458
v 0.2776984 0.1061123 0.048236072
v 0.2776984 0.106619984 0.04163617
v 0.2776984 0.120835185 0.04620534
v 0.2776984 0.12134287 0.03960541
v 0.2776984 0.13606578 0.044682264
v 0.2776984 0.13657346 0.038590044
v 0.2776984 0.15129635 0.044682264
v 0.2776984 0.15129635 0.03808236
v 0.2776984 0.16601926 0.04569766
v 0.2776984 0.16652694 0.039097726
v 0.27719072 0.18124983 0.04772839
v 0.2776984 0.18175751 0.041128457
v 0.27719072 0.19597274 0.053312927
v 0.2776984 0.19648042 0.046713024
v 0.27719072 0.2112033 0.05991286
v 0.2776984 0.21171099 0.05382061
v 0.27719072 0.22643387 0.07362038
v 0.2776984 0.22643387 0.06752816
v 0.27719072 0.24115682 0.07768187
v 0.2776984 0.24166447 0.07108194
v 0.2776984 0.24166447 0.07108194
v 0.27719072 0.24115682 0.07768187
v 0.26145244 0.24115682 0.07565114
v 0.26196012 0.24166447 0.069051206
v 0.24571417 0.24115682 0.07362038
v 0.24571417 0.24166447 0.067020476
v 0.22997591 0.24115682 0.072605014
v 0.22997591 0.24166447 0.06600508
v 0.21423763 0.24115682 0.07108194
v 0.21423763 0.24166447 0.06448203
v 0.19849937 0.24115682 0.06955889
v 0.19849937 0.24166447 0.062958986
v 0.1827611 0.24115682 0.06854352
v 0.1827611 0.24166447 0.06194359
v 0.16651514 0.24115682 0.07158965
v 0.16702282 0.24166447 0.064989716
v 0.15077688 0.24115682 0.074635744
v 0.15128456 0.24166447 0.06854352
v 0.1350386 0.24115682 0.07818955
v 0.1350386 0.24166447 0.07158965
v 0.119300336 0.24115682 0.08123568
v 0.119300336 0.24166447 0.074635744
v 0.10356207 0.24115682 0.0842818
v 0.10356207 0.24166447 0.07768187
v 0.08782379 0.24115682 0.0873279
v 0.08782379 0.24166447 0.080727994
v 0.07208553 0.24115682 0.08986634
v 0.07208553 0.24166447 0.08326641
v 0.05583957 0.24115682 0.08783558
v 0.056347266 0.24166447 0.08123568
v 0.040101305 0.24115682 0.08580485
v 0.040608987 0.24166447 0.07920492
v 0.02436304 0.24115682 0.08377409
v 0.02436304 0.24166447 0.07717419
v 0.008624762 0.24115682 0.082758725
v 0.008624762 0.24166447 0.07615882
v -0.0071135163 0.24115682 0.08326641
v -0.0071135163 0.24166447 0.07717419
v -0.022851765 0.24115682 0.0842818
v -0.022851765 0.24166447 0.07768187
v -0.038590044 0.24115682 0.084789485
v -0.038590044 0.24115682 0.07818955
v -0.054836005 0.24115682 0.08935866
v -0.054328322 0.24115682 0.082758725
v -0.070574254 0.24115682 0.09342015
v -0.07006657 0.24115682 0.086820215
v -0.08631253 0.24115682 0.09798932
v -0.08631253 0.24115682 0.09138939
v -0.10205081 0.24115682 0.10052773
v -0.10205081 0.24115682 0.09392783
v -0.11778906 0.24115682 0.09798932
v -0.11778906 0.24115682 0.09189707
v -0.13352734 0.24115682 0.09595856
v -0.13352734 0.24115682 0.08935866
v -0.14926562 0.24115682 0.09342015
v -0.14926562 0.24115682 0.086820215
v -0.16551158 0.2406491 0.09240475
v -0.16500387 0.24115682 0.08580485
v -0.18124983 0.2406491 0.09037402
v -0.18074214 0.24115682 0.08377409
v -0.1969881 0.2406491 0.088850975
v -0.1969881 0.24115682 0.08225104
v -0.21272638 0.2406491 0.086820215
v -0.21272638 0.24115682 0.08022031
v -0.22846466 0.2406491 0.08529717
v -0.22846466 0.24115682 0.078697234
v -0.22846466 0.24115682 0.078697234
v -0.22846466 0.2406491 0.08529717
v -0.22846466 0.22592622 0.082758725
v -0.22846466 0.22592622 0.07615882
v -0.22846466 0.21069562 0.07717419
v -0.22846466 0.2112033 0.070574254
v -0.22846466 0.19546506 0.074635744
v -0.22795695 0.19597274 0.06803584
v -0.22846466 0.18023446 0.074635744
v -0.22795695 0.18074214 0.06803584
v -0.22846466 0.16500387 0.07565114
v -0.22795695 0.16551158 0.069051206
v -0.22795695 0.1497733 0.07717419
v -0.22795695 0.15028098 0.070574254
v -0.22795695 0.13505039 0.07717419
v -0.22795695 0.13505039 0.070574254
v -0.22795695 0.11981982 0.07412806
v -0.22795695 0.1203275 0.06752816
v -0.22795695 0.104589224 0.06752816
v -0.22795695 0.10509691 0.060928226
v -0.22795695 0.08935866 0.062958986
v -0.22795695 0.08986634 0.056359053
v -0.22795695 0.07412806 0.059405178
v -0.22795695 0.074635744 0.052805245
v -0.22795695 0.059405178 0.056359053
v -0.22795695 0.059405178 0.04975912
v -0.22795695 0.04417458 0.05585137
v -0.22744924 0.04417458 0.049251437
v -0.22795695 0.028944016 0.056359053
v -0.22744924 0.029451698 0.04975912
v -0.22744924 0.029451698 0.04975912
v -0.22795695 0.028944016 0.056359053
v -0.21932629 0.015236467 0.056359053
v -0.21932629 0.01574418 0.04975912
v -0.2112033 0.002036631 0.057374418
v -0.2112033 0.0025443137 0.050774515
v -0.20308033 -0.0116708875 0.059405178
v -0.20308033 -0.011163205 0.052805245
v -0.19495735 -0.024870723 0.060420543
v -0.19444966 -0.024870723 0.05382061
v -0.18632668 -0.038578242 0.06194359
v -0.18632668 -0.03807056 0.05585137
v -0.18632668 -0.03807056 0.05585137
v -0.18632668 -0.038578242 0.06194359
v -0.185819 -0.052793458 0.06346667
v -0.185819 -0.052793458 0.056866735
v -0.18531132 -0.06751636 0.064989716
v -0.18531132 -0.067008674 0.058897495
v -0.18480363 -0.08173156 0.06651276
v -0.18480363 -0.08173156 0.05991286
v -0.18429595 -0.09645446 0.067020476
v -0.18429595 -0.095946774 0.060420543
v -0.17464992 -0.086300746 0.060420543
v -0.17464992 -0.086300746 0.067020476
v -0.1751576 -0.07360859 0.06600508
v -0.1751576 -0.073100895 0.059405178
v -0.17566529 -0.06091644 0.06448203
v -0.17566529 -0.06040874 0.058389813
v -0.17617297 -0.048224285 0.062958986
v -0.17617297 -0.047716603 0.056359053
v -0.17668065 -0.03553213 0.062451273
v -0.17668065 -0.03502445 0.05585137
v -0.17668065 -0.03502445 0.05585137
v -0.17668065 -0.03553213 0.062451273
v -0.18480363 -0.02233228 0.060928226
v -0.18480363 -0.021824598 0.054328322
v -0.19292662 -0.008624762 0.059405178
v -0.19292662 -0.00811708 0.053312927
v -0.2010496 0.0045750737 0.0578821
v -0.2010496 0.0050827563 0.051282197
v -0.20968026 0.018282592 0.05585137
v -0.20917258 0.018790275 0.04975912
v -0.21780324 0.03148243 0.05585137
v -0.21780324 0.03199011 0.049251437
v -0.21780324 0.03199011 0.049251437
v -0.21780324 0.03148243 0.05585137
v -0.21780324 0.047220707 0.05585137
v -0.21780324 0.047220707 0.049251437
v -0.21780324 0.062451273 0.056359053
v -0.21780324 0.062958986 0.04975912
v -0.21780324 0.07768187 0.05991286
v -0.21780324 0.07818955 0.053312927
v -0.21780324 0.092912465 0.06397435
v -0.21780324 0.09342015 0.057374418
v -0.21780324 0.10814303 0.06955889
v -0.21780324 0.108650714 0.06346667
v -0.21831092 0.12388131 0.07514343
v -0.21780324 0.12388131 0.069051206
v -0.21831092 0.13911188 0.07818955
v -0.21780324 0.13911188 0.07158965
v -0.21831092 0.15434247 0.078697234
v -0.21780324 0.15485016 0.07209733
v -0.21831092 0.16957304 0.07717419
v -0.21831092 0.17008075 0.070574254
v -0.21831092 0.18480363 0.076666504
v -0.21831092 0.18531132 0.07006657
v -0.21831092 0.20003423 0.07615882
v -0.21831092 0.20054191 0.06955889
v -0.21831092 0.21577248 0.08022031
v -0.21831092 0.21577248 0.07362038
v -0.21831092 0.23100305 0.08580485
v -0.21831092 0.23100305 0.07920492
v -0.21831092 0.23100305 0.07920492
v -0.21831092 0.23100305 0.08580485
v -0.20257264 0.23100305 0.08783558
v -0.20257264 0.23151076 0.08123568
v -0.18734208 0.23100305 0.08986634
v -0.1868344 0.23151076 0.08326641
v -0.1716038 0.23100305 0.09138939
v -0.17109612 0.23151076 0.084789485
v -0.15586552 0.23100305 0.092912465
v -0.15586552 0.23151076 0.08631253
v -0.14012727 0.23100305 0.094943196
v -0.14012727 0.23151076 0.08834329
v -0.12438899 0.23100305 0.096973956
v -0.12438899 0.23151076 0.09037402
v -0.108650714 0.23100305 0.09951237
v -0.108650714 0.23151076 0.092912465
v -0.092912465 0.23100305 0.09748164
v -0.092912465 0.23151076 0.090881705
v -0.07717419 0.23100305 0.09342015
v -0.07717419 0.23151076 0.086820215
v -0.06194359 0.23100305 0.088850975
v -0.061435908 0.23151076 0.08225104
v -0.04620534 0.23100305 0.084789485
v -0.04569766 0.23151076 0.07818955
v -0.030467063 0.23100305 0.0842818
v -0.030467063 0.23151076 0.07768187
v -0.014728785 0.23100305 0.08377409
v -0.014728785 0.23151076 0.07717419
v 0.0010094643 0.23100305 0.08326641
v 0.0010094643 0.23151076 0.076666504
v 0.016747743 0.23100305 0.082758725
v 0.016747743 0.23151076 0.07615882
v 0.032486007 0.23100305 0.084789485
v 0.032486007 0.23151076 0.07818955
v 0.048224285 0.23100305 0.086820215
v 0.048224285 0.23151076 0.08022031
v 0.06345487 0.23100305 0.088850975
v 0.06396255 0.23151076 0.08225104
v 0.07919313 0.23100305 0.086820215
v 0.07970083 0.23151076 0.08022031
v 0.09493141 0.23100305 0.08377409
v 0.09493141 0.23151076 0.07717419
v 0.11066967 0.23100305 0.080727994
v 0.11066967 0.23151076 0.07412806
v 0.12640794 0.23100305 0.07818955
v 0.12640794 0.23151076 0.07158965
v 0.14214621 0.23100305 0.07514343
v 0.14214621 0.23151076 0.06854352
v 0.15788448 0.23100305 0.07158965
v 0.15788448 0.23151076 0.064989716
v 0.17311506 0.23100305 0.06854352
v 0.17362276 0.23151076 0.06194359
v 0.18885332 0.23100305 0.069051206
v 0.189361 0.23151076 0.062451273
v 0.2045916 0.23100305 0.070574254
v 0.2045916 0.23151076 0.06397435
v 0.22032987 0.23100305 0.07209733
v 0.22032987 0.23151076 0.0654974
v 0.23606813 0.23100305 0.0731127
v 0.23606813 0.23151076 0.06651276
v 0.2518064 0.23100305 0.07514343
v 0.2518064 0.23151076 0.06854352
v 0.2675447 0.23151076 0.07717419
v 0.2675447 0.23151076 0.070574254
v 0.2675447 0.23151076 0.070574254
v 0.2675447 0.23151076 0.07717419
v 0.2675447 0.21628016 0.06346667
v 0.2675447 0.21628016 0.056866735
v 0.2675447 0.2010496 0.055343688
v 0.2675447 0.2010496 0.048743755
v 0.2675447 0.185819 0.04975912
v 0.2675447 0.18632668 0.043159217
v 0.2675447 0.17058843 0.04620534
v 0.2675447 0.17109612 0.03960541
v 0.2675447 0.15535784 0.045189947
v 0.2675447 0.15586552 0.038590044
v 0.2675447 0.14012727 0.044682264
v 0.2675447 0.14063495 0.03808236
v 0.2675447 0.124896675 0.04569766
v 0.2675447 0.12540436 0.039097726
v 0.2675447 0.10966608 0.046713024
v 0.2675447 0.11017379 0.04011309
v 0.2675447 0.09443551 0.04975912
v 0.2675447 0.094943196 0.043159217
v 0.2675447 0.07920492 0.04975912
v 0.2675447 0.0797126 0.043159217
v 0.2675447 0.06397435 0.050774515
v 0.2675447 0.06448203 0.04417458
v 0.2675447 0.048743755 0.05178988
v 0.2675447 0.049251437 0.045189947
v 0.2675447 0.03402087 0.053312927
v 0.2675447 0.03402087 0.046713024
v 0.2675447 0.03402087 0.046713024
v 0.2675447 0.03402087 0.053312927
v 0.2594217 0.020821035 0.054328322
v 0.2599294 0.021328717 0.04772839
v 0.2518064 0.008128881 0.054328322
v 0.2518064 0.008636564 0.04772839
v 0.24368343 -0.004563272 0.056866735
v 0.24368343 -0.0040555894 0.050266832
v 0.23556045 -0.017255425 0.059405178
v 0.23556045 -0.016747743 0.052805245
v 0.22743747 -0.029947579 0.060928226
v 0.22743747 -0.029439896 0.054328322
v 0.2193145 -0.042639732 0.062451273
v 0.21982218 -0.042639732 0.05585137
v 0.21982218 -0.042639732 0.05585137
v 0.2193145 -0.042639732 0.062451273
v 0.2188068 -0.05837801 0.06194359
v 0.2188068 -0.057870314 0.05585137
v 0.21829912 -0.074116275 0.061435908
v 0.21829912 -0.07360859 0.054836005
v 0.21779144 -0.089346856 0.060928226
v 0.21779144 -0.08883917 0.054328322
v 0.21677607 -0.10508512 0.060420543
v 0.21728376 -0.10457744 0.05382061
v 0.21626838 -0.1203157 0.060420543
v 0.21677607 -0.1203157 0.05382061
v 0.2157607 -0.13605398 0.061435908
v 0.2157607 -0.1355463 0.054836005
v 0.2157607 -0.1355463 0.054836005
v 0.2157607 -0.13605398 0.061435908
v 0.20002243 -0.13605398 0.061435908
v 0.20002243 -0.1355463 0.054836005
v 0.18428415 -0.13605398 0.06194359
v 0.18428415 -0.1355463 0.055343688
v 0.16854589 -0.13605398 0.062451273
v 0.16854589 -0.1355463 0.05585137
v 0.15229993 -0.1355463 0.062958986
v 0.15280762 -0.1355463 0.056359053
v 0.13656166 -0.1355463 0.06346667
v 0.13706934 -0.1355463 0.056866735
v 0.1208234 -0.1355463 0.06448203
v 0.1208234 -0.1350386 0.0578821
v 0.10508512 -0.1355463 0.06448203
v 0.10508512 -0.1350386 0.0578821
v 0.089346856 -0.1355463 0.064989716
v 0.089346856 -0.1350386 0.058389813
v 0.07360859 -0.1355463 0.064989716
v 0.07360859 -0.1350386 0.058389813
v 0.057870314 -0.1355463 0.0654974
v 0.057870314 -0.1350386 0.058897495
v 0.041624367 -0.1350386 0.0654974
v 0.04213205 -0.1350386 0.058897495
v 0.025886089 -0.1350386 0.06600508
v 0.026393771 -0.13453092 0.059405178
v 0.01014784 -0.1350386 0.06600508
v 0.01014784 -0.13453092 0.059405178
v -0.005590439 -0.1350386 0.06651276
v -0.005590439 -0.13453092 0.05991286
v -0.021328717 -0.1350386 0.06651276
v -0.021328717 -0.13453092 0.05991286
v -0.037066996 -0.1350386 0.067020476
v -0.037066996 -0.13453092 0.060420543
v -0.053312927 -0.13453092 0.067020476
v -0.052805245 -0.13453092 0.060928226
v -0.069051206 -0.13453092 0.067020476
v -0.06854352 -0.13402323 0.060928226
v -0.06854352 -0.13402323 0.060928226
v -0.069051206 -0.13453092 0.067020476
v -0.07768187 -0.12488489 0.06752816
v -0.07717419 -0.12488489 0.060928226
v -0.08631253 -0.11574653 0.06803584
v -0.08631253 -0.115238845 0.061435908
v -0.094943196 -0.1061005 0.06803584
v -0.094943196 -0.10559282 0.061435908
v -0.10357386 -0.09645446 0.069051206
v -0.10357386 -0.095946774 0.062451273
v -0.11220452 -0.08680843 0.06955889
v -0.11220452 -0.086300746 0.062958986
v -0.11220452 -0.086300746 0.062958986
v -0.11220452 -0.08680843 0.06955889
v -0.1279428 -0.08680843 0.069051206
v -0.1279428 -0.086300746 0.062451273
v -0.14368105 -0.08680843 0.06803584
v -0.14317337 -0.086300746 0.061435908
v -0.15891165 -0.086300746 0.06651276
v -0.15891165 -0.086300746 0.060420543
v -0.17464992 -0.086300746 0.067020476
v -0.17464992 -0.086300746 0.060420543
v -0.15891165 -0.08985454 0.067020476
v -0.15891165 -0.086300746 0.06651276
v -0.14368105 -0.08680843 0.06803584
v -0.17464992 -0.086300746 0.067020476
v -0.14368105 -0.08985454 0.06803584
v -0.1279428 -0.08680843 0.069051206
v -0.1279428 -0.08985454 0.069051206
v -0.11220452 -0.08680843 0.06955889
v -0.11525065 -0.093408346 0.069051206
v -0.13048121 -0.093408346 0.06854352
v -0.1061123 -0.0984852 0.06854352
v -0.10357386 -0.09645446 0.069051206
v -0.094943196 -0.1061005 0.06803584
v -0.10560462 -0.104069754 0.06803584
v -0.09748164 -0.108131245 0.06803584
v -0.088850975 -0.11777727 0.06752816
v -0.08631253 -0.11574653 0.06803584
v -0.116773695 -0.096962154 0.06854352
v -0.13048121 -0.096962154 0.06803584
v -0.10814303 -0.10660818 0.06803584
v -0.096973956 -0.11371578 0.06803584
v -0.09951237 -0.11574653 0.06803584
v -0.14368105 -0.093408346 0.06803584
v -0.14368105 -0.09645446 0.06803584
v -0.08834329 -0.123361826 0.06752816
v -0.090881705 -0.12539257 0.06752816
v -0.08225104 -0.1350386 0.067020476
v -0.1573886 -0.093408346 0.067020476
v -0.1573886 -0.09645446 0.067020476
v -0.17058843 -0.09290066 0.067020476
v -0.17058843 -0.09645446 0.067020476
v -0.18429595 -0.09645446 0.067020476
v -0.18480363 -0.08173156 0.06651276
v -0.1751576 -0.08782379 0.067020476
v -0.0797126 -0.13300785 0.06752816
v -0.0731127 -0.14468464 0.067020476
v -0.057374418 -0.14468464 0.067020476
v -0.18226519 -0.06751636 0.0654974
v -0.18531132 -0.06751636 0.064989716
v -0.1827729 -0.052793458 0.06346667
v -0.185819 -0.052793458 0.06346667
v -0.18632668 -0.038578242 0.06194359
v -0.08022031 -0.12742332 0.06752816
v -0.07768187 -0.12488489 0.06752816
v -0.069051206 -0.13453092 0.067020476
v -0.06955889 -0.13605398 0.067020476
v -0.17718834 -0.07360859 0.06600508
v -0.1751576 -0.07360859 0.06600508
v -0.17769602 -0.06091644 0.06448203
v -0.17566529 -0.06091644 0.06448203
v -0.1782037 -0.048224285 0.062958986
v -0.17617297 -0.048224285 0.062958986
v -0.053312927 -0.13656166 0.067020476
v -0.053312927 -0.13453092 0.067020476
v -0.056359053 -0.14062315 0.067020476
v -0.04163617 -0.14468464 0.067020476
v -0.04163617 -0.14062315 0.067020476
v -0.026405573 -0.14468464 0.06651276
v -0.17871141 -0.036039814 0.062451273
v -0.17668065 -0.03553213 0.062451273
v -0.18480363 -0.02233228 0.060928226
v -0.18124983 -0.04619354 0.062958986
v -0.037066996 -0.13656166 0.067020476
v -0.037066996 -0.1350386 0.067020476
v -0.02589789 -0.14062315 0.06651276
v -0.010667294 -0.14519233 0.06600508
v -0.038590044 -0.13808472 0.067020476
v -0.1868344 -0.023347676 0.060928226
v -0.19292662 -0.008624762 0.059405178
v -0.18328059 -0.037562877 0.06194359
v -0.19191125 -0.023347676 0.060420543
v -0.19495735 -0.024870723 0.060420543
v -0.20308033 -0.0116708875 0.059405178
v -0.18378827 -0.036547497 0.06194359
v -0.02386713 -0.1385924 0.06651276
v -0.18988049 -0.023347676 0.060420543
v -0.19495735 -0.009640127 0.059405178
v -0.19800347 -0.009640127 0.059405178
v -0.20308033 0.0035597086 0.0578821
v -0.2010496 0.0045750737 0.0578821
v -0.20968026 0.018282592 0.05585137
v -0.20003423 -0.009640127 0.059405178
v -0.2112033 0.017267227 0.05585137
v -0.21780324 0.03148243 0.05585137
v -0.20612645 0.0035597086 0.057374418
v -0.20815718 0.0035597086 0.057374418
v -0.2112033 0.002036631 0.057374418
v -0.21932629 0.015236467 0.056359053
v -0.21424943 0.017267227 0.05585137
v -0.21678787 0.017267227 0.056359053
v -0.21983397 0.030974746 0.05585137
v -0.22440314 0.02995938 0.05585137
v -0.22795695 0.028944016 0.056359053
v -0.22795695 0.04417458 0.05585137
v -0.22440314 0.04417458 0.05585137
v -0.21983397 0.030974746 0.05585137
v -0.22440314 0.059405178 0.056359053
v -0.22795695 0.059405178 0.056359053
v -0.22237241 0.045189947 0.05585137
v -0.21983397 0.047220707 0.05585137
v -0.21780324 0.047220707 0.05585137
v -0.22440314 0.07412806 0.058897495
v -0.22795695 0.07412806 0.059405178
v -0.22237241 0.060420543 0.056359053
v -0.21983397 0.062451273 0.056359053
v -0.21780324 0.062451273 0.056359053
v -0.22440314 0.08935866 0.062958986
v -0.22795695 0.08935866 0.062958986
v -0.22795695 0.104589224 0.06752816
v -0.22288007 0.07565114 0.059405178
v -0.22034165 0.07768187 0.05991286
v -0.21780324 0.07768187 0.05991286
v -0.22491086 0.104589224 0.06803584
v -0.22795695 0.11981982 0.07412806
v -0.22288007 0.090881705 0.062958986
v -0.22034165 0.092912465 0.06346667
v -0.21780324 0.092912465 0.06397435
v -0.22491086 0.11981982 0.07412806
v -0.22795695 0.13505039 0.07717419
v -0.22288007 0.1061123 0.06854352
v -0.22034165 0.10814303 0.06955889
v -0.21780324 0.10814303 0.06955889
v -0.22491086 0.13505039 0.07717419
v -0.22795695 0.1497733 0.07717419
v -0.22288007 0.12134287 0.074635744
v -0.22034165 0.12337363 0.07514343
v -0.21831092 0.12388131 0.07514343
v -0.22491086 0.1497733 0.07818955
v -0.22846466 0.16500387 0.07565114
v -0.22288007 0.13657346 0.07768187
v -0.22034165 0.13911188 0.07818955
v -0.21831092 0.13911188 0.07818955
v -0.21831092 0.15434247 0.078697234
v -0.22491086 0.16500387 0.07615882
v -0.22846466 0.18023446 0.074635744
v -0.22288007 0.15180403 0.07818955
v -0.22034165 0.15434247 0.07818955
v -0.22491086 0.18023446 0.07514343
v -0.22846466 0.19546506 0.074635744
v -0.22288007 0.16703463 0.076666504
v -0.22034165 0.16957304 0.076666504
v -0.21831092 0.16957304 0.07717419
v -0.22491086 0.19546506 0.07514343
v -0.22846466 0.21069562 0.07717419
v -0.22288007 0.18226519 0.07565114
v -0.22034165 0.18480363 0.07615882
v -0.21831092 0.18480363 0.076666504
v -0.22491086 0.21069562 0.07768187
v -0.22846466 0.22592622 0.082758725
v -0.22288007 0.1969881 0.07565114
v -0.22034165 0.20003423 0.07615882
v -0.21831092 0.20003423 0.07615882
v -0.22491086 0.22592622 0.08326641
v -0.22846466 0.2406491 0.08529717
v -0.21272638 0.2406491 0.086820215
v -0.22288007 0.21171099 0.078697234
v -0.22084934 0.21577248 0.08022031
v -0.21831092 0.21577248 0.08022031
v -0.21831092 0.23100305 0.08580485
v -0.22186473 0.22288007 0.082758725
v -0.21932629 0.23151076 0.08580485
v -0.1969881 0.23607993 0.088850975
v -0.1969881 0.2406491 0.088850975
v -0.18124983 0.2406491 0.09037402
v -0.20257264 0.23151076 0.08783558
v -0.20257264 0.23100305 0.08783558
v -0.18734208 0.23100305 0.08986634
v -0.18734208 0.23151076 0.08986634
v -0.1716038 0.23100305 0.09138939
v -0.18124983 0.23607993 0.090881705
v -0.16551158 0.2406491 0.09240475
v -0.19546506 0.23354149 0.08935866
v -0.18378827 0.23354149 0.09037402
v -0.1716038 0.23151076 0.09189707
v -0.15586552 0.23100305 0.092912465
v -0.16500387 0.23607993 0.09240475
v -0.14926562 0.24115682 0.09342015
v -0.16906536 0.23354149 0.09240475
v -0.15586552 0.23151076 0.092912465
v -0.14012727 0.23100305 0.094943196
v -0.14926562 0.23607993 0.09443551
v -0.13352734 0.24115682 0.09595856
v -0.1533271 0.23354149 0.09443551
v -0.14012727 0.23151076 0.094943196
v -0.12438899 0.23100305 0.096973956
v -0.13352734 0.23607993 0.09646624
v -0.11778906 0.24115682 0.09798932
v -0.13758883 0.23354149 0.09646624
v -0.12438899 0.23151076 0.09748164
v -0.108650714 0.23100305 0.09951237
v -0.11778906 0.23607993 0.099004686
v -0.10205081 0.24115682 0.10052773
v -0.12185055 0.23354149 0.099004686
v -0.108650714 0.23151076 0.09951237
v -0.092912465 0.23100305 0.09748164
v -0.10205081 0.23607993 0.101035416
v -0.08631253 0.24115682 0.09798932
v -0.1061123 0.23354149 0.101035416
v -0.092912465 0.23151076 0.09798932
v -0.07717419 0.23100305 0.09342015
v -0.08631253 0.23607993 0.09748164
v -0.070574254 0.24115682 0.09342015
v -0.09037402 0.23354149 0.098497
v -0.07717419 0.23151076 0.09392783
v -0.06194359 0.23100305 0.088850975
v -0.070574254 0.23607993 0.092912465
v -0.054836005 0.24115682 0.08935866
v -0.074635744 0.23354149 0.09392783
v -0.06194359 0.23151076 0.08935866
v -0.04620534 0.23100305 0.084789485
v -0.054836005 0.23607993 0.088850975
v -0.038590044 0.24115682 0.084789485
v -0.058897495 0.23354149 0.08986634
v -0.04620534 0.23151076 0.08529717
v -0.030467063 0.23100305 0.0842818
v -0.038590044 0.23658764 0.08529717
v -0.022851765 0.24115682 0.0842818
v -0.043159217 0.23354149 0.08580485
v -0.030467063 0.23151076 0.084789485
v -0.014728785 0.23100305 0.08377409
v -0.022851765 0.23658764 0.084789485
v -0.0071135163 0.24115682 0.08326641
v -0.027420938 0.23354149 0.08529717
v -0.014728785 0.23151076 0.0842818
v 0.0010094643 0.23100305 0.08326641
v -0.0071135163 0.23658764 0.0842818
v 0.008624762 0.24115682 0.082758725
v -0.012190372 0.23354149 0.084789485
v 0.0010094643 0.23151076 0.08326641
v 0.016747743 0.23100305 0.082758725
v 0.008624762 0.23658764 0.08326641
v 0.02436304 0.24115682 0.08377409
v 0.0015171468 0.23354149 0.0842818
v 0.016747743 0.23151076 0.08326641
v 0.032486007 0.23100305 0.084789485
v 0.015732378 0.23354149 0.084789485
v 0.02436304 0.23658764 0.08529717
v 0.040101305 0.24115682 0.08580485
v 0.032486007 0.23151076 0.08529717
v 0.048224285 0.23100305 0.086820215
v 0.029439896 0.2340492 0.08631253
v 0.040101305 0.23658764 0.0873279
v 0.05583957 0.24115682 0.08783558
v 0.048224285 0.23151076 0.0873279
v 0.06345487 0.23100305 0.088850975
v 0.04517816 0.2340492 0.08834329
v 0.05583957 0.23658764 0.08935866
v 0.07208553 0.24115682 0.08986634
v 0.06345487 0.23201847 0.08986634
v 0.07919313 0.23100305 0.086820215
v 0.06091644 0.2340492 0.09037402
v 0.07208553 0.23658764 0.09037402
v 0.08782379 0.24115682 0.0873279
v 0.07919313 0.23201847 0.0873279
v 0.09493141 0.23100305 0.08377409
v 0.0766547 0.2340492 0.08935866
v 0.08782379 0.23658764 0.0873279
v 0.10356207 0.24115682 0.0842818
v 0.09493141 0.23201847 0.0842818
v 0.11066967 0.23100305 0.080727994
v 0.092392966 0.2340492 0.08631253
v 0.10356207 0.23658764 0.0842818
v 0.119300336 0.24115682 0.08123568
v 0.11066967 0.23201847 0.08123568
v 0.12640794 0.23100305 0.07818955
v 0.108131245 0.2340492 0.08326641
v 0.119300336 0.23658764 0.08123568
v 0.1350386 0.24115682 0.07818955
v 0.12640794 0.23201847 0.078697234
v 0.14214621 0.23100305 0.07514343
v 0.12386951 0.2340492 0.08022031
v 0.1350386 0.23658764 0.07818955
v 0.15077688 0.24115682 0.074635744
v 0.14214621 0.23201847 0.07565114
v 0.15788448 0.23100305 0.07158965
v 0.13910009 0.2340492 0.07717419
v 0.15077688 0.23658764 0.074635744
v 0.16651514 0.24115682 0.07158965
v 0.15788448 0.23201847 0.07209733
v 0.17311506 0.23100305 0.06854352
v 0.15483835 0.2340492 0.07362038
v 0.16651514 0.23658764 0.07158965
v 0.1827611 0.24115682 0.06854352
v 0.17311506 0.23201847 0.069051206
v 0.18885332 0.23100305 0.069051206
v 0.17057663 0.2340492 0.070574254
v 0.1827611 0.23658764 0.069051206
v 0.19849937 0.24115682 0.06955889
v 0.18885332 0.23201847 0.06955889
v 0.2045916 0.23100305 0.070574254
v 0.18631491 0.2340492 0.06955889
v 0.19849937 0.23658764 0.070574254
v 0.21423763 0.24115682 0.07108194
v 0.2045916 0.23201847 0.07108194
v 0.22032987 0.23100305 0.07209733
v 0.20205316 0.2340492 0.07108194
v 0.21423763 0.23658764 0.07209733
v 0.22997591 0.24115682 0.072605014
v 0.22032987 0.23201847 0.072605014
v 0.23606813 0.23100305 0.0731127
v 0.21779144 0.2340492 0.072605014
v 0.22997591 0.23658764 0.07362038
v 0.24571417 0.24115682 0.07362038
v 0.23606813 0.23201847 0.07362038
v 0.2518064 0.23100305 0.07514343
v 0.23302202 0.2340492 0.07412806
v 0.24571417 0.23658764 0.07514343
v 0.26145244 0.24115682 0.07565114
v 0.2518064 0.23201847 0.07565114
v 0.2675447 0.23151076 0.07717419
v 0.24419111 0.2340492 0.07565114
v 0.26805237 0.23201847 0.07768187
v 0.2741446 0.22643387 0.07362038
v 0.27719072 0.24115682 0.07768187
v 0.27719072 0.22643387 0.07362038
v 0.26805237 0.21628016 0.06346667
v 0.2675447 0.21628016 0.06346667
v 0.2741446 0.2112033 0.060420543
v 0.27719072 0.2112033 0.05991286
v 0.2700831 0.22592622 0.072605014
v 0.27109846 0.21780324 0.064989716
v 0.26805237 0.2010496 0.055343688
v 0.2675447 0.2010496 0.055343688
v 0.27160618 0.20612645 0.0578821
v 0.2741446 0.19597274 0.053312927
v 0.27719072 0.19597274 0.053312927
v 0.26805237 0.185819 0.04975912
v 0.2675447 0.185819 0.04975912
v 0.27160618 0.19191125 0.05178988
v 0.2741446 0.18124983 0.04772839
v 0.27719072 0.18124983 0.04772839
v 0.26805237 0.17058843 0.04620534
v 0.2675447 0.17058843 0.04620534
v 0.27160618 0.17718834 0.04620534
v 0.2741446 0.16601926 0.04569766
v 0.2776984 0.16601926 0.04569766
v 0.26805237 0.15535784 0.045189947
v 0.2675447 0.15535784 0.045189947
v 0.27160618 0.16195777 0.04569766
v 0.2741446 0.15129635 0.044682264
v 0.2776984 0.15129635 0.044682264
v 0.26805237 0.14012727 0.044682264
v 0.2675447 0.14012727 0.044682264
v 0.27160618 0.14723486 0.044682264
v 0.2741446 0.13606578 0.044682264
v 0.2776984 0.13606578 0.044682264
v 0.26805237 0.124896675 0.04569766
v 0.2675447 0.124896675 0.04569766
v 0.27211386 0.13403502 0.044682264
v 0.2741446 0.120835185 0.04620534
v 0.2776984 0.120835185 0.04620534
v 0.26805237 0.10966608 0.046713024
v 0.2675447 0.10966608 0.046713024
v 0.27211386 0.120835185 0.04569766
v 0.2741446 0.1061123 0.04772839
v 0.2776984 0.1061123 0.048236072
v 0.26805237 0.09443551 0.04975912
v 0.2675447 0.09443551 0.04975912
v 0.27160618 0.10712767 0.04772839
v 0.2741446 0.090881705 0.050774515
v 0.2776984 0.090881705 0.050774515
v 0.27160618 0.09240475 0.050266832
v 0.26805237 0.07920492 0.04975912
v 0.2675447 0.07920492 0.04975912
v 0.2741446 0.07615882 0.050774515
v 0.2776984 0.07615882 0.05178988
v 0.27160618 0.07717419 0.050266832
v 0.26856005 0.06397435 0.050774515
v 0.2675447 0.06397435 0.050774515
v 0.2741446 0.060928226 0.052297562
v 0.2776984 0.060928226 0.052805245
v 0.27160618 0.06194359 0.05178988
v 0.26856005 0.048743755 0.05178988
v 0.2675447 0.048743755 0.05178988
v 0.2675447 0.03402087 0.053312927
v 0.2741446 0.04569766 0.053312927
v 0.2776984 0.04569766 0.05382061
v 0.27160618 0.047220707 0.052297562
v 0.26856005 0.030974746 0.05382061
v 0.2741446 0.03199011 0.054836005
v 0.2776984 0.030974746 0.055343688
v 0.26957542 0.018282592 0.055343688
v 0.26856005 0.03351319 0.053312927
v 0.2665293 0.01980564 0.054836005
v 0.26145244 0.0050827563 0.05585137
v 0.26043707 0.020821035 0.054328322
v 0.2594217 0.020821035 0.054328322
v 0.2518064 0.008128881 0.054328322
v 0.2523141 0.007621199 0.054328322
v 0.24368343 -0.004563272 0.056866735
v 0.26196012 0.018282592 0.054328322
v 0.25891402 0.0071135163 0.055343688
v 0.25332946 -0.007609397 0.058389813
v 0.26399088 0.018282592 0.054836005
v 0.25789863 0.008128881 0.054836005
v 0.25485253 0.0060981214 0.055343688
v 0.24419111 -0.0050709546 0.056866735
v 0.25028336 -0.0040555894 0.057374418
v 0.25079104 -0.005578637 0.0578821
v 0.23606813 -0.017763108 0.059405178
v 0.23556045 -0.017255425 0.059405178
v 0.24622186 -0.007609397 0.0578821
v 0.24266806 -0.01827079 0.05991286
v 0.24571417 -0.02030155 0.05991286
v 0.24266806 -0.016747743 0.059405178
v 0.23454508 -0.03147064 0.060928226
v 0.23759119 -0.032993704 0.060928226
v 0.22946823 -0.045685858 0.062451273
v 0.23809889 -0.02030155 0.05991286
v 0.23454508 -0.029439896 0.060420543
v 0.22692978 -0.042639732 0.06194359
v 0.23149896 -0.030962959 0.060928226
v 0.22794516 -0.030455261 0.060928226
v 0.22743747 -0.029947579 0.060928226
v 0.22032987 -0.043147415 0.062451273
v 0.2193145 -0.042639732 0.062451273
v 0.2188068 -0.05837801 0.06194359
v 0.21982218 -0.05837801 0.06194359
v 0.21829912 -0.074116275 0.061435908
v 0.22591442 -0.044670478 0.062451273
v 0.2188068 -0.074116275 0.061435908
v 0.21779144 -0.089346856 0.060928226
v 0.22337598 -0.058885694 0.06194359
v 0.22540674 -0.05990106 0.06194359
v 0.22896053 -0.06040874 0.061435908
v 0.22845285 -0.07462396 0.060928226
v 0.22236061 -0.074116275 0.060928226
v 0.22489904 -0.07462396 0.060928226
v 0.22743747 -0.08883917 0.060420543
v 0.22439136 -0.08883917 0.060420543
v 0.22692978 -0.103054374 0.05991286
v 0.21829912 -0.089346856 0.060928226
v 0.21677607 -0.10508512 0.060420543
v 0.22185293 -0.08883917 0.060928226
v 0.22388367 -0.103054374 0.05991286
v 0.2264221 -0.11726959 0.060420543
v 0.21779144 -0.10508512 0.060420543
v 0.21626838 -0.1203157 0.060420543
v 0.22134525 -0.10356207 0.060420543
v 0.22337598 -0.11726959 0.060420543
v 0.22591442 -0.13199249 0.060928226
v 0.21728376 -0.1208234 0.060420543
v 0.2157607 -0.13605398 0.061435908
v 0.22032987 -0.11828497 0.060420543
v 0.2228683 -0.1314848 0.060928226
v 0.22540674 -0.1462077 0.061435908
v 0.20966846 -0.1462077 0.06194359
v 0.2193145 -0.12894638 0.060928226
v 0.21626838 -0.13706934 0.061435908
v 0.1939302 -0.14163852 0.06194359
v 0.1939302 -0.1462077 0.06194359
v 0.17819193 -0.14570001 0.062451273
v 0.20002243 -0.13757704 0.061435908
v 0.20002243 -0.13605398 0.061435908
v 0.18428415 -0.13605398 0.06194359
v 0.18428415 -0.13757704 0.06194359
v 0.16854589 -0.13605398 0.062451273
v 0.17819193 -0.14163852 0.062451273
v 0.16245365 -0.14570001 0.062958986
v 0.19494557 -0.13910009 0.06194359
v 0.18529953 -0.13910009 0.06194359
v 0.16854589 -0.13757704 0.062451273
v 0.15229993 -0.1355463 0.062958986
v 0.17362276 -0.13960777 0.062451273
v 0.16245365 -0.14163852 0.062958986
v 0.14671539 -0.14570001 0.06346667
v 0.15229993 -0.13757704 0.062958986
v 0.13656166 -0.1355463 0.06346667
v 0.15839216 -0.13910009 0.062958986
v 0.14671539 -0.14163852 0.06346667
v 0.13097711 -0.14570001 0.06397435
v 0.13656166 -0.13706934 0.06346667
v 0.1208234 -0.1355463 0.06448203
v 0.1426539 -0.13910009 0.06346667
v 0.13097711 -0.14163852 0.06397435
v 0.115238845 -0.14570001 0.06448203
v 0.1208234 -0.13706934 0.06448203
v 0.10508512 -0.1355463 0.06448203
v 0.12691563 -0.13910009 0.06397435
v 0.115238845 -0.14163852 0.06448203
v 0.09950058 -0.14570001 0.064989716
v 0.10508512 -0.13706934 0.06448203
v 0.089346856 -0.1355463 0.064989716
v 0.111177355 -0.13910009 0.06448203
v 0.09950058 -0.14113083 0.064989716
v 0.0837623 -0.14519233 0.064989716
v 0.089346856 -0.13706934 0.064989716
v 0.07360859 -0.1355463 0.064989716
v 0.095946774 -0.13910009 0.064989716
v 0.0837623 -0.14113083 0.064989716
v 0.06802404 -0.14519233 0.0654974
v 0.07360859 -0.13706934 0.064989716
v 0.057870314 -0.1355463 0.0654974
v 0.082239255 -0.13910009 0.064989716
v 0.06802404 -0.14113083 0.0654974
v 0.052285776 -0.14519233 0.0654974
v 0.057870314 -0.13706934 0.0654974
v 0.041624367 -0.1350386 0.0654974
v 0.06802404 -0.13910009 0.0654974
v 0.052285776 -0.14113083 0.0654974
v 0.036547497 -0.14519233 0.06600508
v 0.05431652 -0.13910009 0.0654974
v 0.041624367 -0.13706934 0.0654974
v 0.025886089 -0.1350386 0.06600508
v 0.038578242 -0.1385924 0.0654974
v 0.025886089 -0.13656166 0.06600508
v 0.01014784 -0.1350386 0.06600508
v 0.036547497 -0.14113083 0.06600508
v 0.01014784 -0.13656166 0.06600508
v -0.005590439 -0.1350386 0.06651276
v 0.022839963 -0.1385924 0.06600508
v 0.020809233 -0.14113083 0.06600508
v 0.020809233 -0.14519233 0.06600508
v -0.005590439 -0.13656166 0.06651276
v -0.021328717 -0.1350386 0.06651276
v 0.0071017146 -0.1385924 0.06600508
v 0.0050709546 -0.14062315 0.06600508
v 0.0050709546 -0.14519233 0.06651276
v -0.021328717 -0.13656166 0.06651276
v -0.008636564 -0.1385924 0.06600508
v -0.010667294 -0.14062315 0.06600508
vt 0.53046656 0.7611767
vt 0.53046656 0.7611767
vt 0.5361397 0.7611767
vt 0.5361397 0.7611767
vt 0.5399219 0.7611767
vt 0.5399219 0.7611767
vt 0.54559505 0.7611767
vt 0.54559505 0.7611767
vt 0.5493772 0.7611767
vt 0.5493772 0.7611767
vt 0.55505043 0.7611767
vt 0.55505043 0.7611767
vt 0.55505043 0.7611767
vt 0.55505043 0.7611767
vt 0.5588325 0.75361246
vt 0.5588325 0.75361246
vt 0.5607236 0.7479392
vt 0.5607236 0.7479392
vt 0.56450576 0.740375
vt 0.56450576 0.740375
vt 0.56639683 0.73281074
vt 0.56639683 0.73470175
vt 0.5701789 0.7271375
vt 0.5701789 0.7271375
vt 0.5701789 0.7271375
vt 0.5701789 0.7271375
vt 0.57585216 0.7271375
vt 0.57585216 0.7271375
vt 0.5815253 0.7271375
vt 0.5815253 0.7271375
vt 0.58719856 0.7271375
vt 0.58719856 0.7271375
vt 0.5928717 0.7271375
vt 0.5928717 0.7271375
vt 0.59854496 0.7271375
vt 0.59854496 0.7271375
vt 0.6042181 0.7271375
vt 0.6042181 0.7271375
vt 0.60989136 0.7271375
vt 0.60989136 0.7271375
vt 0.6155646 0.7271375
vt 0.6155646 0.7271375
vt 0.62123775 0.7271375
vt 0.62123775 0.7271375
vt 0.6269109 0.7271375
vt 0.6269109 0.7271375
vt 0.6306931 0.7271375
vt 0.6306931 0.7271375
vt 0.6363663 0.7271375
vt 0.6363663 0.7271375
vt 0.6420395 0.7271375
vt 0.6420395 0.7271375
vt 0.6477127 0.7271375
vt 0.6477127 0.7271375
vt 0.6533859 0.7252464
vt 0.6533859 0.7271375
vt 0.6590591 0.7252464
vt 0.6590591 0.7271375
vt 0.6647323 0.7252464
vt 0.6647323 0.7271375
vt 0.6704055 0.7252464
vt 0.6704055 0.7271375
vt 0.6760787 0.7252464
vt 0.6760787 0.7271375
vt 0.6760787 0.7271375
vt 0.6760787 0.7252464
vt 0.6760787 0.7365928
vt 0.6760787 0.7365928
vt 0.6760787 0.74604815
vt 0.6760787 0.74604815
vt 0.6760787 0.75550354
vt 0.6760787 0.75550354
vt 0.6760787 0.7668499
vt 0.6760787 0.7668499
vt 0.67796975 0.77630526
vt 0.67796975 0.77630526
vt 0.67796975 0.7857606
vt 0.67796975 0.7857606
vt 0.67796975 0.797107
vt 0.67796975 0.797107
vt 0.67796975 0.797107
vt 0.67796975 0.797107
vt 0.67986083 0.8046713
vt 0.67986083 0.8046713
vt 0.683643 0.8141266
vt 0.683643 0.8141266
vt 0.685534 0.82358193
vt 0.685534 0.82358193
vt 0.68931615 0.8311462
vt 0.68931615 0.83303726
vt 0.69120723 0.84060156
vt 0.69120723 0.84060156
vt 0.6949894 0.8500569
vt 0.6949894 0.8500569
vt 0.6949894 0.8500569
vt 0.6949894 0.8500569
vt 0.6949894 0.8595122
vt 0.6949894 0.8614032
vt 0.6949894 0.87085855
vt 0.6949894 0.87085855
vt 0.6949894 0.882205
vt 0.6949894 0.882205
vt 0.6949894 0.89166033
vt 0.6949894 0.89166033
vt 0.6949894 0.90300673
vt 0.6949894 0.90300673
vt 0.6949894 0.91246206
vt 0.6949894 0.91246206
vt 0.6949894 0.92380846
vt 0.6949894 0.92380846
vt 0.6949894 0.9332638
vt 0.6949894 0.9351549
vt 0.6949894 0.94461024
vt 0.6949894 0.94461024
vt 0.6949894 0.9559566
vt 0.6949894 0.9559566
vt 0.6949894 0.9654119
vt 0.6949894 0.9654119
vt 0.6949894 0.97675836
vt 0.6949894 0.97675836
vt 0.6949894 0.9862137
vt 0.6949894 0.9862137
vt 0.6949894 0.9975601
vt 0.6949894 0.9975601
vt 0.6949894 0.9975601
vt 0.6949894 0.9975601
vt 0.68931615 0.9975601
vt 0.68931615 0.9975601
vt 0.683643 0.9975601
vt 0.683643 0.9975601
vt 0.67796975 0.9975601
vt 0.67796975 0.9975601
vt 0.6722966 0.9975601
vt 0.6722966 0.9975601
vt 0.66662335 0.9975601
vt 0.66662335 0.9975601
vt 0.6609502 0.9975601
vt 0.6609502 0.9975601
vt 0.65527695 0.9975601
vt 0.65527695 0.9975601
vt 0.6496037 0.9975601
vt 0.6496037 0.9975601
vt 0.64393055 0.9975601
vt 0.64393055 0.9975601
vt 0.6382574 0.9975601
vt 0.6382574 0.9975601
vt 0.63258415 0.9975601
vt 0.63258415 0.9975601
vt 0.6269109 0.9975601
vt 0.6269109 0.9975601
vt 0.62123775 0.9975601
vt 0.62123775 0.9975601
vt 0.6155646 0.9975601
vt 0.6155646 0.9975601
vt 0.60989136 0.9975601
vt 0.60989136 0.9975601
vt 0.6042181 0.9975601
vt 0.6042181 0.9975601
vt 0.59854496 0.9975601
vt 0.59854496 0.9975601
vt 0.5928717 0.9975601
vt 0.5928717 0.9975601
vt 0.58908963 0.9975601
vt 0.58908963 0.9975601
vt 0.5834164 0.9975601
vt 0.5834164 0.9975601
vt 0.57774323 0.9975601
vt 0.57774323 0.9975601
vt 0.57207 0.9975601
vt 0.57207 0.9975601
vt 0.56639683 0.9975601
vt 0.56639683 0.9975601
vt 0.5607236 0.9975601
vt 0.5607236 0.9975601
vt 0.55505043 0.9975601
vt 0.55505043 0.9975601
vt 0.5493772 0.9975601
vt 0.5493772 0.9975601
vt 0.54370403 0.9975601
vt 0.54370403 0.9975601
vt 0.5380308 0.9975601
vt 0.5380308 0.9975601
vt 0.53235763 0.9975601
vt 0.53235763 0.9975601
vt 0.5266844 0.9975601
vt 0.5266844 0.9975601
vt 0.52101123 0.9975601
vt 0.52101123 0.9975601
vt 0.515338 0.9975601
vt 0.515338 0.9975601
vt 0.515338 0.9975601
vt 0.515338 0.9975601
vt 0.515338 0.9862137
vt 0.515338 0.9862137
vt 0.515338 0.9748673
vt 0.515338 0.97675836
vt 0.515338 0.9654119
vt 0.515338 0.9654119
vt 0.515338 0.95406556
vt 0.515338 0.95406556
vt 0.515338 0.94461024
vt 0.515338 0.94461024
vt 0.515338 0.9332638
vt 0.515338 0.9332638
vt 0.515338 0.92191744
vt 0.515338 0.92380846
vt 0.515338 0.91246206
vt 0.515338 0.91246206
vt 0.515338 0.90111566
vt 0.515338 0.90111566
vt 0.515338 0.89166033
vt 0.515338 0.89166033
vt 0.515338 0.88031393
vt 0.515338 0.88031393
vt 0.515338 0.86896753
vt 0.515338 0.87085855
vt 0.515338 0.8595122
vt 0.515338 0.8595122
vt 0.515338 0.84816575
vt 0.515338 0.84816575
vt 0.515338 0.84816575
vt 0.515338 0.84816575
vt 0.51912016 0.8387104
vt 0.51912016 0.8387104
vt 0.52101123 0.8292551
vt 0.52101123 0.8292551
vt 0.5247933 0.8197998
vt 0.5247933 0.8197998
vt 0.5266844 0.81034446
vt 0.5266844 0.81034446
vt 0.53046656 0.80088913
vt 0.53046656 0.80088913
vt 0.53046656 0.80088913
vt 0.53046656 0.80088913
vt 0.53046656 0.7914338
vt 0.53046656 0.7914338
vt 0.53046656 0.78008735
vt 0.53046656 0.7819785
vt 0.53046656 0.770632
vt 0.53046656 0.770632
vt 0.53046656 0.7611767
vt 0.53046656 0.7611767
vt 0.53424865 0.768741
vt 0.53424865 0.7668499
vt 0.53424865 0.77630526
vt 0.53424865 0.77630526
vt 0.53424865 0.7857606
vt 0.53424865 0.7857606
vt 0.53424865 0.7952159
vt 0.53424865 0.7952159
vt 0.53424865 0.80278015
vt 0.53424865 0.80278015
vt 0.53424865 0.80278015
vt 0.53424865 0.80278015
vt 0.53046656 0.8122355
vt 0.53046656 0.8122355
vt 0.5285755 0.82169086
vt 0.5285755 0.82169086
vt 0.5247933 0.8311462
vt 0.5247933 0.8311462
vt 0.52290225 0.84060156
vt 0.52290225 0.84060156
vt 0.51912016 0.8500569
vt 0.51912016 0.8500569
vt 0.51912016 0.8500569
vt 0.51912016 0.8500569
vt 0.51912016 0.8614032
vt 0.51912016 0.8614032
vt 0.51912016 0.8727497
vt 0.51912016 0.8727497
vt 0.51912016 0.882205
vt 0.51912016 0.882205
vt 0.51912016 0.8935514
vt 0.51912016 0.8935514
vt 0.51912016 0.9048978
vt 0.51912016 0.9048978
vt 0.51912016 0.91435313
vt 0.51912016 0.91435313
vt 0.51912016 0.92569953
vt 0.51912016 0.92569953
vt 0.51912016 0.93704593
vt 0.51912016 0.93704593
vt 0.51912016 0.94650126
vt 0.51912016 0.94650126
vt 0.51912016 0.9578477
vt 0.51912016 0.9578477
vt 0.51912016 0.96919405
vt 0.51912016 0.96919405
vt 0.51912016 0.9786494
vt 0.51912016 0.9786494
vt 0.51912016 0.98999584
vt 0.51912016 0.98999584
vt 0.51912016 0.98999584
vt 0.51912016 0.98999584
vt 0.5247933 0.98999584
vt 0.5247933 0.98999584
vt 0.53046656 0.98999584
vt 0.53046656 0.98999584
vt 0.5361397 0.98999584
vt 0.5361397 0.98999584
vt 0.54181296 0.98999584
vt 0.54181296 0.98999584
vt 0.5474861 0.98999584
vt 0.5474861 0.98999584
vt 0.5512683 0.98999584
vt 0.55315936 0.98999584
vt 0.55694145 0.98999584
vt 0.55694145 0.98999584
vt 0.5626147 0.98999584
vt 0.5626147 0.98999584
vt 0.56828785 0.98999584
vt 0.56828785 0.98999584
vt 0.5739611 0.98999584
vt 0.5739611 0.98999584
vt 0.5796343 0.98999584
vt 0.5796343 0.98999584
vt 0.5853075 0.98999584
vt 0.5853075 0.98999584
vt 0.59098065 0.98999584
vt 0.59098065 0.98999584
vt 0.5966539 0.98999584
vt 0.5966539 0.98999584
vt 0.6023271 0.98999584
vt 0.6023271 0.98999584
vt 0.6080003 0.98999584
vt 0.6080003 0.98999584
vt 0.6136735 0.98999584
vt 0.6136735 0.98999584
vt 0.6193467 0.98999584
vt 0.6193467 0.98999584
vt 0.6250199 0.98999584
vt 0.6250199 0.98999584
vt 0.6306931 0.98999584
vt 0.6306931 0.98999584
vt 0.6363663 0.98999584
vt 0.6363663 0.98999584
vt 0.6401484 0.98999584
vt 0.6420395 0.98999584
vt 0.64582163 0.98999584
vt 0.64582163 0.98999584
vt 0.65149486 0.98999584
vt 0.65149486 0.98999584
vt 0.65716803 0.98999584
vt 0.65716803 0.98999584
vt 0.6628412 0.98999584
vt 0.6628412 0.98999584
vt 0.66851443 0.98999584
vt 0.66851443 0.98999584
vt 0.67418766 0.98999584
vt 0.67418766 0.98999584
vt 0.67986083 0.98999584
vt 0.67986083 0.98999584
vt 0.685534 0.98999584
vt 0.685534 0.98999584
vt 0.69120723 0.98999584
vt 0.69120723 0.98999584
vt 0.69120723 0.98999584
vt 0.69120723 0.98999584
vt 0.69120723 0.9805405
vt 0.69120723 0.9805405
vt 0.69120723 0.96919405
vt 0.69120723 0.96919405
vt 0.69120723 0.9578477
vt 0.69120723 0.9578477
vt 0.69120723 0.94839233
vt 0.69120723 0.94839233
vt 0.69120723 0.93704593
vt 0.69120723 0.93704593
vt 0.69120723 0.92569953
vt 0.69120723 0.9275906
vt 0.69120723 0.9162442
vt 0.69120723 0.9162442
vt 0.69120723 0.9048978
vt 0.69120723 0.9048978
vt 0.69120723 0.8954425
vt 0.69120723 0.8954425
vt 0.69120723 0.884096
vt 0.69120723 0.884096
vt 0.69120723 0.8727497
vt 0.69120723 0.8727497
vt 0.69120723 0.86329436
vt 0.69120723 0.86329436
vt 0.69120723 0.8519479
vt 0.69120723 0.8519479
vt 0.69120723 0.8519479
vt 0.69120723 0.8519479
vt 0.6874251 0.8424926
vt 0.6874251 0.8424926
vt 0.685534 0.83492833
vt 0.685534 0.83492833
vt 0.6817519 0.82547295
vt 0.6817519 0.82547295
vt 0.67986083 0.8160176
vt 0.67986083 0.8160176
vt 0.6760787 0.8065623
vt 0.6760787 0.8084534
vt 0.67418766 0.79899806
vt 0.67418766 0.79899806
vt 0.67418766 0.79899806
vt 0.67418766 0.79899806
vt 0.67418766 0.78765166
vt 0.67418766 0.78765166
vt 0.67418766 0.77630526
vt 0.67418766 0.77630526
vt 0.67418766 0.76495886
vt 0.67418766 0.7668499
vt 0.6722966 0.75550354
vt 0.6722966 0.75550354
vt 0.6722966 0.7441571
vt 0.6722966 0.7441571
vt 0.6722966 0.73281074
vt 0.6722966 0.73281074
vt 0.6722966 0.73281074
vt 0.6722966 0.73281074
vt 0.66662335 0.73281074
vt 0.66662335 0.73281074
vt 0.6609502 0.73281074
vt 0.6609502 0.73281074
vt 0.65527695 0.73281074
vt 0.65527695 0.73281074
vt 0.6496037 0.73281074
vt 0.6496037 0.73281074
vt 0.64393055 0.73281074
vt 0.64393055 0.73281074
vt 0.6382574 0.73281074
vt 0.6382574 0.73281074
vt 0.63258415 0.73281074
vt 0.63447523 0.73281074
vt 0.628802 0.73281074
vt 0.628802 0.73281074
vt 0.62312883 0.73281074
vt 0.62312883 0.73281074
vt 0.6174556 0.73281074
vt 0.6174556 0.73470175
vt 0.61178243 0.73281074
vt 0.61178243 0.73470175
vt 0.6061092 0.73281074
vt 0.6061092 0.73470175
vt 0.60043603 0.73281074
vt 0.60043603 0.73470175
vt 0.5947628 0.73281074
vt 0.5947628 0.73470175
vt 0.58908963 0.73470175
vt 0.58908963 0.73470175
vt 0.5834164 0.73470175
vt 0.5834164 0.73470175
vt 0.57774323 0.73470175
vt 0.57774323 0.73470175
vt 0.57207 0.73470175
vt 0.57207 0.73470175
vt 0.57207 0.73470175
vt 0.57207 0.73470175
vt 0.56828785 0.740375
vt 0.56828785 0.740375
vt 0.56639683 0.7479392
vt 0.56639683 0.7479392
vt 0.5626147 0.75361246
vt 0.5626147 0.75361246
vt 0.5588325 0.7611767
vt 0.5588325 0.7611767
vt 0.55694145 0.7668499
vt 0.55694145 0.7668499
vt 0.55694145 0.7668499
vt 0.55694145 0.7668499
vt 0.5512683 0.7668499
vt 0.5512683 0.768741
vt 0.54559505 0.7668499
vt 0.54559505 0.768741
vt 0.5399219 0.7668499
vt 0.5399219 0.768741
vt 0.53424865 0.7668499
vt 0.53424865 0.768741
vt 0.5399219 0.76495886
vt 0.5399219 0.7668499
vt 0.54559505 0.7668499
vt 0.53424865 0.7668499
vt 0.54559505 0.76495886
vt 0.5512683 0.7668499
vt 0.5512683 0.76495886
vt 0.55694145 0.7668499
vt 0.55505043 0.7630678
vt 0.5493772 0.7630678
vt 0.5588325 0.7592856
vt 0.5588325 0.7611767
vt 0.5626147 0.75361246
vt 0.5588325 0.75550354
vt 0.5626147 0.7517214
vt 0.56450576 0.74604815
vt 0.56639683 0.7479392
vt 0.55505043 0.7611767
vt 0.5493772 0.7611767
vt 0.5588325 0.75361246
vt 0.5626147 0.7479392
vt 0.5607236 0.7479392
vt 0.54559505 0.7630678
vt 0.54559505 0.7611767
vt 0.56450576 0.74226606
vt 0.56450576 0.740375
vt 0.56639683 0.73281074
vt 0.5399219 0.7630678
vt 0.5399219 0.7611767
vt 0.5361397 0.7630678
vt 0.5361397 0.7611767
vt 0.53046656 0.7611767
vt 0.53046656 0.770632
vt 0.53424865 0.7668499
vt 0.56828785 0.73470175
vt 0.5701789 0.7271375
vt 0.57585216 0.7271375
vt 0.53235763 0.7819785
vt 0.53046656 0.78008735
vt 0.53235763 0.7914338
vt 0.53046656 0.7914338
vt 0.53046656 0.80088913
vt 0.56828785 0.7384839
vt 0.56828785 0.740375
vt 0.57207 0.73470175
vt 0.57207 0.73281074
vt 0.53424865 0.77630526
vt 0.53424865 0.77630526
vt 0.53235763 0.7857606
vt 0.53424865 0.7857606
vt 0.53235763 0.7952159
vt 0.53424865 0.7952159
vt 0.57774323 0.73281074
vt 0.57774323 0.73470175
vt 0.57585216 0.7290286
vt 0.5815253 0.7271375
vt 0.5815253 0.7290286
vt 0.58719856 0.7271375
vt 0.53235763 0.80278015
vt 0.53424865 0.80278015
vt 0.53046656 0.8122355
vt 0.53235763 0.7952159
vt 0.5834164 0.73281074
vt 0.5834164 0.73470175
vt 0.58719856 0.7290286
vt 0.5928717 0.7271375
vt 0.5834164 0.73091966
vt 0.53046656 0.8122355
vt 0.5285755 0.82169086
vt 0.53046656 0.80278015
vt 0.5285755 0.8122355
vt 0.5266844 0.81034446
vt 0.5247933 0.8197998
vt 0.53046656 0.80278015
vt 0.58719856 0.73091966
vt 0.5285755 0.8122355
vt 0.5266844 0.82169086
vt 0.5266844 0.82169086
vt 0.5247933 0.8311462
vt 0.5247933 0.8311462
vt 0.52290225 0.84060156
vt 0.5247933 0.82169086
vt 0.52101123 0.84060156
vt 0.51912016 0.8500569
vt 0.52290225 0.8311462
vt 0.52290225 0.8311462
vt 0.52101123 0.8292551
vt 0.51912016 0.8387104
vt 0.52101123 0.84060156
vt 0.51912016 0.84060156
vt 0.51912016 0.8500569
vt 0.5172291 0.8500569
vt 0.515338 0.84816575
vt 0.515338 0.8595122
vt 0.5172291 0.8595122
vt 0.51912016 0.8500569
vt 0.5172291 0.86896753
vt 0.515338 0.86896753
vt 0.5172291 0.8595122
vt 0.51912016 0.8614032
vt 0.51912016 0.8614032
vt 0.5172291 0.88031393
vt 0.515338 0.88031393
vt 0.5172291 0.87085855
vt 0.51912016 0.8727497
vt 0.51912016 0.8727497
vt 0.5172291 0.89166033
vt 0.515338 0.89166033
vt 0.515338 0.90111566
vt 0.5172291 0.88031393
vt 0.51912016 0.882205
vt 0.51912016 0.882205
vt 0.5172291 0.90111566
vt 0.515338 0.91246206
vt 0.5172291 0.89166033
vt 0.51912016 0.8935514
vt 0.51912016 0.8935514
vt 0.5172291 0.91246206
vt 0.515338 0.92191744
vt 0.5172291 0.90300673
vt 0.51912016 0.9048978
vt 0.51912016 0.9048978
vt 0.5172291 0.92191744
vt 0.515338 0.9332638
vt 0.5172291 0.91246206
vt 0.51912016 0.91435313
vt 0.51912016 0.91435313
vt 0.5172291 0.9332638
vt 0.515338 0.94461024
vt 0.5172291 0.92380846
vt 0.51912016 0.92569953
vt 0.51912016 0.92569953
vt 0.51912016 0.93704593
vt 0.5172291 0.94461024
vt 0.515338 0.95406556
vt 0.5172291 0.9351549
vt 0.51912016 0.93704593
vt 0.5172291 0.95406556
vt 0.515338 0.9654119
vt 0.5172291 0.94461024
vt 0.51912016 0.94650126
vt 0.51912016 0.94650126
vt 0.5172291 0.9654119
vt 0.515338 0.9748673
vt 0.5172291 0.9559566
vt 0.51912016 0.9578477
vt 0.51912016 0.9578477
vt 0.5172291 0.9748673
vt 0.515338 0.9862137
vt 0.5172291 0.96730304
vt 0.5172291 0.96919405
vt 0.51912016 0.96919405
vt 0.5172291 0.9862137
vt 0.515338 0.9975601
vt 0.52101123 0.9975601
vt 0.5172291 0.97675836
vt 0.5172291 0.9786494
vt 0.51912016 0.9786494
vt 0.51912016 0.98999584
vt 0.5172291 0.9843226
vt 0.51912016 0.98999584
vt 0.5266844 0.993778
vt 0.5266844 0.9975601
vt 0.53235763 0.9975601
vt 0.5247933 0.98999584
vt 0.5247933 0.98999584
vt 0.53046656 0.98999584
vt 0.53046656 0.98999584
vt 0.5361397 0.98999584
vt 0.53235763 0.993778
vt 0.5380308 0.9975601
vt 0.5266844 0.99188685
vt 0.53046656 0.99188685
vt 0.5361397 0.98999584
vt 0.54181296 0.98999584
vt 0.5380308 0.993778
vt 0.54370403 0.9975601
vt 0.5361397 0.99188685
vt 0.54181296 0.98999584
vt 0.5474861 0.98999584
vt 0.54370403 0.993778
vt 0.5493772 0.9975601
vt 0.54181296 0.99188685
vt 0.5474861 0.98999584
vt 0.5512683 0.98999584
vt 0.5493772 0.993778
vt 0.55505043 0.9975601
vt 0.5474861 0.99188685
vt 0.5512683 0.98999584
vt 0.55694145 0.98999584
vt 0.55505043 0.993778
vt 0.5607236 0.9975601
vt 0.55315936 0.99188685
vt 0.55694145 0.98999584
vt 0.5626147 0.98999584
vt 0.5607236 0.993778
vt 0.56639683 0.9975601
vt 0.5588325 0.99188685
vt 0.5626147 0.98999584
vt 0.56828785 0.98999584
vt 0.56639683 0.993778
vt 0.57207 0.9975601
vt 0.56450576 0.99188685
vt 0.56828785 0.98999584
vt 0.5739611 0.98999584
vt 0.57207 0.993778
vt 0.57774323 0.9975601
vt 0.5701789 0.99188685
vt 0.5739611 0.98999584
vt 0.5796343 0.98999584
vt 0.57774323 0.993778
vt 0.5834164 0.9975601
vt 0.57585216 0.99188685
vt 0.5796343 0.98999584
vt 0.5853075 0.98999584
vt 0.5834164 0.993778
vt 0.58908963 0.9975601
vt 0.5815253 0.99188685
vt 0.5853075 0.98999584
vt 0.59098065 0.98999584
vt 0.58908963 0.993778
vt 0.5928717 0.9975601
vt 0.58719856 0.99188685
vt 0.59098065 0.98999584
vt 0.5966539 0.98999584
vt 0.5928717 0.993778
vt 0.59854496 0.9975601
vt 0.5928717 0.99188685
vt 0.5966539 0.98999584
vt 0.6023271 0.98999584
vt 0.59854496 0.993778
vt 0.6042181 0.9975601
vt 0.5966539 0.99188685
vt 0.6023271 0.98999584
vt 0.6080003 0.98999584
vt 0.6023271 0.99188685
vt 0.6042181 0.993778
vt 0.60989136 0.9975601
vt 0.6080003 0.98999584
vt 0.6136735 0.98999584
vt 0.6061092 0.99188685
vt 0.60989136 0.993778
vt 0.6155646 0.9975601
vt 0.6136735 0.98999584
vt 0.6193467 0.98999584
vt 0.61178243 0.99188685
vt 0.6155646 0.993778
vt 0.62123775 0.9975601
vt 0.6193467 0.98999584
vt 0.6250199 0.98999584
vt 0.6174556 0.99188685
vt 0.62123775 0.993778
vt 0.6269109 0.9975601
vt 0.6250199 0.98999584
vt 0.6306931 0.98999584
vt 0.62312883 0.99188685
vt 0.6269109 0.993778
vt 0.63258415 0.9975601
vt 0.6306931 0.98999584
vt 0.6363663 0.98999584
vt 0.628802 0.99188685
vt 0.63258415 0.993778
vt 0.6382574 0.9975601
vt 0.6363663 0.98999584
vt 0.6401484 0.98999584
vt 0.63447523 0.99188685
vt 0.6382574 0.993778
vt 0.64393055 0.9975601
vt 0.6401484 0.98999584
vt 0.64582163 0.98999584
vt 0.6401484 0.99188685
vt 0.64393055 0.993778
vt 0.6496037 0.9975601
vt 0.64582163 0.98999584
vt 0.65149486 0.98999584
vt 0.64582163 0.99188685
vt 0.6496037 0.993778
vt 0.65527695 0.9975601
vt 0.65149486 0.98999584
vt 0.65716803 0.98999584
vt 0.65149486 0.99188685
vt 0.65527695 0.993778
vt 0.6609502 0.9975601
vt 0.65716803 0.98999584
vt 0.6628412 0.98999584
vt 0.65716803 0.99188685
vt 0.6609502 0.993778
vt 0.66662335 0.9975601
vt 0.6628412 0.98999584
vt 0.66851443 0.98999584
vt 0.6628412 0.99188685
vt 0.66662335 0.993778
vt 0.6722966 0.9975601
vt 0.66851443 0.98999584
vt 0.67418766 0.98999584
vt 0.66851443 0.99188685
vt 0.6722966 0.993778
vt 0.67796975 0.9975601
vt 0.67418766 0.98999584
vt 0.67986083 0.98999584
vt 0.67418766 0.99188685
vt 0.67796975 0.993778
vt 0.683643 0.9975601
vt 0.67986083 0.98999584
vt 0.685534 0.98999584
vt 0.67796975 0.99188685
vt 0.683643 0.993778
vt 0.68931615 0.9975601
vt 0.685534 0.98999584
vt 0.69120723 0.98999584
vt 0.683643 0.99188685
vt 0.69120723 0.98999584
vt 0.6930983 0.9862137
vt 0.6949894 0.9975601
vt 0.6949894 0.9862137
vt 0.69120723 0.9805405
vt 0.69120723 0.9805405
vt 0.6930983 0.97675836
vt 0.6949894 0.97675836
vt 0.69120723 0.9862137
vt 0.6930983 0.9805405
vt 0.69120723 0.96919405
vt 0.69120723 0.96919405
vt 0.6930983 0.9729762
vt 0.6930983 0.9654119
vt 0.6949894 0.9654119
vt 0.69120723 0.9578477
vt 0.69120723 0.9578477
vt 0.6930983 0.9635209
vt 0.6930983 0.9559566
vt 0.6949894 0.9559566
vt 0.69120723 0.94839233
vt 0.69120723 0.94839233
vt 0.6930983 0.9521745
vt 0.6930983 0.94461024
vt 0.6949894 0.94461024
vt 0.69120723 0.93704593
vt 0.69120723 0.93704593
vt 0.6930983 0.9408281
vt 0.6930983 0.9332638
vt 0.6949894 0.9332638
vt 0.69120723 0.92569953
vt 0.69120723 0.92569953
vt 0.6930983 0.93137276
vt 0.6930983 0.92380846
vt 0.6949894 0.92380846
vt 0.69120723 0.9162442
vt 0.69120723 0.9162442
vt 0.6930983 0.92191744
vt 0.6930983 0.91246206
vt 0.6949894 0.91246206
vt 0.69120723 0.9048978
vt 0.69120723 0.9048978
vt 0.6930983 0.91246206
vt 0.6930983 0.90300673
vt 0.6949894 0.90300673
vt 0.69120723 0.8954425
vt 0.69120723 0.8954425
vt 0.6930983 0.90300673
vt 0.6930983 0.89166033
vt 0.6949894 0.89166033
vt 0.6930983 0.8935514
vt 0.69120723 0.884096
vt 0.69120723 0.884096
vt 0.6930983 0.882205
vt 0.6949894 0.882205
vt 0.6930983 0.882205
vt 0.69120723 0.8727497
vt 0.69120723 0.8727497
vt 0.6930983 0.87085855
vt 0.6949894 0.87085855
vt 0.6930983 0.8727497
vt 0.69120723 0.86329436
vt 0.69120723 0.86329436
vt 0.69120723 0.8519479
vt 0.6930983 0.8595122
vt 0.6949894 0.8595122
vt 0.6930983 0.8614032
vt 0.69120723 0.8500569
vt 0.6930983 0.8500569
vt 0.6949894 0.8500569
vt 0.69120723 0.84060156
vt 0.69120723 0.8519479
vt 0.69120723 0.8424926
vt 0.68931615 0.8311462
vt 0.68931615 0.8424926
vt 0.6874251 0.8424926
vt 0.685534 0.83492833
vt 0.685534 0.83303726
vt 0.6817519 0.82547295
vt 0.68931615 0.84060156
vt 0.6874251 0.83303726
vt 0.685534 0.82358193
vt 0.68931615 0.84060156
vt 0.6874251 0.83303726
vt 0.6874251 0.83303726
vt 0.683643 0.82547295
vt 0.685534 0.82547295
vt 0.685534 0.82358193
vt 0.67986083 0.8160176
vt 0.67986083 0.8160176
vt 0.683643 0.82358193
vt 0.6817519 0.8160176
vt 0.683643 0.8141266
vt 0.6817519 0.8160176
vt 0.67986083 0.8065623
vt 0.67986083 0.8046713
vt 0.67796975 0.797107
vt 0.67986083 0.8141266
vt 0.67986083 0.8084534
vt 0.6760787 0.79899806
vt 0.67796975 0.8065623
vt 0.67796975 0.8065623
vt 0.6760787 0.8065623
vt 0.67418766 0.79899806
vt 0.67418766 0.79899806
vt 0.67418766 0.78765166
vt 0.67418766 0.78765166
vt 0.67418766 0.77630526
vt 0.6760787 0.797107
vt 0.67418766 0.77630526
vt 0.67418766 0.76495886
vt 0.6760787 0.78765166
vt 0.6760787 0.7857606
vt 0.67796975 0.7857606
vt 0.67796975 0.77630526
vt 0.67418766 0.77630526
vt 0.6760787 0.77630526
vt 0.6760787 0.7668499
vt 0.6760787 0.7668499
vt 0.6760787 0.75550354
vt 0.67418766 0.76495886
vt 0.6722966 0.75550354
vt 0.67418766 0.7668499
vt 0.6760787 0.75550354
vt 0.6760787 0.74604815
vt 0.67418766 0.75550354
vt 0.6722966 0.7441571
vt 0.67418766 0.75550354
vt 0.6760787 0.74604815
vt 0.6760787 0.7365928
vt 0.6722966 0.7441571
vt 0.6722966 0.73281074
vt 0.67418766 0.74604815
vt 0.6760787 0.7365928
vt 0.6760787 0.7252464
vt 0.6704055 0.7252464
vt 0.67418766 0.7384839
vt 0.6722966 0.73281074
vt 0.6647323 0.7290286
vt 0.6647323 0.7252464
vt 0.6590591 0.7252464
vt 0.66662335 0.73281074
vt 0.66662335 0.73281074
vt 0.6609502 0.73281074
vt 0.6609502 0.73281074
vt 0.65527695 0.73281074
vt 0.6590591 0.7290286
vt 0.6533859 0.7252464
vt 0.6647323 0.73091966
vt 0.6628412 0.73091966
vt 0.65527695 0.73281074
vt 0.6496037 0.73281074
vt 0.65716803 0.73091966
vt 0.6533859 0.7290286
vt 0.6477127 0.7271375
vt 0.6496037 0.73281074
vt 0.64393055 0.73281074
vt 0.6533859 0.73091966
vt 0.6477127 0.7290286
vt 0.6420395 0.7271375
vt 0.64393055 0.73281074
vt 0.6382574 0.73281074
vt 0.6477127 0.73091966
vt 0.6420395 0.7290286
vt 0.6363663 0.7271375
vt 0.6382574 0.73281074
vt 0.63258415 0.73281074
vt 0.6420395 0.73091966
vt 0.6363663 0.7290286
vt 0.6306931 0.7271375
vt 0.63258415 0.73281074
vt 0.628802 0.73281074
vt 0.6363663 0.73091966
vt 0.6306931 0.7290286
vt 0.6269109 0.7271375
vt 0.628802 0.73281074
vt 0.62312883 0.73281074
vt 0.6306931 0.73091966
vt 0.6269109 0.7290286
vt 0.62123775 0.7271375
vt 0.62312883 0.73281074
vt 0.6174556 0.73281074
vt 0.6250199 0.73091966
vt 0.62123775 0.7290286
vt 0.6155646 0.7271375
vt 0.6174556 0.73281074
vt 0.61178243 0.73281074
vt 0.62123775 0.73091966
vt 0.6155646 0.7290286
vt 0.60989136 0.7271375
vt 0.6155646 0.73091966
vt 0.61178243 0.73281074
vt 0.6061092 0.73281074
vt 0.60989136 0.73091966
vt 0.6061092 0.73281074
vt 0.60043603 0.73281074
vt 0.60989136 0.7290286
vt 0.60043603 0.73281074
vt 0.5947628 0.73281074
vt 0.6042181 0.73091966
vt 0.6042181 0.7290286
vt 0.6042181 0.7271375
vt 0.5947628 0.73281074
vt 0.58908963 0.73470175
vt 0.59854496 0.73091966
vt 0.59854496 0.7290286
vt 0.59854496 0.7271375
vt 0.58908963 0.73281074
vt 0.5928717 0.73091966
vt 0.5928717 0.7290286
vn -0.015869796 -0.9997943 -0.012629411
vn -0.015869796 -0.9997943 -0.012629411
vn -0.015869796 -0.9997943 -0.012629411
vn -0.015869796 -0.9997943 -0.012629411
vn -0.015869796 -0.9997943 -0.012629411
vn -0.015869796 -0.9997943 -0.012629411
vn -0.015869796 -0.9997943 -0.012629411
vn -0.015869796 -0.9997943 -0.012629411
vn -0.015869796 -0.9997943 -0.012629411
vn -0.015869796 -0.9997943 -0.012629411
vn -0.015869796 -0.9997943 -0.012629411
vn -0.015869796 -0.9997943 -0.012629411
vn -0.7378054 -0.6750135 -0
vn -0.7378054 -0.6750135 -0
vn -0.7378054 -0.6750135 -0
vn -0.7378054 -0.6750135 -0
vn -0.7378054 -0.6750135 -0
vn -0.7378054 -0.6750135 -0
vn -0.7378054 -0.6750135 -0
vn -0.7378054 -0.6750135 -0
vn -0.7378054 -0.6750135 -0
vn -0.7378054 -0.6750135 -0
vn -0.7378054 -0.6750135 -0
vn -0.7378054 -0.6750135 -0
vn -0.015869796 -0.9997943 -0.012629411
vn -0.015869796 -0.9997943 -0.012629411
vn -0.015869796 -0.9997943 -0.012629411
vn -0.015869796 -0.9997943 -0.012629411
vn -0.015869796 -0.9997943 -0.012629411
vn -0.015869796 -0.9997943 -0.012629411
vn -0.015869796 -0.9997943 -0.012629411
vn -0.015869796 -0.9997943 -0.012629411
vn -0.015869796 -0.9997943 -0.012629411
vn -0.015869796 -0.9997943 -0.012629411
vn -0.015869796 -0.9997943 -0.012629411
vn -0.015869796 -0.9997943 -0.012629411
vn -0.015869796 -0.9997943 -0.012629411
vn -0.015869796 -0.9997943 -0.012629411
vn -0.015869796 -0.9997943 -0.012629411
vn -0.015869796 -0.9997943 -0.012629411
vn -0.015869796 -0.9997943 -0.012629411
vn -0.015869796 -0.9997943 -0.012629411
vn -0.015869796 -0.9997943 -0.012629411
vn -0.015869796 -0.9997943 -0.012629411
vn -0.015869796 -0.9997943 -0.012629411
vn -0.015869796 -0.9997943 -0.012629411
vn -0.015869796 -0.9997943 -0.012629411
vn -0.015869796 -0.9997943 -0.012629411
vn -0.015869796 -0.9997943 -0.012629411
vn -0.015869796 -0.9997943 -0.012629411
vn -0.015869796 -0.9997943 -0.012629411
vn -0.015869796 -0.9997943 -0.012629411
vn -0.015869796 -0.9997943 -0.012629411
vn -0.015869796 -0.9997943 -0.012629411
vn -0.015869796 -0.9997943 -0.012629411
vn -0.015869796 -0.9997943 -0.012629411
vn -0.015869796 -0.9997943 -0.012629411
vn -0.015869796 -0.9997943 -0.012629411
vn -0.015869796 -0.9997943 -0.012629411
vn -0.015869796 -0.9997943 -0.012629411
vn -0.015869796 -0.9997943 -0.012629411
vn -0.015869796 -0.9997943 -0.012629411
vn -0.015869796 -0.9997943 -0.012629411
vn -0.015869796 -0.9997943 -0.012629411
vn 0.9988681 -0.047565166 -0
vn 0.9988681 -0.047565166 -0
vn 0.9988681 -0.047565166 -0
vn 0.9988681 -0.047565166 -0
vn 0.9988681 -0.047565166 -0
vn 0.9988681 -0.047565166 -0
vn 0.9988681 -0.047565166 -0
vn 0.9988681 -0.047565166 -0
vn 0.9988681 -0.047565166 -0
vn 0.9988681 -0.047565166 -0
vn 0.9988681 -0.047565166 -0
vn 0.9988681 -0.047565166 -0
vn 0.9988681 -0.047565166 -0
vn 0.9988681 -0.047565166 -0
vn 0.9988681 -0.047565166 -0
vn 0.9988681 -0.047565166 -0
vn 0.8410968 -0.5237018 -0.13525017
vn 0.8410968 -0.5237018 -0.13525017
vn 0.8410968 -0.5237018 -0.13525017
vn 0.8410968 -0.5237018 -0.13525017
vn 0.8410968 -0.5237018 -0.13525017
vn 0.8410968 -0.5237018 -0.13525017
vn 0.8410968 -0.5237018 -0.13525017
vn 0.8410968 -0.5237018 -0.13525017
vn 0.8410968 -0.5237018 -0.13525017
vn 0.8410968 -0.5237018 -0.13525017
vn 0.8410968 -0.5237018 -0.13525017
vn 0.8410968 -0.5237018 -0.13525017
vn 0.8410968 -0.5237018 -0.13525017
vn 0.8410968 -0.5237018 -0.13525017
vn 0.9997943 0.015869796 0.012628587
vn 0.9997943 0.015869796 0.012628587
vn 0.9997943 0.015869796 0.012628587
vn 0.9997943 0.015869796 0.012628587
vn 0.9997943 0.015869796 0.012628587
vn 0.9997943 0.015869796 0.012628587
vn 0.9997943 0.015869796 0.012628587
vn 0.9997943 0.015869796 0.012628587
vn 0.9997943 0.015869796 0.012628587
vn 0.9997943 0.015869796 0.012628587
vn 0.9997943 0.015869796 0.012628587
vn 0.9997943 0.015869796 0.012628587
vn 0.9997943 0.015869796 0.012628587
vn 0.9997943 0.015869796 0.012628587
vn 0.9997943 0.015869796 0.012628587
vn 0.9997943 0.015869796 0.012628587
vn 0.9997943 0.015869796 0.012628587
vn 0.9997943 0.015869796 0.012628587
vn 0.9997943 -0.015869737 0.012628662
vn 0.9997943 -0.015869737 0.012628662
vn 0.9997943 -0.015869737 0.012628662
vn 0.9997943 -0.015869737 0.012628662
vn 0.9997943 -0.015869737 0.012628662
vn 0.9997943 -0.015869737 0.012628662
vn 0.9997943 -0.015869737 0.012628662
vn 0.9997943 -0.015869737 0.012628662
vn 0.9997943 -0.015869737 0.012628662
vn 0.9997943 -0.015869737 0.012628662
vn 0.9997943 -0.015869737 0.012628662
vn 0.9997943 -0.015869737 0.012628662
vn -0.015869796 0.9997943 0.012629411
vn -0.015869796 0.9997943 0.012629411
vn -0.015869796 0.9997943 0.012629411
vn -0.015869796 0.9997943 0.012629411
vn -0.015869796 0.9997943 0.012629411
vn -0.015869796 0.9997943 0.012629411
vn -0.015869796 0.9997943 0.012629411
vn -0.015869796 0.9997943 0.012629411
vn -0.015869796 0.9997943 0.012629411
vn -0.015869796 0.9997943 0.012629411
vn -0.015869796 0.9997943 0.012629411
vn -0.015869796 0.9997943 0.012629411
vn -0.015869796 0.9997943 0.012629411
vn -0.015869796 0.9997943 0.012629411
vn 0.015869737 0.9997943 0.012629411
vn 0.015869737 0.9997943 0.012629411
vn 0.015869737 0.9997943 0.012629411
vn 0.015869737 0.9997943 0.012629411
vn 0.015869737 0.9997943 0.012629411
vn 0.015869737 0.9997943 0.012629411
vn 0.015869737 0.9997943 0.012629411
vn 0.015869737 0.9997943 0.012629411
vn 0.015869737 0.9997943 0.012629411
vn 0.015869737 0.9997943 0.012629411
vn 0.015869737 0.9997943 0.012629411
vn 0.015869737 0.9997943 0.012629411
vn 0.015869737 0.9997943 0.012629411
vn 0.015869737 0.9997943 0.012629411
vn -0.015869796 0.9997943 0.012629411
vn -0.015869796 0.9997943 0.012629411
vn -0.015869796 0.9997943 0.012629411
vn -0.015869796 0.9997943 0.012629411
vn -0.015869796 0.9997943 0.012629411
vn -0.015869796 0.9997943 0.012629411
vn -0.015869796 0.9997943 0.012629411
vn -0.015869796 0.9997943 0.012629411
vn 0.015869737 0.9997943 0.012629411
vn 0.015869737 0.9997943 0.012629411
vn 0.015869737 0.9997943 0.012629411
vn 0.015869737 0.9997943 0.012629411
vn 0.015869737 0.9997943 0.012629411
vn 0.015869737 0.9997943 0.012629411
vn 0.015869737 0.9997943 0.012629411
vn 0.015869737 0.9997943 0.012629411
vn 0.015869737 0.9997943 0.012629411
vn 0.015869737 0.9997943 0.012629411
vn 0.015869737 0.9997943 0.012629411
vn 0.015869737 0.9997943 0.012629411
vn 0.015869737 0.9997943 0.012629411
vn 0.015869737 0.9997943 0.012629411
vn -0.015869796 0.9997943 0.012629411
vn -0.015869796 0.9997943 0.012629411
vn -0.015869796 0.9997943 0.012629411
vn -0.015869796 0.9997943 0.012629411
vn -0.015869796 0.9997943 0.012629411
vn -0.015869796 0.9997943 0.012629411
vn -0.015869796 0.9997943 0.012629411
vn -0.015869796 0.9997943 0.012629411
vn -0.015869796 0.9997943 0.012629411
vn -0.015869796 0.9997943 0.012629411
vn -0.015869796 0.9997943 0.012629411
vn -0.015869796 0.9997943 0.012629411
vn -0.015869796 0.9997943 0.012629411
vn -0.015869796 0.9997943 0.012629411
vn -0.015869796 0.9997943 0.012629411
vn -0.015869796 0.9997943 0.012629411
vn -0.9997943 -0.015869737 -0.012628662
vn -0.9997943 -0.015869737 -0.012628662
vn -0.9997943 -0.015869737 -0.012628662
vn -0.9997943 -0.015869737 -0.012628662
vn -0.9997943 0.015869796 -0.012628587
vn -0.9997943 0.015869796 -0.012628587
vn -0.9997943 -0.015869737 -0.012628662
vn -0.9997943 -0.015869737 -0.012628662
vn -0.9997943 -0.015869737 -0.012628662
vn -0.9997943 -0.015869737 -0.012628662
vn -0.9997943 -0.015869737 -0.012628662
vn -0.9997943 -0.015869737 -0.012628662
vn -0.9997943 -0.015869737 -0.012628662
vn -0.9997943 -0.015869737 -0.012628662
vn -0.9997943 -0.015869737 -0.012628662
vn -0.9997943 -0.015869737 -0.012628662
vn -0.9997943 0.015869796 -0.012628587
vn -0.9997943 0.015869796 -0.012628587
vn -0.9997943 0.015869796 -0.012628587
vn -0.9997943 0.015869796 -0.012628587
vn -0.9997943 0.015869796 -0.012628587
vn -0.9997943 0.015869796 -0.012628587
vn -0.9997943 0.015869796 -0.012628587
vn -0.9997943 0.015869796 -0.012628587
vn -0.9997943 0.015869796 -0.012628587
vn -0.9997943 0.015869796 -0.012628587
vn -0.9997943 -0.015869737 -0.012628662
vn -0.9997943 -0.015869737 -0.012628662
vn -0.9997943 -0.015869737 -0.012628662
vn -0.9997943 -0.015869737 -0.012628662
vn -0.8410968 -0.5237018 -0.13525017
vn -0.8410968 -0.5237018 -0.13525017
vn -0.8410968 -0.5237018 -0.13525017
vn -0.8410968 -0.5237018 -0.13525017
vn -0.8410968 -0.5237018 -0.13525017
vn -0.8410968 -0.5237018 -0.13525017
vn -0.8410968 -0.5237018 -0.13525017
vn -0.8410968 -0.5237018 -0.13525017
vn -0.8410968 -0.5237018 -0.13525017
vn -0.8410968 -0.5237018 -0.13525017
vn -0.8410968 -0.5237018 -0.13525017
vn -0.8410968 -0.5237018 -0.13525017
vn -0.9988681 -0.047565166 -0
vn -0.9988681 -0.047565166 -0
vn -0.9988681 -0.047565166 -0
vn -0.9988681 -0.047565166 -0
vn -0.9988681 -0.047565166 -0
vn -0.9988681 -0.047565166 -0
vn -0.9988681 -0.047565166 -0
vn -0.9988681 -0.047565166 -0
vn -0.9988681 -0.047565166 -0
vn -0.9988681 -0.047565166 -0
vn 0.9988681 0.047565166 -0
vn 0.9988681 0.047565166 -0
vn 0.9988681 0.047565166 -0
vn 0.9988681 0.047565166 -0
vn 0.9988681 0.047565166 -0
vn 0.9988681 0.047565166 -0
vn 0.9988681 0.047565166 -0
vn 0.9988681 0.047565166 -0
vn 0.9988681 0.047565166 -0
vn 0.9988681 0.047565166 -0
vn 0.8410968 0.5237017 0.13525037
vn 0.8410968 0.5237017 0.13525037
vn 0.8410968 0.5237017 0.13525037
vn 0.8410968 0.5237017 0.13525037
vn 0.8410968 0.5237017 0.13525037
vn 0.8410968 0.5237017 0.13525037
vn 0.8410968 0.5237017 0.13525037
vn 0.8410968 0.5237017 0.13525037
vn 0.8410968 0.5237017 0.13525037
vn 0.8410968 0.5237017 0.13525037
vn 0.8410968 0.5237017 0.13525037
vn 0.8410968 0.5237017 0.13525037
vn 0.9997943 0.015869796 0.012628587
vn 0.9997943 0.015869796 0.012628587
vn 0.9997943 0.015869796 0.012628587
vn 0.9997943 0.015869796 0.012628587
vn 0.9997943 0.015869796 0.012628587
vn 0.9997943 0.015869796 0.012628587
vn 0.9997943 -0.015869737 0.012628662
vn 0.9997943 -0.015869737 0.012628662
vn 0.9997943 -0.015869737 0.012628662
vn 0.9997943 -0.015869737 0.012628662
vn 0.9997943 -0.015869737 0.012628662
vn 0.9997943 -0.015869737 0.012628662
vn 0.9997943 -0.015869737 0.012628662
vn 0.9997943 -0.015869737 0.012628662
vn 0.9997943 -0.015869737 0.012628662
vn 0.9997943 -0.015869737 0.012628662
vn 0.9997943 0.015869796 0.012628587
vn 0.9997943 0.015869796 0.012628587
vn 0.9997943 0.015869796 0.012628587
vn 0.9997943 0.015869796 0.012628587
vn 0.9997943 0.015869796 0.012628587
vn 0.9997943 0.015869796 0.012628587
vn 0.9997943 0.015869796 0.012628587
vn 0.9997943 0.015869796 0.012628587
vn 0.9997943 -0.015869737 0.012628662
vn 0.9997943 -0.015869737 0.012628662
vn 0.9997943 -0.015869737 0.012628662
vn 0.9997943 -0.015869737 0.012628662
vn 0.015869737 -0.9997943 -0.012629411
vn 0.015869737 -0.9997943 -0.012629411
vn 0.015869737 -0.9997943 -0.012629411
vn 0.015869737 -0.9997943 -0.012629411
vn 0.015869737 -0.9997943 -0.012629411
vn 0.015869737 -0.9997943 -0.012629411
vn 0.015869737 -0.9997943 -0.012629411
vn 0.015869737 -0.9997943 -0.012629411
vn 0.015869737 -0.9997943 -0.012629411
vn 0.015869737 -0.9997943 -0.012629411
vn 0.015869737 -0.9997943 -0.012629411
vn 0.015869737 -0.9997943 -0.012629411
vn 0.015869737 -0.9997943 -0.012629411
vn 0.015869737 -0.9997943 -0.012629411
vn 0.015869737 -0.9997943 -0.012629411
vn 0.015869737 -0.9997943 -0.012629411
vn -0.015869796 -0.9997943 -0.012629411
vn -0.015869796 -0.9997943 -0.012629411
vn -0.015869796 -0.9997943 -0.012629411
vn -0.015869796 -0.9997943 -0.012629411
vn -0.015869796 -0.9997943 -0.012629411
vn -0.015869796 -0.9997943 -0.012629411
vn -0.015869796 -0.9997943 -0.012629411
vn -0.015869796 -0.9997943 -0.012629411
vn -0.015869796 -0.9997943 -0.012629411
vn -0.015869796 -0.9997943 -0.012629411
vn -0.015869796 -0.9997943 -0.012629411
vn -0.015869796 -0.9997943 -0.012629411
vn -0.015869796 -0.9997943 -0.012629411
vn -0.015869796 -0.9997943 -0.012629411
vn -0.015869796 -0.9997943 -0.012629411
vn -0.015869796 -0.9997943 -0.012629411
vn 0.015869737 -0.9997943 -0.012629411
vn 0.015869737 -0.9997943 -0.012629411
vn 0.015869737 -0.9997943 -0.012629411
vn 0.015869737 -0.9997943 -0.012629411
vn 0.015869737 -0.9997943 -0.012629411
vn 0.015869737 -0.9997943 -0.012629411
vn -0.015869796 -0.9997943 -0.012629411
vn -0.015869796 -0.9997943 -0.012629411
vn -0.015869796 -0.9997943 -0.012629411
vn -0.015869796 -0.9997943 -0.012629411
vn -0.015869796 -0.9997943 -0.012629411
vn -0.015869796 -0.9997943 -0.012629411
vn -0.015869796 -0.9997943 -0.012629411
vn -0.015869796 -0.9997943 -0.012629411
vn -0.015869796 -0.9997943 -0.012629411
vn -0.015869796 -0.9997943 -0.012629411
vn -0.015869796 -0.9997943 -0.012629411
vn -0.015869796 -0.9997943 -0.012629411
vn -0.015869796 -0.9997943 -0.012629411
vn -0.015869796 -0.9997943 -0.012629411
vn 0.015869737 -0.9997943 -0.012629411
vn 0.015869737 -0.9997943 -0.012629411
vn 0.015869737 -0.9997943 -0.012629411
vn 0.015869737 -0.9997943 -0.012629411
vn 0.015869737 -0.9997943 -0.012629411
vn 0.015869737 -0.9997943 -0.012629411
vn 0.015869737 -0.9997943 -0.012629411
vn 0.015869737 -0.9997943 -0.012629411
vn 0.015869737 -0.9997943 -0.012629411
vn 0.015869737 -0.9997943 -0.012629411
vn 0.015869737 -0.9997943 -0.012629411
vn 0.015869737 -0.9997943 -0.012629411
vn -0.9997943 0.015869796 -0.012628587
vn -0.9997943 0.015869796 -0.012628587
vn -0.9997943 0.015869796 -0.012628587
vn -0.9997943 0.015869796 -0.012628587
vn -0.9997943 0.015869796 -0.012628587
vn -0.9997943 0.015869796 -0.012628587
vn -0.9997943 0.015869796 -0.012628587
vn -0.9997943 0.015869796 -0.012628587
vn -0.9997943 0.015869796 -0.012628587
vn -0.9997943 0.015869796 -0.012628587
vn -0.9997943 0.015869796 -0.012628587
vn -0.9997943 0.015869796 -0.012628587
vn -0.9997943 -0.015869737 -0.012628662
vn -0.9997943 -0.015869737 -0.012628662
vn -0.9997943 -0.015869737 -0.012628662
vn -0.9997943 -0.015869737 -0.012628662
vn -0.9997943 -0.015869737 -0.012628662
vn -0.9997943 -0.015869737 -0.012628662
vn -0.9997943 -0.015869737 -0.012628662
vn -0.9997943 -0.015869737 -0.012628662
vn -0.9997943 -0.015869737 -0.012628662
vn -0.9997943 -0.015869737 -0.012628662
vn -0.9997943 -0.015869737 -0.012628662
vn -0.9997943 -0.015869737 -0.012628662
vn -0.9997943 -0.015869737 -0.012628662
vn -0.9997943 -0.015869737 -0.012628662
vn -0.9997943 -0.015869737 -0.012628662
vn -0.9997943 -0.015869737 -0.012628662
vn -0.8410968 0.5237017 0.13525037
vn -0.8410968 0.5237017 0.13525037
vn -0.8410968 0.5237017 0.13525037
vn -0.8410968 0.5237017 0.13525037
vn -0.8410968 0.5237017 0.13525037
vn -0.8410968 0.5237017 0.13525037
vn -0.8410968 0.5237017 0.13525037
vn -0.8410968 0.5237017 0.13525037
vn -0.8410968 0.5237017 0.13525037
vn -0.8410968 0.5237017 0.13525037
vn -0.8410968 0.5237017 0.13525037
vn -0.8410968 0.5237017 0.13525037
vn -0.8410968 0.5237017 0.13525037
vn -0.8410968 0.5237017 0.13525037
vn -0.9988681 0.047565166 -0
vn -0.9988681 0.047565166 -0
vn -0.9988681 0.047565166 -0
vn -0.9988681 0.047565166 -0
vn -0.9988681 0.047565166 -0
vn -0.9988681 0.047565166 -0
vn -0.9988681 0.047565166 -0
vn -0.9988681 0.047565166 -0
vn -0.9988681 0.047565166 -0
vn -0.9988681 0.047565166 -0
vn -0.9988681 0.047565166 -0
vn -0.9988681 0.047565166 -0
vn -0.9988681 0.047565166 -0
vn -0.9988681 0.047565166 -0
vn 0.015869737 0.9997943 0.012629411
vn 0.015869737 0.9997943 0.012629411
vn 0.015869737 0.9997943 0.012629411
vn 0.015869737 0.9997943 0.012629411
vn 0.015869737 0.9997943 0.012629411
vn 0.015869737 0.9997943 0.012629411
vn 0.015869737 0.9997943 0.012629411
vn 0.015869737 0.9997943 0.012629411
vn 0.015869737 0.9997943 0.012629411
vn 0.015869737 0.9997943 0.012629411
vn 0.015869737 0.9997943 0.012629411
vn 0.015869737 0.9997943 0.012629411
vn 0.015869737 0.9997943 0.012629411
vn 0.015869737 0.9997943 0.012629411
vn 0.015869737 0.9997943 0.012629411
vn 0.015869737 0.9997943 0.012629411
vn 0.015869737 0.9997943 0.012629411
vn 0.015869737 0.9997943 0.012629411
vn 0.015869737 0.9997943 0.012629411
vn 0.015869737 0.9997943 0.012629411
vn 0.015869737 0.9997943 0.012629411
vn 0.015869737 0.9997943 0.012629411
vn 0.015869737 0.9997943 0.012629411
vn 0.015869737 0.9997943 0.012629411
vn 0.015869737 0.9997943 0.012629411
vn 0.015869737 0.9997943 0.012629411
vn 0.015869737 0.9997943 0.012629411
vn 0.015869737 0.9997943 0.012629411
vn 0.015869737 0.9997943 0.012629411
vn 0.015869737 0.9997943 0.012629411
vn 0.015869737 0.9997943 0.012629411
vn 0.015869737 0.9997943 0.012629411
vn 0.015869737 0.9997943 0.012629411
vn 0.015869737 0.9997943 0.012629411
vn 0.015869737 0.9997943 0.012629411
vn 0.015869737 0.9997943 0.012629411
vn 0.015869737 0.9997943 0.012629411
vn 0.015869737 0.9997943 0.012629411
vn 0.7378054 0.6750134 -0
vn 0.7378054 0.6750134 -0
vn 0.7378054 0.6750134 -0
vn 0.7378054 0.6750134 -0
vn 0.7378054 0.6750134 -0
vn 0.7378054 0.6750134 -0
vn 0.7378054 0.6750134 -0
vn 0.7378054 0.6750134 -0
vn 0.7378054 0.6750134 -0
vn 0.7378054 0.6750134 -0
vn 0.7378054 0.6750134 -0
vn 0.7378054 0.6750134 -0
vn 0.015869737 0.9997943 0.012629411
vn 0.015869737 0.9997943 0.012629411
vn 0.015869737 0.9997943 0.012629411
vn 0.015869737 0.9997943 0.012629411
vn 0.015869737 0.9997943 0.012629411
vn 0.015869737 0.9997943 0.012629411
vn 0.015869737 0.9997943 0.012629411
vn 0.015869737 0.9997943 0.012629411
vn 0.015869737 0.9997943 0.012629411
vn 0.015869737 0.9997943 0.012629411
vn -0.015869796 0.015869796 0.9997481
vn -0.015869796 0.015869796 0.9997481
vn -0.07934874 0.015869796 0.9967206
vn -0.015869796 0.04760927 0.99873996
vn -0.07934874 0.015869796 0.9967206
vn -0.04760927 -0.015869737 0.99873996
vn -0.04760927 -0.04760927 0.9977308
vn -0.015869796 -0.07934874 0.9967206
vn -0.015869796 -0.07934874 0.9967206
vn -0.04760927 -0.07934874 0.99570936
vn -0.015869796 -0.07934874 0.9967206
vn -0.015869796 -0.07934874 0.9967206
vn 0.015869737 -0.04760927 0.99873996
vn -0.015869796 -0.04760927 0.99873996
vn 0.015869737 -0.04760927 0.99873996
vn 0.015869737 -0.04760927 0.99873996
vn 0.015869737 -0.04760927 0.99873996
vn -0.015869796 -0.07934874 0.9967206
vn -0.04760927 -0.07934874 0.99570936
vn -0.015869796 -0.04760927 0.99873996
vn 0.015869737 -0.04760927 0.99873996
vn 0.015869737 -0.015869737 0.9997481
vn -0.04760927 0.015869796 0.99873996
vn -0.04760927 0.015869796 0.99873996
vn -0.015869796 -0.04760927 0.99873996
vn 0.015869737 -0.04760927 0.99873996
vn -0.015869796 -0.04760927 0.99873996
vn -0.04760927 0.015869796 0.99873996
vn -0.04760927 0.015869796 0.99873996
vn 0.015869737 0.015869796 0.9997481
vn 0.015869737 0.015869796 0.9997481
vn 0.015869737 0.04760927 0.99873996
vn -0.015869796 0.07934874 0.9967206
vn -0.015869796 -0.015869737 0.9997481
vn -0.015869796 -0.04760927 0.99873996
vn -0.015869796 -0.04760927 0.99873996
vn 0.015869737 -0.04760927 0.99873996
vn -0.015869796 0.11108822 0.9936838
vn -0.015869796 0.11108822 0.9936838
vn -0.015869796 0.11108822 0.9936838
vn -0.015869796 0.11108822 0.9936838
vn -0.04760927 0.07934874 0.99570936
vn 0.015869737 -0.015869737 0.9997481
vn 0.015869737 -0.015869737 0.9997481
vn -0.015869796 -0.04760927 0.99873996
vn -0.015869796 -0.04760927 0.99873996
vn -0.04760927 0.07934874 0.99570936
vn -0.015869796 0.07934874 0.9967206
vn -0.015869796 0.11108822 0.9936838
vn -0.015869796 0.11108822 0.9936838
vn -0.015869796 0.11108822 0.9936838
vn -0.015869796 0.07934874 0.9967206
vn 0.015869737 -0.04760927 0.99873996
vn 0.015869737 -0.04760927 0.99873996
vn 0.015869737 -0.04760927 0.99873996
vn 0.015869737 -0.04760927 0.99873996
vn 0.015869737 -0.04760927 0.99873996
vn 0.015869737 -0.04760927 0.99873996
vn -0.04760927 0.07934874 0.99570936
vn -0.04760927 0.07934874 0.99570936
vn -0.04760927 0.07934874 0.99570936
vn 0.015869737 0.07934874 0.9967206
vn 0.015869737 -0.04760927 0.99873996
vn 0.015869737 -0.04760927 0.99873996
vn 0.015869737 -0.04760927 0.99873996
vn 0.015869737 -0.015869737 0.9997481
vn 0.015869737 -0.04760927 0.99873996
vn -0.04760927 0.07934874 0.99570936
vn -0.07934874 0.07934874 0.9936838
vn -0.33326477 0.93631524 -0.110672474
vn -0.04760927 0.07934874 0.99570936
vn -0.04760927 0.07934874 0.99570936
vn -0.07934874 0.07934874 0.9936838
vn -0.14282769 0.015869796 0.9896203
vn 0.015869737 -0.04760927 0.99873996
vn -0.04760927 0.07934874 0.99570936
vn -0.07934874 0.07934874 0.9936838
vn -0.07934874 0.07934874 0.9936838
vn -0.07934874 0.07934874 0.9936838
vn -0.07934874 0.07934874 0.9936838
vn -0.015869796 0.04760927 0.99873996
vn -0.07934874 0.07934874 0.9936838
vn -0.015869796 0.07934874 0.9967206
vn 0.04760927 0.015869796 0.99873996
vn -0.07934874 0.07934874 0.9936838
vn -0.04760927 0.07934874 0.99570936
vn -0.04760927 0.07934874 0.99570936
vn 0.015869737 0.04760927 0.99873996
vn 0.015869737 0.04760927 0.99873996
vn 0.015869737 0.04760927 0.99873996
vn 0.04760927 0.015869796 0.99873996
vn 0.04760927 0.015869796 0.99873996
vn 0.04760927 0.04760927 0.9977308
vn 0.015869737 -0.015869737 0.9997481
vn 0.015869737 -0.015869737 0.9997481
vn 0.04760927 0.015869796 0.99873996
vn 0.015869737 -0.111088276 0.9936838
vn 0.015869737 -0.111088276 0.9936838
vn 0.015869737 -0.015869737 0.9997481
vn 0.015869737 -0.015869737 0.9997481
vn 0.015869737 -0.015869737 0.9997481
vn 0.015869737 -0.20630676 0.9783587
vn 0.015869737 -0.20630676 0.9783587
vn 0.04760927 -0.111088276 0.9926695
vn 0.04760927 -0.14282775 0.98860186
vn 0.015869737 -0.14282775 0.9896203
vn 0.015869737 -0.26978576 0.9627896
vn -0.04760927 -0.26978576 0.9617427
vn -0.04760927 -0.33326477 0.9416305
vn 0.015869737 -0.23804629 0.9711242
vn 0.015869737 -0.23804629 0.9711242
vn 0.015869737 -0.23804629 0.9711242
vn -0.04760927 -0.33326477 0.9416305
vn -0.04760927 -0.3015253 0.9522688
vn 0.07934874 -0.26978576 0.95964545
vn 0.015869737 -0.3015253 0.9533261
vn -0.04760927 -0.3015253 0.9522688
vn -0.04760927 -0.3015253 0.9522688
vn -0.04760927 -0.111088276 0.9926695
vn -0.04760927 -0.3650043 0.92978776
vn -0.04760927 -0.3650043 0.92978776
vn -0.04760927 -0.3650043 0.92978776
vn -0.07934874 -0.14282775 0.9865617
vn -0.17456728 0.015869796 0.9845174
vn -0.015869796 -0.26978576 0.9627896
vn -0.015869796 -0.23804629 0.9711242
vn -0.04760927 -0.26978576 0.9617427
vn -0.14282769 0.015869796 0.9896203
vn -0.20630676 0.07934874 0.9752647
vn -0.07934874 -0.111088276 0.9906378
vn -0.07934874 -0.111088276 0.9906378
vn -0.04760927 -0.111088276 0.9926695
vn -0.17456728 0.04760927 0.98349357
vn -0.17456728 0.07934874 0.98144287
vn -0.17456728 0.04760927 0.98349357
vn -0.14282769 0.04760927 0.98860186
vn -0.17456728 0.04760927 0.98349357
vn -0.17456728 0.04760927 0.98349357
vn -0.17456728 -0.07934874 0.98144287
vn -0.17456728 0.07934874 0.98144287
vn -0.17456728 0.07934874 0.98144287
vn -0.17456728 0.07934874 0.98144287
vn -0.14282769 -0.04760927 0.98860186
vn -0.17456728 -0.23804629 0.95543724
vn -0.20630676 0.015869796 0.9783587
vn -0.17456728 0.015869796 0.9845174
vn -0.17456728 0.015869796 0.9845174
vn -0.17456728 -0.23804629 0.95543724
vn -0.11108822 -0.23804629 0.96488
vn -0.07934874 -0.07934874 0.9936838
vn -0.07934874 -0.14282775 0.9865617
vn -0.17456728 -0.111088276 0.9783587
vn -0.11108822 -0.23804629 0.96488
vn -0.11108822 -0.14282775 0.98349357
vn -0.14282769 -0.015869737 0.9896203
vn -0.14282769 -0.26978576 0.95226884
vn -0.11108822 -0.3015253 0.94696456
vn -0.11108822 -0.3015253 0.94696456
vn -0.11108822 -0.33326477 0.936266
vn -0.07934874 -0.33326477 0.93948835
vn -0.3967437 0.04760927 0.9166939
vn -0.14282769 0.015869796 0.9896203
vn -0.11108822 0.04760927 0.9926695
vn -0.11108822 0.04760927 0.9926695
vn -0.14282769 -0.111088276 0.98349357
vn -0.11108822 -0.20630676 0.97216094
vn -0.11108822 -0.20630676 0.97216094
vn -0.11108822 -0.17456728 0.9783587
vn -0.11108822 -0.20630676 0.97216094
vn -0.11108822 0.04760927 0.9926695
vn -0.11108822 0.04760927 0.9926695
vn -0.14282769 -0.04760927 0.98860186
vn -0.11108822 -0.04760927 0.9926695
vn -0.11108822 -0.17456728 0.9783587
vn -0.11108822 -0.20630676 0.97216094
vn -0.11108822 0.04760927 0.9926695
vn -0.11108822 0.14282769 0.98349357
vn -0.11108822 -0.07934874 0.9906378
vn -0.11108822 -0.3015253 0.94696456
vn -0.11108822 -0.5237018 0.8446276
vn -0.14282769 0.17456728 0.97423124
vn -0.14282769 0.17456728 0.97423124
vn -0.11108822 -0.14282775 0.98349357
vn -0.11108822 -0.46022278 0.880826
vn -0.11108822 -0.5237018 0.8446276
vn -0.14282769 0.17456728 0.97423124
vn -0.14282769 0.17456728 0.97423124
vn -0.14282769 -0.14282775 0.9793878
vn -0.11108822 -0.46022278 0.880826
vn -0.015869796 -0.5237018 0.85175383
vn -0.14282769 0.17456728 0.97423124
vn 0.015869737 0.17456728 0.9845174
vn -0.14282769 -0.14282775 0.9793878
vn -0.04760927 -0.49196225 0.8693138
vn 0.17456728 -0.5237018 0.83382416
vn 0.07934874 -0.04760927 0.99570936
vn 0.23804629 -0.07934874 0.9680071
vn -0.015869796 -0.23804629 0.9711242
vn 0.17456728 -0.46022278 0.8704719
vn 0.23804629 -0.5237018 0.81796724
vn 0.23804629 -0.07934874 0.9680071
vn 0.26978576 -0.07934874 0.95964545
vn 0.23804629 -0.23804629 0.9416305
vn 0.23804629 -0.49196225 0.8374408
vn 0.20630676 -0.5237018 0.8265434
vn 0.26978576 -0.07934874 0.95964545
vn 0.26978576 -0.07934874 0.95964545
vn 0.26978576 -0.26978576 0.9243545
vn 0.23804629 -0.49196225 0.8374408
vn 0.111088276 -0.49196225 0.8635002
vn 0.23804629 -0.04760927 0.9700863
vn 0.14282775 0.11108822 0.98349357
vn 0.23804629 -0.26978576 0.9330325
vn 0.14282775 -0.49196225 0.8588209
vn 0.04760927 -0.49196225 0.8693138
vn 0.111088276 0.11108822 0.98758227
vn 0.04760927 0.14282769 0.98860186
vn 0.14282775 -0.23804629 0.9606947
vn 0.04760927 -0.4284833 0.9022945
vn 0.04760927 -0.49196225 0.8693138
vn 0.04760927 0.14282769 0.98860186
vn 0.04760927 0.14282769 0.98860186
vn 0.04760927 -0.111088276 0.9926695
vn 0.04760927 -0.4284833 0.9022945
vn 0.015869737 -0.49196225 0.8704719
vn 0.04760927 0.14282769 0.98860186
vn -0.015869796 0.14282769 0.9896203
vn 0.04760927 -0.111088276 0.9926695
vn 0.015869737 -0.46022278 0.88766164
vn -0.04760927 -0.7141388 0.6983832
vn -0.015869796 0.20630676 0.9783587
vn -0.11108822 0.23804623 0.96488
vn 0.015869737 -0.111088276 0.9936838
vn -0.04760927 -0.6506598 0.75787544
vn -0.07934874 -0.7141388 0.6954923
vn -0.07934874 -0.23804629 0.9680071
vn -0.11108822 0.2697857 0.95649105
vn -0.14282769 0.2697857 0.95226884
vn -0.11108822 -0.6506598 0.7511999
vn -0.07934874 -0.7141388 0.6954923
vn -0.14282769 -0.17456728 0.97423124
vn -0.14282769 0.2697857 0.95226884
vn -0.11108822 0.2697857 0.95649105
vn -0.11108822 -0.6189203 0.7775584
vn 0.015869737 -0.7141388 0.6998242
vn -0.14282769 -0.14282775 0.9793878
vn -0.11108822 0.2697857 0.95649105
vn 0.04760927 0.07934874 0.99570936
vn 0.015869737 -0.55544126 0.8314043
vn 0.111088276 -0.7141388 0.69113326
vn -0.07934874 -0.111088276 0.9906378
vn 0.07934874 -0.04760927 0.99570936
vn 0.17456728 -0.015869737 0.9845174
vn 0.14282775 -0.6506598 0.7458164
vn 0.14282775 -0.7141388 0.68527806
vn 0.14282775 -0.33326477 0.9319522
vn 0.17456728 -0.04760927 0.98349357
vn 0.17456728 -0.04760927 0.98349357
vn 0.14282775 -0.6506598 0.7458164
vn 0.111088276 -0.7141388 0.69113326
vn 0.17456728 -0.33326477 0.9265317
vn 0.17456728 -0.04760927 0.98349357
vn 0.20630676 -0.04760927 0.9773284
vn 0.14282775 -0.6506598 0.7458164
vn 0.14282775 -0.5871808 0.79675525
vn 0.17456728 -0.33326477 0.9265317
vn 0.20630676 -0.04760927 0.9773284
vn 0.20630676 -0.015869737 0.9783587
vn 0.17456728 -0.5237018 0.83382416
vn 0.17456728 -0.5871808 0.79040813
vn 0.17456728 -0.26978576 0.94696456
vn 0.20630676 -0.015869737 0.9783587
vn 0.20630676 -0.015869737 0.9783587
vn 0.17456728 -0.5237018 0.83382416
vn 0.17456728 -0.5871808 0.79040813
vn 0.20630676 -0.23804629 0.9490898
vn 0.20630676 -0.015869737 0.9783587
vn 0.20630676 -0.015869737 0.9783587
vn 0.17456728 -0.5237018 0.83382416
vn 0.04760927 -0.6189203 0.7840096
vn 0.20630676 -0.23804629 0.9490898
vn 0.20630676 -0.015869737 0.9783587
vn 0.04760927 0.11108822 0.9926695
vn 0.07934874 -0.55544126 0.8277613
vn -0.04760927 -0.49196225 0.8693138
vn 0.14282775 -0.26978576 0.95226884
vn 0.04760927 0.23804623 0.9700863
vn -0.07934874 0.17456728 0.98144287
vn -0.07934874 -0.3650043 0.92761827
vn -0.07934874 -0.49196225 0.866993
vn -0.04760927 -0.015869737 0.99873996
vn -0.07934874 0.20630676 0.9752647
vn -0.07934874 0.20630676 0.9752647
vn -0.07934874 -0.3650043 0.92761827
vn -0.07934874 -0.49196225 0.866993
vn -0.11108822 -0.04760927 0.9926695
vn -0.07934874 0.20630676 0.9752647
vn -0.07934874 0.20630676 0.9752647
vn -0.07934874 -0.3650043 0.92761827
vn -0.07934874 -0.49196225 0.866993
vn -0.11108822 -0.04760927 0.9926695
vn -0.07934874 0.20630676 0.9752647
vn -0.11108822 0.3015253 0.94696456
vn -0.11108822 -0.46022278 0.880826
vn -0.07934874 -0.6823993 0.7266602
vn -0.07934874 -0.07934874 0.9936838
vn -0.07934874 0.23804623 0.9680071
vn -0.015869796 0.11108822 0.9936838
vn -0.11108822 -0.3650043 0.9243545
vn -0.11108822 -0.6823993 0.72248924
vn -0.07934874 -0.07934874 0.9936838
vn 0.4284833 0.015869796 0.9034103
vn -0.07934874 -0.49196225 0.866993
vn -0.11108822 -0.23804629 0.96488
vn -0.11108822 -0.46022278 0.880826
vn -0.04760927 -0.5871808 0.8080545
vn 0.04760927 -0.55544126 0.8301918
vn 0.07934874 -0.55544126 0.8277613
vn 0.04760927 -0.55544126 0.8301918
vn -0.11108822 -0.6823993 0.72248924
vn -0.14282769 -0.6506598 0.7458164
vn 0.04760927 -0.39674377 0.9166939
vn 0.04760927 -0.39674377 0.9166939
vn 0.015869737 -0.46022278 0.88766164
vn 0.04760927 -0.3650043 0.92978776
vn 0.015869737 -0.3650043 0.9308706
vn 0.04760927 -0.3015253 0.9522688
vn 0.015869737 -0.3015253 0.9533261
vn 0.04760927 -0.3650043 0.92978776
vn -0.015869796 -0.26978576 0.9627896
vn 0.015869737 -0.23804629 0.9711242
vn 0.04760927 -0.111088276 0.9926695
vn 0.015869737 -0.14282775 0.9896203
vn 0.015869737 -0.20630676 0.9783587
vn 0.015869737 -0.07934874 0.9967206
vn 0.015869737 -0.111088276 0.9936838
vn 0.015869737 -0.04760927 0.99873996
vn 0.015869737 -0.04760927 0.99873996
vn 0.015869737 -0.04760927 0.99873996
vn 0.015869737 -0.04760927 0.99873996
vn 0.015869737 -0.015869737 0.9997481
vn -0.015869796 0.015869796 0.9997481
vn 0.015869737 0.015869796 0.9997481
vn -0.015869796 -0.015869737 0.9997481
vn -0.015869796 0.04760927 0.99873996
vn -0.015869796 0.04760927 0.99873996
vn -0.015869796 0.07934874 0.9967206
vn -0.015869796 0.07934874 0.9967206
vn -0.015869796 0.04760927 0.99873996
vn -0.015869796 0.11108822 0.9936838
vn -0.04760927 0.11108822 0.9926695
vn -0.11108822 0.14282769 0.98349357
vn -0.07934874 0.14282769 0.9865617
vn -0.04760927 0.07934874 0.99570936
vn -0.11108822 0.17456728 0.9783587
vn -0.11108822 0.17456728 0.9783587
vn -0.11108822 0.11108822 0.98758227
vn -0.11108822 0.11108822 0.98758227
vn -0.11108822 0.17456728 0.9783587
vn -0.07934874 0.07934874 0.9936838
vn -0.11108822 0.11108822 0.98758227
vn -0.07934874 0.07934874 0.9936838
vn -0.17456728 0.04760927 0.98349357
vn -0.17456728 0.04760927 0.98349357
vn -0.17456728 0.04760927 0.98349357
vn -0.17456728 0.04760927 0.98349357
vn -0.17456728 0.04760927 0.98349357
vn -0.14282769 0.07934874 0.9865617
vn -0.17456728 0.07934874 0.98144287
vn -0.14282769 0.07934874 0.9865617
vn -0.17456728 0.07934874 0.98144287
vn -0.14282769 0.07934874 0.9865617
vn -0.17456728 0.07934874 0.98144287
vn -0.17456728 0.07934874 0.98144287
vn -0.17456728 0.14282769 0.97423124
vn -0.14282769 0.07934874 0.9865617
vn -0.17456728 0.07934874 0.98144287
vn -0.14282769 0.07934874 0.9865617
vn -0.17456728 0.14282769 0.97423124
vn -0.17456728 0.11108822 0.9783587
vn -0.17456728 0.11108822 0.9783587
vn -0.07934874 0.07934874 0.9936838
vn -0.2697857 0.14282769 0.95226884
vn -0.11108822 0.11108822 0.98758227
vn -0.14282769 0.17456728 0.97423124
vn -0.07934874 0.07934874 0.9936838
vn -0.07934874 0.07934874 0.9936838
vn -0.14282769 0.17456728 0.97423124
vn -0.14282769 0.17456728 0.97423124
vn -0.11108822 0.23804623 0.96488
vn -0.07934874 0.07934874 0.9936838
vn -0.14282769 0.20630676 0.9680071
vn -0.11108822 0.23804623 0.96488
vn -0.11108822 0.07934874 0.9906378
vn -0.07934874 0.11108822 0.9906378
vn -0.11108822 0.20630676 0.97216094
vn -0.11108822 0.23804623 0.96488
vn -0.11108822 0.23804623 0.96488
vn -0.11108822 0.23804623 0.96488
vn -0.07934874 0.17456728 0.98144287
vn -0.11108822 0.20630676 0.97216094
vn -0.07934874 0.23804623 0.9680071
vn -0.015869796 0.11108822 0.9936838
vn -0.015869796 0.11108822 0.9936838
vn -0.04760927 0.17456728 0.98349357
vn -0.015869796 0.11108822 0.9936838
vn -0.015869796 0.11108822 0.9936838
vn 0.015869737 0.04760927 0.99873996
vn -0.015869796 0.11108822 0.9936838
vn 0.015869737 0.07934874 0.9967206
vn 0.015869737 0.07934874 0.9967206
vn 0.015869737 0.11108822 0.9936838
vn 0.015869737 0.11108822 0.9936838
vn 0.015869737 0.11108822 0.9936838
vn 0.015869737 0.04760927 0.99873996
vn 0.015869737 0.04760927 0.99873996
vn 0.04760927 -0.04760927 0.9977308
vn 0.04760927 -0.04760927 0.9977308
vn 0.04760927 -0.04760927 0.9977308
vn -0.90457577 0.2697857 0.33008838
vn 0.04760927 -0.04760927 0.9977308
vn 0.07934874 -0.015869737 0.9967206
vn 0.04760927 -0.04760927 0.9977308
vn 0.04760927 -0.04760927 0.9977308
vn 0.04760927 -0.04760927 0.9977308
vn 0.04760927 -0.04760927 0.9977308
vn 0.04760927 -0.04760927 0.9977308
vn 0.04760927 -0.04760927 0.9977308
vn 0.04760927 -0.015869737 0.99873996
vn 0.04760927 -0.015869737 0.99873996
vn 0.07934874 -0.015869737 0.9967206
vn 0.04760927 -0.015869737 0.99873996
vn 0.07934874 -0.015869737 0.9967206
vn 0.04760927 -0.015869737 0.99873996
vn 0.04760927 -0.015869737 0.99873996
vn 0.015869737 0.015869796 0.9997481
vn 0.04760927 -0.015869737 0.99873996
vn 0.015869737 0.015869796 0.9997481
vn 0.04760927 -0.015869737 0.99873996
vn 0.015869737 0.015869796 0.9997481
vn 0.015869737 0.04760927 0.99873996
vn 0.015869737 0.015869796 0.9997481
vn 0.015869737 0.04760927 0.99873996
vn 0.04760927 0.015869796 0.99873996
vn 0.015869737 0.04760927 0.99873996
vn 0.015869737 0.04760927 0.99873996
vn 0.015869737 0.04760927 0.99873996
vn 0.015869737 0.04760927 0.99873996
vn 0.015869737 0.04760927 0.99873996
vn 0.015869737 0.04760927 0.99873996
vn 0.015869737 0.04760927 0.99873996
vn 0.015869737 0.04760927 0.99873996
vn 0.015869737 0.04760927 0.99873996
vn 0.015869737 0.04760927 0.99873996
vn 0.015869737 0.04760927 0.99873996
vn 0.015869737 0.04760927 0.99873996
vn 0.04760927 0.015869796 0.99873996
vn 0.015869737 0.015869796 0.9997481
vn 0.04760927 0.04760927 0.9977308
vn 0.015869737 0.04760927 0.99873996
vn 0.015869737 0.04760927 0.99873996
vn 0.04760927 0.015869796 0.99873996
vn 0.04760927 0.015869796 0.99873996
vn 0.04760927 0.015869796 0.99873996
vn 0.04760927 0.015869796 0.99873996
vn 0.04760927 0.015869796 0.99873996
vn 0.04760927 0.015869796 0.99873996
vn 0.04760927 0.015869796 0.99873996
vn 0.04760927 0.015869796 0.99873996
vn 0.04760927 0.015869796 0.99873996
vn 0.04760927 0.015869796 0.99873996
vn 0.04760927 0.015869796 0.99873996
vn 0.015869737 0.015869796 0.9997481
vn 0.04760927 0.015869796 0.99873996
vn 0.04760927 0.015869796 0.99873996
vn 0.015869737 0.015869796 0.9997481
vn 0.015869737 0.015869796 0.9997481
vn 0.015869737 0.015869796 0.9997481
vn 0.04760927 0.015869796 0.99873996
vn 0.015869737 0.015869796 0.9997481
vn 0.015869737 0.015869796 0.9997481
vn 0.015869737 0.015869796 0.9997481
vn 0.015869737 0.015869796 0.9997481
vn 0.015869737 0.015869796 0.9997481
vn 0.015869737 0.015869796 0.9997481
vn 0.015869737 0.015869796 0.9997481
vn 0.015869737 0.015869796 0.9997481
vn 0.015869737 0.015869796 0.9997481
vn 0.015869737 0.015869796 0.9997481
vn 0.015869737 0.015869796 0.9997481
vn 0.015869737 0.015869796 0.9997481
vn 0.015869737 0.015869796 0.9997481
vn 0.015869737 0.015869796 0.9997481
vn 0.015869737 0.015869796 0.9997481
vn 0.015869737 0.015869796 0.9997481
vn 0.015869737 0.015869796 0.9997481
vn 0.015869737 0.015869796 0.9997481
vn 0.015869737 0.015869796 0.9997481
vn 0.015869737 0.015869796 0.9997481
vn 0.015869737 0.015869796 0.9997481
vn 0.015869737 0.015869796 0.9997481
vn 0.015869737 0.015869796 0.9997481
vn 0.015869737 0.015869796 0.9997481
vn 0.015869737 0.015869796 0.9997481
vn 0.015869737 0.015869796 0.9997481
vn 0.015869737 0.015869796 0.9997481
vn 0.015869737 0.015869796 0.9997481
vn 0.015869737 0.015869796 0.9997481
vn 0.015869737 0.015869796 0.9997481
vn 0.015869737 -0.04760927 0.99873996
vn 0.015869737 0.015869796 0.9997481
vn 0.015869737 0.015869796 0.9997481
vn 0.015869737 0.015869796 0.9997481
vn 0.015869737 -0.015869737 0.9997481
vn 0.015869737 -0.04760927 0.99873996
vn 0.015869737 0.015869796 0.9997481
vn 0.015869737 0.015869796 0.9997481
vn 0.015869737 0.015869796 0.9997481
vn 0.015869737 -0.04760927 0.99873996
vn 0.015869737 -0.015869737 0.9997481
vn 0.015869737 -0.015869737 0.9997481
g tb_outline_07_mesh_0
f 3/3/3 2/2/2 1/1/1
f 4/4/4 3/3/3 1/1/1
f 5/5/5 3/3/3 4/4/4
f 6/6/6 5/5/5 4/4/4
f 7/7/7 5/5/5 6/6/6
f 8/8/8 7/7/7 6/6/6
f 9/9/9 7/7/7 8/8/8
f 10/10/10 9/9/9 8/8/8
f 11/11/11 9/9/9 10/10/10
f 12/12/12 11/11/11 10/10/10
f 15/15/15 14/14/14 13/13/13
f 16/16/16 15/15/15 13/13/13
f 17/17/17 15/15/15 16/16/16
f 18/18/18 17/17/17 16/16/16
f 19/19/19 17/17/17 18/18/18
f 20/20/20 19/19/19 18/18/18
f 21/21/21 19/19/19 20/20/20
f 22/22/22 21/21/21 20/20/20
f 23/23/23 21/21/21 22/22/22
f 24/24/24 23/23/23 22/22/22
f 27/27/27 26/26/26 25/25/25
f 28/28/28 27/27/27 25/25/25
f 29/29/29 27/27/27 28/28/28
f 30/30/30 29/29/29 28/28/28
f 31/31/31 29/29/29 30/30/30
f 32/32/32 31/31/31 30/30/30
f 33/33/33 31/31/31 32/32/32
f 34/34/34 33/33/33 32/32/32
f 35/35/35 33/33/33 34/34/34
f 36/36/36 35/35/35 34/34/34
f 37/37/37 35/35/35 36/36/36
f 38/38/38 37/37/37 36/36/36
f 39/39/39 37/37/37 38/38/38
f 40/40/40 39/39/39 38/38/38
f 41/41/41 39/39/39 40/40/40
f 42/42/42 41/41/41 40/40/40
f 43/43/43 41/41/41 42/42/42
f 44/44/44 43/43/43 42/42/42
f 45/45/45 43/43/43 44/44/44
f 46/46/46 45/45/45 44/44/44
f 47/47/47 45/45/45 46/46/46
f 48/48/48 47/47/47 46/46/46
f 49/49/49 47/47/47 48/48/48
f 50/50/50 49/49/49 48/48/48
f 51/51/51 49/49/49 50/50/50
f 52/52/52 51/51/51 50/50/50
f 53/53/53 51/51/51 52/52/52
f 54/54/54 53/53/53 52/52/52
f 55/55/55 53/53/53 54/54/54
f 56/56/56 55/55/55 54/54/54
f 57/57/57 55/55/55 56/56/56
f 58/58/58 57/57/57 56/56/56
f 59/59/59 57/57/57 58/58/58
f 60/60/60 59/59/59 58/58/58
f 61/61/61 59/59/59 60/60/60
f 62/62/62 61/61/61 60/60/60
f 63/63/63 61/61/61 62/62/62
f 64/64/64 63/63/63 62/62/62
f 67/67/67 66/66/66 65/65/65
f 68/68/68 67/67/67 65/65/65
f 69/69/69 67/67/67 68/68/68
f 70/70/70 69/69/69 68/68/68
f 71/71/71 69/69/69 70/70/70
f 72/72/72 71/71/71 70/70/70
f 73/73/73 71/71/71 72/72/72
f 74/74/74 73/73/73 72/72/72
f 75/75/75 73/73/73 74/74/74
f 76/76/76 75/75/75 74/74/74
f 77/77/77 75/75/75 76/76/76
f 78/78/78 77/77/77 76/76/76
f 79/79/79 77/77/77 78/78/78
f 80/80/80 79/79/79 78/78/78
f 83/83/83 82/82/82 81/81/81
f 84/84/84 83/83/83 81/81/81
f 85/85/85 83/83/83 84/84/84
f 86/86/86 85/85/85 84/84/84
f 87/87/87 85/85/85 86/86/86
f 88/88/88 87/87/87 86/86/86
f 89/89/89 87/87/87 88/88/88
f 90/90/90 89/89/89 88/88/88
f 91/91/91 89/89/89 90/90/90
f 92/92/92 91/91/91 90/90/90
f 93/93/93 91/91/91 92/92/92
f 94/94/94 93/93/93 92/92/92
f 97/97/97 96/96/96 95/95/95
f 98/98/98 97/97/97 95/95/95
f 99/99/99 97/97/97 98/98/98
f 100/100/100 99/99/99 98/98/98
f 101/101/101 99/99/99 100/100/100
f 102/102/102 101/101/101 100/100/100
f 103/103/103 101/101/101 102/102/102
f 104/104/104 103/103/103 102/102/102
f 105/105/105 103/103/103 104/104/104
f 106/106/106 105/105/105 104/104/104
f 107/107/107 105/105/105 106/106/106
f 108/108/108 107/107/107 106/106/106
f 109/109/109 107/107/107 108/108/108
f 110/110/110 109/109/109 108/108/108
f 111/111/111 109/109/109 110/110/110
f 112/112/112 111/111/111 110/110/110
f 113/113/113 111/111/111 112/112/112
f 114/114/114 113/113/113 112/112/112
f 115/115/115 113/113/113 114/114/114
f 116/116/116 115/115/115 114/114/114
f 117/117/117 115/115/115 116/116/116
f 118/118/118 117/117/117 116/116/116
f 119/119/119 117/117/117 118/118/118
f 120/120/120 119/119/119 118/118/118
f 121/121/121 119/119/119 120/120/120
f 122/122/122 121/121/121 120/120/120
f 123/123/123 121/121/121 122/122/122
f 124/124/124 123/123/123 122/122/122
f 127/127/127 126/126/126 125/125/125
f 128/128/128 127/127/127 125/125/125
f 129/129/129 127/127/127 128/128/128
f 130/130/130 129/129/129 128/128/128
f 131/131/131 129/129/129 130/130/130
f 132/132/132 131/131/131 130/130/130
f 133/133/133 131/131/131 132/132/132
f 134/134/134 133/133/133 132/132/132
f 135/135/135 133/133/133 134/134/134
f 136/136/136 135/135/135 134/134/134
f 137/137/137 135/135/135 136/136/136
f 138/138/138 137/137/137 136/136/136
f 139/139/139 137/137/137 138/138/138
f 140/140/140 139/139/139 138/138/138
f 141/141/141 139/139/139 140/140/140
f 142/142/142 141/141/141 140/140/140
f 143/143/143 141/141/141 142/142/142
f 144/144/144 143/143/143 142/142/142
f 145/145/145 143/143/143 144/144/144
f 146/146/146 145/145/145 144/144/144
f 147/147/147 145/145/145 146/146/146
f 148/148/148 147/147/147 146/146/146
f 149/149/149 147/147/147 148/148/148
f 150/150/150 149/149/149 148/148/148
f 151/151/151 149/149/149 150/150/150
f 152/152/152 151/151/151 150/150/150
f 153/153/153 151/151/151 152/152/152
f 154/154/154 153/153/153 152/152/152
f 155/155/155 153/153/153 154/154/154
f 156/156/156 155/155/155 154/154/154
f 157/157/157 155/155/155 156/156/156
f 158/158/158 157/157/157 156/156/156
f 159/159/159 157/157/157 158/158/158
f 160/160/160 159/159/159 158/158/158
f 161/161/161 159/159/159 160/160/160
f 162/162/162 161/161/161 160/160/160
f 163/163/163 161/161/161 162/162/162
f 164/164/164 163/163/163 162/162/162
f 165/165/165 163/163/163 164/164/164
f 166/166/166 165/165/165 164/164/164
f 167/167/167 165/165/165 166/166/166
f 168/168/168 167/167/167 166/166/166
f 169/169/169 167/167/167 168/168/168
f 170/170/170 169/169/169 168/168/168
f 171/171/171 169/169/169 170/170/170
f 172/172/172 171/171/171 170/170/170
f 173/173/173 171/171/171 172/172/172
f 174/174/174 173/173/173 172/172/172
f 175/175/175 173/173/173 174/174/174
f 176/176/176 175/175/175 174/174/174
f 177/177/177 175/175/175 176/176/176
f 178/178/178 177/177/177 176/176/176
f 179/179/179 177/177/177 178/178/178
f 180/180/180 179/179/179 178/178/178
f 181/181/181 179/179/179 180/180/180
f 182/182/182 181/181/181 180/180/180
f 183/183/183 181/181/181 182/182/182
f 184/184/184 183/183/183 182/182/182
f 185/185/185 183/183/183 184/184/184
f 186/186/186 185/185/185 184/184/184
f 187/187/187 185/185/185 186/186/186
f 188/188/188 187/187/187 186/186/186
f 189/189/189 187/187/187 188/188/188
f 190/190/190 189/189/189 188/188/188
f 193/193/193 192/192/192 191/191/191
f 194/194/194 193/193/193 191/191/191
f 195/195/195 193/193/193 194/194/194
f 196/196/196 195/195/195 194/194/194
f 197/197/197 195/195/195 196/196/196
f 198/198/198 197/197/197 196/196/196
f 199/199/199 197/197/197 198/198/198
f 200/200/200 199/199/199 198/198/198
f 201/201/201 199/199/199 200/200/200
f 202/202/202 201/201/201 200/200/200
f 203/203/203 201/201/201 202/202/202
f 204/204/204 203/203/203 202/202/202
f 205/205/205 203/203/203 204/204/204
f 206/206/206 205/205/205 204/204/204
f 207/207/207 205/205/205 206/206/206
f 208/208/208 207/207/207 206/206/206
f 209/209/209 207/207/207 208/208/208
f 210/210/210 209/209/209 208/208/208
f 211/211/211 209/209/209 210/210/210
f 212/212/212 211/211/211 210/210/210
f 213/213/213 211/211/211 212/212/212
f 214/214/214 213/213/213 212/212/212
f 215/215/215 213/213/213 214/214/214
f 216/216/216 215/215/215 214/214/214
f 217/217/217 215/215/215 216/216/216
f 218/218/218 217/217/217 216/216/216
f 219/219/219 217/217/217 218/218/218
f 220/220/220 219/219/219 218/218/218
f 223/223/223 222/222/222 221/221/221
f 224/224/224 223/223/223 221/221/221
f 225/225/225 223/223/223 224/224/224
f 226/226/226 225/225/225 224/224/224
f 227/227/227 225/225/225 226/226/226
f 228/228/228 227/227/227 226/226/226
f 229/229/229 227/227/227 228/228/228
f 230/230/230 229/229/229 228/228/228
f 231/231/231 229/229/229 230/230/230
f 232/232/232 231/231/231 230/230/230
f 235/235/235 234/234/234 233/233/233
f 236/236/236 235/235/235 233/233/233
f 237/237/237 235/235/235 236/236/236
f 238/238/238 237/237/237 236/236/236
f 239/239/239 237/237/237 238/238/238
f 240/240/240 239/239/239 238/238/238
f 241/241/241 239/239/239 240/240/240
f 242/242/242 241/241/241 240/240/240
f 245/245/245 244/244/244 243/243/243
f 246/246/246 245/245/245 243/243/243
f 247/247/247 245/245/245 246/246/246
f 248/248/248 247/247/247 246/246/246
f 249/249/249 247/247/247 248/248/248
f 250/250/250 249/249/249 248/248/248
f 251/251/251 249/249/249 250/250/250
f 252/252/252 251/251/251 250/250/250
f 255/255/255 254/254/254 253/253/253
f 256/256/256 255/255/255 253/253/253
f 257/257/257 255/255/255 256/256/256
f 258/258/258 257/257/257 256/256/256
f 259/259/259 257/257/257 258/258/258
f 260/260/260 259/259/259 258/258/258
f 261/261/261 259/259/259 260/260/260
f 262/262/262 261/261/261 260/260/260
f 263/263/263 261/261/261 262/262/262
f 264/264/264 263/263/263 262/262/262
f 267/267/267 266/266/266 265/265/265
f 268/268/268 267/267/267 265/265/265
f 269/269/269 267/267/267 268/268/268
f 270/270/270 269/269/269 268/268/268
f 271/271/271 269/269/269 270/270/270
f 272/272/272 271/271/271 270/270/270
f 273/273/273 271/271/271 272/272/272
f 274/274/274 273/273/273 272/272/272
f 275/275/275 273/273/273 274/274/274
f 276/276/276 275/275/275 274/274/274
f 277/277/277 275/275/275 276/276/276
f 278/278/278 277/277/277 276/276/276
f 279/279/279 277/277/277 278/278/278
f 280/280/280 279/279/279 278/278/278
f 281/281/281 279/279/279 280/280/280
f 282/282/282 281/281/281 280/280/280
f 283/283/283 281/281/281 282/282/282
f 284/284/284 283/283/283 282/282/282
f 285/285/285 283/283/283 284/284/284
f 286/286/286 285/285/285 284/284/284
f 287/287/287 285/285/285 286/286/286
f 288/288/288 287/287/287 286/286/286
f 289/289/289 287/287/287 288/288/288
f 290/290/290 289/289/289 288/288/288
f 291/291/291 289/289/289 290/290/290
f 292/292/292 291/291/291 290/290/290
f 295/295/295 294/294/294 293/293/293
f 296/296/296 295/295/295 293/293/293
f 297/297/297 295/295/295 296/296/296
f 298/298/298 297/297/297 296/296/296
f 299/299/299 297/297/297 298/298/298
f 300/300/300 299/299/299 298/298/298
f 301/301/301 299/299/299 300/300/300
f 302/302/302 301/301/301 300/300/300
f 303/303/303 301/301/301 302/302/302
f 304/304/304 303/303/303 302/302/302
f 305/305/305 303/303/303 304/304/304
f 306/306/306 305/305/305 304/304/304
f 307/307/307 305/305/305 306/306/306
f 308/308/308 307/307/307 306/306/306
f 309/309/309 307/307/307 308/308/308
f 310/310/310 309/309/309 308/308/308
f 311/311/311 309/309/309 310/310/310
f 312/312/312 311/311/311 310/310/310
f 313/313/313 311/311/311 312/312/312
f 314/314/314 313/313/313 312/312/312
f 315/315/315 313/313/313 314/314/314
f 316/316/316 315/315/315 314/314/314
f 317/317/317 315/315/315 316/316/316
f 318/318/318 317/317/317 316/316/316
f 319/319/319 317/317/317 318/318/318
f 320/320/320 319/319/319 318/318/318
f 321/321/321 319/319/319 320/320/320
f 322/322/322 321/321/321 320/320/320
f 323/323/323 321/321/321 322/322/322
f 324/324/324 323/323/323 322/322/322
f 325/325/325 323/323/323 324/324/324
f 326/326/326 325/325/325 324/324/324
f 327/327/327 325/325/325 326/326/326
f 328/328/328 327/327/327 326/326/326
f 329/329/329 327/327/327 328/328/328
f 330/330/330 329/329/329 328/328/328
f 331/331/331 329/329/329 330/330/330
f 332/332/332 331/331/331 330/330/330
f 333/333/333 331/331/331 332/332/332
f 334/334/334 333/333/333 332/332/332
f 335/335/335 333/333/333 334/334/334
f 336/336/336 335/335/335 334/334/334
f 337/337/337 335/335/335 336/336/336
f 338/338/338 337/337/337 336/336/336
f 339/339/339 337/337/337 338/338/338
f 340/340/340 339/339/339 338/338/338
f 341/341/341 339/339/339 340/340/340
f 342/342/342 341/341/341 340/340/340
f 343/343/343 341/341/341 342/342/342
f 344/344/344 343/343/343 342/342/342
f 345/345/345 343/343/343 344/344/344
f 346/346/346 345/345/345 344/344/344
f 347/347/347 345/345/345 346/346/346
f 348/348/348 347/347/347 346/346/346
f 349/349/349 347/347/347 348/348/348
f 350/350/350 349/349/349 348/348/348
f 351/351/351 349/349/349 350/350/350
f 352/352/352 351/351/351 350/350/350
f 353/353/353 351/351/351 352/352/352
f 354/354/354 353/353/353 352/352/352
f 355/355/355 353/353/353 354/354/354
f 356/356/356 355/355/355 354/354/354
f 359/359/359 358/358/358 357/357/357
f 360/360/360 359/359/359 357/357/357
f 361/361/361 359/359/359 360/360/360
f 362/362/362 361/361/361 360/360/360
f 363/363/363 361/361/361 362/362/362
f 364/364/364 363/363/363 362/362/362
f 365/365/365 363/363/363 364/364/364
f 366/366/366 365/365/365 364/364/364
f 367/367/367 365/365/365 366/366/366
f 368/368/368 367/367/367 366/366/366
f 369/369/369 367/367/367 368/368/368
f 370/370/370 369/369/369 368/368/368
f 371/371/371 369/369/369 370/370/370
f 372/372/372 371/371/371 370/370/370
f 373/373/373 371/371/371 372/372/372
f 374/374/374 373/373/373 372/372/372
f 375/375/375 373/373/373 374/374/374
f 376/376/376 375/375/375 374/374/374
f 377/377/377 375/375/375 376/376/376
f 378/378/378 377/377/377 376/376/376
f 379/379/379 377/377/377 378/378/378
f 380/380/380 379/379/379 378/378/378
f 381/381/381 379/379/379 380/380/380
f 382/382/382 381/381/381 380/380/380
f 383/383/383 381/381/381 382/382/382
f 384/384/384 383/383/383 382/382/382
f 387/387/387 386/386/386 385/385/385
f 388/388/388 387/387/387 385/385/385
f 389/389/389 387/387/387 388/388/388
f 390/390/390 389/389/389 388/388/388
f 391/391/391 389/389/389 390/390/390
f 392/392/392 391/391/391 390/390/390
f 393/393/393 391/391/391 392/392/392
f 394/394/394 393/393/393 392/392/392
f 395/395/395 393/393/393 394/394/394
f 396/396/396 395/395/395 394/394/394
f 397/397/397 395/395/395 396/396/396
f 398/398/398 397/397/397 396/396/396
f 401/401/401 400/400/400 399/399/399
f 402/402/402 401/401/401 399/399/399
f 403/403/403 401/401/401 402/402/402
f 404/404/404 403/403/403 402/402/402
f 405/405/405 403/403/403 404/404/404
f 406/406/406 405/405/405 404/404/404
f 407/407/407 405/405/405 406/406/406
f 408/408/408 407/407/407 406/406/406
f 409/409/409 407/407/407 408/408/408
f 410/410/410 409/409/409 408/408/408
f 411/411/411 409/409/409 410/410/410
f 412/412/412 411/411/411 410/410/410
f 415/415/415 414/414/414 413/413/413
f 416/416/416 415/415/415 413/413/413
f 417/417/417 415/415/415 416/416/416
f 418/418/418 417/417/417 416/416/416
f 419/419/419 417/417/417 418/418/418
f 420/420/420 419/419/419 418/418/418
f 421/421/421 419/419/419 420/420/420
f 422/422/422 421/421/421 420/420/420
f 423/423/423 421/421/421 422/422/422
f 424/424/424 423/423/423 422/422/422
f 425/425/425 423/423/423 424/424/424
f 426/426/426 425/425/425 424/424/424
f 427/427/427 425/425/425 426/426/426
f 428/428/428 427/427/427 426/426/426
f 429/429/429 427/427/427 428/428/428
f 430/430/430 429/429/429 428/428/428
f 431/431/431 429/429/429 430/430/430
f 432/432/432 431/431/431 430/430/430
f 433/433/433 431/431/431 432/432/432
f 434/434/434 433/433/433 432/432/432
f 435/435/435 433/433/433 434/434/434
f 436/436/436 435/435/435 434/434/434
f 437/437/437 435/435/435 436/436/436
f 438/438/438 437/437/437 436/436/436
f 439/439/439 437/437/437 438/438/438
f 440/440/440 439/439/439 438/438/438
f 441/441/441 439/439/439 440/440/440
f 442/442/442 441/441/441 440/440/440
f 443/443/443 441/441/441 442/442/442
f 444/444/444 443/443/443 442/442/442
f 445/445/445 443/443/443 444/444/444
f 446/446/446 445/445/445 444/444/444
f 447/447/447 445/445/445 446/446/446
f 448/448/448 447/447/447 446/446/446
f 449/449/449 447/447/447 448/448/448
f 450/450/450 449/449/449 448/448/448
f 453/453/453 452/452/452 451/451/451
f 454/454/454 453/453/453 451/451/451
f 455/455/455 453/453/453 454/454/454
f 456/456/456 455/455/455 454/454/454
f 457/457/457 455/455/455 456/456/456
f 458/458/458 457/457/457 456/456/456
f 459/459/459 457/457/457 458/458/458
f 460/460/460 459/459/459 458/458/458
f 461/461/461 459/459/459 460/460/460
f 462/462/462 461/461/461 460/460/460
f 465/465/465 464/464/464 463/463/463
f 466/466/466 465/465/465 463/463/463
f 467/467/467 465/465/465 466/466/466
f 468/468/468 467/467/467 466/466/466
f 469/469/469 467/467/467 468/468/468
f 470/470/470 469/469/469 468/468/468
f 471/471/471 469/469/469 470/470/470
f 472/472/472 471/471/471 470/470/470
f 475/475/475 474/474/474 473/473/473
f 473/473/473 474/474/474 476/476/476
f 473/473/473 477/477/477 475/475/475
f 478/478/478 475/475/475 477/477/477
f 477/477/477 479/479/479 478/478/478
f 480/480/480 478/478/478 479/479/479
f 479/479/479 481/481/481 480/480/480
f 479/479/479 477/477/477 482/482/482
f 482/482/482 481/481/481 479/479/479
f 480/480/480 481/481/481 483/483/483
f 483/483/483 484/484/484 480/480/480
f 485/485/485 484/484/484 483/483/483
f 483/483/483 481/481/481 486/486/486
f 483/483/483 487/487/487 485/485/485
f 486/486/486 487/487/487 483/483/483
f 485/485/485 487/487/487 488/488/488
f 488/488/488 489/489/489 485/485/485
f 490/490/490 481/481/481 482/482/482
f 486/486/486 481/481/481 490/490/490
f 482/482/482 491/491/491 490/490/490
f 490/490/490 492/492/492 486/486/486
f 487/487/487 486/486/486 493/493/493
f 493/493/493 486/486/486 492/492/492
f 493/493/493 488/488/488 487/487/487
f 492/492/492 494/494/494 493/493/493
f 491/491/491 482/482/482 495/495/495
f 495/495/495 482/482/482 477/477/477
f 495/495/495 496/496/496 491/491/491
f 497/497/497 493/493/493 494/494/494
f 488/488/488 493/493/493 497/497/497
f 494/494/494 498/498/498 497/497/497
f 497/497/497 498/498/498 499/499/499
f 500/500/500 495/495/495 477/477/477
f 496/496/496 495/495/495 500/500/500
f 500/500/500 501/501/501 496/496/496
f 477/477/477 473/473/473 500/500/500
f 501/501/501 500/500/500 502/502/502
f 502/502/502 500/500/500 473/473/473
f 502/502/502 503/503/503 501/501/501
f 504/504/504 503/503/503 502/502/502
f 502/502/502 505/505/505 504/504/504
f 473/473/473 506/506/506 502/502/502
f 505/505/505 502/502/502 506/506/506
f 476/476/476 506/506/506 473/473/473
f 506/506/506 476/476/476 505/505/505
f 499/499/499 507/507/507 497/497/497
f 507/507/507 499/499/499 508/508/508
f 508/508/508 509/509/509 507/507/507
f 505/505/505 476/476/476 510/510/510
f 510/510/510 511/511/511 505/505/505
f 511/511/511 510/510/510 512/512/512
f 512/512/512 513/513/513 511/511/511
f 514/514/514 513/513/513 512/512/512
f 515/515/515 497/497/497 507/507/507
f 497/497/497 515/515/515 488/488/488
f 489/489/489 488/488/488 515/515/515
f 515/515/515 516/516/516 489/489/489
f 517/517/517 516/516/516 515/515/515
f 507/507/507 518/518/518 515/515/515
f 515/515/515 518/518/518 517/517/517
f 518/518/518 507/507/507 509/509/509
f 519/519/519 510/510/510 476/476/476
f 476/476/476 520/520/520 519/519/519
f 510/510/510 519/519/519 521/521/521
f 521/521/521 519/519/519 520/520/520
f 520/520/520 522/522/522 521/521/521
f 521/521/521 512/512/512 510/510/510
f 523/523/523 521/521/521 522/522/522
f 512/512/512 521/521/521 523/523/523
f 522/522/522 524/524/524 523/523/523
f 517/517/517 518/518/518 525/525/525
f 525/525/525 526/526/526 517/517/517
f 509/509/509 527/527/527 518/518/518
f 525/525/525 518/518/518 527/527/527
f 527/527/527 509/509/509 528/528/528
f 528/528/528 529/529/529 527/527/527
f 525/525/525 527/527/527 529/529/529
f 529/529/529 528/528/528 530/530/530
f 531/531/531 523/523/523 524/524/524
f 524/524/524 532/532/532 531/531/531
f 531/531/531 532/532/532 533/533/533
f 523/523/523 534/534/534 512/512/512
f 534/534/534 523/523/523 531/531/531
f 526/526/526 525/525/525 535/535/535
f 535/535/535 536/536/536 526/526/526
f 530/530/530 537/537/537 529/529/529
f 537/537/537 530/530/530 538/538/538
f 529/529/529 539/539/539 525/525/525
f 539/539/539 535/535/535 525/525/525
f 539/539/539 529/529/529 537/537/537
f 533/533/533 540/540/540 531/531/531
f 540/540/540 533/533/533 541/541/541
f 542/542/542 512/512/512 534/534/534
f 512/512/512 542/542/542 514/514/514
f 514/514/514 542/542/542 543/543/543
f 543/543/543 544/544/544 514/514/514
f 545/545/545 544/544/544 543/543/543
f 531/531/531 546/546/546 534/534/534
f 534/534/534 546/546/546 542/542/542
f 546/546/546 531/531/531 540/540/540
f 543/543/543 542/542/542 546/546/546
f 535/535/535 539/539/539 547/547/547
f 537/537/537 547/547/547 539/539/539
f 540/540/540 548/548/548 546/546/546
f 546/546/546 548/548/548 543/543/543
f 548/548/548 540/540/540 549/549/549
f 541/541/541 549/549/549 540/540/540
f 543/543/543 548/548/548 550/550/550
f 549/549/549 550/550/550 548/548/548
f 551/551/551 549/549/549 541/541/541
f 550/550/550 549/549/549 551/551/551
f 541/541/541 552/552/552 551/551/551
f 551/551/551 552/552/552 553/553/553
f 550/550/550 554/554/554 543/543/543
f 543/543/543 554/554/554 545/545/545
f 553/553/553 555/555/555 551/551/551
f 555/555/555 553/553/553 556/556/556
f 551/551/551 557/557/557 550/550/550
f 554/554/554 550/550/550 557/557/557
f 557/557/557 551/551/551 555/555/555
f 545/545/545 554/554/554 558/558/558
f 557/557/557 558/558/558 554/554/554
f 558/558/558 559/559/559 545/545/545
f 560/560/560 559/559/559 558/558/558
f 558/558/558 557/557/557 561/561/561
f 555/555/555 561/561/561 557/557/557
f 558/558/558 562/562/562 560/560/560
f 561/561/561 562/562/562 558/558/558
f 563/563/563 561/561/561 555/555/555
f 562/562/562 561/561/561 563/563/563
f 560/560/560 562/562/562 564/564/564
f 563/563/563 564/564/564 562/562/562
f 564/564/564 565/565/565 560/560/560
f 566/566/566 565/565/565 564/564/564
f 564/564/564 567/567/567 566/566/566
f 567/567/567 564/564/564 563/563/563
f 555/555/555 568/568/568 563/563/563
f 556/556/556 568/568/568 555/555/555
f 566/566/566 567/567/567 569/569/569
f 569/569/569 570/570/570 566/566/566
f 563/563/563 571/571/571 567/567/567
f 571/571/571 563/563/563 568/568/568
f 569/569/569 567/567/567 571/571/571
f 572/572/572 568/568/568 556/556/556
f 568/568/568 572/572/572 571/571/571
f 556/556/556 573/573/573 572/572/572
f 570/570/570 569/569/569 574/574/574
f 574/574/574 575/575/575 570/570/570
f 571/571/571 576/576/576 569/569/569
f 576/576/576 571/571/571 572/572/572
f 574/574/574 569/569/569 576/576/576
f 577/577/577 572/572/572 573/573/573
f 572/572/572 577/577/577 576/576/576
f 573/573/573 578/578/578 577/577/577
f 575/575/575 574/574/574 579/579/579
f 579/579/579 580/580/580 575/575/575
f 581/581/581 580/580/580 579/579/579
f 576/576/576 582/582/582 574/574/574
f 582/582/582 576/576/576 577/577/577
f 579/579/579 574/574/574 582/582/582
f 583/583/583 577/577/577 578/578/578
f 577/577/577 583/583/583 582/582/582
f 578/578/578 584/584/584 583/583/583
f 579/579/579 585/585/585 581/581/581
f 586/586/586 581/581/581 585/585/585
f 582/582/582 587/587/587 579/579/579
f 587/587/587 582/582/582 583/583/583
f 585/585/585 579/579/579 587/587/587
f 588/588/588 583/583/583 584/584/584
f 583/583/583 588/588/588 587/587/587
f 584/584/584 589/589/589 588/588/588
f 585/585/585 590/590/590 586/586/586
f 591/591/591 586/586/586 590/590/590
f 587/587/587 592/592/592 585/585/585
f 592/592/592 587/587/587 588/588/588
f 590/590/590 585/585/585 592/592/592
f 593/593/593 588/588/588 589/589/589
f 588/588/588 593/593/593 592/592/592
f 589/589/589 594/594/594 593/593/593
f 590/590/590 595/595/595 591/591/591
f 596/596/596 591/591/591 595/595/595
f 592/592/592 597/597/597 590/590/590
f 597/597/597 592/592/592 593/593/593
f 595/595/595 590/590/590 597/597/597
f 598/598/598 593/593/593 594/594/594
f 593/593/593 598/598/598 597/597/597
f 594/594/594 599/599/599 598/598/598
f 595/595/595 600/600/600 596/596/596
f 601/601/601 596/596/596 600/600/600
f 597/597/597 602/602/602 595/595/595
f 602/602/602 597/597/597 598/598/598
f 600/600/600 595/595/595 602/602/602
f 603/603/603 598/598/598 599/599/599
f 598/598/598 603/603/603 602/602/602
f 599/599/599 604/604/604 603/603/603
f 603/603/603 604/604/604 605/605/605
f 600/600/600 606/606/606 601/601/601
f 607/607/607 601/601/601 606/606/606
f 602/602/602 608/608/608 600/600/600
f 608/608/608 602/602/602 603/603/603
f 606/606/606 600/600/600 608/608/608
f 605/605/605 609/609/609 603/603/603
f 603/603/603 609/609/609 608/608/608
f 606/606/606 610/610/610 607/607/607
f 611/611/611 607/607/607 610/610/610
f 608/608/608 612/612/612 606/606/606
f 612/612/612 608/608/608 609/609/609
f 610/610/610 606/606/606 612/612/612
f 613/613/613 609/609/609 605/605/605
f 609/609/609 613/613/613 612/612/612
f 605/605/605 614/614/614 613/613/613
f 610/610/610 615/615/615 611/611/611
f 616/616/616 611/611/611 615/615/615
f 612/612/612 617/617/617 610/610/610
f 617/617/617 612/612/612 613/613/613
f 615/615/615 610/610/610 617/617/617
f 618/618/618 613/613/613 614/614/614
f 613/613/613 618/618/618 617/617/617
f 614/614/614 619/619/619 618/618/618
f 615/615/615 620/620/620 616/616/616
f 621/621/621 616/616/616 620/620/620
f 617/617/617 622/622/622 615/615/615
f 622/622/622 617/617/617 618/618/618
f 620/620/620 615/615/615 622/622/622
f 623/623/623 618/618/618 619/619/619
f 618/618/618 623/623/623 622/622/622
f 619/619/619 624/624/624 623/623/623
f 620/620/620 625/625/625 621/621/621
f 626/626/626 621/621/621 625/625/625
f 625/625/625 627/627/627 626/626/626
f 622/622/622 628/628/628 620/620/620
f 628/628/628 622/622/622 623/623/623
f 625/625/625 620/620/620 628/628/628
f 629/629/629 623/623/623 624/624/624
f 623/623/623 629/629/629 628/628/628
f 624/624/624 630/630/630 629/629/629
f 629/629/629 630/630/630 631/631/631
f 628/628/628 632/632/632 625/625/625
f 632/632/632 628/628/628 629/629/629
f 625/625/625 632/632/632 633/633/633
f 629/629/629 633/633/633 632/632/632
f 633/633/633 627/627/627 625/625/625
f 631/631/631 633/633/633 629/629/629
f 627/627/627 633/633/633 634/634/634
f 634/634/634 635/635/635 627/627/627
f 636/636/636 635/635/635 634/634/634
f 637/637/637 633/633/633 631/631/631
f 634/634/634 633/633/633 637/637/637
f 631/631/631 638/638/638 637/637/637
f 637/637/637 638/638/638 639/639/639
f 639/639/639 640/640/640 637/637/637
f 640/640/640 639/639/639 641/641/641
f 634/634/634 642/642/642 636/636/636
f 643/643/643 636/636/636 642/642/642
f 637/637/637 644/644/644 634/634/634
f 644/644/644 637/637/637 640/640/640
f 634/634/634 644/644/644 645/645/645
f 640/640/640 645/645/645 644/644/644
f 645/645/645 642/642/642 634/634/634
f 641/641/641 646/646/646 640/640/640
f 645/645/645 640/640/640 646/646/646
f 646/646/646 641/641/641 647/647/647
f 642/642/642 648/648/648 643/643/643
f 649/649/649 643/643/643 648/648/648
f 642/642/642 645/645/645 650/650/650
f 646/646/646 650/650/650 645/645/645
f 650/650/650 648/648/648 642/642/642
f 647/647/647 651/651/651 646/646/646
f 650/650/650 646/646/646 651/651/651
f 651/651/651 647/647/647 652/652/652
f 648/648/648 653/653/653 649/649/649
f 654/654/654 649/649/649 653/653/653
f 648/648/648 650/650/650 655/655/655
f 651/651/651 655/655/655 650/650/650
f 655/655/655 653/653/653 648/648/648
f 652/652/652 656/656/656 651/651/651
f 655/655/655 651/651/651 656/656/656
f 656/656/656 652/652/652 657/657/657
f 653/653/653 658/658/658 654/654/654
f 659/659/659 654/654/654 658/658/658
f 653/653/653 655/655/655 660/660/660
f 656/656/656 660/660/660 655/655/655
f 660/660/660 658/658/658 653/653/653
f 657/657/657 661/661/661 656/656/656
f 660/660/660 656/656/656 661/661/661
f 661/661/661 657/657/657 662/662/662
f 658/658/658 663/663/663 659/659/659
f 664/664/664 659/659/659 663/663/663
f 658/658/658 660/660/660 665/665/665
f 661/661/661 665/665/665 660/660/660
f 665/665/665 663/663/663 658/658/658
f 662/662/662 666/666/666 661/661/661
f 665/665/665 661/661/661 666/666/666
f 666/666/666 662/662/662 667/667/667
f 663/663/663 668/668/668 664/664/664
f 669/669/669 664/664/664 668/668/668
f 663/663/663 665/665/665 670/670/670
f 666/666/666 670/670/670 665/665/665
f 670/670/670 668/668/668 663/663/663
f 667/667/667 671/671/671 666/666/666
f 670/670/670 666/666/666 671/671/671
f 671/671/671 667/667/667 672/672/672
f 668/668/668 673/673/673 669/669/669
f 674/674/674 669/669/669 673/673/673
f 668/668/668 670/670/670 675/675/675
f 671/671/671 675/675/675 670/670/670
f 675/675/675 673/673/673 668/668/668
f 672/672/672 676/676/676 671/671/671
f 675/675/675 671/671/671 676/676/676
f 676/676/676 672/672/672 677/677/677
f 673/673/673 678/678/678 674/674/674
f 679/679/679 674/674/674 678/678/678
f 673/673/673 675/675/675 680/680/680
f 676/676/676 680/680/680 675/675/675
f 680/680/680 678/678/678 673/673/673
f 677/677/677 681/681/681 676/676/676
f 680/680/680 676/676/676 681/681/681
f 681/681/681 677/677/677 682/682/682
f 678/678/678 683/683/683 679/679/679
f 684/684/684 679/679/679 683/683/683
f 678/678/678 680/680/680 685/685/685
f 681/681/681 685/685/685 680/680/680
f 685/685/685 683/683/683 678/678/678
f 682/682/682 686/686/686 681/681/681
f 685/685/685 681/681/681 686/686/686
f 686/686/686 682/682/682 687/687/687
f 683/683/683 688/688/688 684/684/684
f 689/689/689 684/684/684 688/688/688
f 683/683/683 685/685/685 690/690/690
f 686/686/686 690/690/690 685/685/685
f 690/690/690 688/688/688 683/683/683
f 687/687/687 691/691/691 686/686/686
f 690/690/690 686/686/686 691/691/691
f 691/691/691 687/687/687 692/692/692
f 688/688/688 693/693/693 689/689/689
f 694/694/694 689/689/689 693/693/693
f 688/688/688 690/690/690 695/695/695
f 691/691/691 695/695/695 690/690/690
f 695/695/695 693/693/693 688/688/688
f 692/692/692 696/696/696 691/691/691
f 695/695/695 691/691/691 696/696/696
f 696/696/696 692/692/692 697/697/697
f 693/693/693 698/698/698 694/694/694
f 699/699/699 694/694/694 698/698/698
f 693/693/693 695/695/695 700/700/700
f 696/696/696 700/700/700 695/695/695
f 700/700/700 698/698/698 693/693/693
f 697/697/697 701/701/701 696/696/696
f 700/700/700 696/696/696 701/701/701
f 701/701/701 697/697/697 702/702/702
f 698/698/698 703/703/703 699/699/699
f 704/704/704 699/699/699 703/703/703
f 698/698/698 700/700/700 705/705/705
f 701/701/701 705/705/705 700/700/700
f 705/705/705 703/703/703 698/698/698
f 702/702/702 706/706/706 701/701/701
f 706/706/706 702/702/702 707/707/707
f 708/708/708 705/705/705 701/701/701
f 703/703/703 705/705/705 708/708/708
f 701/701/701 706/706/706 708/708/708
f 703/703/703 709/709/709 704/704/704
f 709/709/709 703/703/703 708/708/708
f 710/710/710 704/704/704 709/709/709
f 707/707/707 711/711/711 706/706/706
f 711/711/711 707/707/707 712/712/712
f 713/713/713 708/708/708 706/706/706
f 708/708/708 713/713/713 709/709/709
f 706/706/706 711/711/711 713/713/713
f 709/709/709 714/714/714 710/710/710
f 714/714/714 709/709/709 713/713/713
f 715/715/715 710/710/710 714/714/714
f 712/712/712 716/716/716 711/711/711
f 716/716/716 712/712/712 717/717/717
f 718/718/718 713/713/713 711/711/711
f 713/713/713 718/718/718 714/714/714
f 711/711/711 716/716/716 718/718/718
f 714/714/714 719/719/719 715/715/715
f 719/719/719 714/714/714 718/718/718
f 720/720/720 715/715/715 719/719/719
f 717/717/717 721/721/721 716/716/716
f 721/721/721 717/717/717 722/722/722
f 723/723/723 718/718/718 716/716/716
f 718/718/718 723/723/723 719/719/719
f 716/716/716 721/721/721 723/723/723
f 719/719/719 724/724/724 720/720/720
f 724/724/724 719/719/719 723/723/723
f 725/725/725 720/720/720 724/724/724
f 722/722/722 726/726/726 721/721/721
f 726/726/726 722/722/722 727/727/727
f 728/728/728 723/723/723 721/721/721
f 723/723/723 728/728/728 724/724/724
f 721/721/721 726/726/726 728/728/728
f 724/724/724 729/729/729 725/725/725
f 729/729/729 724/724/724 728/728/728
f 730/730/730 725/725/725 729/729/729
f 727/727/727 731/731/731 726/726/726
f 731/731/731 727/727/727 732/732/732
f 733/733/733 728/728/728 726/726/726
f 728/728/728 733/733/733 729/729/729
f 726/726/726 731/731/731 733/733/733
f 729/729/729 734/734/734 730/730/730
f 734/734/734 729/729/729 733/733/733
f 735/735/735 730/730/730 734/734/734
f 732/732/732 736/736/736 731/731/731
f 736/736/736 732/732/732 737/737/737
f 738/738/738 733/733/733 731/731/731
f 733/733/733 738/738/738 734/734/734
f 731/731/731 736/736/736 738/738/738
f 734/734/734 739/739/739 735/735/735
f 739/739/739 734/734/734 738/738/738
f 740/740/740 735/735/735 739/739/739
f 737/737/737 741/741/741 736/736/736
f 741/741/741 737/737/737 742/742/742
f 743/743/743 738/738/738 736/736/736
f 738/738/738 743/743/743 739/739/739
f 736/736/736 741/741/741 743/743/743
f 739/739/739 744/744/744 740/740/740
f 744/744/744 739/739/739 743/743/743
f 745/745/745 740/740/740 744/744/744
f 742/742/742 746/746/746 741/741/741
f 746/746/746 742/742/742 747/747/747
f 748/748/748 743/743/743 741/741/741
f 743/743/743 748/748/748 744/744/744
f 741/741/741 746/746/746 748/748/748
f 744/744/744 749/749/749 745/745/745
f 749/749/749 744/744/744 748/748/748
f 750/750/750 745/745/745 749/749/749
f 747/747/747 751/751/751 746/746/746
f 751/751/751 747/747/747 752/752/752
f 753/753/753 748/748/748 746/746/746
f 748/748/748 753/753/753 749/749/749
f 746/746/746 751/751/751 753/753/753
f 749/749/749 754/754/754 750/750/750
f 754/754/754 749/749/749 753/753/753
f 755/755/755 750/750/750 754/754/754
f 752/752/752 756/756/756 751/751/751
f 756/756/756 752/752/752 757/757/757
f 758/758/758 753/753/753 751/751/751
f 753/753/753 758/758/758 754/754/754
f 751/751/751 756/756/756 758/758/758
f 754/754/754 759/759/759 755/755/755
f 759/759/759 754/754/754 758/758/758
f 760/760/760 755/755/755 759/759/759
f 757/757/757 761/761/761 756/756/756
f 761/761/761 757/757/757 762/762/762
f 763/763/763 758/758/758 756/756/756
f 758/758/758 763/763/763 759/759/759
f 756/756/756 761/761/761 763/763/763
f 759/759/759 764/764/764 760/760/760
f 764/764/764 759/759/759 763/763/763
f 765/765/765 760/760/760 764/764/764
f 762/762/762 766/766/766 761/761/761
f 766/766/766 762/762/762 767/767/767
f 768/768/768 763/763/763 761/761/761
f 763/763/763 768/768/768 764/764/764
f 761/761/761 766/766/766 768/768/768
f 764/764/764 769/769/769 765/765/765
f 769/769/769 764/764/764 768/768/768
f 770/770/770 765/765/765 769/769/769
f 767/767/767 771/771/771 766/766/766
f 771/771/771 767/767/767 772/772/772
f 773/773/773 768/768/768 766/766/766
f 768/768/768 773/773/773 769/769/769
f 766/766/766 771/771/771 773/773/773
f 769/769/769 774/774/774 770/770/770
f 774/774/774 769/769/769 773/773/773
f 775/775/775 770/770/770 774/774/774
f 772/772/772 776/776/776 771/771/771
f 776/776/776 772/772/772 777/777/777
f 778/778/778 773/773/773 771/771/771
f 773/773/773 778/778/778 774/774/774
f 771/771/771 776/776/776 778/778/778
f 774/774/774 779/779/779 775/775/775
f 779/779/779 774/774/774 778/778/778
f 780/780/780 775/775/775 779/779/779
f 777/777/777 781/781/781 776/776/776
f 781/781/781 777/777/777 782/782/782
f 783/783/783 778/778/778 776/776/776
f 778/778/778 783/783/783 779/779/779
f 776/776/776 781/781/781 783/783/783
f 779/779/779 783/783/783 781/781/781
f 781/781/781 784/784/784 779/779/779
f 779/779/779 784/784/784 780/780/780
f 782/782/782 784/784/784 781/781/781
f 785/785/785 780/780/780 784/784/784
f 786/786/786 780/780/780 785/785/785
f 785/785/785 787/787/787 786/786/786
f 788/788/788 784/784/784 782/782/782
f 782/782/782 789/789/789 788/788/788
f 787/787/787 785/785/785 790/790/790
f 790/790/790 791/791/791 787/787/787
f 784/784/784 792/792/792 785/785/785
f 792/792/792 784/784/784 788/788/788
f 785/785/785 792/792/792 793/793/793
f 790/790/790 785/785/785 793/793/793
f 788/788/788 793/793/793 792/792/792
f 794/794/794 788/788/788 789/789/789
f 789/789/789 795/795/795 794/794/794
f 796/796/796 793/793/793 788/788/788
f 793/793/793 796/796/796 790/790/790
f 788/788/788 794/794/794 796/796/796
f 791/791/791 790/790/790 797/797/797
f 797/797/797 790/790/790 796/796/796
f 797/797/797 798/798/798 791/791/791
f 799/799/799 794/794/794 795/795/795
f 795/795/795 800/800/800 799/799/799
f 801/801/801 796/796/796 794/794/794
f 796/796/796 801/801/801 797/797/797
f 794/794/794 799/799/799 801/801/801
f 798/798/798 797/797/797 802/802/802
f 802/802/802 797/797/797 801/801/801
f 802/802/802 803/803/803 798/798/798
f 804/804/804 799/799/799 800/800/800
f 800/800/800 805/805/805 804/804/804
f 806/806/806 801/801/801 799/799/799
f 801/801/801 806/806/806 802/802/802
f 799/799/799 804/804/804 806/806/806
f 803/803/803 802/802/802 807/807/807
f 807/807/807 802/802/802 806/806/806
f 807/807/807 808/808/808 803/803/803
f 809/809/809 804/804/804 805/805/805
f 805/805/805 810/810/810 809/809/809
f 811/811/811 806/806/806 804/804/804
f 806/806/806 811/811/811 807/807/807
f 804/804/804 809/809/809 811/811/811
f 808/808/808 807/807/807 812/812/812
f 812/812/812 807/807/807 811/811/811
f 812/812/812 813/813/813 808/808/808
f 814/814/814 809/809/809 810/810/810
f 810/810/810 815/815/815 814/814/814
f 816/816/816 811/811/811 809/809/809
f 811/811/811 816/816/816 812/812/812
f 809/809/809 814/814/814 816/816/816
f 813/813/813 812/812/812 817/817/817
f 817/817/817 812/812/812 816/816/816
f 817/817/817 818/818/818 813/813/813
f 819/819/819 814/814/814 815/815/815
f 815/815/815 820/820/820 819/819/819
f 821/821/821 816/816/816 814/814/814
f 816/816/816 821/821/821 817/817/817
f 814/814/814 819/819/819 821/821/821
f 818/818/818 817/817/817 822/822/822
f 822/822/822 817/817/817 821/821/821
f 822/822/822 823/823/823 818/818/818
f 824/824/824 819/819/819 820/820/820
f 820/820/820 825/825/825 824/824/824
f 826/826/826 821/821/821 819/819/819
f 821/821/821 826/826/826 822/822/822
f 826/826/826 819/819/819 824/824/824
f 823/823/823 822/822/822 827/827/827
f 827/827/827 822/822/822 826/826/826
f 827/827/827 828/828/828 823/823/823
f 829/829/829 824/824/824 825/825/825
f 825/825/825 830/830/830 829/829/829
f 824/824/824 831/831/831 826/826/826
f 826/826/826 831/831/831 827/827/827
f 831/831/831 824/824/824 829/829/829
f 828/828/828 827/827/827 832/832/832
f 832/832/832 833/833/833 828/828/828
f 827/827/827 831/831/831 834/834/834
f 829/829/829 834/834/834 831/831/831
f 834/834/834 832/832/832 827/827/827
f 835/835/835 829/829/829 830/830/830
f 834/834/834 829/829/829 835/835/835
f 830/830/830 836/836/836 835/835/835
f 833/833/833 832/832/832 837/837/837
f 837/837/837 838/838/838 833/833/833
f 832/832/832 834/834/834 839/839/839
f 835/835/835 839/839/839 834/834/834
f 839/839/839 837/837/837 832/832/832
f 840/840/840 835/835/835 836/836/836
f 839/839/839 835/835/835 840/840/840
f 836/836/836 841/841/841 840/840/840
f 838/838/838 837/837/837 842/842/842
f 842/842/842 843/843/843 838/838/838
f 837/837/837 839/839/839 844/844/844
f 840/840/840 844/844/844 839/839/839
f 844/844/844 842/842/842 837/837/837
f 845/845/845 840/840/840 841/841/841
f 844/844/844 840/840/840 845/845/845
f 841/841/841 846/846/846 845/845/845
f 845/845/845 846/846/846 847/847/847
f 843/843/843 842/842/842 848/848/848
f 848/848/848 849/849/849 843/843/843
f 842/842/842 844/844/844 850/850/850
f 845/845/845 850/850/850 844/844/844
f 850/850/850 848/848/848 842/842/842
f 848/848/848 850/850/850 851/851/851
f 849/849/849 848/848/848 852/852/852
f 851/851/851 852/852/852 848/848/848
f 852/852/852 853/853/853 849/849/849
f 854/854/854 853/853/853 852/852/852
f 850/850/850 845/845/845 855/855/855
f 847/847/847 855/855/855 845/845/845
f 855/855/855 851/851/851 850/850/850
f 852/852/852 856/856/856 854/854/854
f 856/856/856 852/852/852 851/851/851
f 857/857/857 854/854/854 856/856/856
f 858/858/858 855/855/855 847/847/847
f 851/851/851 855/855/855 858/858/858
f 847/847/847 859/859/859 858/858/858
f 858/858/858 859/859/859 860/860/860
f 860/860/860 861/861/861 858/858/858
f 861/861/861 860/860/860 862/862/862
f 858/858/858 863/863/863 851/851/851
f 863/863/863 858/858/858 861/861/861
f 856/856/856 864/864/864 857/857/857
f 865/865/865 857/857/857 864/864/864
f 851/851/851 866/866/866 856/856/856
f 866/866/866 851/851/851 863/863/863
f 856/856/856 866/866/866 867/867/867
f 867/867/867 866/866/866 863/863/863
f 867/867/867 864/864/864 856/856/856
f 861/861/861 868/868/868 863/863/863
f 863/863/863 868/868/868 867/867/867
f 862/862/862 869/869/869 861/861/861
f 868/868/868 861/861/861 869/869/869
f 864/864/864 867/867/867 870/870/870
f 868/868/868 870/870/870 867/867/867
f 864/864/864 871/871/871 865/865/865
f 870/870/870 871/871/871 864/864/864
f 872/872/872 869/869/869 862/862/862
f 862/862/862 873/873/873 872/872/872
f 869/869/869 874/874/874 868/868/868
f 868/868/868 874/874/874 870/870/870
f 874/874/874 869/869/869 872/872/872
f 865/865/865 871/871/871 875/875/875
f 875/875/875 876/876/876 865/865/865
f 871/871/871 870/870/870 877/877/877
f 874/874/874 877/877/877 870/870/870
f 877/877/877 875/875/875 871/871/871
f 876/876/876 875/875/875 878/878/878
f 878/878/878 879/879/879 876/876/876
f 880/880/880 879/879/879 878/878/878
f 874/874/874 881/881/881 877/877/877
f 872/872/872 881/881/881 874/874/874
f 875/875/875 877/877/877 882/882/882
f 881/881/881 882/882/882 877/877/877
f 882/882/882 878/878/878 875/875/875
f 878/878/878 882/882/882 883/883/883
f 881/881/881 884/884/884 882/882/882
f 884/884/884 881/881/881 872/872/872
f 884/884/884 883/883/883 882/882/882
f 872/872/872 885/885/885 884/884/884
f 883/883/883 884/884/884 885/885/885
f 885/885/885 872/872/872 873/873/873
f 873/873/873 886/886/886 885/885/885
f 887/887/887 885/885/885 886/886/886
f 885/885/885 887/887/887 883/883/883
f 886/886/886 888/888/888 887/887/887
f 887/887/887 888/888/888 889/889/889
f 889/889/889 890/890/890 887/887/887
f 883/883/883 887/887/887 890/890/890
f 890/890/890 889/889/889 891/891/891
f 883/883/883 892/892/892 878/878/878
f 878/878/878 892/892/892 880/880/880
f 891/891/891 893/893/893 890/890/890
f 893/893/893 891/891/891 894/894/894
f 890/890/890 895/895/895 883/883/883
f 892/892/892 883/883/883 895/895/895
f 895/895/895 890/890/890 893/893/893
f 880/880/880 892/892/892 896/896/896
f 895/895/895 896/896/896 892/892/892
f 896/896/896 897/897/897 880/880/880
f 898/898/898 897/897/897 896/896/896
f 896/896/896 895/895/895 899/899/899
f 893/893/893 899/899/899 895/895/895
f 896/896/896 900/900/900 898/898/898
f 899/899/899 900/900/900 896/896/896
f 901/901/901 898/898/898 900/900/900
f 900/900/900 902/902/902 901/901/901
f 902/902/902 900/900/900 899/899/899
f 903/903/903 901/901/901 902/902/902
f 894/894/894 904/904/904 893/893/893
f 904/904/904 894/894/894 905/905/905
f 906/906/906 899/899/899 893/893/893
f 899/899/899 906/906/906 902/902/902
f 893/893/893 904/904/904 906/906/906
f 902/902/902 907/907/907 903/903/903
f 907/907/907 902/902/902 906/906/906
f 908/908/908 903/903/903 907/907/907
f 905/905/905 909/909/909 904/904/904
f 909/909/909 905/905/905 910/910/910
f 911/911/911 906/906/906 904/904/904
f 906/906/906 911/911/911 907/907/907
f 904/904/904 909/909/909 911/911/911
f 907/907/907 912/912/912 908/908/908
f 912/912/912 907/907/907 911/911/911
f 913/913/913 908/908/908 912/912/912
f 910/910/910 914/914/914 909/909/909
f 914/914/914 910/910/910 915/915/915
f 916/916/916 911/911/911 909/909/909
f 911/911/911 916/916/916 912/912/912
f 909/909/909 914/914/914 916/916/916
f 912/912/912 917/917/917 913/913/913
f 917/917/917 912/912/912 916/916/916
f 918/918/918 913/913/913 917/917/917
f 917/917/917 919/919/919 918/918/918
f 920/920/920 916/916/916 914/914/914
f 916/916/916 920/920/920 917/917/917
f 914/914/914 921/921/921 920/920/920
f 917/917/917 920/920/920 921/921/921
f 915/915/915 921/921/921 914/914/914
f 921/921/921 919/919/919 917/917/917
f 919/919/919 921/921/921 922/922/922
f 922/922/922 923/923/923 919/919/919
f 924/924/924 923/923/923 922/922/922
f 925/925/925 921/921/921 915/915/915
f 922/922/922 921/921/921 925/925/925
f 915/915/915 926/926/926 925/925/925
f 925/925/925 926/926/926 927/927/927
f 927/927/927 928/928/928 925/925/925
f 928/928/928 927/927/927 929/929/929
f 922/922/922 930/930/930 924/924/924
f 931/931/931 924/924/924 930/930/930
f 925/925/925 932/932/932 922/922/922
f 932/932/932 925/925/925 928/928/928
f 922/922/922 932/932/932 933/933/933
f 930/930/930 922/922/922 933/933/933
f 928/928/928 933/933/933 932/932/932
f 929/929/929 934/934/934 928/928/928
f 934/934/934 929/929/929 935/935/935
f 936/936/936 933/933/933 928/928/928
f 933/933/933 936/936/936 930/930/930
f 928/928/928 934/934/934 936/936/936
f 930/930/930 937/937/937 931/931/931
f 937/937/937 930/930/930 936/936/936
f 938/938/938 931/931/931 937/937/937
f 935/935/935 939/939/939 934/934/934
f 939/939/939 935/935/935 940/940/940
f 941/941/941 936/936/936 934/934/934
f 936/936/936 941/941/941 937/937/937
f 934/934/934 939/939/939 941/941/941
f 937/937/937 942/942/942 938/938/938
f 942/942/942 937/937/937 941/941/941
f 943/943/943 938/938/938 942/942/942
f 940/940/940 944/944/944 939/939/939
f 944/944/944 940/940/940 945/945/945
f 946/946/946 941/941/941 939/939/939
f 941/941/941 946/946/946 942/942/942
f 939/939/939 944/944/944 946/946/946
f 942/942/942 947/947/947 943/943/943
f 947/947/947 942/942/942 946/946/946
f 948/948/948 943/943/943 947/947/947
f 945/945/945 949/949/949 944/944/944
f 949/949/949 945/945/945 950/950/950
f 951/951/951 946/946/946 944/944/944
f 946/946/946 951/951/951 947/947/947
f 944/944/944 949/949/949 951/951/951
f 947/947/947 952/952/952 948/948/948
f 952/952/952 947/947/947 951/951/951
f 953/953/953 948/948/948 952/952/952
f 950/950/950 954/954/954 949/949/949
f 954/954/954 950/950/950 955/955/955
f 956/956/956 951/951/951 949/949/949
f 951/951/951 956/956/956 952/952/952
f 949/949/949 954/954/954 956/956/956
f 952/952/952 957/957/957 953/953/953
f 957/957/957 952/952/952 956/956/956
f 958/958/958 953/953/953 957/957/957
f 955/955/955 959/959/959 954/954/954
f 959/959/959 955/955/955 960/960/960
f 961/961/961 956/956/956 954/954/954
f 956/956/956 961/961/961 957/957/957
f 954/954/954 959/959/959 961/961/961
f 957/957/957 962/962/962 958/958/958
f 962/962/962 957/957/957 961/961/961
f 963/963/963 958/958/958 962/962/962
f 960/960/960 964/964/964 959/959/959
f 964/964/964 960/960/960 965/965/965
f 966/966/966 961/961/961 959/959/959
f 961/961/961 966/966/966 962/962/962
f 959/959/959 964/964/964 966/966/966
f 962/962/962 967/967/967 963/963/963
f 967/967/967 962/962/962 966/966/966
f 968/968/968 963/963/963 967/967/967
f 965/965/965 969/969/969 964/964/964
f 969/969/969 965/965/965 970/970/970
f 971/971/971 966/966/966 964/964/964
f 966/966/966 971/971/971 967/967/967
f 971/971/971 964/964/964 969/969/969
f 967/967/967 972/972/972 968/968/968
f 973/973/973 968/968/968 972/972/972
f 967/967/967 971/971/971 974/974/974
f 969/969/969 974/974/974 971/971/971
f 974/974/974 972/972/972 967/967/967
f 970/970/970 975/975/975 969/969/969
f 974/974/974 969/969/969 975/975/975
f 975/975/975 970/970/970 976/976/976
f 972/972/972 974/974/974 977/977/977
f 975/975/975 977/977/977 974/974/974
f 976/976/976 978/978/978 975/975/975
f 977/977/977 975/975/975 978/978/978
f 978/978/978 976/976/976 979/979/979
f 972/972/972 980/980/980 973/973/973
f 977/977/977 980/980/980 972/972/972
f 979/979/979 981/981/981 978/978/978
f 981/981/981 979/979/979 982/982/982
f 978/978/978 983/983/983 977/977/977
f 980/980/980 977/977/977 983/983/983
f 983/983/983 978/978/978 981/981/981
f 973/973/973 980/980/980 984/984/984
f 983/983/983 984/984/984 980/980/980
f 984/984/984 985/985/985 973/973/973
f 982/982/982 986/986/986 981/981/981
f 986/986/986 982/982/982 987/987/987
f 981/981/981 988/988/988 983/983/983
f 984/984/984 983/983/983 988/988/988
f 988/988/988 981/981/981 986/986/986
f 985/985/985 984/984/984 989/989/989
f 988/988/988 989/989/989 984/984/984
f 989/989/989 990/990/990 985/985/985
f 987/987/987 991/991/991 986/986/986
f 991/991/991 987/987/987 536/536/536
f 536/536/536 535/535/535 991/991/991
f 547/547/547 991/991/991 535/535/535
f 986/986/986 992/992/992 988/988/988
f 992/992/992 986/986/986 991/991/991
f 989/989/989 988/988/988 992/992/992
f 991/991/991 547/547/547 992/992/992
f 990/990/990 989/989/989 993/993/993
f 992/992/992 993/993/993 989/989/989
f 993/993/993 992/992/992 547/547/547
f 993/993/993 538/538/538 990/990/990
f 547/547/547 537/537/537 993/993/993
f 538/538/538 993/993/993 537/537/537
