g tb_outline_01_mesh
v 0.10288173 0.41389173 0.10327047
v 0.10706049 0.41389173 0.110235095
v 0.14188355 0.38742632 0.11580676
v 0.13770479 0.38742632 0.108842194
v 0.13770479 0.38742632 0.108842194
v 0.14188355 0.38742632 0.11580676
v 0.14188355 0.34424573 0.12277138
v 0.13770479 0.34424573 0.11441386
v 0.13770479 0.34424573 0.11441386
v 0.14188355 0.34424573 0.12277138
v 0.14188355 0.30106527 0.11580676
v 0.13770479 0.30106527 0.108842194
v 0.14188355 0.25788468 0.110235095
v 0.13770479 0.25788468 0.10327047
v 0.14188355 0.2133112 0.10605633
v 0.13770479 0.2133112 0.09909171
v 0.13770479 0.2133112 0.09909171
v 0.14188355 0.2133112 0.10605633
v 0.14188355 0.17013067 0.10744923
v 0.13770479 0.17013067 0.10048467
v 0.14188355 0.12695014 0.110235095
v 0.13770479 0.12695014 0.10327047
v 0.14188355 0.08237666 0.11441386
v 0.13770479 0.08237666 0.10744923
v 0.13770479 0.08237666 0.10744923
v 0.14188355 0.08237666 0.11441386
v 0.12377554 0.061482847 0.11441386
v 0.11959678 0.061482847 0.10744923
v 0.10427469 0.03641033 0.11302096
v 0.10009593 0.03641033 0.10605633
v 0.08198792 0.009944797 0.111627996
v 0.077809155 0.009944797 0.10466343
v 0.077809155 0.009944797 0.10466343
v 0.08198792 0.009944797 0.111627996
v 0.08198792 -0.030449867 0.110235095
v 0.077809155 -0.030449867 0.10327047
v 0.08198792 -0.06945163 0.10466343
v 0.077809155 -0.06945163 0.09769881
v 0.077809155 -0.06945163 0.09769881
v 0.08198792 -0.06945163 0.10466343
v 0.08198792 -0.10984635 0.10605633
v 0.077809155 -0.10984635 0.09769881
v 0.08198792 -0.15024108 0.10466343
v 0.077809155 -0.15024108 0.09769881
v 0.08198792 -0.19063574 0.10605633
v 0.077809155 -0.19063574 0.09909171
v 0.08198792 -0.23103046 0.10605633
v 0.077809155 -0.23103046 0.09909171
v 0.08198792 -0.27142516 0.110235095
v 0.077809155 -0.27142516 0.10187757
v 0.077809155 -0.27142516 0.10187757
v 0.08198792 -0.27142516 0.110235095
v 0.08198792 -0.309034 0.11719972
v 0.077809155 -0.309034 0.110235095
v 0.077809155 -0.309034 0.110235095
v 0.08198792 -0.309034 0.11719972
v 0.112632215 -0.33967826 0.11302096
v 0.10845345 -0.33967826 0.10605633
v 0.14049059 -0.36753666 0.10605633
v 0.13631183 -0.36753666 0.09909171
v 0.13631183 -0.36753666 0.09909171
v 0.14049059 -0.36753666 0.10605633
v 0.14049059 -0.40793136 0.10744923
v 0.13631183 -0.40793136 0.09909171
v 0.14049059 -0.44971898 0.10466343
v 0.13631183 -0.44971898 0.09630591
v 0.14049059 -0.4915066 0.10048467
v 0.13631183 -0.4915066 0.092127144
v 0.13631183 -0.4915066 0.092127144
v 0.14049059 -0.4915066 0.10048467
v 0.14049059 -0.5332942 0.10327047
v 0.13631183 -0.5332942 0.09630591
v 0.13631183 -0.5332942 0.09630591
v 0.14049059 -0.5332942 0.10327047
v 0.14049059 -0.5750818 0.10327047
v 0.13631183 -0.5750818 0.09630591
v 0.14049059 -0.61686945 0.09909171
v 0.13631183 -0.61686945 0.092127144
v 0.13631183 -0.61686945 0.092127144
v 0.14049059 -0.61686945 0.09909171
v 0.14049059 -0.6586571 0.10048467
v 0.13631183 -0.6586571 0.093520045
v 0.14049059 -0.7004447 0.10605633
v 0.13631183 -0.7004447 0.09769881
v 0.13631183 -0.7004447 0.09769881
v 0.14049059 -0.7004447 0.10605633
v 0.14049059 -0.7422323 0.10466343
v 0.13631183 -0.7422323 0.09769881
v 0.13631183 -0.7422323 0.09769881
v 0.14049059 -0.7422323 0.10466343
v 0.10427469 -0.7422323 0.10744923
v 0.10009593 -0.7422323 0.10048467
v 0.062487066 -0.7422323 0.11719972
v 0.058308303 -0.7422323 0.108842194
v 0.022092342 -0.7422323 0.11998552
v 0.01791358 -0.7422323 0.111627996
v -0.018302321 -0.7422323 0.11998552
v -0.022481084 -0.7422323 0.111627996
v -0.060089946 -0.7422323 0.11719972
v -0.06426871 -0.7422323 0.110235095
v -0.10048467 -0.7422323 0.11719972
v -0.10466343 -0.7422323 0.110235095
v -0.1422723 -0.7422323 0.11998552
v -0.1450581 -0.7422323 0.11302096
v -0.1450581 -0.7422323 0.11302096
v -0.1422723 -0.7422323 0.11998552
v -0.17430943 -0.7157668 0.12416428
v -0.1784882 -0.7157668 0.11719972
v -0.20773953 -0.6893013 0.13252181
v -0.2119183 -0.6893013 0.12555724
v -0.2119183 -0.6893013 0.12555724
v -0.20773953 -0.6893013 0.13252181
v -0.23977673 -0.66283584 0.13391477
v -0.2439555 -0.66283584 0.12555724
v -0.2439555 -0.66283584 0.12555724
v -0.23977673 -0.66283584 0.13391477
v -0.27320677 -0.63637036 0.12137848
v -0.27738553 -0.63637036 0.11441386
v -0.30663687 -0.6085119 0.111627996
v -0.31081563 -0.6085119 0.10327047
v -0.33867413 -0.58204645 0.10327047
v -0.3428529 -0.58204645 0.094912946
v -0.3428529 -0.58204645 0.094912946
v -0.33867413 -0.58204645 0.10327047
v -0.33867413 -0.5388659 0.10187757
v -0.3428529 -0.5388659 0.094912946
v -0.33867413 -0.49429244 0.10048467
v -0.3428529 -0.49429244 0.093520045
v -0.33867413 -0.44971898 0.09909171
v -0.3428529 -0.44971898 0.092127144
v -0.33867413 -0.40514553 0.09909171
v -0.3428529 -0.40514553 0.092127144
v -0.33867413 -0.36057207 0.10187757
v -0.3428529 -0.36057207 0.094912946
v -0.33867413 -0.3159986 0.10605633
v -0.3428529 -0.3159986 0.09909171
v -0.33867413 -0.27142516 0.11302096
v -0.3428529 -0.27142516 0.10466343
v -0.33867413 -0.2268517 0.12137848
v -0.3428529 -0.2268517 0.11441386
v -0.3428529 -0.2268517 0.11441386
v -0.33867413 -0.2268517 0.12137848
v -0.33867413 -0.18367118 0.12555724
v -0.3428529 -0.18367118 0.11859262
v -0.3428529 -0.18367118 0.11859262
v -0.33867413 -0.18367118 0.12555724
v -0.33867413 -0.13909769 0.11719972
v -0.3428529 -0.13909769 0.108842194
v -0.3428529 -0.13909769 0.108842194
v -0.33867413 -0.13909769 0.11719972
v -0.34006697 -0.094524205 0.11719972
v -0.3428529 -0.094524205 0.110235095
v -0.3428529 -0.094524205 0.110235095
v -0.34006697 -0.094524205 0.11719972
v -0.34006697 -0.04995078 0.1311289
v -0.3428529 -0.04995078 0.12277138
v -0.34006697 -0.0053772926 0.1436652
v -0.3428529 -0.0053772926 0.13530767
v -0.3428529 -0.0053772926 0.13530767
v -0.34006697 -0.0053772926 0.1436652
v -0.34006697 0.039196134 0.1436652
v -0.3428529 0.039196134 0.13670057
v -0.34006697 0.08376962 0.14784396
v -0.3428529 0.08376962 0.13948643
v -0.3428529 0.08376962 0.13948643
v -0.34006697 0.08376962 0.14784396
v -0.34006697 0.12695014 0.13391477
v -0.3428529 0.12695014 0.12695014
v -0.3428529 0.12695014 0.12695014
v -0.34006697 0.12695014 0.13391477
v -0.34006697 0.17152363 0.12555724
v -0.3428529 0.17152363 0.11859262
v -0.3428529 0.17152363 0.11859262
v -0.34006697 0.17152363 0.12555724
v -0.34006697 0.21609706 0.12416428
v -0.3428529 0.21609706 0.11719972
v -0.3428529 0.21609706 0.11719972
v -0.34006697 0.21609706 0.12416428
v -0.34006697 0.26067048 0.11441386
v -0.3428529 0.26067048 0.10744923
v -0.3428529 0.26067048 0.10744923
v -0.34006697 0.26067048 0.11441386
v -0.34006697 0.30524403 0.110235095
v -0.3428529 0.30524403 0.10327047
v -0.3428529 0.30524403 0.10327047
v -0.34006697 0.30524403 0.110235095
v -0.34006697 0.34981745 0.11719972
v -0.3428529 0.34981745 0.110235095
v -0.34006697 0.39439088 0.12416428
v -0.3428529 0.39439088 0.11719972
v -0.3428529 0.39439088 0.11719972
v -0.34006697 0.39439088 0.12416428
v -0.34006697 0.43757147 0.14784396
v -0.3428529 0.43757147 0.14087933
v -0.3428529 0.43757147 0.14087933
v -0.34006697 0.43757147 0.14784396
v -0.34006697 0.4821449 0.15341562
v -0.3428529 0.4821449 0.14645106
v -0.3428529 0.4821449 0.14645106
v -0.34006697 0.4821449 0.15341562
v -0.34006697 0.5267183 0.1436652
v -0.3428529 0.5267183 0.13670057
v -0.3428529 0.5267183 0.13670057
v -0.34006697 0.5267183 0.1436652
v -0.30663687 0.5545768 0.14923686
v -0.31081563 0.5545768 0.1422723
v -0.31081563 0.5545768 0.1422723
v -0.30663687 0.5545768 0.14923686
v -0.27320677 0.58104223 0.15062982
v -0.27738553 0.58104223 0.1422723
v -0.24116963 0.6089007 0.15062982
v -0.2453484 0.6089007 0.1436652
v -0.20773953 0.63536614 0.14923686
v -0.2119183 0.63536614 0.1422723
v -0.1757024 0.6632245 0.15062982
v -0.1784882 0.6632245 0.1422723
v -0.1784882 0.6632245 0.1422723
v -0.1757024 0.6632245 0.15062982
v -0.13391477 0.6632245 0.14784396
v -0.13809353 0.6632245 0.14087933
v -0.093520045 0.6632245 0.1422723
v -0.09769881 0.6632245 0.13391477
v -0.05312538 0.6632245 0.13252181
v -0.055911183 0.6632245 0.12555724
v -0.011337757 0.6632245 0.12137848
v -0.01551652 0.6632245 0.11302096
v 0.029056966 0.6632245 0.110235095
v 0.024878204 0.6632245 0.10327047
v 0.06945163 0.6632245 0.10187757
v 0.06666583 0.6632245 0.094912946
v 0.10566759 0.6632245 0.09630591
v 0.10288173 0.6632245 0.08934128
v 0.10288173 0.6632245 0.08934128
v 0.10566759 0.6632245 0.09630591
v 0.10566759 0.6214369 0.111627996
v 0.10288173 0.6214369 0.10327047
v 0.10566759 0.5796494 0.12834305
v 0.10288173 0.58104223 0.12137848
v 0.10288173 0.58104223 0.12137848
v 0.10566759 0.5796494 0.12834305
v 0.10566759 0.5392546 0.12555724
v 0.10288173 0.5392546 0.11859262
v 0.10288173 0.5392546 0.11859262
v 0.10566759 0.5392546 0.12555724
v 0.10566759 0.49746698 0.11441386
v 0.10288173 0.49746698 0.10744923
v 0.10288173 0.49746698 0.10744923
v 0.10566759 0.49746698 0.11441386
v 0.10566759 0.45707232 0.108842194
v 0.10288173 0.45707232 0.10048467
v 0.10288173 0.45707232 0.10048467
v 0.10566759 0.45707232 0.108842194
v 0.10706049 0.41389173 0.110235095
v 0.10288173 0.41389173 0.10327047
v 0.112632215 0.672975 0.08794838
v 0.11681098 0.672975 0.094912946
v 0.077809155 0.672975 0.09909171
v 0.07363039 0.672975 0.092127144
v 0.03602159 0.672975 0.10744923
v 0.031842828 0.672975 0.09909171
v -0.0071589947 0.672975 0.11719972
v -0.011337757 0.672975 0.110235095
v -0.05033952 0.672975 0.129736
v -0.054518282 0.672975 0.12277138
v -0.093520045 0.672975 0.13948643
v -0.09769881 0.672975 0.13252181
v -0.13530767 0.672975 0.14645106
v -0.13948643 0.672975 0.13948643
v -0.1784882 0.672975 0.14923686
v -0.18266696 0.672975 0.1422723
v -0.18266696 0.672975 0.1422723
v -0.1784882 0.672975 0.14923686
v -0.2133112 0.6451166 0.14923686
v -0.21748996 0.6451166 0.1422723
v -0.2467413 0.6158653 0.15062982
v -0.25092012 0.6158653 0.1436652
v -0.2815643 0.5880069 0.15062982
v -0.28574306 0.5880069 0.1422723
v -0.3149944 0.5601484 0.14923686
v -0.31917316 0.5601484 0.1422723
v -0.31917316 0.5601484 0.1422723
v -0.3149944 0.5601484 0.14923686
v -0.34981745 0.53229004 0.1436652
v -0.35399622 0.53229004 0.13670057
v -0.35399622 0.53229004 0.13670057
v -0.34981745 0.53229004 0.1436652
v -0.34981745 0.48632365 0.15341562
v -0.35399622 0.48632365 0.14645106
v -0.35399622 0.48632365 0.14645106
v -0.34981745 0.48632365 0.15341562
v -0.34981745 0.44175023 0.14784396
v -0.35399622 0.44175023 0.14087933
v -0.35399622 0.44175023 0.14087933
v -0.34981745 0.44175023 0.14784396
v -0.34981745 0.39717668 0.12416428
v -0.35399622 0.39717668 0.11719972
v -0.35399622 0.39717668 0.11719972
v -0.34981745 0.39717668 0.12416428
v -0.34981745 0.35260326 0.11719972
v -0.35399622 0.35260326 0.110235095
v -0.34981745 0.30802983 0.110235095
v -0.35399622 0.30802983 0.10327047
v -0.35399622 0.30802983 0.10327047
v -0.34981745 0.30802983 0.110235095
v -0.34981745 0.2634564 0.11441386
v -0.35399622 0.2634564 0.10605633
v -0.35399622 0.2634564 0.10605633
v -0.34981745 0.2634564 0.11441386
v -0.34981745 0.21888292 0.12416428
v -0.35399622 0.21888292 0.11719972
v -0.35399622 0.21888292 0.11719972
v -0.34981745 0.21888292 0.12416428
v -0.34981745 0.17291653 0.12555724
v -0.35399622 0.17430943 0.11859262
v -0.35399622 0.17430943 0.11859262
v -0.34981745 0.17291653 0.12555724
v -0.34981745 0.12834305 0.13391477
v -0.35399622 0.12834305 0.12695014
v -0.34981745 0.08376962 0.14784396
v -0.35399622 0.08376962 0.14087933
v -0.35399622 0.08376962 0.14087933
v -0.34981745 0.08376962 0.14784396
v -0.34981745 0.039196134 0.1436652
v -0.35399622 0.039196134 0.13670057
v -0.34981745 -0.0053772926 0.1422723
v -0.35399622 -0.0053772926 0.13530767
v -0.35399622 -0.0053772926 0.13530767
v -0.34981745 -0.0053772926 0.1422723
v -0.34981745 -0.04995078 0.129736
v -0.35399622 -0.04995078 0.12277138
v -0.34981745 -0.094524205 0.11859262
v -0.35399622 -0.094524205 0.110235095
v -0.35399622 -0.094524205 0.110235095
v -0.34981745 -0.094524205 0.11859262
v -0.34981745 -0.13909769 0.11719972
v -0.35399622 -0.13909769 0.108842194
v -0.35399622 -0.13909769 0.108842194
v -0.34981745 -0.13909769 0.11719972
v -0.34981745 -0.18506408 0.12555724
v -0.35399622 -0.18506408 0.11719972
v -0.35399622 -0.18506408 0.11719972
v -0.34981745 -0.18506408 0.12555724
v -0.34981745 -0.2296375 0.12137848
v -0.35399622 -0.2296375 0.11441386
v -0.35399622 -0.2296375 0.11441386
v -0.34981745 -0.2296375 0.12137848
v -0.34981745 -0.274211 0.111627996
v -0.35399622 -0.274211 0.10466343
v -0.34981745 -0.31878445 0.10605633
v -0.35399622 -0.31878445 0.09909171
v -0.34981745 -0.3633579 0.10187757
v -0.35399622 -0.3633579 0.094912946
v -0.34981745 -0.40793136 0.09909171
v -0.35260326 -0.40793136 0.092127144
v -0.34981745 -0.4525048 0.09909171
v -0.35260326 -0.4525048 0.092127144
v -0.34981745 -0.4984712 0.10048467
v -0.35260326 -0.4984712 0.093520045
v -0.34981745 -0.5430447 0.10187757
v -0.35260326 -0.5430447 0.093520045
v -0.34981745 -0.5876181 0.10327047
v -0.35260326 -0.5876181 0.094912946
v -0.35260326 -0.5876181 0.094912946
v -0.34981745 -0.5876181 0.10327047
v -0.3149944 -0.61547655 0.111627996
v -0.31917316 -0.6140836 0.10327047
v -0.2815643 -0.641942 0.12137848
v -0.28574306 -0.641942 0.11441386
v -0.2467413 -0.6698004 0.13391477
v -0.25092012 -0.6698004 0.12695014
v -0.25092012 -0.6698004 0.12695014
v -0.2467413 -0.6698004 0.13391477
v -0.2133112 -0.69765884 0.13252181
v -0.21748996 -0.69765884 0.12416428
v -0.1784882 -0.7241243 0.12416428
v -0.18266696 -0.7241243 0.11719972
v -0.1450581 -0.75198275 0.11859262
v -0.14923686 -0.75198275 0.111627996
v -0.14923686 -0.75198275 0.111627996
v -0.1450581 -0.75198275 0.11859262
v -0.10187757 -0.75198275 0.11719972
v -0.10605633 -0.75198275 0.110235095
v -0.060089946 -0.75198275 0.11719972
v -0.06287581 -0.75198275 0.110235095
v -0.01690942 -0.75198275 0.11859262
v -0.021088183 -0.75198275 0.111627996
v 0.026271105 -0.75198275 0.11859262
v 0.022092342 -0.75198275 0.111627996
v 0.06945163 -0.75198275 0.111627996
v 0.06527293 -0.75198275 0.10466343
v 0.111239254 -0.75198275 0.10605633
v 0.10706049 -0.75198275 0.09909171
v 0.15024108 -0.75198275 0.10327047
v 0.14606231 -0.75198275 0.09630591
v 0.14606231 -0.75198275 0.09630591
v 0.15024108 -0.75198275 0.10327047
v 0.15024108 -0.7088022 0.10605633
v 0.14606231 -0.7088022 0.09769881
v 0.14606231 -0.7088022 0.09769881
v 0.15024108 -0.7088022 0.10605633
v 0.15024108 -0.6656217 0.10187757
v 0.14606231 -0.6656217 0.094912946
v 0.15024108 -0.6224411 0.10048467
v 0.14606231 -0.6224411 0.092127144
v 0.15024108 -0.5792606 0.10187757
v 0.14606231 -0.5792606 0.093520045
v 0.15024108 -0.53608006 0.10327047
v 0.14606231 -0.53608006 0.094912946
v 0.14606231 -0.53608006 0.094912946
v 0.15024108 -0.53608006 0.10327047
v 0.15024108 -0.4928995 0.09909171
v 0.14606231 -0.4928995 0.092127144
v 0.14606231 -0.4928995 0.092127144
v 0.15024108 -0.4928995 0.09909171
v 0.15024108 -0.44971898 0.10327047
v 0.14606231 -0.44971898 0.09630591
v 0.15024108 -0.40653846 0.10605633
v 0.14606231 -0.40653846 0.09909171
v 0.15024108 -0.3633579 0.10466343
v 0.14606231 -0.3633579 0.09769881
v 0.14606231 -0.3633579 0.09769881
v 0.15024108 -0.3633579 0.10466343
v 0.12238264 -0.3354995 0.11302096
v 0.11820388 -0.3354995 0.10466343
v 0.0917384 -0.30485523 0.11580676
v 0.08755964 -0.30485523 0.108842194
v 0.08755964 -0.30485523 0.108842194
v 0.0917384 -0.30485523 0.11580676
v 0.0917384 -0.2616747 0.10744923
v 0.08755964 -0.2616747 0.10048467
v 0.08755964 -0.2616747 0.10048467
v 0.0917384 -0.2616747 0.10744923
v 0.0917384 -0.21710122 0.10466343
v 0.08755964 -0.21710122 0.09769881
v 0.0917384 -0.17252779 0.10327047
v 0.08755964 -0.17252779 0.09630591
v 0.0917384 -0.1279543 0.10466343
v 0.08755964 -0.1279543 0.09769881
v 0.0917384 -0.08338088 0.10327047
v 0.08755964 -0.08338088 0.09630591
v 0.08755964 -0.08338088 0.09630591
v 0.0917384 -0.08338088 0.10327047
v 0.0917384 -0.03741449 0.110235095
v 0.08755964 -0.03741449 0.10187757
v 0.08755964 -0.03741449 0.10187757
v 0.0917384 -0.03741449 0.110235095
v 0.0917384 0.0071589947 0.111627996
v 0.08755964 0.0071589947 0.10327047
v 0.08755964 0.0071589947 0.10327047
v 0.0917384 0.0071589947 0.111627996
v 0.114025116 0.03362447 0.11302096
v 0.111239254 0.03362447 0.10466343
v 0.13352603 0.057304144 0.11441386
v 0.12934726 0.057304144 0.10744923
v 0.15163398 0.07959086 0.11441386
v 0.14745522 0.07959086 0.10605633
v 0.14745522 0.07959086 0.10605633
v 0.15163398 0.07959086 0.11441386
v 0.15163398 0.12416428 0.111627996
v 0.14745522 0.12416428 0.10327047
v 0.15163398 0.16873777 0.10744923
v 0.14745522 0.16873777 0.10048467
v 0.15163398 0.2133112 0.10605633
v 0.14745522 0.2133112 0.09909171
v 0.14745522 0.2133112 0.09909171
v 0.15163398 0.2133112 0.10605633
v 0.15163398 0.25927764 0.110235095
v 0.14745522 0.25927764 0.10327047
v 0.15163398 0.30385107 0.11580676
v 0.14745522 0.30385107 0.10744923
v 0.15163398 0.3484245 0.12137848
v 0.14745522 0.3484245 0.11441386
v 0.14745522 0.3484245 0.11441386
v 0.15163398 0.3484245 0.12137848
v 0.15163398 0.39299792 0.11580676
v 0.14745522 0.39299792 0.10744923
v 0.14745522 0.39299792 0.10744923
v 0.15163398 0.39299792 0.11580676
v 0.11681098 0.41946346 0.110235095
v 0.112632215 0.41946346 0.10187757
v 0.112632215 0.41946346 0.10187757
v 0.11681098 0.41946346 0.110235095
v 0.11681098 0.46264404 0.10744923
v 0.112632215 0.46264404 0.10048467
v 0.112632215 0.46264404 0.10048467
v 0.11681098 0.46264404 0.10744923
v 0.11681098 0.50443166 0.11441386
v 0.112632215 0.50443166 0.10744923
v 0.11681098 0.5462193 0.12416428
v 0.112632215 0.5462193 0.11719972
v 0.112632215 0.5462193 0.11719972
v 0.11681098 0.5462193 0.12416428
v 0.11681098 0.5880069 0.12277138
v 0.112632215 0.5880069 0.11580676
v 0.112632215 0.5880069 0.11580676
v 0.11681098 0.5880069 0.12277138
v 0.11681098 0.6311874 0.10605633
v 0.112632215 0.6311874 0.09909171
v 0.112632215 0.6311874 0.09909171
v 0.11681098 0.6311874 0.10605633
v 0.11681098 0.672975 0.094912946
v 0.112632215 0.672975 0.08794838
v 0.112632215 0.6311874 0.10605633
v 0.11681098 0.6311874 0.10605633
v 0.11681098 0.5880069 0.12277138
v 0.11681098 0.672975 0.094912946
v 0.112632215 0.5880069 0.12416428
v 0.112632215 0.5462193 0.12555724
v 0.11681098 0.5462193 0.12416428
v 0.112632215 0.50443166 0.11580676
v 0.11681098 0.50443166 0.11441386
v 0.112632215 0.46264404 0.10744923
v 0.11681098 0.46264404 0.10744923
v 0.11681098 0.41946346 0.110235095
v 0.10566759 0.6632245 0.09630591
v 0.10984635 0.6214369 0.111627996
v 0.10984635 0.5796494 0.12695014
v 0.10984635 0.5392546 0.12555724
v 0.10984635 0.49746698 0.11441386
v 0.10566759 0.6214369 0.111627996
v 0.10566759 0.5796494 0.12834305
v 0.10566759 0.5392546 0.12555724
v 0.10566759 0.49746698 0.11441386
v 0.10984635 0.45707232 0.10744923
v 0.10566759 0.45707232 0.108842194
v 0.10706049 0.41389173 0.110235095
v 0.14188355 0.38742632 0.11580676
v 0.15163398 0.39299792 0.11580676
v 0.14745522 0.3484245 0.12137848
v 0.15163398 0.3484245 0.12137848
v 0.14466935 0.34424573 0.12137848
v 0.14188355 0.34424573 0.12277138
v 0.14188355 0.30106527 0.11580676
v 0.14745522 0.30385107 0.11580676
v 0.15163398 0.30385107 0.11580676
v 0.14466935 0.30106527 0.11580676
v 0.14188355 0.25788468 0.110235095
v 0.14745522 0.25927764 0.110235095
v 0.15163398 0.25927764 0.110235095
v 0.14466935 0.25788468 0.110235095
v 0.14745522 0.2133112 0.10605633
v 0.15163398 0.2133112 0.10605633
v 0.14466935 0.2133112 0.10605633
v 0.14188355 0.2133112 0.10605633
v 0.14466935 0.17013067 0.10744923
v 0.14188355 0.17013067 0.10744923
v 0.14745522 0.16873777 0.10744923
v 0.15163398 0.16873777 0.10744923
v 0.14466935 0.12695014 0.110235095
v 0.14188355 0.12695014 0.110235095
v 0.14188355 0.08237666 0.11441386
v 0.14745522 0.12416428 0.111627996
v 0.15163398 0.12416428 0.111627996
v 0.14466935 0.08237666 0.11441386
v 0.14745522 0.08098376 0.11441386
v 0.15163398 0.07959086 0.11441386
v 0.13352603 0.057304144 0.11441386
v 0.1265614 0.058697045 0.11441386
v 0.12377554 0.061482847 0.11441386
v 0.13074017 0.060089946 0.11441386
v 0.112632215 0.03501737 0.11302096
v 0.114025116 0.03362447 0.11302096
v 0.0917384 0.0071589947 0.111627996
v 0.10706049 0.03501737 0.11302096
v 0.10427469 0.03641033 0.11302096
v 0.08895254 0.008551896 0.111627996
v 0.08616668 0.008551896 0.111627996
v 0.08198792 0.009944797 0.111627996
v 0.08198792 -0.030449867 0.110235095
v 0.08616668 -0.030449867 0.110235095
v 0.08198792 -0.06945163 0.10466343
v 0.08895254 -0.03741449 0.110235095
v 0.0917384 -0.03741449 0.110235095
v 0.08616668 -0.06945163 0.10466343
v 0.08198792 -0.10984635 0.10605633
v 0.08895254 -0.08338088 0.10466343
v 0.0917384 -0.08338088 0.10327047
v 0.08616668 -0.10984635 0.10466343
v 0.08198792 -0.15024108 0.10466343
v 0.08895254 -0.1279543 0.10605633
v 0.0917384 -0.1279543 0.10466343
v 0.08616668 -0.15024108 0.10466343
v 0.08198792 -0.19063574 0.10605633
v 0.08895254 -0.17252779 0.10466343
v 0.0917384 -0.17252779 0.10327047
v 0.08616668 -0.19063574 0.10466343
v 0.08198792 -0.23103046 0.10605633
v 0.08895254 -0.21710122 0.10466343
v 0.0917384 -0.21710122 0.10466343
v 0.08616668 -0.23103046 0.10605633
v 0.08198792 -0.27142516 0.110235095
v 0.08895254 -0.2616747 0.108842194
v 0.0917384 -0.2616747 0.10744923
v 0.0917384 -0.30485523 0.11580676
v 0.08616668 -0.27142516 0.110235095
v 0.08198792 -0.309034 0.11719972
v 0.11541802 -0.33689243 0.11302096
v 0.112632215 -0.33967826 0.11302096
v 0.14049059 -0.36753666 0.10605633
v 0.11959678 -0.33828533 0.11302096
v 0.12238264 -0.3354995 0.11302096
v 0.15024108 -0.3633579 0.10466343
v 0.14745522 -0.40653846 0.10605633
v 0.15024108 -0.40653846 0.10605633
v 0.15024108 -0.44971898 0.10327047
v 0.14327645 -0.40793136 0.10605633
v 0.14049059 -0.40793136 0.10744923
v 0.14745522 -0.44971898 0.10327047
v 0.15024108 -0.4928995 0.09909171
v 0.14327645 -0.44971898 0.10327047
v 0.14049059 -0.44971898 0.10466343
v 0.14745522 -0.4928995 0.09909171
v 0.15024108 -0.53608006 0.10327047
v 0.14327645 -0.4915066 0.09909171
v 0.14049059 -0.4915066 0.10048467
v 0.14327645 -0.5332942 0.10327047
v 0.14049059 -0.5332942 0.10327047
v 0.14745522 -0.53608006 0.10327047
v 0.15024108 -0.5792606 0.10187757
v 0.14327645 -0.5750818 0.10327047
v 0.14049059 -0.5750818 0.10327047
v 0.14745522 -0.5792606 0.10187757
v 0.15024108 -0.6224411 0.10048467
v 0.14327645 -0.61686945 0.09909171
v 0.14049059 -0.61686945 0.09909171
v 0.14745522 -0.6224411 0.09909171
v 0.15024108 -0.6656217 0.10187757
v 0.14327645 -0.6586571 0.10048467
v 0.14049059 -0.6586571 0.10048467
v 0.14745522 -0.6656217 0.10187757
v 0.15024108 -0.7088022 0.10605633
v 0.14327645 -0.7004447 0.10605633
v 0.14049059 -0.7004447 0.10605633
v 0.14049059 -0.7422323 0.10466343
v 0.14745522 -0.7088022 0.10605633
v 0.15024108 -0.75198275 0.10327047
v 0.111239254 -0.7491969 0.10605633
v 0.111239254 -0.75198275 0.10605633
v 0.06945163 -0.75198275 0.111627996
v 0.10427469 -0.7450181 0.10744923
v 0.10427469 -0.7422323 0.10744923
v 0.06945163 -0.7491969 0.11302096
v 0.062487066 -0.7450181 0.11580676
v 0.062487066 -0.7422323 0.11719972
v 0.026271105 -0.7491969 0.11859262
v 0.026271105 -0.75198275 0.11859262
v -0.01690942 -0.75198275 0.11859262
v 0.022092342 -0.7450181 0.11859262
v 0.022092342 -0.7422323 0.11998552
v -0.01690942 -0.7491969 0.11998552
v -0.060089946 -0.75198275 0.11719972
v -0.018302321 -0.7450181 0.11998552
v -0.018302321 -0.7422323 0.11998552
v -0.060089946 -0.7491969 0.11719972
v -0.10187757 -0.75198275 0.11719972
v -0.060089946 -0.7450181 0.11719972
v -0.060089946 -0.7422323 0.11719972
v -0.10048467 -0.7450181 0.11719972
v -0.10048467 -0.7422323 0.11719972
v -0.1422723 -0.7422323 0.11998552
v -0.10187757 -0.7491969 0.11719972
v -0.1422723 -0.7450181 0.11998552
v -0.1436652 -0.7491969 0.11998552
v -0.1450581 -0.75198275 0.11859262
v -0.1784882 -0.7241243 0.12416428
v -0.1770953 -0.71855265 0.12416428
v -0.17430943 -0.7157668 0.12416428
v -0.20773953 -0.6893013 0.13252181
v -0.1770953 -0.7213385 0.12416428
v -0.2105254 -0.694873 0.13252181
v -0.2133112 -0.69765884 0.13252181
v -0.20913243 -0.6920872 0.13252181
v -0.23977673 -0.66283584 0.13391477
v -0.2453484 -0.6670146 0.13391477
v -0.2467413 -0.6698004 0.13391477
v -0.24256253 -0.66422874 0.13391477
v -0.27320677 -0.63637036 0.12137848
v -0.2759927 -0.63776326 0.12137848
v -0.30663687 -0.6085119 0.111627996
v -0.2787785 -0.63915616 0.12137848
v -0.2815643 -0.641942 0.12137848
v -0.30802983 -0.6112978 0.111627996
v -0.33867413 -0.58204645 0.10327047
v -0.31360155 -0.6126907 0.111627996
v -0.3149944 -0.61547655 0.111627996
v -0.34981745 -0.5876181 0.10327047
v -0.3456387 -0.5430447 0.10187757
v -0.34981745 -0.5430447 0.10187757
v -0.34981745 -0.4984712 0.10048467
v -0.3428529 -0.5388659 0.10187757
v -0.33867413 -0.5388659 0.10187757
v -0.3456387 -0.4984712 0.10048467
v -0.34981745 -0.4525048 0.09909171
v -0.3428529 -0.49429244 0.10048467
v -0.33867413 -0.49429244 0.10048467
v -0.3456387 -0.4525048 0.09909171
v -0.34981745 -0.40793136 0.09909171
v -0.3428529 -0.44971898 0.09909171
v -0.33867413 -0.44971898 0.09909171
v -0.3456387 -0.40793136 0.09909171
v -0.34981745 -0.3633579 0.10187757
v -0.3428529 -0.40514553 0.09909171
v -0.33867413 -0.40514553 0.09909171
v -0.3456387 -0.3633579 0.10187757
v -0.34981745 -0.31878445 0.10605633
v -0.3428529 -0.36057207 0.10187757
v -0.33867413 -0.36057207 0.10187757
v -0.3456387 -0.31878445 0.10605633
v -0.34981745 -0.274211 0.111627996
v -0.3428529 -0.3159986 0.10605633
v -0.33867413 -0.3159986 0.10605633
v -0.3456387 -0.274211 0.111627996
v -0.34981745 -0.2296375 0.12137848
v -0.3428529 -0.27142516 0.11302096
v -0.33867413 -0.27142516 0.11302096
v -0.3456387 -0.2296375 0.12137848
v -0.34981745 -0.18506408 0.12555724
v -0.3428529 -0.2268517 0.12137848
v -0.33867413 -0.2268517 0.12137848
v -0.3456387 -0.18506408 0.12555724
v -0.34981745 -0.13909769 0.11719972
v -0.3428529 -0.18367118 0.12555724
v -0.33867413 -0.18367118 0.12555724
v -0.3456387 -0.13909769 0.11719972
v -0.34981745 -0.094524205 0.11859262
v -0.3428529 -0.13909769 0.11719972
v -0.33867413 -0.13909769 0.11719972
v -0.3456387 -0.094524205 0.11719972
v -0.34981745 -0.04995078 0.129736
v -0.3428529 -0.094524205 0.11859262
v -0.34006697 -0.094524205 0.11719972
v -0.3456387 -0.04995078 0.129736
v -0.34981745 -0.0053772926 0.1422723
v -0.3428529 -0.04995078 0.1311289
v -0.34006697 -0.04995078 0.1311289
v -0.3456387 -0.0053772926 0.1422723
v -0.34981745 0.039196134 0.1436652
v -0.3428529 -0.0053772926 0.1422723
v -0.34006697 -0.0053772926 0.1436652
v -0.3428529 0.039196134 0.1436652
v -0.34006697 0.039196134 0.1436652
v -0.3456387 0.039196134 0.1436652
v -0.34981745 0.08376962 0.14784396
v -0.3428529 0.08376962 0.14784396
v -0.34006697 0.08376962 0.14784396
v -0.3456387 0.08376962 0.14784396
v -0.34981745 0.12834305 0.13391477
v -0.3428529 0.12695014 0.13391477
v -0.34006697 0.12695014 0.13391477
v -0.3456387 0.12834305 0.13391477
v -0.34981745 0.17291653 0.12555724
v -0.3428529 0.17152363 0.12555724
v -0.34006697 0.17152363 0.12555724
v -0.3456387 0.17291653 0.12555724
v -0.34981745 0.21888292 0.12416428
v -0.3428529 0.21609706 0.12416428
v -0.34006697 0.21609706 0.12416428
v -0.3456387 0.21888292 0.12416428
v -0.34981745 0.2634564 0.11441386
v -0.3428529 0.26067048 0.11441386
v -0.34006697 0.26067048 0.11441386
v -0.3456387 0.2634564 0.11441386
v -0.34981745 0.30802983 0.110235095
v -0.3428529 0.30524403 0.110235095
v -0.34006697 0.30524403 0.110235095
v -0.3456387 0.30802983 0.110235095
v -0.34981745 0.35260326 0.11719972
v -0.3428529 0.34981745 0.11719972
v -0.34006697 0.34981745 0.11719972
v -0.3456387 0.35260326 0.11719972
v -0.34981745 0.39717668 0.12416428
v -0.3428529 0.39439088 0.12277138
v -0.34006697 0.39439088 0.12416428
v -0.3456387 0.39717668 0.12416428
v -0.34981745 0.44175023 0.14784396
v -0.3428529 0.43757147 0.14645106
v -0.34006697 0.43757147 0.14784396
v -0.3456387 0.44175023 0.14784396
v -0.34981745 0.48632365 0.15341562
v -0.3428529 0.4821449 0.15341562
v -0.34006697 0.4821449 0.15341562
v -0.34006697 0.5267183 0.1436652
v -0.3456387 0.48632365 0.15341562
v -0.34981745 0.53229004 0.1436652
v -0.31360155 0.5573626 0.14923686
v -0.3149944 0.5601484 0.14923686
v -0.3094228 0.5573626 0.14923686
v -0.30663687 0.5545768 0.14923686
v -0.2787785 0.585221 0.15062982
v -0.2815643 0.5880069 0.15062982
v -0.2759927 0.58382815 0.15062982
v -0.27320677 0.58104223 0.15062982
v -0.2453484 0.6144723 0.15062982
v -0.2467413 0.6158653 0.15062982
v -0.24256253 0.6116865 0.15062982
v -0.24116963 0.6089007 0.15062982
v -0.20773953 0.63536614 0.14923686
v -0.2105254 0.63815194 0.14923686
v -0.1757024 0.6632245 0.15062982
v -0.2105254 0.6423307 0.14923686
v -0.2133112 0.6451166 0.14923686
v -0.1757024 0.66601044 0.15062982
v -0.1770953 0.6701892 0.14923686
v -0.1784882 0.672975 0.14923686
v -0.13530767 0.672975 0.14645106
v -0.13530767 0.6701892 0.14784396
v -0.093520045 0.672975 0.13948643
v -0.13391477 0.66601044 0.14784396
v -0.13391477 0.6632245 0.14784396
v -0.093520045 0.6701892 0.14087933
v -0.05033952 0.672975 0.129736
v -0.093520045 0.66601044 0.14087933
v -0.093520045 0.6632245 0.1422723
v -0.05312538 0.6632245 0.13252181
v -0.05312538 0.66601044 0.1311289
v -0.011337757 0.6632245 0.12137848
v -0.05033952 0.6701892 0.129736
v -0.0071589947 0.672975 0.11719972
v -0.011337757 0.66601044 0.11998552
v -0.0071589947 0.6701892 0.11859262
v 0.03602159 0.672975 0.10744923
v 0.029056966 0.66601044 0.110235095
v 0.029056966 0.6632245 0.110235095
v 0.06945163 0.6632245 0.10187757
v 0.03602159 0.6701892 0.10744923
v 0.077809155 0.672975 0.09909171
v 0.06945163 0.66601044 0.10187757
v 0.077809155 0.6701892 0.10048467
vt 0.16442621 0.81821615
vt 0.16442621 0.81821615
vt 0.17617095 0.79864156
vt 0.17617095 0.79864156
vt 0.17617095 0.79864156
vt 0.17617095 0.79864156
vt 0.17617095 0.7673223
vt 0.17617095 0.7673223
vt 0.17617095 0.7673223
vt 0.17617095 0.7673223
vt 0.17617095 0.73600304
vt 0.17617095 0.73600304
vt 0.17617095 0.7085987
vt 0.17617095 0.7085987
vt 0.17617095 0.6772794
vt 0.17617095 0.6772794
vt 0.17617095 0.6772794
vt 0.17617095 0.6772794
vt 0.17617095 0.6459601
vt 0.17617095 0.6459601
vt 0.17617095 0.61464083
vt 0.17617095 0.61464083
vt 0.17617095 0.5833216
vt 0.17617095 0.5833216
vt 0.17617095 0.5833216
vt 0.17617095 0.5833216
vt 0.17225602 0.56766194
vt 0.16834112 0.56766194
vt 0.16442621 0.55200225
vt 0.1605113 0.55200225
vt 0.15659639 0.5324277
vt 0.15659639 0.5324277
vt 0.15659639 0.5324277
vt 0.15659639 0.5324277
vt 0.15659639 0.50502336
vt 0.15659639 0.50502336
vt 0.15659639 0.477619
vt 0.15659639 0.477619
vt 0.15659639 0.477619
vt 0.15659639 0.477619
vt 0.15659639 0.45021462
vt 0.15659639 0.45021462
vt 0.15659639 0.42281026
vt 0.15659639 0.42281026
vt 0.15659639 0.3954059
vt 0.15659639 0.3954059
vt 0.15659639 0.3640866
vt 0.15659639 0.3640866
vt 0.15659639 0.33668223
vt 0.15659639 0.33668223
vt 0.15659639 0.33668223
vt 0.15659639 0.33668223
vt 0.15659639 0.30927786
vt 0.15659639 0.30927786
vt 0.15659639 0.30927786
vt 0.15659639 0.30927786
vt 0.16834112 0.2897033
vt 0.16442621 0.2897033
vt 0.17617095 0.27012876
vt 0.17617095 0.27012876
vt 0.17617095 0.27012876
vt 0.17617095 0.27012876
vt 0.17617095 0.2427244
vt 0.17617095 0.2427244
vt 0.17617095 0.21140513
vt 0.17617095 0.21140513
vt 0.17617095 0.18400076
vt 0.17617095 0.18400076
vt 0.17617095 0.18400076
vt 0.17617095 0.18400076
vt 0.17617095 0.15268148
vt 0.17617095 0.15268148
vt 0.17617095 0.15268148
vt 0.17617095 0.15268148
vt 0.17617095 0.12527712
vt 0.17617095 0.12527712
vt 0.17617095 0.093957834
vt 0.17617095 0.093957834
vt 0.17617095 0.093957834
vt 0.17617095 0.093957834
vt 0.17617095 0.066553466
vt 0.17617095 0.066553466
vt 0.17617095 0.035234187
vt 0.17617095 0.035234187
vt 0.17617095 0.035234187
vt 0.17617095 0.035234187
vt 0.17617095 0.00782982
vt 0.17617095 0.00782982
vt 0.17617095 0.00782982
vt 0.17617095 0.00782982
vt 0.1605113 0.00782982
vt 0.1605113 0.00782982
vt 0.14876658 0.00782982
vt 0.14485165 0.00782982
vt 0.13310693 0.00782982
vt 0.13310693 0.00782982
vt 0.117447294 0.00782982
vt 0.117447294 0.00782982
vt 0.105702564 0.00782982
vt 0.10178766 0.00782982
vt 0.09004293 0.00782982
vt 0.09004293 0.00782982
vt 0.07438329 0.00782982
vt 0.07438329 0.00782982
vt 0.07438329 0.00782982
vt 0.07438329 0.00782982
vt 0.06263856 0.027404368
vt 0.06263856 0.027404368
vt 0.05089383 0.043064006
vt 0.05089383 0.043064006
vt 0.05089383 0.043064006
vt 0.05089383 0.043064006
vt 0.039149098 0.06263856
vt 0.039149098 0.06263856
vt 0.039149098 0.06263856
vt 0.039149098 0.06263856
vt 0.027404368 0.082213104
vt 0.027404368 0.082213104
vt 0.01565964 0.10178766
vt 0.01565964 0.10178766
vt 0.00391491 0.117447294
vt 0.00391491 0.117447294
vt 0.00391491 0.117447294
vt 0.00391491 0.117447294
vt 0.00391491 0.14876658
vt 0.00391491 0.14876658
vt 0.00391491 0.18008585
vt 0.00391491 0.18008585
vt 0.00391491 0.21140513
vt 0.00391491 0.21140513
vt 0.00391491 0.2427244
vt 0.00391491 0.2427244
vt 0.00391491 0.27404368
vt 0.00391491 0.27404368
vt 0.00391491 0.30536297
vt 0.00391491 0.30536297
vt 0.00391491 0.33668223
vt 0.00391491 0.33668223
vt 0.00391491 0.36800152
vt 0.00391491 0.36800152
vt 0.00391491 0.36800152
vt 0.00391491 0.36800152
vt 0.00391491 0.39932078
vt 0.00391491 0.39932078
vt 0.00391491 0.39932078
vt 0.00391491 0.39932078
vt 0.00391491 0.43064007
vt 0.00391491 0.43064007
vt 0.00391491 0.43064007
vt 0.00391491 0.43064007
vt 0.00391491 0.46195936
vt 0.00391491 0.46195936
vt 0.00391491 0.46195936
vt 0.00391491 0.46195936
vt 0.00391491 0.49327862
vt 0.00391491 0.49327862
vt 0.00391491 0.5245979
vt 0.00391491 0.5245979
vt 0.00391491 0.5245979
vt 0.00391491 0.5245979
vt 0.00391491 0.5559172
vt 0.00391491 0.5559172
vt 0.00391491 0.5833216
vt 0.00391491 0.5833216
vt 0.00391491 0.5833216
vt 0.00391491 0.5833216
vt 0.00391491 0.61464083
vt 0.00391491 0.61464083
vt 0.00391491 0.61464083
vt 0.00391491 0.61464083
vt 0.00391491 0.6459601
vt 0.00391491 0.6459601
vt 0.00391491 0.6459601
vt 0.00391491 0.6459601
vt 0.00391491 0.6772794
vt 0.00391491 0.6772794
vt 0.00391491 0.6772794
vt 0.00391491 0.6772794
vt 0.00391491 0.7085987
vt 0.00391491 0.7085987
vt 0.00391491 0.7085987
vt 0.00391491 0.7085987
vt 0.00391491 0.73991793
vt 0.00391491 0.73991793
vt 0.00391491 0.73991793
vt 0.00391491 0.73991793
vt 0.00391491 0.7712372
vt 0.00391491 0.7712372
vt 0.00391491 0.8025565
vt 0.00391491 0.8025565
vt 0.00391491 0.8025565
vt 0.00391491 0.8025565
vt 0.00391491 0.8338758
vt 0.00391491 0.8338758
vt 0.00391491 0.8338758
vt 0.00391491 0.8338758
vt 0.00391491 0.86519504
vt 0.00391491 0.86519504
vt 0.00391491 0.86519504
vt 0.00391491 0.86519504
vt 0.00391491 0.89651436
vt 0.00391491 0.89651436
vt 0.00391491 0.89651436
vt 0.00391491 0.89651436
vt 0.01565964 0.9160889
vt 0.01565964 0.9160889
vt 0.01565964 0.9160889
vt 0.01565964 0.9160889
vt 0.027404368 0.9356634
vt 0.027404368 0.9356634
vt 0.039149098 0.9513231
vt 0.039149098 0.9513231
vt 0.05089383 0.9708976
vt 0.05089383 0.9708976
vt 0.06263856 0.99047214
vt 0.06263856 0.99047214
vt 0.06263856 0.99047214
vt 0.06263856 0.99047214
vt 0.078298196 0.99047214
vt 0.07438329 0.99047214
vt 0.093957834 0.99047214
vt 0.09004293 0.99047214
vt 0.105702564 0.99047214
vt 0.105702564 0.99047214
vt 0.1213622 0.99047214
vt 0.1213622 0.99047214
vt 0.13702184 0.99047214
vt 0.13310693 0.99047214
vt 0.14876658 0.99047214
vt 0.14876658 0.99047214
vt 0.16442621 0.99047214
vt 0.16442621 0.99047214
vt 0.16442621 0.99047214
vt 0.16442621 0.99047214
vt 0.16442621 0.96306777
vt 0.16442621 0.96306777
vt 0.16442621 0.9317485
vt 0.16442621 0.9317485
vt 0.16442621 0.9317485
vt 0.16442621 0.9317485
vt 0.16442621 0.90434414
vt 0.16442621 0.90434414
vt 0.16442621 0.90434414
vt 0.16442621 0.90434414
vt 0.16442621 0.8769398
vt 0.16442621 0.8769398
vt 0.16442621 0.8769398
vt 0.16442621 0.8769398
vt 0.16442621 0.8456205
vt 0.16442621 0.8456205
vt 0.16442621 0.8456205
vt 0.16442621 0.8456205
vt 0.16442621 0.81821615
vt 0.16442621 0.81821615
vt 0.16834112 0.998302
vt 0.16834112 0.998302
vt 0.15268148 0.998302
vt 0.15268148 0.998302
vt 0.13702184 0.998302
vt 0.13702184 0.998302
vt 0.1213622 0.998302
vt 0.1213622 0.998302
vt 0.105702564 0.998302
vt 0.105702564 0.998302
vt 0.093957834 0.998302
vt 0.09004293 0.998302
vt 0.078298196 0.998302
vt 0.07438329 0.998302
vt 0.06263856 0.998302
vt 0.058723647 0.998302
vt 0.058723647 0.998302
vt 0.06263856 0.998302
vt 0.05089383 0.97872746
vt 0.046978917 0.97872746
vt 0.039149098 0.9591529
vt 0.035234187 0.9591529
vt 0.027404368 0.93957835
vt 0.023489458 0.93957835
vt 0.011744729 0.9200038
vt 0.011744729 0.9200038
vt 0.011744729 0.9200038
vt 0.011744729 0.9200038
vt 0 0.90042925
vt 0 0.90042925
vt 0 0.90042925
vt 0 0.90042925
vt 0 0.86911
vt 0 0.86911
vt 0 0.86911
vt 0 0.86911
vt 0 0.83779067
vt 0 0.83779067
vt 0 0.83779067
vt 0 0.83779067
vt 0 0.8064714
vt 0 0.8064714
vt 0 0.8064714
vt 0 0.8064714
vt 0 0.77515215
vt 0 0.77515215
vt 0 0.7438328
vt 0 0.7438328
vt 0 0.7438328
vt 0 0.7438328
vt 0 0.71251357
vt 0 0.71251357
vt 0 0.71251357
vt 0 0.71251357
vt 0 0.6811943
vt 0 0.6811943
vt 0 0.6811943
vt 0 0.6811943
vt 0 0.64987504
vt 0 0.64987504
vt 0 0.64987504
vt 0 0.64987504
vt 0 0.6185557
vt 0 0.6185557
vt 0 0.58723646
vt 0 0.58723646
vt 0 0.58723646
vt 0 0.58723646
vt 0 0.5559172
vt 0 0.5559172
vt 0 0.5245979
vt 0 0.5245979
vt 0 0.5245979
vt 0 0.5245979
vt 0 0.49327862
vt 0 0.49327862
vt 0 0.46195936
vt 0 0.46195936
vt 0 0.46195936
vt 0 0.46195936
vt 0 0.43064007
vt 0 0.43064007
vt 0 0.43064007
vt 0 0.43064007
vt 0 0.39932078
vt 0 0.39932078
vt 0 0.39932078
vt 0 0.39932078
vt 0 0.36800152
vt 0 0.36800152
vt 0 0.36800152
vt 0 0.36800152
vt 0 0.33668223
vt 0 0.33668223
vt 0 0.30536297
vt 0 0.30536297
vt 0 0.27404368
vt 0 0.27404368
vt 0 0.2427244
vt 0 0.2427244
vt 0 0.21140513
vt 0 0.21140513
vt 0 0.18008585
vt 0 0.18008585
vt 0 0.14876658
vt 0 0.14876658
vt 0 0.117447294
vt 0 0.117447294
vt 0 0.117447294
vt 0 0.117447294
vt 0.011744729 0.09787274
vt 0.011744729 0.09787274
vt 0.027404368 0.078298196
vt 0.023489458 0.078298196
vt 0.039149098 0.058723647
vt 0.035234187 0.058723647
vt 0.035234187 0.058723647
vt 0.039149098 0.058723647
vt 0.05089383 0.039149098
vt 0.046978917 0.039149098
vt 0.06263856 0.019574549
vt 0.058723647 0.019574549
vt 0.07438329 0
vt 0.07046837 0
vt 0.07046837 0
vt 0.07438329 0
vt 0.09004293 0
vt 0.08612801 0
vt 0.105702564 0
vt 0.10178766 0
vt 0.117447294 0
vt 0.117447294 0
vt 0.13310693 0
vt 0.13310693 0
vt 0.14876658 0
vt 0.14876658 0
vt 0.16442621 0
vt 0.16442621 0
vt 0.18008585 0
vt 0.18008585 0
vt 0.18008585 0
vt 0.18008585 0
vt 0.18008585 0.03131928
vt 0.18008585 0.03131928
vt 0.18008585 0.03131928
vt 0.18008585 0.03131928
vt 0.18008585 0.06263856
vt 0.18008585 0.06263856
vt 0.18008585 0.09004293
vt 0.18008585 0.09004293
vt 0.18008585 0.1213622
vt 0.18008585 0.1213622
vt 0.18008585 0.15268148
vt 0.18008585 0.15268148
vt 0.18008585 0.15268148
vt 0.18008585 0.15268148
vt 0.18008585 0.18008585
vt 0.18008585 0.18008585
vt 0.18008585 0.18008585
vt 0.18008585 0.18008585
vt 0.18008585 0.21140513
vt 0.18008585 0.21140513
vt 0.18008585 0.2427244
vt 0.18008585 0.2427244
vt 0.18008585 0.27404368
vt 0.18008585 0.27404368
vt 0.18008585 0.27404368
vt 0.18008585 0.27404368
vt 0.16834112 0.29361823
vt 0.16834112 0.29361823
vt 0.1605113 0.31319278
vt 0.1605113 0.31319278
vt 0.1605113 0.31319278
vt 0.1605113 0.31319278
vt 0.1605113 0.34451205
vt 0.1605113 0.34451205
vt 0.1605113 0.34451205
vt 0.1605113 0.34451205
vt 0.1605113 0.37583134
vt 0.1605113 0.37583134
vt 0.1605113 0.40715063
vt 0.1605113 0.40715063
vt 0.1605113 0.4384699
vt 0.1605113 0.4384699
vt 0.1605113 0.46978918
vt 0.1605113 0.46978918
vt 0.1605113 0.46978918
vt 0.1605113 0.46978918
vt 0.1605113 0.50110847
vt 0.1605113 0.50110847
vt 0.1605113 0.50110847
vt 0.1605113 0.50110847
vt 0.1605113 0.5324277
vt 0.1605113 0.5324277
vt 0.1605113 0.5324277
vt 0.1605113 0.5324277
vt 0.16834112 0.54808736
vt 0.16442621 0.54808736
vt 0.17225602 0.563747
vt 0.17225602 0.563747
vt 0.18008585 0.5833216
vt 0.18008585 0.5833216
vt 0.18008585 0.5833216
vt 0.18008585 0.5833216
vt 0.18008585 0.61464083
vt 0.18008585 0.61464083
vt 0.18008585 0.6459601
vt 0.18008585 0.6459601
vt 0.18008585 0.6772794
vt 0.18008585 0.6772794
vt 0.18008585 0.6772794
vt 0.18008585 0.6772794
vt 0.18008585 0.7085987
vt 0.18008585 0.7085987
vt 0.18008585 0.73991793
vt 0.18008585 0.73991793
vt 0.18008585 0.7712372
vt 0.18008585 0.7712372
vt 0.18008585 0.7712372
vt 0.18008585 0.7712372
vt 0.18008585 0.8025565
vt 0.18008585 0.8025565
vt 0.18008585 0.8025565
vt 0.18008585 0.8025565
vt 0.16834112 0.82213104
vt 0.16834112 0.82213104
vt 0.16834112 0.82213104
vt 0.16834112 0.82213104
vt 0.16834112 0.8495354
vt 0.16834112 0.8495354
vt 0.16834112 0.8495354
vt 0.16834112 0.8495354
vt 0.16834112 0.88085467
vt 0.16834112 0.88085467
vt 0.16834112 0.90825903
vt 0.16834112 0.90825903
vt 0.16834112 0.90825903
vt 0.16834112 0.90825903
vt 0.16834112 0.93957835
vt 0.16834112 0.93957835
vt 0.16834112 0.93957835
vt 0.16834112 0.93957835
vt 0.16834112 0.9669827
vt 0.16834112 0.9669827
vt 0.16834112 0.9669827
vt 0.16834112 0.9669827
vt 0.16834112 0.998302
vt 0.16834112 0.998302
vt 0.16834112 0.9669827
vt 0.16834112 0.9669827
vt 0.16834112 0.93957835
vt 0.16834112 0.998302
vt 0.16834112 0.93957835
vt 0.16834112 0.90825903
vt 0.16834112 0.90825903
vt 0.16834112 0.88085467
vt 0.16834112 0.88085467
vt 0.16834112 0.8495354
vt 0.16834112 0.8495354
vt 0.16834112 0.82213104
vt 0.16442621 0.99047214
vt 0.16442621 0.96306777
vt 0.16442621 0.9317485
vt 0.16442621 0.90434414
vt 0.16442621 0.8769398
vt 0.16442621 0.96306777
vt 0.16442621 0.9317485
vt 0.16442621 0.90434414
vt 0.16442621 0.8769398
vt 0.16442621 0.8456205
vt 0.16442621 0.8456205
vt 0.16442621 0.81821615
vt 0.17617095 0.79864156
vt 0.18008585 0.8025565
vt 0.18008585 0.7712372
vt 0.18008585 0.7712372
vt 0.18008585 0.7673223
vt 0.17617095 0.7673223
vt 0.17617095 0.73600304
vt 0.18008585 0.73991793
vt 0.18008585 0.73991793
vt 0.18008585 0.73600304
vt 0.17617095 0.7085987
vt 0.18008585 0.7085987
vt 0.18008585 0.7085987
vt 0.18008585 0.7085987
vt 0.18008585 0.6772794
vt 0.18008585 0.6772794
vt 0.18008585 0.6772794
vt 0.17617095 0.6772794
vt 0.18008585 0.6459601
vt 0.17617095 0.6459601
vt 0.18008585 0.6459601
vt 0.18008585 0.6459601
vt 0.18008585 0.61464083
vt 0.17617095 0.61464083
vt 0.17617095 0.5833216
vt 0.18008585 0.61464083
vt 0.18008585 0.61464083
vt 0.18008585 0.5833216
vt 0.18008585 0.5833216
vt 0.18008585 0.5833216
vt 0.17225602 0.563747
vt 0.17225602 0.56766194
vt 0.17225602 0.56766194
vt 0.17225602 0.56766194
vt 0.16442621 0.55200225
vt 0.16834112 0.54808736
vt 0.1605113 0.5324277
vt 0.16442621 0.54808736
vt 0.16442621 0.55200225
vt 0.1605113 0.5324277
vt 0.15659639 0.5324277
vt 0.15659639 0.5324277
vt 0.15659639 0.50502336
vt 0.15659639 0.50502336
vt 0.15659639 0.477619
vt 0.1605113 0.50110847
vt 0.1605113 0.50110847
vt 0.15659639 0.477619
vt 0.15659639 0.45021462
vt 0.1605113 0.46978918
vt 0.1605113 0.46978918
vt 0.15659639 0.45021462
vt 0.15659639 0.42281026
vt 0.1605113 0.4384699
vt 0.1605113 0.4384699
vt 0.15659639 0.42281026
vt 0.15659639 0.3954059
vt 0.1605113 0.40715063
vt 0.1605113 0.40715063
vt 0.15659639 0.3954059
vt 0.15659639 0.3640866
vt 0.1605113 0.37583134
vt 0.1605113 0.37583134
vt 0.15659639 0.3640866
vt 0.15659639 0.33668223
vt 0.1605113 0.34451205
vt 0.1605113 0.34451205
vt 0.1605113 0.31319278
vt 0.15659639 0.33668223
vt 0.15659639 0.30927786
vt 0.16834112 0.2897033
vt 0.16834112 0.2897033
vt 0.17617095 0.27012876
vt 0.16834112 0.2897033
vt 0.16834112 0.29361823
vt 0.18008585 0.27404368
vt 0.18008585 0.2427244
vt 0.18008585 0.2427244
vt 0.18008585 0.21140513
vt 0.17617095 0.2427244
vt 0.17617095 0.2427244
vt 0.18008585 0.21140513
vt 0.18008585 0.18008585
vt 0.17617095 0.21140513
vt 0.17617095 0.21140513
vt 0.18008585 0.18008585
vt 0.18008585 0.15268148
vt 0.17617095 0.18400076
vt 0.17617095 0.18400076
vt 0.17617095 0.15268148
vt 0.17617095 0.15268148
vt 0.18008585 0.15268148
vt 0.18008585 0.1213622
vt 0.17617095 0.12527712
vt 0.17617095 0.12527712
vt 0.18008585 0.1213622
vt 0.18008585 0.09004293
vt 0.17617095 0.093957834
vt 0.17617095 0.093957834
vt 0.18008585 0.09004293
vt 0.18008585 0.06263856
vt 0.17617095 0.066553466
vt 0.17617095 0.066553466
vt 0.18008585 0.06263856
vt 0.18008585 0.03131928
vt 0.17617095 0.035234187
vt 0.17617095 0.035234187
vt 0.17617095 0.00782982
vt 0.18008585 0.03131928
vt 0.18008585 0
vt 0.16442621 0.00391491
vt 0.16442621 0
vt 0.14876658 0
vt 0.1605113 0.00391491
vt 0.1605113 0.00782982
vt 0.14876658 0.00391491
vt 0.14876658 0.00391491
vt 0.14876658 0.00782982
vt 0.13310693 0.00391491
vt 0.13310693 0
vt 0.117447294 0
vt 0.13310693 0.00391491
vt 0.13310693 0.00782982
vt 0.117447294 0.00391491
vt 0.105702564 0
vt 0.117447294 0.00391491
vt 0.117447294 0.00782982
vt 0.105702564 0.00391491
vt 0.09004293 0
vt 0.105702564 0.00391491
vt 0.105702564 0.00782982
vt 0.09004293 0.00391491
vt 0.09004293 0.00782982
vt 0.07438329 0.00782982
vt 0.09004293 0.00391491
vt 0.07438329 0.00391491
vt 0.07438329 0.00391491
vt 0.07438329 0
vt 0.06263856 0.019574549
vt 0.06263856 0.023489458
vt 0.06263856 0.027404368
vt 0.05089383 0.043064006
vt 0.06263856 0.019574549
vt 0.05089383 0.039149098
vt 0.05089383 0.039149098
vt 0.05089383 0.043064006
vt 0.039149098 0.06263856
vt 0.039149098 0.058723647
vt 0.039149098 0.058723647
vt 0.039149098 0.06263856
vt 0.027404368 0.082213104
vt 0.027404368 0.078298196
vt 0.01565964 0.10178766
vt 0.027404368 0.078298196
vt 0.027404368 0.078298196
vt 0.01565964 0.09787274
vt 0.00391491 0.117447294
vt 0.01565964 0.09787274
vt 0.011744729 0.09787274
vt 0 0.117447294
vt 0.00391491 0.14876658
vt 0 0.14876658
vt 0 0.18008585
vt 0.00391491 0.14876658
vt 0.00391491 0.14876658
vt 0.00391491 0.18008585
vt 0 0.21140513
vt 0.00391491 0.18008585
vt 0.00391491 0.18008585
vt 0.00391491 0.21140513
vt 0 0.2427244
vt 0.00391491 0.21140513
vt 0.00391491 0.21140513
vt 0.00391491 0.2427244
vt 0 0.27404368
vt 0.00391491 0.2427244
vt 0.00391491 0.2427244
vt 0.00391491 0.27404368
vt 0 0.30536297
vt 0.00391491 0.27404368
vt 0.00391491 0.27404368
vt 0.00391491 0.30536297
vt 0 0.33668223
vt 0.00391491 0.30536297
vt 0.00391491 0.30536297
vt 0.00391491 0.33668223
vt 0 0.36800152
vt 0.00391491 0.33668223
vt 0.00391491 0.33668223
vt 0.00391491 0.36800152
vt 0 0.39932078
vt 0.00391491 0.36800152
vt 0.00391491 0.36800152
vt 0.00391491 0.39932078
vt 0 0.43064007
vt 0.00391491 0.39932078
vt 0.00391491 0.39932078
vt 0.00391491 0.43064007
vt 0 0.46195936
vt 0.00391491 0.43064007
vt 0.00391491 0.43064007
vt 0.00391491 0.46195936
vt 0 0.49327862
vt 0.00391491 0.46195936
vt 0.00391491 0.46195936
vt 0.00391491 0.49327862
vt 0 0.5245979
vt 0.00391491 0.49327862
vt 0.00391491 0.49327862
vt 0.00391491 0.5245979
vt 0 0.5559172
vt 0.00391491 0.5245979
vt 0.00391491 0.5245979
vt 0.00391491 0.5559172
vt 0.00391491 0.5559172
vt 0.00391491 0.5559172
vt 0 0.58723646
vt 0.00391491 0.5833216
vt 0.00391491 0.5833216
vt 0.00391491 0.58723646
vt 0 0.6185557
vt 0.00391491 0.61464083
vt 0.00391491 0.61464083
vt 0.00391491 0.6185557
vt 0 0.64987504
vt 0.00391491 0.6459601
vt 0.00391491 0.6459601
vt 0.00391491 0.64987504
vt 0 0.6811943
vt 0.00391491 0.6772794
vt 0.00391491 0.6772794
vt 0.00391491 0.6811943
vt 0 0.71251357
vt 0.00391491 0.7085987
vt 0.00391491 0.7085987
vt 0.00391491 0.71251357
vt 0 0.7438328
vt 0.00391491 0.73991793
vt 0.00391491 0.73991793
vt 0.00391491 0.7438328
vt 0 0.77515215
vt 0.00391491 0.7712372
vt 0.00391491 0.7712372
vt 0.00391491 0.77515215
vt 0 0.8064714
vt 0.00391491 0.8025565
vt 0.00391491 0.8025565
vt 0.00391491 0.8064714
vt 0 0.83779067
vt 0.00391491 0.8338758
vt 0.00391491 0.8338758
vt 0.00391491 0.83779067
vt 0 0.86911
vt 0.00391491 0.86519504
vt 0.00391491 0.86519504
vt 0.00391491 0.89651436
vt 0.00391491 0.86911
vt 0 0.90042925
vt 0.01565964 0.9160889
vt 0.011744729 0.9200038
vt 0.01565964 0.9160889
vt 0.01565964 0.9160889
vt 0.027404368 0.9356634
vt 0.027404368 0.93957835
vt 0.027404368 0.9356634
vt 0.027404368 0.9356634
vt 0.039149098 0.955238
vt 0.039149098 0.9591529
vt 0.039149098 0.955238
vt 0.039149098 0.9513231
vt 0.05089383 0.9708976
vt 0.05089383 0.9748125
vt 0.06263856 0.99047214
vt 0.05089383 0.9748125
vt 0.05089383 0.97872746
vt 0.06263856 0.9943871
vt 0.06263856 0.9943871
vt 0.06263856 0.998302
vt 0.078298196 0.998302
vt 0.078298196 0.9943871
vt 0.093957834 0.998302
vt 0.078298196 0.9943871
vt 0.078298196 0.99047214
vt 0.093957834 0.9943871
vt 0.105702564 0.998302
vt 0.093957834 0.9943871
vt 0.093957834 0.99047214
vt 0.105702564 0.99047214
vt 0.105702564 0.9943871
vt 0.1213622 0.99047214
vt 0.105702564 0.9943871
vt 0.1213622 0.998302
vt 0.1213622 0.9943871
vt 0.1213622 0.9943871
vt 0.13702184 0.998302
vt 0.13702184 0.9943871
vt 0.13702184 0.99047214
vt 0.14876658 0.99047214
vt 0.13702184 0.9943871
vt 0.15268148 0.998302
vt 0.14876658 0.9943871
vt 0.15268148 0.9943871
vn -0.5872276 -0.7141957 0.38090453
vn -0.5872276 -0.7141957 0.38090453
vn -0.5872276 -0.7141957 0.38090453
vn -0.5872276 -0.7141957 0.38090453
vn -0.87290585 0.07935512 0.48139188
vn -0.87290585 0.07935512 0.48139188
vn -0.87290585 0.07935512 0.48139188
vn -0.87290585 0.07935512 0.48139188
vn -0.87290585 -0.07935506 0.48139188
vn -0.87290585 -0.07935506 0.48139188
vn -0.87290585 -0.07935506 0.48139188
vn -0.87290585 -0.07935506 0.48139188
vn -0.87290585 -0.047613025 0.48555985
vn -0.87290585 -0.047613025 0.48555985
vn -0.87290585 -0.047613025 0.48555985
vn -0.87290585 -0.047613025 0.48555985
vn -0.87290585 0.015871048 0.4876305
vn -0.87290585 0.015871048 0.4876305
vn -0.87290585 0.015871048 0.4876305
vn -0.87290585 0.015871048 0.4876305
vn -0.87290585 0.047613025 0.48555985
vn -0.87290585 0.047613025 0.48555985
vn -0.87290585 0.047613025 0.48555985
vn -0.87290585 0.047613025 0.48555985
vn -0.7141957 0.5872276 0.38090453
vn -0.7141957 0.5872276 0.38090453
vn -0.7141957 0.5872276 0.38090453
vn -0.7141957 0.5872276 0.38090453
vn -0.7141957 0.5554856 0.42586413
vn -0.7141957 0.5554856 0.42586413
vn -0.7141957 0.5872276 0.38090453
vn -0.7141957 0.5872276 0.38090453
vn -0.87290585 -0.015870988 0.4876305
vn -0.87290585 -0.015870988 0.4876305
vn -0.87290585 -0.015870988 0.4876305
vn -0.87290585 -0.015870988 0.4876305
vn -0.87290585 -0.047613025 0.48555985
vn -0.87290585 -0.047613025 0.48555985
vn -0.87290585 0.015871048 0.4876305
vn -0.87290585 0.015871048 0.4876305
vn -0.87290585 0.015871048 0.4876305
vn -0.87290585 0.015871048 0.4876305
vn -0.87290585 -0.015870988 0.4876305
vn -0.87290585 -0.015870988 0.4876305
vn -0.87290585 0.015871048 0.4876305
vn -0.87290585 0.015871048 0.4876305
vn -0.87290585 0.015871048 0.4876305
vn -0.87290585 0.015871048 0.4876305
vn -0.87290585 0.047613025 0.48555985
vn -0.87290585 0.047613025 0.48555985
vn -0.87290585 0.1110971 0.47507137
vn -0.87290585 0.1110971 0.47507137
vn -0.87290585 0.1110971 0.47507137
vn -0.87290585 0.1110971 0.47507137
vn -0.65071166 -0.68245363 0.33291346
vn -0.65071166 -0.68245363 0.33291346
vn -0.65071166 -0.68245363 0.33291346
vn -0.65071166 -0.68245363 0.33291346
vn -0.6189697 -0.7141957 0.32680428
vn -0.6189697 -0.7141957 0.32680428
vn -0.87290585 0.015871048 0.4876305
vn -0.87290585 0.015871048 0.4876305
vn -0.87290585 0.015871048 0.4876305
vn -0.87290585 0.015871048 0.4876305
vn -0.87290585 -0.047613025 0.48555985
vn -0.87290585 -0.047613025 0.48555985
vn -0.87290585 -0.047613025 0.48555985
vn -0.87290585 -0.047613025 0.48555985
vn -0.87290585 0.047613025 0.48555985
vn -0.87290585 0.047613025 0.48555985
vn -0.87290585 0.047613025 0.48555985
vn -0.87290585 0.047613025 0.48555985
vn -0.87290585 -0.015870988 0.4876305
vn -0.87290585 -0.015870988 0.4876305
vn -0.87290585 -0.015870988 0.4876305
vn -0.87290585 -0.015870988 0.4876305
vn -0.87290585 -0.047613025 0.48555985
vn -0.87290585 -0.047613025 0.48555985
vn -0.87290585 0.015871048 0.4876305
vn -0.87290585 0.015871048 0.4876305
vn -0.87290585 0.015871048 0.4876305
vn -0.87290585 0.015871048 0.4876305
vn -0.87290585 0.047613025 0.48555985
vn -0.87290585 0.047613025 0.48555985
vn -0.87290585 -0.015870988 0.4876305
vn -0.87290585 -0.015870988 0.4876305
vn -0.87290585 -0.015870988 0.4876305
vn -0.87290585 -0.015870988 0.4876305
vn 0.015870988 0.999874 -0.00034526698
vn 0.015870988 0.999874 -0.00034526698
vn 0.015870988 0.999874 -0.00034526698
vn 0.015870988 0.999874 -0.00034526698
vn 0.015870988 0.999874 -0.00034526698
vn 0.015870988 0.999874 -0.00034526698
vn 0.015870988 0.999874 -0.00034526698
vn 0.015870988 0.999874 -0.00034526698
vn -0.015871048 0.999874 -0.00034526698
vn -0.015871048 0.999874 -0.00034526698
vn -0.015871048 0.999874 -0.00034526698
vn -0.015871048 0.999874 -0.00034526698
vn 0.015870988 0.999874 -0.00034526698
vn 0.015870988 0.999874 -0.00034526698
vn 0.015870988 0.999874 -0.00034526698
vn 0.015870988 0.999874 -0.00034526698
vn 0.55548555 0.7459378 -0.36744055
vn 0.55548555 0.7459378 -0.36744055
vn 0.55548555 0.7459378 -0.36744055
vn 0.55548555 0.7459378 -0.36744055
vn 0.55548555 0.7776798 -0.29436365
vn 0.55548555 0.7776798 -0.29436365
vn 0.5872276 0.7459378 -0.31423005
vn 0.5872276 0.7459378 -0.31423005
vn 0.5872276 0.7459378 -0.31423005
vn 0.5872276 0.7459378 -0.31423005
vn 0.65071166 0.65071166 -0.39134216
vn 0.65071166 0.65071166 -0.39134216
vn 0.65071166 0.65071166 -0.39134216
vn 0.65071166 0.65071166 -0.39134216
vn 0.65071166 0.68245375 -0.3329132
vn 0.65071166 0.68245375 -0.3329132
vn 0.65071166 0.68245375 -0.3329132
vn 0.65071166 0.68245375 -0.3329132
vn 0.87290585 -0.015870988 -0.4876305
vn 0.87290585 -0.015870988 -0.4876305
vn 0.87290585 -0.015870988 -0.4876305
vn 0.87290585 -0.015870988 -0.4876305
vn 0.87290585 -0.015870988 -0.4876305
vn 0.87290585 -0.015870988 -0.4876305
vn 0.87290585 -0.015870988 -0.4876305
vn 0.87290585 -0.015870988 -0.4876305
vn 0.87290585 -0.015870988 -0.4876305
vn 0.87290585 -0.015870988 -0.4876305
vn 0.87290585 0.047613025 -0.48555985
vn 0.87290585 0.047613025 -0.48555985
vn 0.87290585 0.047613025 -0.48555985
vn 0.87290585 0.047613025 -0.48555985
vn 0.87290585 0.047613025 -0.48555985
vn 0.87290585 0.047613025 -0.48555985
vn 0.87290585 0.1110971 -0.47507137
vn 0.87290585 0.1110971 -0.47507137
vn 0.87290585 0.047613025 -0.48555985
vn 0.87290585 0.047613025 -0.48555985
vn 0.87290585 0.047613025 -0.48555985
vn 0.87290585 0.047613025 -0.48555985
vn 0.87290585 -0.07935506 -0.48139188
vn 0.87290585 -0.07935506 -0.48139188
vn 0.87290585 -0.07935506 -0.48139188
vn 0.87290585 -0.07935506 -0.48139188
vn 0.87290585 0.015871048 -0.4876305
vn 0.87290585 0.015871048 -0.4876305
vn 0.87290585 0.015871048 -0.4876305
vn 0.87290585 0.015871048 -0.4876305
vn 0.87290585 0.1428392 -0.46651083
vn 0.87290585 0.1428392 -0.46651083
vn 0.87290585 0.1428392 -0.46651083
vn 0.87290585 0.1428392 -0.46651083
vn 0.87290585 0.1428392 -0.46651083
vn 0.87290585 0.1428392 -0.46651083
vn 0.87290585 0.015871048 -0.4876305
vn 0.87290585 0.015871048 -0.4876305
vn 0.87290585 0.015871048 -0.4876305
vn 0.87290585 0.015871048 -0.4876305
vn 0.87290585 0.015871048 -0.4876305
vn 0.87290585 0.015871048 -0.4876305
vn 0.87290585 -0.14283913 -0.46651083
vn 0.87290585 -0.14283913 -0.46651083
vn 0.87290585 -0.14283913 -0.46651083
vn 0.87290585 -0.14283913 -0.46651083
vn 0.87290585 -0.07935506 -0.48139188
vn 0.87290585 -0.07935506 -0.48139188
vn 0.87290585 -0.07935506 -0.48139188
vn 0.87290585 -0.07935506 -0.48139188
vn 0.87290585 -0.015870988 -0.4876305
vn 0.87290585 -0.015870988 -0.4876305
vn 0.87290585 -0.015870988 -0.4876305
vn 0.87290585 -0.015870988 -0.4876305
vn 0.87290585 -0.1110971 -0.47507137
vn 0.87290585 -0.1110971 -0.47507137
vn 0.87290585 -0.1110971 -0.47507137
vn 0.87290585 -0.1110971 -0.47507137
vn 0.87290585 -0.047613025 -0.48555985
vn 0.87290585 -0.047613025 -0.48555985
vn 0.87290585 -0.047613025 -0.48555985
vn 0.87290585 -0.047613025 -0.48555985
vn 0.87290585 0.07935512 -0.48139188
vn 0.87290585 0.07935512 -0.48139188
vn 0.87290585 0.07935512 -0.48139188
vn 0.87290585 0.07935512 -0.48139188
vn 0.87290585 0.07935512 -0.48139188
vn 0.87290585 0.07935512 -0.48139188
vn 0.8411638 0.23806524 -0.48555988
vn 0.8411638 0.23806524 -0.48555988
vn 0.8411638 0.23806524 -0.48555988
vn 0.8411638 0.23806524 -0.48555988
vn 0.87290585 0.047613025 -0.48555985
vn 0.87290585 0.047613025 -0.48555985
vn 0.87290585 0.047613025 -0.48555985
vn 0.87290585 0.047613025 -0.48555985
vn 0.87290585 -0.1110971 -0.47507137
vn 0.87290585 -0.1110971 -0.47507137
vn 0.87290585 -0.1110971 -0.47507137
vn 0.87290585 -0.1110971 -0.47507137
vn 0.6189696 -0.68245363 -0.38875914
vn 0.6189696 -0.68245363 -0.38875914
vn 0.6189696 -0.68245363 -0.38875914
vn 0.6189696 -0.68245363 -0.38875914
vn 0.6189696 -0.7141957 -0.32680437
vn 0.6189696 -0.7141957 -0.32680437
vn 0.6189696 -0.7141957 -0.32680437
vn 0.6189696 -0.7141957 -0.32680437
vn 0.5872276 -0.7141957 -0.38090453
vn 0.5872276 -0.7141957 -0.38090453
vn 0.5872276 -0.7141957 -0.38090453
vn 0.5872276 -0.7141957 -0.38090453
vn 0.5872276 -0.7141957 -0.38090453
vn 0.5872276 -0.7141957 -0.38090453
vn -0.015871048 -0.999874 -0.00034526698
vn -0.015871048 -0.999874 -0.00034526698
vn -0.015871048 -0.999874 -0.00034526698
vn -0.015871048 -0.999874 -0.00034526698
vn -0.015871048 -0.999874 -0.00034526698
vn -0.015871048 -0.999874 -0.00034526698
vn -0.015871048 -0.999874 -0.00034526698
vn -0.015871048 -0.999874 -0.00034526698
vn -0.015871048 -0.999874 -0.00034526698
vn -0.015871048 -0.999874 -0.00034526698
vn -0.015871048 -0.999874 -0.00034526698
vn -0.015871048 -0.999874 -0.00034526698
vn -0.015871048 -0.999874 -0.00034526698
vn -0.015871048 -0.999874 -0.00034526698
vn -0.015871048 -0.999874 -0.00034526698
vn -0.015871048 -0.999874 -0.00034526698
vn -0.87290585 0.17458117 0.45558402
vn -0.87290585 0.17458117 0.45558402
vn -0.87290585 0.17458117 0.45558402
vn -0.87290585 0.17458117 0.45558402
vn -0.87290585 0.20632327 0.44211546
vn -0.87290585 0.20632327 0.44211546
vn -0.87290585 -0.015870988 0.4876305
vn -0.87290585 -0.015870988 0.4876305
vn -0.87290585 -0.015870988 0.4876305
vn -0.87290585 -0.015870988 0.4876305
vn -0.87290585 -0.1110971 0.47507137
vn -0.87290585 -0.1110971 0.47507137
vn -0.87290585 -0.1110971 0.47507137
vn -0.87290585 -0.1110971 0.47507137
vn -0.87290585 -0.07935506 0.48139188
vn -0.87290585 -0.07935506 0.48139188
vn -0.87290585 -0.07935506 0.48139188
vn -0.87290585 -0.07935506 0.48139188
vn -0.87290585 0.015871048 0.4876305
vn -0.87290585 0.015871048 0.4876305
vn -0.87290585 0.015871048 0.4876305
vn -0.87290585 0.015871048 0.4876305
vn 0.015870988 0.999874 -0.00034526698
vn 0.015870988 0.999874 -0.00034526698
vn 0.015870988 0.999874 -0.00034526698
vn 0.015870988 0.999874 -0.00034526698
vn 0.015870988 0.999874 -0.00034526698
vn 0.015870988 0.999874 -0.00034526698
vn 0.015870988 0.999874 -0.00034526698
vn 0.015870988 0.999874 -0.00034526698
vn 0.015870988 0.999874 -0.00034526698
vn 0.015870988 0.999874 -0.00034526698
vn 0.015870988 0.999874 -0.00034526698
vn 0.015870988 0.999874 -0.00034526698
vn 0.015870988 0.999874 -0.00034526698
vn 0.015870988 0.999874 -0.00034526698
vn 0.015870988 0.999874 -0.00034526698
vn 0.015870988 0.999874 -0.00034526698
vn -0.5872276 0.7141957 0.38090453
vn -0.5872276 0.7141957 0.38090453
vn -0.5872276 0.7141957 0.38090453
vn -0.5872276 0.7141957 0.38090453
vn -0.5872276 0.7141957 0.38090453
vn -0.5872276 0.7141957 0.38090453
vn -0.5872276 0.7141957 0.38090453
vn -0.5872276 0.7141957 0.38090453
vn -0.6189697 0.7141957 0.32680428
vn -0.6189697 0.7141957 0.32680428
vn -0.6189697 0.68245375 0.3887588
vn -0.6189697 0.68245375 0.3887588
vn -0.6189697 0.68245375 0.3887588
vn -0.6189697 0.68245375 0.3887588
vn -0.87290585 0.1110971 0.47507137
vn -0.87290585 0.1110971 0.47507137
vn -0.87290585 0.1110971 0.47507137
vn -0.87290585 0.1110971 0.47507137
vn -0.87290585 -0.047613025 0.48555985
vn -0.87290585 -0.047613025 0.48555985
vn -0.87290585 -0.047613025 0.48555985
vn -0.87290585 -0.047613025 0.48555985
vn -0.8411639 -0.23806524 0.48555976
vn -0.8411639 -0.23806524 0.48555976
vn -0.8411639 -0.23806524 0.48555976
vn -0.8411639 -0.23806524 0.48555976
vn -0.87290585 -0.07935506 0.48139188
vn -0.87290585 -0.07935506 0.48139188
vn -0.87290585 -0.07935506 0.48139188
vn -0.87290585 -0.07935506 0.48139188
vn -0.87290585 -0.07935506 0.48139188
vn -0.87290585 -0.07935506 0.48139188
vn -0.87290585 0.047613025 0.48555985
vn -0.87290585 0.047613025 0.48555985
vn -0.87290585 0.047613025 0.48555985
vn -0.87290585 0.047613025 0.48555985
vn -0.87290585 0.1110971 0.47507137
vn -0.87290585 0.1110971 0.47507137
vn -0.87290585 0.1110971 0.47507137
vn -0.87290585 0.1110971 0.47507137
vn -0.87290585 0.015871048 0.4876305
vn -0.87290585 0.015871048 0.4876305
vn -0.87290585 0.015871048 0.4876305
vn -0.87290585 0.015871048 0.4876305
vn -0.87290585 0.07935512 0.48139188
vn -0.87290585 0.07935512 0.48139188
vn -0.87290585 0.07935512 0.48139188
vn -0.87290585 0.07935512 0.48139188
vn -0.87290585 0.1428392 0.46651083
vn -0.87290585 0.1428392 0.46651083
vn -0.87290585 -0.047613025 0.48555985
vn -0.87290585 -0.047613025 0.48555985
vn -0.87290585 -0.047613025 0.48555985
vn -0.87290585 -0.047613025 0.48555985
vn -0.87290585 -0.015870988 0.4876305
vn -0.87290585 -0.015870988 0.4876305
vn -0.87290585 -0.14283913 0.46651083
vn -0.87290585 -0.14283913 0.46651083
vn -0.87290585 -0.14283913 0.46651083
vn -0.87290585 -0.14283913 0.46651083
vn -0.87290585 -0.14283913 0.46651083
vn -0.87290585 -0.14283913 0.46651083
vn -0.87290585 -0.015870988 0.4876305
vn -0.87290585 -0.015870988 0.4876305
vn -0.87290585 -0.015870988 0.4876305
vn -0.87290585 -0.015870988 0.4876305
vn -0.87290585 0.07935512 0.48139188
vn -0.87290585 0.07935512 0.48139188
vn -0.87290585 0.07935512 0.48139188
vn -0.87290585 0.07935512 0.48139188
vn -0.87290585 -0.047613025 0.48555985
vn -0.87290585 -0.047613025 0.48555985
vn -0.87290585 -0.047613025 0.48555985
vn -0.87290585 -0.047613025 0.48555985
vn -0.87290585 -0.1110971 0.47507137
vn -0.87290585 -0.1110971 0.47507137
vn -0.87290585 -0.1110971 0.47507137
vn -0.87290585 -0.1110971 0.47507137
vn -0.87290585 -0.047613025 0.48555985
vn -0.87290585 -0.047613025 0.48555985
vn -0.87290585 -0.047613025 0.48555985
vn -0.87290585 -0.047613025 0.48555985
vn -0.87290585 -0.047613025 0.48555985
vn -0.87290585 -0.047613025 0.48555985
vn -0.87290585 0.015871048 0.4876305
vn -0.87290585 0.015871048 0.4876305
vn -0.87290585 0.015871048 0.4876305
vn -0.87290585 0.015871048 0.4876305
vn -0.87290585 0.015871048 0.4876305
vn -0.87290585 0.015871048 0.4876305
vn -0.87290585 0.015871048 0.4876305
vn -0.87290585 0.015871048 0.4876305
vn -0.65071166 -0.68245363 0.33291346
vn -0.65071166 -0.68245363 0.33291346
vn -0.65071166 -0.68245363 0.33291346
vn -0.65071166 -0.68245363 0.33291346
vn -0.65071166 -0.68245363 0.33291346
vn -0.65071166 -0.68245363 0.33291346
vn -0.65071166 -0.65071166 0.39134216
vn -0.65071166 -0.65071166 0.39134216
vn -0.5872276 -0.7459377 0.31423032
vn -0.5872276 -0.7459377 0.31423032
vn -0.5872276 -0.7459377 0.31423032
vn -0.5872276 -0.7459377 0.31423032
vn -0.5554856 -0.7776798 0.29436353
vn -0.5554856 -0.7776798 0.29436353
vn -0.5554856 -0.7776798 0.29436353
vn -0.5554856 -0.7776798 0.29436353
vn -0.015871048 -0.999874 -0.00034526698
vn -0.015871048 -0.999874 -0.00034526698
vn -0.015871048 -0.999874 -0.00034526698
vn -0.015871048 -0.999874 -0.00034526698
vn 0.015870988 -0.999874 -0.00034526698
vn 0.015870988 -0.999874 -0.00034526698
vn 0.015870988 -0.999874 -0.00034526698
vn 0.015870988 -0.999874 -0.00034526698
vn -0.015871048 -0.999874 -0.00034526698
vn -0.015871048 -0.999874 -0.00034526698
vn -0.015871048 -0.999874 -0.00034526698
vn -0.015871048 -0.999874 -0.00034526698
vn -0.015871048 -0.999874 -0.00034526698
vn -0.015871048 -0.999874 -0.00034526698
vn -0.015871048 -0.999874 -0.00034526698
vn -0.015871048 -0.999874 -0.00034526698
vn 0.87290585 0.015871048 -0.4876305
vn 0.87290585 0.015871048 -0.4876305
vn 0.87290585 0.015871048 -0.4876305
vn 0.87290585 0.015871048 -0.4876305
vn 0.87290585 -0.047613025 -0.48555985
vn 0.87290585 -0.047613025 -0.48555985
vn 0.87290585 -0.047613025 -0.48555985
vn 0.87290585 -0.047613025 -0.48555985
vn 0.87290585 -0.015870988 -0.4876305
vn 0.87290585 -0.015870988 -0.4876305
vn 0.87290585 0.015871048 -0.4876305
vn 0.87290585 0.015871048 -0.4876305
vn 0.87290585 0.015871048 -0.4876305
vn 0.87290585 0.015871048 -0.4876305
vn 0.87290585 -0.047613025 -0.48555985
vn 0.87290585 -0.047613025 -0.48555985
vn 0.87290585 -0.047613025 -0.48555985
vn 0.87290585 -0.047613025 -0.48555985
vn 0.87290585 0.047613025 -0.48555985
vn 0.87290585 0.047613025 -0.48555985
vn 0.87290585 0.047613025 -0.48555985
vn 0.87290585 0.047613025 -0.48555985
vn 0.87290585 0.015871048 -0.4876305
vn 0.87290585 0.015871048 -0.4876305
vn 0.87290585 -0.015870988 -0.4876305
vn 0.87290585 -0.015870988 -0.4876305
vn 0.6189696 0.7141957 -0.32680437
vn 0.6189696 0.7141957 -0.32680437
vn 0.6189696 0.7141957 -0.32680437
vn 0.6189696 0.7141957 -0.32680437
vn 0.65071166 0.68245375 -0.3329132
vn 0.65071166 0.68245375 -0.3329132
vn 0.87290585 -0.1110971 -0.47507137
vn 0.87290585 -0.1110971 -0.47507137
vn 0.87290585 -0.1110971 -0.47507137
vn 0.87290585 -0.1110971 -0.47507137
vn 0.87290585 -0.047613025 -0.48555985
vn 0.87290585 -0.047613025 -0.48555985
vn 0.87290585 -0.047613025 -0.48555985
vn 0.87290585 -0.047613025 -0.48555985
vn 0.87290585 -0.015870988 -0.4876305
vn 0.87290585 -0.015870988 -0.4876305
vn 0.87290585 0.015871048 -0.4876305
vn 0.87290585 0.015871048 -0.4876305
vn 0.87290585 -0.015870988 -0.4876305
vn 0.87290585 -0.015870988 -0.4876305
vn 0.87290585 0.07935512 -0.48139188
vn 0.87290585 0.07935512 -0.48139188
vn 0.87290585 0.07935512 -0.48139188
vn 0.87290585 0.07935512 -0.48139188
vn 0.87290585 0.015871048 -0.4876305
vn 0.87290585 0.015871048 -0.4876305
vn 0.87290585 0.015871048 -0.4876305
vn 0.87290585 0.015871048 -0.4876305
vn 0.7141957 -0.5872276 -0.38090453
vn 0.7141957 -0.5872276 -0.38090453
vn 0.7141957 -0.5872276 -0.38090453
vn 0.7141957 -0.5872276 -0.38090453
vn 0.7141957 -0.55548555 -0.4258642
vn 0.7141957 -0.55548555 -0.4258642
vn 0.7141957 -0.5872276 -0.38090453
vn 0.7141957 -0.5872276 -0.38090453
vn 0.87290585 -0.015870988 -0.4876305
vn 0.87290585 -0.015870988 -0.4876305
vn 0.87290585 -0.015870988 -0.4876305
vn 0.87290585 -0.015870988 -0.4876305
vn 0.87290585 -0.047613025 -0.48555985
vn 0.87290585 -0.047613025 -0.48555985
vn 0.87290585 -0.015870988 -0.4876305
vn 0.87290585 -0.015870988 -0.4876305
vn 0.87290585 0.047613025 -0.48555985
vn 0.87290585 0.047613025 -0.48555985
vn 0.87290585 0.047613025 -0.48555985
vn 0.87290585 0.047613025 -0.48555985
vn 0.87290585 0.047613025 -0.48555985
vn 0.87290585 0.047613025 -0.48555985
vn 0.87290585 0.07935512 -0.48139188
vn 0.87290585 0.07935512 -0.48139188
vn 0.87290585 -0.07935506 -0.48139188
vn 0.87290585 -0.07935506 -0.48139188
vn 0.87290585 -0.07935506 -0.48139188
vn 0.87290585 -0.07935506 -0.48139188
vn 0.5872276 0.7459378 -0.31423005
vn 0.5872276 0.7459378 -0.31423005
vn 0.5872276 0.7459378 -0.31423005
vn 0.5872276 0.7459378 -0.31423005
vn 0.87290585 -0.015870988 -0.4876305
vn 0.87290585 -0.015870988 -0.4876305
vn 0.87290585 -0.015870988 -0.4876305
vn 0.87290585 -0.015870988 -0.4876305
vn 0.87290585 0.07935512 -0.48139188
vn 0.87290585 0.07935512 -0.48139188
vn 0.87290585 0.07935512 -0.48139188
vn 0.87290585 0.07935512 -0.48139188
vn 0.87290585 0.1110971 -0.47507137
vn 0.87290585 0.1110971 -0.47507137
vn 0.87290585 -0.015870988 -0.4876305
vn 0.87290585 -0.015870988 -0.4876305
vn 0.87290585 -0.015870988 -0.4876305
vn 0.87290585 -0.015870988 -0.4876305
vn 0.87290585 -0.2063232 -0.44211552
vn 0.87290585 -0.2063232 -0.44211552
vn 0.87290585 -0.2063232 -0.44211552
vn 0.87290585 -0.2063232 -0.44211552
vn 0.87290585 -0.1110971 -0.47507137
vn 0.87290585 -0.1110971 -0.47507137
vn 0.87290585 -0.1110971 -0.47507137
vn 0.87290585 -0.1110971 -0.47507137
vn 0.17458117 0.3332913 0.92651945
vn 0.047613025 0.30154932 0.952261
vn 0.17458117 0.20632327 0.9627835
vn -0.015871048 0.1110971 0.9936828
vn 0.17458117 0.26980734 0.94695586
vn 0.2063232 -0.07935506 0.97526073
vn 0.26980728 -0.1110971 0.9564839
vn 0.1110971 -0.2063232 0.97215647
vn 0.2063232 -0.2063232 0.9564839
vn 0.1110971 -0.07935506 0.9906362
vn 0.015870988 -0.047613025 0.9987398
vn -0.015871048 0.1110971 0.9936828
vn -0.015871048 0.1110971 0.9936828
vn 0.17458117 0.3650334 0.9144791
vn 0.4285174 0.1110971 0.8966774
vn 0.30154932 -0.17458117 0.937331
vn 0.07935506 -0.2063232 0.97526073
vn 0.047613025 0.3650334 0.9297761
vn 0.23806524 0.1428392 0.96068823
vn 0.26980728 -0.14283913 0.952261
vn 0.2063232 -0.2063232 0.9564839
vn 0.015870988 -0.015870988 0.99974805
vn 0.015870988 -0.047613025 0.9987398
vn -0.015871048 0.1110971 0.9936828
vn -0.015871048 0.17458117 0.98451483
vn -0.015871048 0.17458117 0.98451483
vn 0.015870988 0.047613025 0.9987398
vn 0.1110971 0.015871048 0.9936828
vn 0.07935506 -0.047613025 0.9957087
vn 0.1110971 0.015871048 0.9936828
vn 0.1110971 -0.14283913 0.98349094
vn 0.1110971 -0.1110971 0.9875803
vn 0.1110971 -0.1110971 0.9875803
vn 0.1110971 -0.1110971 0.9875803
vn 0.015870988 -0.1110971 0.9936828
vn 0.015870988 -0.1110971 0.9936828
vn 0.015870988 -0.1110971 0.9936828
vn 0.015870988 -0.1110971 0.9936828
vn 0.07935506 -0.047613025 0.9957087
vn 0.07935506 -0.047613025 0.9957087
vn 0.07935506 -0.047613025 0.9957087
vn 0.07935506 -0.047613025 0.9957087
vn 0.015870988 0.047613025 0.9987398
vn 0.015870988 0.047613025 0.9987398
vn 0.015870988 0.047613025 0.9987398
vn 0.015870988 0.047613025 0.9987398
vn 0.015870988 0.07935512 0.9967201
vn 0.015870988 0.07935512 0.9967201
vn 0.047613025 0.047613025 0.99773043
vn 0.015870988 0.07935512 0.9967201
vn 0.015870988 0.07935512 0.9967201
vn 0.047613025 0.047613025 0.99773043
vn 0.047613025 0.015871048 0.9987398
vn 0.047613025 0.015871048 0.9987398
vn 0.047613025 -0.07935506 0.9957087
vn 0.047613025 -0.07935506 0.9957087
vn 0.047613025 -0.047613025 0.99773043
vn 0.047613025 -0.047613025 0.99773043
vn 0.07935506 -0.1110971 0.9906362
vn 0.07935506 -0.14283913 0.98655957
vn 0.047613025 -0.047613025 0.99773043
vn 0.07935506 -0.1110971 0.9906362
vn 0.07935506 -0.14283913 0.98655957
vn 0.047613025 -0.07935506 0.9957087
vn 0.047613025 -0.07935506 0.9957087
vn 0.047613025 -0.07935506 0.9957087
vn 0.015870988 -0.07935506 0.9967201
vn -0.015871048 -0.07935506 0.9967201
vn 0.015870988 -0.047613025 0.9987398
vn -0.07935512 -0.1110971 0.9906362
vn 0.015870988 -0.07935506 0.9967201
vn -0.07935512 -0.07935506 0.9936828
vn 0.14283913 -0.015870988 0.98961866
vn 0.17458117 -0.015870988 0.98451483
vn 0.1110971 -0.047613025 0.99266833
vn 0.1110971 0.015871048 0.9936828
vn 0.14283913 0.015871048 0.98961866
vn -0.015871048 -0.015870988 0.99974805
vn 0.14283913 0.015871048 0.98961866
vn 0.015870988 -0.015870988 0.99974805
vn 0.14283913 0.015871048 0.98961866
vn 0.14283913 0.015871048 0.98961866
vn 0.14283913 -0.015870988 0.98961866
vn 0.14283913 0.015871048 0.98961866
vn 0.1110971 0.047613025 0.99266833
vn 0.1110971 0.015871048 0.9936828
vn 0.1110971 0.047613025 0.99266833
vn 0.015870988 0.047613025 0.9987398
vn 0.07935506 0.1428392 0.98655957
vn 0.07935506 0.1110971 0.9906362
vn 0.07935506 0.1428392 0.98655957
vn 0.047613025 0.07935512 0.9957087
vn 0.015870988 0.1428392 0.98961866
vn 0.047613025 0.07935512 0.9957087
vn 0.07935506 -0.1110971 0.9906362
vn 0.07935506 -0.14283913 0.98655957
vn 0.07935506 -0.047613025 0.9957087
vn 0.07935506 -0.14283913 0.98655957
vn 0.047613025 -0.1110971 0.99266833
vn 0.07935506 -0.047613025 0.9957087
vn 0.047613025 -0.015870988 0.9987398
vn 0.07935506 -0.015870988 0.9967201
vn 0.07935506 -0.07935506 0.9936828
vn 0.07935506 -0.015870988 0.9967201
vn 0.07935506 -0.015870988 0.9967201
vn 0.047613025 -0.07935506 0.9957087
vn 0.07935506 -0.015870988 0.9967201
vn 0.047613025 -0.07935506 0.9957087
vn 0.07935506 -0.07935506 0.9936828
vn 0.07935506 -0.015870988 0.9967201
vn 0.14283913 0.015871048 0.98961866
vn 0.07935506 -0.015870988 0.9967201
vn 0.07935506 -0.015870988 0.9967201
vn 0.14283913 0.047613025 0.9886
vn 0.14283913 0.047613025 0.9886
vn 0.1110971 0.015871048 0.9936828
vn 0.015870988 -0.047613025 0.9987398
vn 0.2063232 -0.047613025 0.9773248
vn 0.1110971 -0.047613025 0.99266833
vn 0.14283913 -0.047613025 0.9886
vn -0.07935512 0.015871048 0.9967201
vn -0.07935512 -0.047613025 0.9957087
vn -0.07935512 -0.047613025 0.9957087
vn -0.07935512 0.015871048 0.9967201
vn -0.1428392 0.07935512 0.98655957
vn -0.1110971 0.07935512 0.9906362
vn -0.07935512 0.07935512 0.9936828
vn -0.07935512 0.07935512 0.9936828
vn -0.047613025 0.015871048 0.9987398
vn 0.07935506 0.07935512 0.9936828
vn -0.047613025 0.047613025 0.99773043
vn 0.07935506 -0.07935506 0.9936828
vn 0.015870988 0.015871048 0.99974805
vn 0.07935506 -0.047613025 0.9957087
vn 0.07935506 -0.07935506 0.9936828
vn 0.1110971 -0.1110971 0.9875803
vn 0.14283913 -0.26980728 0.952261
vn 0.14283913 -0.07935506 0.98655957
vn 0.14283913 -0.26980728 0.952261
vn 0.17458117 -0.30154932 0.937331
vn 0.14283913 -0.33329135 0.9319409
vn 0.14283913 -0.30154932 0.94269025
vn 0.07935506 -0.047613025 0.9957087
vn 0.07935506 -0.07935506 0.9936828
vn -0.015871048 -0.1110971 0.9936828
vn 0.047613025 -0.07935506 0.9957087
vn 0.047613025 -0.07935506 0.9957087
vn -0.015871048 -0.015870988 0.99974805
vn -0.015871048 0.015871048 0.99974805
vn -0.015871048 0.015871048 0.99974805
vn -0.015871048 0.015871048 0.99974805
vn -0.015871048 0.015871048 0.99974805
vn 0.015870988 -0.047613025 0.9987398
vn -0.015871048 0.015871048 0.99974805
vn -0.015871048 0.015871048 0.99974805
vn 0.015870988 -0.047613025 0.9987398
vn 0.015870988 -0.047613025 0.9987398
vn 0.047613025 -0.1110971 0.99266833
vn 0.015870988 -0.047613025 0.9987398
vn 0.047613025 -0.1110971 0.99266833
vn 0.047613025 -0.1110971 0.99266833
vn 0.047613025 -0.1110971 0.99266833
vn 0.07935506 -0.1110971 0.9906362
vn 0.1110971 -0.1110971 0.9875803
vn 0.07935506 -0.1110971 0.9906362
vn 0.047613025 -0.1110971 0.99266833
vn 0.07935506 -0.1110971 0.9906362
vn 0.047613025 -0.1110971 0.99266833
vn 0.047613025 -0.1110971 0.99266833
vn 0.047613025 -0.1110971 0.99266833
vn -0.047613025 0.1428392 0.9886
vn -0.047613025 0.1428392 0.9886
vn -0.047613025 0.1428392 0.9886
vn -0.047613025 0.1110971 0.99266833
vn -0.1110971 0.23806524 0.96487427
vn -0.1428392 0.23806524 0.96068823
vn -0.1110971 0.20632327 0.97215647
vn -0.1428392 0.23806524 0.96068823
vn -0.1110971 0.23806524 0.96487427
vn -0.1110971 0.20632327 0.97215647
vn -0.07935512 0.1110971 0.9906362
vn -0.1110971 0.20632327 0.97215647
vn -0.1110971 0.20632327 0.97215647
vn -0.07935512 0.1110971 0.9906362
vn -0.047613025 0.015871048 0.9987398
vn -0.047613025 0.015871048 0.9987398
vn -0.047613025 0.015871048 0.9987398
vn -0.047613025 0.015871048 0.9987398
vn -0.047613025 0.015871048 0.9987398
vn -0.047613025 0.015871048 0.9987398
vn -0.015871048 0.015871048 0.99974805
vn -0.047613025 0.015871048 0.9987398
vn -0.047613025 0.015871048 0.9987398
vn -0.047613025 0.015871048 0.9987398
vn -0.015871048 -0.047613025 0.9987398
vn -0.015871048 0.015871048 0.99974805
vn -0.015871048 0.015871048 0.99974805
vn -0.015871048 -0.015870988 0.99974805
vn -0.015871048 -0.07935506 0.9967201
vn -0.015871048 -0.047613025 0.9987398
vn -0.015871048 -0.047613025 0.9987398
vn 0.015870988 -0.07935506 0.9967201
vn 0.015870988 -0.1110971 0.9936828
vn 0.015870988 -0.07935506 0.9967201
vn -0.015871048 -0.07935506 0.9967201
vn 0.015870988 -0.1110971 0.9936828
vn 0.015870988 -0.17458117 0.98451483
vn 0.015870988 -0.1110971 0.9936828
vn 0.015870988 -0.1110971 0.9936828
vn 0.015870988 -0.14283913 0.98961866
vn 0.047613025 -0.14283913 0.9886
vn 0.015870988 -0.17458117 0.98451483
vn 0.015870988 -0.17458117 0.98451483
vn 0.015870988 -0.14283913 0.98961866
vn -0.015871048 0.047613025 0.9987398
vn 0.015870988 -0.14283913 0.98961866
vn 0.047613025 -0.14283913 0.9886
vn -0.015871048 0.047613025 0.9987398
vn -0.015871048 0.07935512 0.9967201
vn -0.015871048 0.07935512 0.9967201
vn -0.015871048 0.047613025 0.9987398
vn -0.047613025 0.07935512 0.9957087
vn 0.015870988 -0.14283913 0.98961866
vn -0.015871048 0.07935512 0.9967201
vn -0.015871048 0.07935512 0.9967201
vn 0.015870988 -0.14283913 0.98961866
vn -0.015871048 -0.26980728 0.9627835
vn 0.015870988 -0.14283913 0.98961866
vn 0.015870988 -0.14283913 0.98961866
vn -0.015871048 -0.26980728 0.9627835
vn -0.07935512 -0.14283913 0.98655957
vn -0.015871048 -0.26980728 0.9627835
vn -0.015871048 -0.26980728 0.9627835
vn -0.07935512 -0.14283913 0.98655957
vn -0.047613025 -0.047613025 0.99773043
vn -0.07935512 -0.14283913 0.98655957
vn -0.07935512 -0.14283913 0.98655957
vn -0.047613025 -0.047613025 0.99773043
vn -0.047613025 -0.047613025 0.99773043
vn -0.047613025 -0.047613025 0.99773043
vn 0.047613025 0.1110971 0.99266833
vn 0.047613025 0.07935512 0.9957087
vn 0.047613025 0.1110971 0.99266833
vn 0.047613025 0.1110971 0.99266833
vn 0.07935506 0.23806524 0.9680019
vn 0.07935506 0.23806524 0.9680019
vn 0.07935506 0.23806524 0.9680019
vn 0.07935506 0.23806524 0.9680019
vn -0.015871048 0.1110971 0.9936828
vn 0.015870988 0.1110971 0.9936828
vn -0.015871048 0.1110971 0.9936828
vn 0.015870988 0.1110971 0.9936828
vn 0.07935506 0.1428392 0.98655957
vn 0.015870988 0.1110971 0.9936828
vn 0.07935506 0.1428392 0.98655957
vn 0.015870988 0.1428392 0.98961866
vn 0.015870988 0.1428392 0.98961866
vn 0.015870988 0.17458117 0.98451483
vn 0.015870988 0.1428392 0.98961866
vn 0.015870988 0.1428392 0.98961866
vn -0.047613025 -0.047613025 0.99773043
vn -0.015871048 -0.015870988 0.99974805
vn -0.047613025 -0.047613025 0.99773043
vn -0.047613025 -0.07935506 0.9957087
vn -0.07935512 -0.14283913 0.98655957
vn -0.047613025 -0.14283913 0.9886
vn -0.07935512 -0.14283913 0.98655957
vn -0.047613025 -0.14283913 0.9886
vn -0.1110971 -0.30154932 0.94695586
vn -0.047613025 -0.26980728 0.96173644
vn -0.1110971 -0.30154932 0.94695586
vn -0.1428392 -0.36503333 0.9199715
vn -0.1110971 -0.30154932 0.94695586
vn -0.1428392 -0.36503333 0.9199715
vn -0.20632327 -0.30154932 0.93085915
vn 0.015870988 -0.26980728 0.9627835
vn 0.015870988 0.047613025 0.9987398
vn -0.015871048 -0.015870988 0.99974805
vn 0.015870988 0.047613025 0.9987398
vn 0.015870988 0.047613025 0.9987398
vn 0.07935506 0.07935512 0.9936828
vn 0.015870988 0.047613025 0.9987398
vn -0.047613025 -0.07935506 0.9957087
vn -0.047613025 -0.047613025 0.99773043
vn -0.047613025 -0.047613025 0.99773043
vn -0.047613025 -0.047613025 0.99773043
vn -0.015871048 -0.015870988 0.99974805
vn -0.015871048 -0.015870988 0.99974805
vn -0.015871048 -0.015870988 0.99974805
vn -0.015871048 -0.015870988 0.99974805
vn 0.015870988 0.015871048 0.99974805
vn 0.015870988 0.015871048 0.99974805
vn 0.015870988 0.015871048 0.99974805
vn 0.015870988 0.015871048 0.99974805
vn -0.015871048 0.015871048 0.99974805
vn -0.015871048 0.015871048 0.99974805
vn 0.015870988 0.015871048 0.99974805
vn -0.015871048 0.015871048 0.99974805
vn 0.015870988 0.015871048 0.99974805
vn 0.015870988 0.015871048 0.99974805
vn 0.015870988 0.047613025 0.9987398
vn 0.015870988 0.047613025 0.9987398
vn 0.1110971 0.07935512 0.9906362
vn 0.1110971 0.07935512 0.9906362
vn 0.2063232 0.17458117 0.9627835
vn 0.1110971 0.07935512 0.9906362
vn 0.1110971 0.047613025 0.99266833
vn 0.17458117 0.17458117 0.9690422
vn 0.23806524 0.20632327 0.9490815
vn 0.17458117 0.17458117 0.9690422
vn 0.17458117 0.17458117 0.9690422
vn 0.23806524 0.26980734 0.9330214
vn 0.23806524 0.23806524 0.9416209
vn 0.23806524 0.26980734 0.9330214
vn 0.23806524 0.20632327 0.9490815
vn 0.23806524 0.20632327 0.9490815
vn 0.26980728 0.23806524 0.9330214
vn 0.23806524 0.23806524 0.9416209
vn 0.2063232 0.17458117 0.9627835
vn 0.2063232 0.20632327 0.9564839
vn 0.2063232 0.23806524 0.9490815
vn 0.17458117 0.17458117 0.9690422
vn 0.2063232 0.20632327 0.9564839
vn 0.14283913 0.1428392 0.9793845
vn 0.17458117 0.1110971 0.97835517
vn 0.14283913 0.1110971 0.98349094
g tb_outline_01_mesh_0
f 3/3/3 2/2/2 1/1/1
f 4/4/4 3/3/3 1/1/1
f 7/7/7 6/6/6 5/5/5
f 8/8/8 7/7/7 5/5/5
f 11/11/11 10/10/10 9/9/9
f 12/12/12 11/11/11 9/9/9
f 13/13/13 11/11/11 12/12/12
f 14/14/14 13/13/13 12/12/12
f 15/15/15 13/13/13 14/14/14
f 16/16/16 15/15/15 14/14/14
f 19/19/19 18/18/18 17/17/17
f 20/20/20 19/19/19 17/17/17
f 21/21/21 19/19/19 20/20/20
f 22/22/22 21/21/21 20/20/20
f 23/23/23 21/21/21 22/22/22
f 24/24/24 23/23/23 22/22/22
f 27/27/27 26/26/26 25/25/25
f 28/28/28 27/27/27 25/25/25
f 29/29/29 27/27/27 28/28/28
f 30/30/30 29/29/29 28/28/28
f 31/31/31 29/29/29 30/30/30
f 32/32/32 31/31/31 30/30/30
f 35/35/35 34/34/34 33/33/33
f 36/36/36 35/35/35 33/33/33
f 37/37/37 35/35/35 36/36/36
f 38/38/38 37/37/37 36/36/36
f 41/41/41 40/40/40 39/39/39
f 42/42/42 41/41/41 39/39/39
f 43/43/43 41/41/41 42/42/42
f 44/44/44 43/43/43 42/42/42
f 45/45/45 43/43/43 44/44/44
f 46/46/46 45/45/45 44/44/44
f 47/47/47 45/45/45 46/46/46
f 48/48/48 47/47/47 46/46/46
f 49/49/49 47/47/47 48/48/48
f 50/50/50 49/49/49 48/48/48
f 53/53/53 52/52/52 51/51/51
f 54/54/54 53/53/53 51/51/51
f 57/57/57 56/56/56 55/55/55
f 58/58/58 57/57/57 55/55/55
f 59/59/59 57/57/57 58/58/58
f 60/60/60 59/59/59 58/58/58
f 63/63/63 62/62/62 61/61/61
f 64/64/64 63/63/63 61/61/61
f 65/65/65 63/63/63 64/64/64
f 66/66/66 65/65/65 64/64/64
f 67/67/67 65/65/65 66/66/66
f 68/68/68 67/67/67 66/66/66
f 71/71/71 70/70/70 69/69/69
f 72/72/72 71/71/71 69/69/69
f 75/75/75 74/74/74 73/73/73
f 76/76/76 75/75/75 73/73/73
f 77/77/77 75/75/75 76/76/76
f 78/78/78 77/77/77 76/76/76
f 81/81/81 80/80/80 79/79/79
f 82/82/82 81/81/81 79/79/79
f 83/83/83 81/81/81 82/82/82
f 84/84/84 83/83/83 82/82/82
f 87/87/87 86/86/86 85/85/85
f 88/88/88 87/87/87 85/85/85
f 91/91/91 90/90/90 89/89/89
f 92/92/92 91/91/91 89/89/89
f 93/93/93 91/91/91 92/92/92
f 94/94/94 93/93/93 92/92/92
f 95/95/95 93/93/93 94/94/94
f 96/96/96 95/95/95 94/94/94
f 97/97/97 95/95/95 96/96/96
f 98/98/98 97/97/97 96/96/96
f 99/99/99 97/97/97 98/98/98
f 100/100/100 99/99/99 98/98/98
f 101/101/101 99/99/99 100/100/100
f 102/102/102 101/101/101 100/100/100
f 103/103/103 101/101/101 102/102/102
f 104/104/104 103/103/103 102/102/102
f 107/107/107 106/106/106 105/105/105
f 108/108/108 107/107/107 105/105/105
f 109/109/109 107/107/107 108/108/108
f 110/110/110 109/109/109 108/108/108
f 113/113/113 112/112/112 111/111/111
f 114/114/114 113/113/113 111/111/111
f 117/117/117 116/116/116 115/115/115
f 118/118/118 117/117/117 115/115/115
f 119/119/119 117/117/117 118/118/118
f 120/120/120 119/119/119 118/118/118
f 121/121/121 119/119/119 120/120/120
f 122/122/122 121/121/121 120/120/120
f 125/125/125 124/124/124 123/123/123
f 126/126/126 125/125/125 123/123/123
f 127/127/127 125/125/125 126/126/126
f 128/128/128 127/127/127 126/126/126
f 129/129/129 127/127/127 128/128/128
f 130/130/130 129/129/129 128/128/128
f 131/131/131 129/129/129 130/130/130
f 132/132/132 131/131/131 130/130/130
f 133/133/133 131/131/131 132/132/132
f 134/134/134 133/133/133 132/132/132
f 135/135/135 133/133/133 134/134/134
f 136/136/136 135/135/135 134/134/134
f 137/137/137 135/135/135 136/136/136
f 138/138/138 137/137/137 136/136/136
f 139/139/139 137/137/137 138/138/138
f 140/140/140 139/139/139 138/138/138
f 143/143/143 142/142/142 141/141/141
f 144/144/144 143/143/143 141/141/141
f 147/147/147 146/146/146 145/145/145
f 148/148/148 147/147/147 145/145/145
f 151/151/151 150/150/150 149/149/149
f 152/152/152 151/151/151 149/149/149
f 155/155/155 154/154/154 153/153/153
f 156/156/156 155/155/155 153/153/153
f 157/157/157 155/155/155 156/156/156
f 158/158/158 157/157/157 156/156/156
f 161/161/161 160/160/160 159/159/159
f 162/162/162 161/161/161 159/159/159
f 163/163/163 161/161/161 162/162/162
f 164/164/164 163/163/163 162/162/162
f 167/167/167 166/166/166 165/165/165
f 168/168/168 167/167/167 165/165/165
f 171/171/171 170/170/170 169/169/169
f 172/172/172 171/171/171 169/169/169
f 175/175/175 174/174/174 173/173/173
f 176/176/176 175/175/175 173/173/173
f 179/179/179 178/178/178 177/177/177
f 180/180/180 179/179/179 177/177/177
f 183/183/183 182/182/182 181/181/181
f 184/184/184 183/183/183 181/181/181
f 187/187/187 186/186/186 185/185/185
f 188/188/188 187/187/187 185/185/185
f 189/189/189 187/187/187 188/188/188
f 190/190/190 189/189/189 188/188/188
f 193/193/193 192/192/192 191/191/191
f 194/194/194 193/193/193 191/191/191
f 197/197/197 196/196/196 195/195/195
f 198/198/198 197/197/197 195/195/195
f 201/201/201 200/200/200 199/199/199
f 202/202/202 201/201/201 199/199/199
f 205/205/205 204/204/204 203/203/203
f 206/206/206 205/205/205 203/203/203
f 209/209/209 208/208/208 207/207/207
f 210/210/210 209/209/209 207/207/207
f 211/211/211 209/209/209 210/210/210
f 212/212/212 211/211/211 210/210/210
f 213/213/213 211/211/211 212/212/212
f 214/214/214 213/213/213 212/212/212
f 215/215/215 213/213/213 214/214/214
f 216/216/216 215/215/215 214/214/214
f 219/219/219 218/218/218 217/217/217
f 220/220/220 219/219/219 217/217/217
f 221/221/221 219/219/219 220/220/220
f 222/222/222 221/221/221 220/220/220
f 223/223/223 221/221/221 222/222/222
f 224/224/224 223/223/223 222/222/222
f 225/225/225 223/223/223 224/224/224
f 226/226/226 225/225/225 224/224/224
f 227/227/227 225/225/225 226/226/226
f 228/228/228 227/227/227 226/226/226
f 229/229/229 227/227/227 228/228/228
f 230/230/230 229/229/229 228/228/228
f 231/231/231 229/229/229 230/230/230
f 232/232/232 231/231/231 230/230/230
f 235/235/235 234/234/234 233/233/233
f 236/236/236 235/235/235 233/233/233
f 237/237/237 235/235/235 236/236/236
f 238/238/238 237/237/237 236/236/236
f 241/241/241 240/240/240 239/239/239
f 242/242/242 241/241/241 239/239/239
f 245/245/245 244/244/244 243/243/243
f 246/246/246 245/245/245 243/243/243
f 249/249/249 248/248/248 247/247/247
f 250/250/250 249/249/249 247/247/247
f 253/253/253 252/252/252 251/251/251
f 254/254/254 253/253/253 251/251/251
f 257/257/257 256/256/256 255/255/255
f 258/258/258 257/257/257 255/255/255
f 259/259/259 257/257/257 258/258/258
f 260/260/260 259/259/259 258/258/258
f 261/261/261 259/259/259 260/260/260
f 262/262/262 261/261/261 260/260/260
f 263/263/263 261/261/261 262/262/262
f 264/264/264 263/263/263 262/262/262
f 265/265/265 263/263/263 264/264/264
f 266/266/266 265/265/265 264/264/264
f 267/267/267 265/265/265 266/266/266
f 268/268/268 267/267/267 266/266/266
f 269/269/269 267/267/267 268/268/268
f 270/270/270 269/269/269 268/268/268
f 273/273/273 272/272/272 271/271/271
f 274/274/274 273/273/273 271/271/271
f 275/275/275 273/273/273 274/274/274
f 276/276/276 275/275/275 274/274/274
f 277/277/277 275/275/275 276/276/276
f 278/278/278 277/277/277 276/276/276
f 279/279/279 277/277/277 278/278/278
f 280/280/280 279/279/279 278/278/278
f 283/283/283 282/282/282 281/281/281
f 284/284/284 283/283/283 281/281/281
f 287/287/287 286/286/286 285/285/285
f 288/288/288 287/287/287 285/285/285
f 291/291/291 290/290/290 289/289/289
f 292/292/292 291/291/291 289/289/289
f 295/295/295 294/294/294 293/293/293
f 296/296/296 295/295/295 293/293/293
f 299/299/299 298/298/298 297/297/297
f 300/300/300 299/299/299 297/297/297
f 301/301/301 299/299/299 300/300/300
f 302/302/302 301/301/301 300/300/300
f 305/305/305 304/304/304 303/303/303
f 306/306/306 305/305/305 303/303/303
f 309/309/309 308/308/308 307/307/307
f 310/310/310 309/309/309 307/307/307
f 313/313/313 312/312/312 311/311/311
f 314/314/314 313/313/313 311/311/311
f 317/317/317 316/316/316 315/315/315
f 318/318/318 317/317/317 315/315/315
f 319/319/319 317/317/317 318/318/318
f 320/320/320 319/319/319 318/318/318
f 323/323/323 322/322/322 321/321/321
f 324/324/324 323/323/323 321/321/321
f 325/325/325 323/323/323 324/324/324
f 326/326/326 325/325/325 324/324/324
f 329/329/329 328/328/328 327/327/327
f 330/330/330 329/329/329 327/327/327
f 331/331/331 329/329/329 330/330/330
f 332/332/332 331/331/331 330/330/330
f 335/335/335 334/334/334 333/333/333
f 336/336/336 335/335/335 333/333/333
f 339/339/339 338/338/338 337/337/337
f 340/340/340 339/339/339 337/337/337
f 343/343/343 342/342/342 341/341/341
f 344/344/344 343/343/343 341/341/341
f 347/347/347 346/346/346 345/345/345
f 348/348/348 347/347/347 345/345/345
f 349/349/349 347/347/347 348/348/348
f 350/350/350 349/349/349 348/348/348
f 351/351/351 349/349/349 350/350/350
f 352/352/352 351/351/351 350/350/350
f 353/353/353 351/351/351 352/352/352
f 354/354/354 353/353/353 352/352/352
f 355/355/355 353/353/353 354/354/354
f 356/356/356 355/355/355 354/354/354
f 357/357/357 355/355/355 356/356/356
f 358/358/358 357/357/357 356/356/356
f 359/359/359 357/357/357 358/358/358
f 360/360/360 359/359/359 358/358/358
f 361/361/361 359/359/359 360/360/360
f 362/362/362 361/361/361 360/360/360
f 365/365/365 364/364/364 363/363/363
f 366/366/366 365/365/365 363/363/363
f 367/367/367 365/365/365 366/366/366
f 368/368/368 367/367/367 366/366/366
f 369/369/369 367/367/367 368/368/368
f 370/370/370 369/369/369 368/368/368
f 373/373/373 372/372/372 371/371/371
f 374/374/374 373/373/373 371/371/371
f 375/375/375 373/373/373 374/374/374
f 376/376/376 375/375/375 374/374/374
f 377/377/377 375/375/375 376/376/376
f 378/378/378 377/377/377 376/376/376
f 381/381/381 380/380/380 379/379/379
f 382/382/382 381/381/381 379/379/379
f 383/383/383 381/381/381 382/382/382
f 384/384/384 383/383/383 382/382/382
f 385/385/385 383/383/383 384/384/384
f 386/386/386 385/385/385 384/384/384
f 387/387/387 385/385/385 386/386/386
f 388/388/388 387/387/387 386/386/386
f 389/389/389 387/387/387 388/388/388
f 390/390/390 389/389/389 388/388/388
f 391/391/391 389/389/389 390/390/390
f 392/392/392 391/391/391 390/390/390
f 393/393/393 391/391/391 392/392/392
f 394/394/394 393/393/393 392/392/392
f 397/397/397 396/396/396 395/395/395
f 398/398/398 397/397/397 395/395/395
f 401/401/401 400/400/400 399/399/399
f 402/402/402 401/401/401 399/399/399
f 403/403/403 401/401/401 402/402/402
f 404/404/404 403/403/403 402/402/402
f 405/405/405 403/403/403 404/404/404
f 406/406/406 405/405/405 404/404/404
f 407/407/407 405/405/405 406/406/406
f 408/408/408 407/407/407 406/406/406
f 411/411/411 410/410/410 409/409/409
f 412/412/412 411/411/411 409/409/409
f 415/415/415 414/414/414 413/413/413
f 416/416/416 415/415/415 413/413/413
f 417/417/417 415/415/415 416/416/416
f 418/418/418 417/417/417 416/416/416
f 419/419/419 417/417/417 418/418/418
f 420/420/420 419/419/419 418/418/418
f 423/423/423 422/422/422 421/421/421
f 424/424/424 423/423/423 421/421/421
f 425/425/425 423/423/423 424/424/424
f 426/426/426 425/425/425 424/424/424
f 429/429/429 428/428/428 427/427/427
f 430/430/430 429/429/429 427/427/427
f 433/433/433 432/432/432 431/431/431
f 434/434/434 433/433/433 431/431/431
f 435/435/435 433/433/433 434/434/434
f 436/436/436 435/435/435 434/434/434
f 437/437/437 435/435/435 436/436/436
f 438/438/438 437/437/437 436/436/436
f 439/439/439 437/437/437 438/438/438
f 440/440/440 439/439/439 438/438/438
f 443/443/443 442/442/442 441/441/441
f 444/444/444 443/443/443 441/441/441
f 447/447/447 446/446/446 445/445/445
f 448/448/448 447/447/447 445/445/445
f 451/451/451 450/450/450 449/449/449
f 452/452/452 451/451/451 449/449/449
f 453/453/453 451/451/451 452/452/452
f 454/454/454 453/453/453 452/452/452
f 455/455/455 453/453/453 454/454/454
f 456/456/456 455/455/455 454/454/454
f 459/459/459 458/458/458 457/457/457
f 460/460/460 459/459/459 457/457/457
f 461/461/461 459/459/459 460/460/460
f 462/462/462 461/461/461 460/460/460
f 463/463/463 461/461/461 462/462/462
f 464/464/464 463/463/463 462/462/462
f 467/467/467 466/466/466 465/465/465
f 468/468/468 467/467/467 465/465/465
f 469/469/469 467/467/467 468/468/468
f 470/470/470 469/469/469 468/468/468
f 471/471/471 469/469/469 470/470/470
f 472/472/472 471/471/471 470/470/470
f 475/475/475 474/474/474 473/473/473
f 476/476/476 475/475/475 473/473/473
f 479/479/479 478/478/478 477/477/477
f 480/480/480 479/479/479 477/477/477
f 483/483/483 482/482/482 481/481/481
f 484/484/484 483/483/483 481/481/481
f 487/487/487 486/486/486 485/485/485
f 488/488/488 487/487/487 485/485/485
f 489/489/489 487/487/487 488/488/488
f 490/490/490 489/489/489 488/488/488
f 493/493/493 492/492/492 491/491/491
f 494/494/494 493/493/493 491/491/491
f 497/497/497 496/496/496 495/495/495
f 498/498/498 497/497/497 495/495/495
f 501/501/501 500/500/500 499/499/499
f 502/502/502 501/501/501 499/499/499
f 505/505/505 504/504/504 503/503/503
f 503/503/503 504/504/504 506/506/506
f 503/503/503 507/507/507 505/505/505
f 505/505/505 507/507/507 508/508/508
f 508/508/508 509/509/509 505/505/505
f 509/509/509 508/508/508 510/510/510
f 510/510/510 511/511/511 509/509/509
f 511/511/511 510/510/510 512/512/512
f 512/512/512 513/513/513 511/511/511
f 514/514/514 513/513/513 512/512/512
f 506/506/506 515/515/515 503/503/503
f 507/507/507 503/503/503 516/516/516
f 516/516/516 503/503/503 515/515/515
f 508/508/508 507/507/507 517/517/517
f 516/516/516 517/517/517 507/507/507
f 510/510/510 508/508/508 518/518/518
f 517/517/517 518/518/518 508/508/508
f 512/512/512 510/510/510 519/519/519
f 518/518/518 519/519/519 510/510/510
f 515/515/515 520/520/520 516/516/516
f 516/516/516 520/520/520 521/521/521
f 521/521/521 517/517/517 516/516/516
f 517/517/517 521/521/521 522/522/522
f 522/522/522 518/518/518 517/517/517
f 518/518/518 522/522/522 523/523/523
f 523/523/523 519/519/519 518/518/518
f 519/519/519 524/524/524 512/512/512
f 524/524/524 519/519/519 523/523/523
f 523/523/523 525/525/525 524/524/524
f 524/524/524 525/525/525 526/526/526
f 512/512/512 524/524/524 514/514/514
f 526/526/526 514/514/514 524/524/524
f 514/514/514 526/526/526 527/527/527
f 527/527/527 528/528/528 514/514/514
f 528/528/528 527/527/527 529/529/529
f 529/529/529 530/530/530 528/528/528
f 531/531/531 529/529/529 527/527/527
f 527/527/527 532/532/532 531/531/531
f 531/531/531 532/532/532 533/533/533
f 530/530/530 529/529/529 534/534/534
f 534/534/534 529/529/529 531/531/531
f 534/534/534 535/535/535 530/530/530
f 533/533/533 536/536/536 531/531/531
f 531/531/531 536/536/536 534/534/534
f 536/536/536 533/533/533 537/537/537
f 535/535/535 534/534/534 538/538/538
f 538/538/538 534/534/534 536/536/536
f 538/538/538 539/539/539 535/535/535
f 537/537/537 540/540/540 536/536/536
f 536/536/536 540/540/540 538/538/538
f 539/539/539 538/538/538 541/541/541
f 541/541/541 538/538/538 540/540/540
f 541/541/541 542/542/542 539/539/539
f 543/543/543 540/540/540 537/537/537
f 540/540/540 543/543/543 541/541/541
f 537/537/537 544/544/544 543/543/543
f 545/545/545 543/543/543 544/544/544
f 541/541/541 543/543/543 545/545/545
f 544/544/544 546/546/546 545/545/545
f 542/542/542 541/541/541 547/547/547
f 545/545/545 547/547/547 541/541/541
f 547/547/547 548/548/548 542/542/542
f 549/549/549 545/545/545 546/546/546
f 547/547/547 545/545/545 549/549/549
f 546/546/546 550/550/550 549/549/549
f 549/549/549 550/550/550 551/551/551
f 548/548/548 547/547/547 552/552/552
f 549/549/549 552/552/552 547/547/547
f 552/552/552 553/553/553 548/548/548
f 551/551/551 554/554/554 549/549/549
f 552/552/552 549/549/549 554/554/554
f 553/553/553 552/552/552 555/555/555
f 554/554/554 555/555/555 552/552/552
f 555/555/555 556/556/556 553/553/553
f 557/557/557 556/556/556 555/555/555
f 558/558/558 554/554/554 551/551/551
f 551/551/551 559/559/559 558/558/558
f 560/560/560 555/555/555 554/554/554
f 555/555/555 560/560/560 557/557/557
f 554/554/554 558/558/558 560/560/560
f 557/557/557 560/560/560 561/561/561
f 561/561/561 560/560/560 558/558/558
f 561/561/561 562/562/562 557/557/557
f 563/563/563 562/562/562 561/561/561
f 564/564/564 558/558/558 559/559/559
f 558/558/558 564/564/564 561/561/561
f 559/559/559 565/565/565 564/564/564
f 561/561/561 566/566/566 563/563/563
f 566/566/566 561/561/561 564/564/564
f 567/567/567 564/564/564 565/565/565
f 564/564/564 567/567/567 566/566/566
f 565/565/565 568/568/568 567/567/567
f 567/567/567 568/568/568 569/569/569
f 569/569/569 570/570/570 567/567/567
f 566/566/566 567/567/567 570/570/570
f 570/570/570 569/569/569 571/571/571
f 563/563/563 566/566/566 572/572/572
f 570/570/570 572/572/572 566/566/566
f 572/572/572 573/573/573 563/563/563
f 571/571/571 574/574/574 570/570/570
f 572/572/572 570/570/570 574/574/574
f 574/574/574 571/571/571 575/575/575
f 573/573/573 572/572/572 576/576/576
f 574/574/574 576/576/576 572/572/572
f 576/576/576 577/577/577 573/573/573
f 575/575/575 578/578/578 574/574/574
f 576/576/576 574/574/574 578/578/578
f 578/578/578 575/575/575 579/579/579
f 577/577/577 576/576/576 580/580/580
f 578/578/578 580/580/580 576/576/576
f 580/580/580 581/581/581 577/577/577
f 579/579/579 582/582/582 578/578/578
f 578/578/578 582/582/582 580/580/580
f 582/582/582 579/579/579 583/583/583
f 581/581/581 580/580/580 584/584/584
f 584/584/584 580/580/580 582/582/582
f 584/584/584 585/585/585 581/581/581
f 583/583/583 586/586/586 582/582/582
f 582/582/582 586/586/586 584/584/584
f 586/586/586 583/583/583 587/587/587
f 585/585/585 584/584/584 588/588/588
f 588/588/588 584/584/584 586/586/586
f 588/588/588 589/589/589 585/585/585
f 587/587/587 590/590/590 586/586/586
f 586/586/586 590/590/590 588/588/588
f 590/590/590 587/587/587 591/591/591
f 589/589/589 588/588/588 592/592/592
f 592/592/592 588/588/588 590/590/590
f 592/592/592 593/593/593 589/589/589
f 594/594/594 593/593/593 592/592/592
f 591/591/591 595/595/595 590/590/590
f 590/590/590 595/595/595 592/592/592
f 592/592/592 595/595/595 594/594/594
f 595/595/595 591/591/591 596/596/596
f 596/596/596 594/594/594 595/595/595
f 597/597/597 594/594/594 596/596/596
f 596/596/596 598/598/598 597/597/597
f 597/597/597 598/598/598 599/599/599
f 594/594/594 597/597/597 600/600/600
f 599/599/599 600/600/600 597/597/597
f 600/600/600 601/601/601 594/594/594
f 602/602/602 601/601/601 600/600/600
f 600/600/600 599/599/599 602/602/602
f 602/602/602 599/599/599 603/603/603
f 603/603/603 604/604/604 602/602/602
f 605/605/605 604/604/604 603/603/603
f 606/606/606 603/603/603 599/599/599
f 599/599/599 607/607/607 606/606/606
f 603/603/603 608/608/608 605/605/605
f 608/608/608 603/603/603 606/606/606
f 609/609/609 605/605/605 608/608/608
f 610/610/610 606/606/606 607/607/607
f 606/606/606 610/610/610 608/608/608
f 607/607/607 611/611/611 610/610/610
f 608/608/608 612/612/612 609/609/609
f 612/612/612 608/608/608 610/610/610
f 613/613/613 609/609/609 612/612/612
f 614/614/614 610/610/610 611/611/611
f 610/610/610 614/614/614 612/612/612
f 611/611/611 615/615/615 614/614/614
f 616/616/616 614/614/614 615/615/615
f 612/612/612 614/614/614 616/616/616
f 615/615/615 617/617/617 616/616/616
f 612/612/612 618/618/618 613/613/613
f 616/616/616 618/618/618 612/612/612
f 619/619/619 613/613/613 618/618/618
f 620/620/620 616/616/616 617/617/617
f 618/618/618 616/616/616 620/620/620
f 617/617/617 621/621/621 620/620/620
f 618/618/618 622/622/622 619/619/619
f 620/620/620 622/622/622 618/618/618
f 623/623/623 619/619/619 622/622/622
f 624/624/624 620/620/620 621/621/621
f 622/622/622 620/620/620 624/624/624
f 621/621/621 625/625/625 624/624/624
f 622/622/622 626/626/626 623/623/623
f 624/624/624 626/626/626 622/622/622
f 627/627/627 623/623/623 626/626/626
f 628/628/628 624/624/624 625/625/625
f 626/626/626 624/624/624 628/628/628
f 625/625/625 629/629/629 628/628/628
f 626/626/626 630/630/630 627/627/627
f 628/628/628 630/630/630 626/626/626
f 631/631/631 627/627/627 630/630/630
f 632/632/632 628/628/628 629/629/629
f 630/630/630 628/628/628 632/632/632
f 629/629/629 633/633/633 632/632/632
f 632/632/632 633/633/633 634/634/634
f 630/630/630 635/635/635 631/631/631
f 632/632/632 635/635/635 630/630/630
f 634/634/634 635/635/635 632/632/632
f 636/636/636 631/631/631 635/635/635
f 635/635/635 634/634/634 636/636/636
f 636/636/636 634/634/634 637/637/637
f 637/637/637 638/638/638 636/636/636
f 639/639/639 638/638/638 637/637/637
f 640/640/640 637/637/637 634/634/634
f 634/634/634 641/641/641 640/640/640
f 637/637/637 642/642/642 639/639/639
f 642/642/642 637/637/637 640/640/640
f 643/643/643 640/640/640 641/641/641
f 640/640/640 643/643/643 642/642/642
f 641/641/641 644/644/644 643/643/643
f 639/639/639 642/642/642 645/645/645
f 645/645/645 642/642/642 643/643/643
f 645/645/645 646/646/646 639/639/639
f 647/647/647 646/646/646 645/645/645
f 648/648/648 643/643/643 644/644/644
f 643/643/643 648/648/648 645/645/645
f 644/644/644 649/649/649 648/648/648
f 645/645/645 650/650/650 647/647/647
f 650/650/650 645/645/645 648/648/648
f 651/651/651 647/647/647 650/650/650
f 652/652/652 648/648/648 649/649/649
f 648/648/648 652/652/652 650/650/650
f 649/649/649 653/653/653 652/652/652
f 650/650/650 654/654/654 651/651/651
f 654/654/654 650/650/650 652/652/652
f 655/655/655 651/651/651 654/654/654
f 656/656/656 652/652/652 653/653/653
f 652/652/652 656/656/656 654/654/654
f 653/653/653 657/657/657 656/656/656
f 658/658/658 656/656/656 657/657/657
f 654/654/654 656/656/656 658/658/658
f 657/657/657 659/659/659 658/658/658
f 658/658/658 659/659/659 660/660/660
f 654/654/654 661/661/661 655/655/655
f 658/658/658 661/661/661 654/654/654
f 660/660/660 662/662/662 658/658/658
f 661/661/661 658/658/658 662/662/662
f 655/655/655 661/661/661 663/663/663
f 662/662/662 663/663/663 661/661/661
f 663/663/663 664/664/664 655/655/655
f 665/665/665 664/664/664 663/663/663
f 666/666/666 662/662/662 660/660/660
f 660/660/660 667/667/667 666/666/666
f 666/666/666 667/667/667 668/668/668
f 669/669/669 663/663/663 662/662/662
f 663/663/663 669/669/669 665/665/665
f 662/662/662 666/666/666 669/669/669
f 665/665/665 669/669/669 670/670/670
f 670/670/670 669/669/669 666/666/666
f 670/670/670 671/671/671 665/665/665
f 668/668/668 672/672/672 666/666/666
f 666/666/666 672/672/672 670/670/670
f 672/672/672 668/668/668 673/673/673
f 671/671/671 670/670/670 674/674/674
f 674/674/674 670/670/670 672/672/672
f 674/674/674 675/675/675 671/671/671
f 673/673/673 676/676/676 672/672/672
f 672/672/672 676/676/676 674/674/674
f 676/676/676 673/673/673 677/677/677
f 677/677/677 678/678/678 676/676/676
f 674/674/674 676/676/676 678/678/678
f 678/678/678 677/677/677 679/679/679
f 675/675/675 674/674/674 680/680/680
f 678/678/678 680/680/680 674/674/674
f 680/680/680 681/681/681 675/675/675
f 679/679/679 682/682/682 678/678/678
f 680/680/680 678/678/678 682/682/682
f 682/682/682 679/679/679 683/683/683
f 681/681/681 680/680/680 684/684/684
f 682/682/682 684/684/684 680/680/680
f 683/683/683 684/684/684 682/682/682
f 684/684/684 685/685/685 681/681/681
f 686/686/686 685/685/685 684/684/684
f 684/684/684 683/683/683 686/686/686
f 686/686/686 683/683/683 687/687/687
f 687/687/687 688/688/688 686/686/686
f 689/689/689 688/688/688 687/687/687
f 690/690/690 687/687/687 683/683/683
f 683/683/683 691/691/691 690/690/690
f 687/687/687 692/692/692 689/689/689
f 692/692/692 687/687/687 690/690/690
f 693/693/693 689/689/689 692/692/692
f 694/694/694 690/690/690 691/691/691
f 690/690/690 694/694/694 692/692/692
f 691/691/691 695/695/695 694/694/694
f 692/692/692 696/696/696 693/693/693
f 696/696/696 692/692/692 694/694/694
f 697/697/697 693/693/693 696/696/696
f 698/698/698 694/694/694 695/695/695
f 694/694/694 698/698/698 696/696/696
f 695/695/695 699/699/699 698/698/698
f 696/696/696 700/700/700 697/697/697
f 700/700/700 696/696/696 698/698/698
f 701/701/701 697/697/697 700/700/700
f 702/702/702 698/698/698 699/699/699
f 698/698/698 702/702/702 700/700/700
f 699/699/699 703/703/703 702/702/702
f 700/700/700 704/704/704 701/701/701
f 704/704/704 700/700/700 702/702/702
f 705/705/705 701/701/701 704/704/704
f 706/706/706 702/702/702 703/703/703
f 702/702/702 706/706/706 704/704/704
f 703/703/703 707/707/707 706/706/706
f 704/704/704 708/708/708 705/705/705
f 708/708/708 704/704/704 706/706/706
f 709/709/709 705/705/705 708/708/708
f 710/710/710 706/706/706 707/707/707
f 706/706/706 710/710/710 708/708/708
f 707/707/707 711/711/711 710/710/710
f 708/708/708 712/712/712 709/709/709
f 712/712/712 708/708/708 710/710/710
f 713/713/713 709/709/709 712/712/712
f 714/714/714 710/710/710 711/711/711
f 710/710/710 714/714/714 712/712/712
f 711/711/711 715/715/715 714/714/714
f 712/712/712 716/716/716 713/713/713
f 716/716/716 712/712/712 714/714/714
f 717/717/717 713/713/713 716/716/716
f 718/718/718 714/714/714 715/715/715
f 714/714/714 718/718/718 716/716/716
f 715/715/715 719/719/719 718/718/718
f 716/716/716 720/720/720 717/717/717
f 720/720/720 716/716/716 718/718/718
f 721/721/721 717/717/717 720/720/720
f 722/722/722 718/718/718 719/719/719
f 718/718/718 722/722/722 720/720/720
f 719/719/719 723/723/723 722/722/722
f 720/720/720 724/724/724 721/721/721
f 724/724/724 720/720/720 722/722/722
f 725/725/725 721/721/721 724/724/724
f 726/726/726 722/722/722 723/723/723
f 722/722/722 726/726/726 724/724/724
f 723/723/723 727/727/727 726/726/726
f 724/724/724 728/728/728 725/725/725
f 728/728/728 724/724/724 726/726/726
f 729/729/729 725/725/725 728/728/728
f 730/730/730 726/726/726 727/727/727
f 726/726/726 730/730/730 728/728/728
f 727/727/727 731/731/731 730/730/730
f 728/728/728 732/732/732 729/729/729
f 732/732/732 728/728/728 730/730/730
f 733/733/733 729/729/729 732/732/732
f 734/734/734 730/730/730 731/731/731
f 730/730/730 734/734/734 732/732/732
f 731/731/731 735/735/735 734/734/734
f 732/732/732 736/736/736 733/733/733
f 736/736/736 732/732/732 734/734/734
f 737/737/737 733/733/733 736/736/736
f 738/738/738 734/734/734 735/735/735
f 734/734/734 738/738/738 736/736/736
f 735/735/735 739/739/739 738/738/738
f 740/740/740 738/738/738 739/739/739
f 736/736/736 738/738/738 740/740/740
f 739/739/739 741/741/741 740/740/740
f 736/736/736 742/742/742 737/737/737
f 740/740/740 742/742/742 736/736/736
f 743/743/743 737/737/737 742/742/742
f 744/744/744 740/740/740 741/741/741
f 742/742/742 740/740/740 744/744/744
f 741/741/741 745/745/745 744/744/744
f 742/742/742 746/746/746 743/743/743
f 744/744/744 746/746/746 742/742/742
f 747/747/747 743/743/743 746/746/746
f 748/748/748 744/744/744 745/745/745
f 746/746/746 744/744/744 748/748/748
f 745/745/745 749/749/749 748/748/748
f 746/746/746 750/750/750 747/747/747
f 748/748/748 750/750/750 746/746/746
f 751/751/751 747/747/747 750/750/750
f 752/752/752 748/748/748 749/749/749
f 750/750/750 748/748/748 752/752/752
f 749/749/749 753/753/753 752/752/752
f 750/750/750 754/754/754 751/751/751
f 752/752/752 754/754/754 750/750/750
f 755/755/755 751/751/751 754/754/754
f 756/756/756 752/752/752 753/753/753
f 754/754/754 752/752/752 756/756/756
f 753/753/753 757/757/757 756/756/756
f 754/754/754 758/758/758 755/755/755
f 756/756/756 758/758/758 754/754/754
f 759/759/759 755/755/755 758/758/758
f 760/760/760 756/756/756 757/757/757
f 758/758/758 756/756/756 760/760/760
f 757/757/757 761/761/761 760/760/760
f 758/758/758 762/762/762 759/759/759
f 760/760/760 762/762/762 758/758/758
f 763/763/763 759/759/759 762/762/762
f 764/764/764 760/760/760 761/761/761
f 762/762/762 760/760/760 764/764/764
f 761/761/761 765/765/765 764/764/764
f 762/762/762 766/766/766 763/763/763
f 764/764/764 766/766/766 762/762/762
f 767/767/767 763/763/763 766/766/766
f 768/768/768 764/764/764 765/765/765
f 766/766/766 764/764/764 768/768/768
f 765/765/765 769/769/769 768/768/768
f 766/766/766 770/770/770 767/767/767
f 768/768/768 770/770/770 766/766/766
f 771/771/771 767/767/767 770/770/770
f 772/772/772 768/768/768 769/769/769
f 770/770/770 768/768/768 772/772/772
f 769/769/769 773/773/773 772/772/772
f 770/770/770 774/774/774 771/771/771
f 772/772/772 774/774/774 770/770/770
f 775/775/775 771/771/771 774/774/774
f 776/776/776 772/772/772 773/773/773
f 774/774/774 772/772/772 776/776/776
f 773/773/773 777/777/777 776/776/776
f 774/774/774 778/778/778 775/775/775
f 776/776/776 778/778/778 774/774/774
f 779/779/779 775/775/775 778/778/778
f 780/780/780 776/776/776 777/777/777
f 778/778/778 776/776/776 780/780/780
f 777/777/777 781/781/781 780/780/780
f 780/780/780 781/781/781 782/782/782
f 778/778/778 783/783/783 779/779/779
f 780/780/780 783/783/783 778/778/778
f 782/782/782 783/783/783 780/780/780
f 784/784/784 779/779/779 783/783/783
f 783/783/783 782/782/782 784/784/784
f 784/784/784 782/782/782 785/785/785
f 785/785/785 786/786/786 784/784/784
f 787/787/787 785/785/785 782/782/782
f 782/782/782 788/788/788 787/787/787
f 786/786/786 785/785/785 789/789/789
f 789/789/789 785/785/785 787/787/787
f 789/789/789 790/790/790 786/786/786
f 791/791/791 787/787/787 788/788/788
f 787/787/787 791/791/791 789/789/789
f 788/788/788 792/792/792 791/791/791
f 790/790/790 789/789/789 793/793/793
f 793/793/793 789/789/789 791/791/791
f 793/793/793 794/794/794 790/790/790
f 795/795/795 791/791/791 792/792/792
f 791/791/791 795/795/795 793/793/793
f 792/792/792 796/796/796 795/795/795
f 795/795/795 796/796/796 797/797/797
f 797/797/797 798/798/798 795/795/795
f 793/793/793 795/795/795 798/798/798
f 798/798/798 797/797/797 799/799/799
f 794/794/794 793/793/793 800/800/800
f 798/798/798 800/800/800 793/793/793
f 800/800/800 801/801/801 794/794/794
f 799/799/799 802/802/802 798/798/798
f 800/800/800 798/798/798 802/802/802
f 801/801/801 800/800/800 803/803/803
f 802/802/802 803/803/803 800/800/800
f 803/803/803 804/804/804 801/801/801
f 805/805/805 804/804/804 803/803/803
f 803/803/803 806/806/806 805/805/805
f 806/806/806 803/803/803 802/802/802
f 807/807/807 805/805/805 806/806/806
f 808/808/808 802/802/802 799/799/799
f 802/802/802 808/808/808 806/806/806
f 799/799/799 809/809/809 808/808/808
f 806/806/806 810/810/810 807/807/807
f 810/810/810 806/806/806 808/808/808
f 811/811/811 807/807/807 810/810/810
f 812/812/812 808/808/808 809/809/809
f 808/808/808 812/812/812 810/810/810
f 809/809/809 813/813/813 812/812/812
f 812/812/812 813/813/813 814/814/814
f 814/814/814 815/815/815 812/812/812
f 810/810/810 812/812/812 815/815/815
f 815/815/815 814/814/814 816/816/816
f 810/810/810 817/817/817 811/811/811
f 815/815/815 817/817/817 810/810/810
f 818/818/818 811/811/811 817/817/817
f 816/816/816 819/819/819 815/815/815
f 817/817/817 815/815/815 819/819/819
f 817/817/817 820/820/820 818/818/818
f 819/819/819 820/820/820 817/817/817
f 821/821/821 818/818/818 820/820/820
f 822/822/822 819/819/819 816/816/816
f 820/820/820 819/819/819 822/822/822
f 816/816/816 823/823/823 822/822/822
f 822/822/822 823/823/823 824/824/824
f 820/820/820 825/825/825 821/821/821
f 822/822/822 825/825/825 820/820/820
f 826/826/826 821/821/821 825/825/825
f 824/824/824 827/827/827 822/822/822
f 825/825/825 822/822/822 827/827/827
f 827/827/827 824/824/824 515/515/515
f 825/825/825 828/828/828 826/826/826
f 827/827/827 828/828/828 825/825/825
f 515/515/515 828/828/828 827/827/827
f 506/506/506 826/826/826 828/828/828
f 828/828/828 515/515/515 506/506/506
